model,arm,checkpoint,probe_name,layer,module,epsilon,rank_at_epsilon,rank_source,spectrum_source,spectrum_quantity,singular_values_stored,tail_at_r,tail_at_r_minus_1,margin_below,margin_above,two_sided_tail_margin,stable_rank,entropy_effective_rank,top1_energy_share,top10_energy_share,zero_probability_count
qwen,opd,20,E_general,18,self_attn.q_proj,0.01,252,displacement_rank,/root/autodl-tmp/cycle09_stage4_state_displacement/cells/qwen/opd/step_020/E_general.L18.main.direction.pt,stage4_direction_singular_values,128,0.0,4.7644654667637775e-05,0.05,-0.049952355345332364,-0.049952355345332364,1.151442472128315,2.04853627326715,0.8684758676233385,0.9736929055607005,0
qwen,opd,20,E_general,18,self_attn.q_proj,0.025,31,displacement_rank,/root/autodl-tmp/cycle09_stage4_state_displacement/cells/qwen/opd/step_020/E_general.L18.main.direction.pt,stage4_direction_singular_values,128,0.010683540888443267,0.011047636426414728,0.039316459111556734,-0.03895236357358527,-0.03895236357358527,1.151442472128315,2.04853627326715,0.8684758676233385,0.9736929055607005,0
qwen,opd,20,E_general,18,self_attn.q_proj,0.05,6,displacement_rank,/root/autodl-tmp/cycle09_stage4_state_displacement/cells/qwen/opd/step_020/E_general.L18.main.direction.pt,stage4_direction_singular_values,128,0.03499899881505187,0.03779984112204105,0.015001001184948133,-0.012200158877958951,-0.012200158877958951,1.151442472128315,2.04853627326715,0.8684758676233385,0.9736929055607005,0
qwen,opd,20,E_general,18,self_attn.q_proj,0.1,2,displacement_rank,/root/autodl-tmp/cycle09_stage4_state_displacement/cells/qwen/opd/step_020/E_general.L18.main.direction.pt,stage4_direction_singular_values,128,0.07674057352616649,0.1315241323766613,-0.02674057352616649,0.0815241323766613,-0.02674057352616649,1.151442472128315,2.04853627326715,0.8684758676233385,0.9736929055607005,0
qwen,opd,20,E_general,18,self_attn.k_proj,0.01,109,displacement_rank,/root/autodl-tmp/cycle09_stage4_state_displacement/cells/qwen/opd/step_020/E_general.L18.main.direction.pt,stage4_direction_singular_values,128,0.0009159089183782109,0.0009682923175684857,0.04908409108162179,-0.049031707682431515,-0.049031707682431515,1.1052342004351519,1.7781406472438182,0.9047856097886592,0.9789833794580596,0
qwen,opd,20,E_general,18,self_attn.k_proj,0.025,16,displacement_rank,/root/autodl-tmp/cycle09_stage4_state_displacement/cells/qwen/opd/step_020/E_general.L18.main.direction.pt,stage4_direction_singular_values,128,0.01556174438850469,0.016280049595520225,0.034438255611495314,-0.03371995040447978,-0.03371995040447978,1.1052342004351519,1.7781406472438182,0.9047856097886592,0.9789833794580596,0
qwen,opd,20,E_general,18,self_attn.k_proj,0.05,4,displacement_rank,/root/autodl-tmp/cycle09_stage4_state_displacement/cells/qwen/opd/step_020/E_general.L18.main.direction.pt,stage4_direction_singular_values,128,0.03629808255986862,0.0443369334252885,0.013701917440131384,-0.005663066574711502,-0.005663066574711502,1.1052342004351519,1.7781406472438182,0.9047856097886592,0.9789833794580596,0
qwen,opd,20,E_general,18,self_attn.k_proj,0.1,2,displacement_rank,/root/autodl-tmp/cycle09_stage4_state_displacement/cells/qwen/opd/step_020/E_general.L18.main.direction.pt,stage4_direction_singular_values,128,0.06479317639521442,0.09521439021134095,-0.014793176395214422,0.04521439021134095,-0.014793176395214422,1.1052342004351519,1.7781406472438182,0.9047856097886592,0.9789833794580596,0
qwen,opd,20,E_general,18,self_attn.v_proj,0.01,28,displacement_rank,/root/autodl-tmp/cycle09_stage4_state_displacement/cells/qwen/opd/step_020/E_general.L18.main.direction.pt,stage4_direction_singular_values,128,0.0043568210778175175,0.00446058016478668,0.04564317892218248,-0.04553941983521332,-0.04553941983521332,1.0363003471376544,1.2756540291960528,0.9649712100956842,0.9923156397743486,0
qwen,opd,20,E_general,18,self_attn.v_proj,0.025,3,displacement_rank,/root/autodl-tmp/cycle09_stage4_state_displacement/cells/qwen/opd/step_020/E_general.L18.main.direction.pt,stage4_direction_singular_values,128,0.014537101458032192,0.020167960823538555,0.03546289854196781,-0.029832039176461447,-0.029832039176461447,1.0363003471376544,1.2756540291960528,0.9649712100956842,0.9923156397743486,0
qwen,opd,20,E_general,18,self_attn.v_proj,0.05,1,displacement_rank,/root/autodl-tmp/cycle09_stage4_state_displacement/cells/qwen/opd/step_020/E_general.L18.main.direction.pt,stage4_direction_singular_values,128,0.03502878990431589,1.0000000000000002,0.014971210095684112,0.9500000000000002,0.014971210095684112,1.0363003471376544,1.2756540291960528,0.9649712100956842,0.9923156397743486,0
qwen,opd,20,E_general,18,self_attn.v_proj,0.1,1,displacement_rank,/root/autodl-tmp/cycle09_stage4_state_displacement/cells/qwen/opd/step_020/E_general.L18.main.direction.pt,stage4_direction_singular_values,128,0.03502878990431589,1.0000000000000002,0.014971210095684112,0.9500000000000002,0.014971210095684112,1.0363003471376544,1.2756540291960528,0.9649712100956842,0.9923156397743486,0
qwen,opd,20,E_general,18,self_attn.o_proj,0.01,612,displacement_rank,/root/autodl-tmp/cycle09_stage4_state_displacement/cells/qwen/opd/step_020/E_general.L18.main.direction.pt,stage4_direction_singular_values,128,0.0,0.00018776551886481738,0.05,-0.049812234481135184,-0.049812234481135184,1.3967614373156843,4.157928596876182,0.7159418733107452,0.918951867638678,0
qwen,opd,20,E_general,18,self_attn.o_proj,0.025,257,displacement_rank,/root/autodl-tmp/cycle09_stage4_state_displacement/cells/qwen/opd/step_020/E_general.L18.main.direction.pt,stage4_direction_singular_values,128,0.0,0.00018776551886481738,0.05,-0.049812234481135184,-0.049812234481135184,1.3967614373156843,4.157928596876182,0.7159418733107452,0.918951867638678,0
qwen,opd,20,E_general,18,self_attn.o_proj,0.05,85,displacement_rank,/root/autodl-tmp/cycle09_stage4_state_displacement/cells/qwen/opd/step_020/E_general.L18.main.direction.pt,stage4_direction_singular_values,128,0.010128198534665464,0.010433937320705413,0.03987180146533454,-0.03956606267929459,-0.03956606267929459,1.3967614373156843,4.157928596876182,0.7159418733107452,0.918951867638678,0
qwen,opd,20,E_general,18,self_attn.o_proj,0.1,17,displacement_rank,/root/autodl-tmp/cycle09_stage4_state_displacement/cells/qwen/opd/step_020/E_general.L18.main.direction.pt,stage4_direction_singular_values,128,0.060700500284813996,0.06281032188314992,-0.010700500284813994,0.012810321883149914,-0.010700500284813994,1.3967614373156843,4.157928596876182,0.7159418733107452,0.918951867638678,0
qwen,opd,20,E_general,18,mlp.gate_proj,0.01,1091,displacement_rank,/root/autodl-tmp/cycle09_stage4_state_displacement/cells/qwen/opd/step_020/E_general.L18.main.direction.pt,stage4_direction_singular_values,128,0.0,0.0001594326241125621,0.05,-0.04984056737588744,-0.04984056737588744,1.2469749549003406,3.4222118102562002,0.8019407254894875,0.9061830308327086,0
qwen,opd,20,E_general,18,mlp.gate_proj,0.025,533,displacement_rank,/root/autodl-tmp/cycle09_stage4_state_displacement/cells/qwen/opd/step_020/E_general.L18.main.direction.pt,stage4_direction_singular_values,128,0.0,0.0001594326241125621,0.05,-0.04984056737588744,-0.04984056737588744,1.2469749549003406,3.4222118102562002,0.8019407254894875,0.9061830308327086,0
qwen,opd,20,E_general,18,mlp.gate_proj,0.05,166,displacement_rank,/root/autodl-tmp/cycle09_stage4_state_displacement/cells/qwen/opd/step_020/E_general.L18.main.direction.pt,stage4_direction_singular_values,128,0.0,0.0001594326241125621,0.05,-0.04984056737588744,-0.04984056737588744,1.2469749549003406,3.4222118102562002,0.8019407254894875,0.9061830308327086,0
qwen,opd,20,E_general,18,mlp.gate_proj,0.1,25,displacement_rank,/root/autodl-tmp/cycle09_stage4_state_displacement/cells/qwen/opd/step_020/E_general.L18.main.direction.pt,stage4_direction_singular_values,128,0.046780923357533796,0.04881003990348501,0.0032190766424662065,-0.0011899600965149942,-0.0011899600965149942,1.2469749549003406,3.4222118102562002,0.8019407254894875,0.9061830308327086,0
qwen,opd,20,E_general,18,mlp.up_proj,0.01,590,displacement_rank,/root/autodl-tmp/cycle09_stage4_state_displacement/cells/qwen/opd/step_020/E_general.L18.main.direction.pt,stage4_direction_singular_values,128,0.0,6.784739216736018e-05,0.05,-0.049932152607832646,-0.049932152607832646,1.0797088501806815,1.707522961166127,0.926175607278441,0.9665736934219135,0
qwen,opd,20,E_general,18,mlp.up_proj,0.025,122,displacement_rank,/root/autodl-tmp/cycle09_stage4_state_displacement/cells/qwen/opd/step_020/E_general.L18.main.direction.pt,stage4_direction_singular_values,128,0.000414306193939794,0.0004853178728436933,0.04958569380606021,-0.04951468212715631,-0.04951468212715631,1.0797088501806815,1.707522961166127,0.926175607278441,0.9665736934219135,0
qwen,opd,20,E_general,18,mlp.up_proj,0.05,15,displacement_rank,/root/autodl-tmp/cycle09_stage4_state_displacement/cells/qwen/opd/step_020/E_general.L18.main.direction.pt,stage4_direction_singular_values,128,0.02555141052329866,0.026873680829968213,0.02444858947670134,-0.02312631917003179,-0.02312631917003179,1.0797088501806815,1.707522961166127,0.926175607278441,0.9665736934219135,0
qwen,opd,20,E_general,18,mlp.up_proj,0.1,1,displacement_rank,/root/autodl-tmp/cycle09_stage4_state_displacement/cells/qwen/opd/step_020/E_general.L18.main.direction.pt,stage4_direction_singular_values,128,0.07382439272155863,0.9999999999999998,-0.023824392721558632,0.9499999999999997,-0.023824392721558632,1.0797088501806815,1.707522961166127,0.926175607278441,0.9665736934219135,0
qwen,opd,20,E_general,18,mlp.down_proj,0.01,1424,displacement_rank,/root/autodl-tmp/cycle09_stage4_state_displacement/cells/qwen/opd/step_020/E_general.L18.main.direction.pt,stage4_direction_singular_values,128,0.0,0.0002626144971583854,0.05,-0.04973738550284162,-0.04973738550284162,1.1499881217592303,2.5056497198067516,0.8695741991406126,0.9269209453394269,0
qwen,opd,20,E_general,18,mlp.down_proj,0.025,896,displacement_rank,/root/autodl-tmp/cycle09_stage4_state_displacement/cells/qwen/opd/step_020/E_general.L18.main.direction.pt,stage4_direction_singular_values,128,0.0,0.0002626144971583854,0.05,-0.04973738550284162,-0.04973738550284162,1.1499881217592303,2.5056497198067516,0.8695741991406126,0.9269209453394269,0
qwen,opd,20,E_general,18,mlp.down_proj,0.05,479,displacement_rank,/root/autodl-tmp/cycle09_stage4_state_displacement/cells/qwen/opd/step_020/E_general.L18.main.direction.pt,stage4_direction_singular_values,128,0.0,0.0002626144971583854,0.05,-0.04973738550284162,-0.04973738550284162,1.1499881217592303,2.5056497198067516,0.8695741991406126,0.9269209453394269,0
qwen,opd,20,E_general,18,mlp.down_proj,0.1,122,displacement_rank,/root/autodl-tmp/cycle09_stage4_state_displacement/cells/qwen/opd/step_020/E_general.L18.main.direction.pt,stage4_direction_singular_values,128,0.001606481295827821,0.0018808547201435023,0.04839351870417218,-0.0481191452798565,-0.0481191452798565,1.1499881217592303,2.5056497198067516,0.8695741991406126,0.9269209453394269,0
qwen,opd,20,E_math,18,self_attn.q_proj,0.01,122,displacement_rank,/root/autodl-tmp/cycle09_stage4_state_displacement/cells/qwen/opd/step_020/E_math.L18.main.direction.pt,stage4_direction_singular_values,128,0.00032827928778113335,0.0003850545032275264,0.04967172071221887,-0.04961494549677248,-0.04961494549677248,1.1216007788259346,1.9136781683169308,0.8915828331064255,0.9739626315690202,0
qwen,opd,20,E_math,18,self_attn.q_proj,0.025,22,displacement_rank,/root/autodl-tmp/cycle09_stage4_state_displacement/cells/qwen/opd/step_020/E_math.L18.main.direction.pt,stage4_direction_singular_values,128,0.015337344838562259,0.015912895788275462,0.034662655161437746,-0.03408710421172454,-0.03408710421172454,1.1216007788259346,1.9136781683169308,0.8915828331064255,0.9739626315690202,0
qwen,opd,20,E_math,18,self_attn.q_proj,0.05,5,displacement_rank,/root/autodl-tmp/cycle09_stage4_state_displacement/cells/qwen/opd/step_020/E_math.L18.main.direction.pt,stage4_direction_singular_values,128,0.03849249281027727,0.0436431173698039,0.01150750718972273,-0.006356882630196105,-0.006356882630196105,1.1216007788259346,1.9136781683169308,0.8915828331064255,0.9739626315690202,0
qwen,opd,20,E_math,18,self_attn.q_proj,0.1,2,displacement_rank,/root/autodl-tmp/cycle09_stage4_state_displacement/cells/qwen/opd/step_020/E_math.L18.main.direction.pt,stage4_direction_singular_values,128,0.07406353564578123,0.10841716689357468,-0.02406353564578123,0.05841716689357468,-0.02406353564578123,1.1216007788259346,1.9136781683169308,0.8915828331064255,0.9739626315690202,0
qwen,opd,20,E_math,18,self_attn.k_proj,0.01,57,displacement_rank,/root/autodl-tmp/cycle09_stage4_state_displacement/cells/qwen/opd/step_020/E_math.L18.main.direction.pt,stage4_direction_singular_values,128,0.004380077147730893,0.004483684176803815,0.04561992285226911,-0.045516315823196186,-0.045516315823196186,1.0898451440751968,1.660947213507892,0.917561550314163,0.9817864674015101,0
qwen,opd,20,E_math,18,self_attn.k_proj,0.025,9,displacement_rank,/root/autodl-tmp/cycle09_stage4_state_displacement/cells/qwen/opd/step_020/E_math.L18.main.direction.pt,stage4_direction_singular_values,128,0.019367419943912265,0.020761633041214263,0.030632580056087738,-0.02923836695878574,-0.02923836695878574,1.0898451440751968,1.660947213507892,0.917561550314163,0.9817864674015101,0
qwen,opd,20,E_math,18,self_attn.k_proj,0.05,3,displacement_rank,/root/autodl-tmp/cycle09_stage4_state_displacement/cells/qwen/opd/step_020/E_math.L18.main.direction.pt,stage4_direction_singular_values,128,0.037904784452020106,0.049766246272218574,0.012095215547979897,-0.0002337537277814286,-0.0002337537277814286,1.0898451440751968,1.660947213507892,0.917561550314163,0.9817864674015101,0
qwen,opd,20,E_math,18,self_attn.k_proj,0.1,1,displacement_rank,/root/autodl-tmp/cycle09_stage4_state_displacement/cells/qwen/opd/step_020/E_math.L18.main.direction.pt,stage4_direction_singular_values,128,0.08243844968583725,1.0000000000000002,-0.03243844968583724,0.9500000000000002,-0.03243844968583724,1.0898451440751968,1.660947213507892,0.917561550314163,0.9817864674015101,0
qwen,opd,20,E_math,18,self_attn.v_proj,0.01,19,displacement_rank,/root/autodl-tmp/cycle09_stage4_state_displacement/cells/qwen/opd/step_020/E_math.L18.main.direction.pt,stage4_direction_singular_values,128,0.006090728210944881,0.006265449745322416,0.04390927178905512,-0.04373455025467759,-0.04373455025467759,1.037051945194032,1.2807160686830248,0.9642718521808473,0.9918491656751612,0
qwen,opd,20,E_math,18,self_attn.v_proj,0.025,2,displacement_rank,/root/autodl-tmp/cycle09_stage4_state_displacement/cells/qwen/opd/step_020/E_math.L18.main.direction.pt,stage4_direction_singular_values,128,0.01931417809622183,0.03572814781915268,0.030685821903778172,-0.014271852180847325,-0.014271852180847325,1.037051945194032,1.2807160686830248,0.9642718521808473,0.9918491656751612,0
qwen,opd,20,E_math,18,self_attn.v_proj,0.05,1,displacement_rank,/root/autodl-tmp/cycle09_stage4_state_displacement/cells/qwen/opd/step_020/E_math.L18.main.direction.pt,stage4_direction_singular_values,128,0.03572814781915268,1.0,0.014271852180847325,0.95,0.014271852180847325,1.037051945194032,1.2807160686830248,0.9642718521808473,0.9918491656751612,0
qwen,opd,20,E_math,18,self_attn.v_proj,0.1,1,displacement_rank,/root/autodl-tmp/cycle09_stage4_state_displacement/cells/qwen/opd/step_020/E_math.L18.main.direction.pt,stage4_direction_singular_values,128,0.03572814781915268,1.0,0.014271852180847325,0.95,0.014271852180847325,1.037051945194032,1.2807160686830248,0.9642718521808473,0.9918491656751612,0
qwen,opd,20,E_math,18,self_attn.o_proj,0.01,258,displacement_rank,/root/autodl-tmp/cycle09_stage4_state_displacement/cells/qwen/opd/step_020/E_math.L18.main.direction.pt,stage4_direction_singular_values,128,0.0,0.00014360277875094508,0.05,-0.04985639722124906,-0.04985639722124906,1.3742143796215631,3.9688684346691683,0.7276884995741234,0.925160954456744,0
qwen,opd,20,E_math,18,self_attn.o_proj,0.025,102,displacement_rank,/root/autodl-tmp/cycle09_stage4_state_displacement/cells/qwen/opd/step_020/E_math.L18.main.direction.pt,stage4_direction_singular_values,128,0.004370130263527282,0.004569178673560303,0.04562986973647272,-0.0454308213264397,-0.0454308213264397,1.3742143796215631,3.9688684346691683,0.7276884995741234,0.925160954456744,0
qwen,opd,20,E_math,18,self_attn.o_proj,0.05,37,displacement_rank,/root/autodl-tmp/cycle09_stage4_state_displacement/cells/qwen/opd/step_020/E_math.L18.main.direction.pt,stage4_direction_singular_values,128,0.029472057121347647,0.030250899644511445,0.020527942878652356,-0.019749100355488557,-0.019749100355488557,1.3742143796215631,3.9688684346691683,0.7276884995741234,0.925160954456744,0
qwen,opd,20,E_math,18,self_attn.o_proj,0.1,9,displacement_rank,/root/autodl-tmp/cycle09_stage4_state_displacement/cells/qwen/opd/step_020/E_math.L18.main.direction.pt,stage4_direction_singular_values,128,0.07929923731501798,0.0840954922385801,-0.029299237315017976,0.03409549223858009,-0.029299237315017976,1.3742143796215631,3.9688684346691683,0.7276884995741234,0.925160954456744,0
qwen,opd,20,E_math,18,mlp.gate_proj,0.01,428,displacement_rank,/root/autodl-tmp/cycle09_stage4_state_displacement/cells/qwen/opd/step_020/E_math.L18.main.direction.pt,stage4_direction_singular_values,128,0.0,0.00016114544092006485,0.05,-0.04983885455907994,-0.04983885455907994,1.2104720025789946,3.0274154170566825,0.8261240225874128,0.9192651633227545,0
qwen,opd,20,E_math,18,mlp.gate_proj,0.025,177,displacement_rank,/root/autodl-tmp/cycle09_stage4_state_displacement/cells/qwen/opd/step_020/E_math.L18.main.direction.pt,stage4_direction_singular_values,128,0.0,0.00016114544092006485,0.05,-0.04983885455907994,-0.04983885455907994,1.2104720025789946,3.0274154170566825,0.8261240225874128,0.9192651633227545,0
qwen,opd,20,E_math,18,mlp.gate_proj,0.05,53,displacement_rank,/root/autodl-tmp/cycle09_stage4_state_displacement/cells/qwen/opd/step_020/E_math.L18.main.direction.pt,stage4_direction_singular_values,128,0.019305675792969833,0.019769935662975576,0.03069432420703017,-0.030230064337024427,-0.030230064337024427,1.2104720025789946,3.0274154170566825,0.8261240225874128,0.9192651633227545,0
qwen,opd,20,E_math,18,mlp.gate_proj,0.1,13,displacement_rank,/root/autodl-tmp/cycle09_stage4_state_displacement/cells/qwen/opd/step_020/E_math.L18.main.direction.pt,stage4_direction_singular_values,128,0.06977525334941052,0.07315805798580736,-0.01977525334941052,0.023158057985807362,-0.01977525334941052,1.2104720025789946,3.0274154170566825,0.8261240225874128,0.9192651633227545,0
qwen,opd,20,E_math,18,mlp.up_proj,0.01,334,displacement_rank,/root/autodl-tmp/cycle09_stage4_state_displacement/cells/qwen/opd/step_020/E_math.L18.main.direction.pt,stage4_direction_singular_values,128,0.0,0.00011519075594306474,0.05,-0.04988480924405694,-0.04988480924405694,1.1296961048123586,2.1667629326164866,0.8851938107426678,0.9503949699997694,0
qwen,opd,20,E_math,18,mlp.up_proj,0.025,110,displacement_rank,/root/autodl-tmp/cycle09_stage4_state_displacement/cells/qwen/opd/step_020/E_math.L18.main.direction.pt,stage4_direction_singular_values,128,0.0022440428045881317,0.0023796153214514517,0.04775595719541187,-0.04762038467854855,-0.04762038467854855,1.1296961048123586,2.1667629326164866,0.8851938107426678,0.9503949699997694,0
qwen,opd,20,E_math,18,mlp.up_proj,0.05,26,displacement_rank,/root/autodl-tmp/cycle09_stage4_state_displacement/cells/qwen/opd/step_020/E_math.L18.main.direction.pt,stage4_direction_singular_values,128,0.027234854612038638,0.02812335971979523,0.022765145387961365,-0.021876640280204772,-0.021876640280204772,1.1296961048123586,2.1667629326164866,0.8851938107426678,0.9503949699997694,0
qwen,opd,20,E_math,18,mlp.up_proj,0.1,4,displacement_rank,/root/autodl-tmp/cycle09_stage4_state_displacement/cells/qwen/opd/step_020/E_math.L18.main.direction.pt,stage4_direction_singular_values,128,0.07170375032146535,0.07914889824266289,-0.021703750321465348,0.029148898242662882,-0.021703750321465348,1.1296961048123586,2.1667629326164866,0.8851938107426678,0.9503949699997694,0
qwen,opd,20,E_math,18,mlp.down_proj,0.01,625,displacement_rank,/root/autodl-tmp/cycle09_stage4_state_displacement/cells/qwen/opd/step_020/E_math.L18.main.direction.pt,stage4_direction_singular_values,128,0.0,0.00025634179681837505,0.05,-0.04974365820318163,-0.04974365820318163,1.1494102969357856,2.454422407862965,0.8700113463972798,0.9317714241863108,0
qwen,opd,20,E_math,18,mlp.down_proj,0.025,345,displacement_rank,/root/autodl-tmp/cycle09_stage4_state_displacement/cells/qwen/opd/step_020/E_math.L18.main.direction.pt,stage4_direction_singular_values,128,0.0,0.00025634179681837505,0.05,-0.04974365820318163,-0.04974365820318163,1.1494102969357856,2.454422407862965,0.8700113463972798,0.9317714241863108,0
qwen,opd,20,E_math,18,mlp.down_proj,0.05,154,displacement_rank,/root/autodl-tmp/cycle09_stage4_state_displacement/cells/qwen/opd/step_020/E_math.L18.main.direction.pt,stage4_direction_singular_values,128,0.0,0.00025634179681837505,0.05,-0.04974365820318163,-0.04974365820318163,1.1494102969357856,2.454422407862965,0.8700113463972798,0.9317714241863108,0
qwen,opd,20,E_math,18,mlp.down_proj,0.1,27,displacement_rank,/root/autodl-tmp/cycle09_stage4_state_displacement/cells/qwen/opd/step_020/E_math.L18.main.direction.pt,stage4_direction_singular_values,128,0.0459645151058806,0.046936177777837554,0.004035484894119402,-0.003063822222162449,-0.003063822222162449,1.1494102969357856,2.454422407862965,0.8700113463972798,0.9317714241863108,0
qwen,opd,20,E_ood,18,self_attn.q_proj,0.01,147,displacement_rank,/root/autodl-tmp/cycle09_stage4_state_displacement/cells/qwen/opd/step_020/E_ood.L18.main.direction.pt,stage4_direction_singular_values,128,0.0,3.695604344709488e-05,0.05,-0.049963043956552905,-0.049963043956552905,1.1193728877438756,1.8360025028679974,0.8933573529867471,0.9788486187991923,0
qwen,opd,20,E_ood,18,self_attn.q_proj,0.025,18,displacement_rank,/root/autodl-tmp/cycle09_stage4_state_displacement/cells/qwen/opd/step_020/E_ood.L18.main.direction.pt,stage4_direction_singular_values,128,0.01403683604120196,0.014673052218972317,0.03596316395879804,-0.035326947781027684,-0.035326947781027684,1.1193728877438756,1.8360025028679974,0.8933573529867471,0.9788486187991923,0
qwen,opd,20,E_ood,18,self_attn.q_proj,0.05,4,displacement_rank,/root/autodl-tmp/cycle09_stage4_state_displacement/cells/qwen/opd/step_020/E_ood.L18.main.direction.pt,stage4_direction_singular_values,128,0.03524126386399986,0.041284769793532364,0.014758736136000143,-0.008715230206467639,-0.008715230206467639,1.1193728877438756,1.8360025028679974,0.8933573529867471,0.9788486187991923,0
qwen,opd,20,E_ood,18,self_attn.q_proj,0.1,2,displacement_rank,/root/autodl-tmp/cycle09_stage4_state_displacement/cells/qwen/opd/step_020/E_ood.L18.main.direction.pt,stage4_direction_singular_values,128,0.06474389558779255,0.10664264701325285,-0.014743895587792544,0.05664264701325285,-0.014743895587792544,1.1193728877438756,1.8360025028679974,0.8933573529867471,0.9788486187991923,0
qwen,opd,20,E_ood,18,self_attn.k_proj,0.01,61,displacement_rank,/root/autodl-tmp/cycle09_stage4_state_displacement/cells/qwen/opd/step_020/E_ood.L18.main.direction.pt,stage4_direction_singular_values,128,0.0032605313525278738,0.0033394608058863627,0.04673946864747213,-0.04666053919411364,-0.04666053919411364,1.1013101759552544,1.6952478855330835,0.9080094071886878,0.9834448613622754,0
qwen,opd,20,E_ood,18,self_attn.k_proj,0.025,9,displacement_rank,/root/autodl-tmp/cycle09_stage4_state_displacement/cells/qwen/opd/step_020/E_ood.L18.main.direction.pt,stage4_direction_singular_values,128,0.017571528237619045,0.01869863993250261,0.03242847176238096,-0.0313013600674974,-0.0313013600674974,1.1013101759552544,1.6952478855330835,0.9080094071886878,0.9834448613622754,0
qwen,opd,20,E_ood,18,self_attn.k_proj,0.05,3,displacement_rank,/root/autodl-tmp/cycle09_stage4_state_displacement/cells/qwen/opd/step_020/E_ood.L18.main.direction.pt,stage4_direction_singular_values,128,0.03422506038875407,0.05011761200895784,0.01577493961124593,0.00011761200895783752,0.00011761200895783752,1.1013101759552544,1.6952478855330835,0.9080094071886878,0.9834448613622754,0
qwen,opd,20,E_ood,18,self_attn.k_proj,0.1,1,displacement_rank,/root/autodl-tmp/cycle09_stage4_state_displacement/cells/qwen/opd/step_020/E_ood.L18.main.direction.pt,stage4_direction_singular_values,128,0.09199059281131212,0.9999999999999998,-0.04199059281131212,0.9499999999999997,-0.04199059281131212,1.1013101759552544,1.6952478855330835,0.9080094071886878,0.9834448613622754,0
qwen,opd,20,E_ood,18,self_attn.v_proj,0.01,16,displacement_rank,/root/autodl-tmp/cycle09_stage4_state_displacement/cells/qwen/opd/step_020/E_ood.L18.main.direction.pt,stage4_direction_singular_values,128,0.00530161109616945,0.005495016032077549,0.04469838890383055,-0.044504983967922455,-0.044504983967922455,1.0375433568737205,1.27338812238193,0.9638151440853089,0.993188135863934,0
qwen,opd,20,E_ood,18,self_attn.v_proj,0.025,2,displacement_rank,/root/autodl-tmp/cycle09_stage4_state_displacement/cells/qwen/opd/step_020/E_ood.L18.main.direction.pt,stage4_direction_singular_values,128,0.01834337522571747,0.03618485591469095,0.031656624774282535,-0.013815144085309053,-0.013815144085309053,1.0375433568737205,1.27338812238193,0.9638151440853089,0.993188135863934,0
qwen,opd,20,E_ood,18,self_attn.v_proj,0.05,1,displacement_rank,/root/autodl-tmp/cycle09_stage4_state_displacement/cells/qwen/opd/step_020/E_ood.L18.main.direction.pt,stage4_direction_singular_values,128,0.03618485591469095,0.9999999999999999,0.013815144085309053,0.9499999999999998,0.013815144085309053,1.0375433568737205,1.27338812238193,0.9638151440853089,0.993188135863934,0
qwen,opd,20,E_ood,18,self_attn.v_proj,0.1,1,displacement_rank,/root/autodl-tmp/cycle09_stage4_state_displacement/cells/qwen/opd/step_020/E_ood.L18.main.direction.pt,stage4_direction_singular_values,128,0.03618485591469095,0.9999999999999999,0.013815144085309053,0.9499999999999998,0.013815144085309053,1.0375433568737205,1.27338812238193,0.9638151440853089,0.993188135863934,0
qwen,opd,20,E_ood,18,self_attn.o_proj,0.01,175,displacement_rank,/root/autodl-tmp/cycle09_stage4_state_displacement/cells/qwen/opd/step_020/E_ood.L18.main.direction.pt,stage4_direction_singular_values,128,0.0,5.998271360078145e-05,0.05,-0.04994001728639922,-0.04994001728639922,1.0997810282803537,1.7668455896734045,0.9092719134859291,0.9757441431226763,0
qwen,opd,20,E_ood,18,self_attn.o_proj,0.025,30,displacement_rank,/root/autodl-tmp/cycle09_stage4_state_displacement/cells/qwen/opd/step_020/E_ood.L18.main.direction.pt,stage4_direction_singular_values,128,0.012704878215239373,0.01303559473954759,0.03729512178476063,-0.036964405260452415,-0.036964405260452415,1.0997810282803537,1.7668455896734045,0.9092719134859291,0.9757441431226763,0
qwen,opd,20,E_ood,18,self_attn.o_proj,0.05,4,displacement_rank,/root/autodl-tmp/cycle09_stage4_state_displacement/cells/qwen/opd/step_020/E_ood.L18.main.direction.pt,stage4_direction_singular_values,128,0.03808956208484193,0.043163838421140716,0.01191043791515807,-0.006836161578859287,-0.006836161578859287,1.0997810282803537,1.7668455896734045,0.9092719134859291,0.9757441431226763,0
qwen,opd,20,E_ood,18,self_attn.o_proj,0.1,2,displacement_rank,/root/autodl-tmp/cycle09_stage4_state_displacement/cells/qwen/opd/step_020/E_ood.L18.main.direction.pt,stage4_direction_singular_values,128,0.05983562423588714,0.09072808651407081,-0.009835624235887137,0.04072808651407081,-0.009835624235887137,1.0997810282803537,1.7668455896734045,0.9092719134859291,0.9757441431226763,0
qwen,opd,20,E_ood,18,mlp.gate_proj,0.01,993,displacement_rank,/root/autodl-tmp/cycle09_stage4_state_displacement/cells/qwen/opd/step_020/E_ood.L18.main.direction.pt,stage4_direction_singular_values,128,0.0,0.0001349568157364408,0.05,-0.04986504318426356,-0.04986504318426356,1.2448615626879782,3.238065988190473,0.8033021742921689,0.9184034693068702,0
qwen,opd,20,E_ood,18,mlp.gate_proj,0.025,428,displacement_rank,/root/autodl-tmp/cycle09_stage4_state_displacement/cells/qwen/opd/step_020/E_ood.L18.main.direction.pt,stage4_direction_singular_values,128,0.0,0.0001349568157364408,0.05,-0.04986504318426356,-0.04986504318426356,1.2448615626879782,3.238065988190473,0.8033021742921689,0.9184034693068702,0
qwen,opd,20,E_ood,18,mlp.gate_proj,0.05,102,displacement_rank,/root/autodl-tmp/cycle09_stage4_state_displacement/cells/qwen/opd/step_020/E_ood.L18.main.direction.pt,stage4_direction_singular_values,128,0.003921047948789405,0.0040891592753282005,0.0460789520512106,-0.0459108407246718,-0.0459108407246718,1.2448615626879782,3.238065988190473,0.8033021742921689,0.9184034693068702,0
qwen,opd,20,E_ood,18,mlp.gate_proj,0.1,18,displacement_rank,/root/autodl-tmp/cycle09_stage4_state_displacement/cells/qwen/opd/step_020/E_ood.L18.main.direction.pt,stage4_direction_singular_values,128,0.05484045895262952,0.057578021629370986,-0.004840458952629516,0.007578021629370983,-0.004840458952629516,1.2448615626879782,3.238065988190473,0.8033021742921689,0.9184034693068702,0
qwen,opd,20,E_ood,18,mlp.up_proj,0.01,519,displacement_rank,/root/autodl-tmp/cycle09_stage4_state_displacement/cells/qwen/opd/step_020/E_ood.L18.main.direction.pt,stage4_direction_singular_values,128,0.0,6.172965726191551e-05,0.05,-0.04993827034273809,-0.04993827034273809,1.0876158879855684,1.743134676259645,0.9194422507491625,0.9693702848992634,0
qwen,opd,20,E_ood,18,mlp.up_proj,0.025,84,displacement_rank,/root/autodl-tmp/cycle09_stage4_state_displacement/cells/qwen/opd/step_020/E_ood.L18.main.direction.pt,stage4_direction_singular_values,128,0.003259416340872195,0.0033506058205883143,0.04674058365912781,-0.04664939417941169,-0.04664939417941169,1.0876158879855684,1.743134676259645,0.9194422507491625,0.9693702848992634,0
qwen,opd,20,E_ood,18,mlp.up_proj,0.05,12,displacement_rank,/root/autodl-tmp/cycle09_stage4_state_displacement/cells/qwen/opd/step_020/E_ood.L18.main.direction.pt,stage4_direction_singular_values,128,0.02733558925005258,0.028971571845208797,0.022664410749947423,-0.021028428154791206,-0.021028428154791206,1.0876158879855684,1.743134676259645,0.9194422507491625,0.9693702848992634,0
qwen,opd,20,E_ood,18,mlp.up_proj,0.1,2,displacement_rank,/root/autodl-tmp/cycle09_stage4_state_displacement/cells/qwen/opd/step_020/E_ood.L18.main.direction.pt,stage4_direction_singular_values,128,0.06134490275341223,0.08055774925083739,-0.011344902753412225,0.030557749250837388,-0.011344902753412225,1.0876158879855684,1.743134676259645,0.9194422507491625,0.9693702848992634,0
qwen,opd,20,E_ood,18,mlp.down_proj,0.01,1072,displacement_rank,/root/autodl-tmp/cycle09_stage4_state_displacement/cells/qwen/opd/step_020/E_ood.L18.main.direction.pt,stage4_direction_singular_values,128,0.0,0.00014464441570095264,0.05,-0.04985535558429905,-0.04985535558429905,1.0939977389073892,1.8887035135082628,0.9140786716787297,0.9547366266268339,0
qwen,opd,20,E_ood,18,mlp.down_proj,0.025,522,displacement_rank,/root/autodl-tmp/cycle09_stage4_state_displacement/cells/qwen/opd/step_020/E_ood.L18.main.direction.pt,stage4_direction_singular_values,128,0.0,0.00014464441570095264,0.05,-0.04985535558429905,-0.04985535558429905,1.0939977389073892,1.8887035135082628,0.9140786716787297,0.9547366266268339,0
qwen,opd,20,E_ood,18,mlp.down_proj,0.05,156,displacement_rank,/root/autodl-tmp/cycle09_stage4_state_displacement/cells/qwen/opd/step_020/E_ood.L18.main.direction.pt,stage4_direction_singular_values,128,0.0,0.00014464441570095264,0.05,-0.04985535558429905,-0.04985535558429905,1.0939977389073892,1.8887035135082628,0.9140786716787297,0.9547366266268339,0
qwen,opd,20,E_ood,18,mlp.down_proj,0.1,8,displacement_rank,/root/autodl-tmp/cycle09_stage4_state_displacement/cells/qwen/opd/step_020/E_ood.L18.main.direction.pt,stage4_direction_singular_values,128,0.048773399859411495,0.05076530555708203,0.0012266001405885074,0.0007653055570820272,0.0007653055570820272,1.0939977389073892,1.8887035135082628,0.9140786716787297,0.9547366266268339,0
qwen,opd,20,E_if,18,self_attn.q_proj,0.01,23,displacement_rank,/root/autodl-tmp/cycle09_stage4_state_displacement/cells/qwen/opd/step_020/E_if.L18.main.direction.pt,stage4_direction_singular_values,128,0.005424669829173593,0.00564206908938246,0.04457533017082641,-0.04435793091061754,-0.04435793091061754,1.0470132670426886,1.3576819762939094,0.9550977351266249,0.989968630253988,0
qwen,opd,20,E_if,18,self_attn.q_proj,0.025,4,displacement_rank,/root/autodl-tmp/cycle09_stage4_state_displacement/cells/qwen/opd/step_020/E_if.L18.main.direction.pt,stage4_direction_singular_values,128,0.017654139661881934,0.020759826372345372,0.032345860338118065,-0.02924017362765463,-0.02924017362765463,1.0470132670426886,1.3576819762939094,0.9550977351266249,0.989968630253988,0
qwen,opd,20,E_if,18,self_attn.q_proj,0.05,1,displacement_rank,/root/autodl-tmp/cycle09_stage4_state_displacement/cells/qwen/opd/step_020/E_if.L18.main.direction.pt,stage4_direction_singular_values,128,0.04490226487337533,1.0000000000000002,0.005097735126624675,0.9500000000000002,0.005097735126624675,1.0470132670426886,1.3576819762939094,0.9550977351266249,0.989968630253988,0
qwen,opd,20,E_if,18,self_attn.q_proj,0.1,1,displacement_rank,/root/autodl-tmp/cycle09_stage4_state_displacement/cells/qwen/opd/step_020/E_if.L18.main.direction.pt,stage4_direction_singular_values,128,0.04490226487337533,1.0000000000000002,0.005097735126624675,0.9500000000000002,0.005097735126624675,1.0470132670426886,1.3576819762939094,0.9550977351266249,0.989968630253988,0
qwen,opd,20,E_if,18,self_attn.k_proj,0.01,27,displacement_rank,/root/autodl-tmp/cycle09_stage4_state_displacement/cells/qwen/opd/step_020/E_if.L18.main.direction.pt,stage4_direction_singular_values,128,0.0057090276094763125,0.005911536827193114,0.04429097239052369,-0.04408846317280689,-0.04408846317280689,1.07123848426566,1.499709866920758,0.9334989497558106,0.9882971211386757,0
qwen,opd,20,E_if,18,self_attn.k_proj,0.025,5,displacement_rank,/root/autodl-tmp/cycle09_stage4_state_displacement/cells/qwen/opd/step_020/E_if.L18.main.direction.pt,stage4_direction_singular_values,128,0.018284489320577645,0.021374933038191376,0.031715510679422354,-0.028625066961808627,-0.028625066961808627,1.07123848426566,1.499709866920758,0.9334989497558106,0.9882971211386757,0
qwen,opd,20,E_if,18,self_attn.k_proj,0.05,2,displacement_rank,/root/autodl-tmp/cycle09_stage4_state_displacement/cells/qwen/opd/step_020/E_if.L18.main.direction.pt,stage4_direction_singular_values,128,0.03627560256592122,0.06650105024418919,0.013724397434078786,0.016501050244189186,0.013724397434078786,1.07123848426566,1.499709866920758,0.9334989497558106,0.9882971211386757,0
qwen,opd,20,E_if,18,self_attn.k_proj,0.1,1,displacement_rank,/root/autodl-tmp/cycle09_stage4_state_displacement/cells/qwen/opd/step_020/E_if.L18.main.direction.pt,stage4_direction_singular_values,128,0.06650105024418919,1.0,-0.016501050244189186,0.95,-0.016501050244189186,1.07123848426566,1.499709866920758,0.9334989497558106,0.9882971211386757,0
qwen,opd,20,E_if,18,self_attn.v_proj,0.01,9,displacement_rank,/root/autodl-tmp/cycle09_stage4_state_displacement/cells/qwen/opd/step_020/E_if.L18.main.direction.pt,stage4_direction_singular_values,128,0.006331478592183415,0.0066581742392357885,0.04366852140781659,-0.043341825760764216,-0.043341825760764216,1.0304696411559393,1.2350759879643691,0.9704313063296464,0.9939804526377447,0
qwen,opd,20,E_if,18,self_attn.v_proj,0.025,2,displacement_rank,/root/autodl-tmp/cycle09_stage4_state_displacement/cells/qwen/opd/step_020/E_if.L18.main.direction.pt,stage4_direction_singular_values,128,0.018968350142567234,0.02956869367035353,0.03103164985743277,-0.020431306329646473,-0.020431306329646473,1.0304696411559393,1.2350759879643691,0.9704313063296464,0.9939804526377447,0
qwen,opd,20,E_if,18,self_attn.v_proj,0.05,1,displacement_rank,/root/autodl-tmp/cycle09_stage4_state_displacement/cells/qwen/opd/step_020/E_if.L18.main.direction.pt,stage4_direction_singular_values,128,0.02956869367035353,0.9999999999999998,0.020431306329646473,0.9499999999999997,0.020431306329646473,1.0304696411559393,1.2350759879643691,0.9704313063296464,0.9939804526377447,0
qwen,opd,20,E_if,18,self_attn.v_proj,0.1,1,displacement_rank,/root/autodl-tmp/cycle09_stage4_state_displacement/cells/qwen/opd/step_020/E_if.L18.main.direction.pt,stage4_direction_singular_values,128,0.02956869367035353,0.9999999999999998,0.020431306329646473,0.9499999999999997,0.020431306329646473,1.0304696411559393,1.2350759879643691,0.9704313063296464,0.9939804526377447,0
qwen,opd,20,E_if,18,self_attn.o_proj,0.01,60,displacement_rank,/root/autodl-tmp/cycle09_stage4_state_displacement/cells/qwen/opd/step_020/E_if.L18.main.direction.pt,stage4_direction_singular_values,128,0.003310823181501322,0.0033931310103035794,0.046689176818498684,-0.046606868989696425,-0.046606868989696425,1.063886654979608,1.4582280014390796,0.939949754345934,0.9859014124385161,0
qwen,opd,20,E_if,18,self_attn.o_proj,0.025,6,displacement_rank,/root/autodl-tmp/cycle09_stage4_state_displacement/cells/qwen/opd/step_020/E_if.L18.main.direction.pt,stage4_direction_singular_values,128,0.017485545968259988,0.018738396657120116,0.03251445403174001,-0.03126160334287989,-0.03126160334287989,1.063886654979608,1.4582280014390796,0.939949754345934,0.9859014124385161,0
qwen,opd,20,E_if,18,self_attn.o_proj,0.05,2,displacement_rank,/root/autodl-tmp/cycle09_stage4_state_displacement/cells/qwen/opd/step_020/E_if.L18.main.direction.pt,stage4_direction_singular_values,128,0.028730388100544374,0.06005024565406602,0.02126961189945563,0.010050245654066016,0.010050245654066016,1.063886654979608,1.4582280014390796,0.939949754345934,0.9859014124385161,0
qwen,opd,20,E_if,18,self_attn.o_proj,0.1,1,displacement_rank,/root/autodl-tmp/cycle09_stage4_state_displacement/cells/qwen/opd/step_020/E_if.L18.main.direction.pt,stage4_direction_singular_values,128,0.06005024565406602,0.9999999999999999,-0.010050245654066016,0.9499999999999998,-0.010050245654066016,1.063886654979608,1.4582280014390796,0.939949754345934,0.9859014124385161,0
qwen,opd,20,E_if,18,mlp.gate_proj,0.01,574,displacement_rank,/root/autodl-tmp/cycle09_stage4_state_displacement/cells/qwen/opd/step_020/E_if.L18.main.direction.pt,stage4_direction_singular_values,128,0.0,8.385721048852729e-05,0.05,-0.049916142789511474,-0.049916142789511474,1.1332031771291415,2.2126820666298914,0.882454285500153,0.9474896136617832,0
qwen,opd,20,E_if,18,mlp.gate_proj,0.025,130,displacement_rank,/root/autodl-tmp/cycle09_stage4_state_displacement/cells/qwen/opd/step_020/E_if.L18.main.direction.pt,stage4_direction_singular_values,128,0.0,8.385721048852729e-05,0.05,-0.049916142789511474,-0.049916142789511474,1.1332031771291415,2.2126820666298914,0.882454285500153,0.9474896136617832,0
qwen,opd,20,E_if,18,mlp.gate_proj,0.05,26,displacement_rank,/root/autodl-tmp/cycle09_stage4_state_displacement/cells/qwen/opd/step_020/E_if.L18.main.direction.pt,stage4_direction_singular_values,128,0.02492751150157564,0.025973968414708067,0.02507248849842436,-0.024026031585291936,-0.024026031585291936,1.1332031771291415,2.2126820666298914,0.882454285500153,0.9474896136617832,0
qwen,opd,20,E_if,18,mlp.gate_proj,0.1,5,displacement_rank,/root/autodl-tmp/cycle09_stage4_state_displacement/cells/qwen/opd/step_020/E_if.L18.main.direction.pt,stage4_direction_singular_values,128,0.07314840141617876,0.07936580546599,-0.023148401416178757,0.02936580546598999,-0.023148401416178757,1.1332031771291415,2.2126820666298914,0.882454285500153,0.9474896136617832,0
qwen,opd,20,E_if,18,mlp.up_proj,0.01,366,displacement_rank,/root/autodl-tmp/cycle09_stage4_state_displacement/cells/qwen/opd/step_020/E_if.L18.main.direction.pt,stage4_direction_singular_values,128,0.0,5.650906242253374e-05,0.05,-0.04994349093757747,-0.04994349093757747,1.079209288478438,1.6872971650981945,0.9266043302961986,0.9698209514483398,0
qwen,opd,20,E_if,18,mlp.up_proj,0.025,49,displacement_rank,/root/autodl-tmp/cycle09_stage4_state_displacement/cells/qwen/opd/step_020/E_if.L18.main.direction.pt,stage4_direction_singular_values,128,0.007548091355671273,0.007739045972306567,0.04245190864432873,-0.042260954027693434,-0.042260954027693434,1.079209288478438,1.6872971650981945,0.9266043302961986,0.9698209514483398,0
qwen,opd,20,E_if,18,mlp.up_proj,0.05,9,displacement_rank,/root/autodl-tmp/cycle09_stage4_state_displacement/cells/qwen/opd/step_020/E_if.L18.main.direction.pt,stage4_direction_singular_values,128,0.03179185055485871,0.03368899160605097,0.018208149445141292,-0.016311008393949035,-0.016311008393949035,1.079209288478438,1.6872971650981945,0.9266043302961986,0.9698209514483398,0
qwen,opd,20,E_if,18,mlp.up_proj,0.1,1,displacement_rank,/root/autodl-tmp/cycle09_stage4_state_displacement/cells/qwen/opd/step_020/E_if.L18.main.direction.pt,stage4_direction_singular_values,128,0.07339566970380144,1.0,-0.02339566970380144,0.95,-0.02339566970380144,1.079209288478438,1.6872971650981945,0.9266043302961986,0.9698209514483398,0
qwen,opd,20,E_if,18,mlp.down_proj,0.01,803,displacement_rank,/root/autodl-tmp/cycle09_stage4_state_displacement/cells/qwen/opd/step_020/E_if.L18.main.direction.pt,stage4_direction_singular_values,128,0.0,0.00011470814675781865,0.05,-0.049885291853242184,-0.049885291853242184,1.088430116297425,1.7838221477876497,0.9187544381827262,0.9635305654062173,0
qwen,opd,20,E_if,18,mlp.down_proj,0.025,292,displacement_rank,/root/autodl-tmp/cycle09_stage4_state_displacement/cells/qwen/opd/step_020/E_if.L18.main.direction.pt,stage4_direction_singular_values,128,0.0,0.00011470814675781865,0.05,-0.049885291853242184,-0.049885291853242184,1.088430116297425,1.7838221477876497,0.9187544381827262,0.9635305654062173,0
qwen,opd,20,E_if,18,mlp.down_proj,0.05,51,displacement_rank,/root/autodl-tmp/cycle09_stage4_state_displacement/cells/qwen/opd/step_020/E_if.L18.main.direction.pt,stage4_direction_singular_values,128,0.013396056900455663,0.01368042637738757,0.03660394309954434,-0.036319573622612435,-0.036319573622612435,1.088430116297425,1.7838221477876497,0.9187544381827262,0.9635305654062173,0
qwen,opd,20,E_if,18,mlp.down_proj,0.1,2,displacement_rank,/root/autodl-tmp/cycle09_stage4_state_displacement/cells/qwen/opd/step_020/E_if.L18.main.direction.pt,stage4_direction_singular_values,128,0.061255320329290784,0.08124556181727374,-0.011255320329290781,0.03124556181727374,-0.011255320329290781,1.088430116297425,1.7838221477876497,0.9187544381827262,0.9635305654062173,0
qwen,opd,40,E_general,18,self_attn.q_proj,0.01,103,displacement_rank,/root/autodl-tmp/cycle09_stage4_state_displacement/cells/qwen/opd/step_040/E_general.L18.main.direction.pt,stage4_direction_singular_values,128,0.000846554357778489,0.0008844528863160134,0.049153445642221516,-0.04911554711368399,-0.04911554711368399,1.1238570863617972,1.8374591314144944,0.8897928501187342,0.9805830343677621,0
qwen,opd,40,E_general,18,self_attn.q_proj,0.025,14,displacement_rank,/root/autodl-tmp/cycle09_stage4_state_displacement/cells/qwen/opd/step_040/E_general.L18.main.direction.pt,stage4_direction_singular_values,128,0.015342991620861139,0.016191314840906884,0.03465700837913886,-0.03380868515909312,-0.03380868515909312,1.1238570863617972,1.8374591314144944,0.8897928501187342,0.9805830343677621,0
qwen,opd,40,E_general,18,self_attn.q_proj,0.05,3,displacement_rank,/root/autodl-tmp/cycle09_stage4_state_displacement/cells/qwen/opd/step_040/E_general.L18.main.direction.pt,stage4_direction_singular_values,128,0.04030155338009383,0.06229978724091267,0.009698446619906174,0.012299787240912664,0.009698446619906174,1.1238570863617972,1.8374591314144944,0.8897928501187342,0.9805830343677621,0
qwen,opd,40,E_general,18,self_attn.q_proj,0.1,2,displacement_rank,/root/autodl-tmp/cycle09_stage4_state_displacement/cells/qwen/opd/step_040/E_general.L18.main.direction.pt,stage4_direction_singular_values,128,0.06229978724091267,0.11020714988126579,-0.012299787240912664,0.060207149881265784,-0.012299787240912664,1.1238570863617972,1.8374591314144944,0.8897928501187342,0.9805830343677621,0
qwen,opd,40,E_general,18,self_attn.k_proj,0.01,59,displacement_rank,/root/autodl-tmp/cycle09_stage4_state_displacement/cells/qwen/opd/step_040/E_general.L18.main.direction.pt,stage4_direction_singular_values,128,0.003294927677151353,0.003373951185893135,0.04670507232284865,-0.04662604881410687,-0.04662604881410687,1.1111301670052924,1.7785493407653112,0.8999845649904283,0.9824203255366281,0
qwen,opd,40,E_general,18,self_attn.k_proj,0.025,10,displacement_rank,/root/autodl-tmp/cycle09_stage4_state_displacement/cells/qwen/opd/step_040/E_general.L18.main.direction.pt,stage4_direction_singular_values,128,0.01757967446337205,0.01884054355543489,0.03242032553662795,-0.031159456444565112,-0.031159456444565112,1.1111301670052924,1.7785493407653112,0.8999845649904283,0.9824203255366281,0
qwen,opd,40,E_general,18,self_attn.k_proj,0.05,3,displacement_rank,/root/autodl-tmp/cycle09_stage4_state_displacement/cells/qwen/opd/step_040/E_general.L18.main.direction.pt,stage4_direction_singular_values,128,0.04081527066300888,0.0685618664836659,0.009184729336991125,0.018561866483665895,0.009184729336991125,1.1111301670052924,1.7785493407653112,0.8999845649904283,0.9824203255366281,0
qwen,opd,40,E_general,18,self_attn.k_proj,0.1,2,displacement_rank,/root/autodl-tmp/cycle09_stage4_state_displacement/cells/qwen/opd/step_040/E_general.L18.main.direction.pt,stage4_direction_singular_values,128,0.0685618664836659,0.1000154350095718,-0.018561866483665895,0.0500154350095718,-0.018561866483665895,1.1111301670052924,1.7785493407653112,0.8999845649904283,0.9824203255366281,0
qwen,opd,40,E_general,18,self_attn.v_proj,0.01,7,displacement_rank,/root/autodl-tmp/cycle09_stage4_state_displacement/cells/qwen/opd/step_040/E_general.L18.main.direction.pt,stage4_direction_singular_values,128,0.00634550969663016,0.0068544430363070095,0.04365449030336984,-0.043145556963692995,-0.043145556963692995,1.0315075328887562,1.23190105056575,0.9694548688359854,0.9948068006547411,0
qwen,opd,40,E_general,18,self_attn.v_proj,0.025,2,displacement_rank,/root/autodl-tmp/cycle09_stage4_state_displacement/cells/qwen/opd/step_040/E_general.L18.main.direction.pt,stage4_direction_singular_values,128,0.01654831709194494,0.030545131164014413,0.03345168290805506,-0.01945486883598559,-0.01945486883598559,1.0315075328887562,1.23190105056575,0.9694548688359854,0.9948068006547411,0
qwen,opd,40,E_general,18,self_attn.v_proj,0.05,1,displacement_rank,/root/autodl-tmp/cycle09_stage4_state_displacement/cells/qwen/opd/step_040/E_general.L18.main.direction.pt,stage4_direction_singular_values,128,0.030545131164014413,0.9999999999999998,0.01945486883598559,0.9499999999999997,0.01945486883598559,1.0315075328887562,1.23190105056575,0.9694548688359854,0.9948068006547411,0
qwen,opd,40,E_general,18,self_attn.v_proj,0.1,1,displacement_rank,/root/autodl-tmp/cycle09_stage4_state_displacement/cells/qwen/opd/step_040/E_general.L18.main.direction.pt,stage4_direction_singular_values,128,0.030545131164014413,0.9999999999999998,0.01945486883598559,0.9499999999999997,0.01945486883598559,1.0315075328887562,1.23190105056575,0.9694548688359854,0.9948068006547411,0
qwen,opd,40,E_general,18,self_attn.o_proj,0.01,380,displacement_rank,/root/autodl-tmp/cycle09_stage4_state_displacement/cells/qwen/opd/step_040/E_general.L18.main.direction.pt,stage4_direction_singular_values,128,0.0,0.00010167216032257795,0.05,-0.049898327839677424,-0.049898327839677424,1.4214862538918547,3.446586896943993,0.7034890399130648,0.9496602450735162,0
qwen,opd,40,E_general,18,self_attn.o_proj,0.025,105,displacement_rank,/root/autodl-tmp/cycle09_stage4_state_displacement/cells/qwen/opd/step_040/E_general.L18.main.direction.pt,stage4_direction_singular_values,128,0.002621094494460925,0.0027503267204710977,0.047378905505539075,-0.047249673279528906,-0.047249673279528906,1.4214862538918547,3.446586896943993,0.7034890399130648,0.9496602450735162,0
qwen,opd,40,E_general,18,self_attn.o_proj,0.05,25,displacement_rank,/root/autodl-tmp/cycle09_stage4_state_displacement/cells/qwen/opd/step_040/E_general.L18.main.direction.pt,stage4_direction_singular_values,128,0.027629694420653297,0.028565452540594033,0.022370305579346706,-0.02143454745940597,-0.02143454745940597,1.4214862538918547,3.446586896943993,0.7034890399130648,0.9496602450735162,0
qwen,opd,40,E_general,18,self_attn.o_proj,0.1,4,displacement_rank,/root/autodl-tmp/cycle09_stage4_state_displacement/cells/qwen/opd/step_040/E_general.L18.main.direction.pt,stage4_direction_singular_values,128,0.07822780264090294,0.0999110733442432,-0.028227802640902938,0.049911073344243204,-0.028227802640902938,1.4214862538918547,3.446586896943993,0.7034890399130648,0.9496602450735162,0
qwen,opd,40,E_general,18,mlp.gate_proj,0.01,771,displacement_rank,/root/autodl-tmp/cycle09_stage4_state_displacement/cells/qwen/opd/step_040/E_general.L18.main.direction.pt,stage4_direction_singular_values,128,0.0,8.88137365679867e-05,0.05,-0.049911186263432016,-0.049911186263432016,1.1790852080559022,2.6008526061780763,0.8481151261738062,0.9345297412344202,0
qwen,opd,40,E_general,18,mlp.gate_proj,0.025,236,displacement_rank,/root/autodl-tmp/cycle09_stage4_state_displacement/cells/qwen/opd/step_040/E_general.L18.main.direction.pt,stage4_direction_singular_values,128,0.0,8.88137365679867e-05,0.05,-0.049911186263432016,-0.049911186263432016,1.1790852080559022,2.6008526061780763,0.8481151261738062,0.9345297412344202,0
qwen,opd,40,E_general,18,mlp.gate_proj,0.05,34,displacement_rank,/root/autodl-tmp/cycle09_stage4_state_displacement/cells/qwen/opd/step_040/E_general.L18.main.direction.pt,stage4_direction_singular_values,128,0.018297248067084094,0.019224226716090326,0.03170275193291591,-0.030775773283909676,-0.030775773283909676,1.1790852080559022,2.6008526061780763,0.8481151261738062,0.9345297412344202,0
qwen,opd,40,E_general,18,mlp.gate_proj,0.1,9,displacement_rank,/root/autodl-tmp/cycle09_stage4_state_displacement/cells/qwen/opd/step_040/E_general.L18.main.direction.pt,stage4_direction_singular_values,128,0.06947244450588844,0.07407924321041154,-0.019472444505888434,0.024079243210411536,-0.019472444505888434,1.1790852080559022,2.6008526061780763,0.8481151261738062,0.9345297412344202,0
qwen,opd,40,E_general,18,mlp.up_proj,0.01,341,displacement_rank,/root/autodl-tmp/cycle09_stage4_state_displacement/cells/qwen/opd/step_040/E_general.L18.main.direction.pt,stage4_direction_singular_values,128,0.0,4.158950921903899e-05,0.05,-0.049958410490780966,-0.049958410490780966,1.0675184716285406,1.5770894813324712,0.9367519406708358,0.9742941512912972,0
qwen,opd,40,E_general,18,mlp.up_proj,0.025,29,displacement_rank,/root/autodl-tmp/cycle09_stage4_state_displacement/cells/qwen/opd/step_040/E_general.L18.main.direction.pt,stage4_direction_singular_values,128,0.009251488479478692,0.009655204422472901,0.04074851152052131,-0.0403447955775271,-0.0403447955775271,1.0675184716285406,1.5770894813324712,0.9367519406708358,0.9742941512912972,0
qwen,opd,40,E_general,18,mlp.up_proj,0.05,6,displacement_rank,/root/autodl-tmp/cycle09_stage4_state_displacement/cells/qwen/opd/step_040/E_general.L18.main.direction.pt,stage4_direction_singular_values,128,0.03412797110127965,0.037008143784857145,0.01587202889872035,-0.012991856215142858,-0.012991856215142858,1.0675184716285406,1.5770894813324712,0.9367519406708358,0.9742941512912972,0
qwen,opd,40,E_general,18,mlp.up_proj,0.1,1,displacement_rank,/root/autodl-tmp/cycle09_stage4_state_displacement/cells/qwen/opd/step_040/E_general.L18.main.direction.pt,stage4_direction_singular_values,128,0.06324805932916425,1.0,-0.013248059329164244,0.95,-0.013248059329164244,1.0675184716285406,1.5770894813324712,0.9367519406708358,0.9742941512912972,0
qwen,opd,40,E_general,18,mlp.down_proj,0.01,1092,displacement_rank,/root/autodl-tmp/cycle09_stage4_state_displacement/cells/qwen/opd/step_040/E_general.L18.main.direction.pt,stage4_direction_singular_values,128,0.0,0.00013732470387497396,0.05,-0.04986267529612503,-0.04986267529612503,1.0875064646488308,1.8075381435932412,0.9195347637063586,0.9597637205923626,0
qwen,opd,40,E_general,18,mlp.down_proj,0.025,544,displacement_rank,/root/autodl-tmp/cycle09_stage4_state_displacement/cells/qwen/opd/step_040/E_general.L18.main.direction.pt,stage4_direction_singular_values,128,0.0,0.00013732470387497396,0.05,-0.04986267529612503,-0.04986267529612503,1.0875064646488308,1.8075381435932412,0.9195347637063586,0.9597637205923626,0
qwen,opd,40,E_general,18,mlp.down_proj,0.05,164,displacement_rank,/root/autodl-tmp/cycle09_stage4_state_displacement/cells/qwen/opd/step_040/E_general.L18.main.direction.pt,stage4_direction_singular_values,128,0.0,0.00013732470387497396,0.05,-0.04986267529612503,-0.04986267529612503,1.0875064646488308,1.8075381435932412,0.9195347637063586,0.9597637205923626,0
qwen,opd,40,E_general,18,mlp.down_proj,0.1,6,displacement_rank,/root/autodl-tmp/cycle09_stage4_state_displacement/cells/qwen/opd/step_040/E_general.L18.main.direction.pt,stage4_direction_singular_values,128,0.047099293791456644,0.049631466892588696,0.002900706208543359,-0.0003685331074113063,-0.0003685331074113063,1.0875064646488308,1.8075381435932412,0.9195347637063586,0.9597637205923626,0
qwen,opd,40,E_math,18,self_attn.q_proj,0.01,64,displacement_rank,/root/autodl-tmp/cycle09_stage4_state_displacement/cells/qwen/opd/step_040/E_math.L18.main.direction.pt,stage4_direction_singular_values,128,0.0034094829540091296,0.0034950077744049417,0.046590517045990876,-0.04650499222559506,-0.04650499222559506,1.1045849311333666,1.7683547284009757,0.9053174380841349,0.9796985406572575,0
qwen,opd,40,E_math,18,self_attn.q_proj,0.025,12,displacement_rank,/root/autodl-tmp/cycle09_stage4_state_displacement/cells/qwen/opd/step_040/E_math.L18.main.direction.pt,stage4_direction_singular_values,128,0.018093904021110156,0.019140424028386983,0.03190609597888985,-0.03085957597161302,-0.03085957597161302,1.1045849311333666,1.7683547284009757,0.9053174380841349,0.9796985406572575,0
qwen,opd,40,E_math,18,self_attn.q_proj,0.05,3,displacement_rank,/root/autodl-tmp/cycle09_stage4_state_displacement/cells/qwen/opd/step_040/E_math.L18.main.direction.pt,stage4_direction_singular_values,128,0.04323646703578571,0.06439575975137535,0.006763532964214294,0.014395759751375345,0.006763532964214294,1.1045849311333666,1.7683547284009757,0.9053174380841349,0.9796985406572575,0
qwen,opd,40,E_math,18,self_attn.q_proj,0.1,2,displacement_rank,/root/autodl-tmp/cycle09_stage4_state_displacement/cells/qwen/opd/step_040/E_math.L18.main.direction.pt,stage4_direction_singular_values,128,0.06439575975137535,0.09468256191586533,-0.014395759751375345,0.044682561915865324,-0.014395759751375345,1.1045849311333666,1.7683547284009757,0.9053174380841349,0.9796985406572575,0
qwen,opd,40,E_math,18,self_attn.k_proj,0.01,34,displacement_rank,/root/autodl-tmp/cycle09_stage4_state_displacement/cells/qwen/opd/step_040/E_math.L18.main.direction.pt,stage4_direction_singular_values,128,0.005873424951356153,0.006044818038721521,0.04412657504864385,-0.04395518196127848,-0.04395518196127848,1.0915443328834797,1.64961453294207,0.9161331975938608,0.9845858988538861,0
qwen,opd,40,E_math,18,self_attn.k_proj,0.025,7,displacement_rank,/root/autodl-tmp/cycle09_stage4_state_displacement/cells/qwen/opd/step_040/E_math.L18.main.direction.pt,stage4_direction_singular_values,128,0.01947013263741813,0.021491775293778995,0.030529867362581873,-0.028508224706221007,-0.028508224706221007,1.0915443328834797,1.64961453294207,0.9161331975938608,0.9845858988538861,0
qwen,opd,40,E_math,18,self_attn.k_proj,0.05,3,displacement_rank,/root/autodl-tmp/cycle09_stage4_state_displacement/cells/qwen/opd/step_040/E_math.L18.main.direction.pt,stage4_direction_singular_values,128,0.03535893259957183,0.051193423197164176,0.01464106740042817,0.0011934231971641729,0.0011934231971641729,1.0915443328834797,1.64961453294207,0.9161331975938608,0.9845858988538861,0
qwen,opd,40,E_math,18,self_attn.k_proj,0.1,1,displacement_rank,/root/autodl-tmp/cycle09_stage4_state_displacement/cells/qwen/opd/step_040/E_math.L18.main.direction.pt,stage4_direction_singular_values,128,0.08386680240613895,0.9999999999999997,-0.03386680240613894,0.9499999999999996,-0.03386680240613894,1.0915443328834797,1.64961453294207,0.9161331975938608,0.9845858988538861,0
qwen,opd,40,E_math,18,self_attn.v_proj,0.01,6,displacement_rank,/root/autodl-tmp/cycle09_stage4_state_displacement/cells/qwen/opd/step_040/E_math.L18.main.direction.pt,stage4_direction_singular_values,128,0.007058917153187924,0.007789513871010468,0.04294108284681208,-0.04221048612898953,-0.04221048612898953,1.0328538320928942,1.2384304216431823,0.9681912085988763,0.9944743307633348,0
qwen,opd,40,E_math,18,self_attn.v_proj,0.025,2,displacement_rank,/root/autodl-tmp/cycle09_stage4_state_displacement/cells/qwen/opd/step_040/E_math.L18.main.direction.pt,stage4_direction_singular_values,128,0.015310669576241264,0.031808791401123415,0.03468933042375874,-0.018191208598876588,-0.018191208598876588,1.0328538320928942,1.2384304216431823,0.9681912085988763,0.9944743307633348,0
qwen,opd,40,E_math,18,self_attn.v_proj,0.05,1,displacement_rank,/root/autodl-tmp/cycle09_stage4_state_displacement/cells/qwen/opd/step_040/E_math.L18.main.direction.pt,stage4_direction_singular_values,128,0.031808791401123415,0.9999999999999997,0.018191208598876588,0.9499999999999996,0.018191208598876588,1.0328538320928942,1.2384304216431823,0.9681912085988763,0.9944743307633348,0
qwen,opd,40,E_math,18,self_attn.v_proj,0.1,1,displacement_rank,/root/autodl-tmp/cycle09_stage4_state_displacement/cells/qwen/opd/step_040/E_math.L18.main.direction.pt,stage4_direction_singular_values,128,0.031808791401123415,0.9999999999999997,0.018191208598876588,0.9499999999999996,0.018191208598876588,1.0328538320928942,1.2384304216431823,0.9681912085988763,0.9944743307633348,0
qwen,opd,40,E_math,18,self_attn.o_proj,0.01,183,displacement_rank,/root/autodl-tmp/cycle09_stage4_state_displacement/cells/qwen/opd/step_040/E_math.L18.main.direction.pt,stage4_direction_singular_values,128,0.0,9.536104416999555e-05,0.05,-0.04990463895583001,-0.04990463895583001,1.6289585183263033,4.171405437024581,0.6138891744324246,0.943919869271321,0
qwen,opd,40,E_math,18,self_attn.o_proj,0.025,60,displacement_rank,/root/autodl-tmp/cycle09_stage4_state_displacement/cells/qwen/opd/step_040/E_math.L18.main.direction.pt,stage4_direction_singular_values,128,0.01117772421631636,0.011477314832826878,0.03882227578368364,-0.038522685167173124,-0.038522685167173124,1.6289585183263033,4.171405437024581,0.6138891744324246,0.943919869271321,0
qwen,opd,40,E_math,18,self_attn.o_proj,0.05,19,displacement_rank,/root/autodl-tmp/cycle09_stage4_state_displacement/cells/qwen/opd/step_040/E_math.L18.main.direction.pt,stage4_direction_singular_values,128,0.03640557916738239,0.037977902260380544,0.01359442083261761,-0.012022097739619458,-0.012022097739619458,1.6289585183263033,4.171405437024581,0.6138891744324246,0.943919869271321,0
qwen,opd,40,E_math,18,self_attn.o_proj,0.1,4,displacement_rank,/root/autodl-tmp/cycle09_stage4_state_displacement/cells/qwen/opd/step_040/E_math.L18.main.direction.pt,stage4_direction_singular_values,128,0.08635612666967675,0.10217356457756678,-0.03635612666967675,0.05217356457756678,-0.03635612666967675,1.6289585183263033,4.171405437024581,0.6138891744324246,0.943919869271321,0
qwen,opd,40,E_math,18,mlp.gate_proj,0.01,279,displacement_rank,/root/autodl-tmp/cycle09_stage4_state_displacement/cells/qwen/opd/step_040/E_math.L18.main.direction.pt,stage4_direction_singular_values,128,0.0,9.364191800568794e-05,0.05,-0.04990635808199431,-0.04990635808199431,1.1596756484567021,2.4069385416169817,0.8623100789697545,0.9434849277335731,0
qwen,opd,40,E_math,18,mlp.gate_proj,0.025,76,displacement_rank,/root/autodl-tmp/cycle09_stage4_state_displacement/cells/qwen/opd/step_040/E_math.L18.main.direction.pt,stage4_direction_singular_values,128,0.006475890282221429,0.006646375040734688,0.04352410971777857,-0.04335362495926531,-0.04335362495926531,1.1596756484567021,2.4069385416169817,0.8623100789697545,0.9434849277335731,0
qwen,opd,40,E_math,18,mlp.gate_proj,0.05,22,displacement_rank,/root/autodl-tmp/cycle09_stage4_state_displacement/cells/qwen/opd/step_040/E_math.L18.main.direction.pt,stage4_direction_singular_values,128,0.03087397715967279,0.032363009260998166,0.019126022840327214,-0.017636990739001837,-0.017636990739001837,1.1596756484567021,2.4069385416169817,0.8623100789697545,0.9434849277335731,0
qwen,opd,40,E_math,18,mlp.gate_proj,0.1,5,displacement_rank,/root/autodl-tmp/cycle09_stage4_state_displacement/cells/qwen/opd/step_040/E_math.L18.main.direction.pt,stage4_direction_singular_values,128,0.07811764717060111,0.08446618771284613,-0.028117647170601112,0.034466187712846125,-0.028117647170601112,1.1596756484567021,2.4069385416169817,0.8623100789697545,0.9434849277335731,0
qwen,opd,40,E_math,18,mlp.up_proj,0.01,213,displacement_rank,/root/autodl-tmp/cycle09_stage4_state_displacement/cells/qwen/opd/step_040/E_math.L18.main.direction.pt,stage4_direction_singular_values,128,0.0,7.099311524469525e-05,0.05,-0.04992900688475531,-0.04992900688475531,1.1057685007099882,1.9061467873316311,0.9043484231626452,0.9634131443662192,0
qwen,opd,40,E_math,18,mlp.up_proj,0.025,44,displacement_rank,/root/autodl-tmp/cycle09_stage4_state_displacement/cells/qwen/opd/step_040/E_math.L18.main.direction.pt,stage4_direction_singular_values,128,0.010523428560424373,0.010785241737245557,0.03947657143957563,-0.039214758262754446,-0.039214758262754446,1.1057685007099882,1.9061467873316311,0.9043484231626452,0.9634131443662192,0
qwen,opd,40,E_math,18,mlp.up_proj,0.05,11,displacement_rank,/root/autodl-tmp/cycle09_stage4_state_displacement/cells/qwen/opd/step_040/E_math.L18.main.direction.pt,stage4_direction_singular_values,128,0.03461743083736647,0.036586855633781036,0.01538256916263353,-0.013413144366218967,-0.013413144366218967,1.1057685007099882,1.9061467873316311,0.9043484231626452,0.9634131443662192,0
qwen,opd,40,E_math,18,mlp.up_proj,0.1,2,displacement_rank,/root/autodl-tmp/cycle09_stage4_state_displacement/cells/qwen/opd/step_040/E_math.L18.main.direction.pt,stage4_direction_singular_values,128,0.07311696918931525,0.09565157683735495,-0.023116969189315245,0.04565157683735495,-0.023116969189315245,1.1057685007099882,1.9061467873316311,0.9043484231626452,0.9634131443662192,0
qwen,opd,40,E_math,18,mlp.down_proj,0.01,436,displacement_rank,/root/autodl-tmp/cycle09_stage4_state_displacement/cells/qwen/opd/step_040/E_math.L18.main.direction.pt,stage4_direction_singular_values,128,0.0,0.00013417805218648502,0.05,-0.04986582194781352,-0.04986582194781352,1.0837745876679807,1.7588329260872433,0.9227010961308446,0.9629483662681166,0
qwen,opd,40,E_math,18,mlp.down_proj,0.025,172,displacement_rank,/root/autodl-tmp/cycle09_stage4_state_displacement/cells/qwen/opd/step_040/E_math.L18.main.direction.pt,stage4_direction_singular_values,128,0.0,0.00013417805218648502,0.05,-0.04986582194781352,-0.04986582194781352,1.0837745876679807,1.7588329260872433,0.9227010961308446,0.9629483662681166,0
qwen,opd,40,E_math,18,mlp.down_proj,0.05,35,displacement_rank,/root/autodl-tmp/cycle09_stage4_state_displacement/cells/qwen/opd/step_040/E_math.L18.main.direction.pt,stage4_direction_singular_values,128,0.020578901567587456,0.02101219454167965,0.029421098432412546,-0.028987805458320352,-0.028987805458320352,1.0837745876679807,1.7588329260872433,0.9227010961308446,0.9629483662681166,0
qwen,opd,40,E_math,18,mlp.down_proj,0.1,2,displacement_rank,/root/autodl-tmp/cycle09_stage4_state_displacement/cells/qwen/opd/step_040/E_math.L18.main.direction.pt,stage4_direction_singular_values,128,0.060871578185595944,0.07729890386915533,-0.010871578185595941,0.02729890386915533,-0.010871578185595941,1.0837745876679807,1.7588329260872433,0.9227010961308446,0.9629483662681166,0
qwen,opd,40,E_ood,18,self_attn.q_proj,0.01,55,displacement_rank,/root/autodl-tmp/cycle09_stage4_state_displacement/cells/qwen/opd/step_040/E_ood.L18.main.direction.pt,stage4_direction_singular_values,128,0.00286700608741348,0.0029419607918384563,0.047132993912586525,-0.047058039208161546,-0.047058039208161546,1.0996231656031445,1.6884106729516235,0.9094024492031312,0.9835415851407681,0
qwen,opd,40,E_ood,18,self_attn.q_proj,0.025,9,displacement_rank,/root/autodl-tmp/cycle09_stage4_state_displacement/cells/qwen/opd/step_040/E_ood.L18.main.direction.pt,stage4_direction_singular_values,128,0.01775919649695113,0.01924947131591448,0.03224080350304887,-0.030750528684085524,-0.030750528684085524,1.0996231656031445,1.6884106729516235,0.9094024492031312,0.9835415851407681,0
qwen,opd,40,E_ood,18,self_attn.q_proj,0.05,3,displacement_rank,/root/autodl-tmp/cycle09_stage4_state_displacement/cells/qwen/opd/step_040/E_ood.L18.main.direction.pt,stage4_direction_singular_values,128,0.033950692115772216,0.054422667383656455,0.016049307884227787,0.004422667383656452,0.004422667383656452,1.0996231656031445,1.6884106729516235,0.9094024492031312,0.9835415851407681,0
qwen,opd,40,E_ood,18,self_attn.q_proj,0.1,1,displacement_rank,/root/autodl-tmp/cycle09_stage4_state_displacement/cells/qwen/opd/step_040/E_ood.L18.main.direction.pt,stage4_direction_singular_values,128,0.0905975507968688,0.9999999999999997,-0.0405975507968688,0.9499999999999996,-0.0405975507968688,1.0996231656031445,1.6884106729516235,0.9094024492031312,0.9835415851407681,0
qwen,opd,40,E_ood,18,self_attn.k_proj,0.01,35,displacement_rank,/root/autodl-tmp/cycle09_stage4_state_displacement/cells/qwen/opd/step_040/E_ood.L18.main.direction.pt,stage4_direction_singular_values,128,0.0048772239769660115,0.005031464622843762,0.045122776023033995,-0.04496853537715624,-0.04496853537715624,1.1113497530271004,1.7261853383105055,0.8998067415556575,0.985686502948306,0
qwen,opd,40,E_ood,18,self_attn.k_proj,0.025,7,displacement_rank,/root/autodl-tmp/cycle09_stage4_state_displacement/cells/qwen/opd/step_040/E_ood.L18.main.direction.pt,stage4_direction_singular_values,128,0.018031692646354135,0.02014916812242234,0.031968307353645864,-0.02985083187757766,-0.02985083187757766,1.1113497530271004,1.7261853383105055,0.8998067415556575,0.985686502948306,0
qwen,opd,40,E_ood,18,self_attn.k_proj,0.05,3,displacement_rank,/root/autodl-tmp/cycle09_stage4_state_displacement/cells/qwen/opd/step_040/E_ood.L18.main.direction.pt,stage4_direction_singular_values,128,0.032630352241523816,0.05433701999887233,0.017369647758476187,0.00433701999887233,0.00433701999887233,1.1113497530271004,1.7261853383105055,0.8998067415556575,0.985686502948306,0
qwen,opd,40,E_ood,18,self_attn.k_proj,0.1,2,displacement_rank,/root/autodl-tmp/cycle09_stage4_state_displacement/cells/qwen/opd/step_040/E_ood.L18.main.direction.pt,stage4_direction_singular_values,128,0.05433701999887233,0.10019325844434265,-0.00433701999887233,0.05019325844434265,-0.00433701999887233,1.1113497530271004,1.7261853383105055,0.8998067415556575,0.985686502948306,0
qwen,opd,40,E_ood,18,self_attn.v_proj,0.01,5,displacement_rank,/root/autodl-tmp/cycle09_stage4_state_displacement/cells/qwen/opd/step_040/E_ood.L18.main.direction.pt,stage4_direction_singular_values,128,0.006586882060762589,0.007724310433902913,0.04341311793923741,-0.04227568956609709,-0.04227568956609709,1.0334590012503302,1.233370956762853,0.9676242587177142,0.9954575145766549,0
qwen,opd,40,E_ood,18,self_attn.v_proj,0.025,2,displacement_rank,/root/autodl-tmp/cycle09_stage4_state_displacement/cells/qwen/opd/step_040/E_ood.L18.main.direction.pt,stage4_direction_singular_values,128,0.014496931098699053,0.03237574128228591,0.03550306890130095,-0.017624258717714093,-0.017624258717714093,1.0334590012503302,1.233370956762853,0.9676242587177142,0.9954575145766549,0
qwen,opd,40,E_ood,18,self_attn.v_proj,0.05,1,displacement_rank,/root/autodl-tmp/cycle09_stage4_state_displacement/cells/qwen/opd/step_040/E_ood.L18.main.direction.pt,stage4_direction_singular_values,128,0.03237574128228591,1.0,0.017624258717714093,0.95,0.017624258717714093,1.0334590012503302,1.233370956762853,0.9676242587177142,0.9954575145766549,0
qwen,opd,40,E_ood,18,self_attn.v_proj,0.1,1,displacement_rank,/root/autodl-tmp/cycle09_stage4_state_displacement/cells/qwen/opd/step_040/E_ood.L18.main.direction.pt,stage4_direction_singular_values,128,0.03237574128228591,1.0,0.017624258717714093,0.95,0.017624258717714093,1.0334590012503302,1.233370956762853,0.9676242587177142,0.9954575145766549,0
qwen,opd,40,E_ood,18,self_attn.o_proj,0.01,81,displacement_rank,/root/autodl-tmp/cycle09_stage4_state_displacement/cells/qwen/opd/step_040/E_ood.L18.main.direction.pt,stage4_direction_singular_values,128,0.0022666080095762784,0.002330962607628582,0.04773339199042372,-0.047669037392371424,-0.047669037392371424,1.1271782771844356,1.80203065883254,0.8871711070389746,0.983067556550541,0
qwen,opd,40,E_ood,18,self_attn.o_proj,0.025,10,displacement_rank,/root/autodl-tmp/cycle09_stage4_state_displacement/cells/qwen/opd/step_040/E_ood.L18.main.direction.pt,stage4_direction_singular_values,128,0.01693244344945921,0.018055060118722214,0.03306755655054079,-0.03194493988127779,-0.03194493988127779,1.1271782771844356,1.80203065883254,0.8871711070389746,0.983067556550541,0
qwen,opd,40,E_ood,18,self_attn.o_proj,0.05,3,displacement_rank,/root/autodl-tmp/cycle09_stage4_state_displacement/cells/qwen/opd/step_040/E_ood.L18.main.direction.pt,stage4_direction_singular_values,128,0.034397256365986645,0.04929663532477561,0.015602743634013358,-0.0007033646752243952,-0.0007033646752243952,1.1271782771844356,1.80203065883254,0.8871711070389746,0.983067556550541,0
qwen,opd,40,E_ood,18,self_attn.o_proj,0.1,2,displacement_rank,/root/autodl-tmp/cycle09_stage4_state_displacement/cells/qwen/opd/step_040/E_ood.L18.main.direction.pt,stage4_direction_singular_values,128,0.04929663532477561,0.11282889296102551,0.0007033646752243952,0.0628288929610255,0.0007033646752243952,1.1271782771844356,1.80203065883254,0.8871711070389746,0.983067556550541,0
qwen,opd,40,E_ood,18,mlp.gate_proj,0.01,636,displacement_rank,/root/autodl-tmp/cycle09_stage4_state_displacement/cells/qwen/opd/step_040/E_ood.L18.main.direction.pt,stage4_direction_singular_values,128,0.0,7.35232669909497e-05,0.05,-0.049926476733009054,-0.049926476733009054,1.1721411160346178,2.4356548629006576,0.853139597545238,0.9453465132385379,0
qwen,opd,40,E_ood,18,mlp.gate_proj,0.025,138,displacement_rank,/root/autodl-tmp/cycle09_stage4_state_displacement/cells/qwen/opd/step_040/E_ood.L18.main.direction.pt,stage4_direction_singular_values,128,0.0,7.35232669909497e-05,0.05,-0.049926476733009054,-0.049926476733009054,1.1721411160346178,2.4356548629006576,0.853139597545238,0.9453465132385379,0
qwen,opd,40,E_ood,18,mlp.gate_proj,0.05,25,displacement_rank,/root/autodl-tmp/cycle09_stage4_state_displacement/cells/qwen/opd/step_040/E_ood.L18.main.direction.pt,stage4_direction_singular_values,128,0.02399547342161179,0.025354558810774835,0.026004526578388212,-0.024645441189225167,-0.024645441189225167,1.1721411160346178,2.4356548629006576,0.853139597545238,0.9453465132385379,0
qwen,opd,40,E_ood,18,mlp.gate_proj,0.1,6,displacement_rank,/root/autodl-tmp/cycle09_stage4_state_displacement/cells/qwen/opd/step_040/E_ood.L18.main.direction.pt,stage4_direction_singular_values,128,0.07176394625817469,0.07720301070457321,-0.021763946258174682,0.027203010704573205,-0.021763946258174682,1.1721411160346178,2.4356548629006576,0.853139597545238,0.9453465132385379,0
qwen,opd,40,E_ood,18,mlp.up_proj,0.01,239,displacement_rank,/root/autodl-tmp/cycle09_stage4_state_displacement/cells/qwen/opd/step_040/E_ood.L18.main.direction.pt,stage4_direction_singular_values,128,0.0,3.5642236001683326e-05,0.05,-0.04996435776399832,-0.04996435776399832,1.0698096732304545,1.5694350486284496,0.9347457075989475,0.9779554637020355,0
qwen,opd,40,E_ood,18,mlp.up_proj,0.025,20,displacement_rank,/root/autodl-tmp/cycle09_stage4_state_displacement/cells/qwen/opd/step_040/E_ood.L18.main.direction.pt,stage4_direction_singular_values,128,0.012238417889848412,0.01284971252509567,0.03776158211015159,-0.037150287474904335,-0.037150287474904335,1.0698096732304545,1.5694350486284496,0.9347457075989475,0.9779554637020355,0
qwen,opd,40,E_ood,18,mlp.up_proj,0.05,4,displacement_rank,/root/autodl-tmp/cycle09_stage4_state_displacement/cells/qwen/opd/step_040/E_ood.L18.main.direction.pt,stage4_direction_singular_values,128,0.03596992256988012,0.03979665072362416,0.014030077430119886,-0.01020334927637584,-0.01020334927637584,1.0698096732304545,1.5694350486284496,0.9347457075989475,0.9779554637020355,0
qwen,opd,40,E_ood,18,mlp.up_proj,0.1,1,displacement_rank,/root/autodl-tmp/cycle09_stage4_state_displacement/cells/qwen/opd/step_040/E_ood.L18.main.direction.pt,stage4_direction_singular_values,128,0.06525429240105271,1.0000000000000002,-0.015254292401052708,0.9500000000000002,-0.015254292401052708,1.0698096732304545,1.5694350486284496,0.9347457075989475,0.9779554637020355,0
qwen,opd,40,E_ood,18,mlp.down_proj,0.01,616,displacement_rank,/root/autodl-tmp/cycle09_stage4_state_displacement/cells/qwen/opd/step_040/E_ood.L18.main.direction.pt,stage4_direction_singular_values,128,0.0,6.470455321339428e-05,0.05,-0.049935295446786605,-0.049935295446786605,1.046837948191126,1.4240966516177596,0.9552576898152583,0.9784434236411531,0
qwen,opd,40,E_ood,18,mlp.down_proj,0.025,126,displacement_rank,/root/autodl-tmp/cycle09_stage4_state_displacement/cells/qwen/opd/step_040/E_ood.L18.main.direction.pt,stage4_direction_singular_values,128,0.00013011307988328418,0.00019588622368661804,0.04986988692011672,-0.049804113776313386,-0.049804113776313386,1.046837948191126,1.4240966516177596,0.9552576898152583,0.9784434236411531,0
qwen,opd,40,E_ood,18,mlp.down_proj,0.05,7,displacement_rank,/root/autodl-tmp/cycle09_stage4_state_displacement/cells/qwen/opd/step_040/E_ood.L18.main.direction.pt,stage4_direction_singular_values,128,0.02452851585688585,0.025843627358323986,0.02547148414311415,-0.024156372641676017,-0.024156372641676017,1.046837948191126,1.4240966516177596,0.9552576898152583,0.9784434236411531,0
qwen,opd,40,E_ood,18,mlp.down_proj,0.1,1,displacement_rank,/root/autodl-tmp/cycle09_stage4_state_displacement/cells/qwen/opd/step_040/E_ood.L18.main.direction.pt,stage4_direction_singular_values,128,0.04474231018474181,1.0,0.00525768981525819,0.95,0.00525768981525819,1.046837948191126,1.4240966516177596,0.9552576898152583,0.9784434236411531,0
qwen,opd,40,E_if,18,self_attn.q_proj,0.01,11,displacement_rank,/root/autodl-tmp/cycle09_stage4_state_displacement/cells/qwen/opd/step_040/E_if.L18.main.direction.pt,stage4_direction_singular_values,128,0.006933835530922942,0.007438044062128708,0.04306616446907706,-0.04256195593787129,-0.04256195593787129,1.038523393829868,1.2901669185510076,0.9629056080404687,0.9925619559378712,0
qwen,opd,40,E_if,18,self_attn.q_proj,0.025,3,displacement_rank,/root/autodl-tmp/cycle09_stage4_state_displacement/cells/qwen/opd/step_040/E_if.L18.main.direction.pt,stage4_direction_singular_values,128,0.016257434135583834,0.02304068249931909,0.033742565864416166,-0.026959317500680913,-0.026959317500680913,1.038523393829868,1.2901669185510076,0.9629056080404687,0.9925619559378712,0
qwen,opd,40,E_if,18,self_attn.q_proj,0.05,1,displacement_rank,/root/autodl-tmp/cycle09_stage4_state_displacement/cells/qwen/opd/step_040/E_if.L18.main.direction.pt,stage4_direction_singular_values,128,0.03709439195953119,1.0,0.012905608040468815,0.95,0.012905608040468815,1.038523393829868,1.2901669185510076,0.9629056080404687,0.9925619559378712,0
qwen,opd,40,E_if,18,self_attn.q_proj,0.1,1,displacement_rank,/root/autodl-tmp/cycle09_stage4_state_displacement/cells/qwen/opd/step_040/E_if.L18.main.direction.pt,stage4_direction_singular_values,128,0.03709439195953119,1.0,0.012905608040468815,0.95,0.012905608040468815,1.038523393829868,1.2901669185510076,0.9629056080404687,0.9925619559378712,0
qwen,opd,40,E_if,18,self_attn.k_proj,0.01,18,displacement_rank,/root/autodl-tmp/cycle09_stage4_state_displacement/cells/qwen/opd/step_040/E_if.L18.main.direction.pt,stage4_direction_singular_values,128,0.006555713960652614,0.006877613168940359,0.043444286039347385,-0.04312238683105964,-0.04312238683105964,1.075308173357451,1.5105042944936833,0.9299659621089691,0.9899422902330739,0
qwen,opd,40,E_if,18,self_attn.k_proj,0.025,4,displacement_rank,/root/autodl-tmp/cycle09_stage4_state_displacement/cells/qwen/opd/step_040/E_if.L18.main.direction.pt,stage4_direction_singular_values,128,0.020138920300066622,0.02554759181954671,0.02986107969993338,-0.024452408180453293,-0.024452408180453293,1.075308173357451,1.5105042944936833,0.9299659621089691,0.9899422902330739,0
qwen,opd,40,E_if,18,self_attn.k_proj,0.05,2,displacement_rank,/root/autodl-tmp/cycle09_stage4_state_displacement/cells/qwen/opd/step_040/E_if.L18.main.direction.pt,stage4_direction_singular_values,128,0.03880275214431836,0.0700340378910309,0.011197247855681644,0.020034037891030892,0.011197247855681644,1.075308173357451,1.5105042944936833,0.9299659621089691,0.9899422902330739,0
qwen,opd,40,E_if,18,self_attn.k_proj,0.1,1,displacement_rank,/root/autodl-tmp/cycle09_stage4_state_displacement/cells/qwen/opd/step_040/E_if.L18.main.direction.pt,stage4_direction_singular_values,128,0.0700340378910309,0.9999999999999998,-0.020034037891030892,0.9499999999999997,-0.020034037891030892,1.075308173357451,1.5105042944936833,0.9299659621089691,0.9899422902330739,0
qwen,opd,40,E_if,18,self_attn.v_proj,0.01,4,displacement_rank,/root/autodl-tmp/cycle09_stage4_state_displacement/cells/qwen/opd/step_040/E_if.L18.main.direction.pt,stage4_direction_singular_values,128,0.007414829568649639,0.009391027925572734,0.042585170431350364,-0.04060897207442727,-0.04060897207442727,1.0252519991818703,1.190363823282165,0.975369958603328,0.9959897779437478,0
qwen,opd,40,E_if,18,self_attn.v_proj,0.025,2,displacement_rank,/root/autodl-tmp/cycle09_stage4_state_displacement/cells/qwen/opd/step_040/E_if.L18.main.direction.pt,stage4_direction_singular_values,128,0.014281340265741958,0.024630041396672214,0.03571865973425804,-0.02536995860332779,-0.02536995860332779,1.0252519991818703,1.190363823282165,0.975369958603328,0.9959897779437478,0
qwen,opd,40,E_if,18,self_attn.v_proj,0.05,1,displacement_rank,/root/autodl-tmp/cycle09_stage4_state_displacement/cells/qwen/opd/step_040/E_if.L18.main.direction.pt,stage4_direction_singular_values,128,0.024630041396672214,1.0,0.02536995860332779,0.95,0.02536995860332779,1.0252519991818703,1.190363823282165,0.975369958603328,0.9959897779437478,0
qwen,opd,40,E_if,18,self_attn.v_proj,0.1,1,displacement_rank,/root/autodl-tmp/cycle09_stage4_state_displacement/cells/qwen/opd/step_040/E_if.L18.main.direction.pt,stage4_direction_singular_values,128,0.024630041396672214,1.0,0.02536995860332779,0.95,0.02536995860332779,1.0252519991818703,1.190363823282165,0.975369958603328,0.9959897779437478,0
qwen,opd,40,E_if,18,self_attn.o_proj,0.01,23,displacement_rank,/root/autodl-tmp/cycle09_stage4_state_displacement/cells/qwen/opd/step_040/E_if.L18.main.direction.pt,stage4_direction_singular_values,128,0.005744382867027411,0.005950670266859192,0.04425561713297259,-0.04404932973314081,-0.04404932973314081,1.107308526215507,1.5746447680538562,0.9030906710505882,0.9899230923373378,0
qwen,opd,40,E_if,18,self_attn.o_proj,0.025,3,displacement_rank,/root/autodl-tmp/cycle09_stage4_state_displacement/cells/qwen/opd/step_040/E_if.L18.main.direction.pt,stage4_direction_singular_values,128,0.018752387159807645,0.022969902113149376,0.031247612840192358,-0.027030097886850627,-0.027030097886850627,1.107308526215507,1.5746447680538562,0.9030906710505882,0.9899230923373378,0
qwen,opd,40,E_if,18,self_attn.o_proj,0.05,2,displacement_rank,/root/autodl-tmp/cycle09_stage4_state_displacement/cells/qwen/opd/step_040/E_if.L18.main.direction.pt,stage4_direction_singular_values,128,0.022969902113149376,0.09690932894941182,0.027030097886850627,0.04690932894941181,0.027030097886850627,1.107308526215507,1.5746447680538562,0.9030906710505882,0.9899230923373378,0
qwen,opd,40,E_if,18,self_attn.o_proj,0.1,2,displacement_rank,/root/autodl-tmp/cycle09_stage4_state_displacement/cells/qwen/opd/step_040/E_if.L18.main.direction.pt,stage4_direction_singular_values,128,0.022969902113149376,0.09690932894941182,0.027030097886850627,0.04690932894941181,0.027030097886850627,1.107308526215507,1.5746447680538562,0.9030906710505882,0.9899230923373378,0
qwen,opd,40,E_if,18,mlp.gate_proj,0.01,260,displacement_rank,/root/autodl-tmp/cycle09_stage4_state_displacement/cells/qwen/opd/step_040/E_if.L18.main.direction.pt,stage4_direction_singular_values,128,0.0,4.519293616122082e-05,0.05,-0.049954807063838785,-0.049954807063838785,1.0948232040273198,1.814992329265118,0.9133894827233187,0.964779382194628,0
qwen,opd,40,E_if,18,mlp.gate_proj,0.025,33,displacement_rank,/root/autodl-tmp/cycle09_stage4_state_displacement/cells/qwen/opd/step_040/E_if.L18.main.direction.pt,stage4_direction_singular_values,128,0.010746110548317075,0.01121992836119306,0.03925388945168293,-0.038780071638806944,-0.038780071638806944,1.0948232040273198,1.814992329265118,0.9133894827233187,0.964779382194628,0
qwen,opd,40,E_if,18,mlp.gate_proj,0.05,10,displacement_rank,/root/autodl-tmp/cycle09_stage4_state_displacement/cells/qwen/opd/step_040/E_if.L18.main.direction.pt,stage4_direction_singular_values,128,0.035220617805372,0.03769293527897619,0.014779382194628002,-0.01230706472102381,-0.01230706472102381,1.0948232040273198,1.814992329265118,0.9133894827233187,0.964779382194628,0
qwen,opd,40,E_if,18,mlp.gate_proj,0.1,1,displacement_rank,/root/autodl-tmp/cycle09_stage4_state_displacement/cells/qwen/opd/step_040/E_if.L18.main.direction.pt,stage4_direction_singular_values,128,0.08661051727668133,1.0000000000000002,-0.036610517276681326,0.9500000000000002,-0.036610517276681326,1.0948232040273198,1.814992329265118,0.9133894827233187,0.964779382194628,0
qwen,opd,40,E_if,18,mlp.up_proj,0.01,134,displacement_rank,/root/autodl-tmp/cycle09_stage4_state_displacement/cells/qwen/opd/step_040/E_if.L18.main.direction.pt,stage4_direction_singular_values,128,0.0,3.2003463845050455e-05,0.05,-0.049967996536154954,-0.049967996536154954,1.061112108922694,1.5116393146554952,0.9424074907742418,0.9790014709060691,0
qwen,opd,40,E_if,18,mlp.up_proj,0.025,17,displacement_rank,/root/autodl-tmp/cycle09_stage4_state_displacement/cells/qwen/opd/step_040/E_if.L18.main.direction.pt,stage4_direction_singular_values,128,0.014273595467028284,0.01506084970456983,0.03572640453297172,-0.03493915029543017,-0.03493915029543017,1.061112108922694,1.5116393146554952,0.9424074907742418,0.9790014709060691,0
qwen,opd,40,E_if,18,mlp.up_proj,0.05,3,displacement_rank,/root/autodl-tmp/cycle09_stage4_state_displacement/cells/qwen/opd/step_040/E_if.L18.main.direction.pt,stage4_direction_singular_values,128,0.03780111255959939,0.04352085615234031,0.01219888744040061,-0.006479143847659692,-0.006479143847659692,1.061112108922694,1.5116393146554952,0.9424074907742418,0.9790014709060691,0
qwen,opd,40,E_if,18,mlp.up_proj,0.1,1,displacement_rank,/root/autodl-tmp/cycle09_stage4_state_displacement/cells/qwen/opd/step_040/E_if.L18.main.direction.pt,stage4_direction_singular_values,128,0.05759250922575857,1.0000000000000004,-0.007592509225758569,0.9500000000000004,-0.007592509225758569,1.061112108922694,1.5116393146554952,0.9424074907742418,0.9790014709060691,0
qwen,opd,40,E_if,18,mlp.down_proj,0.01,368,displacement_rank,/root/autodl-tmp/cycle09_stage4_state_displacement/cells/qwen/opd/step_040/E_if.L18.main.direction.pt,stage4_direction_singular_values,128,0.0,5.084775015767733e-05,0.05,-0.049949152249842324,-0.049949152249842324,1.0440743192477415,1.3819895045971764,0.9577862241842159,0.982660314576693,0
qwen,opd,40,E_if,18,mlp.down_proj,0.025,38,displacement_rank,/root/autodl-tmp/cycle09_stage4_state_displacement/cells/qwen/opd/step_040/E_if.L18.main.direction.pt,stage4_direction_singular_values,128,0.008021062650490903,0.00820020853694485,0.041978937349509096,-0.04179979146305515,-0.04179979146305515,1.0440743192477415,1.3819895045971764,0.9577862241842159,0.982660314576693,0
qwen,opd,40,E_if,18,mlp.down_proj,0.05,2,displacement_rank,/root/autodl-tmp/cycle09_stage4_state_displacement/cells/qwen/opd/step_040/E_if.L18.main.direction.pt,stage4_direction_singular_values,128,0.03131497287380611,0.04221377581578429,0.018685027126193895,-0.0077862241842157134,-0.0077862241842157134,1.0440743192477415,1.3819895045971764,0.9577862241842159,0.982660314576693,0
qwen,opd,40,E_if,18,mlp.down_proj,0.1,1,displacement_rank,/root/autodl-tmp/cycle09_stage4_state_displacement/cells/qwen/opd/step_040/E_if.L18.main.direction.pt,stage4_direction_singular_values,128,0.04221377581578429,1.0,0.0077862241842157134,0.95,0.0077862241842157134,1.0440743192477415,1.3819895045971764,0.9577862241842159,0.982660314576693,0
qwen,opd,80,E_general,18,self_attn.q_proj,0.01,101,displacement_rank,/root/autodl-tmp/cycle09_stage4_state_displacement/cells/qwen/opd/step_080/E_general.L18.main.direction.pt,stage4_direction_singular_values,128,0.0009090524168177573,0.0009470423650503829,0.04909094758318225,-0.04905295763494962,-0.04905295763494962,1.1755275605705495,2.1248606396143543,0.8506818840679873,0.9771739031734545,0
qwen,opd,80,E_general,18,self_attn.q_proj,0.025,16,displacement_rank,/root/autodl-tmp/cycle09_stage4_state_displacement/cells/qwen/opd/step_080/E_general.L18.main.direction.pt,stage4_direction_singular_values,128,0.015456381875578993,0.016343890675385327,0.03454361812442101,-0.03365610932461467,-0.03365610932461467,1.1755275605705495,2.1248606396143543,0.8506818840679873,0.9771739031734545,0
qwen,opd,80,E_general,18,self_attn.q_proj,0.05,5,displacement_rank,/root/autodl-tmp/cycle09_stage4_state_displacement/cells/qwen/opd/step_080/E_general.L18.main.direction.pt,stage4_direction_singular_values,128,0.03623113708420823,0.04264188570972562,0.013768862915791776,-0.00735811429027438,-0.00735811429027438,1.1755275605705495,2.1248606396143543,0.8506818840679873,0.9771739031734545,0
qwen,opd,80,E_general,18,self_attn.q_proj,0.1,2,displacement_rank,/root/autodl-tmp/cycle09_stage4_state_displacement/cells/qwen/opd/step_080/E_general.L18.main.direction.pt,stage4_direction_singular_values,128,0.0784313253394901,0.14931811593201263,-0.028431325339490096,0.09931811593201263,-0.028431325339490096,1.1755275605705495,2.1248606396143543,0.8506818840679873,0.9771739031734545,0
qwen,opd,80,E_general,18,self_attn.k_proj,0.01,50,displacement_rank,/root/autodl-tmp/cycle09_stage4_state_displacement/cells/qwen/opd/step_080/E_general.L18.main.direction.pt,stage4_direction_singular_values,128,0.003806568696973887,0.003903450889724103,0.04619343130302612,-0.0460965491102759,-0.0460965491102759,1.1431128242448567,1.955954811012176,0.8748042877225198,0.9808434238763457,0
qwen,opd,80,E_general,18,self_attn.k_proj,0.025,11,displacement_rank,/root/autodl-tmp/cycle09_stage4_state_displacement/cells/qwen/opd/step_080/E_general.L18.main.direction.pt,stage4_direction_singular_values,128,0.01765577712754079,0.019156576123654363,0.03234422287245921,-0.03084342387634564,-0.03084342387634564,1.1431128242448567,1.955954811012176,0.8748042877225198,0.9808434238763457,0
qwen,opd,80,E_general,18,self_attn.k_proj,0.05,4,displacement_rank,/root/autodl-tmp/cycle09_stage4_state_displacement/cells/qwen/opd/step_080/E_general.L18.main.direction.pt,stage4_direction_singular_values,128,0.03740065067021787,0.04620238314077129,0.012599349329782135,-0.0037976168592287127,-0.0037976168592287127,1.1431128242448567,1.955954811012176,0.8748042877225198,0.9808434238763457,0
qwen,opd,80,E_general,18,self_attn.k_proj,0.1,2,displacement_rank,/root/autodl-tmp/cycle09_stage4_state_displacement/cells/qwen/opd/step_080/E_general.L18.main.direction.pt,stage4_direction_singular_values,128,0.0832841595866006,0.1251957122774802,-0.033284159586600595,0.07519571227748019,-0.033284159586600595,1.1431128242448567,1.955954811012176,0.8748042877225198,0.9808434238763457,0
qwen,opd,80,E_general,18,self_attn.v_proj,0.01,9,displacement_rank,/root/autodl-tmp/cycle09_stage4_state_displacement/cells/qwen/opd/step_080/E_general.L18.main.direction.pt,stage4_direction_singular_values,128,0.006439884442013237,0.006996816926363996,0.043560115557986764,-0.04300318307363601,-0.04300318307363601,1.0421730757730379,1.297367580353917,0.9595335201480275,0.9940215318482039,0
qwen,opd,80,E_general,18,self_attn.v_proj,0.025,3,displacement_rank,/root/autodl-tmp/cycle09_stage4_state_displacement/cells/qwen/opd/step_080/E_general.L18.main.direction.pt,stage4_direction_singular_values,128,0.013752807774226739,0.0219838694996746,0.036247192225773266,-0.028016130500325403,-0.028016130500325403,1.0421730757730379,1.297367580353917,0.9595335201480275,0.9940215318482039,0
qwen,opd,80,E_general,18,self_attn.v_proj,0.05,1,displacement_rank,/root/autodl-tmp/cycle09_stage4_state_displacement/cells/qwen/opd/step_080/E_general.L18.main.direction.pt,stage4_direction_singular_values,128,0.04046647985197246,1.0,0.009533520148027545,0.95,0.009533520148027545,1.0421730757730379,1.297367580353917,0.9595335201480275,0.9940215318482039,0
qwen,opd,80,E_general,18,self_attn.v_proj,0.1,1,displacement_rank,/root/autodl-tmp/cycle09_stage4_state_displacement/cells/qwen/opd/step_080/E_general.L18.main.direction.pt,stage4_direction_singular_values,128,0.04046647985197246,1.0,0.009533520148027545,0.95,0.009533520148027545,1.0421730757730379,1.297367580353917,0.9595335201480275,0.9940215318482039,0
qwen,opd,80,E_general,18,self_attn.o_proj,0.01,302,displacement_rank,/root/autodl-tmp/cycle09_stage4_state_displacement/cells/qwen/opd/step_080/E_general.L18.main.direction.pt,stage4_direction_singular_values,128,0.0,8.186521929572641e-05,0.05,-0.049918134780704275,-0.049918134780704275,1.6209661159221942,3.920514842559908,0.6169160417218738,0.9532103341351926,0
qwen,opd,80,E_general,18,self_attn.o_proj,0.025,68,displacement_rank,/root/autodl-tmp/cycle09_stage4_state_displacement/cells/qwen/opd/step_080/E_general.L18.main.direction.pt,stage4_direction_singular_values,128,0.007058720033538933,0.007243116747775091,0.04294127996646107,-0.04275688325222491,-0.04275688325222491,1.6209661159221942,3.920514842559908,0.6169160417218738,0.9532103341351926,0
qwen,opd,80,E_general,18,self_attn.o_proj,0.05,17,displacement_rank,/root/autodl-tmp/cycle09_stage4_state_displacement/cells/qwen/opd/step_080/E_general.L18.main.direction.pt,stage4_direction_singular_values,128,0.031971247207410826,0.03355925550115485,0.018028752792589177,-0.016440744498845153,-0.016440744498845153,1.6209661159221942,3.920514842559908,0.6169160417218738,0.9532103341351926,0
qwen,opd,80,E_general,18,self_attn.o_proj,0.1,4,displacement_rank,/root/autodl-tmp/cycle09_stage4_state_displacement/cells/qwen/opd/step_080/E_general.L18.main.direction.pt,stage4_direction_singular_values,128,0.08016303101432615,0.10676511005483784,-0.030163031014326144,0.056765110054837836,-0.030163031014326144,1.6209661159221942,3.920514842559908,0.6169160417218738,0.9532103341351926,0
qwen,opd,80,E_general,18,mlp.gate_proj,0.01,459,displacement_rank,/root/autodl-tmp/cycle09_stage4_state_displacement/cells/qwen/opd/step_080/E_general.L18.main.direction.pt,stage4_direction_singular_values,128,0.0,5.1776630693647644e-05,0.05,-0.049948223369306356,-0.049948223369306356,1.1379954215584875,2.150753315658737,0.8787381575142874,0.9532439818187686,0
qwen,opd,80,E_general,18,mlp.gate_proj,0.025,53,displacement_rank,/root/autodl-tmp/cycle09_stage4_state_displacement/cells/qwen/opd/step_080/E_general.L18.main.direction.pt,stage4_direction_singular_values,128,0.005981387495362927,0.006131913575289919,0.044018612504637074,-0.04386808642471009,-0.04386808642471009,1.1379954215584875,2.150753315658737,0.8787381575142874,0.9532439818187686,0
qwen,opd,80,E_general,18,mlp.gate_proj,0.05,17,displacement_rank,/root/autodl-tmp/cycle09_stage4_state_displacement/cells/qwen/opd/step_080/E_general.L18.main.direction.pt,stage4_direction_singular_values,128,0.030195400492241307,0.0320778383638389,0.019804599507758695,-0.017922161636161102,-0.017922161636161102,1.1379954215584875,2.150753315658737,0.8787381575142874,0.9532439818187686,0
qwen,opd,80,E_general,18,mlp.gate_proj,0.1,3,displacement_rank,/root/autodl-tmp/cycle09_stage4_state_displacement/cells/qwen/opd/step_080/E_general.L18.main.direction.pt,stage4_direction_singular_values,128,0.07850410332551809,0.08663329428190791,-0.028504103325518088,0.03663329428190791,-0.028504103325518088,1.1379954215584875,2.150753315658737,0.8787381575142874,0.9532439818187686,0
qwen,opd,80,E_general,18,mlp.up_proj,0.01,222,displacement_rank,/root/autodl-tmp/cycle09_stage4_state_displacement/cells/qwen/opd/step_080/E_general.L18.main.direction.pt,stage4_direction_singular_values,128,0.0,3.256424477453337e-05,0.05,-0.04996743575522547,-0.04996743575522547,1.072329131901615,1.6025706937258137,0.9325495039257675,0.9747432116022714,0
qwen,opd,80,E_general,18,mlp.up_proj,0.025,20,displacement_rank,/root/autodl-tmp/cycle09_stage4_state_displacement/cells/qwen/opd/step_080/E_general.L18.main.direction.pt,stage4_direction_singular_values,128,0.012567517824669399,0.01338310218444315,0.0374324821753306,-0.036616897815556854,-0.036616897815556854,1.072329131901615,1.6025706937258137,0.9325495039257675,0.9747432116022714,0
qwen,opd,80,E_general,18,mlp.up_proj,0.05,5,displacement_rank,/root/autodl-tmp/cycle09_stage4_state_displacement/cells/qwen/opd/step_080/E_general.L18.main.direction.pt,stage4_direction_singular_values,128,0.03811807098226216,0.041904495521636234,0.011881929017737845,-0.008095504478363769,-0.008095504478363769,1.072329131901615,1.6025706937258137,0.9325495039257675,0.9747432116022714,0
qwen,opd,80,E_general,18,mlp.up_proj,0.1,1,displacement_rank,/root/autodl-tmp/cycle09_stage4_state_displacement/cells/qwen/opd/step_080/E_general.L18.main.direction.pt,stage4_direction_singular_values,128,0.06745049607423252,0.9999999999999999,-0.01745049607423252,0.9499999999999998,-0.01745049607423252,1.072329131901615,1.6025706937258137,0.9325495039257675,0.9747432116022714,0
qwen,opd,80,E_general,18,mlp.down_proj,0.01,1107,displacement_rank,/root/autodl-tmp/cycle09_stage4_state_displacement/cells/qwen/opd/step_080/E_general.L18.main.direction.pt,stage4_direction_singular_values,128,0.0,0.00013221135781296646,0.05,-0.049867788642187036,-0.049867788642187036,1.106663291182277,1.9538544330502765,0.9036172139871688,0.9571838876569377,0
qwen,opd,80,E_general,18,mlp.down_proj,0.025,546,displacement_rank,/root/autodl-tmp/cycle09_stage4_state_displacement/cells/qwen/opd/step_080/E_general.L18.main.direction.pt,stage4_direction_singular_values,128,0.0,0.00013221135781296646,0.05,-0.049867788642187036,-0.049867788642187036,1.106663291182277,1.9538544330502765,0.9036172139871688,0.9571838876569377,0
qwen,opd,80,E_general,18,mlp.down_proj,0.05,159,displacement_rank,/root/autodl-tmp/cycle09_stage4_state_displacement/cells/qwen/opd/step_080/E_general.L18.main.direction.pt,stage4_direction_singular_values,128,0.0,0.00013221135781296646,0.05,-0.049867788642187036,-0.049867788642187036,1.106663291182277,1.9538544330502765,0.9036172139871688,0.9571838876569377,0
qwen,opd,80,E_general,18,mlp.down_proj,0.1,7,displacement_rank,/root/autodl-tmp/cycle09_stage4_state_displacement/cells/qwen/opd/step_080/E_general.L18.main.direction.pt,stage4_direction_singular_values,128,0.048835004842808706,0.05142275953784545,0.0011649951571912967,0.0014227595378454444,0.0011649951571912967,1.106663291182277,1.9538544330502765,0.9036172139871688,0.9571838876569377,0
qwen,opd,80,E_math,18,self_attn.q_proj,0.01,72,displacement_rank,/root/autodl-tmp/cycle09_stage4_state_displacement/cells/qwen/opd/step_080/E_math.L18.main.direction.pt,stage4_direction_singular_values,128,0.0029749209182510887,0.0030503707041047733,0.04702507908174891,-0.04694962929589523,-0.04694962929589523,1.1560269269076369,2.0990804939890118,0.8650317537801584,0.9746092834045577,0
qwen,opd,80,E_math,18,self_attn.q_proj,0.025,16,displacement_rank,/root/autodl-tmp/cycle09_stage4_state_displacement/cells/qwen/opd/step_080/E_math.L18.main.direction.pt,stage4_direction_singular_values,128,0.017353159824694608,0.018390271840485254,0.03264684017530539,-0.03160972815951475,-0.03160972815951475,1.1560269269076369,2.0990804939890118,0.8650317537801584,0.9746092834045577,0
qwen,opd,80,E_math,18,self_attn.q_proj,0.05,5,displacement_rank,/root/autodl-tmp/cycle09_stage4_state_displacement/cells/qwen/opd/step_080/E_math.L18.main.direction.pt,stage4_direction_singular_values,128,0.04171108354321286,0.04900076695516401,0.008288916456787143,-0.0009992330448359912,-0.0009992330448359912,1.1560269269076369,2.0990804939890118,0.8650317537801584,0.9746092834045577,0
qwen,opd,80,E_math,18,self_attn.q_proj,0.1,2,displacement_rank,/root/autodl-tmp/cycle09_stage4_state_displacement/cells/qwen/opd/step_080/E_math.L18.main.direction.pt,stage4_direction_singular_values,128,0.0860820477601096,0.1349682462198418,-0.03608204776010959,0.0849682462198418,-0.03608204776010959,1.1560269269076369,2.0990804939890118,0.8650317537801584,0.9746092834045577,0
qwen,opd,80,E_math,18,self_attn.k_proj,0.01,31,displacement_rank,/root/autodl-tmp/cycle09_stage4_state_displacement/cells/qwen/opd/step_080/E_math.L18.main.direction.pt,stage4_direction_singular_values,128,0.006155125607879351,0.006365546402892306,0.043844874392120654,-0.0436344535971077,-0.0436344535971077,1.112973915663568,1.7797297942061876,0.8984936537383162,0.9831662735715869,0
qwen,opd,80,E_math,18,self_attn.k_proj,0.025,8,displacement_rank,/root/autodl-tmp/cycle09_stage4_state_displacement/cells/qwen/opd/step_080/E_math.L18.main.direction.pt,stage4_direction_singular_values,128,0.019602849196282357,0.021630465647764423,0.030397150803717646,-0.02836953435223558,-0.02836953435223558,1.112973915663568,1.7797297942061876,0.8984936537383162,0.9831662735715869,0
qwen,opd,80,E_math,18,self_attn.k_proj,0.05,3,displacement_rank,/root/autodl-tmp/cycle09_stage4_state_displacement/cells/qwen/opd/step_080/E_math.L18.main.direction.pt,stage4_direction_singular_values,128,0.04063422426990136,0.06472086526518452,0.009365775730098641,0.014720865265184513,0.009365775730098641,1.112973915663568,1.7797297942061876,0.8984936537383162,0.9831662735715869,0
qwen,opd,80,E_math,18,self_attn.k_proj,0.1,2,displacement_rank,/root/autodl-tmp/cycle09_stage4_state_displacement/cells/qwen/opd/step_080/E_math.L18.main.direction.pt,stage4_direction_singular_values,128,0.06472086526518452,0.10150634626168373,-0.014720865265184513,0.051506346261683725,-0.014720865265184513,1.112973915663568,1.7797297942061876,0.8984936537383162,0.9831662735715869,0
qwen,opd,80,E_math,18,self_attn.v_proj,0.01,8,displacement_rank,/root/autodl-tmp/cycle09_stage4_state_displacement/cells/qwen/opd/step_080/E_math.L18.main.direction.pt,stage4_direction_singular_values,128,0.007017520499503272,0.007588443774742782,0.04298247950049673,-0.04241155622525722,-0.04241155622525722,1.0428407573576355,1.2989475825089567,0.9589191762449083,0.9937890759669044,0
qwen,opd,80,E_math,18,self_attn.v_proj,0.025,2,displacement_rank,/root/autodl-tmp/cycle09_stage4_state_displacement/cells/qwen/opd/step_080/E_math.L18.main.direction.pt,stage4_direction_singular_values,128,0.019693883228446663,0.04108082375509194,0.03030611677155334,-0.00891917624490806,-0.00891917624490806,1.0428407573576355,1.2989475825089567,0.9589191762449083,0.9937890759669044,0
qwen,opd,80,E_math,18,self_attn.v_proj,0.05,1,displacement_rank,/root/autodl-tmp/cycle09_stage4_state_displacement/cells/qwen/opd/step_080/E_math.L18.main.direction.pt,stage4_direction_singular_values,128,0.04108082375509194,1.0000000000000002,0.00891917624490806,0.9500000000000002,0.00891917624490806,1.0428407573576355,1.2989475825089567,0.9589191762449083,0.9937890759669044,0
qwen,opd,80,E_math,18,self_attn.v_proj,0.1,1,displacement_rank,/root/autodl-tmp/cycle09_stage4_state_displacement/cells/qwen/opd/step_080/E_math.L18.main.direction.pt,stage4_direction_singular_values,128,0.04108082375509194,1.0000000000000002,0.00891917624490806,0.9500000000000002,0.00891917624490806,1.0428407573576355,1.2989475825089567,0.9589191762449083,0.9937890759669044,0
qwen,opd,80,E_math,18,self_attn.o_proj,0.01,134,displacement_rank,/root/autodl-tmp/cycle09_stage4_state_displacement/cells/qwen/opd/step_080/E_math.L18.main.direction.pt,stage4_direction_singular_values,128,0.0,7.104379518490443e-05,0.05,-0.0499289562048151,-0.0499289562048151,2.1721305300492215,4.515785733839874,0.46037748936632256,0.9522537319396569,0
qwen,opd,80,E_math,18,self_attn.o_proj,0.025,40,displacement_rank,/root/autodl-tmp/cycle09_stage4_state_displacement/cells/qwen/opd/step_080/E_math.L18.main.direction.pt,stage4_direction_singular_values,128,0.014390831706215388,0.014806702581438996,0.03560916829378462,-0.035193297418561004,-0.035193297418561004,2.1721305300492215,4.515785733839874,0.46037748936632256,0.9522537319396569,0
qwen,opd,80,E_math,18,self_attn.o_proj,0.05,13,displacement_rank,/root/autodl-tmp/cycle09_stage4_state_displacement/cells/qwen/opd/step_080/E_math.L18.main.direction.pt,stage4_direction_singular_values,128,0.039249748333554026,0.0417376190330867,0.010750251666445977,-0.008262380966913306,-0.008262380966913306,2.1721305300492215,4.515785733839874,0.46037748936632256,0.9522537319396569,0
qwen,opd,80,E_math,18,self_attn.o_proj,0.1,4,displacement_rank,/root/autodl-tmp/cycle09_stage4_state_displacement/cells/qwen/opd/step_080/E_math.L18.main.direction.pt,stage4_direction_singular_values,128,0.08056172327352328,0.09983673578715452,-0.030561723273523272,0.049836735787154515,-0.030561723273523272,2.1721305300492215,4.515785733839874,0.46037748936632256,0.9522537319396569,0
qwen,opd,80,E_math,18,mlp.gate_proj,0.01,160,displacement_rank,/root/autodl-tmp/cycle09_stage4_state_displacement/cells/qwen/opd/step_080/E_math.L18.main.direction.pt,stage4_direction_singular_values,128,0.0,5.788886323647532e-05,0.05,-0.04994211113676353,-0.04994211113676353,1.1320576170872414,2.080475699747838,0.8833472651091535,0.9584434249324266,0
qwen,opd,80,E_math,18,mlp.gate_proj,0.025,31,displacement_rank,/root/autodl-tmp/cycle09_stage4_state_displacement/cells/qwen/opd/step_080/E_math.L18.main.direction.pt,stage4_direction_singular_values,128,0.013294296934744697,0.013934040573292887,0.03670570306525531,-0.036065959426707116,-0.036065959426707116,1.1320576170872414,2.080475699747838,0.8833472651091535,0.9584434249324266,0
qwen,opd,80,E_math,18,mlp.gate_proj,0.05,12,displacement_rank,/root/autodl-tmp/cycle09_stage4_state_displacement/cells/qwen/opd/step_080/E_math.L18.main.direction.pt,stage4_direction_singular_values,128,0.03670204814262525,0.038948380298200753,0.01329795185737475,-0.01105161970179925,-0.01105161970179925,1.1320576170872414,2.080475699747838,0.8833472651091535,0.9584434249324266,0
qwen,opd,80,E_math,18,mlp.gate_proj,0.1,2,displacement_rank,/root/autodl-tmp/cycle09_stage4_state_displacement/cells/qwen/opd/step_080/E_math.L18.main.direction.pt,stage4_direction_singular_values,128,0.07961988495103554,0.11665273489084642,-0.02961988495103554,0.06665273489084642,-0.02961988495103554,1.1320576170872414,2.080475699747838,0.8833472651091535,0.9584434249324266,0
qwen,opd,80,E_math,18,mlp.up_proj,0.01,157,displacement_rank,/root/autodl-tmp/cycle09_stage4_state_displacement/cells/qwen/opd/step_080/E_math.L18.main.direction.pt,stage4_direction_singular_values,128,0.0,5.634976980051798e-05,0.05,-0.049943650230199484,-0.049943650230199484,1.1103708737686977,1.9217157546937516,0.9005999919701702,0.9652874475846283,0
qwen,opd,80,E_math,18,mlp.up_proj,0.025,28,displacement_rank,/root/autodl-tmp/cycle09_stage4_state_displacement/cells/qwen/opd/step_080/E_math.L18.main.direction.pt,stage4_direction_singular_values,128,0.013518758958944993,0.01405822885899685,0.03648124104105501,-0.03594177114100315,-0.03594177114100315,1.1103708737686977,1.9217157546937516,0.9005999919701702,0.9652874475846283,0
qwen,opd,80,E_math,18,mlp.up_proj,0.05,9,displacement_rank,/root/autodl-tmp/cycle09_stage4_state_displacement/cells/qwen/opd/step_080/E_math.L18.main.direction.pt,stage4_direction_singular_values,128,0.03729751972206207,0.04057073623989131,0.012702480277937932,-0.009429263760108691,-0.009429263760108691,1.1103708737686977,1.9217157546937516,0.9005999919701702,0.9652874475846283,0
qwen,opd,80,E_math,18,mlp.up_proj,0.1,2,displacement_rank,/root/autodl-tmp/cycle09_stage4_state_displacement/cells/qwen/opd/step_080/E_math.L18.main.direction.pt,stage4_direction_singular_values,128,0.07599953996449706,0.09940000802983011,-0.025999539964497054,0.049400008029830106,-0.025999539964497054,1.1103708737686977,1.9217157546937516,0.9005999919701702,0.9652874475846283,0
qwen,opd,80,E_math,18,mlp.down_proj,0.01,484,displacement_rank,/root/autodl-tmp/cycle09_stage4_state_displacement/cells/qwen/opd/step_080/E_math.L18.main.direction.pt,stage4_direction_singular_values,128,0.0,0.00015477760746136364,0.05,-0.04984522239253864,-0.04984522239253864,1.1239444888540384,2.0838778682155548,0.8897236562097378,0.9544779777465171,0
qwen,opd,80,E_math,18,mlp.down_proj,0.025,211,displacement_rank,/root/autodl-tmp/cycle09_stage4_state_displacement/cells/qwen/opd/step_080/E_math.L18.main.direction.pt,stage4_direction_singular_values,128,0.0,0.00015477760746136364,0.05,-0.04984522239253864,-0.04984522239253864,1.1239444888540384,2.0838778682155548,0.8897236562097378,0.9544779777465171,0
qwen,opd,80,E_math,18,mlp.down_proj,0.05,55,displacement_rank,/root/autodl-tmp/cycle09_stage4_state_displacement/cells/qwen/opd/step_080/E_math.L18.main.direction.pt,stage4_direction_singular_values,128,0.01584820598533291,0.01618242370350344,0.03415179401466709,-0.033817576296496565,-0.033817576296496565,1.1239444888540384,2.0838778682155548,0.8897236562097378,0.9544779777465171,0
qwen,opd,80,E_math,18,mlp.down_proj,0.1,3,displacement_rank,/root/autodl-tmp/cycle09_stage4_state_displacement/cells/qwen/opd/step_080/E_math.L18.main.direction.pt,stage4_direction_singular_values,128,0.06549046102449145,0.0802255949444639,-0.015490461024491448,0.03022559494446389,-0.015490461024491448,1.1239444888540384,2.0838778682155548,0.8897236562097378,0.9544779777465171,0
qwen,opd,80,E_ood,18,self_attn.q_proj,0.01,73,displacement_rank,/root/autodl-tmp/cycle09_stage4_state_displacement/cells/qwen/opd/step_080/E_ood.L18.main.direction.pt,stage4_direction_singular_values,128,0.0020286557659798332,0.0020836518860507577,0.04797134423402017,-0.04791634811394924,-0.04791634811394924,1.1637784206636679,2.062268550848628,0.8592701000846279,0.9780907188150706,0
qwen,opd,80,E_ood,18,self_attn.q_proj,0.025,14,displacement_rank,/root/autodl-tmp/cycle09_stage4_state_displacement/cells/qwen/opd/step_080/E_ood.L18.main.direction.pt,stage4_direction_singular_values,128,0.01626131904402176,0.01735282873074111,0.03373868095597824,-0.032647171269258896,-0.032647171269258896,1.1637784206636679,2.062268550848628,0.8592701000846279,0.9780907188150706,0
qwen,opd,80,E_ood,18,self_attn.q_proj,0.05,4,displacement_rank,/root/autodl-tmp/cycle09_stage4_state_displacement/cells/qwen/opd/step_080/E_ood.L18.main.direction.pt,stage4_direction_singular_values,128,0.04126437096410109,0.04924521173376385,0.00873562903589891,-0.0007547882662361505,-0.0007547882662361505,1.1637784206636679,2.062268550848628,0.8592701000846279,0.9780907188150706,0
qwen,opd,80,E_ood,18,self_attn.q_proj,0.1,2,displacement_rank,/root/autodl-tmp/cycle09_stage4_state_displacement/cells/qwen/opd/step_080/E_ood.L18.main.direction.pt,stage4_direction_singular_values,128,0.07646234079637447,0.14072989991537196,-0.026462340796374467,0.09072989991537196,-0.026462340796374467,1.1637784206636679,2.062268550848628,0.8592701000846279,0.9780907188150706,0
qwen,opd,80,E_ood,18,self_attn.k_proj,0.01,33,displacement_rank,/root/autodl-tmp/cycle09_stage4_state_displacement/cells/qwen/opd/step_080/E_ood.L18.main.direction.pt,stage4_direction_singular_values,128,0.005111160366831107,0.005294446607324765,0.04488883963316889,-0.044705553392675235,-0.044705553392675235,1.1499066478094815,1.9300157844592543,0.86963581078947,0.98390987680937,0
qwen,opd,80,E_ood,18,self_attn.k_proj,0.025,8,displacement_rank,/root/autodl-tmp/cycle09_stage4_state_displacement/cells/qwen/opd/step_080/E_ood.L18.main.direction.pt,stage4_direction_singular_values,128,0.01870115968365267,0.02075139819860005,0.03129884031634733,-0.029248601801399952,-0.029248601801399952,1.1499066478094815,1.9300157844592543,0.86963581078947,0.98390987680937,0
qwen,opd,80,E_ood,18,self_attn.k_proj,0.05,3,displacement_rank,/root/autodl-tmp/cycle09_stage4_state_displacement/cells/qwen/opd/step_080/E_ood.L18.main.direction.pt,stage4_direction_singular_values,128,0.038424814858960085,0.07176315119155655,0.011575185141039918,0.021763151191556543,0.011575185141039918,1.1499066478094815,1.9300157844592543,0.86963581078947,0.98390987680937,0
qwen,opd,80,E_ood,18,self_attn.k_proj,0.1,2,displacement_rank,/root/autodl-tmp/cycle09_stage4_state_displacement/cells/qwen/opd/step_080/E_ood.L18.main.direction.pt,stage4_direction_singular_values,128,0.07176315119155655,0.13036418921052997,-0.021763151191556543,0.08036418921052997,-0.021763151191556543,1.1499066478094815,1.9300157844592543,0.86963581078947,0.98390987680937,0
qwen,opd,80,E_ood,18,self_attn.v_proj,0.01,7,displacement_rank,/root/autodl-tmp/cycle09_stage4_state_displacement/cells/qwen/opd/step_080/E_ood.L18.main.direction.pt,stage4_direction_singular_values,128,0.006746434882418001,0.007476080438539774,0.043253565117582,-0.042523919561460226,-0.042523919561460226,1.0463405669467378,1.3075142758166904,0.9557117745305801,0.9946863118705819,0
qwen,opd,80,E_ood,18,self_attn.v_proj,0.025,2,displacement_rank,/root/autodl-tmp/cycle09_stage4_state_displacement/cells/qwen/opd/step_080/E_ood.L18.main.direction.pt,stage4_direction_singular_values,128,0.019656388120151698,0.044288225469419976,0.030343611879848305,-0.005711774530580027,-0.005711774530580027,1.0463405669467378,1.3075142758166904,0.9557117745305801,0.9946863118705819,0
qwen,opd,80,E_ood,18,self_attn.v_proj,0.05,1,displacement_rank,/root/autodl-tmp/cycle09_stage4_state_displacement/cells/qwen/opd/step_080/E_ood.L18.main.direction.pt,stage4_direction_singular_values,128,0.044288225469419976,0.9999999999999999,0.005711774530580027,0.9499999999999998,0.005711774530580027,1.0463405669467378,1.3075142758166904,0.9557117745305801,0.9946863118705819,0
qwen,opd,80,E_ood,18,self_attn.v_proj,0.1,1,displacement_rank,/root/autodl-tmp/cycle09_stage4_state_displacement/cells/qwen/opd/step_080/E_ood.L18.main.direction.pt,stage4_direction_singular_values,128,0.044288225469419976,0.9999999999999999,0.005711774530580027,0.9499999999999998,0.005711774530580027,1.0463405669467378,1.3075142758166904,0.9557117745305801,0.9946863118705819,0
qwen,opd,80,E_ood,18,self_attn.o_proj,0.01,84,displacement_rank,/root/autodl-tmp/cycle09_stage4_state_displacement/cells/qwen/opd/step_080/E_ood.L18.main.direction.pt,stage4_direction_singular_values,128,0.00213776280512326,0.002201626381387702,0.04786223719487674,-0.0477983736186123,-0.0477983736186123,1.2516219486495834,2.3365069472696227,0.798963298046134,0.9797816006883658,0
qwen,opd,80,E_ood,18,self_attn.o_proj,0.025,13,displacement_rank,/root/autodl-tmp/cycle09_stage4_state_displacement/cells/qwen/opd/step_080/E_ood.L18.main.direction.pt,stage4_direction_singular_values,128,0.017028744215913005,0.01799129189995224,0.032971255784086995,-0.03200870810004776,-0.03200870810004776,1.2516219486495834,2.3365069472696227,0.798963298046134,0.9797816006883658,0
qwen,opd,80,E_ood,18,self_attn.o_proj,0.05,4,displacement_rank,/root/autodl-tmp/cycle09_stage4_state_displacement/cells/qwen/opd/step_080/E_ood.L18.main.direction.pt,stage4_direction_singular_values,128,0.03974384021744287,0.0487293410077328,0.010256159782557131,-0.0012706589922671999,-0.0012706589922671999,1.2516219486495834,2.3365069472696227,0.798963298046134,0.9797816006883658,0
qwen,opd,80,E_ood,18,self_attn.o_proj,0.1,2,displacement_rank,/root/autodl-tmp/cycle09_stage4_state_displacement/cells/qwen/opd/step_080/E_ood.L18.main.direction.pt,stage4_direction_singular_values,128,0.07297881307901442,0.201036701953866,-0.02297881307901442,0.15103670195386598,-0.02297881307901442,1.2516219486495834,2.3365069472696227,0.798963298046134,0.9797816006883658,0
qwen,opd,80,E_ood,18,mlp.gate_proj,0.01,289,displacement_rank,/root/autodl-tmp/cycle09_stage4_state_displacement/cells/qwen/opd/step_080/E_ood.L18.main.direction.pt,stage4_direction_singular_values,128,0.0,3.973606613737282e-05,0.05,-0.04996026393386263,-0.04996026393386263,1.125646919721762,1.9744167104690895,0.8883780362026669,0.9638047055778582,0
qwen,opd,80,E_ood,18,mlp.gate_proj,0.025,30,displacement_rank,/root/autodl-tmp/cycle09_stage4_state_displacement/cells/qwen/opd/step_080/E_ood.L18.main.direction.pt,stage4_direction_singular_values,128,0.010602005424580205,0.01120103615752419,0.0393979945754198,-0.03879896384247582,-0.03879896384247582,1.125646919721762,1.9744167104690895,0.8883780362026669,0.9638047055778582,0
qwen,opd,80,E_ood,18,mlp.gate_proj,0.05,10,displacement_rank,/root/autodl-tmp/cycle09_stage4_state_displacement/cells/qwen/opd/step_080/E_ood.L18.main.direction.pt,stage4_direction_singular_values,128,0.03619529442214184,0.038664554027787984,0.013804705577858165,-0.011335445972212019,-0.011335445972212019,1.125646919721762,1.9744167104690895,0.8883780362026669,0.9638047055778582,0
qwen,opd,80,E_ood,18,mlp.gate_proj,0.1,2,displacement_rank,/root/autodl-tmp/cycle09_stage4_state_displacement/cells/qwen/opd/step_080/E_ood.L18.main.direction.pt,stage4_direction_singular_values,128,0.06883234059769197,0.11162196379733318,-0.01883234059769197,0.061621963797333174,-0.01883234059769197,1.125646919721762,1.9744167104690895,0.8883780362026669,0.9638047055778582,0
qwen,opd,80,E_ood,18,mlp.up_proj,0.01,129,displacement_rank,/root/autodl-tmp/cycle09_stage4_state_displacement/cells/qwen/opd/step_080/E_ood.L18.main.direction.pt,stage4_direction_singular_values,128,0.0,2.71653963455483e-05,0.05,-0.049972834603654454,-0.049972834603654454,1.072448186812189,1.5790664379401642,0.932445979485929,0.9786957734372673,0
qwen,opd,80,E_ood,18,mlp.up_proj,0.025,15,displacement_rank,/root/autodl-tmp/cycle09_stage4_state_displacement/cells/qwen/opd/step_080/E_ood.L18.main.direction.pt,stage4_direction_singular_values,128,0.014761483679669942,0.015798097608957586,0.03523851632033006,-0.03420190239104241,-0.03420190239104241,1.072448186812189,1.5790664379401642,0.932445979485929,0.9786957734372673,0
qwen,opd,80,E_ood,18,mlp.up_proj,0.05,4,displacement_rank,/root/autodl-tmp/cycle09_stage4_state_displacement/cells/qwen/opd/step_080/E_ood.L18.main.direction.pt,stage4_direction_singular_values,128,0.036797589260023716,0.041141241990835256,0.013202410739976286,-0.008858758009164747,-0.008858758009164747,1.072448186812189,1.5790664379401642,0.932445979485929,0.9786957734372673,0
qwen,opd,80,E_ood,18,mlp.up_proj,0.1,1,displacement_rank,/root/autodl-tmp/cycle09_stage4_state_displacement/cells/qwen/opd/step_080/E_ood.L18.main.direction.pt,stage4_direction_singular_values,128,0.06755402051407107,1.0000000000000004,-0.017554020514071067,0.9500000000000004,-0.017554020514071067,1.072448186812189,1.5790664379401642,0.932445979485929,0.9786957734372673,0
qwen,opd,80,E_ood,18,mlp.down_proj,0.01,731,displacement_rank,/root/autodl-tmp/cycle09_stage4_state_displacement/cells/qwen/opd/step_080/E_ood.L18.main.direction.pt,stage4_direction_singular_values,128,0.0,7.46044973970268e-05,0.05,-0.04992539550260298,-0.04992539550260298,1.0676094396535778,1.5927056955476209,0.9366721226486008,0.9725264778262317,0
qwen,opd,80,E_ood,18,mlp.down_proj,0.025,200,displacement_rank,/root/autodl-tmp/cycle09_stage4_state_displacement/cells/qwen/opd/step_080/E_ood.L18.main.direction.pt,stage4_direction_singular_values,128,0.0,7.46044973970268e-05,0.05,-0.04992539550260298,-0.04992539550260298,1.0676094396535778,1.5927056955476209,0.9366721226486008,0.9725264778262317,0
qwen,opd,80,E_ood,18,mlp.down_proj,0.05,17,displacement_rank,/root/autodl-tmp/cycle09_stage4_state_displacement/cells/qwen/opd/step_080/E_ood.L18.main.direction.pt,stage4_direction_singular_values,128,0.020767732516782798,0.021536356857816834,0.029232267483217205,-0.02846364314218317,-0.02846364314218317,1.0676094396535778,1.5927056955476209,0.9366721226486008,0.9725264778262317,0
qwen,opd,80,E_ood,18,mlp.down_proj,0.1,1,displacement_rank,/root/autodl-tmp/cycle09_stage4_state_displacement/cells/qwen/opd/step_080/E_ood.L18.main.direction.pt,stage4_direction_singular_values,128,0.06332787735139916,1.0,-0.013327877351399162,0.95,-0.013327877351399162,1.0676094396535778,1.5927056955476209,0.9366721226486008,0.9725264778262317,0
qwen,opd,80,E_if,18,self_attn.q_proj,0.01,16,displacement_rank,/root/autodl-tmp/cycle09_stage4_state_displacement/cells/qwen/opd/step_080/E_if.L18.main.direction.pt,stage4_direction_singular_values,128,0.0066230072915714686,0.007038360994613616,0.043376992708428534,-0.04296163900538639,-0.04296163900538639,1.0605649391598033,1.4304121103832246,0.9428937004010487,0.9900429275142695,0
qwen,opd,80,E_if,18,self_attn.q_proj,0.025,4,displacement_rank,/root/autodl-tmp/cycle09_stage4_state_displacement/cells/qwen/opd/step_080/E_if.L18.main.direction.pt,stage4_direction_singular_values,128,0.01971943496858203,0.023730092545307172,0.03028056503141797,-0.02626990745469283,-0.02626990745469283,1.0605649391598033,1.4304121103832246,0.9428937004010487,0.9900429275142695,0
qwen,opd,80,E_if,18,self_attn.q_proj,0.05,2,displacement_rank,/root/autodl-tmp/cycle09_stage4_state_displacement/cells/qwen/opd/step_080/E_if.L18.main.direction.pt,stage4_direction_singular_values,128,0.03320330135811526,0.057106299598951256,0.016796698641884746,0.007106299598951253,0.007106299598951253,1.0605649391598033,1.4304121103832246,0.9428937004010487,0.9900429275142695,0
qwen,opd,80,E_if,18,self_attn.q_proj,0.1,1,displacement_rank,/root/autodl-tmp/cycle09_stage4_state_displacement/cells/qwen/opd/step_080/E_if.L18.main.direction.pt,stage4_direction_singular_values,128,0.057106299598951256,1.0000000000000002,-0.007106299598951253,0.9500000000000002,-0.007106299598951253,1.0605649391598033,1.4304121103832246,0.9428937004010487,0.9900429275142695,0
qwen,opd,80,E_if,18,self_attn.k_proj,0.01,18,displacement_rank,/root/autodl-tmp/cycle09_stage4_state_displacement/cells/qwen/opd/step_080/E_if.L18.main.direction.pt,stage4_direction_singular_values,128,0.0067929753617747895,0.007164368493555191,0.04320702463822521,-0.042835631506444816,-0.042835631506444816,1.097086872101252,1.63241649626326,0.9115048456324143,0.988937980837204,0
qwen,opd,80,E_if,18,self_attn.k_proj,0.025,5,displacement_rank,/root/autodl-tmp/cycle09_stage4_state_displacement/cells/qwen/opd/step_080/E_if.L18.main.direction.pt,stage4_direction_singular_values,128,0.018942877684754868,0.023119620552052772,0.031057122315245135,-0.02688037944794723,-0.02688037944794723,1.097086872101252,1.63241649626326,0.9115048456324143,0.988937980837204,0
qwen,opd,80,E_if,18,self_attn.k_proj,0.05,3,displacement_rank,/root/autodl-tmp/cycle09_stage4_state_displacement/cells/qwen/opd/step_080/E_if.L18.main.direction.pt,stage4_direction_singular_values,128,0.029827099120873668,0.050403013048868815,0.020172900879126335,0.00040301304886881245,0.00040301304886881245,1.097086872101252,1.63241649626326,0.9115048456324143,0.988937980837204,0
qwen,opd,80,E_if,18,self_attn.k_proj,0.1,1,displacement_rank,/root/autodl-tmp/cycle09_stage4_state_displacement/cells/qwen/opd/step_080/E_if.L18.main.direction.pt,stage4_direction_singular_values,128,0.08849515436758564,0.9999999999999997,-0.03849515436758563,0.9499999999999996,-0.03849515436758563,1.097086872101252,1.63241649626326,0.9115048456324143,0.988937980837204,0
qwen,opd,80,E_if,18,self_attn.v_proj,0.01,5,displacement_rank,/root/autodl-tmp/cycle09_stage4_state_displacement/cells/qwen/opd/step_080/E_if.L18.main.direction.pt,stage4_direction_singular_values,128,0.007232042735144618,0.00891311906610363,0.04276795726485538,-0.04108688093389637,-0.04108688093389637,1.032346992700949,1.2338008079119283,0.9686665501719349,0.9956416361970707,0
qwen,opd,80,E_if,18,self_attn.v_proj,0.025,2,displacement_rank,/root/autodl-tmp/cycle09_stage4_state_displacement/cells/qwen/opd/step_080/E_if.L18.main.direction.pt,stage4_direction_singular_values,128,0.017394846190481397,0.031333449828064894,0.0326051538095186,-0.01866655017193511,-0.01866655017193511,1.032346992700949,1.2338008079119283,0.9686665501719349,0.9956416361970707,0
qwen,opd,80,E_if,18,self_attn.v_proj,0.05,1,displacement_rank,/root/autodl-tmp/cycle09_stage4_state_displacement/cells/qwen/opd/step_080/E_if.L18.main.direction.pt,stage4_direction_singular_values,128,0.031333449828064894,0.9999999999999999,0.01866655017193511,0.9499999999999998,0.01866655017193511,1.032346992700949,1.2338008079119283,0.9686665501719349,0.9956416361970707,0
qwen,opd,80,E_if,18,self_attn.v_proj,0.1,1,displacement_rank,/root/autodl-tmp/cycle09_stage4_state_displacement/cells/qwen/opd/step_080/E_if.L18.main.direction.pt,stage4_direction_singular_values,128,0.031333449828064894,0.9999999999999999,0.01866655017193511,0.9499999999999998,0.01866655017193511,1.032346992700949,1.2338008079119283,0.9686665501719349,0.9956416361970707,0
qwen,opd,80,E_if,18,self_attn.o_proj,0.01,28,displacement_rank,/root/autodl-tmp/cycle09_stage4_state_displacement/cells/qwen/opd/step_080/E_if.L18.main.direction.pt,stage4_direction_singular_values,128,0.005485245637360594,0.00568035859592169,0.04451475436263941,-0.04431964140407831,-0.04431964140407831,1.2347502775086807,1.9922137739405483,0.8098803606002588,0.9872295898903919,0
qwen,opd,80,E_if,18,self_attn.o_proj,0.025,5,displacement_rank,/root/autodl-tmp/cycle09_stage4_state_displacement/cells/qwen/opd/step_080/E_if.L18.main.direction.pt,stage4_direction_singular_values,128,0.019347722396274684,0.02215012961837747,0.03065227760372532,-0.027849870381622534,-0.027849870381622534,1.2347502775086807,1.9922137739405483,0.8098803606002588,0.9872295898903919,0
qwen,opd,80,E_if,18,self_attn.o_proj,0.05,2,displacement_rank,/root/autodl-tmp/cycle09_stage4_state_displacement/cells/qwen/opd/step_080/E_if.L18.main.direction.pt,stage4_direction_singular_values,128,0.033868644310945314,0.1901196393997414,0.01613135568905469,0.14011963939974142,0.01613135568905469,1.2347502775086807,1.9922137739405483,0.8098803606002588,0.9872295898903919,0
qwen,opd,80,E_if,18,self_attn.o_proj,0.1,2,displacement_rank,/root/autodl-tmp/cycle09_stage4_state_displacement/cells/qwen/opd/step_080/E_if.L18.main.direction.pt,stage4_direction_singular_values,128,0.033868644310945314,0.1901196393997414,0.01613135568905469,0.14011963939974142,0.01613135568905469,1.2347502775086807,1.9922137739405483,0.8098803606002588,0.9872295898903919,0
qwen,opd,80,E_if,18,mlp.gate_proj,0.01,88,displacement_rank,/root/autodl-tmp/cycle09_stage4_state_displacement/cells/qwen/opd/step_080/E_if.L18.main.direction.pt,stage4_direction_singular_values,128,0.0013674581482832054,0.001411378088071195,0.048632541851716796,-0.04858862191192881,-0.04858862191192881,1.077904306079836,1.6402789221256755,0.9277261389156509,0.9739503990905919,0
qwen,opd,80,E_if,18,mlp.gate_proj,0.025,18,displacement_rank,/root/autodl-tmp/cycle09_stage4_state_displacement/cells/qwen/opd/step_080/E_if.L18.main.direction.pt,stage4_direction_singular_values,128,0.01580243672333221,0.016816689865476155,0.03419756327666779,-0.033183310134523844,-0.033183310134523844,1.077904306079836,1.6402789221256755,0.9277261389156509,0.9739503990905919,0
qwen,opd,80,E_if,18,mlp.gate_proj,0.05,4,displacement_rank,/root/autodl-tmp/cycle09_stage4_state_displacement/cells/qwen/opd/step_080/E_if.L18.main.direction.pt,stage4_direction_singular_values,128,0.041513874620423837,0.04684945499075367,0.008486125379576166,-0.0031505450092463305,-0.0031505450092463305,1.077904306079836,1.6402789221256755,0.9277261389156509,0.9739503990905919,0
qwen,opd,80,E_if,18,mlp.gate_proj,0.1,1,displacement_rank,/root/autodl-tmp/cycle09_stage4_state_displacement/cells/qwen/opd/step_080/E_if.L18.main.direction.pt,stage4_direction_singular_values,128,0.07227386108434905,1.0,-0.022273861084349048,0.95,-0.022273861084349048,1.077904306079836,1.6402789221256755,0.9277261389156509,0.9739503990905919,0
qwen,opd,80,E_if,18,mlp.up_proj,0.01,71,displacement_rank,/root/autodl-tmp/cycle09_stage4_state_displacement/cells/qwen/opd/step_080/E_if.L18.main.direction.pt,stage4_direction_singular_values,128,0.0019534804683059067,0.002003722658385364,0.048046519531694094,-0.047996277341614636,-0.047996277341614636,1.065187056394955,1.5309817025252874,0.9388022451046527,0.9798054385353612,0
qwen,opd,80,E_if,18,mlp.up_proj,0.025,13,displacement_rank,/root/autodl-tmp/cycle09_stage4_state_displacement/cells/qwen/opd/step_080/E_if.L18.main.direction.pt,stage4_direction_singular_values,128,0.01660770941219506,0.0177428098511306,0.03339229058780494,-0.03225719014886941,-0.03225719014886941,1.065187056394955,1.5309817025252874,0.9388022451046527,0.9798054385353612,0
qwen,opd,80,E_if,18,mlp.up_proj,0.05,3,displacement_rank,/root/autodl-tmp/cycle09_stage4_state_displacement/cells/qwen/opd/step_080/E_if.L18.main.direction.pt,stage4_direction_singular_values,128,0.03927535716452744,0.045013263559828556,0.010724642835472566,-0.0049867364401714465,-0.0049867364401714465,1.065187056394955,1.5309817025252874,0.9388022451046527,0.9798054385353612,0
qwen,opd,80,E_if,18,mlp.up_proj,0.1,1,displacement_rank,/root/autodl-tmp/cycle09_stage4_state_displacement/cells/qwen/opd/step_080/E_if.L18.main.direction.pt,stage4_direction_singular_values,128,0.061197754895347296,1.0000000000000002,-0.011197754895347294,0.9500000000000002,-0.011197754895347294,1.065187056394955,1.5309817025252874,0.9388022451046527,0.9798054385353612,0
qwen,opd,80,E_if,18,mlp.down_proj,0.01,500,displacement_rank,/root/autodl-tmp/cycle09_stage4_state_displacement/cells/qwen/opd/step_080/E_if.L18.main.direction.pt,stage4_direction_singular_values,128,0.0,6.271889912697958e-05,0.05,-0.049937281100873025,-0.049937281100873025,1.0710458193646812,1.5819604340342106,0.9336668720607827,0.9764576318395795,0
qwen,opd,80,E_if,18,mlp.down_proj,0.025,80,displacement_rank,/root/autodl-tmp/cycle09_stage4_state_displacement/cells/qwen/opd/step_080/E_if.L18.main.direction.pt,stage4_direction_singular_values,128,0.0037952191911594445,0.0038967817456422907,0.04620478080884056,-0.04610321825435771,-0.04610321825435771,1.0710458193646812,1.5819604340342106,0.9336668720607827,0.9764576318395795,0
qwen,opd,80,E_if,18,mlp.down_proj,0.05,6,displacement_rank,/root/autodl-tmp/cycle09_stage4_state_displacement/cells/qwen/opd/step_080/E_if.L18.main.direction.pt,stage4_direction_singular_values,128,0.028175712476396476,0.02993067447587822,0.021824287523603526,-0.020069325524121783,-0.020069325524121783,1.0710458193646812,1.5819604340342106,0.9336668720607827,0.9764576318395795,0
qwen,opd,80,E_if,18,mlp.down_proj,0.1,1,displacement_rank,/root/autodl-tmp/cycle09_stage4_state_displacement/cells/qwen/opd/step_080/E_if.L18.main.direction.pt,stage4_direction_singular_values,128,0.06633312793921717,1.0,-0.016333127939217165,0.95,-0.016333127939217165,1.0710458193646812,1.5819604340342106,0.9336668720607827,0.9764576318395795,0
llama,opd,20,E_general,14,self_attn.q_proj,0.01,17,displacement_rank,/root/autodl-tmp/cycle09_stage4_state_displacement/cells/llama/opd/step_020/E_general.L14.main.direction.pt,stage4_direction_singular_values,128,0.008930177656852703,0.010060115871988183,0.0410698223431473,-0.03993988412801182,-0.03993988412801182,1.0721339774176286,1.5561513898231614,0.9327192506375254,0.9802728527206955,0
llama,opd,20,E_general,14,self_attn.q_proj,0.025,8,displacement_rank,/root/autodl-tmp/cycle09_stage4_state_displacement/cells/llama/opd/step_020/E_general.L14.main.direction.pt,stage4_direction_singular_values,128,0.024624803611741096,0.02780066192360822,0.025375196388258907,-0.022199338076391784,-0.022199338076391784,1.0721339774176286,1.5561513898231614,0.9327192506375254,0.9802728527206955,0
llama,opd,20,E_general,14,self_attn.q_proj,0.05,3,displacement_rank,/root/autodl-tmp/cycle09_stage4_state_displacement/cells/llama/opd/step_020/E_general.L14.main.direction.pt,stage4_direction_singular_values,128,0.045925307953921544,0.054531295349535464,0.004074692046078458,0.004531295349535461,0.004074692046078458,1.0721339774176286,1.5561513898231614,0.9327192506375254,0.9802728527206955,0
llama,opd,20,E_general,14,self_attn.q_proj,0.1,1,displacement_rank,/root/autodl-tmp/cycle09_stage4_state_displacement/cells/llama/opd/step_020/E_general.L14.main.direction.pt,stage4_direction_singular_values,128,0.06728074936247454,0.9999999999999999,-0.017280749362474535,0.9499999999999998,-0.017280749362474535,1.0721339774176286,1.5561513898231614,0.9327192506375254,0.9802728527206955,0
llama,opd,20,E_general,14,self_attn.k_proj,0.01,21,displacement_rank,/root/autodl-tmp/cycle09_stage4_state_displacement/cells/llama/opd/step_020/E_general.L14.main.direction.pt,stage4_direction_singular_values,128,0.00990762977354001,0.011352495474525322,0.04009237022645999,-0.03864750452547468,-0.03864750452547468,1.1752735788022752,2.320920647206756,0.8508657201492634,0.9607168482445064,0
llama,opd,20,E_general,14,self_attn.k_proj,0.025,14,displacement_rank,/root/autodl-tmp/cycle09_stage4_state_displacement/cells/llama/opd/step_020/E_general.L14.main.direction.pt,stage4_direction_singular_values,128,0.023705935033545737,0.026805055445946843,0.026294064966454266,-0.02319494455405316,-0.02319494455405316,1.1752735788022752,2.320920647206756,0.8508657201492634,0.9607168482445064,0
llama,opd,20,E_general,14,self_attn.k_proj,0.05,8,displacement_rank,/root/autodl-tmp/cycle09_stage4_state_displacement/cells/llama/opd/step_020/E_general.L14.main.direction.pt,stage4_direction_singular_values,128,0.049802686331740016,0.05613004942305936,0.00019731366825998659,0.006130049423059357,0.00019731366825998659,1.1752735788022752,2.320920647206756,0.8508657201492634,0.9607168482445064,0
llama,opd,20,E_general,14,self_attn.k_proj,0.1,3,displacement_rank,/root/autodl-tmp/cycle09_stage4_state_displacement/cells/llama/opd/step_020/E_general.L14.main.direction.pt,stage4_direction_singular_values,128,0.09678062438331561,0.11975798881414099,-0.04678062438331561,0.06975798881414098,-0.04678062438331561,1.1752735788022752,2.320920647206756,0.8508657201492634,0.9607168482445064,0
llama,opd,20,E_general,14,self_attn.v_proj,0.01,13,displacement_rank,/root/autodl-tmp/cycle09_stage4_state_displacement/cells/llama/opd/step_020/E_general.L14.main.direction.pt,stage4_direction_singular_values,128,0.009770681430005913,0.01098428777858156,0.040229318569994094,-0.03901571222141845,-0.03901571222141845,1.0850510309707304,1.5967715004727765,0.9216156396859599,0.9860946523603571,0
llama,opd,20,E_general,14,self_attn.v_proj,0.025,6,displacement_rank,/root/autodl-tmp/cycle09_stage4_state_displacement/cells/llama/opd/step_020/E_general.L14.main.direction.pt,stage4_direction_singular_values,128,0.022686173425458565,0.026427936487930473,0.027313826574541438,-0.02357206351206953,-0.02357206351206953,1.0850510309707304,1.5967715004727765,0.9216156396859599,0.9860946523603571,0
llama,opd,20,E_general,14,self_attn.v_proj,0.05,3,displacement_rank,/root/autodl-tmp/cycle09_stage4_state_displacement/cells/llama/opd/step_020/E_general.L14.main.direction.pt,stage4_direction_singular_values,128,0.04120930297051816,0.05391905328238154,0.00879069702948184,0.0039190532823815405,0.0039190532823815405,1.0850510309707304,1.5967715004727765,0.9216156396859599,0.9860946523603571,0
llama,opd,20,E_general,14,self_attn.v_proj,0.1,1,displacement_rank,/root/autodl-tmp/cycle09_stage4_state_displacement/cells/llama/opd/step_020/E_general.L14.main.direction.pt,stage4_direction_singular_values,128,0.07838436031403993,1.0000000000000002,-0.02838436031403993,0.9500000000000002,-0.02838436031403993,1.0850510309707304,1.5967715004727765,0.9216156396859599,0.9860946523603571,0
llama,opd,20,E_general,14,self_attn.o_proj,0.01,24,displacement_rank,/root/autodl-tmp/cycle09_stage4_state_displacement/cells/llama/opd/step_020/E_general.L14.main.direction.pt,stage4_direction_singular_values,128,0.008900923125504796,0.010667743750706345,0.04109907687449521,-0.03933225624929366,-0.03933225624929366,1.524331311653131,4.6328283232065,0.6560253616489082,0.9386710812132584,0
llama,opd,20,E_general,14,self_attn.o_proj,0.025,17,displacement_rank,/root/autodl-tmp/cycle09_stage4_state_displacement/cells/llama/opd/step_020/E_general.L14.main.direction.pt,stage4_direction_singular_values,128,0.024435177004670922,0.02756315631498196,0.02556482299532908,-0.022436843685018044,-0.022436843685018044,1.524331311653131,4.6328283232065,0.6560253616489082,0.9386710812132584,0
llama,opd,20,E_general,14,self_attn.o_proj,0.05,12,displacement_rank,/root/autodl-tmp/cycle09_stage4_state_displacement/cells/llama/opd/step_020/E_general.L14.main.direction.pt,stage4_direction_singular_values,128,0.04626119779368145,0.05305130962753368,0.003738802206318552,0.00305130962753368,0.00305130962753368,1.524331311653131,4.6328283232065,0.6560253616489082,0.9386710812132584,0
llama,opd,20,E_general,14,self_attn.o_proj,0.1,7,displacement_rank,/root/autodl-tmp/cycle09_stage4_state_displacement/cells/llama/opd/step_020/E_general.L14.main.direction.pt,stage4_direction_singular_values,128,0.09738379944487496,0.11578877367250351,-0.04738379944487496,0.0657887736725035,-0.04738379944487496,1.524331311653131,4.6328283232065,0.6560253616489082,0.9386710812132584,0
llama,opd,20,E_general,14,mlp.gate_proj,0.01,26,displacement_rank,/root/autodl-tmp/cycle09_stage4_state_displacement/cells/llama/opd/step_020/E_general.L14.main.direction.pt,stage4_direction_singular_values,128,0.009441768015178568,0.01132631165352401,0.04055823198482143,-0.03867368834647599,-0.03867368834647599,1.2890061363731211,3.2994372610435057,0.7757914968610636,0.929310011160158,0
llama,opd,20,E_general,14,mlp.gate_proj,0.025,20,displacement_rank,/root/autodl-tmp/cycle09_stage4_state_displacement/cells/llama/opd/step_020/E_general.L14.main.direction.pt,stage4_direction_singular_values,128,0.024297952173422697,0.027316763307527334,0.025702047826577305,-0.02268323669247267,-0.02268323669247267,1.2890061363731211,3.2994372610435057,0.7757914968610636,0.929310011160158,0
llama,opd,20,E_general,14,mlp.gate_proj,0.05,14,displacement_rank,/root/autodl-tmp/cycle09_stage4_state_displacement/cells/llama/opd/step_020/E_general.L14.main.direction.pt,stage4_direction_singular_values,128,0.04715988628823947,0.052329341203913415,0.0028401137117605307,0.0023293412039134126,0.0023293412039134126,1.2890061363731211,3.2994372610435057,0.7757914968610636,0.929310011160158,0
llama,opd,20,E_general,14,mlp.gate_proj,0.1,7,displacement_rank,/root/autodl-tmp/cycle09_stage4_state_displacement/cells/llama/opd/step_020/E_general.L14.main.direction.pt,stage4_direction_singular_values,128,0.09652177524667607,0.10738303683106001,-0.04652177524667607,0.05738303683106001,-0.04652177524667607,1.2890061363731211,3.2994372610435057,0.7757914968610636,0.929310011160158,0
llama,opd,20,E_general,14,mlp.up_proj,0.01,23,displacement_rank,/root/autodl-tmp/cycle09_stage4_state_displacement/cells/llama/opd/step_020/E_general.L14.main.direction.pt,stage4_direction_singular_values,128,0.008651771922262819,0.010113512468513037,0.041348228077737186,-0.039886487531486964,-0.039886487531486964,1.1725757513567574,2.3210800593609204,0.8528233667146243,0.95931401694803,0
llama,opd,20,E_general,14,mlp.up_proj,0.025,15,displacement_rank,/root/autodl-tmp/cycle09_stage4_state_displacement/cells/llama/opd/step_020/E_general.L14.main.direction.pt,stage4_direction_singular_values,128,0.023645572665850156,0.026405828701635072,0.026354427334149846,-0.02359417129836493,-0.02359417129836493,1.1725757513567574,2.3210800593609204,0.8528233667146243,0.95931401694803,0
llama,opd,20,E_general,14,mlp.up_proj,0.05,9,displacement_rank,/root/autodl-tmp/cycle09_stage4_state_displacement/cells/llama/opd/step_020/E_general.L14.main.direction.pt,stage4_direction_singular_values,128,0.045827439195746,0.051693729413962275,0.0041725608042540024,0.0016937294139622722,0.0016937294139622722,1.1725757513567574,2.3210800593609204,0.8528233667146243,0.95931401694803,0
llama,opd,20,E_general,14,mlp.up_proj,0.1,4,displacement_rank,/root/autodl-tmp/cycle09_stage4_state_displacement/cells/llama/opd/step_020/E_general.L14.main.direction.pt,stage4_direction_singular_values,128,0.08487262200082521,0.10228269240081521,-0.03487262200082521,0.052282692400815206,-0.03487262200082521,1.1725757513567574,2.3210800593609204,0.8528233667146243,0.95931401694803,0
llama,opd,20,E_general,14,mlp.down_proj,0.01,15,displacement_rank,/root/autodl-tmp/cycle09_stage4_state_displacement/cells/llama/opd/step_020/E_general.L14.main.direction.pt,stage4_direction_singular_values,128,0.009302729851006934,0.010302847533029524,0.04069727014899307,-0.039697152466970476,-0.039697152466970476,1.0756135406455039,1.5537664466143477,0.9297019442502311,0.984065448599439,0
llama,opd,20,E_general,14,mlp.down_proj,0.025,7,displacement_rank,/root/autodl-tmp/cycle09_stage4_state_displacement/cells/llama/opd/step_020/E_general.L14.main.direction.pt,stage4_direction_singular_values,128,0.022272262474642403,0.0254433637200989,0.0277277375253576,-0.024556636279901102,-0.024556636279901102,1.0756135406455039,1.5537664466143477,0.9297019442502311,0.984065448599439,0
llama,opd,20,E_general,14,mlp.down_proj,0.05,2,displacement_rank,/root/autodl-tmp/cycle09_stage4_state_displacement/cells/llama/opd/step_020/E_general.L14.main.direction.pt,stage4_direction_singular_values,128,0.04950764369825381,0.07029805574976858,0.0004923563017461899,0.020298055749768576,0.0004923563017461899,1.0756135406455039,1.5537664466143477,0.9297019442502311,0.984065448599439,0
llama,opd,20,E_general,14,mlp.down_proj,0.1,1,displacement_rank,/root/autodl-tmp/cycle09_stage4_state_displacement/cells/llama/opd/step_020/E_general.L14.main.direction.pt,stage4_direction_singular_values,128,0.07029805574976858,0.9999999999999993,-0.020298055749768576,0.9499999999999993,-0.020298055749768576,1.0756135406455039,1.5537664466143477,0.9297019442502311,0.984065448599439,0
llama,opd,20,E_math,14,self_attn.q_proj,0.01,8,displacement_rank,/root/autodl-tmp/cycle09_stage4_state_displacement/cells/llama/opd/step_020/E_math.L14.main.direction.pt,stage4_direction_singular_values,128,0.009667907516736367,0.011000972095540691,0.04033209248326364,-0.03899902790445931,-0.03899902790445931,1.027338253060124,1.221372874111998,0.9733892386673116,0.9925160275923185,0
llama,opd,20,E_math,14,self_attn.q_proj,0.025,2,displacement_rank,/root/autodl-tmp/cycle09_stage4_state_displacement/cells/llama/opd/step_020/E_math.L14.main.direction.pt,stage4_direction_singular_values,128,0.022031760112770537,0.026610761332688037,0.027968239887229466,-0.023389238667311966,-0.023389238667311966,1.027338253060124,1.221372874111998,0.9733892386673116,0.9925160275923185,0
llama,opd,20,E_math,14,self_attn.q_proj,0.05,1,displacement_rank,/root/autodl-tmp/cycle09_stage4_state_displacement/cells/llama/opd/step_020/E_math.L14.main.direction.pt,stage4_direction_singular_values,128,0.026610761332688037,0.9999999999999996,0.023389238667311966,0.9499999999999995,0.023389238667311966,1.027338253060124,1.221372874111998,0.9733892386673116,0.9925160275923185,0
llama,opd,20,E_math,14,self_attn.q_proj,0.1,1,displacement_rank,/root/autodl-tmp/cycle09_stage4_state_displacement/cells/llama/opd/step_020/E_math.L14.main.direction.pt,stage4_direction_singular_values,128,0.026610761332688037,0.9999999999999996,0.023389238667311966,0.9499999999999995,0.023389238667311966,1.027338253060124,1.221372874111998,0.9733892386673116,0.9925160275923185,0
llama,opd,20,E_math,14,self_attn.k_proj,0.01,17,displacement_rank,/root/autodl-tmp/cycle09_stage4_state_displacement/cells/llama/opd/step_020/E_math.L14.main.direction.pt,stage4_direction_singular_values,128,0.00938274462723595,0.01061248151631462,0.040617255372764054,-0.03938751848368538,-0.03938751848368538,1.1106917496823367,1.8100690443913399,0.900339811010575,0.9777293156321337,0
llama,opd,20,E_math,14,self_attn.k_proj,0.025,10,displacement_rank,/root/autodl-tmp/cycle09_stage4_state_displacement/cells/llama/opd/step_020/E_math.L14.main.direction.pt,stage4_direction_singular_values,128,0.022270684367866403,0.025538402048932436,0.0277293156321336,-0.024461597951067567,-0.024461597951067567,1.1106917496823367,1.8100690443913399,0.900339811010575,0.9777293156321337,0
llama,opd,20,E_math,14,self_attn.k_proj,0.05,5,displacement_rank,/root/autodl-tmp/cycle09_stage4_state_displacement/cells/llama/opd/step_020/E_math.L14.main.direction.pt,stage4_direction_singular_values,128,0.04345646161006306,0.05103760290096568,0.006543538389936945,0.0010376029009656756,0.0010376029009656756,1.1106917496823367,1.8100690443913399,0.900339811010575,0.9777293156321337,0
llama,opd,20,E_math,14,self_attn.k_proj,0.1,1,displacement_rank,/root/autodl-tmp/cycle09_stage4_state_displacement/cells/llama/opd/step_020/E_math.L14.main.direction.pt,stage4_direction_singular_values,128,0.0996601889894251,1.0000000000000002,-0.04966018898942509,0.9500000000000002,-0.04966018898942509,1.1106917496823367,1.8100690443913399,0.900339811010575,0.9777293156321337,0
llama,opd,20,E_math,14,self_attn.v_proj,0.01,6,displacement_rank,/root/autodl-tmp/cycle09_stage4_state_displacement/cells/llama/opd/step_020/E_math.L14.main.direction.pt,stage4_direction_singular_values,128,0.009297406133013579,0.010686708316401583,0.04070259386698642,-0.03931329168359842,-0.03931329168359842,1.038069567122676,1.2733423692896255,0.9633265743179454,0.994529081011937,0
llama,opd,20,E_math,14,self_attn.v_proj,0.025,2,displacement_rank,/root/autodl-tmp/cycle09_stage4_state_displacement/cells/llama/opd/step_020/E_math.L14.main.direction.pt,stage4_direction_singular_values,128,0.022978024339648604,0.036673425682054825,0.0270219756603514,-0.013326574317945178,-0.013326574317945178,1.038069567122676,1.2733423692896255,0.9633265743179454,0.994529081011937,0
llama,opd,20,E_math,14,self_attn.v_proj,0.05,1,displacement_rank,/root/autodl-tmp/cycle09_stage4_state_displacement/cells/llama/opd/step_020/E_math.L14.main.direction.pt,stage4_direction_singular_values,128,0.036673425682054825,1.0000000000000004,0.013326574317945178,0.9500000000000004,0.013326574317945178,1.038069567122676,1.2733423692896255,0.9633265743179454,0.994529081011937,0
llama,opd,20,E_math,14,self_attn.v_proj,0.1,1,displacement_rank,/root/autodl-tmp/cycle09_stage4_state_displacement/cells/llama/opd/step_020/E_math.L14.main.direction.pt,stage4_direction_singular_values,128,0.036673425682054825,1.0000000000000004,0.013326574317945178,0.9500000000000004,0.013326574317945178,1.038069567122676,1.2733423692896255,0.9633265743179454,0.994529081011937,0
llama,opd,20,E_math,14,self_attn.o_proj,0.01,8,displacement_rank,/root/autodl-tmp/cycle09_stage4_state_displacement/cells/llama/opd/step_020/E_math.L14.main.direction.pt,stage4_direction_singular_values,128,0.00920039048281156,0.010654333836797463,0.040799609517188445,-0.039345666163202536,-0.039345666163202536,1.0594531601617032,1.4048898194536636,0.9438831631285814,0.992948238235734,0
llama,opd,20,E_math,14,self_attn.o_proj,0.025,3,displacement_rank,/root/autodl-tmp/cycle09_stage4_state_displacement/cells/llama/opd/step_020/E_math.L14.main.direction.pt,stage4_direction_singular_values,128,0.024722537672365586,0.034846168817810774,0.025277462327634417,-0.015153831182189229,-0.015153831182189229,1.0594531601617032,1.4048898194536636,0.9438831631285814,0.992948238235734,0
llama,opd,20,E_math,14,self_attn.o_proj,0.05,2,displacement_rank,/root/autodl-tmp/cycle09_stage4_state_displacement/cells/llama/opd/step_020/E_math.L14.main.direction.pt,stage4_direction_singular_values,128,0.034846168817810774,0.05611683687141866,0.015153831182189229,0.00611683687141866,0.00611683687141866,1.0594531601617032,1.4048898194536636,0.9438831631285814,0.992948238235734,0
llama,opd,20,E_math,14,self_attn.o_proj,0.1,1,displacement_rank,/root/autodl-tmp/cycle09_stage4_state_displacement/cells/llama/opd/step_020/E_math.L14.main.direction.pt,stage4_direction_singular_values,128,0.05611683687141866,1.0000000000000004,-0.00611683687141866,0.9500000000000004,-0.00611683687141866,1.0594531601617032,1.4048898194536636,0.9438831631285814,0.992948238235734,0
llama,opd,20,E_math,14,mlp.gate_proj,0.01,19,displacement_rank,/root/autodl-tmp/cycle09_stage4_state_displacement/cells/llama/opd/step_020/E_math.L14.main.direction.pt,stage4_direction_singular_values,128,0.009710715890100245,0.010983109402208518,0.04028928410989976,-0.03901689059779148,-0.03901689059779148,1.1281488483253173,1.9277428889387753,0.8864078543221064,0.9732304790322053,0
llama,opd,20,E_math,14,mlp.gate_proj,0.025,11,displacement_rank,/root/autodl-tmp/cycle09_stage4_state_displacement/cells/llama/opd/step_020/E_math.L14.main.direction.pt,stage4_direction_singular_values,128,0.024008162928142236,0.026769520967794724,0.025991837071857767,-0.02323047903220528,-0.02323047903220528,1.1281488483253173,1.9277428889387753,0.8864078543221064,0.9732304790322053,0
llama,opd,20,E_math,14,mlp.gate_proj,0.05,5,displacement_rank,/root/autodl-tmp/cycle09_stage4_state_displacement/cells/llama/opd/step_020/E_math.L14.main.direction.pt,stage4_direction_singular_values,128,0.049048839402944126,0.05549682783767742,0.0009511605970558765,0.005496827837677416,0.0009511605970558765,1.1281488483253173,1.9277428889387753,0.8864078543221064,0.9732304790322053,0
llama,opd,20,E_math,14,mlp.gate_proj,0.1,2,displacement_rank,/root/autodl-tmp/cycle09_stage4_state_displacement/cells/llama/opd/step_020/E_math.L14.main.direction.pt,stage4_direction_singular_values,128,0.07959177369986287,0.11359214567789361,-0.029591773699862864,0.0635921456778936,-0.029591773699862864,1.1281488483253173,1.9277428889387753,0.8864078543221064,0.9732304790322053,0
llama,opd,20,E_math,14,mlp.up_proj,0.01,8,displacement_rank,/root/autodl-tmp/cycle09_stage4_state_displacement/cells/llama/opd/step_020/E_math.L14.main.direction.pt,stage4_direction_singular_values,128,0.009605150385235581,0.010858851327948183,0.04039484961476442,-0.03914114867205182,-0.03914114867205182,1.0371153055590046,1.2809921041903016,0.9642129420325165,0.9923649733945732,0
llama,opd,20,E_math,14,mlp.up_proj,0.025,3,displacement_rank,/root/autodl-tmp/cycle09_stage4_state_displacement/cells/llama/opd/step_020/E_math.L14.main.direction.pt,stage4_direction_singular_values,128,0.020717906840542432,0.02508647703420932,0.02928209315945757,-0.024913522965790684,-0.024913522965790684,1.0371153055590046,1.2809921041903016,0.9642129420325165,0.9923649733945732,0
llama,opd,20,E_math,14,mlp.up_proj,0.05,1,displacement_rank,/root/autodl-tmp/cycle09_stage4_state_displacement/cells/llama/opd/step_020/E_math.L14.main.direction.pt,stage4_direction_singular_values,128,0.03578705796748352,1.0000000000000002,0.014212942032516482,0.9500000000000002,0.014212942032516482,1.0371153055590046,1.2809921041903016,0.9642129420325165,0.9923649733945732,0
llama,opd,20,E_math,14,mlp.up_proj,0.1,1,displacement_rank,/root/autodl-tmp/cycle09_stage4_state_displacement/cells/llama/opd/step_020/E_math.L14.main.direction.pt,stage4_direction_singular_values,128,0.03578705796748352,1.0000000000000002,0.014212942032516482,0.9500000000000002,0.014212942032516482,1.0371153055590046,1.2809921041903016,0.9642129420325165,0.9923649733945732,0
llama,opd,20,E_math,14,mlp.down_proj,0.01,2,displacement_rank,/root/autodl-tmp/cycle09_stage4_state_displacement/cells/llama/opd/step_020/E_math.L14.main.direction.pt,stage4_direction_singular_values,128,0.006301477251142923,0.010879356136165808,0.04369852274885708,-0.039120643863834195,-0.039120643863834195,1.0109990183742068,1.088833002402939,0.9891206438638345,0.9982151715136937,0
llama,opd,20,E_math,14,mlp.down_proj,0.025,1,displacement_rank,/root/autodl-tmp/cycle09_stage4_state_displacement/cells/llama/opd/step_020/E_math.L14.main.direction.pt,stage4_direction_singular_values,128,0.010879356136165808,1.0000000000000002,0.039120643863834195,0.9500000000000002,0.039120643863834195,1.0109990183742068,1.088833002402939,0.9891206438638345,0.9982151715136937,0
llama,opd,20,E_math,14,mlp.down_proj,0.05,1,displacement_rank,/root/autodl-tmp/cycle09_stage4_state_displacement/cells/llama/opd/step_020/E_math.L14.main.direction.pt,stage4_direction_singular_values,128,0.010879356136165808,1.0000000000000002,0.039120643863834195,0.9500000000000002,0.039120643863834195,1.0109990183742068,1.088833002402939,0.9891206438638345,0.9982151715136937,0
llama,opd,20,E_math,14,mlp.down_proj,0.1,1,displacement_rank,/root/autodl-tmp/cycle09_stage4_state_displacement/cells/llama/opd/step_020/E_math.L14.main.direction.pt,stage4_direction_singular_values,128,0.010879356136165808,1.0000000000000002,0.039120643863834195,0.9500000000000002,0.039120643863834195,1.0109990183742068,1.088833002402939,0.9891206438638345,0.9982151715136937,0
llama,opd,20,E_ood,14,self_attn.q_proj,0.01,9,displacement_rank,/root/autodl-tmp/cycle09_stage4_state_displacement/cells/llama/opd/step_020/E_ood.L14.main.direction.pt,stage4_direction_singular_values,128,0.008882189151581139,0.010016310482928585,0.04111781084841887,-0.039983689517071416,-0.039983689517071416,1.0293212647172285,1.235675364928649,0.9715139813755975,0.9921666948910557,0
llama,opd,20,E_ood,14,self_attn.q_proj,0.025,2,displacement_rank,/root/autodl-tmp/cycle09_stage4_state_displacement/cells/llama/opd/step_020/E_ood.L14.main.direction.pt,stage4_direction_singular_values,128,0.02294973153159549,0.02848601862440288,0.027050268468404512,-0.021513981375597124,-0.021513981375597124,1.0293212647172285,1.235675364928649,0.9715139813755975,0.9921666948910557,0
llama,opd,20,E_ood,14,self_attn.q_proj,0.05,1,displacement_rank,/root/autodl-tmp/cycle09_stage4_state_displacement/cells/llama/opd/step_020/E_ood.L14.main.direction.pt,stage4_direction_singular_values,128,0.02848601862440288,1.0000000000000004,0.021513981375597124,0.9500000000000004,0.021513981375597124,1.0293212647172285,1.235675364928649,0.9715139813755975,0.9921666948910557,0
llama,opd,20,E_ood,14,self_attn.q_proj,0.1,1,displacement_rank,/root/autodl-tmp/cycle09_stage4_state_displacement/cells/llama/opd/step_020/E_ood.L14.main.direction.pt,stage4_direction_singular_values,128,0.02848601862440288,1.0000000000000004,0.021513981375597124,0.9500000000000004,0.021513981375597124,1.0293212647172285,1.235675364928649,0.9715139813755975,0.9921666948910557,0
llama,opd,20,E_ood,14,self_attn.k_proj,0.01,20,displacement_rank,/root/autodl-tmp/cycle09_stage4_state_displacement/cells/llama/opd/step_020/E_ood.L14.main.direction.pt,stage4_direction_singular_values,128,0.009571977039918139,0.011024887796878702,0.04042802296008186,-0.038975112203121304,-0.038975112203121304,1.184483384330803,2.329752799381519,0.8442499179209421,0.9668575933757037,0
llama,opd,20,E_ood,14,self_attn.k_proj,0.025,13,displacement_rank,/root/autodl-tmp/cycle09_stage4_state_displacement/cells/llama/opd/step_020/E_ood.L14.main.direction.pt,stage4_direction_singular_values,128,0.022826634449272475,0.02595584784926646,0.027173365550727527,-0.024044152150733543,-0.024044152150733543,1.184483384330803,2.329752799381519,0.8442499179209421,0.9668575933757037,0
llama,opd,20,E_ood,14,self_attn.k_proj,0.05,7,displacement_rank,/root/autodl-tmp/cycle09_stage4_state_displacement/cells/llama/opd/step_020/E_ood.L14.main.direction.pt,stage4_direction_singular_values,128,0.04710966556098932,0.05463958653452153,0.0028903344390106833,0.004639586534521525,0.0028903344390106833,1.184483384330803,2.329752799381519,0.8442499179209421,0.9668575933757037,0
llama,opd,20,E_ood,14,self_attn.k_proj,0.1,3,displacement_rank,/root/autodl-tmp/cycle09_stage4_state_displacement/cells/llama/opd/step_020/E_ood.L14.main.direction.pt,stage4_direction_singular_values,128,0.09382881868891928,0.1187441537764132,-0.043828818688919274,0.0687441537764132,-0.043828818688919274,1.184483384330803,2.329752799381519,0.8442499179209421,0.9668575933757037,0
llama,opd,20,E_ood,14,self_attn.v_proj,0.01,6,displacement_rank,/root/autodl-tmp/cycle09_stage4_state_displacement/cells/llama/opd/step_020/E_ood.L14.main.direction.pt,stage4_direction_singular_values,128,0.009850455681255902,0.011618129102562498,0.0401495443187441,-0.038381870897437505,-0.038381870897437505,1.0445565783669322,1.3091228669969646,0.957344025886475,0.9942341956064266,0
llama,opd,20,E_ood,14,self_attn.v_proj,0.025,2,displacement_rank,/root/autodl-tmp/cycle09_stage4_state_displacement/cells/llama/opd/step_020/E_ood.L14.main.direction.pt,stage4_direction_singular_values,128,0.02438451535483604,0.042655974113524876,0.02561548464516396,-0.0073440258864751265,-0.0073440258864751265,1.0445565783669322,1.3091228669969646,0.957344025886475,0.9942341956064266,0
llama,opd,20,E_ood,14,self_attn.v_proj,0.05,1,displacement_rank,/root/autodl-tmp/cycle09_stage4_state_displacement/cells/llama/opd/step_020/E_ood.L14.main.direction.pt,stage4_direction_singular_values,128,0.042655974113524876,0.9999999999999999,0.0073440258864751265,0.9499999999999998,0.0073440258864751265,1.0445565783669322,1.3091228669969646,0.957344025886475,0.9942341956064266,0
llama,opd,20,E_ood,14,self_attn.v_proj,0.1,1,displacement_rank,/root/autodl-tmp/cycle09_stage4_state_displacement/cells/llama/opd/step_020/E_ood.L14.main.direction.pt,stage4_direction_singular_values,128,0.042655974113524876,0.9999999999999999,0.0073440258864751265,0.9499999999999998,0.0073440258864751265,1.0445565783669322,1.3091228669969646,0.957344025886475,0.9942341956064266,0
llama,opd,20,E_ood,14,self_attn.o_proj,0.01,14,displacement_rank,/root/autodl-tmp/cycle09_stage4_state_displacement/cells/llama/opd/step_020/E_ood.L14.main.direction.pt,stage4_direction_singular_values,128,0.009471125428787681,0.010794487829447025,0.04052887457121232,-0.03920551217055298,-0.03920551217055298,1.1177046570799616,1.8002820483280952,0.894690733965922,0.9842209829205869,0
llama,opd,20,E_ood,14,self_attn.o_proj,0.025,7,displacement_rank,/root/autodl-tmp/cycle09_stage4_state_displacement/cells/llama/opd/step_020/E_ood.L14.main.direction.pt,stage4_direction_singular_values,128,0.02378563900526254,0.0279115787248227,0.02621436099473746,-0.0220884212751773,-0.0220884212751773,1.1177046570799616,1.8002820483280952,0.894690733965922,0.9842209829205869,0
llama,opd,20,E_ood,14,self_attn.o_proj,0.05,4,displacement_rank,/root/autodl-tmp/cycle09_stage4_state_displacement/cells/llama/opd/step_020/E_ood.L14.main.direction.pt,stage4_direction_singular_values,128,0.04104410316188587,0.05362177702414157,0.008955896838114132,0.0036217770241415703,0.0036217770241415703,1.1177046570799616,1.8002820483280952,0.894690733965922,0.9842209829205869,0
llama,opd,20,E_ood,14,self_attn.o_proj,0.1,2,displacement_rank,/root/autodl-tmp/cycle09_stage4_state_displacement/cells/llama/opd/step_020/E_ood.L14.main.direction.pt,stage4_direction_singular_values,128,0.07162120146050904,0.10530926603407814,-0.02162120146050904,0.05530926603407814,-0.02162120146050904,1.1177046570799616,1.8002820483280952,0.894690733965922,0.9842209829205869,0
llama,opd,20,E_ood,14,mlp.gate_proj,0.01,21,displacement_rank,/root/autodl-tmp/cycle09_stage4_state_displacement/cells/llama/opd/step_020/E_ood.L14.main.direction.pt,stage4_direction_singular_values,128,0.009356854168677759,0.010661924766329083,0.040643145831322246,-0.039338075233670916,-0.039338075233670916,1.1477329613232237,2.103467195530346,0.8712828102863734,0.9666443791725919,0
llama,opd,20,E_ood,14,mlp.gate_proj,0.025,13,displacement_rank,/root/autodl-tmp/cycle09_stage4_state_displacement/cells/llama/opd/step_020/E_ood.L14.main.direction.pt,stage4_direction_singular_values,128,0.024101418506127063,0.02673651332743341,0.02589858149387294,-0.023263486672566593,-0.023263486672566593,1.1477329613232237,2.103467195530346,0.8712828102863734,0.9666443791725919,0
llama,opd,20,E_ood,14,mlp.gate_proj,0.05,7,displacement_rank,/root/autodl-tmp/cycle09_stage4_state_displacement/cells/llama/opd/step_020/E_ood.L14.main.direction.pt,stage4_direction_singular_values,128,0.04647637552700024,0.05212471691306261,0.0035236244729997604,0.0021247169130626103,0.0021247169130626103,1.1477329613232237,2.103467195530346,0.8712828102863734,0.9666443791725919,0
llama,opd,20,E_ood,14,mlp.gate_proj,0.1,2,displacement_rank,/root/autodl-tmp/cycle09_stage4_state_displacement/cells/llama/opd/step_020/E_ood.L14.main.direction.pt,stage4_direction_singular_values,128,0.09965653063027902,0.12871718971362628,-0.049656530630279014,0.07871718971362628,-0.049656530630279014,1.1477329613232237,2.103467195530346,0.8712828102863734,0.9666443791725919,0
llama,opd,20,E_ood,14,mlp.up_proj,0.01,12,displacement_rank,/root/autodl-tmp/cycle09_stage4_state_displacement/cells/llama/opd/step_020/E_ood.L14.main.direction.pt,stage4_direction_singular_values,128,0.009313766199183142,0.010386153349409148,0.04068623380081686,-0.03961384665059085,-0.03961384665059085,1.0515245225714085,1.386404118204704,0.9510001702619261,0.9884362078616777,0
llama,opd,20,E_ood,14,mlp.up_proj,0.025,4,displacement_rank,/root/autodl-tmp/cycle09_stage4_state_displacement/cells/llama/opd/step_020/E_ood.L14.main.direction.pt,stage4_direction_singular_values,128,0.023651891192686986,0.028607194091257778,0.026348108807313017,-0.021392805908742225,-0.021392805908742225,1.0515245225714085,1.386404118204704,0.9510001702619261,0.9884362078616777,0
llama,opd,20,E_ood,14,mlp.up_proj,0.05,1,displacement_rank,/root/autodl-tmp/cycle09_stage4_state_displacement/cells/llama/opd/step_020/E_ood.L14.main.direction.pt,stage4_direction_singular_values,128,0.048999829738074055,1.0,0.0010001702619259478,0.95,0.0010001702619259478,1.0515245225714085,1.386404118204704,0.9510001702619261,0.9884362078616777,0
llama,opd,20,E_ood,14,mlp.up_proj,0.1,1,displacement_rank,/root/autodl-tmp/cycle09_stage4_state_displacement/cells/llama/opd/step_020/E_ood.L14.main.direction.pt,stage4_direction_singular_values,128,0.048999829738074055,1.0,0.0010001702619259478,0.95,0.0010001702619259478,1.0515245225714085,1.386404118204704,0.9510001702619261,0.9884362078616777,0
llama,opd,20,E_ood,14,mlp.down_proj,0.01,4,displacement_rank,/root/autodl-tmp/cycle09_stage4_state_displacement/cells/llama/opd/step_020/E_ood.L14.main.direction.pt,stage4_direction_singular_values,128,0.009181429053313036,0.01116807963161381,0.04081857094668696,-0.03883192036838619,-0.03883192036838619,1.021541611733916,1.1667447006680347,0.9789126439036073,0.9960583442029979,0
llama,opd,20,E_ood,14,mlp.down_proj,0.025,1,displacement_rank,/root/autodl-tmp/cycle09_stage4_state_displacement/cells/llama/opd/step_020/E_ood.L14.main.direction.pt,stage4_direction_singular_values,128,0.02108735609639267,1.0000000000000002,0.028912643903607333,0.9500000000000002,0.028912643903607333,1.021541611733916,1.1667447006680347,0.9789126439036073,0.9960583442029979,0
llama,opd,20,E_ood,14,mlp.down_proj,0.05,1,displacement_rank,/root/autodl-tmp/cycle09_stage4_state_displacement/cells/llama/opd/step_020/E_ood.L14.main.direction.pt,stage4_direction_singular_values,128,0.02108735609639267,1.0000000000000002,0.028912643903607333,0.9500000000000002,0.028912643903607333,1.021541611733916,1.1667447006680347,0.9789126439036073,0.9960583442029979,0
llama,opd,20,E_ood,14,mlp.down_proj,0.1,1,displacement_rank,/root/autodl-tmp/cycle09_stage4_state_displacement/cells/llama/opd/step_020/E_ood.L14.main.direction.pt,stage4_direction_singular_values,128,0.02108735609639267,1.0000000000000002,0.028912643903607333,0.9500000000000002,0.028912643903607333,1.021541611733916,1.1667447006680347,0.9789126439036073,0.9960583442029979,0
llama,opd,20,E_if,14,self_attn.q_proj,0.01,12,displacement_rank,/root/autodl-tmp/cycle09_stage4_state_displacement/cells/llama/opd/step_020/E_if.L14.main.direction.pt,stage4_direction_singular_values,128,0.009843112534823712,0.010972515252723256,0.04015688746517629,-0.03902748474727675,-0.03902748474727675,1.0464993169027972,1.362087627399888,0.9555667966985246,0.9878720055780945,0
llama,opd,20,E_if,14,self_attn.q_proj,0.025,5,displacement_rank,/root/autodl-tmp/cycle09_stage4_state_displacement/cells/llama/opd/step_020/E_if.L14.main.direction.pt,stage4_direction_singular_values,128,0.022364834098894865,0.025512764103170407,0.027635165901105138,-0.024487235896829596,-0.024487235896829596,1.0464993169027972,1.362087627399888,0.9555667966985246,0.9878720055780945,0
llama,opd,20,E_if,14,self_attn.q_proj,0.05,1,displacement_rank,/root/autodl-tmp/cycle09_stage4_state_displacement/cells/llama/opd/step_020/E_if.L14.main.direction.pt,stage4_direction_singular_values,128,0.04443320330147534,1.0,0.005566796698524661,0.95,0.005566796698524661,1.0464993169027972,1.362087627399888,0.9555667966985246,0.9878720055780945,0
llama,opd,20,E_if,14,self_attn.q_proj,0.1,1,displacement_rank,/root/autodl-tmp/cycle09_stage4_state_displacement/cells/llama/opd/step_020/E_if.L14.main.direction.pt,stage4_direction_singular_values,128,0.04443320330147534,1.0,0.005566796698524661,0.95,0.005566796698524661,1.0464993169027972,1.362087627399888,0.9555667966985246,0.9878720055780945,0
llama,opd,20,E_if,14,self_attn.k_proj,0.01,23,displacement_rank,/root/autodl-tmp/cycle09_stage4_state_displacement/cells/llama/opd/step_020/E_if.L14.main.direction.pt,stage4_direction_singular_values,128,0.009256792238361719,0.010732794730980336,0.040743207761638284,-0.03926720526901967,-0.03926720526901967,1.266772956814418,2.933528023892029,0.7894074424470839,0.9525897568629761,0
llama,opd,20,E_if,14,self_attn.k_proj,0.025,16,displacement_rank,/root/autodl-tmp/cycle09_stage4_state_displacement/cells/llama/opd/step_020/E_if.L14.main.direction.pt,stage4_direction_singular_values,128,0.023145156102266397,0.025945101342286912,0.026854843897733606,-0.02405489865771309,-0.02405489865771309,1.266772956814418,2.933528023892029,0.7894074424470839,0.9525897568629761,0
llama,opd,20,E_if,14,self_attn.k_proj,0.05,10,displacement_rank,/root/autodl-tmp/cycle09_stage4_state_displacement/cells/llama/opd/step_020/E_if.L14.main.direction.pt,stage4_direction_singular_values,128,0.047410243137023765,0.05296004795721001,0.0025897568629762377,0.002960047957210006,0.0025897568629762377,1.266772956814418,2.933528023892029,0.7894074424470839,0.9525897568629761,0
llama,opd,20,E_if,14,self_attn.k_proj,0.1,5,displacement_rank,/root/autodl-tmp/cycle09_stage4_state_displacement/cells/llama/opd/step_020/E_if.L14.main.direction.pt,stage4_direction_singular_values,128,0.09038817541497472,0.10338784657666769,-0.04038817541497472,0.05338784657666769,-0.04038817541497472,1.266772956814418,2.933528023892029,0.7894074424470839,0.9525897568629761,0
llama,opd,20,E_if,14,self_attn.v_proj,0.01,7,displacement_rank,/root/autodl-tmp/cycle09_stage4_state_displacement/cells/llama/opd/step_020/E_if.L14.main.direction.pt,stage4_direction_singular_values,128,0.008935608499008044,0.010195259191382512,0.04106439150099196,-0.03980474080861749,-0.03980474080861749,1.0356737973370675,1.2653807690832597,0.9655549870733504,0.9937303439488548,0
llama,opd,20,E_if,14,self_attn.v_proj,0.025,2,displacement_rank,/root/autodl-tmp/cycle09_stage4_state_displacement/cells/llama/opd/step_020/E_if.L14.main.direction.pt,stage4_direction_singular_values,128,0.023925351065889645,0.03444501292664948,0.026074648934110357,-0.01555498707335052,-0.01555498707335052,1.0356737973370675,1.2653807690832597,0.9655549870733504,0.9937303439488548,0
llama,opd,20,E_if,14,self_attn.v_proj,0.05,1,displacement_rank,/root/autodl-tmp/cycle09_stage4_state_displacement/cells/llama/opd/step_020/E_if.L14.main.direction.pt,stage4_direction_singular_values,128,0.03444501292664948,1.0000000000000002,0.01555498707335052,0.9500000000000002,0.01555498707335052,1.0356737973370675,1.2653807690832597,0.9655549870733504,0.9937303439488548,0
llama,opd,20,E_if,14,self_attn.v_proj,0.1,1,displacement_rank,/root/autodl-tmp/cycle09_stage4_state_displacement/cells/llama/opd/step_020/E_if.L14.main.direction.pt,stage4_direction_singular_values,128,0.03444501292664948,1.0000000000000002,0.01555498707335052,0.9500000000000002,0.01555498707335052,1.0356737973370675,1.2653807690832597,0.9655549870733504,0.9937303439488548,0
llama,opd,20,E_if,14,self_attn.o_proj,0.01,18,displacement_rank,/root/autodl-tmp/cycle09_stage4_state_displacement/cells/llama/opd/step_020/E_if.L14.main.direction.pt,stage4_direction_singular_values,128,0.009031970598909483,0.010263922488878273,0.04096802940109052,-0.03973607751112173,-0.03973607751112173,1.2343929963397833,2.4562505929944156,0.8101147713614673,0.9746588992954551,0
llama,opd,20,E_if,14,self_attn.o_proj,0.025,11,displacement_rank,/root/autodl-tmp/cycle09_stage4_state_displacement/cells/llama/opd/step_020/E_if.L14.main.direction.pt,stage4_direction_singular_values,128,0.02194510541873152,0.025341100704544824,0.02805489458126848,-0.02465889929545518,-0.02465889929545518,1.2343929963397833,2.4562505929944156,0.8101147713614673,0.9746588992954551,0
llama,opd,20,E_if,14,self_attn.o_proj,0.05,6,displacement_rank,/root/autodl-tmp/cycle09_stage4_state_displacement/cells/llama/opd/step_020/E_if.L14.main.direction.pt,stage4_direction_singular_values,128,0.04457132131665354,0.05327844243710657,0.005428678683346462,0.0032784424371065657,0.0032784424371065657,1.2343929963397833,2.4562505929944156,0.8101147713614673,0.9746588992954551,0
llama,opd,20,E_if,14,self_attn.o_proj,0.1,3,displacement_rank,/root/autodl-tmp/cycle09_stage4_state_displacement/cells/llama/opd/step_020/E_if.L14.main.direction.pt,stage4_direction_singular_values,128,0.07961275041789485,0.10707954151379515,-0.02961275041789485,0.05707954151379514,-0.02961275041789485,1.2343929963397833,2.4562505929944156,0.8101147713614673,0.9746588992954551,0
llama,opd,20,E_if,14,mlp.gate_proj,0.01,25,displacement_rank,/root/autodl-tmp/cycle09_stage4_state_displacement/cells/llama/opd/step_020/E_if.L14.main.direction.pt,stage4_direction_singular_values,128,0.008968591082872563,0.010669453773321454,0.04103140891712744,-0.039330546226678545,-0.039330546226678545,1.242639549133084,2.8848168574429316,0.8047385910883336,0.9424054263876581,0
llama,opd,20,E_if,14,mlp.gate_proj,0.025,18,displacement_rank,/root/autodl-tmp/cycle09_stage4_state_displacement/cells/llama/opd/step_020/E_if.L14.main.direction.pt,stage4_direction_singular_values,128,0.02394906918983213,0.02681374823300014,0.026050930810167874,-0.023186251766999864,-0.023186251766999864,1.242639549133084,2.8848168574429316,0.8047385910883336,0.9424054263876581,0
llama,opd,20,E_if,14,mlp.gate_proj,0.05,12,displacement_rank,/root/autodl-tmp/cycle09_stage4_state_displacement/cells/llama/opd/step_020/E_if.L14.main.direction.pt,stage4_direction_singular_values,128,0.046262298662676636,0.051597558861988184,0.0037377013373233667,0.0015975588619881811,0.0015975588619881811,1.242639549133084,2.8848168574429316,0.8047385910883336,0.9424054263876581,0
llama,opd,20,E_if,14,mlp.gate_proj,0.1,6,displacement_rank,/root/autodl-tmp/cycle09_stage4_state_displacement/cells/llama/opd/step_020/E_if.L14.main.direction.pt,stage4_direction_singular_values,128,0.08953138190580287,0.1000469891909447,-0.03953138190580287,0.05004698919094469,-0.03953138190580287,1.242639549133084,2.8848168574429316,0.8047385910883336,0.9424054263876581,0
llama,opd,20,E_if,14,mlp.up_proj,0.01,15,displacement_rank,/root/autodl-tmp/cycle09_stage4_state_displacement/cells/llama/opd/step_020/E_if.L14.main.direction.pt,stage4_direction_singular_values,128,0.009473860747462466,0.010615879852195104,0.040526139252537535,-0.0393841201478049,-0.0393841201478049,1.0675249524624026,1.514571361899194,0.936746253746438,0.9833536986433163,0
llama,opd,20,E_if,14,mlp.up_proj,0.025,7,displacement_rank,/root/autodl-tmp/cycle09_stage4_state_displacement/cells/llama/opd/step_020/E_if.L14.main.direction.pt,stage4_direction_singular_values,128,0.02354875233031418,0.026583270279103576,0.02645124766968582,-0.023416729720896427,-0.023416729720896427,1.0675249524624026,1.514571361899194,0.936746253746438,0.9833536986433163,0
llama,opd,20,E_if,14,mlp.up_proj,0.05,3,displacement_rank,/root/autodl-tmp/cycle09_stage4_state_displacement/cells/llama/opd/step_020/E_if.L14.main.direction.pt,stage4_direction_singular_values,128,0.042590103543346323,0.051335486022956414,0.007409896456653679,0.0013354860229564114,0.0013354860229564114,1.0675249524624026,1.514571361899194,0.936746253746438,0.9833536986433163,0
llama,opd,20,E_if,14,mlp.up_proj,0.1,1,displacement_rank,/root/autodl-tmp/cycle09_stage4_state_displacement/cells/llama/opd/step_020/E_if.L14.main.direction.pt,stage4_direction_singular_values,128,0.06325374625356212,1.0000000000000002,-0.013253746253562113,0.9500000000000002,-0.013253746253562113,1.0675249524624026,1.514571361899194,0.936746253746438,0.9833536986433163,0
llama,opd,20,E_if,14,mlp.down_proj,0.01,8,displacement_rank,/root/autodl-tmp/cycle09_stage4_state_displacement/cells/llama/opd/step_020/E_if.L14.main.direction.pt,stage4_direction_singular_values,128,0.009676656184353288,0.010963622800611587,0.040323343815646714,-0.03903637719938842,-0.03903637719938842,1.0367031220423442,1.2795442453541632,0.964596304127996,0.9923901432795197,0
llama,opd,20,E_if,14,mlp.down_proj,0.025,3,displacement_rank,/root/autodl-tmp/cycle09_stage4_state_displacement/cells/llama/opd/step_020/E_if.L14.main.direction.pt,stage4_direction_singular_values,128,0.02086990789874252,0.025242124332868963,0.02913009210125748,-0.02475787566713104,-0.02475787566713104,1.0367031220423442,1.2795442453541632,0.964596304127996,0.9923901432795197,0
llama,opd,20,E_if,14,mlp.down_proj,0.05,1,displacement_rank,/root/autodl-tmp/cycle09_stage4_state_displacement/cells/llama/opd/step_020/E_if.L14.main.direction.pt,stage4_direction_singular_values,128,0.035403695872004114,1.0000000000000002,0.014596304127995889,0.9500000000000002,0.014596304127995889,1.0367031220423442,1.2795442453541632,0.964596304127996,0.9923901432795197,0
llama,opd,20,E_if,14,mlp.down_proj,0.1,1,displacement_rank,/root/autodl-tmp/cycle09_stage4_state_displacement/cells/llama/opd/step_020/E_if.L14.main.direction.pt,stage4_direction_singular_values,128,0.035403695872004114,1.0000000000000002,0.014596304127995889,0.9500000000000002,0.014596304127995889,1.0367031220423442,1.2795442453541632,0.964596304127996,0.9923901432795197,0
llama,opd,40,E_general,14,self_attn.q_proj,0.01,16,displacement_rank,/root/autodl-tmp/cycle09_stage4_state_displacement/cells/llama/opd/step_040/E_general.L14.main.direction.pt,stage4_direction_singular_values,128,0.00987411059752158,0.011208451776051731,0.040125889402478424,-0.03879154822394827,-0.03879154822394827,1.069572900159792,1.5378824238561908,0.9349526337574579,0.9804478017365266,0
llama,opd,40,E_general,14,self_attn.q_proj,0.025,8,displacement_rank,/root/autodl-tmp/cycle09_stage4_state_displacement/cells/llama/opd/step_040/E_general.L14.main.direction.pt,stage4_direction_singular_values,128,0.0240597525770885,0.02682011309069575,0.025940247422911504,-0.023179886909304254,-0.023179886909304254,1.069572900159792,1.5378824238561908,0.9349526337574579,0.9804478017365266,0
llama,opd,40,E_general,14,self_attn.q_proj,0.05,3,displacement_rank,/root/autodl-tmp/cycle09_stage4_state_displacement/cells/llama/opd/step_040/E_general.L14.main.direction.pt,stage4_direction_singular_values,128,0.04521781109724649,0.053060750743361425,0.0047821889027535106,0.003060750743361422,0.003060750743361422,1.069572900159792,1.5378824238561908,0.9349526337574579,0.9804478017365266,0
llama,opd,40,E_general,14,self_attn.q_proj,0.1,1,displacement_rank,/root/autodl-tmp/cycle09_stage4_state_displacement/cells/llama/opd/step_040/E_general.L14.main.direction.pt,stage4_direction_singular_values,128,0.06504736624254188,0.9999999999999996,-0.015047366242541882,0.9499999999999995,-0.015047366242541882,1.069572900159792,1.5378824238561908,0.9349526337574579,0.9804478017365266,0
llama,opd,40,E_general,14,self_attn.k_proj,0.01,22,displacement_rank,/root/autodl-tmp/cycle09_stage4_state_displacement/cells/llama/opd/step_040/E_general.L14.main.direction.pt,stage4_direction_singular_values,128,0.009150295817221207,0.010611919423793359,0.04084970418277879,-0.039388080576206644,-0.039388080576206644,1.185624759341023,2.412149982775596,0.8434371770000871,0.9575582953687238,0
llama,opd,40,E_general,14,self_attn.k_proj,0.025,15,displacement_rank,/root/autodl-tmp/cycle09_stage4_state_displacement/cells/llama/opd/step_040/E_general.L14.main.direction.pt,stage4_direction_singular_values,128,0.02265837059976942,0.025613081866711514,0.027341629400230584,-0.02438691813328849,-0.02438691813328849,1.185624759341023,2.412149982775596,0.8434371770000871,0.9575582953687238,0
llama,opd,40,E_general,14,self_attn.k_proj,0.05,9,displacement_rank,/root/autodl-tmp/cycle09_stage4_state_displacement/cells/llama/opd/step_040/E_general.L14.main.direction.pt,stage4_direction_singular_values,128,0.04815942554629473,0.05468801051136094,0.0018405744537052723,0.004688010511360939,0.0018405744537052723,1.185624759341023,2.412149982775596,0.8434371770000871,0.9575582953687238,0
llama,opd,40,E_general,14,self_attn.k_proj,0.1,4,displacement_rank,/root/autodl-tmp/cycle09_stage4_state_displacement/cells/llama/opd/step_040/E_general.L14.main.direction.pt,stage4_direction_singular_values,128,0.09091126485066373,0.10359131529134896,-0.04091126485066372,0.05359131529134896,-0.04091126485066372,1.185624759341023,2.412149982775596,0.8434371770000871,0.9575582953687238,0
llama,opd,40,E_general,14,self_attn.v_proj,0.01,16,displacement_rank,/root/autodl-tmp/cycle09_stage4_state_displacement/cells/llama/opd/step_040/E_general.L14.main.direction.pt,stage4_direction_singular_values,128,0.009116241573805497,0.010375074195995223,0.0408837584261945,-0.03962492580400478,-0.03962492580400478,1.1134399134528432,1.7959721530718018,0.8981176154346225,0.981454604711191,0
llama,opd,40,E_general,14,self_attn.v_proj,0.025,8,displacement_rank,/root/autodl-tmp/cycle09_stage4_state_displacement/cells/llama/opd/step_040/E_general.L14.main.direction.pt,stage4_direction_singular_values,128,0.023681936140277617,0.026788946678650276,0.026318063859722386,-0.023211053321349727,-0.023211053321349727,1.1134399134528432,1.7959721530718018,0.8981176154346225,0.981454604711191,0
llama,opd,40,E_general,14,self_attn.v_proj,0.05,4,displacement_rank,/root/autodl-tmp/cycle09_stage4_state_displacement/cells/llama/opd/step_040/E_general.L14.main.direction.pt,stage4_direction_singular_values,128,0.042879024440760034,0.0578129697057329,0.0071209755592399684,0.007812969705732899,0.0071209755592399684,1.1134399134528432,1.7959721530718018,0.8981176154346225,0.981454604711191,0
llama,opd,40,E_general,14,self_attn.v_proj,0.1,2,displacement_rank,/root/autodl-tmp/cycle09_stage4_state_displacement/cells/llama/opd/step_040/E_general.L14.main.direction.pt,stage4_direction_singular_values,128,0.07421777445533295,0.10188238456537739,-0.02421777445533295,0.05188238456537739,-0.02421777445533295,1.1134399134528432,1.7959721530718018,0.8981176154346225,0.981454604711191,0
llama,opd,40,E_general,14,self_attn.o_proj,0.01,24,displacement_rank,/root/autodl-tmp/cycle09_stage4_state_displacement/cells/llama/opd/step_040/E_general.L14.main.direction.pt,stage4_direction_singular_values,128,0.009393589564740519,0.011214306530933249,0.040606410435259484,-0.038785693469066754,-0.038785693469066754,1.5971030376097817,5.094880969670122,0.6261336785737983,0.9331867244885301,0
llama,opd,40,E_general,14,self_attn.o_proj,0.025,18,displacement_rank,/root/autodl-tmp/cycle09_stage4_state_displacement/cells/llama/opd/step_040/E_general.L14.main.direction.pt,stage4_direction_singular_values,128,0.023342269538727273,0.026533148318560844,0.02665773046127273,-0.02346685168143916,-0.02346685168143916,1.5971030376097817,5.094880969670122,0.6261336785737983,0.9331867244885301,0
llama,opd,40,E_general,14,self_attn.o_proj,0.05,13,displacement_rank,/root/autodl-tmp/cycle09_stage4_state_displacement/cells/llama/opd/step_040/E_general.L14.main.direction.pt,stage4_direction_singular_values,128,0.04441286452673363,0.05031283778458539,0.0055871354732663706,0.0003128377845853861,0.0003128377845853861,1.5971030376097817,5.094880969670122,0.6261336785737983,0.9331867244885301,0
llama,opd,40,E_general,14,self_attn.o_proj,0.1,8,displacement_rank,/root/autodl-tmp/cycle09_stage4_state_displacement/cells/llama/opd/step_040/E_general.L14.main.direction.pt,stage4_direction_singular_values,128,0.09213075095581746,0.1084992766327008,-0.04213075095581746,0.0584992766327008,-0.04213075095581746,1.5971030376097817,5.094880969670122,0.6261336785737983,0.9331867244885301,0
llama,opd,40,E_general,14,mlp.gate_proj,0.01,26,displacement_rank,/root/autodl-tmp/cycle09_stage4_state_displacement/cells/llama/opd/step_040/E_general.L14.main.direction.pt,stage4_direction_singular_values,128,0.008254569256571394,0.010072993994531616,0.04174543074342861,-0.03992700600546839,-0.03992700600546839,1.2320491722394262,2.831241082909564,0.8116559164455721,0.9392812422157895,0
llama,opd,40,E_general,14,mlp.gate_proj,0.025,19,displacement_rank,/root/autodl-tmp/cycle09_stage4_state_displacement/cells/llama/opd/step_040/E_general.L14.main.direction.pt,stage4_direction_singular_values,128,0.023745346095583347,0.026527664758771666,0.026254653904416655,-0.023472335241228336,-0.023472335241228336,1.2320491722394262,2.831241082909564,0.8116559164455721,0.9392812422157895,0
llama,opd,40,E_general,14,mlp.gate_proj,0.05,13,displacement_rank,/root/autodl-tmp/cycle09_stage4_state_displacement/cells/llama/opd/step_040/E_general.L14.main.direction.pt,stage4_direction_singular_values,128,0.04538281808669029,0.05031172431208347,0.0046171819133097106,0.0003117243120834695,0.0003117243120834695,1.2320491722394262,2.831241082909564,0.8116559164455721,0.9392812422157895,0
llama,opd,40,E_general,14,mlp.gate_proj,0.1,6,displacement_rank,/root/autodl-tmp/cycle09_stage4_state_displacement/cells/llama/opd/step_040/E_general.L14.main.direction.pt,stage4_direction_singular_values,128,0.09139884775696211,0.10155050121520165,-0.04139884775696211,0.05155050121520165,-0.04139884775696211,1.2320491722394262,2.831241082909564,0.8116559164455721,0.9392812422157895,0
llama,opd,40,E_general,14,mlp.up_proj,0.01,23,displacement_rank,/root/autodl-tmp/cycle09_stage4_state_displacement/cells/llama/opd/step_040/E_general.L14.main.direction.pt,stage4_direction_singular_values,128,0.009561700894367187,0.011168294673699931,0.04043829910563282,-0.03883170532630007,-0.03883170532630007,1.1908088251439637,2.475149915676789,0.8397653585403217,0.9528661111180472,0
llama,opd,40,E_general,14,mlp.up_proj,0.025,16,displacement_rank,/root/autodl-tmp/cycle09_stage4_state_displacement/cells/llama/opd/step_040/E_general.L14.main.direction.pt,stage4_direction_singular_values,128,0.024140423924381645,0.02701729746474635,0.025859576075618357,-0.02298270253525365,-0.02298270253525365,1.1908088251439637,2.475149915676789,0.8397653585403217,0.9528661111180472,0
llama,opd,40,E_general,14,mlp.up_proj,0.05,10,displacement_rank,/root/autodl-tmp/cycle09_stage4_state_displacement/cells/llama/opd/step_040/E_general.L14.main.direction.pt,stage4_direction_singular_values,128,0.04713388888195326,0.05279988929116765,0.0028661111180467436,0.0027998892911676454,0.0027998892911676454,1.1908088251439637,2.475149915676789,0.8397653585403217,0.9528661111180472,0
llama,opd,40,E_general,14,mlp.up_proj,0.1,4,displacement_rank,/root/autodl-tmp/cycle09_stage4_state_displacement/cells/llama/opd/step_040/E_general.L14.main.direction.pt,stage4_direction_singular_values,128,0.09514850469309104,0.11061675075621843,-0.045148504693091035,0.06061675075621843,-0.045148504693091035,1.1908088251439637,2.475149915676789,0.8397653585403217,0.9528661111180472,0
llama,opd,40,E_general,14,mlp.down_proj,0.01,14,displacement_rank,/root/autodl-tmp/cycle09_stage4_state_displacement/cells/llama/opd/step_040/E_general.L14.main.direction.pt,stage4_direction_singular_values,128,0.009571929570236273,0.01066582556912996,0.04042807042976373,-0.03933417443087004,-0.03933417443087004,1.0703513993917775,1.5175493210858364,0.934272614179087,0.9851357301538469,0
llama,opd,40,E_general,14,mlp.down_proj,0.025,6,displacement_rank,/root/autodl-tmp/cycle09_stage4_state_displacement/cells/llama/opd/step_040/E_general.L14.main.direction.pt,stage4_direction_singular_values,128,0.023904083434593177,0.027408682172436707,0.026095916565406826,-0.022591317827563295,-0.022591317827563295,1.0703513993917775,1.5175493210858364,0.934272614179087,0.9851357301538469,0
llama,opd,40,E_general,14,mlp.down_proj,0.05,2,displacement_rank,/root/autodl-tmp/cycle09_stage4_state_displacement/cells/llama/opd/step_040/E_general.L14.main.direction.pt,stage4_direction_singular_values,128,0.0467742766421306,0.06572738582091316,0.0032257233578694006,0.015727385820913153,0.0032257233578694006,1.0703513993917775,1.5175493210858364,0.934272614179087,0.9851357301538469,0
llama,opd,40,E_general,14,mlp.down_proj,0.1,1,displacement_rank,/root/autodl-tmp/cycle09_stage4_state_displacement/cells/llama/opd/step_040/E_general.L14.main.direction.pt,stage4_direction_singular_values,128,0.06572738582091316,0.9999999999999999,-0.015727385820913153,0.9499999999999998,-0.015727385820913153,1.0703513993917775,1.5175493210858364,0.934272614179087,0.9851357301538469,0
llama,opd,40,E_math,14,self_attn.q_proj,0.01,9,displacement_rank,/root/autodl-tmp/cycle09_stage4_state_displacement/cells/llama/opd/step_040/E_math.L14.main.direction.pt,stage4_direction_singular_values,128,0.009130968795981562,0.010368139711941655,0.04086903120401844,-0.039631860288058346,-0.039631860288058346,1.0290645469351911,1.234632190090497,0.9717563421830511,0.9919318220741343,0
llama,opd,40,E_math,14,self_attn.q_proj,0.025,2,displacement_rank,/root/autodl-tmp/cycle09_stage4_state_displacement/cells/llama/opd/step_040/E_math.L14.main.direction.pt,stage4_direction_singular_values,128,0.023701029024160394,0.028243657816948944,0.02629897097583961,-0.02175634218305106,-0.02175634218305106,1.0290645469351911,1.234632190090497,0.9717563421830511,0.9919318220741343,0
llama,opd,40,E_math,14,self_attn.q_proj,0.05,1,displacement_rank,/root/autodl-tmp/cycle09_stage4_state_displacement/cells/llama/opd/step_040/E_math.L14.main.direction.pt,stage4_direction_singular_values,128,0.028243657816948944,1.0,0.02175634218305106,0.95,0.02175634218305106,1.0290645469351911,1.234632190090497,0.9717563421830511,0.9919318220741343,0
llama,opd,40,E_math,14,self_attn.q_proj,0.1,1,displacement_rank,/root/autodl-tmp/cycle09_stage4_state_displacement/cells/llama/opd/step_040/E_math.L14.main.direction.pt,stage4_direction_singular_values,128,0.028243657816948944,1.0,0.02175634218305106,0.95,0.02175634218305106,1.0290645469351911,1.234632190090497,0.9717563421830511,0.9919318220741343,0
llama,opd,40,E_math,14,self_attn.k_proj,0.01,18,displacement_rank,/root/autodl-tmp/cycle09_stage4_state_displacement/cells/llama/opd/step_040/E_math.L14.main.direction.pt,stage4_direction_singular_values,128,0.009451959179125332,0.010712510783351106,0.04054804082087467,-0.039287489216648895,-0.039287489216648895,1.12925688898239,1.9455188931915341,0.8855381001050456,0.9746095520437655,0
llama,opd,40,E_math,14,self_attn.k_proj,0.025,11,displacement_rank,/root/autodl-tmp/cycle09_stage4_state_displacement/cells/llama/opd/step_040/E_math.L14.main.direction.pt,stage4_direction_singular_values,128,0.02251331622852557,0.025390447956234484,0.027486683771474434,-0.02460955204376552,-0.02460955204376552,1.12925688898239,1.9455188931915341,0.8855381001050456,0.9746095520437655,0
llama,opd,40,E_math,14,self_attn.k_proj,0.05,6,displacement_rank,/root/autodl-tmp/cycle09_stage4_state_displacement/cells/llama/opd/step_040/E_math.L14.main.direction.pt,stage4_direction_singular_values,128,0.044612971941818715,0.051752845375107395,0.005387028058181288,0.0017528453751073925,0.0017528453751073925,1.12925688898239,1.9455188931915341,0.8855381001050456,0.9746095520437655,0
llama,opd,40,E_math,14,self_attn.k_proj,0.1,2,displacement_rank,/root/autodl-tmp/cycle09_stage4_state_displacement/cells/llama/opd/step_040/E_math.L14.main.direction.pt,stage4_direction_singular_values,128,0.08620496572686702,0.1144618998949544,-0.03620496572686702,0.06446189989495439,-0.03620496572686702,1.12925688898239,1.9455188931915341,0.8855381001050456,0.9746095520437655,0
llama,opd,40,E_math,14,self_attn.v_proj,0.01,9,displacement_rank,/root/autodl-tmp/cycle09_stage4_state_displacement/cells/llama/opd/step_040/E_math.L14.main.direction.pt,stage4_direction_singular_values,128,0.009411708520723424,0.010786725798292542,0.040588291479276575,-0.03921327420170746,-0.03921327420170746,1.056439110872233,1.3992920455652933,0.9465760872620145,0.9916373934200864,0
llama,opd,40,E_math,14,self_attn.v_proj,0.025,4,displacement_rank,/root/autodl-tmp/cycle09_stage4_state_displacement/cells/llama/opd/step_040/E_math.L14.main.direction.pt,stage4_direction_singular_values,128,0.02028524568426398,0.028061622835802883,0.029714754315736024,-0.02193837716419712,-0.02193837716419712,1.056439110872233,1.3992920455652933,0.9465760872620145,0.9916373934200864,0
llama,opd,40,E_math,14,self_attn.v_proj,0.05,2,displacement_rank,/root/autodl-tmp/cycle09_stage4_state_displacement/cells/llama/opd/step_040/E_math.L14.main.direction.pt,stage4_direction_singular_values,128,0.03617022016705079,0.053423912737985454,0.01382977983294921,0.0034239127379854517,0.0034239127379854517,1.056439110872233,1.3992920455652933,0.9465760872620145,0.9916373934200864,0
llama,opd,40,E_math,14,self_attn.v_proj,0.1,1,displacement_rank,/root/autodl-tmp/cycle09_stage4_state_displacement/cells/llama/opd/step_040/E_math.L14.main.direction.pt,stage4_direction_singular_values,128,0.053423912737985454,1.0,-0.0034239127379854517,0.95,-0.0034239127379854517,1.056439110872233,1.3992920455652933,0.9465760872620145,0.9916373934200864,0
llama,opd,40,E_math,14,self_attn.o_proj,0.01,10,displacement_rank,/root/autodl-tmp/cycle09_stage4_state_displacement/cells/llama/opd/step_040/E_math.L14.main.direction.pt,stage4_direction_singular_values,128,0.009629162979071071,0.010994349069086657,0.04037083702092893,-0.03900565093091335,-0.03900565093091335,1.0825402868124414,1.5507451213218788,0.9237531500509024,0.9903708370209289,0
llama,opd,40,E_math,14,self_attn.o_proj,0.025,5,displacement_rank,/root/autodl-tmp/cycle09_stage4_state_displacement/cells/llama/opd/step_040/E_math.L14.main.direction.pt,stage4_direction_singular_values,128,0.021326416291271775,0.025332300346900347,0.028673583708728228,-0.024667699653099655,-0.024667699653099655,1.0825402868124414,1.5507451213218788,0.9237531500509024,0.9903708370209289,0
llama,opd,40,E_math,14,self_attn.o_proj,0.05,2,displacement_rank,/root/autodl-tmp/cycle09_stage4_state_displacement/cells/llama/opd/step_040/E_math.L14.main.direction.pt,stage4_direction_singular_values,128,0.0474001754365935,0.07624684994909763,0.0025998245634065026,0.026246849949097623,0.0025998245634065026,1.0825402868124414,1.5507451213218788,0.9237531500509024,0.9903708370209289,0
llama,opd,40,E_math,14,self_attn.o_proj,0.1,1,displacement_rank,/root/autodl-tmp/cycle09_stage4_state_displacement/cells/llama/opd/step_040/E_math.L14.main.direction.pt,stage4_direction_singular_values,128,0.07624684994909763,0.9999999999999999,-0.026246849949097623,0.9499999999999998,-0.026246849949097623,1.0825402868124414,1.5507451213218788,0.9237531500509024,0.9903708370209289,0
llama,opd,40,E_math,14,mlp.gate_proj,0.01,19,displacement_rank,/root/autodl-tmp/cycle09_stage4_state_displacement/cells/llama/opd/step_040/E_math.L14.main.direction.pt,stage4_direction_singular_values,128,0.009308514022588728,0.010549768021467865,0.040691485977411276,-0.03945023197853214,-0.03945023197853214,1.1156997787606058,1.8456853934229365,0.8962984658031099,0.9745382419781518,0
llama,opd,40,E_math,14,mlp.gate_proj,0.025,11,displacement_rank,/root/autodl-tmp/cycle09_stage4_state_displacement/cells/llama/opd/step_040/E_math.L14.main.direction.pt,stage4_direction_singular_values,128,0.022850261467151307,0.025461758021848347,0.027149738532848695,-0.024538241978151656,-0.024538241978151656,1.1156997787606058,1.8456853934229365,0.8962984658031099,0.9745382419781518,0
llama,opd,40,E_math,14,mlp.gate_proj,0.05,5,displacement_rank,/root/autodl-tmp/cycle09_stage4_state_displacement/cells/llama/opd/step_040/E_math.L14.main.direction.pt,stage4_direction_singular_values,128,0.04602105272680274,0.052405440145895765,0.00397894727319726,0.0024054401458957625,0.0024054401458957625,1.1156997787606058,1.8456853934229365,0.8962984658031099,0.9745382419781518,0
llama,opd,40,E_math,14,mlp.gate_proj,0.1,2,displacement_rank,/root/autodl-tmp/cycle09_stage4_state_displacement/cells/llama/opd/step_040/E_math.L14.main.direction.pt,stage4_direction_singular_values,128,0.07355490904594468,0.10370153419689018,-0.023554909045944677,0.05370153419689018,-0.023554909045944677,1.1156997787606058,1.8456853934229365,0.8962984658031099,0.9745382419781518,0
llama,opd,40,E_math,14,mlp.up_proj,0.01,11,displacement_rank,/root/autodl-tmp/cycle09_stage4_state_displacement/cells/llama/opd/step_040/E_math.L14.main.direction.pt,stage4_direction_singular_values,128,0.00892616791977273,0.010032887332227739,0.041073832080227274,-0.03996711266777227,-0.03996711266777227,1.0461077731828556,1.3461897390986342,0.9559244521789857,0.9899671126677718,0
llama,opd,40,E_math,14,mlp.up_proj,0.025,4,displacement_rank,/root/autodl-tmp/cycle09_stage4_state_displacement/cells/llama/opd/step_040/E_math.L14.main.direction.pt,stage4_direction_singular_values,128,0.02201667209410903,0.025800484662984784,0.027983327905890972,-0.02419951533701522,-0.02419951533701522,1.0461077731828556,1.3461897390986342,0.9559244521789857,0.9899671126677718,0
llama,opd,40,E_math,14,mlp.up_proj,0.05,1,displacement_rank,/root/autodl-tmp/cycle09_stage4_state_displacement/cells/llama/opd/step_040/E_math.L14.main.direction.pt,stage4_direction_singular_values,128,0.04407554782101394,0.9999999999999994,0.005924452178986066,0.9499999999999994,0.005924452178986066,1.0461077731828556,1.3461897390986342,0.9559244521789857,0.9899671126677718,0
llama,opd,40,E_math,14,mlp.up_proj,0.1,1,displacement_rank,/root/autodl-tmp/cycle09_stage4_state_displacement/cells/llama/opd/step_040/E_math.L14.main.direction.pt,stage4_direction_singular_values,128,0.04407554782101394,0.9999999999999994,0.005924452178986066,0.9499999999999994,0.005924452178986066,1.0461077731828556,1.3461897390986342,0.9559244521789857,0.9899671126677718,0
llama,opd,40,E_math,14,mlp.down_proj,0.01,2,displacement_rank,/root/autodl-tmp/cycle09_stage4_state_displacement/cells/llama/opd/step_040/E_math.L14.main.direction.pt,stage4_direction_singular_values,128,0.00812454768240811,0.012577375552911933,0.04187545231759189,-0.03742262444708807,-0.03742262444708807,1.0127375808914192,1.1032791457832727,0.9874226244470877,0.9977492930703801,0
llama,opd,40,E_math,14,mlp.down_proj,0.025,1,displacement_rank,/root/autodl-tmp/cycle09_stage4_state_displacement/cells/llama/opd/step_040/E_math.L14.main.direction.pt,stage4_direction_singular_values,128,0.012577375552911933,0.9999999999999998,0.03742262444708807,0.9499999999999997,0.03742262444708807,1.0127375808914192,1.1032791457832727,0.9874226244470877,0.9977492930703801,0
llama,opd,40,E_math,14,mlp.down_proj,0.05,1,displacement_rank,/root/autodl-tmp/cycle09_stage4_state_displacement/cells/llama/opd/step_040/E_math.L14.main.direction.pt,stage4_direction_singular_values,128,0.012577375552911933,0.9999999999999998,0.03742262444708807,0.9499999999999997,0.03742262444708807,1.0127375808914192,1.1032791457832727,0.9874226244470877,0.9977492930703801,0
llama,opd,40,E_math,14,mlp.down_proj,0.1,1,displacement_rank,/root/autodl-tmp/cycle09_stage4_state_displacement/cells/llama/opd/step_040/E_math.L14.main.direction.pt,stage4_direction_singular_values,128,0.012577375552911933,0.9999999999999998,0.03742262444708807,0.9499999999999997,0.03742262444708807,1.0127375808914192,1.1032791457832727,0.9874226244470877,0.9977492930703801,0
llama,opd,40,E_ood,14,self_attn.q_proj,0.01,9,displacement_rank,/root/autodl-tmp/cycle09_stage4_state_displacement/cells/llama/opd/step_040/E_ood.L14.main.direction.pt,stage4_direction_singular_values,128,0.009185257481418782,0.01035141829770231,0.04081474251858122,-0.039648581702297694,-0.039648581702297694,1.0299012112663066,1.2402854925089113,0.9709669131959349,0.9918319045433214,0
llama,opd,40,E_ood,14,self_attn.q_proj,0.025,2,displacement_rank,/root/autodl-tmp/cycle09_stage4_state_displacement/cells/llama/opd/step_040/E_ood.L14.main.direction.pt,stage4_direction_singular_values,128,0.023473127611116362,0.029033086804065182,0.02652687238888364,-0.02096691319593482,-0.02096691319593482,1.0299012112663066,1.2402854925089113,0.9709669131959349,0.9918319045433214,0
llama,opd,40,E_ood,14,self_attn.q_proj,0.05,1,displacement_rank,/root/autodl-tmp/cycle09_stage4_state_displacement/cells/llama/opd/step_040/E_ood.L14.main.direction.pt,stage4_direction_singular_values,128,0.029033086804065182,1.0000000000000002,0.02096691319593482,0.9500000000000002,0.02096691319593482,1.0299012112663066,1.2402854925089113,0.9709669131959349,0.9918319045433214,0
llama,opd,40,E_ood,14,self_attn.q_proj,0.1,1,displacement_rank,/root/autodl-tmp/cycle09_stage4_state_displacement/cells/llama/opd/step_040/E_ood.L14.main.direction.pt,stage4_direction_singular_values,128,0.029033086804065182,1.0000000000000002,0.02096691319593482,0.9500000000000002,0.02096691319593482,1.0299012112663066,1.2402854925089113,0.9709669131959349,0.9918319045433214,0
llama,opd,40,E_ood,14,self_attn.k_proj,0.01,21,displacement_rank,/root/autodl-tmp/cycle09_stage4_state_displacement/cells/llama/opd/step_040/E_ood.L14.main.direction.pt,stage4_direction_singular_values,128,0.009314541160972956,0.010683358214337123,0.04068545883902705,-0.03931664178566288,-0.03931664178566288,1.2018353145667189,2.4732886561810927,0.8320607556456403,0.9627515008709675,0
llama,opd,40,E_ood,14,self_attn.k_proj,0.025,14,displacement_rank,/root/autodl-tmp/cycle09_stage4_state_displacement/cells/llama/opd/step_040/E_ood.L14.main.direction.pt,stage4_direction_singular_values,128,0.022219247143981966,0.02538380600509364,0.027780752856018037,-0.024616193994906364,-0.024616193994906364,1.2018353145667189,2.4732886561810927,0.8320607556456403,0.9627515008709675,0
llama,opd,40,E_ood,14,self_attn.k_proj,0.05,8,displacement_rank,/root/autodl-tmp/cycle09_stage4_state_displacement/cells/llama/opd/step_040/E_ood.L14.main.direction.pt,stage4_direction_singular_values,128,0.04801820015172858,0.05464271415537719,0.0019817998482714247,0.0046427141553771895,0.0019817998482714247,1.2018353145667189,2.4732886561810927,0.8320607556456403,0.9627515008709675,0
llama,opd,40,E_ood,14,self_attn.k_proj,0.1,4,displacement_rank,/root/autodl-tmp/cycle09_stage4_state_displacement/cells/llama/opd/step_040/E_ood.L14.main.direction.pt,stage4_direction_singular_values,128,0.08646153730674587,0.10413592290902465,-0.03646153730674587,0.05413592290902465,-0.03646153730674587,1.2018353145667189,2.4732886561810927,0.8320607556456403,0.9627515008709675,0
llama,opd,40,E_ood,14,self_attn.v_proj,0.01,9,displacement_rank,/root/autodl-tmp/cycle09_stage4_state_displacement/cells/llama/opd/step_040/E_ood.L14.main.direction.pt,stage4_direction_singular_values,128,0.009549060794853551,0.010982611585715348,0.040450939205146454,-0.039017388414284655,-0.039017388414284655,1.0607779213406998,1.4221758935544584,0.9427043869240004,0.9915448075256498,0
llama,opd,40,E_ood,14,self_attn.v_proj,0.025,4,displacement_rank,/root/autodl-tmp/cycle09_stage4_state_displacement/cells/llama/opd/step_040/E_ood.L14.main.direction.pt,stage4_direction_singular_values,128,0.020705844314256847,0.027543702834615044,0.029294155685743156,-0.02245629716538496,-0.02245629716538496,1.0607779213406998,1.4221758935544584,0.9427043869240004,0.9915448075256498,0
llama,opd,40,E_ood,14,self_attn.v_proj,0.05,2,displacement_rank,/root/autodl-tmp/cycle09_stage4_state_displacement/cells/llama/opd/step_040/E_ood.L14.main.direction.pt,stage4_direction_singular_values,128,0.03683691256235543,0.0572956130759994,0.01316308743764457,0.007295613075999401,0.007295613075999401,1.0607779213406998,1.4221758935544584,0.9427043869240004,0.9915448075256498,0
llama,opd,40,E_ood,14,self_attn.v_proj,0.1,1,displacement_rank,/root/autodl-tmp/cycle09_stage4_state_displacement/cells/llama/opd/step_040/E_ood.L14.main.direction.pt,stage4_direction_singular_values,128,0.0572956130759994,0.9999999999999999,-0.007295613075999401,0.9499999999999998,-0.007295613075999401,1.0607779213406998,1.4221758935544584,0.9427043869240004,0.9915448075256498,0
llama,opd,40,E_ood,14,self_attn.o_proj,0.01,17,displacement_rank,/root/autodl-tmp/cycle09_stage4_state_displacement/cells/llama/opd/step_040/E_ood.L14.main.direction.pt,stage4_direction_singular_values,128,0.009234440016817001,0.010412281679524968,0.040765559983183,-0.039587718320475036,-0.039587718320475036,1.1644446492139737,2.1287078519544704,0.858778474936548,0.9776878241597252,0
llama,opd,40,E_ood,14,self_attn.o_proj,0.025,10,displacement_rank,/root/autodl-tmp/cycle09_stage4_state_displacement/cells/llama/opd/step_040/E_ood.L14.main.direction.pt,stage4_direction_singular_values,128,0.022312175840274874,0.025094930227246705,0.02768782415972513,-0.024905069772753297,-0.024905069772753297,1.1644446492139737,2.1287078519544704,0.858778474936548,0.9776878241597252,0
llama,opd,40,E_ood,14,self_attn.o_proj,0.05,6,displacement_rank,/root/autodl-tmp/cycle09_stage4_state_displacement/cells/llama/opd/step_040/E_ood.L14.main.direction.pt,stage4_direction_singular_values,128,0.04139085456782088,0.05040375346621752,0.008609145432179124,0.00040375346621751573,0.00040375346621751573,1.1644446492139737,2.1287078519544704,0.858778474936548,0.9776878241597252,0
llama,opd,40,E_ood,14,self_attn.o_proj,0.1,2,displacement_rank,/root/autodl-tmp/cycle09_stage4_state_displacement/cells/llama/opd/step_040/E_ood.L14.main.direction.pt,stage4_direction_singular_values,128,0.0982006883522266,0.14122152506345206,-0.0482006883522266,0.09122152506345206,-0.0482006883522266,1.1644446492139737,2.1287078519544704,0.858778474936548,0.9776878241597252,0
llama,opd,40,E_ood,14,mlp.gate_proj,0.01,21,displacement_rank,/root/autodl-tmp/cycle09_stage4_state_displacement/cells/llama/opd/step_040/E_ood.L14.main.direction.pt,stage4_direction_singular_values,128,0.009010687855930817,0.010254739359103511,0.04098931214406919,-0.03974526064089649,-0.03974526064089649,1.1334810583777255,1.9989620598883135,0.8822379453179677,0.9688878639705069,0
llama,opd,40,E_ood,14,mlp.gate_proj,0.025,13,displacement_rank,/root/autodl-tmp/cycle09_stage4_state_displacement/cells/llama/opd/step_040/E_ood.L14.main.direction.pt,stage4_direction_singular_values,128,0.022494803603296573,0.025060400563405635,0.02750519639670343,-0.024939599436594368,-0.024939599436594368,1.1334810583777255,1.9989620598883135,0.8822379453179677,0.9688878639705069,0
llama,opd,40,E_ood,14,mlp.gate_proj,0.05,6,displacement_rank,/root/autodl-tmp/cycle09_stage4_state_displacement/cells/llama/opd/step_040/E_ood.L14.main.direction.pt,stage4_direction_singular_values,128,0.04923324165030916,0.05536053633132831,0.000766758349690845,0.005360536331328304,0.000766758349690845,1.1334810583777255,1.9989620598883135,0.8822379453179677,0.9688878639705069,0
llama,opd,40,E_ood,14,mlp.gate_proj,0.1,2,displacement_rank,/root/autodl-tmp/cycle09_stage4_state_displacement/cells/llama/opd/step_040/E_ood.L14.main.direction.pt,stage4_direction_singular_values,128,0.09110521194409398,0.11776205468203214,-0.04110521194409397,0.06776205468203214,-0.04110521194409397,1.1334810583777255,1.9989620598883135,0.8822379453179677,0.9688878639705069,0
llama,opd,40,E_ood,14,mlp.up_proj,0.01,14,displacement_rank,/root/autodl-tmp/cycle09_stage4_state_displacement/cells/llama/opd/step_040/E_ood.L14.main.direction.pt,stage4_direction_singular_values,128,0.009478919209484528,0.010756692925335246,0.040521080790515474,-0.03924330707466476,-0.03924330707466476,1.0657916891612789,1.4876284267372843,0.9382696545391027,0.984954782352865,0
llama,opd,40,E_ood,14,mlp.up_proj,0.025,6,displacement_rank,/root/autodl-tmp/cycle09_stage4_state_displacement/cells/llama/opd/step_040/E_ood.L14.main.direction.pt,stage4_direction_singular_values,128,0.023778353989736194,0.02677442675547213,0.02622164601026381,-0.023225573244527873,-0.023225573244527873,1.0657916891612789,1.4876284267372843,0.9382696545391027,0.984954782352865,0
llama,opd,40,E_ood,14,mlp.up_proj,0.05,2,displacement_rank,/root/autodl-tmp/cycle09_stage4_state_displacement/cells/llama/opd/step_040/E_ood.L14.main.direction.pt,stage4_direction_singular_values,128,0.044297832931981515,0.06173034546089719,0.005702167068018488,0.011730345460897185,0.005702167068018488,1.0657916891612789,1.4876284267372843,0.9382696545391027,0.984954782352865,0
llama,opd,40,E_ood,14,mlp.up_proj,0.1,1,displacement_rank,/root/autodl-tmp/cycle09_stage4_state_displacement/cells/llama/opd/step_040/E_ood.L14.main.direction.pt,stage4_direction_singular_values,128,0.06173034546089719,0.9999999999999998,-0.011730345460897185,0.9499999999999997,-0.011730345460897185,1.0657916891612789,1.4876284267372843,0.9382696545391027,0.984954782352865,0
llama,opd,40,E_ood,14,mlp.down_proj,0.01,5,displacement_rank,/root/autodl-tmp/cycle09_stage4_state_displacement/cells/llama/opd/step_040/E_ood.L14.main.direction.pt,stage4_direction_singular_values,128,0.009823006373746545,0.011665131439711278,0.04017699362625346,-0.038334868560288726,-0.038334868560288726,1.0278309266446937,1.2107999679415422,0.9729226607964148,0.9948513198971918,0
llama,opd,40,E_ood,14,mlp.down_proj,0.025,2,displacement_rank,/root/autodl-tmp/cycle09_stage4_state_displacement/cells/llama/opd/step_040/E_ood.L14.main.direction.pt,stage4_direction_singular_values,128,0.017373865313940227,0.027077339203585266,0.03262613468605978,-0.022922660796414737,-0.022922660796414737,1.0278309266446937,1.2107999679415422,0.9729226607964148,0.9948513198971918,0
llama,opd,40,E_ood,14,mlp.down_proj,0.05,1,displacement_rank,/root/autodl-tmp/cycle09_stage4_state_displacement/cells/llama/opd/step_040/E_ood.L14.main.direction.pt,stage4_direction_singular_values,128,0.027077339203585266,0.9999999999999999,0.022922660796414737,0.9499999999999998,0.022922660796414737,1.0278309266446937,1.2107999679415422,0.9729226607964148,0.9948513198971918,0
llama,opd,40,E_ood,14,mlp.down_proj,0.1,1,displacement_rank,/root/autodl-tmp/cycle09_stage4_state_displacement/cells/llama/opd/step_040/E_ood.L14.main.direction.pt,stage4_direction_singular_values,128,0.027077339203585266,0.9999999999999999,0.022922660796414737,0.9499999999999998,0.022922660796414737,1.0278309266446937,1.2107999679415422,0.9729226607964148,0.9948513198971918,0
llama,opd,40,E_if,14,self_attn.q_proj,0.01,12,displacement_rank,/root/autodl-tmp/cycle09_stage4_state_displacement/cells/llama/opd/step_040/E_if.L14.main.direction.pt,stage4_direction_singular_values,128,0.009678277801829628,0.010790379118762912,0.04032172219817037,-0.03920962088123709,-0.03920962088123709,1.0441719552395872,1.3467033949656724,0.9576966657474996,0.9879876430689146,0
llama,opd,40,E_if,14,self_attn.q_proj,0.025,4,displacement_rank,/root/autodl-tmp/cycle09_stage4_state_displacement/cells/llama/opd/step_040/E_if.L14.main.direction.pt,stage4_direction_singular_values,128,0.02465142090993177,0.02919868703434626,0.025348579090068234,-0.020801312965653743,-0.020801312965653743,1.0441719552395872,1.3467033949656724,0.9576966657474996,0.9879876430689146,0
llama,opd,40,E_if,14,self_attn.q_proj,0.05,1,displacement_rank,/root/autodl-tmp/cycle09_stage4_state_displacement/cells/llama/opd/step_040/E_if.L14.main.direction.pt,stage4_direction_singular_values,128,0.042303334252500116,0.9999999999999997,0.007696665747499887,0.9499999999999996,0.007696665747499887,1.0441719552395872,1.3467033949656724,0.9576966657474996,0.9879876430689146,0
llama,opd,40,E_if,14,self_attn.q_proj,0.1,1,displacement_rank,/root/autodl-tmp/cycle09_stage4_state_displacement/cells/llama/opd/step_040/E_if.L14.main.direction.pt,stage4_direction_singular_values,128,0.042303334252500116,0.9999999999999997,0.007696665747499887,0.9499999999999996,0.007696665747499887,1.0441719552395872,1.3467033949656724,0.9576966657474996,0.9879876430689146,0
llama,opd,40,E_if,14,self_attn.k_proj,0.01,23,displacement_rank,/root/autodl-tmp/cycle09_stage4_state_displacement/cells/llama/opd/step_040/E_if.L14.main.direction.pt,stage4_direction_singular_values,128,0.009731820122606679,0.011338111275932173,0.040268179877393326,-0.03866188872406783,-0.03866188872406783,1.2901045727116403,3.126459682171283,0.7751309631420991,0.9480988547889764,0
llama,opd,40,E_if,14,self_attn.k_proj,0.025,16,displacement_rank,/root/autodl-tmp/cycle09_stage4_state_displacement/cells/llama/opd/step_040/E_if.L14.main.direction.pt,stage4_direction_singular_values,128,0.024830058621398286,0.028125546387760283,0.025169941378601717,-0.02187445361223972,-0.02187445361223972,1.2901045727116403,3.126459682171283,0.7751309631420991,0.9480988547889764,0
llama,opd,40,E_if,14,self_attn.k_proj,0.05,11,displacement_rank,/root/autodl-tmp/cycle09_stage4_state_displacement/cells/llama/opd/step_040/E_if.L14.main.direction.pt,stage4_direction_singular_values,128,0.04591002773508886,0.051901145211023646,0.004089972264911146,0.001901145211023643,0.001901145211023643,1.2901045727116403,3.126459682171283,0.7751309631420991,0.9480988547889764,0
llama,opd,40,E_if,14,self_attn.k_proj,0.1,5,displacement_rank,/root/autodl-tmp/cycle09_stage4_state_displacement/cells/llama/opd/step_040/E_if.L14.main.direction.pt,stage4_direction_singular_values,128,0.09892679323339455,0.11355494899535434,-0.04892679323339455,0.06355494899535434,-0.04892679323339455,1.2901045727116403,3.126459682171283,0.7751309631420991,0.9480988547889764,0
llama,opd,40,E_if,14,self_attn.v_proj,0.01,9,displacement_rank,/root/autodl-tmp/cycle09_stage4_state_displacement/cells/llama/opd/step_040/E_if.L14.main.direction.pt,stage4_direction_singular_values,128,0.009007454963443262,0.010201834948689717,0.04099254503655674,-0.039798165051310286,-0.039798165051310286,1.0435927032895445,1.3235554702524035,0.9582282406228652,0.9919733848909424,0
llama,opd,40,E_if,14,self_attn.v_proj,0.025,3,displacement_rank,/root/autodl-tmp/cycle09_stage4_state_displacement/cells/llama/opd/step_040/E_if.L14.main.direction.pt,stage4_direction_singular_values,128,0.024059475636121482,0.031410718044573765,0.02594052436387852,-0.018589281955426237,-0.018589281955426237,1.0435927032895445,1.3235554702524035,0.9582282406228652,0.9919733848909424,0
llama,opd,40,E_if,14,self_attn.v_proj,0.05,1,displacement_rank,/root/autodl-tmp/cycle09_stage4_state_displacement/cells/llama/opd/step_040/E_if.L14.main.direction.pt,stage4_direction_singular_values,128,0.041771759377134704,1.0,0.008228240622865299,0.95,0.008228240622865299,1.0435927032895445,1.3235554702524035,0.9582282406228652,0.9919733848909424,0
llama,opd,40,E_if,14,self_attn.v_proj,0.1,1,displacement_rank,/root/autodl-tmp/cycle09_stage4_state_displacement/cells/llama/opd/step_040/E_if.L14.main.direction.pt,stage4_direction_singular_values,128,0.041771759377134704,1.0,0.008228240622865299,0.95,0.008228240622865299,1.0435927032895445,1.3235554702524035,0.9582282406228652,0.9919733848909424,0
llama,opd,40,E_if,14,self_attn.o_proj,0.01,18,displacement_rank,/root/autodl-tmp/cycle09_stage4_state_displacement/cells/llama/opd/step_040/E_if.L14.main.direction.pt,stage4_direction_singular_values,128,0.008909060124382567,0.01006844156675557,0.04109093987561743,-0.03993155843324443,-0.03993155843324443,1.2149022750175706,2.354065364711833,0.8231114720610243,0.9753059048101604,0
llama,opd,40,E_if,14,self_attn.o_proj,0.025,10,displacement_rank,/root/autodl-tmp/cycle09_stage4_state_displacement/cells/llama/opd/step_040/E_if.L14.main.direction.pt,stage4_direction_singular_values,128,0.02469409518983951,0.028203882297080745,0.02530590481016049,-0.021796117702919258,-0.021796117702919258,1.2149022750175706,2.354065364711833,0.8231114720610243,0.9753059048101604,0
llama,opd,40,E_if,14,self_attn.o_proj,0.05,6,displacement_rank,/root/autodl-tmp/cycle09_stage4_state_displacement/cells/llama/opd/step_040/E_if.L14.main.direction.pt,stage4_direction_singular_values,128,0.04448365207698971,0.052455331881831595,0.005516347923010291,0.002455331881831592,0.002455331881831592,1.2149022750175706,2.354065364711833,0.8231114720610243,0.9753059048101604,0
llama,opd,40,E_if,14,self_attn.o_proj,0.1,2,displacement_rank,/root/autodl-tmp/cycle09_stage4_state_displacement/cells/llama/opd/step_040/E_if.L14.main.direction.pt,stage4_direction_singular_values,128,0.09931714231223271,0.17688852793897566,-0.049317142312232706,0.12688852793897565,-0.049317142312232706,1.2149022750175706,2.354065364711833,0.8231114720610243,0.9753059048101604,0
llama,opd,40,E_if,14,mlp.gate_proj,0.01,24,displacement_rank,/root/autodl-tmp/cycle09_stage4_state_displacement/cells/llama/opd/step_040/E_if.L14.main.direction.pt,stage4_direction_singular_values,128,0.00898710150166982,0.010504818835896006,0.04101289849833018,-0.039495181164104,-0.039495181164104,1.185348514802748,2.4313143680437475,0.8436337393702377,0.9528438008472642,0
llama,opd,40,E_if,14,mlp.gate_proj,0.025,17,displacement_rank,/root/autodl-tmp/cycle09_stage4_state_displacement/cells/llama/opd/step_040/E_if.L14.main.direction.pt,stage4_direction_singular_values,128,0.022672465646851155,0.025248867070414713,0.027327534353148848,-0.02475113292958529,-0.02475113292958529,1.185348514802748,2.4313143680437475,0.8436337393702377,0.9528438008472642,0
llama,opd,40,E_if,14,mlp.gate_proj,0.05,10,displacement_rank,/root/autodl-tmp/cycle09_stage4_state_displacement/cells/llama/opd/step_040/E_if.L14.main.direction.pt,stage4_direction_singular_values,128,0.04715619915273596,0.05257887013677727,0.002843800847264044,0.002578870136777267,0.002578870136777267,1.185348514802748,2.4313143680437475,0.8436337393702377,0.9528438008472642,0
llama,opd,40,E_if,14,mlp.gate_proj,0.1,4,displacement_rank,/root/autodl-tmp/cycle09_stage4_state_displacement/cells/llama/opd/step_040/E_if.L14.main.direction.pt,stage4_direction_singular_values,128,0.0913307396934158,0.10502204120584872,-0.0413307396934158,0.05502204120584872,-0.0413307396934158,1.185348514802748,2.4313143680437475,0.8436337393702377,0.9528438008472642,0
llama,opd,40,E_if,14,mlp.up_proj,0.01,16,displacement_rank,/root/autodl-tmp/cycle09_stage4_state_displacement/cells/llama/opd/step_040/E_if.L14.main.direction.pt,stage4_direction_singular_values,128,0.009287253137449169,0.010448314482876203,0.04071274686255083,-0.0395516855171238,-0.0395516855171238,1.0719305204010157,1.551193780604722,0.9328962847572378,0.9812880722289361,0
llama,opd,40,E_if,14,mlp.up_proj,0.025,8,displacement_rank,/root/autodl-tmp/cycle09_stage4_state_displacement/cells/llama/opd/step_040/E_if.L14.main.direction.pt,stage4_direction_singular_values,128,0.023651450855662295,0.02689995397158604,0.026348549144337707,-0.02310004602841396,-0.02310004602841396,1.0719305204010157,1.551193780604722,0.9328962847572378,0.9812880722289361,0
llama,opd,40,E_if,14,mlp.up_proj,0.05,3,displacement_rank,/root/autodl-tmp/cycle09_stage4_state_displacement/cells/llama/opd/step_040/E_if.L14.main.direction.pt,stage4_direction_singular_values,128,0.04534440408309913,0.054316950268546375,0.004655595916900873,0.004316950268546373,0.004316950268546373,1.0719305204010157,1.551193780604722,0.9328962847572378,0.9812880722289361,0
llama,opd,40,E_if,14,mlp.up_proj,0.1,1,displacement_rank,/root/autodl-tmp/cycle09_stage4_state_displacement/cells/llama/opd/step_040/E_if.L14.main.direction.pt,stage4_direction_singular_values,128,0.06710371524276254,1.0000000000000004,-0.017103715242762538,0.9500000000000004,-0.017103715242762538,1.0719305204010157,1.551193780604722,0.9328962847572378,0.9812880722289361,0
llama,opd,40,E_if,14,mlp.down_proj,0.01,9,displacement_rank,/root/autodl-tmp/cycle09_stage4_state_displacement/cells/llama/opd/step_040/E_if.L14.main.direction.pt,stage4_direction_singular_values,128,0.008885174320483474,0.010116562321451344,0.04111482567951653,-0.039883437678548656,-0.039883437678548656,1.03847124873954,1.2921057884625373,0.9629539587290116,0.9920763232844614,0
llama,opd,40,E_if,14,mlp.down_proj,0.025,3,displacement_rank,/root/autodl-tmp/cycle09_stage4_state_displacement/cells/llama/opd/step_040/E_if.L14.main.direction.pt,stage4_direction_singular_values,128,0.021720818248708678,0.026749880753673853,0.028279181751291325,-0.02325011924632615,-0.02325011924632615,1.03847124873954,1.2921057884625373,0.9629539587290116,0.9920763232844614,0
llama,opd,40,E_if,14,mlp.down_proj,0.05,1,displacement_rank,/root/autodl-tmp/cycle09_stage4_state_displacement/cells/llama/opd/step_040/E_if.L14.main.direction.pt,stage4_direction_singular_values,128,0.03704604127098851,1.0000000000000002,0.012953958729011492,0.9500000000000002,0.012953958729011492,1.03847124873954,1.2921057884625373,0.9629539587290116,0.9920763232844614,0
llama,opd,40,E_if,14,mlp.down_proj,0.1,1,displacement_rank,/root/autodl-tmp/cycle09_stage4_state_displacement/cells/llama/opd/step_040/E_if.L14.main.direction.pt,stage4_direction_singular_values,128,0.03704604127098851,1.0000000000000002,0.012953958729011492,0.9500000000000002,0.012953958729011492,1.03847124873954,1.2921057884625373,0.9629539587290116,0.9920763232844614,0
llama,opd,80,E_general,14,self_attn.q_proj,0.01,16,displacement_rank,/root/autodl-tmp/cycle09_stage4_state_displacement/cells/llama/opd/step_080/E_general.L14.main.direction.pt,stage4_direction_singular_values,128,0.00903679727035089,0.010233002128040672,0.04096320272964911,-0.03976699787195933,-0.03976699787195933,1.0623566337146164,1.4861914690701052,0.9413034834671465,0.9819150759549198,0
llama,opd,80,E_general,14,self_attn.q_proj,0.025,7,displacement_rank,/root/autodl-tmp/cycle09_stage4_state_displacement/cells/llama/opd/step_080/E_general.L14.main.direction.pt,stage4_direction_singular_values,128,0.024661469824840552,0.02776601291878976,0.02533853017515945,-0.022233987081210244,-0.022233987081210244,1.0623566337146164,1.4861914690701052,0.9413034834671465,0.9819150759549198,0
llama,opd,80,E_general,14,self_attn.q_proj,0.05,2,displacement_rank,/root/autodl-tmp/cycle09_stage4_state_displacement/cells/llama/opd/step_080/E_general.L14.main.direction.pt,stage4_direction_singular_values,128,0.048667867926558916,0.058696516532853224,0.0013321320734410863,0.008696516532853221,0.0013321320734410863,1.0623566337146164,1.4861914690701052,0.9413034834671465,0.9819150759549198,0
llama,opd,80,E_general,14,self_attn.q_proj,0.1,1,displacement_rank,/root/autodl-tmp/cycle09_stage4_state_displacement/cells/llama/opd/step_080/E_general.L14.main.direction.pt,stage4_direction_singular_values,128,0.058696516532853224,0.9999999999999998,-0.008696516532853221,0.9499999999999997,-0.008696516532853221,1.0623566337146164,1.4861914690701052,0.9413034834671465,0.9819150759549198,0
llama,opd,80,E_general,14,self_attn.k_proj,0.01,23,displacement_rank,/root/autodl-tmp/cycle09_stage4_state_displacement/cells/llama/opd/step_080/E_general.L14.main.direction.pt,stage4_direction_singular_values,128,0.008550984945424476,0.010110967303253194,0.04144901505457553,-0.03988903269674681,-0.03988903269674681,1.206459890154619,2.584139962092616,0.828871318607899,0.9525734855864584,0
llama,opd,80,E_general,14,self_attn.k_proj,0.025,16,displacement_rank,/root/autodl-tmp/cycle09_stage4_state_displacement/cells/llama/opd/step_080/E_general.L14.main.direction.pt,stage4_direction_singular_values,128,0.022639249400572527,0.02558931433610615,0.027360750599427476,-0.024410685663893854,-0.024410685663893854,1.206459890154619,2.584139962092616,0.828871318607899,0.9525734855864584,0
llama,opd,80,E_general,14,self_attn.k_proj,0.05,10,displacement_rank,/root/autodl-tmp/cycle09_stage4_state_displacement/cells/llama/opd/step_080/E_general.L14.main.direction.pt,stage4_direction_singular_values,128,0.04742651441354194,0.054183347310559626,0.002573485586458063,0.004183347310559624,0.002573485586458063,1.206459890154619,2.584139962092616,0.828871318607899,0.9525734855864584,0
llama,opd,80,E_general,14,self_attn.k_proj,0.1,5,displacement_rank,/root/autodl-tmp/cycle09_stage4_state_displacement/cells/llama/opd/step_080/E_general.L14.main.direction.pt,stage4_direction_singular_values,128,0.08928380073730548,0.10165894008822389,-0.039283800737305474,0.05165894008822389,-0.039283800737305474,1.206459890154619,2.584139962092616,0.828871318607899,0.9525734855864584,0
llama,opd,80,E_general,14,self_attn.v_proj,0.01,18,displacement_rank,/root/autodl-tmp/cycle09_stage4_state_displacement/cells/llama/opd/step_080/E_general.L14.main.direction.pt,stage4_direction_singular_values,128,0.009825771835421718,0.011326751939163524,0.04017422816457829,-0.03867324806083648,-0.03867324806083648,1.1615783883328954,2.1437330684470943,0.8608975597722736,0.9734202595077536,0
llama,opd,80,E_general,14,self_attn.v_proj,0.025,11,displacement_rank,/root/autodl-tmp/cycle09_stage4_state_displacement/cells/llama/opd/step_080/E_general.L14.main.direction.pt,stage4_direction_singular_values,128,0.023611393728933745,0.026579740492246554,0.026388606271066258,-0.02342025950775345,-0.02342025950775345,1.1615783883328954,2.1437330684470943,0.8608975597722736,0.9734202595077536,0
llama,opd,80,E_general,14,self_attn.v_proj,0.05,6,displacement_rank,/root/autodl-tmp/cycle09_stage4_state_displacement/cells/llama/opd/step_080/E_general.L14.main.direction.pt,stage4_direction_singular_values,128,0.04534031692449157,0.053042478868960845,0.004659683075508431,0.003042478868960842,0.003042478868960842,1.1615783883328954,2.1437330684470943,0.8608975597722736,0.9734202595077536,0
llama,opd,80,E_general,14,self_attn.v_proj,0.1,3,displacement_rank,/root/autodl-tmp/cycle09_stage4_state_displacement/cells/llama/opd/step_080/E_general.L14.main.direction.pt,stage4_direction_singular_values,128,0.08251427390728154,0.10610336481600706,-0.03251427390728154,0.056103364816007056,-0.03251427390728154,1.1615783883328954,2.1437330684470943,0.8608975597722736,0.9734202595077536,0
llama,opd,80,E_general,14,self_attn.o_proj,0.01,25,displacement_rank,/root/autodl-tmp/cycle09_stage4_state_displacement/cells/llama/opd/step_080/E_general.L14.main.direction.pt,stage4_direction_singular_values,128,0.009515663693919506,0.011513839702541618,0.0404843363060805,-0.03848616029745838,-0.03848616029745838,1.789255188066307,6.375425134092741,0.5588917705365019,0.9142451816747843,0
llama,opd,80,E_general,14,self_attn.o_proj,0.025,20,displacement_rank,/root/autodl-tmp/cycle09_stage4_state_displacement/cells/llama/opd/step_080/E_general.L14.main.direction.pt,stage4_direction_singular_values,128,0.022130812142091543,0.02580791137645794,0.02786918785790846,-0.024192088623542062,-0.024192088623542062,1.789255188066307,6.375425134092741,0.5588917705365019,0.9142451816747843,0
llama,opd,80,E_general,14,self_attn.o_proj,0.05,14,displacement_rank,/root/autodl-tmp/cycle09_stage4_state_displacement/cells/llama/opd/step_080/E_general.L14.main.direction.pt,stage4_direction_singular_values,128,0.04994509014800379,0.05671173563535215,5.490985199621545e-05,0.006711735635352149,5.490985199621545e-05,1.789255188066307,6.375425134092741,0.5588917705365019,0.9142451816747843,0
llama,opd,80,E_general,14,self_attn.o_proj,0.1,9,displacement_rank,/root/autodl-tmp/cycle09_stage4_state_displacement/cells/llama/opd/step_080/E_general.L14.main.direction.pt,stage4_direction_singular_values,128,0.09952227438741784,0.1146254583388634,-0.04952227438741784,0.06462545833886339,-0.04952227438741784,1.789255188066307,6.375425134092741,0.5588917705365019,0.9142451816747843,0
llama,opd,80,E_general,14,mlp.gate_proj,0.01,23,displacement_rank,/root/autodl-tmp/cycle09_stage4_state_displacement/cells/llama/opd/step_080/E_general.L14.main.direction.pt,stage4_direction_singular_values,128,0.009313095035003353,0.010707449541775296,0.04068690496499665,-0.039292550458224704,-0.039292550458224704,1.1362906835482451,2.059147346500198,0.880056498287343,0.9606941422147853,0
llama,opd,80,E_general,14,mlp.gate_proj,0.025,15,displacement_rank,/root/autodl-tmp/cycle09_stage4_state_displacement/cells/llama/opd/step_080/E_general.L14.main.direction.pt,stage4_direction_singular_values,128,0.024078481392663924,0.026612406615920712,0.02592151860733608,-0.02338759338407929,-0.02338759338407929,1.1362906835482451,2.059147346500198,0.880056498287343,0.9606941422147853,0
llama,opd,80,E_general,14,mlp.gate_proj,0.05,8,displacement_rank,/root/autodl-tmp/cycle09_stage4_state_displacement/cells/llama/opd/step_080/E_general.L14.main.direction.pt,stage4_direction_singular_values,128,0.04761384678862986,0.052640891345961914,0.0023861532113701456,0.0026408913459619113,0.0023861532113701456,1.1362906835482451,2.059147346500198,0.880056498287343,0.9606941422147853,0
llama,opd,80,E_general,14,mlp.gate_proj,0.1,2,displacement_rank,/root/autodl-tmp/cycle09_stage4_state_displacement/cells/llama/opd/step_080/E_general.L14.main.direction.pt,stage4_direction_singular_values,128,0.09662444450616889,0.119943501712657,-0.046624444506168886,0.069943501712657,-0.046624444506168886,1.1362906835482451,2.059147346500198,0.880056498287343,0.9606941422147853,0
llama,opd,80,E_general,14,mlp.up_proj,0.01,24,displacement_rank,/root/autodl-tmp/cycle09_stage4_state_displacement/cells/llama/opd/step_080/E_general.L14.main.direction.pt,stage4_direction_singular_values,128,0.009246560947739003,0.010894996931642878,0.040753439052261003,-0.039105003068357125,-0.039105003068357125,1.2179094843495482,2.703795000168576,0.8210790808760903,0.9447626794413075,0
llama,opd,80,E_general,14,mlp.up_proj,0.025,18,displacement_rank,/root/autodl-tmp/cycle09_stage4_state_displacement/cells/llama/opd/step_080/E_general.L14.main.direction.pt,stage4_direction_singular_values,128,0.022311777369235713,0.025116088964897372,0.02768822263076429,-0.02488391103510263,-0.02488391103510263,1.2179094843495482,2.703795000168576,0.8210790808760903,0.9447626794413075,0
llama,opd,80,E_general,14,mlp.up_proj,0.05,11,displacement_rank,/root/autodl-tmp/cycle09_stage4_state_displacement/cells/llama/opd/step_080/E_general.L14.main.direction.pt,stage4_direction_singular_values,128,0.04939417994497466,0.05523732055869259,0.0006058200550253454,0.005237320558692589,0.0006058200550253454,1.2179094843495482,2.703795000168576,0.8210790808760903,0.9447626794413075,0
llama,opd,80,E_general,14,mlp.up_proj,0.1,5,displacement_rank,/root/autodl-tmp/cycle09_stage4_state_displacement/cells/llama/opd/step_080/E_general.L14.main.direction.pt,stage4_direction_singular_values,128,0.09377349032118787,0.10656326760179985,-0.043773490321187866,0.056563267601799846,-0.043773490321187866,1.2179094843495482,2.703795000168576,0.8210790808760903,0.9447626794413075,0
llama,opd,80,E_general,14,mlp.down_proj,0.01,16,displacement_rank,/root/autodl-tmp/cycle09_stage4_state_displacement/cells/llama/opd/step_080/E_general.L14.main.direction.pt,stage4_direction_singular_values,128,0.009349762449929477,0.010412595832614892,0.04065023755007052,-0.03958740416738511,-0.03958740416738511,1.0838268404870506,1.6147550847605459,0.9226566114109332,0.9821684204519459,0
llama,opd,80,E_general,14,mlp.down_proj,0.025,8,displacement_rank,/root/autodl-tmp/cycle09_stage4_state_displacement/cells/llama/opd/step_080/E_general.L14.main.direction.pt,stage4_direction_singular_values,128,0.022202225703108862,0.025265628753471586,0.02779777429689114,-0.024734371246528417,-0.024734371246528417,1.0838268404870506,1.6147550847605459,0.9226566114109332,0.9821684204519459,0
llama,opd,80,E_general,14,mlp.down_proj,0.05,3,displacement_rank,/root/autodl-tmp/cycle09_stage4_state_displacement/cells/llama/opd/step_080/E_general.L14.main.direction.pt,stage4_direction_singular_values,128,0.04582118757750017,0.05618045806100456,0.004178812422499831,0.006180458061004555,0.004178812422499831,1.0838268404870506,1.6147550847605459,0.9226566114109332,0.9821684204519459,0
llama,opd,80,E_general,14,mlp.down_proj,0.1,1,displacement_rank,/root/autodl-tmp/cycle09_stage4_state_displacement/cells/llama/opd/step_080/E_general.L14.main.direction.pt,stage4_direction_singular_values,128,0.07734338858906656,0.9999999999999998,-0.027343388589066556,0.9499999999999997,-0.027343388589066556,1.0838268404870506,1.6147550847605459,0.9226566114109332,0.9821684204519459,0
llama,opd,80,E_math,14,self_attn.q_proj,0.01,9,displacement_rank,/root/autodl-tmp/cycle09_stage4_state_displacement/cells/llama/opd/step_080/E_math.L14.main.direction.pt,stage4_direction_singular_values,128,0.009527274317159957,0.01080915528225751,0.04047272568284005,-0.03919084471774249,-0.03919084471774249,1.0306942428523949,1.2469483674127426,0.9702198367117584,0.9915136685909205,0
llama,opd,80,E_math,14,self_attn.q_proj,0.025,3,displacement_rank,/root/autodl-tmp/cycle09_stage4_state_displacement/cells/llama/opd/step_080/E_math.L14.main.direction.pt,stage4_direction_singular_values,128,0.02163321888530677,0.025389966708190267,0.02836678111469323,-0.024610033291809736,-0.024610033291809736,1.0306942428523949,1.2469483674127426,0.9702198367117584,0.9915136685909205,0
llama,opd,80,E_math,14,self_attn.q_proj,0.05,1,displacement_rank,/root/autodl-tmp/cycle09_stage4_state_displacement/cells/llama/opd/step_080/E_math.L14.main.direction.pt,stage4_direction_singular_values,128,0.029780163288241658,0.9999999999999999,0.020219836711758345,0.9499999999999998,0.020219836711758345,1.0306942428523949,1.2469483674127426,0.9702198367117584,0.9915136685909205,0
llama,opd,80,E_math,14,self_attn.q_proj,0.1,1,displacement_rank,/root/autodl-tmp/cycle09_stage4_state_displacement/cells/llama/opd/step_080/E_math.L14.main.direction.pt,stage4_direction_singular_values,128,0.029780163288241658,0.9999999999999999,0.020219836711758345,0.9499999999999998,0.020219836711758345,1.0306942428523949,1.2469483674127426,0.9702198367117584,0.9915136685909205,0
llama,opd,80,E_math,14,self_attn.k_proj,0.01,19,displacement_rank,/root/autodl-tmp/cycle09_stage4_state_displacement/cells/llama/opd/step_080/E_math.L14.main.direction.pt,stage4_direction_singular_values,128,0.009778071208858334,0.011042243583735418,0.04022192879114167,-0.03895775641626459,-0.03895775641626459,1.1564335784572388,2.1390970878354896,0.8647275715861417,0.9695360840840599,0
llama,opd,80,E_math,14,self_attn.k_proj,0.025,12,displacement_rank,/root/autodl-tmp/cycle09_stage4_state_displacement/cells/llama/opd/step_080/E_math.L14.main.direction.pt,stage4_direction_singular_values,128,0.0235537426198852,0.026921882173628096,0.0264462573801148,-0.023078117826371907,-0.023078117826371907,1.1564335784572388,2.1390970878354896,0.8647275715861417,0.9695360840840599,0
llama,opd,80,E_math,14,self_attn.k_proj,0.05,7,displacement_rank,/root/autodl-tmp/cycle09_stage4_state_displacement/cells/llama/opd/step_080/E_math.L14.main.direction.pt,stage4_direction_singular_values,128,0.0450078313765363,0.052614788936918386,0.0049921686234637025,0.002614788936918383,0.002614788936918383,1.1564335784572388,2.1390970878354896,0.8647275715861417,0.9695360840840599,0
llama,opd,80,E_math,14,self_attn.k_proj,0.1,2,displacement_rank,/root/autodl-tmp/cycle09_stage4_state_displacement/cells/llama/opd/step_080/E_math.L14.main.direction.pt,stage4_direction_singular_values,128,0.09930110191927649,0.1352724284138583,-0.04930110191927649,0.0852724284138583,-0.04930110191927649,1.1564335784572388,2.1390970878354896,0.8647275715861417,0.9695360840840599,0
llama,opd,80,E_math,14,self_attn.v_proj,0.01,14,displacement_rank,/root/autodl-tmp/cycle09_stage4_state_displacement/cells/llama/opd/step_080/E_math.L14.main.direction.pt,stage4_direction_singular_values,128,0.008875060957026889,0.010110504178970263,0.04112493904297311,-0.03988949582102974,-0.03988949582102974,1.10415924797124,1.7172873357223497,0.9056664623670724,0.9850088353457365,0
llama,opd,80,E_math,14,self_attn.v_proj,0.025,7,displacement_rank,/root/autodl-tmp/cycle09_stage4_state_displacement/cells/llama/opd/step_080/E_math.L14.main.direction.pt,stage4_direction_singular_values,128,0.022371043386459333,0.025808491856873207,0.02762895661354067,-0.024191508143126796,-0.024191508143126796,1.10415924797124,1.7172873357223497,0.9056664623670724,0.9850088353457365,0
llama,opd,80,E_math,14,self_attn.v_proj,0.05,3,displacement_rank,/root/autodl-tmp/cycle09_stage4_state_displacement/cells/llama/opd/step_080/E_math.L14.main.direction.pt,stage4_direction_singular_values,128,0.04968566534327889,0.0661786512935675,0.00031433465672111444,0.016178651293567492,0.00031433465672111444,1.10415924797124,1.7172873357223497,0.9056664623670724,0.9850088353457365,0
llama,opd,80,E_math,14,self_attn.v_proj,0.1,1,displacement_rank,/root/autodl-tmp/cycle09_stage4_state_displacement/cells/llama/opd/step_080/E_math.L14.main.direction.pt,stage4_direction_singular_values,128,0.09433353763292775,1.0,-0.044333537632927744,0.95,-0.044333537632927744,1.10415924797124,1.7172873357223497,0.9056664623670724,0.9850088353457365,0
llama,opd,80,E_math,14,self_attn.o_proj,0.01,14,displacement_rank,/root/autodl-tmp/cycle09_stage4_state_displacement/cells/llama/opd/step_080/E_math.L14.main.direction.pt,stage4_direction_singular_values,128,0.009820535319033163,0.011118355316797642,0.04017946468096684,-0.03888164468320236,-0.03888164468320236,1.1453174623736682,1.9512603986831858,0.8731203643114827,0.9834382673064012,0
llama,opd,80,E_math,14,self_attn.o_proj,0.025,8,displacement_rank,/root/autodl-tmp/cycle09_stage4_state_displacement/cells/llama/opd/step_080/E_math.L14.main.direction.pt,stage4_direction_singular_values,128,0.02233568133450955,0.026197442991655415,0.02766431866549045,-0.023802557008344587,-0.023802557008344587,1.1453174623736682,1.9512603986831858,0.8731203643114827,0.9834382673064012,0
llama,opd,80,E_math,14,self_attn.o_proj,0.05,4,displacement_rank,/root/autodl-tmp/cycle09_stage4_state_displacement/cells/llama/opd/step_080/E_math.L14.main.direction.pt,stage4_direction_singular_values,128,0.0446562690138043,0.05675108018678029,0.005343730986195699,0.006751080186780285,0.005343730986195699,1.1453174623736682,1.9512603986831858,0.8731203643114827,0.9834382673064012,0
llama,opd,80,E_math,14,self_attn.o_proj,0.1,2,displacement_rank,/root/autodl-tmp/cycle09_stage4_state_displacement/cells/llama/opd/step_080/E_math.L14.main.direction.pt,stage4_direction_singular_values,128,0.08336983716061276,0.12687963568851737,-0.03336983716061276,0.07687963568851737,-0.03336983716061276,1.1453174623736682,1.9512603986831858,0.8731203643114827,0.9834382673064012,0
llama,opd,80,E_math,14,mlp.gate_proj,0.01,15,displacement_rank,/root/autodl-tmp/cycle09_stage4_state_displacement/cells/llama/opd/step_080/E_math.L14.main.direction.pt,stage4_direction_singular_values,128,0.009552099686632105,0.01069698847630104,0.040447900313367896,-0.039303011523698965,-0.039303011523698965,1.0698142488374636,1.5181103626959889,0.934741709681537,0.983790606360155,0
llama,opd,80,E_math,14,mlp.gate_proj,0.025,7,displacement_rank,/root/autodl-tmp/cycle09_stage4_state_displacement/cells/llama/opd/step_080/E_math.L14.main.direction.pt,stage4_direction_singular_values,128,0.022876069684348507,0.025700821261144792,0.027123930315651495,-0.02429917873885521,-0.02429917873885521,1.0698142488374636,1.5181103626959889,0.934741709681537,0.983790606360155,0
llama,opd,80,E_math,14,mlp.gate_proj,0.05,2,displacement_rank,/root/autodl-tmp/cycle09_stage4_state_displacement/cells/llama/opd/step_080/E_math.L14.main.direction.pt,stage4_direction_singular_values,128,0.04606113819625718,0.06525829031846277,0.003938861803742824,0.015258290318462764,0.003938861803742824,1.0698142488374636,1.5181103626959889,0.934741709681537,0.983790606360155,0
llama,opd,80,E_math,14,mlp.gate_proj,0.1,1,displacement_rank,/root/autodl-tmp/cycle09_stage4_state_displacement/cells/llama/opd/step_080/E_math.L14.main.direction.pt,stage4_direction_singular_values,128,0.06525829031846277,0.9999999999999999,-0.015258290318462764,0.9499999999999998,-0.015258290318462764,1.0698142488374636,1.5181103626959889,0.934741709681537,0.983790606360155,0
llama,opd,80,E_math,14,mlp.up_proj,0.01,14,displacement_rank,/root/autodl-tmp/cycle09_stage4_state_displacement/cells/llama/opd/step_080/E_math.L14.main.direction.pt,stage4_direction_singular_values,128,0.009587177536914198,0.010799977348213956,0.04041282246308581,-0.03920002265178604,-0.03920002265178604,1.0674356734163957,1.50153144208589,0.9368246020853289,0.9847146699167953,0
llama,opd,80,E_math,14,mlp.up_proj,0.025,6,displacement_rank,/root/autodl-tmp/cycle09_stage4_state_displacement/cells/llama/opd/step_080/E_math.L14.main.direction.pt,stage4_direction_singular_values,128,0.02422826624004102,0.027766835605074962,0.025771733759958983,-0.02223316439492504,-0.02223316439492504,1.0674356734163957,1.50153144208589,0.9368246020853289,0.9847146699167953,0
llama,opd,80,E_math,14,mlp.up_proj,0.05,2,displacement_rank,/root/autodl-tmp/cycle09_stage4_state_displacement/cells/llama/opd/step_080/E_math.L14.main.direction.pt,stage4_direction_singular_values,128,0.04609485826371069,0.06317539791467115,0.003905141736289315,0.01317539791467115,0.003905141736289315,1.0674356734163957,1.50153144208589,0.9368246020853289,0.9847146699167953,0
llama,opd,80,E_math,14,mlp.up_proj,0.1,1,displacement_rank,/root/autodl-tmp/cycle09_stage4_state_displacement/cells/llama/opd/step_080/E_math.L14.main.direction.pt,stage4_direction_singular_values,128,0.06317539791467115,1.0,-0.01317539791467115,0.95,-0.01317539791467115,1.0674356734163957,1.50153144208589,0.9368246020853289,0.9847146699167953,0
llama,opd,80,E_math,14,mlp.down_proj,0.01,5,displacement_rank,/root/autodl-tmp/cycle09_stage4_state_displacement/cells/llama/opd/step_080/E_math.L14.main.direction.pt,stage4_direction_singular_values,128,0.00888195535069139,0.010326927830677969,0.04111804464930861,-0.03967307216932203,-0.03967307216932203,1.0272953054199703,1.2056223695026975,0.9734299326824905,0.9954063352041004,0
llama,opd,80,E_math,14,mlp.down_proj,0.025,2,displacement_rank,/root/autodl-tmp/cycle09_stage4_state_displacement/cells/llama/opd/step_080/E_math.L14.main.direction.pt,stage4_direction_singular_values,128,0.017671697949847836,0.026570067317509705,0.03232830205015216,-0.023429932682490297,-0.023429932682490297,1.0272953054199703,1.2056223695026975,0.9734299326824905,0.9954063352041004,0
llama,opd,80,E_math,14,mlp.down_proj,0.05,1,displacement_rank,/root/autodl-tmp/cycle09_stage4_state_displacement/cells/llama/opd/step_080/E_math.L14.main.direction.pt,stage4_direction_singular_values,128,0.026570067317509705,1.0000000000000002,0.023429932682490297,0.9500000000000002,0.023429932682490297,1.0272953054199703,1.2056223695026975,0.9734299326824905,0.9954063352041004,0
llama,opd,80,E_math,14,mlp.down_proj,0.1,1,displacement_rank,/root/autodl-tmp/cycle09_stage4_state_displacement/cells/llama/opd/step_080/E_math.L14.main.direction.pt,stage4_direction_singular_values,128,0.026570067317509705,1.0000000000000002,0.023429932682490297,0.9500000000000002,0.023429932682490297,1.0272953054199703,1.2056223695026975,0.9734299326824905,0.9954063352041004,0
llama,opd,80,E_ood,14,self_attn.q_proj,0.01,8,displacement_rank,/root/autodl-tmp/cycle09_stage4_state_displacement/cells/llama/opd/step_080/E_ood.L14.main.direction.pt,stage4_direction_singular_values,128,0.009883066796737576,0.011065649244261766,0.04011693320326243,-0.038934350755738235,-0.038934350755738235,1.0278816791493435,1.226033507633803,0.9728746219385699,0.9922215882606928,0
llama,opd,80,E_ood,14,self_attn.q_proj,0.025,2,displacement_rank,/root/autodl-tmp/cycle09_stage4_state_displacement/cells/llama/opd/step_080/E_ood.L14.main.direction.pt,stage4_direction_singular_values,128,0.022565728980862194,0.027125378061430155,0.02743427101913781,-0.022874621938569848,-0.022874621938569848,1.0278816791493435,1.226033507633803,0.9728746219385699,0.9922215882606928,0
llama,opd,80,E_ood,14,self_attn.q_proj,0.05,1,displacement_rank,/root/autodl-tmp/cycle09_stage4_state_displacement/cells/llama/opd/step_080/E_ood.L14.main.direction.pt,stage4_direction_singular_values,128,0.027125378061430155,0.9999999999999999,0.022874621938569848,0.9499999999999998,0.022874621938569848,1.0278816791493435,1.226033507633803,0.9728746219385699,0.9922215882606928,0
llama,opd,80,E_ood,14,self_attn.q_proj,0.1,1,displacement_rank,/root/autodl-tmp/cycle09_stage4_state_displacement/cells/llama/opd/step_080/E_ood.L14.main.direction.pt,stage4_direction_singular_values,128,0.027125378061430155,0.9999999999999999,0.022874621938569848,0.9499999999999998,0.022874621938569848,1.0278816791493435,1.226033507633803,0.9728746219385699,0.9922215882606928,0
llama,opd,80,E_ood,14,self_attn.k_proj,0.01,22,displacement_rank,/root/autodl-tmp/cycle09_stage4_state_displacement/cells/llama/opd/step_080/E_ood.L14.main.direction.pt,stage4_direction_singular_values,128,0.00882563463847383,0.010249940748867498,0.041174365361526175,-0.03975005925113251,-0.03975005925113251,1.2249159085504246,2.6657736509620182,0.8163825720766482,0.9576947052161272,0
llama,opd,80,E_ood,14,self_attn.k_proj,0.025,15,displacement_rank,/root/autodl-tmp/cycle09_stage4_state_displacement/cells/llama/opd/step_080/E_ood.L14.main.direction.pt,stage4_direction_singular_values,128,0.02244680590852663,0.025700517649323087,0.027553194091473374,-0.024299482350676915,-0.024299482350676915,1.2249159085504246,2.6657736509620182,0.8163825720766482,0.9576947052161272,0
llama,opd,80,E_ood,14,self_attn.k_proj,0.05,9,displacement_rank,/root/autodl-tmp/cycle09_stage4_state_displacement/cells/llama/opd/step_080/E_ood.L14.main.direction.pt,stage4_direction_singular_values,128,0.048001910571083585,0.05535826653140201,0.0019980894289164178,0.005358266531402006,0.0019980894289164178,1.2249159085504246,2.6657736509620182,0.8163825720766482,0.9576947052161272,0
llama,opd,80,E_ood,14,self_attn.k_proj,0.1,4,displacement_rank,/root/autodl-tmp/cycle09_stage4_state_displacement/cells/llama/opd/step_080/E_ood.L14.main.direction.pt,stage4_direction_singular_values,128,0.09855568609069401,0.11749543338320302,-0.04855568609069401,0.06749543338320302,-0.04855568609069401,1.2249159085504246,2.6657736509620182,0.8163825720766482,0.9576947052161272,0
llama,opd,80,E_ood,14,self_attn.v_proj,0.01,13,displacement_rank,/root/autodl-tmp/cycle09_stage4_state_displacement/cells/llama/opd/step_080/E_ood.L14.main.direction.pt,stage4_direction_singular_values,128,0.008879699397596152,0.010125574122384488,0.04112030060240385,-0.03987442587761551,-0.03987442587761551,1.0909578781037934,1.6268733222147171,0.9166256737043886,0.9869936544794994,0
llama,opd,80,E_ood,14,self_attn.v_proj,0.025,6,displacement_rank,/root/autodl-tmp/cycle09_stage4_state_displacement/cells/llama/opd/step_080/E_ood.L14.main.direction.pt,stage4_direction_singular_values,128,0.021901711848093516,0.026232633620676474,0.028098288151906486,-0.02376736637932353,-0.02376736637932353,1.0909578781037934,1.6268733222147171,0.9166256737043886,0.9869936544794994,0
llama,opd,80,E_ood,14,self_attn.v_proj,0.05,3,displacement_rank,/root/autodl-tmp/cycle09_stage4_state_displacement/cells/llama/opd/step_080/E_ood.L14.main.direction.pt,stage4_direction_singular_values,128,0.043528681171402996,0.057486676696598356,0.006471318828597007,0.007486676696598353,0.006471318828597007,1.0909578781037934,1.6268733222147171,0.9166256737043886,0.9869936544794994,0
llama,opd,80,E_ood,14,self_attn.v_proj,0.1,1,displacement_rank,/root/autodl-tmp/cycle09_stage4_state_displacement/cells/llama/opd/step_080/E_ood.L14.main.direction.pt,stage4_direction_singular_values,128,0.08337432629561134,0.9999999999999998,-0.03337432629561134,0.9499999999999997,-0.03337432629561134,1.0909578781037934,1.6268733222147171,0.9166256737043886,0.9869936544794994,0
llama,opd,80,E_ood,14,self_attn.o_proj,0.01,19,displacement_rank,/root/autodl-tmp/cycle09_stage4_state_displacement/cells/llama/opd/step_080/E_ood.L14.main.direction.pt,stage4_direction_singular_values,128,0.009801775330434834,0.011191204873712658,0.04019822466956517,-0.03880879512628735,-0.03880879512628735,1.2347600697387304,2.6217170713193947,0.809873937866808,0.9692052082069308,0
llama,opd,80,E_ood,14,self_attn.o_proj,0.025,12,displacement_rank,/root/autodl-tmp/cycle09_stage4_state_displacement/cells/llama/opd/step_080/E_ood.L14.main.direction.pt,stage4_direction_singular_values,128,0.024044479937754725,0.027166381946572497,0.025955520062245278,-0.022833618053427505,-0.022833618053427505,1.2347600697387304,2.6217170713193947,0.809873937866808,0.9692052082069308,0
llama,opd,80,E_ood,14,self_attn.o_proj,0.05,7,displacement_rank,/root/autodl-tmp/cycle09_stage4_state_displacement/cells/llama/opd/step_080/E_ood.L14.main.direction.pt,stage4_direction_singular_values,128,0.04824811009768897,0.05668456655746134,0.001751889902311031,0.006684566557461337,0.001751889902311031,1.2347600697387304,2.6217170713193947,0.809873937866808,0.9692052082069308,0
llama,opd,80,E_ood,14,self_attn.o_proj,0.1,4,displacement_rank,/root/autodl-tmp/cycle09_stage4_state_displacement/cells/llama/opd/step_080/E_ood.L14.main.direction.pt,stage4_direction_singular_values,128,0.087019665950741,0.1105537987851528,-0.03701966595074099,0.060553798785152796,-0.03701966595074099,1.2347600697387304,2.6217170713193947,0.809873937866808,0.9692052082069308,0
llama,opd,80,E_ood,14,mlp.gate_proj,0.01,16,displacement_rank,/root/autodl-tmp/cycle09_stage4_state_displacement/cells/llama/opd/step_080/E_ood.L14.main.direction.pt,stage4_direction_singular_values,128,0.00999341656465317,0.011182594301390795,0.04000658343534683,-0.03881740569860921,-0.03881740569860921,1.0771440911399823,1.5792869318125184,0.9283808992923707,0.9812747524217699,0
llama,opd,80,E_ood,14,mlp.gate_proj,0.025,8,displacement_rank,/root/autodl-tmp/cycle09_stage4_state_displacement/cells/llama/opd/step_080/E_ood.L14.main.direction.pt,stage4_direction_singular_values,128,0.02337077541728292,0.02621982775369889,0.026629224582717083,-0.023780172246301114,-0.023780172246301114,1.0771440911399823,1.5792869318125184,0.9283808992923707,0.9812747524217699,0
llama,opd,80,E_ood,14,mlp.gate_proj,0.05,3,displacement_rank,/root/autodl-tmp/cycle09_stage4_state_displacement/cells/llama/opd/step_080/E_ood.L14.main.direction.pt,stage4_direction_singular_values,128,0.04360965883038411,0.054221944392024074,0.0063903411696158915,0.004221944392024071,0.004221944392024071,1.0771440911399823,1.5792869318125184,0.9283808992923707,0.9812747524217699,0
llama,opd,80,E_ood,14,mlp.gate_proj,0.1,1,displacement_rank,/root/autodl-tmp/cycle09_stage4_state_displacement/cells/llama/opd/step_080/E_ood.L14.main.direction.pt,stage4_direction_singular_values,128,0.07161910070762942,1.0,-0.021619100707629416,0.95,-0.021619100707629416,1.0771440911399823,1.5792869318125184,0.9283808992923707,0.9812747524217699,0
llama,opd,80,E_ood,14,mlp.up_proj,0.01,16,displacement_rank,/root/autodl-tmp/cycle09_stage4_state_displacement/cells/llama/opd/step_080/E_ood.L14.main.direction.pt,stage4_direction_singular_values,128,0.009972415979405392,0.0112006479432651,0.040027584020594614,-0.038799352056734904,-0.038799352056734904,1.0866071983402652,1.637343074678261,0.9202957623761806,0.9798491591956635,0
llama,opd,80,E_ood,14,mlp.up_proj,0.025,8,displacement_rank,/root/autodl-tmp/cycle09_stage4_state_displacement/cells/llama/opd/step_080/E_ood.L14.main.direction.pt,stage4_direction_singular_values,128,0.024961101561585923,0.027853078041511388,0.02503889843841408,-0.022146921958488615,-0.022146921958488615,1.0866071983402652,1.637343074678261,0.9202957623761806,0.9798491591956635,0
llama,opd,80,E_ood,14,mlp.up_proj,0.05,3,displacement_rank,/root/autodl-tmp/cycle09_stage4_state_displacement/cells/llama/opd/step_080/E_ood.L14.main.direction.pt,stage4_direction_singular_values,128,0.046846315183687884,0.05708470187929128,0.003153684816312119,0.0070847018792912775,0.003153684816312119,1.0866071983402652,1.637343074678261,0.9202957623761806,0.9798491591956635,0
llama,opd,80,E_ood,14,mlp.up_proj,0.1,1,displacement_rank,/root/autodl-tmp/cycle09_stage4_state_displacement/cells/llama/opd/step_080/E_ood.L14.main.direction.pt,stage4_direction_singular_values,128,0.07970423762381937,1.0,-0.029704237623819366,0.95,-0.029704237623819366,1.0866071983402652,1.637343074678261,0.9202957623761806,0.9798491591956635,0
llama,opd,80,E_ood,14,mlp.down_proj,0.01,9,displacement_rank,/root/autodl-tmp/cycle09_stage4_state_displacement/cells/llama/opd/step_080/E_ood.L14.main.direction.pt,stage4_direction_singular_values,128,0.009386094354573257,0.010637169395741764,0.040613905645426746,-0.03936283060425824,-0.03936283060425824,1.0455651654341935,1.3321430178925975,0.9564205398758941,0.9917009342114959,0
llama,opd,80,E_ood,14,mlp.down_proj,0.025,3,displacement_rank,/root/autodl-tmp/cycle09_stage4_state_displacement/cells/llama/opd/step_080/E_ood.L14.main.direction.pt,stage4_direction_singular_values,128,0.02192182054825479,0.028593353374564562,0.028078179451745212,-0.02140664662543544,-0.02140664662543544,1.0455651654341935,1.3321430178925975,0.9564205398758941,0.9917009342114959,0
llama,opd,80,E_ood,14,mlp.down_proj,0.05,1,displacement_rank,/root/autodl-tmp/cycle09_stage4_state_displacement/cells/llama/opd/step_080/E_ood.L14.main.direction.pt,stage4_direction_singular_values,128,0.04357946012410564,1.0,0.00642053987589436,0.95,0.00642053987589436,1.0455651654341935,1.3321430178925975,0.9564205398758941,0.9917009342114959,0
llama,opd,80,E_ood,14,mlp.down_proj,0.1,1,displacement_rank,/root/autodl-tmp/cycle09_stage4_state_displacement/cells/llama/opd/step_080/E_ood.L14.main.direction.pt,stage4_direction_singular_values,128,0.04357946012410564,1.0,0.00642053987589436,0.95,0.00642053987589436,1.0455651654341935,1.3321430178925975,0.9564205398758941,0.9917009342114959,0
llama,opd,80,E_if,14,self_attn.q_proj,0.01,11,displacement_rank,/root/autodl-tmp/cycle09_stage4_state_displacement/cells/llama/opd/step_080/E_if.L14.main.direction.pt,stage4_direction_singular_values,128,0.009902924011768822,0.011155015629132755,0.04009707598823118,-0.038844984370867246,-0.038844984370867246,1.0398255252416442,1.3160930181738346,0.9616998003271855,0.9888449843708673,0
llama,opd,80,E_if,14,self_attn.q_proj,0.025,4,displacement_rank,/root/autodl-tmp/cycle09_stage4_state_displacement/cells/llama/opd/step_080/E_if.L14.main.direction.pt,stage4_direction_singular_values,128,0.023232900770929422,0.027725051791868006,0.02676709922907058,-0.022274948208131997,-0.022274948208131997,1.0398255252416442,1.3160930181738346,0.9616998003271855,0.9888449843708673,0
llama,opd,80,E_if,14,self_attn.q_proj,0.05,1,displacement_rank,/root/autodl-tmp/cycle09_stage4_state_displacement/cells/llama/opd/step_080/E_if.L14.main.direction.pt,stage4_direction_singular_values,128,0.03830019967281457,1.0000000000000002,0.011699800327185435,0.9500000000000002,0.011699800327185435,1.0398255252416442,1.3160930181738346,0.9616998003271855,0.9888449843708673,0
llama,opd,80,E_if,14,self_attn.q_proj,0.1,1,displacement_rank,/root/autodl-tmp/cycle09_stage4_state_displacement/cells/llama/opd/step_080/E_if.L14.main.direction.pt,stage4_direction_singular_values,128,0.03830019967281457,1.0000000000000002,0.011699800327185435,0.9500000000000002,0.011699800327185435,1.0398255252416442,1.3160930181738346,0.9616998003271855,0.9888449843708673,0
llama,opd,80,E_if,14,self_attn.k_proj,0.01,24,displacement_rank,/root/autodl-tmp/cycle09_stage4_state_displacement/cells/llama/opd/step_080/E_if.L14.main.direction.pt,stage4_direction_singular_values,128,0.008463150605279426,0.010166610184711426,0.041536849394720576,-0.039833389815288577,-0.039833389815288577,1.2961562423064719,3.2089720393178562,0.7715119268495976,0.943780423516889,0
llama,opd,80,E_if,14,self_attn.k_proj,0.025,17,displacement_rank,/root/autodl-tmp/cycle09_stage4_state_displacement/cells/llama/opd/step_080/E_if.L14.main.direction.pt,stage4_direction_singular_values,128,0.02387993026365923,0.02720362614799297,0.026120069736340772,-0.022796373852007033,-0.022796373852007033,1.2961562423064719,3.2089720393178562,0.7715119268495976,0.943780423516889,0
llama,opd,80,E_if,14,self_attn.k_proj,0.05,11,displacement_rank,/root/autodl-tmp/cycle09_stage4_state_displacement/cells/llama/opd/step_080/E_if.L14.main.direction.pt,stage4_direction_singular_values,128,0.049657192631147595,0.056219576483110996,0.0003428073688524075,0.006219576483110993,0.0003428073688524075,1.2961562423064719,3.2089720393178562,0.7715119268495976,0.943780423516889,0
llama,opd,80,E_if,14,self_attn.k_proj,0.1,6,displacement_rank,/root/autodl-tmp/cycle09_stage4_state_displacement/cells/llama/opd/step_080/E_if.L14.main.direction.pt,stage4_direction_singular_values,128,0.09179273570645521,0.10552319649329263,-0.04179273570645521,0.055523196493292626,-0.04179273570645521,1.2961562423064719,3.2089720393178562,0.7715119268495976,0.943780423516889,0
llama,opd,80,E_if,14,self_attn.v_proj,0.01,12,displacement_rank,/root/autodl-tmp/cycle09_stage4_state_displacement/cells/llama/opd/step_080/E_if.L14.main.direction.pt,stage4_direction_singular_values,128,0.009122409008732608,0.010407654180303831,0.04087759099126739,-0.03959234581969617,-0.03959234581969617,1.0624919411135647,1.4594887689017793,0.9411836093099503,0.9881340472570063,0
llama,opd,80,E_if,14,self_attn.v_proj,0.025,5,displacement_rank,/root/autodl-tmp/cycle09_stage4_state_displacement/cells/llama/opd/step_080/E_if.L14.main.direction.pt,stage4_direction_singular_values,128,0.023230533349928886,0.027283751161267102,0.026769466650071117,-0.0227162488387329,-0.0227162488387329,1.0624919411135647,1.4594887689017793,0.9411836093099503,0.9881340472570063,0
llama,opd,80,E_if,14,self_attn.v_proj,0.05,2,displacement_rank,/root/autodl-tmp/cycle09_stage4_state_displacement/cells/llama/opd/step_080/E_if.L14.main.direction.pt,stage4_direction_singular_values,128,0.04644508249906258,0.05881639069004962,0.003554917500937421,0.008816390690049615,0.003554917500937421,1.0624919411135647,1.4594887689017793,0.9411836093099503,0.9881340472570063,0
llama,opd,80,E_if,14,self_attn.v_proj,0.1,1,displacement_rank,/root/autodl-tmp/cycle09_stage4_state_displacement/cells/llama/opd/step_080/E_if.L14.main.direction.pt,stage4_direction_singular_values,128,0.05881639069004962,0.9999999999999999,-0.008816390690049615,0.9499999999999998,-0.008816390690049615,1.0624919411135647,1.4594887689017793,0.9411836093099503,0.9881340472570063,0
llama,opd,80,E_if,14,self_attn.o_proj,0.01,20,displacement_rank,/root/autodl-tmp/cycle09_stage4_state_displacement/cells/llama/opd/step_080/E_if.L14.main.direction.pt,stage4_direction_singular_values,128,0.008982037897371425,0.010442573820145375,0.04101796210262858,-0.039557426179854624,-0.039557426179854624,1.2632041822735287,2.7165342610025145,0.7916376576589456,0.9675402806398524,0
llama,opd,80,E_if,14,self_attn.o_proj,0.025,13,displacement_rank,/root/autodl-tmp/cycle09_stage4_state_displacement/cells/llama/opd/step_080/E_if.L14.main.direction.pt,stage4_direction_singular_values,128,0.022415468748021385,0.025107250247596184,0.027584531251978617,-0.02489274975240382,-0.02489274975240382,1.2632041822735287,2.7165342610025145,0.7916376576589456,0.9675402806398524,0
llama,opd,80,E_if,14,self_attn.o_proj,0.05,7,displacement_rank,/root/autodl-tmp/cycle09_stage4_state_displacement/cells/llama/opd/step_080/E_if.L14.main.direction.pt,stage4_direction_singular_values,128,0.04993241792514226,0.05700713344854474,6.758207485774159e-05,0.007007133448544735,6.758207485774159e-05,1.2632041822735287,2.7165342610025145,0.7916376576589456,0.9675402806398524,0
llama,opd,80,E_if,14,self_attn.o_proj,0.1,4,displacement_rank,/root/autodl-tmp/cycle09_stage4_state_displacement/cells/llama/opd/step_080/E_if.L14.main.direction.pt,stage4_direction_singular_values,128,0.08206119768845875,0.10382447155524699,-0.03206119768845875,0.053824471555246986,-0.03206119768845875,1.2632041822735287,2.7165342610025145,0.7916376576589456,0.9675402806398524,0
llama,opd,80,E_if,14,mlp.gate_proj,0.01,20,displacement_rank,/root/autodl-tmp/cycle09_stage4_state_displacement/cells/llama/opd/step_080/E_if.L14.main.direction.pt,stage4_direction_singular_values,128,0.009383809939379999,0.010657219715019628,0.040616190060620005,-0.03934278028498037,-0.03934278028498037,1.0981587248299696,1.7551116159961018,0.9106151755565502,0.972332794597815,0
llama,opd,80,E_if,14,mlp.gate_proj,0.025,11,displacement_rank,/root/autodl-tmp/cycle09_stage4_state_displacement/cells/llama/opd/step_080/E_if.L14.main.direction.pt,stage4_direction_singular_values,128,0.024832667137138092,0.02766720540218493,0.02516733286286191,-0.02233279459781507,-0.02233279459781507,1.0981587248299696,1.7551116159961018,0.9106151755565502,0.972332794597815,0
llama,opd,80,E_if,14,mlp.gate_proj,0.05,5,displacement_rank,/root/autodl-tmp/cycle09_stage4_state_displacement/cells/llama/opd/step_080/E_if.L14.main.direction.pt,stage4_direction_singular_values,128,0.04701553740105553,0.052812454930821935,0.0029844625989444706,0.0028124549308219324,0.0028124549308219324,1.0981587248299696,1.7551116159961018,0.9106151755565502,0.972332794597815,0
llama,opd,80,E_if,14,mlp.gate_proj,0.1,1,displacement_rank,/root/autodl-tmp/cycle09_stage4_state_displacement/cells/llama/opd/step_080/E_if.L14.main.direction.pt,stage4_direction_singular_values,128,0.08938482444344967,0.9999999999999999,-0.039384824443449665,0.9499999999999998,-0.039384824443449665,1.0981587248299696,1.7551116159961018,0.9106151755565502,0.972332794597815,0
llama,opd,80,E_if,14,mlp.up_proj,0.01,18,displacement_rank,/root/autodl-tmp/cycle09_stage4_state_displacement/cells/llama/opd/step_080/E_if.L14.main.direction.pt,stage4_direction_singular_values,128,0.009247732350341022,0.010471118470058261,0.04075226764965898,-0.039528881529941745,-0.039528881529941745,1.0910568442651503,1.6940298916669663,0.9165425296181714,0.9763064577300968,0
llama,opd,80,E_if,14,mlp.up_proj,0.025,10,displacement_rank,/root/autodl-tmp/cycle09_stage4_state_displacement/cells/llama/opd/step_080/E_if.L14.main.direction.pt,stage4_direction_singular_values,128,0.023693542269902928,0.02670826597990842,0.026306457730097075,-0.023291734020091583,-0.023291734020091583,1.0910568442651503,1.6940298916669663,0.9165425296181714,0.9763064577300968,0
llama,opd,80,E_if,14,mlp.up_proj,0.05,4,displacement_rank,/root/autodl-tmp/cycle09_stage4_state_displacement/cells/llama/opd/step_080/E_if.L14.main.direction.pt,stage4_direction_singular_values,128,0.04827018422724929,0.056566867259091436,0.0017298157727507132,0.006566867259091433,0.0017298157727507132,1.0910568442651503,1.6940298916669663,0.9165425296181714,0.9763064577300968,0
llama,opd,80,E_if,14,mlp.up_proj,0.1,1,displacement_rank,/root/autodl-tmp/cycle09_stage4_state_displacement/cells/llama/opd/step_080/E_if.L14.main.direction.pt,stage4_direction_singular_values,128,0.08345747038182844,0.9999999999999999,-0.03345747038182843,0.9499999999999998,-0.03345747038182843,1.0910568442651503,1.6940298916669663,0.9165425296181714,0.9763064577300968,0
llama,opd,80,E_if,14,mlp.down_proj,0.01,12,displacement_rank,/root/autodl-tmp/cycle09_stage4_state_displacement/cells/llama/opd/step_080/E_if.L14.main.direction.pt,stage4_direction_singular_values,128,0.00983363323854994,0.010912227505102005,0.040166366761450065,-0.039087772494898,-0.039087772494898,1.0614580651479864,1.4523928763806038,0.9421003361640876,0.9876732626625294,0
llama,opd,80,E_if,14,mlp.down_proj,0.025,5,displacement_rank,/root/autodl-tmp/cycle09_stage4_state_displacement/cells/llama/opd/step_080/E_if.L14.main.direction.pt,stage4_direction_singular_values,128,0.02287816318806675,0.02710079755462793,0.027121836811933253,-0.022899202445372073,-0.022899202445372073,1.0614580651479864,1.4523928763806038,0.9421003361640876,0.9876732626625294,0
llama,opd,80,E_if,14,mlp.down_proj,0.05,2,displacement_rank,/root/autodl-tmp/cycle09_stage4_state_displacement/cells/llama/opd/step_080/E_if.L14.main.direction.pt,stage4_direction_singular_values,128,0.04212202669689145,0.0578996638359122,0.007877973303108556,0.007899663835912195,0.007877973303108556,1.0614580651479864,1.4523928763806038,0.9421003361640876,0.9876732626625294,0
llama,opd,80,E_if,14,mlp.down_proj,0.1,1,displacement_rank,/root/autodl-tmp/cycle09_stage4_state_displacement/cells/llama/opd/step_080/E_if.L14.main.direction.pt,stage4_direction_singular_values,128,0.0578996638359122,0.9999999999999999,-0.007899663835912195,0.9499999999999998,-0.007899663835912195,1.0614580651479864,1.4523928763806038,0.9421003361640876,0.9876732626625294,0
llama,sft,20,E_general,14,self_attn.q_proj,0.01,27,displacement_rank,/root/autodl-tmp/cycle09_stage4_state_displacement/cells/llama/sft/step_020/E_general.L14.main.direction.pt,stage4_direction_singular_values,128,0.00855075313589705,0.010927366823563137,0.04144924686410295,-0.03907263317643687,-0.03907263317643687,1.4752833864225932,4.718238096777957,0.6778358715371253,0.9116327617370972,0
llama,sft,20,E_general,14,self_attn.q_proj,0.025,22,displacement_rank,/root/autodl-tmp/cycle09_stage4_state_displacement/cells/llama/sft/step_020/E_general.L14.main.direction.pt,stage4_direction_singular_values,128,0.022670763482828142,0.0260803779415586,0.02732923651717186,-0.023919622058441403,-0.023919622058441403,1.4752833864225932,4.718238096777957,0.6778358715371253,0.9116327617370972,0
llama,sft,20,E_general,14,self_attn.q_proj,0.05,16,displacement_rank,/root/autodl-tmp/cycle09_stage4_state_displacement/cells/llama/sft/step_020/E_general.L14.main.direction.pt,stage4_direction_singular_values,128,0.046565687366488376,0.05194708717071886,0.003434312633511627,0.0019470871707188558,0.0019470871707188558,1.4752833864225932,4.718238096777957,0.6778358715371253,0.9116327617370972,0
llama,sft,20,E_general,14,self_attn.q_proj,0.1,9,displacement_rank,/root/autodl-tmp/cycle09_stage4_state_displacement/cells/llama/sft/step_020/E_general.L14.main.direction.pt,stage4_direction_singular_values,128,0.09867587466922584,0.11082547428081724,-0.048675874669225835,0.060825474280817235,-0.048675874669225835,1.4752833864225932,4.718238096777957,0.6778358715371253,0.9116327617370972,0
llama,sft,20,E_general,14,self_attn.k_proj,0.01,28,displacement_rank,/root/autodl-tmp/cycle09_stage4_state_displacement/cells/llama/sft/step_020/E_general.L14.main.direction.pt,stage4_direction_singular_values,128,0.008843589837970706,0.0118592668776382,0.0411564101620293,-0.038140733122361804,-0.038140733122361804,1.757197276628453,7.153821257930716,0.5690880661496968,0.8669515451034513,0
llama,sft,20,E_general,14,self_attn.k_proj,0.025,24,displacement_rank,/root/autodl-tmp/cycle09_stage4_state_displacement/cells/llama/sft/step_020/E_general.L14.main.direction.pt,stage4_direction_singular_values,128,0.023167402240778748,0.027428054369505194,0.026832597759221255,-0.02257194563049481,-0.02257194563049481,1.757197276628453,7.153821257930716,0.5690880661496968,0.8669515451034513,0
llama,sft,20,E_general,14,self_attn.k_proj,0.05,19,displacement_rank,/root/autodl-tmp/cycle09_stage4_state_displacement/cells/llama/sft/step_020/E_general.L14.main.direction.pt,stage4_direction_singular_values,128,0.049124737017632265,0.05546231444481863,0.0008752629823677374,0.005462314444818629,0.0008752629823677374,1.757197276628453,7.153821257930716,0.5690880661496968,0.8669515451034513,0
llama,sft,20,E_general,14,self_attn.k_proj,0.1,13,displacement_rank,/root/autodl-tmp/cycle09_stage4_state_displacement/cells/llama/sft/step_020/E_general.L14.main.direction.pt,stage4_direction_singular_values,128,0.09526752188400556,0.10734152123495037,-0.045267521884005554,0.05734152123495037,-0.045267521884005554,1.757197276628453,7.153821257930716,0.5690880661496968,0.8669515451034513,0
llama,sft,20,E_general,14,self_attn.v_proj,0.01,21,displacement_rank,/root/autodl-tmp/cycle09_stage4_state_displacement/cells/llama/sft/step_020/E_general.L14.main.direction.pt,stage4_direction_singular_values,128,0.009856690604522923,0.011407785196264229,0.040143309395477084,-0.03859221480373577,-0.03859221480373577,1.2094354179986022,2.5240447256400533,0.8268320781070062,0.9616075430588288,0
llama,sft,20,E_general,14,self_attn.v_proj,0.025,14,displacement_rank,/root/autodl-tmp/cycle09_stage4_state_displacement/cells/llama/sft/step_020/E_general.L14.main.direction.pt,stage4_direction_singular_values,128,0.024221637580042157,0.027093187967327462,0.025778362419957845,-0.02290681203267254,-0.02290681203267254,1.2094354179986022,2.5240447256400533,0.8268320781070062,0.9616075430588288,0
llama,sft,20,E_general,14,self_attn.v_proj,0.05,8,displacement_rank,/root/autodl-tmp/cycle09_stage4_state_displacement/cells/llama/sft/step_020/E_general.L14.main.direction.pt,stage4_direction_singular_values,128,0.04847826100794901,0.054536652752208,0.0015217389920509916,0.004536652752207999,0.0015217389920509916,1.2094354179986022,2.5240447256400533,0.8268320781070062,0.9616075430588288,0
llama,sft,20,E_general,14,self_attn.v_proj,0.1,4,displacement_rank,/root/autodl-tmp/cycle09_stage4_state_displacement/cells/llama/sft/step_020/E_general.L14.main.direction.pt,stage4_direction_singular_values,128,0.08613599863086481,0.10477908078551652,-0.03613599863086481,0.05477908078551652,-0.03613599863086481,1.2094354179986022,2.5240447256400533,0.8268320781070062,0.9616075430588288,0
llama,sft,20,E_general,14,self_attn.o_proj,0.01,25,displacement_rank,/root/autodl-tmp/cycle09_stage4_state_displacement/cells/llama/sft/step_020/E_general.L14.main.direction.pt,stage4_direction_singular_values,128,0.009737721063299372,0.01209475338230131,0.04026227893670063,-0.037905246617698694,-0.037905246617698694,1.6595952572277826,5.61919033016568,0.602556554464019,0.919661033259003,0
llama,sft,20,E_general,14,self_attn.o_proj,0.025,20,displacement_rank,/root/autodl-tmp/cycle09_stage4_state_displacement/cells/llama/sft/step_020/E_general.L14.main.direction.pt,stage4_direction_singular_values,128,0.023058375720577808,0.02653036751253383,0.026941624279422195,-0.023469632487466172,-0.023469632487466172,1.6595952572277826,5.61919033016568,0.602556554464019,0.919661033259003,0
llama,sft,20,E_general,14,self_attn.o_proj,0.05,15,displacement_rank,/root/autodl-tmp/cycle09_stage4_state_displacement/cells/llama/sft/step_020/E_general.L14.main.direction.pt,stage4_direction_singular_values,128,0.04443456883671528,0.05014965843005831,0.005565431163284722,0.00014965843005830537,0.00014965843005830537,1.6595952572277826,5.61919033016568,0.602556554464019,0.919661033259003,0
llama,sft,20,E_general,14,self_attn.o_proj,0.1,9,displacement_rank,/root/autodl-tmp/cycle09_stage4_state_displacement/cells/llama/sft/step_020/E_general.L14.main.direction.pt,stage4_direction_singular_values,128,0.09021175693003491,0.10200992616900845,-0.04021175693003491,0.052009926169008444,-0.04021175693003491,1.6595952572277826,5.61919033016568,0.602556554464019,0.919661033259003,0
llama,sft,20,E_general,14,mlp.gate_proj,0.01,26,displacement_rank,/root/autodl-tmp/cycle09_stage4_state_displacement/cells/llama/sft/step_020/E_general.L14.main.direction.pt,stage4_direction_singular_values,128,0.009653208622550678,0.011835473964849859,0.04034679137744933,-0.038164526035150144,-0.038164526035150144,1.27690334865709,3.265478437941937,0.783144629585076,0.9238212825883764,0
llama,sft,20,E_general,14,mlp.gate_proj,0.025,21,displacement_rank,/root/autodl-tmp/cycle09_stage4_state_displacement/cells/llama/sft/step_020/E_general.L14.main.direction.pt,stage4_direction_singular_values,128,0.02261182392840473,0.02578457894301483,0.02738817607159527,-0.024215421056985174,-0.024215421056985174,1.27690334865709,3.265478437941937,0.783144629585076,0.9238212825883764,0
llama,sft,20,E_general,14,mlp.gate_proj,0.05,15,displacement_rank,/root/autodl-tmp/cycle09_stage4_state_displacement/cells/llama/sft/step_020/E_general.L14.main.direction.pt,stage4_direction_singular_values,128,0.04528038817268232,0.05025395115891048,0.004719611827317685,0.0002539511589104773,0.0002539511589104773,1.27690334865709,3.265478437941937,0.783144629585076,0.9238212825883764,0
llama,sft,20,E_general,14,mlp.gate_proj,0.1,8,displacement_rank,/root/autodl-tmp/cycle09_stage4_state_displacement/cells/llama/sft/step_020/E_general.L14.main.direction.pt,stage4_direction_singular_values,128,0.0925948989985349,0.1021057646350801,-0.0425948989985349,0.0521057646350801,-0.0425948989985349,1.27690334865709,3.265478437941937,0.783144629585076,0.9238212825883764,0
llama,sft,20,E_general,14,mlp.up_proj,0.01,27,displacement_rank,/root/autodl-tmp/cycle09_stage4_state_displacement/cells/llama/sft/step_020/E_general.L14.main.direction.pt,stage4_direction_singular_values,128,0.009131879216656986,0.011613888250171107,0.040868120783343016,-0.038386111749828894,-0.038386111749828894,1.4459432539082528,4.580077154132037,0.6915900726374227,0.9063403611069235,0
llama,sft,20,E_general,14,mlp.up_proj,0.025,22,displacement_rank,/root/autodl-tmp/cycle09_stage4_state_displacement/cells/llama/sft/step_020/E_general.L14.main.direction.pt,stage4_direction_singular_values,128,0.02391982242897465,0.02747708839130364,0.02608017757102535,-0.022522911608696364,-0.022522911608696364,1.4459432539082528,4.580077154132037,0.6915900726374227,0.9063403611069235,0
llama,sft,20,E_general,14,mlp.up_proj,0.05,17,displacement_rank,/root/autodl-tmp/cycle09_stage4_state_displacement/cells/llama/sft/step_020/E_general.L14.main.direction.pt,stage4_direction_singular_values,128,0.04496600167938567,0.05009411440402881,0.0050339983206143316,9.411440402880972e-05,9.411440402880972e-05,1.4459432539082528,4.580077154132037,0.6915900726374227,0.9063403611069235,0
llama,sft,20,E_general,14,mlp.up_proj,0.1,10,displacement_rank,/root/autodl-tmp/cycle09_stage4_state_displacement/cells/llama/sft/step_020/E_general.L14.main.direction.pt,stage4_direction_singular_values,128,0.09365963889307624,0.10339436445519745,-0.04365963889307624,0.05339436445519745,-0.04365963889307624,1.4459432539082528,4.580077154132037,0.6915900726374227,0.9063403611069235,0
llama,sft,20,E_general,14,mlp.down_proj,0.01,27,displacement_rank,/root/autodl-tmp/cycle09_stage4_state_displacement/cells/llama/sft/step_020/E_general.L14.main.direction.pt,stage4_direction_singular_values,128,0.008862988981530828,0.011155717185014293,0.04113701101846917,-0.03884428281498571,-0.03884428281498571,1.4236494102612658,4.3746776347714365,0.7024201273096314,0.9128236121125969,0
llama,sft,20,E_general,14,mlp.down_proj,0.025,22,displacement_rank,/root/autodl-tmp/cycle09_stage4_state_displacement/cells/llama/sft/step_020/E_general.L14.main.direction.pt,stage4_direction_singular_values,128,0.022324601520549655,0.025597412962901696,0.027675398479450348,-0.024402587037098307,-0.024402587037098307,1.4236494102612658,4.3746776347714365,0.7024201273096314,0.9128236121125969,0
llama,sft,20,E_general,14,mlp.down_proj,0.05,16,displacement_rank,/root/autodl-tmp/cycle09_stage4_state_displacement/cells/llama/sft/step_020/E_general.L14.main.direction.pt,stage4_direction_singular_values,128,0.04650747868532072,0.051698162203862405,0.003492521314679281,0.0016981622038624022,0.0016981622038624022,1.4236494102612658,4.3746776347714365,0.7024201273096314,0.9128236121125969,0
llama,sft,20,E_general,14,mlp.down_proj,0.1,9,displacement_rank,/root/autodl-tmp/cycle09_stage4_state_displacement/cells/llama/sft/step_020/E_general.L14.main.direction.pt,stage4_direction_singular_values,128,0.09736678683218424,0.10838119086598197,-0.04736678683218423,0.058381190865981966,-0.04736678683218423,1.4236494102612658,4.3746776347714365,0.7024201273096314,0.9128236121125969,0
llama,sft,20,E_math,14,self_attn.q_proj,0.01,25,displacement_rank,/root/autodl-tmp/cycle09_stage4_state_displacement/cells/llama/sft/step_020/E_math.L14.main.direction.pt,stage4_direction_singular_values,128,0.009528163041203953,0.011566890914616365,0.040471836958796054,-0.03843310908538364,-0.03843310908538364,1.4365065330853857,4.274606737709253,0.6961332767851465,0.9280238159487764,0
llama,sft,20,E_math,14,self_attn.q_proj,0.025,19,displacement_rank,/root/autodl-tmp/cycle09_stage4_state_displacement/cells/llama/sft/step_020/E_math.L14.main.direction.pt,stage4_direction_singular_values,128,0.024728475147052485,0.02799075985832509,0.025271524852947518,-0.022009240141674914,-0.022009240141674914,1.4365065330853857,4.274606737709253,0.6961332767851465,0.9280238159487764,0
llama,sft,20,E_math,14,self_attn.q_proj,0.05,14,displacement_rank,/root/autodl-tmp/cycle09_stage4_state_displacement/cells/llama/sft/step_020/E_math.L14.main.direction.pt,stage4_direction_singular_values,128,0.04561381439495065,0.05084564088865453,0.004386185605049352,0.0008456408886545266,0.0008456408886545266,1.4365065330853857,4.274606737709253,0.6961332767851465,0.9280238159487764,0
llama,sft,20,E_math,14,self_attn.q_proj,0.1,8,displacement_rank,/root/autodl-tmp/cycle09_stage4_state_displacement/cells/llama/sft/step_020/E_math.L14.main.direction.pt,stage4_direction_singular_values,128,0.09133622459957941,0.10312535160047015,-0.041336224599579405,0.05312535160047015,-0.041336224599579405,1.4365065330853857,4.274606737709253,0.6961332767851465,0.9280238159487764,0
llama,sft,20,E_math,14,self_attn.k_proj,0.01,27,displacement_rank,/root/autodl-tmp/cycle09_stage4_state_displacement/cells/llama/sft/step_020/E_math.L14.main.direction.pt,stage4_direction_singular_values,128,0.009686952026947172,0.012703410800827968,0.04031304797305283,-0.03729658919917203,-0.03729658919917203,1.7187622735510124,6.596965055955009,0.5818140270986815,0.8824166423267406,0
llama,sft,20,E_math,14,self_attn.k_proj,0.025,23,displacement_rank,/root/autodl-tmp/cycle09_stage4_state_displacement/cells/llama/sft/step_020/E_math.L14.main.direction.pt,stage4_direction_singular_values,128,0.022841257167607903,0.02670549344726029,0.0271587428323921,-0.02329450655273971,-0.02329450655273971,1.7187622735510124,6.596965055955009,0.5818140270986815,0.8824166423267406,0
llama,sft,20,E_math,14,self_attn.k_proj,0.05,18,displacement_rank,/root/autodl-tmp/cycle09_stage4_state_displacement/cells/llama/sft/step_020/E_math.L14.main.direction.pt,stage4_direction_singular_values,128,0.04573069155448353,0.05184374769318264,0.00426930844551647,0.001843747693182636,0.001843747693182636,1.7187622735510124,6.596965055955009,0.5818140270986815,0.8824166423267406,0
llama,sft,20,E_math,14,self_attn.k_proj,0.1,12,displacement_rank,/root/autodl-tmp/cycle09_stage4_state_displacement/cells/llama/sft/step_020/E_math.L14.main.direction.pt,stage4_direction_singular_values,128,0.09319177644015078,0.10413212386612422,-0.04319177644015078,0.05413212386612422,-0.04319177644015078,1.7187622735510124,6.596965055955009,0.5818140270986815,0.8824166423267406,0
llama,sft,20,E_math,14,self_attn.v_proj,0.01,16,displacement_rank,/root/autodl-tmp/cycle09_stage4_state_displacement/cells/llama/sft/step_020/E_math.L14.main.direction.pt,stage4_direction_singular_values,128,0.00952340989636676,0.010851422226079136,0.04047659010363324,-0.03914857777392087,-0.03914857777392087,1.1262258240735528,1.877995940520676,0.8879213907411619,0.9804333052576675,0
llama,sft,20,E_math,14,self_attn.v_proj,0.025,9,displacement_rank,/root/autodl-tmp/cycle09_stage4_state_displacement/cells/llama/sft/step_020/E_math.L14.main.direction.pt,stage4_direction_singular_values,128,0.022311729347038792,0.025394343007111818,0.02768827065296121,-0.024605656992888185,-0.024605656992888185,1.1262258240735528,1.877995940520676,0.8879213907411619,0.9804333052576675,0
llama,sft,20,E_math,14,self_attn.v_proj,0.05,4,displacement_rank,/root/autodl-tmp/cycle09_stage4_state_displacement/cells/llama/sft/step_020/E_math.L14.main.direction.pt,stage4_direction_singular_values,128,0.04975410651885067,0.06081332820595033,0.0002458934811493327,0.01081332820595033,0.0002458934811493327,1.1262258240735528,1.877995940520676,0.8879213907411619,0.9804333052576675,0
llama,sft,20,E_math,14,self_attn.v_proj,0.1,2,displacement_rank,/root/autodl-tmp/cycle09_stage4_state_displacement/cells/llama/sft/step_020/E_math.L14.main.direction.pt,stage4_direction_singular_values,128,0.07736778999907648,0.11207860925883813,-0.027367789999076478,0.062078609258838124,-0.027367789999076478,1.1262258240735528,1.877995940520676,0.8879213907411619,0.9804333052576675,0
llama,sft,20,E_math,14,self_attn.o_proj,0.01,18,displacement_rank,/root/autodl-tmp/cycle09_stage4_state_displacement/cells/llama/sft/step_020/E_math.L14.main.direction.pt,stage4_direction_singular_values,128,0.008891324648378517,0.010192919216376332,0.041108675351621486,-0.039807080783623675,-0.039807080783623675,1.180227562846671,2.254106407171675,0.8472942265371537,0.9748890247894334,0
llama,sft,20,E_math,14,self_attn.o_proj,0.025,11,displacement_rank,/root/autodl-tmp/cycle09_stage4_state_displacement/cells/llama/sft/step_020/E_math.L14.main.direction.pt,stage4_direction_singular_values,128,0.021966864878641856,0.025110975210566842,0.028033135121358146,-0.02488902478943316,-0.02488902478943316,1.180227562846671,2.254106407171675,0.8472942265371537,0.9748890247894334,0
llama,sft,20,E_math,14,self_attn.o_proj,0.05,6,displacement_rank,/root/autodl-tmp/cycle09_stage4_state_displacement/cells/llama/sft/step_020/E_math.L14.main.direction.pt,stage4_direction_singular_values,128,0.04647245187173687,0.05550147671090529,0.0035275481282631346,0.005501476710905284,0.0035275481282631346,1.180227562846671,2.254106407171675,0.8472942265371537,0.9748890247894334,0
llama,sft,20,E_math,14,self_attn.o_proj,0.1,3,displacement_rank,/root/autodl-tmp/cycle09_stage4_state_displacement/cells/llama/sft/step_020/E_math.L14.main.direction.pt,stage4_direction_singular_values,128,0.08666310757436144,0.116611978858316,-0.036663107574361434,0.066611978858316,-0.036663107574361434,1.180227562846671,2.254106407171675,0.8472942265371537,0.9748890247894334,0
llama,sft,20,E_math,14,mlp.gate_proj,0.01,22,displacement_rank,/root/autodl-tmp/cycle09_stage4_state_displacement/cells/llama/sft/step_020/E_math.L14.main.direction.pt,stage4_direction_singular_values,128,0.00931065731154506,0.010758411523113643,0.04068934268845494,-0.03924158847688636,-0.03924158847688636,1.1575228458093372,2.197167412089909,0.8639138342887759,0.9615995762651988,0
llama,sft,20,E_math,14,mlp.gate_proj,0.025,14,displacement_rank,/root/autodl-tmp/cycle09_stage4_state_displacement/cells/llama/sft/step_020/E_math.L14.main.direction.pt,stage4_direction_singular_values,128,0.0246700132921857,0.02749920779408583,0.025329986707814302,-0.022500792205914173,-0.022500792205914173,1.1575228458093372,2.197167412089909,0.8639138342887759,0.9615995762651988,0
llama,sft,20,E_math,14,mlp.gate_proj,0.05,8,displacement_rank,/root/autodl-tmp/cycle09_stage4_state_displacement/cells/llama/sft/step_020/E_math.L14.main.direction.pt,stage4_direction_singular_values,128,0.04788534012457438,0.053783907578453506,0.0021146598754256257,0.0037839075784535034,0.0021146598754256257,1.1575228458093372,2.197167412089909,0.8639138342887759,0.9615995762651988,0
llama,sft,20,E_math,14,mlp.gate_proj,0.1,3,displacement_rank,/root/autodl-tmp/cycle09_stage4_state_displacement/cells/llama/sft/step_020/E_math.L14.main.direction.pt,stage4_direction_singular_values,128,0.09036290458905608,0.10706964471827692,-0.04036290458905607,0.05706964471827691,-0.04036290458905607,1.1575228458093372,2.197167412089909,0.8639138342887759,0.9615995762651988,0
llama,sft,20,E_math,14,mlp.up_proj,0.01,21,displacement_rank,/root/autodl-tmp/cycle09_stage4_state_displacement/cells/llama/sft/step_020/E_math.L14.main.direction.pt,stage4_direction_singular_values,128,0.009024476087802692,0.010441107005829661,0.04097552391219731,-0.03955889299417034,-0.03955889299417034,1.1553557075757261,2.1425761779933863,0.8655343055328754,0.9659196263012108,0
llama,sft,20,E_math,14,mlp.up_proj,0.025,13,displacement_rank,/root/autodl-tmp/cycle09_stage4_state_displacement/cells/llama/sft/step_020/E_math.L14.main.direction.pt,stage4_direction_singular_values,128,0.024463030621294835,0.02747696471974563,0.025536969378705168,-0.022523035280254372,-0.022523035280254372,1.1553557075757261,2.1425761779933863,0.8655343055328754,0.9659196263012108,0
llama,sft,20,E_math,14,mlp.up_proj,0.05,7,displacement_rank,/root/autodl-tmp/cycle09_stage4_state_displacement/cells/llama/sft/step_020/E_math.L14.main.direction.pt,stage4_direction_singular_values,128,0.047315461525866645,0.05307711200156431,0.0026845384741333578,0.003077112001564304,0.0026845384741333578,1.1553557075757261,2.1425761779933863,0.8655343055328754,0.9659196263012108,0
llama,sft,20,E_math,14,mlp.up_proj,0.1,2,displacement_rank,/root/autodl-tmp/cycle09_stage4_state_displacement/cells/llama/sft/step_020/E_math.L14.main.direction.pt,stage4_direction_singular_values,128,0.09925502623597449,0.1344656944671244,-0.04925502623597448,0.08446569446712439,-0.04925502623597448,1.1553557075757261,2.1425761779933863,0.8655343055328754,0.9659196263012108,0
llama,sft,20,E_math,14,mlp.down_proj,0.01,19,displacement_rank,/root/autodl-tmp/cycle09_stage4_state_displacement/cells/llama/sft/step_020/E_math.L14.main.direction.pt,stage4_direction_singular_values,128,0.009053476892896534,0.010316817095596391,0.04094652310710347,-0.03968318290440361,-0.03968318290440361,1.1207237933443168,1.8887256715154428,0.8922805118787844,0.9735642818199299,0
llama,sft,20,E_math,14,mlp.down_proj,0.025,11,displacement_rank,/root/autodl-tmp/cycle09_stage4_state_displacement/cells/llama/sft/step_020/E_math.L14.main.direction.pt,stage4_direction_singular_values,128,0.023562684915012216,0.026435718180069845,0.026437315084987787,-0.023564281819930158,-0.023564281819930158,1.1207237933443168,1.8887256715154428,0.8922805118787844,0.9735642818199299,0
llama,sft,20,E_math,14,mlp.down_proj,0.05,5,displacement_rank,/root/autodl-tmp/cycle09_stage4_state_displacement/cells/llama/sft/step_020/E_math.L14.main.direction.pt,stage4_direction_singular_values,128,0.04954728998756846,0.05675159237771001,0.0004527100124315439,0.00675159237771001,0.0004527100124315439,1.1207237933443168,1.8887256715154428,0.8922805118787844,0.9735642818199299,0
llama,sft,20,E_math,14,mlp.down_proj,0.1,2,displacement_rank,/root/autodl-tmp/cycle09_stage4_state_displacement/cells/llama/sft/step_020/E_math.L14.main.direction.pt,stage4_direction_singular_values,128,0.07911829692556352,0.10771948812121523,-0.029118296925563517,0.05771948812121523,-0.029118296925563517,1.1207237933443168,1.8887256715154428,0.8922805118787844,0.9735642818199299,0
llama,sft,20,E_ood,14,self_attn.q_proj,0.01,26,displacement_rank,/root/autodl-tmp/cycle09_stage4_state_displacement/cells/llama/sft/step_020/E_ood.L14.main.direction.pt,stage4_direction_singular_values,128,0.00869614813949774,0.010595153906456364,0.04130385186050226,-0.03940484609354364,-0.03940484609354364,1.436541033922134,4.348724050273794,0.6961165580280971,0.9223406027999532,0
llama,sft,20,E_ood,14,self_attn.q_proj,0.025,20,displacement_rank,/root/autodl-tmp/cycle09_stage4_state_displacement/cells/llama/sft/step_020/E_ood.L14.main.direction.pt,stage4_direction_singular_values,128,0.02371976867450638,0.027072137653677327,0.026280231325493623,-0.022927862346322676,-0.022927862346322676,1.436541033922134,4.348724050273794,0.6961165580280971,0.9223406027999532,0
llama,sft,20,E_ood,14,self_attn.q_proj,0.05,14,displacement_rank,/root/autodl-tmp/cycle09_stage4_state_displacement/cells/llama/sft/step_020/E_ood.L14.main.direction.pt,stage4_direction_singular_values,128,0.04915388290720899,0.055012149682788905,0.0008461170927910114,0.005012149682788902,0.0008461170927910114,1.436541033922134,4.348724050273794,0.6961165580280971,0.9223406027999532,0
llama,sft,20,E_ood,14,self_attn.q_proj,0.1,8,displacement_rank,/root/autodl-tmp/cycle09_stage4_state_displacement/cells/llama/sft/step_020/E_ood.L14.main.direction.pt,stage4_direction_singular_values,128,0.09678392711853591,0.10733130039700096,-0.046783927118535906,0.05733130039700096,-0.046783927118535906,1.436541033922134,4.348724050273794,0.6961165580280971,0.9223406027999532,0
llama,sft,20,E_ood,14,self_attn.k_proj,0.01,27,displacement_rank,/root/autodl-tmp/cycle09_stage4_state_displacement/cells/llama/sft/step_020/E_ood.L14.main.direction.pt,stage4_direction_singular_values,128,0.009763114970818663,0.01265110768793719,0.04023688502918134,-0.037348892312062815,-0.037348892312062815,1.7618992092822527,6.857436057878762,0.567569356255839,0.8782655608771343,0
llama,sft,20,E_ood,14,self_attn.k_proj,0.025,23,displacement_rank,/root/autodl-tmp/cycle09_stage4_state_displacement/cells/llama/sft/step_020/E_ood.L14.main.direction.pt,stage4_direction_singular_values,128,0.023319183417770256,0.027813135812055054,0.026680816582229747,-0.02218686418794495,-0.02218686418794495,1.7618992092822527,6.857436057878762,0.567569356255839,0.8782655608771343,0
llama,sft,20,E_ood,14,self_attn.k_proj,0.05,18,displacement_rank,/root/autodl-tmp/cycle09_stage4_state_displacement/cells/llama/sft/step_020/E_ood.L14.main.direction.pt,stage4_direction_singular_values,128,0.04881107919186358,0.05532653424611157,0.001188920808136422,0.0053265342461115694,0.001188920808136422,1.7618992092822527,6.857436057878762,0.567569356255839,0.8782655608771343,0
llama,sft,20,E_ood,14,self_attn.k_proj,0.1,12,displacement_rank,/root/autodl-tmp/cycle09_stage4_state_displacement/cells/llama/sft/step_020/E_ood.L14.main.direction.pt,stage4_direction_singular_values,128,0.09612728604931735,0.10758445504889375,-0.046127286049317345,0.05758445504889374,-0.046127286049317345,1.7618992092822527,6.857436057878762,0.567569356255839,0.8782655608771343,0
llama,sft,20,E_ood,14,self_attn.v_proj,0.01,19,displacement_rank,/root/autodl-tmp/cycle09_stage4_state_displacement/cells/llama/sft/step_020/E_ood.L14.main.direction.pt,stage4_direction_singular_values,128,0.009863883359199134,0.011332379238297443,0.04013611664080087,-0.03866762076170256,-0.03866762076170256,1.191097094974188,2.3395022179952556,0.8395621181677644,0.9695358399206484,0
llama,sft,20,E_ood,14,self_attn.v_proj,0.025,12,displacement_rank,/root/autodl-tmp/cycle09_stage4_state_displacement/cells/llama/sft/step_020/E_ood.L14.main.direction.pt,stage4_direction_singular_values,128,0.023970786167614264,0.02712851339787826,0.02602921383238574,-0.02287148660212174,-0.02287148660212174,1.191097094974188,2.3395022179952556,0.8395621181677644,0.9695358399206484,0
llama,sft,20,E_ood,14,self_attn.v_proj,0.05,7,displacement_rank,/root/autodl-tmp/cycle09_stage4_state_displacement/cells/llama/sft/step_020/E_ood.L14.main.direction.pt,stage4_direction_singular_values,128,0.04465553162129236,0.05141187541204471,0.00534446837870764,0.0014118754120447038,0.0014118754120447038,1.191097094974188,2.3395022179952556,0.8395621181677644,0.9695358399206484,0
llama,sft,20,E_ood,14,self_attn.v_proj,0.1,3,displacement_rank,/root/autodl-tmp/cycle09_stage4_state_displacement/cells/llama/sft/step_020/E_ood.L14.main.direction.pt,stage4_direction_singular_values,128,0.09180138377948069,0.11239132186659372,-0.041801383779480686,0.06239132186659371,-0.041801383779480686,1.191097094974188,2.3395022179952556,0.8395621181677644,0.9695358399206484,0
llama,sft,20,E_ood,14,self_attn.o_proj,0.01,21,displacement_rank,/root/autodl-tmp/cycle09_stage4_state_displacement/cells/llama/sft/step_020/E_ood.L14.main.direction.pt,stage4_direction_singular_values,128,0.00979697312536833,0.0113715489283122,0.040203026874631675,-0.0386284510716878,-0.0386284510716878,1.2508426811446838,2.7976485822959147,0.7994610473995578,0.9596348962058211,0
llama,sft,20,E_ood,14,self_attn.o_proj,0.025,15,displacement_rank,/root/autodl-tmp/cycle09_stage4_state_displacement/cells/llama/sft/step_020/E_ood.L14.main.direction.pt,stage4_direction_singular_values,128,0.022231079088634607,0.025062101013393775,0.027768920911365395,-0.024937898986606227,-0.024937898986606227,1.2508426811446838,2.7976485822959147,0.7994610473995578,0.9596348962058211,0
llama,sft,20,E_ood,14,self_attn.o_proj,0.05,9,displacement_rank,/root/autodl-tmp/cycle09_stage4_state_displacement/cells/llama/sft/step_020/E_ood.L14.main.direction.pt,stage4_direction_singular_values,128,0.04610615207929384,0.05224852299016199,0.003893847920706163,0.00224852299016199,0.00224852299016199,1.2508426811446838,2.7976485822959147,0.7994610473995578,0.9596348962058211,0
llama,sft,20,E_ood,14,self_attn.o_proj,0.1,4,displacement_rank,/root/autodl-tmp/cycle09_stage4_state_displacement/cells/llama/sft/step_020/E_ood.L14.main.direction.pt,stage4_direction_singular_values,128,0.09639355905055037,0.1209743359213475,-0.04639355905055037,0.0709743359213475,-0.04639355905055037,1.2508426811446838,2.7976485822959147,0.7994610473995578,0.9596348962058211,0
llama,sft,20,E_ood,14,mlp.gate_proj,0.01,24,displacement_rank,/root/autodl-tmp/cycle09_stage4_state_displacement/cells/llama/sft/step_020/E_ood.L14.main.direction.pt,stage4_direction_singular_values,128,0.009539900626321507,0.011219927610530527,0.0404600993736785,-0.038780072389469476,-0.038780072389469476,1.2064430567001494,2.5970401026600483,0.8288828838181469,0.9495871629316178,0
llama,sft,20,E_ood,14,mlp.gate_proj,0.025,17,displacement_rank,/root/autodl-tmp/cycle09_stage4_state_displacement/cells/llama/sft/step_020/E_ood.L14.main.direction.pt,stage4_direction_singular_values,128,0.02454393135088144,0.027251470342163797,0.025456068649118563,-0.022748529657836206,-0.022748529657836206,1.2064430567001494,2.5970401026600483,0.8288828838181469,0.9495871629316178,0
llama,sft,20,E_ood,14,mlp.gate_proj,0.05,11,displacement_rank,/root/autodl-tmp/cycle09_stage4_state_displacement/cells/llama/sft/step_020/E_ood.L14.main.direction.pt,stage4_direction_singular_values,128,0.045166506569223136,0.05041283706838224,0.004833493430776867,0.0004128370683822366,0.0004128370683822366,1.2064430567001494,2.5970401026600483,0.8288828838181469,0.9495871629316178,0
llama,sft,20,E_ood,14,mlp.gate_proj,0.1,4,displacement_rank,/root/autodl-tmp/cycle09_stage4_state_displacement/cells/llama/sft/step_020/E_ood.L14.main.direction.pt,stage4_direction_singular_values,128,0.09769251908696365,0.116542883663382,-0.04769251908696365,0.066542883663382,-0.04769251908696365,1.2064430567001494,2.5970401026600483,0.8288828838181469,0.9495871629316178,0
llama,sft,20,E_ood,14,mlp.up_proj,0.01,24,displacement_rank,/root/autodl-tmp/cycle09_stage4_state_displacement/cells/llama/sft/step_020/E_ood.L14.main.direction.pt,stage4_direction_singular_values,128,0.009684107406816382,0.011486589896855843,0.04031589259318362,-0.03851341010314416,-0.03851341010314416,1.2579438700314853,2.9531492201698204,0.7949480289410455,0.9458031824222215,0
llama,sft,20,E_ood,14,mlp.up_proj,0.025,18,displacement_rank,/root/autodl-tmp/cycle09_stage4_state_displacement/cells/llama/sft/step_020/E_ood.L14.main.direction.pt,stage4_direction_singular_values,128,0.022384193353064352,0.025188456958603903,0.02761580664693565,-0.0248115430413961,-0.0248115430413961,1.2579438700314853,2.9531492201698204,0.7949480289410455,0.9458031824222215,0
llama,sft,20,E_ood,14,mlp.up_proj,0.05,11,displacement_rank,/root/autodl-tmp/cycle09_stage4_state_displacement/cells/llama/sft/step_020/E_ood.L14.main.direction.pt,stage4_direction_singular_values,128,0.04855983126777417,0.05419681757777843,0.0014401687322258341,0.004196817577778428,0.0014401687322258341,1.2579438700314853,2.9531492201698204,0.7949480289410455,0.9458031824222215,0
llama,sft,20,E_ood,14,mlp.up_proj,0.1,5,displacement_rank,/root/autodl-tmp/cycle09_stage4_state_displacement/cells/llama/sft/step_020/E_ood.L14.main.direction.pt,stage4_direction_singular_values,128,0.09691813393527757,0.11044892513668327,-0.046918133935277564,0.06044892513668326,-0.046918133935277564,1.2579438700314853,2.9531492201698204,0.7949480289410455,0.9458031824222215,0
llama,sft,20,E_ood,14,mlp.down_proj,0.01,21,displacement_rank,/root/autodl-tmp/cycle09_stage4_state_displacement/cells/llama/sft/step_020/E_ood.L14.main.direction.pt,stage4_direction_singular_values,128,0.009928198095670382,0.011344496268580369,0.04007180190432962,-0.038655503731419634,-0.038655503731419634,1.1547260442225924,2.1605694889521625,0.866006274824467,0.9640280945334005,0
llama,sft,20,E_ood,14,mlp.down_proj,0.025,14,displacement_rank,/root/autodl-tmp/cycle09_stage4_state_displacement/cells/llama/sft/step_020/E_ood.L14.main.direction.pt,stage4_direction_singular_values,128,0.02275355902089671,0.025446615664670026,0.027246440979103292,-0.024553384335329977,-0.024553384335329977,1.1547260442225924,2.1605694889521625,0.866006274824467,0.9640280945334005,0
llama,sft,20,E_ood,14,mlp.down_proj,0.05,8,displacement_rank,/root/autodl-tmp/cycle09_stage4_state_displacement/cells/llama/sft/step_020/E_ood.L14.main.direction.pt,stage4_direction_singular_values,128,0.04490796284155095,0.050586172278948946,0.005092037158449053,0.0005861722789489432,0.0005861722789489432,1.1547260442225924,2.1605694889521625,0.866006274824467,0.9640280945334005,0
llama,sft,20,E_ood,14,mlp.down_proj,0.1,3,displacement_rank,/root/autodl-tmp/cycle09_stage4_state_displacement/cells/llama/sft/step_020/E_ood.L14.main.direction.pt,stage4_direction_singular_values,128,0.08525292550576576,0.10284583624969272,-0.03525292550576575,0.05284583624969272,-0.03525292550576575,1.1547260442225924,2.1605694889521625,0.866006274824467,0.9640280945334005,0
llama,sft,20,E_if,14,self_attn.q_proj,0.01,25,displacement_rank,/root/autodl-tmp/cycle09_stage4_state_displacement/cells/llama/sft/step_020/E_if.L14.main.direction.pt,stage4_direction_singular_values,128,0.009871129117914951,0.012050254512963581,0.040128870882085055,-0.03794974548703642,-0.03794974548703642,1.391566624429446,3.903587061743123,0.7186145330339525,0.932163108140767,0
llama,sft,20,E_if,14,self_attn.q_proj,0.025,20,displacement_rank,/root/autodl-tmp/cycle09_stage4_state_displacement/cells/llama/sft/step_020/E_if.L14.main.direction.pt,stage4_direction_singular_values,128,0.02212934743535007,0.025029742282747562,0.027870652564649934,-0.02497025771725244,-0.02497025771725244,1.391566624429446,3.903587061743123,0.7186145330339525,0.932163108140767,0
llama,sft,20,E_if,14,self_attn.q_proj,0.05,13,displacement_rank,/root/autodl-tmp/cycle09_stage4_state_displacement/cells/llama/sft/step_020/E_if.L14.main.direction.pt,stage4_direction_singular_values,128,0.049676596830113565,0.055218343023124526,0.00032340316988643814,0.005218343023124523,0.00032340316988643814,1.391566624429446,3.903587061743123,0.7186145330339525,0.932163108140767,0
llama,sft,20,E_if,14,self_attn.q_proj,0.1,7,displacement_rank,/root/autodl-tmp/cycle09_stage4_state_displacement/cells/llama/sft/step_020/E_if.L14.main.direction.pt,stage4_direction_singular_values,128,0.0945449004523548,0.10663930203843894,-0.04454490045235479,0.056639302038438935,-0.04454490045235479,1.391566624429446,3.903587061743123,0.7186145330339525,0.932163108140767,0
llama,sft,20,E_if,14,self_attn.k_proj,0.01,27,displacement_rank,/root/autodl-tmp/cycle09_stage4_state_displacement/cells/llama/sft/step_020/E_if.L14.main.direction.pt,stage4_direction_singular_values,128,0.009939803345590387,0.013098888377945764,0.040060196654409616,-0.03690111162205424,-0.03690111162205424,1.6458597423051935,6.250401131697788,0.6075851874227135,0.8811082624092448,0
llama,sft,20,E_if,14,self_attn.k_proj,0.025,23,displacement_rank,/root/autodl-tmp/cycle09_stage4_state_displacement/cells/llama/sft/step_020/E_if.L14.main.direction.pt,stage4_direction_singular_values,128,0.023958236027243233,0.028258621369521144,0.02604176397275677,-0.02174137863047886,-0.02174137863047886,1.6458597423051935,6.250401131697788,0.6075851874227135,0.8811082624092448,0
llama,sft,20,E_if,14,self_attn.k_proj,0.05,18,displacement_rank,/root/autodl-tmp/cycle09_stage4_state_displacement/cells/llama/sft/step_020/E_if.L14.main.direction.pt,stage4_direction_singular_values,128,0.04810594979170715,0.054042376951080155,0.0018940502082928495,0.0040423769510801524,0.0018940502082928495,1.6458597423051935,6.250401131697788,0.6075851874227135,0.8811082624092448,0
llama,sft,20,E_if,14,self_attn.k_proj,0.1,12,displacement_rank,/root/autodl-tmp/cycle09_stage4_state_displacement/cells/llama/sft/step_020/E_if.L14.main.direction.pt,stage4_direction_singular_values,128,0.09447336214754566,0.105233821552885,-0.04447336214754566,0.055233821552885004,-0.04447336214754566,1.6458597423051935,6.250401131697788,0.6075851874227135,0.8811082624092448,0
llama,sft,20,E_if,14,self_attn.v_proj,0.01,19,displacement_rank,/root/autodl-tmp/cycle09_stage4_state_displacement/cells/llama/sft/step_020/E_if.L14.main.direction.pt,stage4_direction_singular_values,128,0.009648027653454481,0.011033615139586178,0.04035197234654552,-0.03896638486041382,-0.03896638486041382,1.1585361708834645,2.145890887829199,0.8631582035435547,0.9706497843161737,0
llama,sft,20,E_if,14,self_attn.v_proj,0.025,12,displacement_rank,/root/autodl-tmp/cycle09_stage4_state_displacement/cells/llama/sft/step_020/E_if.L14.main.direction.pt,stage4_direction_singular_values,128,0.023098834940967733,0.026119050329578224,0.02690116505903227,-0.02388094967042178,-0.02388094967042178,1.1585361708834645,2.145890887829199,0.8631582035435547,0.9706497843161737,0
llama,sft,20,E_if,14,self_attn.v_proj,0.05,6,displacement_rank,/root/autodl-tmp/cycle09_stage4_state_displacement/cells/llama/sft/step_020/E_if.L14.main.direction.pt,stage4_direction_singular_values,128,0.047159624283913536,0.05685580269662792,0.002840375716086467,0.006855802696627916,0.002840375716086467,1.1585361708834645,2.145890887829199,0.8631582035435547,0.9706497843161737,0
llama,sft,20,E_if,14,self_attn.v_proj,0.1,3,displacement_rank,/root/autodl-tmp/cycle09_stage4_state_displacement/cells/llama/sft/step_020/E_if.L14.main.direction.pt,stage4_direction_singular_values,128,0.08391671058994436,0.10464265749416007,-0.03391671058994436,0.05464265749416007,-0.03391671058994436,1.1585361708834645,2.145890887829199,0.8631582035435547,0.9706497843161737,0
llama,sft,20,E_if,14,self_attn.o_proj,0.01,25,displacement_rank,/root/autodl-tmp/cycle09_stage4_state_displacement/cells/llama/sft/step_020/E_if.L14.main.direction.pt,stage4_direction_singular_values,128,0.008995222711847538,0.011127684775468537,0.041004777288152466,-0.03887231522453147,-0.03887231522453147,2.0957976958526934,6.18345025536521,0.47714529030109526,0.9259748042528199,0
llama,sft,20,E_if,14,self_attn.o_proj,0.025,19,displacement_rank,/root/autodl-tmp/cycle09_stage4_state_displacement/cells/llama/sft/step_020/E_if.L14.main.direction.pt,stage4_direction_singular_values,128,0.024878915952544836,0.02847916173281402,0.025121084047455167,-0.021520838267185982,-0.021520838267185982,2.0957976958526934,6.18345025536521,0.47714529030109526,0.9259748042528199,0
llama,sft,20,E_if,14,self_attn.o_proj,0.05,14,displacement_rank,/root/autodl-tmp/cycle09_stage4_state_displacement/cells/llama/sft/step_020/E_if.L14.main.direction.pt,stage4_direction_singular_values,128,0.04582333192418042,0.051337131937138285,0.004176668075819581,0.001337131937138282,0.001337131937138282,2.0957976958526934,6.18345025536521,0.47714529030109526,0.9259748042528199,0
llama,sft,20,E_if,14,self_attn.o_proj,0.1,8,displacement_rank,/root/autodl-tmp/cycle09_stage4_state_displacement/cells/llama/sft/step_020/E_if.L14.main.direction.pt,stage4_direction_singular_values,128,0.09449526761350531,0.10692975553698042,-0.04449526761350531,0.05692975553698042,-0.04449526761350531,2.0957976958526934,6.18345025536521,0.47714529030109526,0.9259748042528199,0
llama,sft,20,E_if,14,mlp.gate_proj,0.01,24,displacement_rank,/root/autodl-tmp/cycle09_stage4_state_displacement/cells/llama/sft/step_020/E_if.L14.main.direction.pt,stage4_direction_singular_values,128,0.00951997824978996,0.011257066008801879,0.040480021750210045,-0.038742933991198124,-0.038742933991198124,1.2009794253987023,2.585568840002631,0.8326537314892127,0.9479363457453948,0
llama,sft,20,E_if,14,mlp.gate_proj,0.025,17,displacement_rank,/root/autodl-tmp/cycle09_stage4_state_displacement/cells/llama/sft/step_020/E_if.L14.main.direction.pt,stage4_direction_singular_values,128,0.024438354588825133,0.02727403120013567,0.02556164541117487,-0.022725968799864334,-0.022725968799864334,1.2009794253987023,2.585568840002631,0.8326537314892127,0.9479363457453948,0
llama,sft,20,E_if,14,mlp.gate_proj,0.05,11,displacement_rank,/root/autodl-tmp/cycle09_stage4_state_displacement/cells/llama/sft/step_020/E_if.L14.main.direction.pt,stage4_direction_singular_values,128,0.04677596196763443,0.05206365425460537,0.003224038032365574,0.0020636542546053696,0.0020636542546053696,1.2009794253987023,2.585568840002631,0.8326537314892127,0.9479363457453948,0
llama,sft,20,E_if,14,mlp.gate_proj,0.1,5,displacement_rank,/root/autodl-tmp/cycle09_stage4_state_displacement/cells/llama/sft/step_020/E_if.L14.main.direction.pt,stage4_direction_singular_values,128,0.09196221822604385,0.10628993773819302,-0.041962218226043846,0.05628993773819302,-0.041962218226043846,1.2009794253987023,2.585568840002631,0.8326537314892127,0.9479363457453948,0
llama,sft,20,E_if,14,mlp.up_proj,0.01,24,displacement_rank,/root/autodl-tmp/cycle09_stage4_state_displacement/cells/llama/sft/step_020/E_if.L14.main.direction.pt,stage4_direction_singular_values,128,0.009550186527584305,0.01131141260789359,0.0404498134724157,-0.03868858739210641,-0.03868858739210641,1.2378987466854803,2.814310769517071,0.8078205125237722,0.9467349805840839,0
llama,sft,20,E_if,14,mlp.up_proj,0.025,18,displacement_rank,/root/autodl-tmp/cycle09_stage4_state_displacement/cells/llama/sft/step_020/E_if.L14.main.direction.pt,stage4_direction_singular_values,128,0.022352625115432505,0.02513791229438705,0.027647374884567498,-0.02486208770561295,-0.02486208770561295,1.2378987466854803,2.814310769517071,0.8078205125237722,0.9467349805840839,0
llama,sft,20,E_if,14,mlp.up_proj,0.05,11,displacement_rank,/root/autodl-tmp/cycle09_stage4_state_displacement/cells/llama/sft/step_020/E_if.L14.main.direction.pt,stage4_direction_singular_values,128,0.048132589576828214,0.05326501941591622,0.0018674104231717892,0.003265019415916219,0.0018674104231717892,1.2378987466854803,2.814310769517071,0.8078205125237722,0.9467349805840839,0
llama,sft,20,E_if,14,mlp.up_proj,0.1,5,displacement_rank,/root/autodl-tmp/cycle09_stage4_state_displacement/cells/llama/sft/step_020/E_if.L14.main.direction.pt,stage4_direction_singular_values,128,0.09458993437796769,0.10732584560258446,-0.04458993437796768,0.057325845602584455,-0.04458993437796768,1.2378987466854803,2.814310769517071,0.8078205125237722,0.9467349805840839,0
llama,sft,20,E_if,14,mlp.down_proj,0.01,21,displacement_rank,/root/autodl-tmp/cycle09_stage4_state_displacement/cells/llama/sft/step_020/E_if.L14.main.direction.pt,stage4_direction_singular_values,128,0.008998625386037773,0.010334234186923742,0.04100137461396223,-0.039665765813076265,-0.039665765813076265,1.13808345597011,2.0322690621300663,0.878670184294695,0.9686822135468238,0
llama,sft,20,E_if,14,mlp.down_proj,0.025,13,displacement_rank,/root/autodl-tmp/cycle09_stage4_state_displacement/cells/llama/sft/step_020/E_if.L14.main.direction.pt,stage4_direction_singular_values,128,0.023153655512532564,0.025689655207268614,0.02684634448746744,-0.02431034479273139,-0.02431034479273139,1.13808345597011,2.0322690621300663,0.878670184294695,0.9686822135468238,0
llama,sft,20,E_if,14,mlp.down_proj,0.05,7,displacement_rank,/root/autodl-tmp/cycle09_stage4_state_displacement/cells/llama/sft/step_020/E_if.L14.main.direction.pt,stage4_direction_singular_values,128,0.04446690892484894,0.050069325219444,0.005533091075151063,6.932521944399972e-05,6.932521944399972e-05,1.13808345597011,2.0322690621300663,0.878670184294695,0.9686822135468238,0
llama,sft,20,E_if,14,mlp.down_proj,0.1,2,displacement_rank,/root/autodl-tmp/cycle09_stage4_state_displacement/cells/llama/sft/step_020/E_if.L14.main.direction.pt,stage4_direction_singular_values,128,0.09327587545006745,0.12132981570530518,-0.04327587545006745,0.07132981570530518,-0.04327587545006745,1.13808345597011,2.0322690621300663,0.878670184294695,0.9686822135468238,0
llama,sft,40,E_general,14,self_attn.q_proj,0.01,26,displacement_rank,/root/autodl-tmp/cycle09_stage4_state_displacement/cells/llama/sft/step_040/E_general.L14.main.direction.pt,stage4_direction_singular_values,128,0.008257689926120798,0.010197843549143973,0.041742310073879206,-0.03980215645085603,-0.03980215645085603,1.385434525790462,3.952876753298935,0.7217952067633426,0.9292015078474148,0
llama,sft,40,E_general,14,self_attn.q_proj,0.025,20,displacement_rank,/root/autodl-tmp/cycle09_stage4_state_displacement/cells/llama/sft/step_040/E_general.L14.main.direction.pt,stage4_direction_singular_values,128,0.022515913098395016,0.025374402817841535,0.027484086901604986,-0.024625597182158468,-0.024625597182158468,1.385434525790462,3.952876753298935,0.7217952067633426,0.9292015078474148,0
llama,sft,40,E_general,14,self_attn.q_proj,0.05,14,displacement_rank,/root/autodl-tmp/cycle09_stage4_state_displacement/cells/llama/sft/step_040/E_general.L14.main.direction.pt,stage4_direction_singular_values,128,0.04540076651536721,0.050686628625719356,0.004599233484632793,0.000686628625719353,0.000686628625719353,1.385434525790462,3.952876753298935,0.7217952067633426,0.9292015078474148,0
llama,sft,40,E_general,14,self_attn.q_proj,0.1,8,displacement_rank,/root/autodl-tmp/cycle09_stage4_state_displacement/cells/llama/sft/step_040/E_general.L14.main.direction.pt,stage4_direction_singular_values,128,0.090705202927432,0.1041716714681579,-0.040705202927432,0.05417167146815789,-0.040705202927432,1.385434525790462,3.952876753298935,0.7217952067633426,0.9292015078474148,0
llama,sft,40,E_general,14,self_attn.k_proj,0.01,28,displacement_rank,/root/autodl-tmp/cycle09_stage4_state_displacement/cells/llama/sft/step_040/E_general.L14.main.direction.pt,stage4_direction_singular_values,128,0.009025379226661216,0.012198131808276292,0.040974620773338785,-0.03780186819172371,-0.03780186819172371,1.8155798949791377,7.601299740872068,0.5507882097424804,0.8599995422193057,0
llama,sft,40,E_general,14,self_attn.k_proj,0.025,24,displacement_rank,/root/autodl-tmp/cycle09_stage4_state_displacement/cells/llama/sft/step_040/E_general.L14.main.direction.pt,stage4_direction_singular_values,128,0.02292460189325172,0.02712733590455244,0.027075398106748284,-0.022872664095447564,-0.022872664095447564,1.8155798949791377,7.601299740872068,0.5507882097424804,0.8599995422193057,0
llama,sft,40,E_general,14,self_attn.k_proj,0.05,19,displacement_rank,/root/autodl-tmp/cycle09_stage4_state_displacement/cells/llama/sft/step_040/E_general.L14.main.direction.pt,stage4_direction_singular_values,128,0.0493311989993239,0.0557031152324593,0.0006688010006761017,0.0057031152324592965,0.0006688010006761017,1.8155798949791377,7.601299740872068,0.5507882097424804,0.8599995422193057,0
llama,sft,40,E_general,14,self_attn.k_proj,0.1,13,displacement_rank,/root/autodl-tmp/cycle09_stage4_state_displacement/cells/llama/sft/step_040/E_general.L14.main.direction.pt,stage4_direction_singular_values,128,0.09922675453905275,0.11122246408698969,-0.049226754539052744,0.061222464086989684,-0.049226754539052744,1.8155798949791377,7.601299740872068,0.5507882097424804,0.8599995422193057,0
llama,sft,40,E_general,14,self_attn.v_proj,0.01,21,displacement_rank,/root/autodl-tmp/cycle09_stage4_state_displacement/cells/llama/sft/step_040/E_general.L14.main.direction.pt,stage4_direction_singular_values,128,0.009574818222824215,0.011305653354706478,0.04042518177717579,-0.038694346645293524,-0.038694346645293524,1.227217982415024,2.644596857821783,0.8148511628163359,0.9598742479692509,0
llama,sft,40,E_general,14,self_attn.v_proj,0.025,14,displacement_rank,/root/autodl-tmp/cycle09_stage4_state_displacement/cells/llama/sft/step_040/E_general.L14.main.direction.pt,stage4_direction_singular_values,128,0.024925604144549918,0.028019812464456124,0.025074395855450085,-0.02198018753554388,-0.02198018753554388,1.227217982415024,2.644596857821783,0.8148511628163359,0.9598742479692509,0
llama,sft,40,E_general,14,self_attn.v_proj,0.05,9,displacement_rank,/root/autodl-tmp/cycle09_stage4_state_displacement/cells/llama/sft/step_040/E_general.L14.main.direction.pt,stage4_direction_singular_values,128,0.04565365432657615,0.05153725709290903,0.004346345673423853,0.001537257092909028,0.001537257092909028,1.227217982415024,2.644596857821783,0.8148511628163359,0.9598742479692509,0
llama,sft,40,E_general,14,self_attn.v_proj,0.1,4,displacement_rank,/root/autodl-tmp/cycle09_stage4_state_displacement/cells/llama/sft/step_040/E_general.L14.main.direction.pt,stage4_direction_singular_values,128,0.09248218795207234,0.11057874104514041,-0.04248218795207234,0.06057874104514041,-0.04248218795207234,1.227217982415024,2.644596857821783,0.8148511628163359,0.9598742479692509,0
llama,sft,40,E_general,14,self_attn.o_proj,0.01,25,displacement_rank,/root/autodl-tmp/cycle09_stage4_state_displacement/cells/llama/sft/step_040/E_general.L14.main.direction.pt,stage4_direction_singular_values,128,0.009669929418971369,0.011768365339778101,0.04033007058102864,-0.038231634660221905,-0.038231634660221905,1.801784251281273,6.216797151831566,0.5550054060517438,0.9182881934591821,0
llama,sft,40,E_general,14,self_attn.o_proj,0.025,20,displacement_rank,/root/autodl-tmp/cycle09_stage4_state_displacement/cells/llama/sft/step_040/E_general.L14.main.direction.pt,stage4_direction_singular_values,128,0.022768426979064112,0.026339272197120577,0.02723157302093589,-0.023660727802879426,-0.023660727802879426,1.801784251281273,6.216797151831566,0.5550054060517438,0.9182881934591821,0
llama,sft,40,E_general,14,self_attn.o_proj,0.05,15,displacement_rank,/root/autodl-tmp/cycle09_stage4_state_displacement/cells/llama/sft/step_040/E_general.L14.main.direction.pt,stage4_direction_singular_values,128,0.04428861641291909,0.05050484845017717,0.005711383587080912,0.0005048484501771686,0.0005048484501771686,1.801784251281273,6.216797151831566,0.5550054060517438,0.9182881934591821,0
llama,sft,40,E_general,14,self_attn.o_proj,0.1,9,displacement_rank,/root/autodl-tmp/cycle09_stage4_state_displacement/cells/llama/sft/step_040/E_general.L14.main.direction.pt,stage4_direction_singular_values,128,0.09240224958057723,0.10441586630396305,-0.04240224958057723,0.05441586630396304,-0.04240224958057723,1.801784251281273,6.216797151831566,0.5550054060517438,0.9182881934591821,0
llama,sft,40,E_general,14,mlp.gate_proj,0.01,20,displacement_rank,/root/autodl-tmp/cycle09_stage4_state_displacement/cells/llama/sft/step_040/E_general.L14.main.direction.pt,stage4_direction_singular_values,128,0.009534677529216768,0.010912525295856476,0.04046532247078324,-0.039087474704143525,-0.039087474704143525,1.102928373652364,1.7964492732346955,0.9066771912744296,0.9708536773501679,0
llama,sft,40,E_general,14,mlp.gate_proj,0.025,12,displacement_rank,/root/autodl-tmp/cycle09_stage4_state_displacement/cells/llama/sft/step_040/E_general.L14.main.direction.pt,stage4_direction_singular_values,128,0.023665231665458007,0.026280555361238245,0.026334768334541996,-0.023719444638761758,-0.023719444638761758,1.102928373652364,1.7964492732346955,0.9066771912744296,0.9708536773501679,0
llama,sft,40,E_general,14,mlp.gate_proj,0.05,5,displacement_rank,/root/autodl-tmp/cycle09_stage4_state_displacement/cells/llama/sft/step_040/E_general.L14.main.direction.pt,stage4_direction_singular_values,128,0.04911523919330693,0.05597083358838793,0.0008847608066930718,0.0059708335883879304,0.0008847608066930718,1.102928373652364,1.7964492732346955,0.9066771912744296,0.9708536773501679,0
llama,sft,40,E_general,14,mlp.gate_proj,0.1,1,displacement_rank,/root/autodl-tmp/cycle09_stage4_state_displacement/cells/llama/sft/step_040/E_general.L14.main.direction.pt,stage4_direction_singular_values,128,0.0933228087255701,0.9999999999999996,-0.043322808725570094,0.9499999999999995,-0.043322808725570094,1.102928373652364,1.7964492732346955,0.9066771912744296,0.9708536773501679,0
llama,sft,40,E_general,14,mlp.up_proj,0.01,25,displacement_rank,/root/autodl-tmp/cycle09_stage4_state_displacement/cells/llama/sft/step_040/E_general.L14.main.direction.pt,stage4_direction_singular_values,128,0.009697911967869326,0.01178940861217631,0.04030208803213067,-0.03821059138782369,-0.03821059138782369,1.3173471264647398,3.4685281324563753,0.7591013635742471,0.9323933946225386,0
llama,sft,40,E_general,14,mlp.up_proj,0.025,19,displacement_rank,/root/autodl-tmp/cycle09_stage4_state_displacement/cells/llama/sft/step_040/E_general.L14.main.direction.pt,stage4_direction_singular_values,128,0.024417444503441778,0.027741981516912165,0.025582555496558225,-0.022258018483087838,-0.022258018483087838,1.3173471264647398,3.4685281324563753,0.7591013635742471,0.9323933946225386,0
llama,sft,40,E_general,14,mlp.up_proj,0.05,13,displacement_rank,/root/autodl-tmp/cycle09_stage4_state_displacement/cells/llama/sft/step_040/E_general.L14.main.direction.pt,stage4_direction_singular_values,128,0.04910729972466715,0.05494531406259134,0.00089270027533285,0.004945314062591334,0.00089270027533285,1.3173471264647398,3.4685281324563753,0.7591013635742471,0.9323933946225386,0
llama,sft,40,E_general,14,mlp.up_proj,0.1,7,displacement_rank,/root/autodl-tmp/cycle09_stage4_state_displacement/cells/llama/sft/step_040/E_general.L14.main.direction.pt,stage4_direction_singular_values,128,0.09479763647263362,0.10687491586540206,-0.044797636472633615,0.056874915865402054,-0.044797636472633615,1.3173471264647398,3.4685281324563753,0.7591013635742471,0.9323933946225386,0
llama,sft,40,E_general,14,mlp.down_proj,0.01,27,displacement_rank,/root/autodl-tmp/cycle09_stage4_state_displacement/cells/llama/sft/step_040/E_general.L14.main.direction.pt,stage4_direction_singular_values,128,0.008469344212537932,0.010684665992441916,0.04153065578746207,-0.039315334007558086,-0.039315334007558086,1.5277313868916085,4.963458496007946,0.6545653303848429,0.9144012866543136,0
llama,sft,40,E_general,14,mlp.down_proj,0.025,21,displacement_rank,/root/autodl-tmp/cycle09_stage4_state_displacement/cells/llama/sft/step_040/E_general.L14.main.direction.pt,stage4_direction_singular_values,128,0.024405865437573542,0.027843227742085024,0.02559413456242646,-0.02215677225791498,-0.02215677225791498,1.5277313868916085,4.963458496007946,0.6545653303848429,0.9144012866543136,0
llama,sft,40,E_general,14,mlp.down_proj,0.05,16,displacement_rank,/root/autodl-tmp/cycle09_stage4_state_displacement/cells/llama/sft/step_040/E_general.L14.main.direction.pt,stage4_direction_singular_values,128,0.045013388875512594,0.05037860897547498,0.004986611124487408,0.00037860897547497413,0.00037860897547497413,1.5277313868916085,4.963458496007946,0.6545653303848429,0.9144012866543136,0
llama,sft,40,E_general,14,mlp.down_proj,0.1,9,displacement_rank,/root/autodl-tmp/cycle09_stage4_state_displacement/cells/llama/sft/step_040/E_general.L14.main.direction.pt,stage4_direction_singular_values,128,0.09596059377588458,0.10818793167953437,-0.04596059377588457,0.05818793167953437,-0.04596059377588457,1.5277313868916085,4.963458496007946,0.6545653303848429,0.9144012866543136,0
llama,sft,40,E_math,14,self_attn.q_proj,0.01,24,displacement_rank,/root/autodl-tmp/cycle09_stage4_state_displacement/cells/llama/sft/step_040/E_math.L14.main.direction.pt,stage4_direction_singular_values,128,0.008773627433560895,0.010400547792856527,0.04122637256643911,-0.039599452207143476,-0.039599452207143476,1.3751115409151407,3.733317215934579,0.7272137352105249,0.941447876274572,0
llama,sft,40,E_math,14,self_attn.q_proj,0.025,17,displacement_rank,/root/autodl-tmp/cycle09_stage4_state_displacement/cells/llama/sft/step_040/E_math.L14.main.direction.pt,stage4_direction_singular_values,128,0.024447251098565676,0.027649230103787933,0.025552748901434327,-0.02235076989621207,-0.02235076989621207,1.3751115409151407,3.733317215934579,0.7272137352105249,0.941447876274572,0
llama,sft,40,E_math,14,self_attn.q_proj,0.05,12,displacement_rank,/root/autodl-tmp/cycle09_stage4_state_displacement/cells/llama/sft/step_040/E_math.L14.main.direction.pt,stage4_direction_singular_values,128,0.045404759967085664,0.051550484438248376,0.004595240032914338,0.001550484438248373,0.001550484438248373,1.3751115409151407,3.733317215934579,0.7272137352105249,0.941447876274572,0
llama,sft,40,E_math,14,self_attn.q_proj,0.1,6,displacement_rank,/root/autodl-tmp/cycle09_stage4_state_displacement/cells/llama/sft/step_040/E_math.L14.main.direction.pt,stage4_direction_singular_values,128,0.09984952546486026,0.11498658100171184,-0.04984952546486025,0.06498658100171184,-0.04984952546486025,1.3751115409151407,3.733317215934579,0.7272137352105249,0.941447876274572,0
llama,sft,40,E_math,14,self_attn.k_proj,0.01,28,displacement_rank,/root/autodl-tmp/cycle09_stage4_state_displacement/cells/llama/sft/step_040/E_math.L14.main.direction.pt,stage4_direction_singular_values,128,0.007500992727814188,0.010166875077067521,0.042499007272185814,-0.03983312492293248,-0.03983312492293248,1.8101952288362746,7.281450079280816,0.5524266024294369,0.8750600576828165,0
llama,sft,40,E_math,14,self_attn.k_proj,0.025,23,displacement_rank,/root/autodl-tmp/cycle09_stage4_state_displacement/cells/llama/sft/step_040/E_math.L14.main.direction.pt,stage4_direction_singular_values,128,0.023127525628203558,0.02720890920947353,0.026872474371796445,-0.022791090790526474,-0.022791090790526474,1.8101952288362746,7.281450079280816,0.5524266024294369,0.8750600576828165,0
llama,sft,40,E_math,14,self_attn.k_proj,0.05,18,displacement_rank,/root/autodl-tmp/cycle09_stage4_state_displacement/cells/llama/sft/step_040/E_math.L14.main.direction.pt,stage4_direction_singular_values,128,0.047567585948321806,0.0543657165446347,0.0024324140516781972,0.004365716544634697,0.0024324140516781972,1.8101952288362746,7.281450079280816,0.5524266024294369,0.8750600576828165,0
llama,sft,40,E_math,14,self_attn.k_proj,0.1,12,displacement_rank,/root/autodl-tmp/cycle09_stage4_state_displacement/cells/llama/sft/step_040/E_math.L14.main.direction.pt,stage4_direction_singular_values,128,0.09875123249204405,0.11093831008495587,-0.04875123249204405,0.06093831008495587,-0.04875123249204405,1.8101952288362746,7.281450079280816,0.5524266024294369,0.8750600576828165,0
llama,sft,40,E_math,14,self_attn.v_proj,0.01,17,displacement_rank,/root/autodl-tmp/cycle09_stage4_state_displacement/cells/llama/sft/step_040/E_math.L14.main.direction.pt,stage4_direction_singular_values,128,0.009616700242733773,0.01095555146847486,0.04038329975726623,-0.03904444853152514,-0.03904444853152514,1.1714332024549425,2.148246301351283,0.8536551618174436,0.9769964618091425,0
llama,sft,40,E_math,14,self_attn.v_proj,0.025,10,displacement_rank,/root/autodl-tmp/cycle09_stage4_state_displacement/cells/llama/sft/step_040/E_math.L14.main.direction.pt,stage4_direction_singular_values,128,0.023003538190857667,0.02640558420505024,0.026996461809142336,-0.023594415794949763,-0.023594415794949763,1.1714332024549425,2.148246301351283,0.8536551618174436,0.9769964618091425,0
llama,sft,40,E_math,14,self_attn.v_proj,0.05,5,displacement_rank,/root/autodl-tmp/cycle09_stage4_state_displacement/cells/llama/sft/step_040/E_math.L14.main.direction.pt,stage4_direction_singular_values,128,0.04990281192463588,0.06103035555203685,9.718807536412272e-05,0.011030355552036845,9.718807536412272e-05,1.1714332024549425,2.148246301351283,0.8536551618174436,0.9769964618091425,0
llama,sft,40,E_math,14,self_attn.v_proj,0.1,2,displacement_rank,/root/autodl-tmp/cycle09_stage4_state_displacement/cells/llama/sft/step_040/E_math.L14.main.direction.pt,stage4_direction_singular_values,128,0.09273685659628544,0.1463448381825565,-0.04273685659628544,0.0963448381825565,-0.04273685659628544,1.1714332024549425,2.148246301351283,0.8536551618174436,0.9769964618091425,0
llama,sft,40,E_math,14,self_attn.o_proj,0.01,19,displacement_rank,/root/autodl-tmp/cycle09_stage4_state_displacement/cells/llama/sft/step_040/E_math.L14.main.direction.pt,stage4_direction_singular_values,128,0.00900448473191798,0.01026348027863688,0.040995515268082025,-0.03973651972136312,-0.03973651972136312,1.2692860596291506,2.781594413865225,0.7878444676940449,0.9711105195799734,0
llama,sft,40,E_math,14,self_attn.o_proj,0.025,12,displacement_rank,/root/autodl-tmp/cycle09_stage4_state_displacement/cells/llama/sft/step_040/E_math.L14.main.direction.pt,stage4_direction_singular_values,128,0.022458102730310597,0.025568119996081516,0.027541897269689405,-0.024431880003918487,-0.024431880003918487,1.2692860596291506,2.781594413865225,0.7878444676940449,0.9711105195799734,0
llama,sft,40,E_math,14,self_attn.o_proj,0.05,7,displacement_rank,/root/autodl-tmp/cycle09_stage4_state_displacement/cells/llama/sft/step_040/E_math.L14.main.direction.pt,stage4_direction_singular_values,128,0.045239809296708525,0.05430091883406431,0.004760190703291478,0.0043009188340643045,0.0043009188340643045,1.2692860596291506,2.781594413865225,0.7878444676940449,0.9711105195799734,0
llama,sft,40,E_math,14,self_attn.o_proj,0.1,4,displacement_rank,/root/autodl-tmp/cycle09_stage4_state_displacement/cells/llama/sft/step_040/E_math.L14.main.direction.pt,stage4_direction_singular_values,128,0.08276817940670313,0.1120123534220589,-0.032768179406703124,0.062012353422058894,-0.032768179406703124,1.2692860596291506,2.781594413865225,0.7878444676940449,0.9711105195799734,0
llama,sft,40,E_math,14,mlp.gate_proj,0.01,12,displacement_rank,/root/autodl-tmp/cycle09_stage4_state_displacement/cells/llama/sft/step_040/E_math.L14.main.direction.pt,stage4_direction_singular_values,128,0.008896284384345587,0.01005590222259134,0.041103715615654415,-0.03994409777740866,-0.03994409777740866,1.04997824522581,1.3766428572230682,0.9524006850112771,0.9887102766610378,0
llama,sft,40,E_math,14,mlp.gate_proj,0.025,4,displacement_rank,/root/autodl-tmp/cycle09_stage4_state_displacement/cells/llama/sft/step_040/E_math.L14.main.direction.pt,stage4_direction_singular_values,128,0.024230247150317887,0.028805099432878543,0.025769752849682116,-0.02119490056712146,-0.02119490056712146,1.04997824522581,1.3766428572230682,0.9524006850112771,0.9887102766610378,0
llama,sft,40,E_math,14,mlp.gate_proj,0.05,1,displacement_rank,/root/autodl-tmp/cycle09_stage4_state_displacement/cells/llama/sft/step_040/E_math.L14.main.direction.pt,stage4_direction_singular_values,128,0.04759931498872296,1.0,0.0024006850112770414,0.95,0.0024006850112770414,1.04997824522581,1.3766428572230682,0.9524006850112771,0.9887102766610378,0
llama,sft,40,E_math,14,mlp.gate_proj,0.1,1,displacement_rank,/root/autodl-tmp/cycle09_stage4_state_displacement/cells/llama/sft/step_040/E_math.L14.main.direction.pt,stage4_direction_singular_values,128,0.04759931498872296,1.0,0.0024006850112770414,0.95,0.0024006850112770414,1.04997824522581,1.3766428572230682,0.9524006850112771,0.9887102766610378,0
llama,sft,40,E_math,14,mlp.up_proj,0.01,18,displacement_rank,/root/autodl-tmp/cycle09_stage4_state_displacement/cells/llama/sft/step_040/E_math.L14.main.direction.pt,stage4_direction_singular_values,128,0.008799313678455847,0.010036650152932404,0.04120068632154415,-0.0399633498470676,-0.0399633498470676,1.1108662809486427,1.8019542659878816,0.9001983561388086,0.9774541378039067,0
llama,sft,40,E_math,14,mlp.up_proj,0.025,10,displacement_rank,/root/autodl-tmp/cycle09_stage4_state_displacement/cells/llama/sft/step_040/E_math.L14.main.direction.pt,stage4_direction_singular_values,128,0.022545862196093128,0.025158288378599323,0.027454137803906875,-0.02484171162140068,-0.02484171162140068,1.1108662809486427,1.8019542659878816,0.9001983561388086,0.9774541378039067,0
llama,sft,40,E_math,14,mlp.up_proj,0.05,4,displacement_rank,/root/autodl-tmp/cycle09_stage4_state_displacement/cells/llama/sft/step_040/E_math.L14.main.direction.pt,stage4_direction_singular_values,128,0.04876896864733077,0.05700537988919301,0.0012310313526692346,0.00700537988919301,0.0012310313526692346,1.1108662809486427,1.8019542659878816,0.9001983561388086,0.9774541378039067,0
llama,sft,40,E_math,14,mlp.up_proj,0.1,1,displacement_rank,/root/autodl-tmp/cycle09_stage4_state_displacement/cells/llama/sft/step_040/E_math.L14.main.direction.pt,stage4_direction_singular_values,128,0.09980164386119109,0.9999999999999996,-0.04980164386119108,0.9499999999999995,-0.04980164386119108,1.1108662809486427,1.8019542659878816,0.9001983561388086,0.9774541378039067,0
llama,sft,40,E_math,14,mlp.down_proj,0.01,20,displacement_rank,/root/autodl-tmp/cycle09_stage4_state_displacement/cells/llama/sft/step_040/E_math.L14.main.direction.pt,stage4_direction_singular_values,128,0.00913929742372273,0.01048043688142785,0.040860702576277275,-0.03951956311857215,-0.03951956311857215,1.2516031179322598,2.5976096272431324,0.798975318671364,0.9682441987469894,0
llama,sft,40,E_math,14,mlp.down_proj,0.025,12,displacement_rank,/root/autodl-tmp/cycle09_stage4_state_displacement/cells/llama/sft/step_040/E_math.L14.main.direction.pt,stage4_direction_singular_values,128,0.0248695733919455,0.028155372217167317,0.025130426608054503,-0.021844627782832686,-0.021844627782832686,1.2516031179322598,2.5976096272431324,0.798975318671364,0.9682441987469894,0
llama,sft,40,E_math,14,mlp.down_proj,0.05,7,displacement_rank,/root/autodl-tmp/cycle09_stage4_state_displacement/cells/llama/sft/step_040/E_math.L14.main.direction.pt,stage4_direction_singular_values,128,0.04807927339735587,0.055378853411548835,0.0019207266026441336,0.005378853411548833,0.0019207266026441336,1.2516031179322598,2.5976096272431324,0.798975318671364,0.9682441987469894,0
llama,sft,40,E_math,14,mlp.down_proj,0.1,3,displacement_rank,/root/autodl-tmp/cycle09_stage4_state_displacement/cells/llama/sft/step_040/E_math.L14.main.direction.pt,stage4_direction_singular_values,128,0.08831397629770926,0.11260138591018946,-0.03831397629770926,0.06260138591018946,-0.03831397629770926,1.2516031179322598,2.5976096272431324,0.798975318671364,0.9682441987469894,0
llama,sft,40,E_ood,14,self_attn.q_proj,0.01,24,displacement_rank,/root/autodl-tmp/cycle09_stage4_state_displacement/cells/llama/sft/step_040/E_ood.L14.main.direction.pt,stage4_direction_singular_values,128,0.009687274553193702,0.011499197831674334,0.0403127254468063,-0.03850080216832567,-0.03850080216832567,1.3603821585427622,3.705202150507686,0.7350875588306726,0.9382449030459692,0
llama,sft,40,E_ood,14,self_attn.q_proj,0.025,18,displacement_rank,/root/autodl-tmp/cycle09_stage4_state_displacement/cells/llama/sft/step_040/E_ood.L14.main.direction.pt,stage4_direction_singular_values,128,0.02340334708068345,0.026684973498797906,0.026596652919316552,-0.023315026501202096,-0.023315026501202096,1.3603821585427622,3.705202150507686,0.7350875588306726,0.9382449030459692,0
llama,sft,40,E_ood,14,self_attn.q_proj,0.05,12,displacement_rank,/root/autodl-tmp/cycle09_stage4_state_displacement/cells/llama/sft/step_040/E_ood.L14.main.direction.pt,stage4_direction_singular_values,128,0.04874359706621711,0.05464728286274636,0.001256402933782895,0.004647282862746356,0.001256402933782895,1.3603821585427622,3.705202150507686,0.7350875588306726,0.9382449030459692,0
llama,sft,40,E_ood,14,self_attn.q_proj,0.1,7,displacement_rank,/root/autodl-tmp/cycle09_stage4_state_displacement/cells/llama/sft/step_040/E_ood.L14.main.direction.pt,stage4_direction_singular_values,128,0.08879463927190955,0.10232709563004297,-0.03879463927190954,0.052327095630042966,-0.03879463927190954,1.3603821585427622,3.705202150507686,0.7350875588306726,0.9382449030459692,0
llama,sft,40,E_ood,14,self_attn.k_proj,0.01,28,displacement_rank,/root/autodl-tmp/cycle09_stage4_state_displacement/cells/llama/sft/step_040/E_ood.L14.main.direction.pt,stage4_direction_singular_values,128,0.007603602852871246,0.010169314792035089,0.042396397147128756,-0.039830685207964914,-0.039830685207964914,1.8371840397825512,7.3862866577891015,0.5443112820196064,0.8730107869787314,0
llama,sft,40,E_ood,14,self_attn.k_proj,0.025,23,displacement_rank,/root/autodl-tmp/cycle09_stage4_state_displacement/cells/llama/sft/step_040/E_ood.L14.main.direction.pt,stage4_direction_singular_values,128,0.023051559798599075,0.027656561875519122,0.026948440201400928,-0.02234343812448088,-0.02234343812448088,1.8371840397825512,7.3862866577891015,0.5443112820196064,0.8730107869787314,0
llama,sft,40,E_ood,14,self_attn.k_proj,0.05,18,displacement_rank,/root/autodl-tmp/cycle09_stage4_state_displacement/cells/llama/sft/step_040/E_ood.L14.main.direction.pt,stage4_direction_singular_values,128,0.04963070016588115,0.05624627251060271,0.00036929983411885386,0.00624627251060271,0.00036929983411885386,1.8371840397825512,7.3862866577891015,0.5443112820196064,0.8730107869787314,0
llama,sft,40,E_ood,14,self_attn.k_proj,0.1,13,displacement_rank,/root/autodl-tmp/cycle09_stage4_state_displacement/cells/llama/sft/step_040/E_ood.L14.main.direction.pt,stage4_direction_singular_values,128,0.09009267937094069,0.10104837579261781,-0.04009267937094069,0.05104837579261781,-0.04009267937094069,1.8371840397825512,7.3862866577891015,0.5443112820196064,0.8730107869787314,0
llama,sft,40,E_ood,14,self_attn.v_proj,0.01,20,displacement_rank,/root/autodl-tmp/cycle09_stage4_state_displacement/cells/llama/sft/step_040/E_ood.L14.main.direction.pt,stage4_direction_singular_values,128,0.008736506176820152,0.010102405415201944,0.04126349382317985,-0.03989759458479806,-0.03989759458479806,1.2154719446528823,2.49441008989919,0.8227256946564756,0.967240254916016,0
llama,sft,40,E_ood,14,self_attn.v_proj,0.025,13,displacement_rank,/root/autodl-tmp/cycle09_stage4_state_displacement/cells/llama/sft/step_040/E_ood.L14.main.direction.pt,stage4_direction_singular_values,128,0.02242862286781012,0.025455119131860642,0.02757137713218988,-0.02454488086813936,-0.02454488086813936,1.2154719446528823,2.49441008989919,0.8227256946564756,0.967240254916016,0
llama,sft,40,E_ood,14,self_attn.v_proj,0.05,7,displacement_rank,/root/autodl-tmp/cycle09_stage4_state_displacement/cells/llama/sft/step_040/E_ood.L14.main.direction.pt,stage4_direction_singular_values,128,0.04867090188622579,0.05631307459077092,0.001329098113774213,0.00631307459077092,0.001329098113774213,1.2154719446528823,2.49441008989919,0.8227256946564756,0.967240254916016,0
llama,sft,40,E_ood,14,self_attn.v_proj,0.1,3,displacement_rank,/root/autodl-tmp/cycle09_stage4_state_displacement/cells/llama/sft/step_040/E_ood.L14.main.direction.pt,stage4_direction_singular_values,128,0.0986732759088226,0.12137241340390682,-0.0486732759088226,0.07137241340390682,-0.0486732759088226,1.2154719446528823,2.49441008989919,0.8227256946564756,0.967240254916016,0
llama,sft,40,E_ood,14,self_attn.o_proj,0.01,22,displacement_rank,/root/autodl-tmp/cycle09_stage4_state_displacement/cells/llama/sft/step_040/E_ood.L14.main.direction.pt,stage4_direction_singular_values,128,0.00866142576887116,0.01032655629197072,0.04133857423112884,-0.039673443708029284,-0.039673443708029284,1.332690626811777,3.2890047726164133,0.7503616967670287,0.9551007771543953,0
llama,sft,40,E_ood,14,self_attn.o_proj,0.025,15,displacement_rank,/root/autodl-tmp/cycle09_stage4_state_displacement/cells/llama/sft/step_040/E_ood.L14.main.direction.pt,stage4_direction_singular_values,128,0.024029744925765584,0.027179215785456942,0.02597025507423442,-0.02282078421454306,-0.02282078421454306,1.332690626811777,3.2890047726164133,0.7503616967670287,0.9551007771543953,0
llama,sft,40,E_ood,14,self_attn.o_proj,0.05,10,displacement_rank,/root/autodl-tmp/cycle09_stage4_state_displacement/cells/llama/sft/step_040/E_ood.L14.main.direction.pt,stage4_direction_singular_values,128,0.04489922284560475,0.05067519445955478,0.005100777154395254,0.0006751944595547801,0.0006751944595547801,1.332690626811777,3.2890047726164133,0.7503616967670287,0.9551007771543953,0
llama,sft,40,E_ood,14,self_attn.o_proj,0.1,5,displacement_rank,/root/autodl-tmp/cycle09_stage4_state_displacement/cells/llama/sft/step_040/E_ood.L14.main.direction.pt,stage4_direction_singular_values,128,0.0841973236355754,0.10734200840382892,-0.0341973236355754,0.057342008403828915,-0.0341973236355754,1.332690626811777,3.2890047726164133,0.7503616967670287,0.9551007771543953,0
llama,sft,40,E_ood,14,mlp.gate_proj,0.01,14,displacement_rank,/root/autodl-tmp/cycle09_stage4_state_displacement/cells/llama/sft/step_040/E_ood.L14.main.direction.pt,stage4_direction_singular_values,128,0.009760528136685726,0.010845358234712273,0.04023947186331428,-0.039154641765287726,-0.039154641765287726,1.0641204457086644,1.4812339600234734,0.939743244322345,0.9851099345067014,0
llama,sft,40,E_ood,14,mlp.gate_proj,0.025,6,displacement_rank,/root/autodl-tmp/cycle09_stage4_state_displacement/cells/llama/sft/step_040/E_ood.L14.main.direction.pt,stage4_direction_singular_values,128,0.0233992315198201,0.02616814749645702,0.026600768480179903,-0.023831852503542982,-0.023831852503542982,1.0641204457086644,1.4812339600234734,0.939743244322345,0.9851099345067014,0
llama,sft,40,E_ood,14,mlp.gate_proj,0.05,2,displacement_rank,/root/autodl-tmp/cycle09_stage4_state_displacement/cells/llama/sft/step_040/E_ood.L14.main.direction.pt,stage4_direction_singular_values,128,0.04672322553138034,0.06025675567765503,0.00327677446861966,0.010256755677655029,0.00327677446861966,1.0641204457086644,1.4812339600234734,0.939743244322345,0.9851099345067014,0
llama,sft,40,E_ood,14,mlp.gate_proj,0.1,1,displacement_rank,/root/autodl-tmp/cycle09_stage4_state_displacement/cells/llama/sft/step_040/E_ood.L14.main.direction.pt,stage4_direction_singular_values,128,0.06025675567765503,1.0000000000000004,-0.010256755677655029,0.9500000000000004,-0.010256755677655029,1.0641204457086644,1.4812339600234734,0.939743244322345,0.9851099345067014,0
llama,sft,40,E_ood,14,mlp.up_proj,0.01,21,displacement_rank,/root/autodl-tmp/cycle09_stage4_state_displacement/cells/llama/sft/step_040/E_ood.L14.main.direction.pt,stage4_direction_singular_values,128,0.008859551442751051,0.010145959768029022,0.04114044855724895,-0.03985404023197098,-0.03985404023197098,1.1665134104206243,2.2148646125657168,0.8572554683614118,0.967249609810385,0
llama,sft,40,E_ood,14,mlp.up_proj,0.025,13,displacement_rank,/root/autodl-tmp/cycle09_stage4_state_displacement/cells/llama/sft/step_040/E_ood.L14.main.direction.pt,stage4_direction_singular_values,128,0.02368065347768017,0.026369336906453253,0.026319346522319834,-0.02363066309354675,-0.02363066309354675,1.1665134104206243,2.2148646125657168,0.8572554683614118,0.967249609810385,0
llama,sft,40,E_ood,14,mlp.up_proj,0.05,7,displacement_rank,/root/autodl-tmp/cycle09_stage4_state_displacement/cells/llama/sft/step_040/E_ood.L14.main.direction.pt,stage4_direction_singular_values,128,0.04691741346434688,0.053399904386214746,0.0030825865356531243,0.003399904386214743,0.0030825865356531243,1.1665134104206243,2.2148646125657168,0.8572554683614118,0.967249609810385,0
llama,sft,40,E_ood,14,mlp.up_proj,0.1,3,displacement_rank,/root/autodl-tmp/cycle09_stage4_state_displacement/cells/llama/sft/step_040/E_ood.L14.main.direction.pt,stage4_direction_singular_values,128,0.08572915984512158,0.1074518050186898,-0.03572915984512158,0.057451805018689794,-0.03572915984512158,1.1665134104206243,2.2148646125657168,0.8572554683614118,0.967249609810385,0
llama,sft,40,E_ood,14,mlp.down_proj,0.01,21,displacement_rank,/root/autodl-tmp/cycle09_stage4_state_displacement/cells/llama/sft/step_040/E_ood.L14.main.direction.pt,stage4_direction_singular_values,128,0.009947675859806807,0.011356553586308172,0.0400523241401932,-0.03864344641369183,-0.03864344641369183,1.2175659477832899,2.5326971960581726,0.8213107485640576,0.9628769518338256,0
llama,sft,40,E_ood,14,mlp.down_proj,0.025,14,displacement_rank,/root/autodl-tmp/cycle09_stage4_state_displacement/cells/llama/sft/step_040/E_ood.L14.main.direction.pt,stage4_direction_singular_values,128,0.023322059258873568,0.026087245756361586,0.026677940741126435,-0.023912754243638416,-0.023912754243638416,1.2175659477832899,2.5326971960581726,0.8213107485640576,0.9628769518338256,0
llama,sft,40,E_ood,14,mlp.down_proj,0.05,8,displacement_rank,/root/autodl-tmp/cycle09_stage4_state_displacement/cells/llama/sft/step_040/E_ood.L14.main.direction.pt,stage4_direction_singular_values,128,0.047387213628905536,0.05383206210264636,0.0026127863710944665,0.003832062102646354,0.0026127863710944665,1.2175659477832899,2.5326971960581726,0.8213107485640576,0.9628769518338256,0
llama,sft,40,E_ood,14,mlp.down_proj,0.1,3,displacement_rank,/root/autodl-tmp/cycle09_stage4_state_displacement/cells/llama/sft/step_040/E_ood.L14.main.direction.pt,stage4_direction_singular_values,128,0.09559435752452211,0.12483593869816981,-0.04559435752452211,0.0748359386981698,-0.04559435752452211,1.2175659477832899,2.5326971960581726,0.8213107485640576,0.9628769518338256,0
llama,sft,40,E_if,14,self_attn.q_proj,0.01,24,displacement_rank,/root/autodl-tmp/cycle09_stage4_state_displacement/cells/llama/sft/step_040/E_if.L14.main.direction.pt,stage4_direction_singular_values,128,0.008969529029859386,0.01067919402563635,0.04103047097014062,-0.03932080597436365,-0.03932080597436365,1.3011496785578742,3.2295315843939854,0.7685510871495947,0.9464730292439891,0
llama,sft,40,E_if,14,self_attn.q_proj,0.025,17,displacement_rank,/root/autodl-tmp/cycle09_stage4_state_displacement/cells/llama/sft/step_040/E_if.L14.main.direction.pt,stage4_direction_singular_values,128,0.023823978315769094,0.026628892283968586,0.02617602168423091,-0.023371107716031417,-0.023371107716031417,1.3011496785578742,3.2295315843939854,0.7685510871495947,0.9464730292439891,0
llama,sft,40,E_if,14,self_attn.q_proj,0.05,11,displacement_rank,/root/autodl-tmp/cycle09_stage4_state_displacement/cells/llama/sft/step_040/E_if.L14.main.direction.pt,stage4_direction_singular_values,128,0.047958021554220444,0.05352697075601077,0.002041978445779559,0.003526970756010765,0.002041978445779559,1.3011496785578742,3.2295315843939854,0.7685510871495947,0.9464730292439891,0
llama,sft,40,E_if,14,self_attn.q_proj,0.1,6,displacement_rank,/root/autodl-tmp/cycle09_stage4_state_displacement/cells/llama/sft/step_040/E_if.L14.main.direction.pt,stage4_direction_singular_values,128,0.08753508603534306,0.10211792014442138,-0.03753508603534306,0.052117920144421376,-0.03753508603534306,1.3011496785578742,3.2295315843939854,0.7685510871495947,0.9464730292439891,0
llama,sft,40,E_if,14,self_attn.k_proj,0.01,28,displacement_rank,/root/autodl-tmp/cycle09_stage4_state_displacement/cells/llama/sft/step_040/E_if.L14.main.direction.pt,stage4_direction_singular_values,128,0.007652032474618277,0.010361520130043213,0.042347967525381724,-0.03963847986995679,-0.03963847986995679,1.6930674980477922,6.649290660020587,0.5906439059004202,0.8766233527438462,0
llama,sft,40,E_if,14,self_attn.k_proj,0.025,23,displacement_rank,/root/autodl-tmp/cycle09_stage4_state_displacement/cells/llama/sft/step_040/E_if.L14.main.direction.pt,stage4_direction_singular_values,128,0.023933368577042584,0.02833409666511745,0.02606663142295742,-0.021665903334882552,-0.021665903334882552,1.6930674980477922,6.649290660020587,0.5906439059004202,0.8766233527438462,0
llama,sft,40,E_if,14,self_attn.k_proj,0.05,18,displacement_rank,/root/autodl-tmp/cycle09_stage4_state_displacement/cells/llama/sft/step_040/E_if.L14.main.direction.pt,stage4_direction_singular_values,128,0.04992669674495028,0.05637636171781182,7.330325504972118e-05,0.006376361717811814,7.330325504972118e-05,1.6930674980477922,6.649290660020587,0.5906439059004202,0.8766233527438462,0
llama,sft,40,E_if,14,self_attn.k_proj,0.1,12,displacement_rank,/root/autodl-tmp/cycle09_stage4_state_displacement/cells/llama/sft/step_040/E_if.L14.main.direction.pt,stage4_direction_singular_values,128,0.09911936677722011,0.11080009765594039,-0.049119366777220105,0.06080009765594038,-0.049119366777220105,1.6930674980477922,6.649290660020587,0.5906439059004202,0.8766233527438462,0
llama,sft,40,E_if,14,self_attn.v_proj,0.01,19,displacement_rank,/root/autodl-tmp/cycle09_stage4_state_displacement/cells/llama/sft/step_040/E_if.L14.main.direction.pt,stage4_direction_singular_values,128,0.008953219951349132,0.01027223463496309,0.04104678004865087,-0.039727765365036916,-0.039727765365036916,1.1535969051351456,2.112234358718868,0.8668539205926948,0.971811064575231,0
llama,sft,40,E_if,14,self_attn.v_proj,0.025,12,displacement_rank,/root/autodl-tmp/cycle09_stage4_state_displacement/cells/llama/sft/step_040/E_if.L14.main.direction.pt,stage4_direction_singular_values,128,0.022007449193892276,0.025047858753330102,0.027992550806107727,-0.0249521412466699,-0.0249521412466699,1.1535969051351456,2.112234358718868,0.8668539205926948,0.971811064575231,0
llama,sft,40,E_if,14,self_attn.v_proj,0.05,6,displacement_rank,/root/autodl-tmp/cycle09_stage4_state_displacement/cells/llama/sft/step_040/E_if.L14.main.direction.pt,stage4_direction_singular_values,128,0.04609225077652511,0.0568867527434262,0.003907749223474893,0.0068867527434261985,0.003907749223474893,1.1535969051351456,2.112234358718868,0.8668539205926948,0.971811064575231,0
llama,sft,40,E_if,14,self_attn.v_proj,0.1,3,displacement_rank,/root/autodl-tmp/cycle09_stage4_state_displacement/cells/llama/sft/step_040/E_if.L14.main.direction.pt,stage4_direction_singular_values,128,0.08187753548238072,0.10342613366579743,-0.03187753548238072,0.05342613366579743,-0.03187753548238072,1.1535969051351456,2.112234358718868,0.8668539205926948,0.971811064575231,0
llama,sft,40,E_if,14,self_attn.o_proj,0.01,25,displacement_rank,/root/autodl-tmp/cycle09_stage4_state_displacement/cells/llama/sft/step_040/E_if.L14.main.direction.pt,stage4_direction_singular_values,128,0.009528623897798148,0.011734507272378122,0.040471376102201854,-0.03826549272762188,-0.03826549272762188,2.5699167632957605,7.318808267170767,0.3891176610395589,0.9217821971954724,0
llama,sft,40,E_if,14,self_attn.o_proj,0.025,20,displacement_rank,/root/autodl-tmp/cycle09_stage4_state_displacement/cells/llama/sft/step_040/E_if.L14.main.direction.pt,stage4_direction_singular_values,128,0.02269082805649922,0.026123980622822996,0.02730917194350078,-0.023876019377177007,-0.023876019377177007,2.5699167632957605,7.318808267170767,0.3891176610395589,0.9217821971954724,0
llama,sft,40,E_if,14,self_attn.o_proj,0.05,14,displacement_rank,/root/autodl-tmp/cycle09_stage4_state_displacement/cells/llama/sft/step_040/E_if.L14.main.direction.pt,stage4_direction_singular_values,128,0.047740761383704526,0.053692159296360224,0.0022592386162954767,0.0036921592963602215,0.0022592386162954767,2.5699167632957605,7.318808267170767,0.3891176610395589,0.9217821971954724,0
llama,sft,40,E_if,14,self_attn.o_proj,0.1,9,displacement_rank,/root/autodl-tmp/cycle09_stage4_state_displacement/cells/llama/sft/step_040/E_if.L14.main.direction.pt,stage4_direction_singular_values,128,0.08916580723191757,0.10044560551241571,-0.039165807231917565,0.05044560551241571,-0.039165807231917565,2.5699167632957605,7.318808267170767,0.3891176610395589,0.9217821971954724,0
llama,sft,40,E_if,14,mlp.gate_proj,0.01,15,displacement_rank,/root/autodl-tmp/cycle09_stage4_state_displacement/cells/llama/sft/step_040/E_if.L14.main.direction.pt,stage4_direction_singular_values,128,0.009712253237328708,0.010892239179267177,0.04028774676267129,-0.03910776082073283,-0.03910776082073283,1.0659782160878646,1.5075578912503003,0.9381054743032139,0.9829558180946046,0
llama,sft,40,E_if,14,mlp.gate_proj,0.025,7,displacement_rank,/root/autodl-tmp/cycle09_stage4_state_displacement/cells/llama/sft/step_040/E_if.L14.main.direction.pt,stage4_direction_singular_values,128,0.024005567583628963,0.026819206822918332,0.02599443241637104,-0.02318079317708167,-0.02318079317708167,1.0659782160878646,1.5075578912503003,0.9381054743032139,0.9829558180946046,0
llama,sft,40,E_if,14,mlp.gate_proj,0.05,3,displacement_rank,/root/autodl-tmp/cycle09_stage4_state_displacement/cells/llama/sft/step_040/E_if.L14.main.direction.pt,stage4_direction_singular_values,128,0.04388711216026666,0.05234688138488381,0.006112887839733343,0.0023468813848838074,0.0023468813848838074,1.0659782160878646,1.5075578912503003,0.9381054743032139,0.9829558180946046,0
llama,sft,40,E_if,14,mlp.gate_proj,0.1,1,displacement_rank,/root/autodl-tmp/cycle09_stage4_state_displacement/cells/llama/sft/step_040/E_if.L14.main.direction.pt,stage4_direction_singular_values,128,0.06189452569678607,1.0000000000000002,-0.01189452569678607,0.9500000000000002,-0.01189452569678607,1.0659782160878646,1.5075578912503003,0.9381054743032139,0.9829558180946046,0
llama,sft,40,E_if,14,mlp.up_proj,0.01,21,displacement_rank,/root/autodl-tmp/cycle09_stage4_state_displacement/cells/llama/sft/step_040/E_if.L14.main.direction.pt,stage4_direction_singular_values,128,0.009298211157335435,0.010658985591252801,0.040701788842664566,-0.0393410144087472,-0.0393410144087472,1.1604660681726788,2.1904626771822113,0.8617227400493012,0.9657566172632418,0
llama,sft,40,E_if,14,mlp.up_proj,0.025,14,displacement_rank,/root/autodl-tmp/cycle09_stage4_state_displacement/cells/llama/sft/step_040/E_if.L14.main.direction.pt,stage4_direction_singular_values,128,0.022566803537412736,0.02519878597933283,0.027433196462587267,-0.02480121402066717,-0.02480121402066717,1.1604660681726788,2.1904626771822113,0.8617227400493012,0.9657566172632418,0
llama,sft,40,E_if,14,mlp.up_proj,0.05,7,displacement_rank,/root/autodl-tmp/cycle09_stage4_state_displacement/cells/llama/sft/step_040/E_if.L14.main.direction.pt,stage4_direction_singular_values,128,0.048674732030727454,0.05502688937012479,0.0013252679692725491,0.005026889370124785,0.0013252679692725491,1.1604660681726788,2.1904626771822113,0.8617227400493012,0.9657566172632418,0
llama,sft,40,E_if,14,mlp.up_proj,0.1,3,displacement_rank,/root/autodl-tmp/cycle09_stage4_state_displacement/cells/llama/sft/step_040/E_if.L14.main.direction.pt,stage4_direction_singular_values,128,0.08564608444578795,0.10825038161024705,-0.03564608444578794,0.05825038161024705,-0.03564608444578794,1.1604660681726788,2.1904626771822113,0.8617227400493012,0.9657566172632418,0
llama,sft,40,E_if,14,mlp.down_proj,0.01,20,displacement_rank,/root/autodl-tmp/cycle09_stage4_state_displacement/cells/llama/sft/step_040/E_if.L14.main.direction.pt,stage4_direction_singular_values,128,0.008869684662346177,0.010105683512165481,0.04113031533765382,-0.03989431648783452,-0.03989431648783452,1.1464955331542392,2.056598342714175,0.8722231976332252,0.9726804280357645,0
llama,sft,40,E_if,14,mlp.down_proj,0.025,11,displacement_rank,/root/autodl-tmp/cycle09_stage4_state_displacement/cells/llama/sft/step_040/E_if.L14.main.direction.pt,stage4_direction_singular_values,128,0.024534575822592063,0.027319571964235796,0.02546542417740794,-0.022680428035764207,-0.022680428035764207,1.1464955331542392,2.056598342714175,0.8722231976332252,0.9726804280357645,0
llama,sft,40,E_if,14,mlp.down_proj,0.05,6,displacement_rank,/root/autodl-tmp/cycle09_stage4_state_displacement/cells/llama/sft/step_040/E_if.L14.main.direction.pt,stage4_direction_singular_values,128,0.04515015316613651,0.05234148467574135,0.00484984683386349,0.0023414846757413496,0.0023414846757413496,1.1464955331542392,2.056598342714175,0.8722231976332252,0.9726804280357645,0
llama,sft,40,E_if,14,mlp.down_proj,0.1,2,displacement_rank,/root/autodl-tmp/cycle09_stage4_state_displacement/cells/llama/sft/step_040/E_if.L14.main.direction.pt,stage4_direction_singular_values,128,0.0938585561226529,0.12777680236677497,-0.043858556122652895,0.07777680236677496,-0.043858556122652895,1.1464955331542392,2.056598342714175,0.8722231976332252,0.9726804280357645,0
llama,sft,80,E_general,14,self_attn.q_proj,0.01,23,displacement_rank,/root/autodl-tmp/cycle09_stage4_state_displacement/cells/llama/sft/step_080/E_general.L14.main.direction.pt,stage4_direction_singular_values,128,0.009889412773225682,0.011488890156292073,0.040110587226774325,-0.03851110984370793,-0.03851110984370793,1.2523705225756627,2.9029344515213653,0.7984857372268473,0.9519631815774694,0
llama,sft,80,E_general,14,self_attn.q_proj,0.025,16,displacement_rank,/root/autodl-tmp/cycle09_stage4_state_displacement/cells/llama/sft/step_080/E_general.L14.main.direction.pt,stage4_direction_singular_values,128,0.02386064167285703,0.02682422181906558,0.026139358327142974,-0.02317577818093442,-0.02317577818093442,1.2523705225756627,2.9029344515213653,0.7984857372268473,0.9519631815774694,0
llama,sft,80,E_general,14,self_attn.q_proj,0.05,10,displacement_rank,/root/autodl-tmp/cycle09_stage4_state_displacement/cells/llama/sft/step_080/E_general.L14.main.direction.pt,stage4_direction_singular_values,128,0.048036818422530894,0.05447348834987472,0.0019631815774691086,0.004473488349874717,0.0019631815774691086,1.2523705225756627,2.9029344515213653,0.7984857372268473,0.9519631815774694,0
llama,sft,80,E_general,14,self_attn.q_proj,0.1,5,displacement_rank,/root/autodl-tmp/cycle09_stage4_state_displacement/cells/llama/sft/step_080/E_general.L14.main.direction.pt,stage4_direction_singular_values,128,0.0979881225869003,0.11300151352378594,-0.0479881225869003,0.06300151352378594,-0.0479881225869003,1.2523705225756627,2.9029344515213653,0.7984857372268473,0.9519631815774694,0
llama,sft,80,E_general,14,self_attn.k_proj,0.01,28,displacement_rank,/root/autodl-tmp/cycle09_stage4_state_displacement/cells/llama/sft/step_080/E_general.L14.main.direction.pt,stage4_direction_singular_values,128,0.007698639734375397,0.010301854608836343,0.04230136026562461,-0.03969814539116366,-0.03969814539116366,1.6458308129280417,6.231967993931946,0.6075958671723577,0.8792177401524766,0
llama,sft,80,E_general,14,self_attn.k_proj,0.025,23,displacement_rank,/root/autodl-tmp/cycle09_stage4_state_displacement/cells/llama/sft/step_080/E_general.L14.main.direction.pt,stage4_direction_singular_values,128,0.023088812473391833,0.026929571823368872,0.02691118752660817,-0.02307042817663113,-0.02307042817663113,1.6458308129280417,6.231967993931946,0.6075958671723577,0.8792177401524766,0
llama,sft,80,E_general,14,self_attn.k_proj,0.05,18,displacement_rank,/root/autodl-tmp/cycle09_stage4_state_displacement/cells/llama/sft/step_080/E_general.L14.main.direction.pt,stage4_direction_singular_values,128,0.04674370927442301,0.053202648501010544,0.0032562907255769893,0.003202648501010541,0.003202648501010541,1.6458308129280417,6.231967993931946,0.6075958671723577,0.8792177401524766,0
llama,sft,80,E_general,14,self_attn.k_proj,0.1,12,displacement_rank,/root/autodl-tmp/cycle09_stage4_state_displacement/cells/llama/sft/step_080/E_general.L14.main.direction.pt,stage4_direction_singular_values,128,0.09596871215252425,0.10788008894079106,-0.04596871215252425,0.05788008894079105,-0.04596871215252425,1.6458308129280417,6.231967993931946,0.6075958671723577,0.8792177401524766,0
llama,sft,80,E_general,14,self_attn.v_proj,0.01,23,displacement_rank,/root/autodl-tmp/cycle09_stage4_state_displacement/cells/llama/sft/step_080/E_general.L14.main.direction.pt,stage4_direction_singular_values,128,0.008847445972156911,0.010537010156639586,0.04115255402784309,-0.03946298984336041,-0.03946298984336041,1.311879225970444,3.2589307589926757,0.7622652910448097,0.947684414312566,0
llama,sft,80,E_general,14,self_attn.v_proj,0.025,17,displacement_rank,/root/autodl-tmp/cycle09_stage4_state_displacement/cells/llama/sft/step_080/E_general.L14.main.direction.pt,stage4_direction_singular_values,128,0.022194900464101167,0.02529673104677719,0.027805099535898836,-0.024703268953222814,-0.024703268953222814,1.311879225970444,3.2589307589926757,0.7622652910448097,0.947684414312566,0
llama,sft,80,E_general,14,self_attn.v_proj,0.05,11,displacement_rank,/root/autodl-tmp/cycle09_stage4_state_displacement/cells/llama/sft/step_080/E_general.L14.main.direction.pt,stage4_direction_singular_values,128,0.04656971659796761,0.052315585687434274,0.0034302834020323927,0.002315585687434271,0.002315585687434271,1.311879225970444,3.2589307589926757,0.7622652910448097,0.947684414312566,0
llama,sft,80,E_general,14,self_attn.v_proj,0.1,6,displacement_rank,/root/autodl-tmp/cycle09_stage4_state_displacement/cells/llama/sft/step_080/E_general.L14.main.direction.pt,stage4_direction_singular_values,128,0.08522714274971935,0.10129829158626298,-0.035227142749719345,0.05129829158626298,-0.035227142749719345,1.311879225970444,3.2589307589926757,0.7622652910448097,0.947684414312566,0
llama,sft,80,E_general,14,self_attn.o_proj,0.01,26,displacement_rank,/root/autodl-tmp/cycle09_stage4_state_displacement/cells/llama/sft/step_080/E_general.L14.main.direction.pt,stage4_direction_singular_values,128,0.008480972713971403,0.010675307821829443,0.041519027286028604,-0.039324692178170556,-0.039324692178170556,1.9279462066894675,7.0100049650268605,0.5186866710960412,0.9090299112979585,0
llama,sft,80,E_general,14,self_attn.o_proj,0.025,21,displacement_rank,/root/autodl-tmp/cycle09_stage4_state_displacement/cells/llama/sft/step_080/E_general.L14.main.direction.pt,stage4_direction_singular_values,128,0.022020170441636545,0.0253881641857589,0.027979829558363457,-0.024611835814241104,-0.024611835814241104,1.9279462066894675,7.0100049650268605,0.5186866710960412,0.9090299112979585,0
llama,sft,80,E_general,14,self_attn.o_proj,0.05,15,displacement_rank,/root/autodl-tmp/cycle09_stage4_state_displacement/cells/llama/sft/step_080/E_general.L14.main.direction.pt,stage4_direction_singular_values,128,0.049856778564224095,0.05659787659981537,0.00014322143577590735,0.0065978765998153666,0.00014322143577590735,1.9279462066894675,7.0100049650268605,0.5186866710960412,0.9090299112979585,0
llama,sft,80,E_general,14,self_attn.o_proj,0.1,10,displacement_rank,/root/autodl-tmp/cycle09_stage4_state_displacement/cells/llama/sft/step_080/E_general.L14.main.direction.pt,stage4_direction_singular_values,128,0.09097008870204146,0.10387033603975167,-0.040970088702041454,0.053870336039751665,-0.040970088702041454,1.9279462066894675,7.0100049650268605,0.5186866710960412,0.9090299112979585,0
llama,sft,80,E_general,14,mlp.gate_proj,0.01,9,displacement_rank,/root/autodl-tmp/cycle09_stage4_state_displacement/cells/llama/sft/step_080/E_general.L14.main.direction.pt,stage4_direction_singular_values,128,0.009744526159927722,0.010961254853240732,0.04025547384007228,-0.03903874514675927,-0.03903874514675927,1.034780811641204,1.2732117866771069,0.9663882328992549,0.9912440591357247,0
llama,sft,80,E_general,14,mlp.gate_proj,0.025,3,displacement_rank,/root/autodl-tmp/cycle09_stage4_state_displacement/cells/llama/sft/step_080/E_general.L14.main.direction.pt,stage4_direction_singular_values,128,0.022327018365246098,0.027449248267539195,0.027672981634753905,-0.022550751732460808,-0.022550751732460808,1.034780811641204,1.2732117866771069,0.9663882328992549,0.9912440591357247,0
llama,sft,80,E_general,14,mlp.gate_proj,0.05,1,displacement_rank,/root/autodl-tmp/cycle09_stage4_state_displacement/cells/llama/sft/step_080/E_general.L14.main.direction.pt,stage4_direction_singular_values,128,0.03361176710074503,0.9999999999999997,0.01638823289925497,0.9499999999999996,0.01638823289925497,1.034780811641204,1.2732117866771069,0.9663882328992549,0.9912440591357247,0
llama,sft,80,E_general,14,mlp.gate_proj,0.1,1,displacement_rank,/root/autodl-tmp/cycle09_stage4_state_displacement/cells/llama/sft/step_080/E_general.L14.main.direction.pt,stage4_direction_singular_values,128,0.03361176710074503,0.9999999999999997,0.01638823289925497,0.9499999999999996,0.01638823289925497,1.034780811641204,1.2732117866771069,0.9663882328992549,0.9912440591357247,0
llama,sft,80,E_general,14,mlp.up_proj,0.01,23,displacement_rank,/root/autodl-tmp/cycle09_stage4_state_displacement/cells/llama/sft/step_080/E_general.L14.main.direction.pt,stage4_direction_singular_values,128,0.009242999745826725,0.010780991526931146,0.04075700025417328,-0.039219008473068855,-0.039219008473068855,1.2160441641982882,2.6236482570468183,0.8223385543396596,0.9544436006080698,0
llama,sft,80,E_general,14,mlp.up_proj,0.025,16,displacement_rank,/root/autodl-tmp/cycle09_stage4_state_displacement/cells/llama/sft/step_080/E_general.L14.main.direction.pt,stage4_direction_singular_values,128,0.02327814264644329,0.0260412335919145,0.026721857353556713,-0.023958766408085502,-0.023958766408085502,1.2160441641982882,2.6236482570468183,0.8223385543396596,0.9544436006080698,0
llama,sft,80,E_general,14,mlp.up_proj,0.05,10,displacement_rank,/root/autodl-tmp/cycle09_stage4_state_displacement/cells/llama/sft/step_080/E_general.L14.main.direction.pt,stage4_direction_singular_values,128,0.045556399391930055,0.05077016963663089,0.0044436006080699475,0.000770169636630888,0.000770169636630888,1.2160441641982882,2.6236482570468183,0.8223385543396596,0.9544436006080698,0
llama,sft,80,E_general,14,mlp.up_proj,0.1,4,displacement_rank,/root/autodl-tmp/cycle09_stage4_state_displacement/cells/llama/sft/step_080/E_general.L14.main.direction.pt,stage4_direction_singular_values,128,0.095583230932042,0.11224615994364337,-0.045583230932042,0.06224615994364337,-0.045583230932042,1.2160441641982882,2.6236482570468183,0.8223385543396596,0.9544436006080698,0
llama,sft,80,E_general,14,mlp.down_proj,0.01,28,displacement_rank,/root/autodl-tmp/cycle09_stage4_state_displacement/cells/llama/sft/step_080/E_general.L14.main.direction.pt,stage4_direction_singular_values,128,0.007901867171091063,0.01037293594719561,0.04209813282890894,-0.03962706405280439,-0.03962706405280439,1.972582826865163,7.25939199096906,0.5069495619553802,0.8959610591906781,0
llama,sft,80,E_general,14,mlp.down_proj,0.025,23,displacement_rank,/root/autodl-tmp/cycle09_stage4_state_displacement/cells/llama/sft/step_080/E_general.L14.main.direction.pt,stage4_direction_singular_values,128,0.021922137859802814,0.02526550726211961,0.02807786214019719,-0.024734492737880392,-0.024734492737880392,1.972582826865163,7.25939199096906,0.5069495619553802,0.8959610591906781,0
llama,sft,80,E_general,14,mlp.down_proj,0.05,17,displacement_rank,/root/autodl-tmp/cycle09_stage4_state_displacement/cells/llama/sft/step_080/E_general.L14.main.direction.pt,stage4_direction_singular_values,128,0.04835655997559768,0.05428761340970609,0.0016434400244023234,0.004287613409706084,0.0016434400244023234,1.972582826865163,7.25939199096906,0.5069495619553802,0.8959610591906781,0
llama,sft,80,E_general,14,mlp.down_proj,0.1,11,displacement_rank,/root/autodl-tmp/cycle09_stage4_state_displacement/cells/llama/sft/step_080/E_general.L14.main.direction.pt,stage4_direction_singular_values,128,0.09368293024503929,0.1040389408093221,-0.04368293024503929,0.0540389408093221,-0.04368293024503929,1.972582826865163,7.25939199096906,0.5069495619553802,0.8959610591906781,0
llama,sft,80,E_math,14,self_attn.q_proj,0.01,21,displacement_rank,/root/autodl-tmp/cycle09_stage4_state_displacement/cells/llama/sft/step_080/E_math.L14.main.direction.pt,stage4_direction_singular_values,128,0.009061527688984137,0.010303722355221225,0.04093847231101587,-0.039696277644778774,-0.039696277644778774,1.2326977964353496,2.6706418581109723,0.8112288371827606,0.96313314648146,0
llama,sft,80,E_math,14,self_attn.q_proj,0.025,14,displacement_rank,/root/autodl-tmp/cycle09_stage4_state_displacement/cells/llama/sft/step_080/E_math.L14.main.direction.pt,stage4_direction_singular_values,128,0.022552508127402983,0.025642263899170927,0.02744749187259702,-0.024357736100829076,-0.024357736100829076,1.2326977964353496,2.6706418581109723,0.8112288371827606,0.96313314648146,0
llama,sft,80,E_math,14,self_attn.q_proj,0.05,8,displacement_rank,/root/autodl-tmp/cycle09_stage4_state_displacement/cells/llama/sft/step_080/E_math.L14.main.direction.pt,stage4_direction_singular_values,128,0.04908049977762749,0.05659255498564721,0.0009195002223725129,0.00659255498564721,0.0009195002223725129,1.2326977964353496,2.6706418581109723,0.8112288371827606,0.96313314648146,0
llama,sft,80,E_math,14,self_attn.q_proj,0.1,4,displacement_rank,/root/autodl-tmp/cycle09_stage4_state_displacement/cells/llama/sft/step_080/E_math.L14.main.direction.pt,stage4_direction_singular_values,128,0.09039449556700918,0.11382611615039549,-0.04039449556700918,0.06382611615039549,-0.04039449556700918,1.2326977964353496,2.6706418581109723,0.8112288371827606,0.96313314648146,0
llama,sft,80,E_math,14,self_attn.k_proj,0.01,27,displacement_rank,/root/autodl-tmp/cycle09_stage4_state_displacement/cells/llama/sft/step_080/E_math.L14.main.direction.pt,stage4_direction_singular_values,128,0.00831571235952025,0.010625457753800246,0.04168428764047975,-0.039374542246199754,-0.039374542246199754,1.629945172633248,5.858986227020037,0.6135175690507775,0.8972880276928917,0
llama,sft,80,E_math,14,self_attn.k_proj,0.025,22,displacement_rank,/root/autodl-tmp/cycle09_stage4_state_displacement/cells/llama/sft/step_080/E_math.L14.main.direction.pt,stage4_direction_singular_values,128,0.022403880669142208,0.026113862158975043,0.027596119330857795,-0.02388613784102496,-0.02388613784102496,1.629945172633248,5.858986227020037,0.6135175690507775,0.8972880276928917,0
llama,sft,80,E_math,14,self_attn.k_proj,0.05,17,displacement_rank,/root/autodl-tmp/cycle09_stage4_state_displacement/cells/llama/sft/step_080/E_math.L14.main.direction.pt,stage4_direction_singular_values,128,0.04481826879411193,0.05082559055531656,0.005181731205888072,0.0008255905553165577,0.0008255905553165577,1.629945172633248,5.858986227020037,0.6135175690507775,0.8972880276928917,0
llama,sft,80,E_math,14,self_attn.k_proj,0.1,11,displacement_rank,/root/autodl-tmp/cycle09_stage4_state_displacement/cells/llama/sft/step_080/E_math.L14.main.direction.pt,stage4_direction_singular_values,128,0.09130407269274639,0.10271197230710853,-0.041304072692746385,0.05271197230710853,-0.041304072692746385,1.629945172633248,5.858986227020037,0.6135175690507775,0.8972880276928917,0
llama,sft,80,E_math,14,self_attn.v_proj,0.01,20,displacement_rank,/root/autodl-tmp/cycle09_stage4_state_displacement/cells/llama/sft/step_080/E_math.L14.main.direction.pt,stage4_direction_singular_values,128,0.0089159112163317,0.010546173720822156,0.0410840887836683,-0.039453826279177845,-0.039453826279177845,1.309281817656481,2.970947608892257,0.7637775049759165,0.9649470079873299,0
llama,sft,80,E_math,14,self_attn.v_proj,0.025,13,displacement_rank,/root/autodl-tmp/cycle09_stage4_state_displacement/cells/llama/sft/step_080/E_math.L14.main.direction.pt,stage4_direction_singular_values,128,0.02390961106260819,0.027129174878150284,0.026090388937391813,-0.02287082512184972,-0.02287082512184972,1.309281817656481,2.970947608892257,0.7637775049759165,0.9649470079873299,0
llama,sft,80,E_math,14,self_attn.v_proj,0.05,8,displacement_rank,/root/autodl-tmp/cycle09_stage4_state_displacement/cells/llama/sft/step_080/E_math.L14.main.direction.pt,stage4_direction_singular_values,128,0.046278144470619904,0.05318066200868416,0.0037218555293800984,0.0031806620086841583,0.0031806620086841583,1.309281817656481,2.970947608892257,0.7637775049759165,0.9649470079873299,0
llama,sft,80,E_math,14,self_attn.v_proj,0.1,4,displacement_rank,/root/autodl-tmp/cycle09_stage4_state_displacement/cells/llama/sft/step_080/E_math.L14.main.direction.pt,stage4_direction_singular_values,128,0.09202643374979272,0.1156512703956095,-0.042026433749792716,0.0656512703956095,-0.042026433749792716,1.309281817656481,2.970947608892257,0.7637775049759165,0.9649470079873299,0
llama,sft,80,E_math,14,self_attn.o_proj,0.01,22,displacement_rank,/root/autodl-tmp/cycle09_stage4_state_displacement/cells/llama/sft/step_080/E_math.L14.main.direction.pt,stage4_direction_singular_values,128,0.008704679953277433,0.010270019723039517,0.04129532004672257,-0.03972998027696049,-0.03972998027696049,1.5226274974399283,4.322986362455772,0.6567594514622593,0.9550250585080422,0
llama,sft,80,E_math,14,self_attn.o_proj,0.025,15,displacement_rank,/root/autodl-tmp/cycle09_stage4_state_displacement/cells/llama/sft/step_080/E_math.L14.main.direction.pt,stage4_direction_singular_values,128,0.023467837220625114,0.026873055915611163,0.02653216277937489,-0.02312694408438884,-0.02312694408438884,1.5226274974399283,4.322986362455772,0.6567594514622593,0.9550250585080422,0
llama,sft,80,E_math,14,self_attn.o_proj,0.05,10,displacement_rank,/root/autodl-tmp/cycle09_stage4_state_displacement/cells/llama/sft/step_080/E_math.L14.main.direction.pt,stage4_direction_singular_values,128,0.04497494149195794,0.05276810188030018,0.005025058508042066,0.002768101880300175,0.002768101880300175,1.5226274974399283,4.322986362455772,0.6567594514622593,0.9550250585080422,0
llama,sft,80,E_math,14,self_attn.o_proj,0.1,6,displacement_rank,/root/autodl-tmp/cycle09_stage4_state_displacement/cells/llama/sft/step_080/E_math.L14.main.direction.pt,stage4_direction_singular_values,128,0.08759461709387673,0.10757916928756231,-0.03759461709387672,0.05757916928756231,-0.03759461709387672,1.5226274974399283,4.322986362455772,0.6567594514622593,0.9550250585080422,0
llama,sft,80,E_math,14,mlp.gate_proj,0.01,2,displacement_rank,/root/autodl-tmp/cycle09_stage4_state_displacement/cells/llama/sft/step_080/E_math.L14.main.direction.pt,stage4_direction_singular_values,128,0.009759413314475739,0.016101028733993144,0.040240586685524264,-0.033898971266006855,-0.033898971266006855,1.01636451424812,1.1279639736178941,0.983898971266007,0.9972128075285062,0
llama,sft,80,E_math,14,mlp.gate_proj,0.025,1,displacement_rank,/root/autodl-tmp/cycle09_stage4_state_displacement/cells/llama/sft/step_080/E_math.L14.main.direction.pt,stage4_direction_singular_values,128,0.016101028733993144,1.0000000000000002,0.033898971266006855,0.9500000000000002,0.033898971266006855,1.01636451424812,1.1279639736178941,0.983898971266007,0.9972128075285062,0
llama,sft,80,E_math,14,mlp.gate_proj,0.05,1,displacement_rank,/root/autodl-tmp/cycle09_stage4_state_displacement/cells/llama/sft/step_080/E_math.L14.main.direction.pt,stage4_direction_singular_values,128,0.016101028733993144,1.0000000000000002,0.033898971266006855,0.9500000000000002,0.033898971266006855,1.01636451424812,1.1279639736178941,0.983898971266007,0.9972128075285062,0
llama,sft,80,E_math,14,mlp.gate_proj,0.1,1,displacement_rank,/root/autodl-tmp/cycle09_stage4_state_displacement/cells/llama/sft/step_080/E_math.L14.main.direction.pt,stage4_direction_singular_values,128,0.016101028733993144,1.0000000000000002,0.033898971266006855,0.9500000000000002,0.033898971266006855,1.01636451424812,1.1279639736178941,0.983898971266007,0.9972128075285062,0
llama,sft,80,E_math,14,mlp.up_proj,0.01,13,displacement_rank,/root/autodl-tmp/cycle09_stage4_state_displacement/cells/llama/sft/step_080/E_math.L14.main.direction.pt,stage4_direction_singular_values,128,0.00987473663850631,0.011061432902853677,0.04012526336149369,-0.038938567097146326,-0.038938567097146326,1.0761223384678409,1.5451219352985397,0.9292623749673088,0.9859515058969378,0
llama,sft,80,E_math,14,mlp.up_proj,0.025,6,displacement_rank,/root/autodl-tmp/cycle09_stage4_state_displacement/cells/llama/sft/step_080/E_math.L14.main.direction.pt,stage4_direction_singular_values,128,0.022548588738475348,0.02700753214117593,0.027451411261524655,-0.022992467858824073,-0.022992467858824073,1.0761223384678409,1.5451219352985397,0.9292623749673088,0.9859515058969378,0
llama,sft,80,E_math,14,mlp.up_proj,0.05,2,displacement_rank,/root/autodl-tmp/cycle09_stage4_state_displacement/cells/llama/sft/step_080/E_math.L14.main.direction.pt,stage4_direction_singular_values,128,0.049128406007530746,0.07073762503269143,0.0008715939924692565,0.02073762503269143,0.0008715939924692565,1.0761223384678409,1.5451219352985397,0.9292623749673088,0.9859515058969378,0
llama,sft,80,E_math,14,mlp.up_proj,0.1,1,displacement_rank,/root/autodl-tmp/cycle09_stage4_state_displacement/cells/llama/sft/step_080/E_math.L14.main.direction.pt,stage4_direction_singular_values,128,0.07073762503269143,1.0000000000000002,-0.02073762503269143,0.9500000000000002,-0.02073762503269143,1.0761223384678409,1.5451219352985397,0.9292623749673088,0.9859515058969378,0
llama,sft,80,E_math,14,mlp.down_proj,0.01,22,displacement_rank,/root/autodl-tmp/cycle09_stage4_state_displacement/cells/llama/sft/step_080/E_math.L14.main.direction.pt,stage4_direction_singular_values,128,0.009952805204091404,0.011472253381416437,0.0400471947959086,-0.03852774661858357,-0.03852774661858357,2.1245707798083133,4.852013734178715,0.4706833067195924,0.9521302565637515,0
llama,sft,80,E_math,14,mlp.down_proj,0.025,16,displacement_rank,/root/autodl-tmp/cycle09_stage4_state_displacement/cells/llama/sft/step_080/E_math.L14.main.direction.pt,stage4_direction_singular_values,128,0.022238174550961002,0.02524155116837412,0.027761825449039,-0.02475844883162588,-0.02475844883162588,2.1245707798083133,4.852013734178715,0.4706833067195924,0.9521302565637515,0
llama,sft,80,E_math,14,mlp.down_proj,0.05,10,displacement_rank,/root/autodl-tmp/cycle09_stage4_state_displacement/cells/llama/sft/step_080/E_math.L14.main.direction.pt,stage4_direction_singular_values,128,0.04786974343624849,0.05535803280887014,0.0021302565637515147,0.005358032808870136,0.0021302565637515147,2.1245707798083133,4.852013734178715,0.4706833067195924,0.9521302565637515,0
llama,sft,80,E_math,14,mlp.down_proj,0.1,6,displacement_rank,/root/autodl-tmp/cycle09_stage4_state_displacement/cells/llama/sft/step_080/E_math.L14.main.direction.pt,stage4_direction_singular_values,128,0.08613052315809044,0.10270198945774975,-0.03613052315809044,0.052701989457749746,-0.03613052315809044,2.1245707798083133,4.852013734178715,0.4706833067195924,0.9521302565637515,0
llama,sft,80,E_ood,14,self_attn.q_proj,0.01,21,displacement_rank,/root/autodl-tmp/cycle09_stage4_state_displacement/cells/llama/sft/step_080/E_ood.L14.main.direction.pt,stage4_direction_singular_values,128,0.009515758392955913,0.010876631243004965,0.040484241607044086,-0.03912336875699504,-0.03912336875699504,1.2174844283040938,2.5894068829621224,0.821365741320371,0.9624090812381778,0
llama,sft,80,E_ood,14,self_attn.q_proj,0.025,14,displacement_rank,/root/autodl-tmp/cycle09_stage4_state_displacement/cells/llama/sft/step_080/E_ood.L14.main.direction.pt,stage4_direction_singular_values,128,0.023194993308077515,0.02619424869426448,0.026805006691922487,-0.023805751305735524,-0.023805751305735524,1.2174844283040938,2.5894068829621224,0.821365741320371,0.9624090812381778,0
llama,sft,80,E_ood,14,self_attn.q_proj,0.05,8,displacement_rank,/root/autodl-tmp/cycle09_stage4_state_displacement/cells/llama/sft/step_080/E_ood.L14.main.direction.pt,stage4_direction_singular_values,128,0.04863567671865206,0.05637250675756968,0.0013643232813479456,0.006372506757569681,0.0013643232813479456,1.2174844283040938,2.5894068829621224,0.821365741320371,0.9624090812381778,0
llama,sft,80,E_ood,14,self_attn.q_proj,0.1,4,displacement_rank,/root/autodl-tmp/cycle09_stage4_state_displacement/cells/llama/sft/step_080/E_ood.L14.main.direction.pt,stage4_direction_singular_values,128,0.0935956044182546,0.11529898078215602,-0.043595604418254594,0.06529898078215601,-0.043595604418254594,1.2174844283040938,2.5894068829621224,0.821365741320371,0.9624090812381778,0
llama,sft,80,E_ood,14,self_attn.k_proj,0.01,27,displacement_rank,/root/autodl-tmp/cycle09_stage4_state_displacement/cells/llama/sft/step_080/E_ood.L14.main.direction.pt,stage4_direction_singular_values,128,0.008596733075407093,0.010874509479971269,0.04140326692459291,-0.039125490520028734,-0.039125490520028734,1.6367854740909364,5.9600982135360026,0.6109536135487734,0.8939532194705552,0
llama,sft,80,E_ood,14,self_attn.k_proj,0.025,22,displacement_rank,/root/autodl-tmp/cycle09_stage4_state_displacement/cells/llama/sft/step_080/E_ood.L14.main.direction.pt,stage4_direction_singular_values,128,0.022537562664581113,0.02625950168192618,0.02746243733541889,-0.023740498318073823,-0.023740498318073823,1.6367854740909364,5.9600982135360026,0.6109536135487734,0.8939532194705552,0
llama,sft,80,E_ood,14,self_attn.k_proj,0.05,17,displacement_rank,/root/autodl-tmp/cycle09_stage4_state_displacement/cells/llama/sft/step_080/E_ood.L14.main.direction.pt,stage4_direction_singular_values,128,0.045956610516651474,0.05284477507369008,0.004043389483348529,0.0028447750736900757,0.0028447750736900757,1.6367854740909364,5.9600982135360026,0.6109536135487734,0.8939532194705552,0
llama,sft,80,E_ood,14,self_attn.k_proj,0.1,11,displacement_rank,/root/autodl-tmp/cycle09_stage4_state_displacement/cells/llama/sft/step_080/E_ood.L14.main.direction.pt,stage4_direction_singular_values,128,0.09458749694503882,0.10604678052944458,-0.044587496945038815,0.056046780529444576,-0.044587496945038815,1.6367854740909364,5.9600982135360026,0.6109536135487734,0.8939532194705552,0
llama,sft,80,E_ood,14,self_attn.v_proj,0.01,22,displacement_rank,/root/autodl-tmp/cycle09_stage4_state_displacement/cells/llama/sft/step_080/E_ood.L14.main.direction.pt,stage4_direction_singular_values,128,0.00871283517935373,0.010255169916105982,0.041287164820646274,-0.03974483008389402,-0.03974483008389402,1.3259686733529596,3.2516952926458376,0.7541656300757944,0.953668463980085,0
llama,sft,80,E_ood,14,self_attn.v_proj,0.025,15,displacement_rank,/root/autodl-tmp/cycle09_stage4_state_displacement/cells/llama/sft/step_080/E_ood.L14.main.direction.pt,stage4_direction_singular_values,128,0.02408158077135841,0.02724001750518562,0.025918419228641593,-0.022759982494814382,-0.022759982494814382,1.3259686733529596,3.2516952926458376,0.7541656300757944,0.953668463980085,0
llama,sft,80,E_ood,14,self_attn.v_proj,0.05,10,displacement_rank,/root/autodl-tmp/cycle09_stage4_state_displacement/cells/llama/sft/step_080/E_ood.L14.main.direction.pt,stage4_direction_singular_values,128,0.04633153601991509,0.053164798758572426,0.003668463980084913,0.0031647987585724235,0.0031647987585724235,1.3259686733529596,3.2516952926458376,0.7541656300757944,0.953668463980085,0
llama,sft,80,E_ood,14,self_attn.v_proj,0.1,5,displacement_rank,/root/autodl-tmp/cycle09_stage4_state_displacement/cells/llama/sft/step_080/E_ood.L14.main.direction.pt,stage4_direction_singular_values,128,0.09421658608138363,0.11315001285007745,-0.044216586081383624,0.06315001285007744,-0.044216586081383624,1.3259686733529596,3.2516952926458376,0.7541656300757944,0.953668463980085,0
llama,sft,80,E_ood,14,self_attn.o_proj,0.01,24,displacement_rank,/root/autodl-tmp/cycle09_stage4_state_displacement/cells/llama/sft/step_080/E_ood.L14.main.direction.pt,stage4_direction_singular_values,128,0.008510148052750879,0.010323284037197225,0.04148985194724912,-0.039676715962802776,-0.039676715962802776,1.5461651284460771,4.67773409779344,0.6467614497327445,0.9355776131958675,0
llama,sft,80,E_ood,14,self_attn.o_proj,0.025,18,displacement_rank,/root/autodl-tmp/cycle09_stage4_state_displacement/cells/llama/sft/step_080/E_ood.L14.main.direction.pt,stage4_direction_singular_values,128,0.02239989553706129,0.025575807906148235,0.027600104462938712,-0.024424192093851767,-0.024424192093851767,1.5461651284460771,4.67773409779344,0.6467614497327445,0.9355776131958675,0
llama,sft,80,E_ood,14,self_attn.o_proj,0.05,13,displacement_rank,/root/autodl-tmp/cycle09_stage4_state_displacement/cells/llama/sft/step_080/E_ood.L14.main.direction.pt,stage4_direction_singular_values,128,0.04447593517992717,0.050630337036918265,0.005524064820072831,0.0006303370369182618,0.0006303370369182618,1.5461651284460771,4.67773409779344,0.6467614497327445,0.9355776131958675,0
llama,sft,80,E_ood,14,self_attn.o_proj,0.1,7,displacement_rank,/root/autodl-tmp/cycle09_stage4_state_displacement/cells/llama/sft/step_080/E_ood.L14.main.direction.pt,stage4_direction_singular_values,128,0.09339476890685516,0.10694537251729978,-0.04339476890685516,0.05694537251729978,-0.04339476890685516,1.5461651284460771,4.67773409779344,0.6467614497327445,0.9355776131958675,0
llama,sft,80,E_ood,14,mlp.gate_proj,0.01,4,displacement_rank,/root/autodl-tmp/cycle09_stage4_state_displacement/cells/llama/sft/step_080/E_ood.L14.main.direction.pt,stage4_direction_singular_values,128,0.008184625476084593,0.010095484426483723,0.04181537452391541,-0.03990451557351628,-0.03990451557351628,1.0205903089088162,1.1594058234192401,0.9798250985443604,0.9963329579916395,0
llama,sft,80,E_ood,14,mlp.gate_proj,0.025,1,displacement_rank,/root/autodl-tmp/cycle09_stage4_state_displacement/cells/llama/sft/step_080/E_ood.L14.main.direction.pt,stage4_direction_singular_values,128,0.020174901455639365,0.9999999999999999,0.029825098544360638,0.9499999999999998,0.029825098544360638,1.0205903089088162,1.1594058234192401,0.9798250985443604,0.9963329579916395,0
llama,sft,80,E_ood,14,mlp.gate_proj,0.05,1,displacement_rank,/root/autodl-tmp/cycle09_stage4_state_displacement/cells/llama/sft/step_080/E_ood.L14.main.direction.pt,stage4_direction_singular_values,128,0.020174901455639365,0.9999999999999999,0.029825098544360638,0.9499999999999998,0.029825098544360638,1.0205903089088162,1.1594058234192401,0.9798250985443604,0.9963329579916395,0
llama,sft,80,E_ood,14,mlp.gate_proj,0.1,1,displacement_rank,/root/autodl-tmp/cycle09_stage4_state_displacement/cells/llama/sft/step_080/E_ood.L14.main.direction.pt,stage4_direction_singular_values,128,0.020174901455639365,0.9999999999999999,0.029825098544360638,0.9499999999999998,0.029825098544360638,1.0205903089088162,1.1594058234192401,0.9798250985443604,0.9963329579916395,0
llama,sft,80,E_ood,14,mlp.up_proj,0.01,16,displacement_rank,/root/autodl-tmp/cycle09_stage4_state_displacement/cells/llama/sft/step_080/E_ood.L14.main.direction.pt,stage4_direction_singular_values,128,0.009920606648820156,0.011140210586211039,0.04007939335117985,-0.03885978941378897,-0.03885978941378897,1.1068914873933202,1.7648231280645488,0.9034309247015306,0.9804948839653519,0
llama,sft,80,E_ood,14,mlp.up_proj,0.025,8,displacement_rank,/root/autodl-tmp/cycle09_stage4_state_displacement/cells/llama/sft/step_080/E_ood.L14.main.direction.pt,stage4_direction_singular_values,128,0.024785339025147766,0.027856790418349542,0.025214660974852237,-0.02214320958165046,-0.02214320958165046,1.1068914873933202,1.7648231280645488,0.9034309247015306,0.9804948839653519,0
llama,sft,80,E_ood,14,mlp.up_proj,0.05,4,displacement_rank,/root/autodl-tmp/cycle09_stage4_state_displacement/cells/llama/sft/step_080/E_ood.L14.main.direction.pt,stage4_direction_singular_values,128,0.04408690119660439,0.05445140851134462,0.0059130988033956125,0.004451408511344616,0.004451408511344616,1.1068914873933202,1.7648231280645488,0.9034309247015306,0.9804948839653519,0
llama,sft,80,E_ood,14,mlp.up_proj,0.1,1,displacement_rank,/root/autodl-tmp/cycle09_stage4_state_displacement/cells/llama/sft/step_080/E_ood.L14.main.direction.pt,stage4_direction_singular_values,128,0.0965690752984694,1.0000000000000002,-0.0465690752984694,0.9500000000000002,-0.0465690752984694,1.1068914873933202,1.7648231280645488,0.9034309247015306,0.9804948839653519,0
llama,sft,80,E_ood,14,mlp.down_proj,0.01,24,displacement_rank,/root/autodl-tmp/cycle09_stage4_state_displacement/cells/llama/sft/step_080/E_ood.L14.main.direction.pt,stage4_direction_singular_values,128,0.009638099088312634,0.011409866908218646,0.04036190091168737,-0.03859013309178136,-0.03859013309178136,1.6301960875254007,4.708980679280854,0.6134231382667445,0.9409629814176583,0
llama,sft,80,E_ood,14,mlp.down_proj,0.025,18,displacement_rank,/root/autodl-tmp/cycle09_stage4_state_displacement/cells/llama/sft/step_080/E_ood.L14.main.direction.pt,stage4_direction_singular_values,128,0.022726131265741658,0.02567873054374798,0.027273868734258345,-0.024321269456252022,-0.024321269456252022,1.6301960875254007,4.708980679280854,0.6134231382667445,0.9409629814176583,0
llama,sft,80,E_ood,14,mlp.down_proj,0.05,12,displacement_rank,/root/autodl-tmp/cycle09_stage4_state_displacement/cells/llama/sft/step_080/E_ood.L14.main.direction.pt,stage4_direction_singular_values,128,0.046321926254564785,0.05257309937742404,0.0036780737454352175,0.0025730993774240388,0.0025730993774240388,1.6301960875254007,4.708980679280854,0.6134231382667445,0.9409629814176583,0
llama,sft,80,E_ood,14,mlp.down_proj,0.1,7,displacement_rank,/root/autodl-tmp/cycle09_stage4_state_displacement/cells/llama/sft/step_080/E_ood.L14.main.direction.pt,stage4_direction_singular_values,128,0.08844465160633984,0.1039586757327818,-0.038444651606339836,0.05395867573278179,-0.038444651606339836,1.6301960875254007,4.708980679280854,0.6134231382667445,0.9409629814176583,0
llama,sft,80,E_if,14,self_attn.q_proj,0.01,21,displacement_rank,/root/autodl-tmp/cycle09_stage4_state_displacement/cells/llama/sft/step_080/E_if.L14.main.direction.pt,stage4_direction_singular_values,128,0.009443380555664389,0.010775850032050316,0.04055661944433561,-0.039224149967949686,-0.039224149967949686,1.186295454089403,2.3734911949386097,0.8429603237142952,0.9648596073014774,0
llama,sft,80,E_if,14,self_attn.q_proj,0.025,13,displacement_rank,/root/autodl-tmp/cycle09_stage4_state_displacement/cells/llama/sft/step_080/E_if.L14.main.direction.pt,stage4_direction_singular_values,128,0.02489818640751204,0.028175075648479507,0.025101813592487962,-0.021824924351520496,-0.021824924351520496,1.186295454089403,2.3734911949386097,0.8429603237142952,0.9648596073014774,0
llama,sft,80,E_if,14,self_attn.q_proj,0.05,8,displacement_rank,/root/autodl-tmp/cycle09_stage4_state_displacement/cells/llama/sft/step_080/E_if.L14.main.direction.pt,stage4_direction_singular_values,128,0.045407377887361315,0.052116635232568105,0.004592622112638688,0.0021166352325681023,0.0021166352325681023,1.186295454089403,2.3734911949386097,0.8429603237142952,0.9648596073014774,0
llama,sft,80,E_if,14,self_attn.q_proj,0.1,3,displacement_rank,/root/autodl-tmp/cycle09_stage4_state_displacement/cells/llama/sft/step_080/E_if.L14.main.direction.pt,stage4_direction_singular_values,128,0.09928250943237997,0.1256049532107111,-0.04928250943237997,0.0756049532107111,-0.04928250943237997,1.186295454089403,2.3734911949386097,0.8429603237142952,0.9648596073014774,0
llama,sft,80,E_if,14,self_attn.k_proj,0.01,27,displacement_rank,/root/autodl-tmp/cycle09_stage4_state_displacement/cells/llama/sft/step_080/E_if.L14.main.direction.pt,stage4_direction_singular_values,128,0.008565573905211569,0.010971363265359956,0.04143442609478844,-0.03902863673464005,-0.03902863673464005,1.5228199816051022,5.229722997588491,0.6566764371885685,0.8990708589386097,0
llama,sft,80,E_if,14,self_attn.k_proj,0.025,22,displacement_rank,/root/autodl-tmp/cycle09_stage4_state_displacement/cells/llama/sft/step_080/E_if.L14.main.direction.pt,stage4_direction_singular_values,128,0.02304864360857344,0.02675186426827564,0.026951356391426564,-0.02324813573172436,-0.02324813573172436,1.5228199816051022,5.229722997588491,0.6566764371885685,0.8990708589386097,0
llama,sft,80,E_if,14,self_attn.k_proj,0.05,17,displacement_rank,/root/autodl-tmp/cycle09_stage4_state_displacement/cells/llama/sft/step_080/E_if.L14.main.direction.pt,stage4_direction_singular_values,128,0.04571116033276729,0.051490588039149465,0.004288839667232716,0.0014905880391494625,0.0014905880391494625,1.5228199816051022,5.229722997588491,0.6566764371885685,0.8990708589386097,0
llama,sft,80,E_if,14,self_attn.k_proj,0.1,11,displacement_rank,/root/autodl-tmp/cycle09_stage4_state_displacement/cells/llama/sft/step_080/E_if.L14.main.direction.pt,stage4_direction_singular_values,128,0.09031520412011625,0.10092914106139037,-0.040315204120116244,0.05092914106139036,-0.040315204120116244,1.5228199816051022,5.229722997588491,0.6566764371885685,0.8990708589386097,0
llama,sft,80,E_if,14,self_attn.v_proj,0.01,20,displacement_rank,/root/autodl-tmp/cycle09_stage4_state_displacement/cells/llama/sft/step_080/E_if.L14.main.direction.pt,stage4_direction_singular_values,128,0.009444873392427633,0.010929696813588569,0.04055512660757237,-0.039070303186411436,-0.039070303186411436,1.191450383919233,2.394228916575909,0.8393131711540821,0.9649021956529837,0
llama,sft,80,E_if,14,self_attn.v_proj,0.025,13,displacement_rank,/root/autodl-tmp/cycle09_stage4_state_displacement/cells/llama/sft/step_080/E_if.L14.main.direction.pt,stage4_direction_singular_values,128,0.023850566492142403,0.027141846072168976,0.0261494335078576,-0.022858153927831026,-0.022858153927831026,1.191450383919233,2.394228916575909,0.8393131711540821,0.9649021956529837,0
llama,sft,80,E_if,14,self_attn.v_proj,0.05,8,displacement_rank,/root/autodl-tmp/cycle09_stage4_state_displacement/cells/llama/sft/step_080/E_if.L14.main.direction.pt,stage4_direction_singular_values,128,0.04438356215003128,0.05023935439578649,0.005616437849968722,0.0002393543957864841,0.0002393543957864841,1.191450383919233,2.394228916575909,0.8393131711540821,0.9649021956529837,0
llama,sft,80,E_if,14,self_attn.v_proj,0.1,3,displacement_rank,/root/autodl-tmp/cycle09_stage4_state_displacement/cells/llama/sft/step_080/E_if.L14.main.direction.pt,stage4_direction_singular_values,128,0.0999014695882904,0.12689019359293233,-0.04990146958829039,0.07689019359293232,-0.04990146958829039,1.191450383919233,2.394228916575909,0.8393131711540821,0.9649021956529837,0
llama,sft,80,E_if,14,self_attn.o_proj,0.01,26,displacement_rank,/root/autodl-tmp/cycle09_stage4_state_displacement/cells/llama/sft/step_080/E_if.L14.main.direction.pt,stage4_direction_singular_values,128,0.00888866882119784,0.011226993135261844,0.04111133117880216,-0.038773006864738155,-0.038773006864738155,3.0768113495071114,8.694563513747884,0.3250118016368454,0.9095262866703073,0
llama,sft,80,E_if,14,self_attn.o_proj,0.025,21,displacement_rank,/root/autodl-tmp/cycle09_stage4_state_displacement/cells/llama/sft/step_080/E_if.L14.main.direction.pt,stage4_direction_singular_values,128,0.022910533137060974,0.0265591204538413,0.02708946686293903,-0.023440879546158703,-0.023440879546158703,3.0768113495071114,8.694563513747884,0.3250118016368454,0.9095262866703073,0
llama,sft,80,E_if,14,self_attn.o_proj,0.05,15,displacement_rank,/root/autodl-tmp/cycle09_stage4_state_displacement/cells/llama/sft/step_080/E_if.L14.main.direction.pt,stage4_direction_singular_values,128,0.04959835295130879,0.055760605104273324,0.00040164704869121576,0.005760605104273321,0.00040164704869121576,3.0768113495071114,8.694563513747884,0.3250118016368454,0.9095262866703073,0
llama,sft,80,E_if,14,self_attn.o_proj,0.1,10,displacement_rank,/root/autodl-tmp/cycle09_stage4_state_displacement/cells/llama/sft/step_080/E_if.L14.main.direction.pt,stage4_direction_singular_values,128,0.09047371332969283,0.10306130872887691,-0.04047371332969282,0.053061308728876905,-0.04047371332969282,3.0768113495071114,8.694563513747884,0.3250118016368454,0.9095262866703073,0
llama,sft,80,E_if,14,mlp.gate_proj,0.01,5,displacement_rank,/root/autodl-tmp/cycle09_stage4_state_displacement/cells/llama/sft/step_080/E_if.L14.main.direction.pt,stage4_direction_singular_values,128,0.008663370946743819,0.010855285626696026,0.041336629053256184,-0.039144714373303975,-0.039144714373303975,1.0215534990155937,1.1729340477283252,0.9789012528111711,0.9952021614458312,0
llama,sft,80,E_if,14,mlp.gate_proj,0.025,1,displacement_rank,/root/autodl-tmp/cycle09_stage4_state_displacement/cells/llama/sft/step_080/E_if.L14.main.direction.pt,stage4_direction_singular_values,128,0.021098747188828818,0.9999999999999999,0.028901252811171185,0.9499999999999998,0.028901252811171185,1.0215534990155937,1.1729340477283252,0.9789012528111711,0.9952021614458312,0
llama,sft,80,E_if,14,mlp.gate_proj,0.05,1,displacement_rank,/root/autodl-tmp/cycle09_stage4_state_displacement/cells/llama/sft/step_080/E_if.L14.main.direction.pt,stage4_direction_singular_values,128,0.021098747188828818,0.9999999999999999,0.028901252811171185,0.9499999999999998,0.028901252811171185,1.0215534990155937,1.1729340477283252,0.9789012528111711,0.9952021614458312,0
llama,sft,80,E_if,14,mlp.gate_proj,0.1,1,displacement_rank,/root/autodl-tmp/cycle09_stage4_state_displacement/cells/llama/sft/step_080/E_if.L14.main.direction.pt,stage4_direction_singular_values,128,0.021098747188828818,0.9999999999999999,0.028901252811171185,0.9499999999999998,0.028901252811171185,1.0215534990155937,1.1729340477283252,0.9789012528111711,0.9952021614458312,0
llama,sft,80,E_if,14,mlp.up_proj,0.01,18,displacement_rank,/root/autodl-tmp/cycle09_stage4_state_displacement/cells/llama/sft/step_080/E_if.L14.main.direction.pt,stage4_direction_singular_values,128,0.00907480338674917,0.010315351244738745,0.040925196613250836,-0.03968464875526126,-0.03968464875526126,1.1141954417052053,1.8298664532851003,0.8975086080675071,0.9774228271903268,0
llama,sft,80,E_if,14,mlp.up_proj,0.025,9,displacement_rank,/root/autodl-tmp/cycle09_stage4_state_displacement/cells/llama/sft/step_080/E_if.L14.main.direction.pt,stage4_direction_singular_values,128,0.024989184550808844,0.028191916784311016,0.02501081544919116,-0.021808083215688986,-0.021808083215688986,1.1141954417052053,1.8298664532851003,0.8975086080675071,0.9774228271903268,0
llama,sft,80,E_if,14,mlp.up_proj,0.05,5,displacement_rank,/root/autodl-tmp/cycle09_stage4_state_displacement/cells/llama/sft/step_080/E_if.L14.main.direction.pt,stage4_direction_singular_values,128,0.043236330669170896,0.05009987402866647,0.006763669330829107,9.987402866646483e-05,9.987402866646483e-05,1.1141954417052053,1.8298664532851003,0.8975086080675071,0.9774228271903268,0
llama,sft,80,E_if,14,mlp.up_proj,0.1,2,displacement_rank,/root/autodl-tmp/cycle09_stage4_state_displacement/cells/llama/sft/step_080/E_if.L14.main.direction.pt,stage4_direction_singular_values,128,0.07810104085424403,0.10249139193249324,-0.02810104085424403,0.052491391932493234,-0.02810104085424403,1.1141954417052053,1.8298664532851003,0.8975086080675071,0.9774228271903268,0
llama,sft,80,E_if,14,mlp.down_proj,0.01,22,displacement_rank,/root/autodl-tmp/cycle09_stage4_state_displacement/cells/llama/sft/step_080/E_if.L14.main.direction.pt,stage4_direction_singular_values,128,0.009876880625210164,0.01146744045184186,0.04012311937478984,-0.038532559548158145,-0.038532559548158145,1.2991336486383975,3.0695220942936343,0.7697437450319949,0.9577947736692841,0
llama,sft,80,E_if,14,mlp.down_proj,0.025,15,displacement_rank,/root/autodl-tmp/cycle09_stage4_state_displacement/cells/llama/sft/step_080/E_if.L14.main.direction.pt,stage4_direction_singular_values,128,0.024417143235930253,0.027049704600631847,0.02558285676406975,-0.022950295399368156,-0.022950295399368156,1.2991336486383975,3.0695220942936343,0.7697437450319949,0.9577947736692841,0
llama,sft,80,E_if,14,mlp.down_proj,0.05,9,displacement_rank,/root/autodl-tmp/cycle09_stage4_state_displacement/cells/llama/sft/step_080/E_if.L14.main.direction.pt,stage4_direction_singular_values,128,0.04739128609455327,0.05383095926361433,0.00260871390544673,0.0038309592636143266,0.00260871390544673,1.2991336486383975,3.0695220942936343,0.7697437450319949,0.9577947736692841,0
llama,sft,80,E_if,14,mlp.down_proj,0.1,5,displacement_rank,/root/autodl-tmp/cycle09_stage4_state_displacement/cells/llama/sft/step_080/E_if.L14.main.direction.pt,stage4_direction_singular_values,128,0.08384949996904954,0.10156356001771058,-0.03384949996904954,0.05156356001771058,-0.03384949996904954,1.2991336486383975,3.0695220942936343,0.7697437450319949,0.9577947736692841,0
llama,offkd,20,E_general,14,self_attn.q_proj,0.01,28,displacement_rank,/root/autodl-tmp/cycle09_stage4_state_displacement/cells/llama/offkd/step_020/E_general.L14.main.direction.pt,stage4_direction_singular_values,128,0.009621846158040473,0.012613222684659479,0.04037815384195953,-0.03738677731534053,-0.03738677731534053,1.7694910880259793,6.827617436947463,0.5651342393114772,0.8791705196750547,0
llama,offkd,20,E_general,14,self_attn.q_proj,0.025,24,displacement_rank,/root/autodl-tmp/cycle09_stage4_state_displacement/cells/llama/offkd/step_020/E_general.L14.main.direction.pt,stage4_direction_singular_values,128,0.02318567413321731,0.027465488399600117,0.026814325866782694,-0.022534511600399886,-0.022534511600399886,1.7694910880259793,6.827617436947463,0.5651342393114772,0.8791705196750547,0
llama,offkd,20,E_general,14,self_attn.q_proj,0.05,19,displacement_rank,/root/autodl-tmp/cycle09_stage4_state_displacement/cells/llama/offkd/step_020/E_general.L14.main.direction.pt,stage4_direction_singular_values,128,0.04831082535569291,0.05399057258060932,0.0016891746443070954,0.003990572580609315,0.0016891746443070954,1.7694910880259793,6.827617436947463,0.5651342393114772,0.8791705196750547,0
llama,offkd,20,E_general,14,self_attn.q_proj,0.1,12,displacement_rank,/root/autodl-tmp/cycle09_stage4_state_displacement/cells/llama/offkd/step_020/E_general.L14.main.direction.pt,stage4_direction_singular_values,128,0.09907396441192248,0.10937200449337793,-0.04907396441192248,0.05937200449337793,-0.04907396441192248,1.7694910880259793,6.827617436947463,0.5651342393114772,0.8791705196750547,0
llama,offkd,20,E_general,14,self_attn.k_proj,0.01,28,displacement_rank,/root/autodl-tmp/cycle09_stage4_state_displacement/cells/llama/offkd/step_020/E_general.L14.main.direction.pt,stage4_direction_singular_values,128,0.00901971170437816,0.011861243635750637,0.04098028829562184,-0.03813875636424936,-0.03813875636424936,1.490058939037378,5.163075300234576,0.6711143927273303,0.8836724109626833,0
llama,offkd,20,E_general,14,self_attn.k_proj,0.025,24,displacement_rank,/root/autodl-tmp/cycle09_stage4_state_displacement/cells/llama/offkd/step_020/E_general.L14.main.direction.pt,stage4_direction_singular_values,128,0.022010815122388495,0.02578372026010152,0.027989184877611508,-0.024216279739898483,-0.024216279739898483,1.490058939037378,5.163075300234576,0.6711143927273303,0.8836724109626833,0
llama,offkd,20,E_general,14,self_attn.k_proj,0.05,18,displacement_rank,/root/autodl-tmp/cycle09_stage4_state_displacement/cells/llama/offkd/step_020/E_general.L14.main.direction.pt,stage4_direction_singular_values,128,0.049835167427667984,0.055724963555548165,0.00016483257233201876,0.005724963555548163,0.00016483257233201876,1.490058939037378,5.163075300234576,0.6711143927273303,0.8836724109626833,0
llama,offkd,20,E_general,14,self_attn.k_proj,0.1,12,displacement_rank,/root/autodl-tmp/cycle09_stage4_state_displacement/cells/llama/offkd/step_020/E_general.L14.main.direction.pt,stage4_direction_singular_values,128,0.09505697021157201,0.10503861349351101,-0.04505697021157201,0.05503861349351101,-0.04505697021157201,1.490058939037378,5.163075300234576,0.6711143927273303,0.8836724109626833,0
llama,offkd,20,E_general,14,self_attn.v_proj,0.01,25,displacement_rank,/root/autodl-tmp/cycle09_stage4_state_displacement/cells/llama/offkd/step_020/E_general.L14.main.direction.pt,stage4_direction_singular_values,128,0.009280506664421644,0.011031678603795052,0.04071949333557836,-0.03896832139620495,-0.03896832139620495,1.361272177260668,3.6239533922962113,0.734606948341758,0.9383145448980054,0
llama,offkd,20,E_general,14,self_attn.v_proj,0.025,19,displacement_rank,/root/autodl-tmp/cycle09_stage4_state_displacement/cells/llama/offkd/step_020/E_general.L14.main.direction.pt,stage4_direction_singular_values,128,0.022641188680809186,0.0258107722865523,0.027358811319190816,-0.024189227713447704,-0.024189227713447704,1.361272177260668,3.6239533922962113,0.734606948341758,0.9383145448980054,0
llama,offkd,20,E_general,14,self_attn.v_proj,0.05,12,displacement_rank,/root/autodl-tmp/cycle09_stage4_state_displacement/cells/llama/offkd/step_020/E_general.L14.main.direction.pt,stage4_direction_singular_values,128,0.049650887988635574,0.05559881127251788,0.0003491120113644289,0.0055988112725178785,0.0003491120113644289,1.361272177260668,3.6239533922962113,0.734606948341758,0.9383145448980054,0
llama,offkd,20,E_general,14,self_attn.v_proj,0.1,6,displacement_rank,/root/autodl-tmp/cycle09_stage4_state_displacement/cells/llama/offkd/step_020/E_general.L14.main.direction.pt,stage4_direction_singular_values,128,0.09327432141651615,0.10634539732580876,-0.043274321416516145,0.05634539732580876,-0.043274321416516145,1.361272177260668,3.6239533922962113,0.734606948341758,0.9383145448980054,0
llama,offkd,20,E_general,14,self_attn.o_proj,0.01,28,displacement_rank,/root/autodl-tmp/cycle09_stage4_state_displacement/cells/llama/offkd/step_020/E_general.L14.main.direction.pt,stage4_direction_singular_values,128,0.00888459256429434,0.011856255558163012,0.04111540743570566,-0.03814374444183699,-0.03814374444183699,2.088745782986711,8.756901282169906,0.47875620295452787,0.8604457095520973,0
llama,offkd,20,E_general,14,self_attn.o_proj,0.025,24,displacement_rank,/root/autodl-tmp/cycle09_stage4_state_displacement/cells/llama/offkd/step_020/E_general.L14.main.direction.pt,stage4_direction_singular_values,128,0.023253348093468258,0.027682996161351874,0.026746651906531745,-0.02231700383864813,-0.02231700383864813,2.088745782986711,8.756901282169906,0.47875620295452787,0.8604457095520973,0
llama,offkd,20,E_general,14,self_attn.o_proj,0.05,19,displacement_rank,/root/autodl-tmp/cycle09_stage4_state_displacement/cells/llama/offkd/step_020/E_general.L14.main.direction.pt,stage4_direction_singular_values,128,0.048850932663158354,0.055319410719564636,0.0011490673368416485,0.005319410719564634,0.0011490673368416485,2.088745782986711,8.756901282169906,0.47875620295452787,0.8604457095520973,0
llama,offkd,20,E_general,14,self_attn.o_proj,0.1,13,displacement_rank,/root/autodl-tmp/cycle09_stage4_state_displacement/cells/llama/offkd/step_020/E_general.L14.main.direction.pt,stage4_direction_singular_values,128,0.09830602127785001,0.10950388582069649,-0.04830602127785001,0.05950388582069649,-0.04830602127785001,2.088745782986711,8.756901282169906,0.47875620295452787,0.8604457095520973,0
llama,offkd,20,E_general,14,mlp.gate_proj,0.01,29,displacement_rank,/root/autodl-tmp/cycle09_stage4_state_displacement/cells/llama/offkd/step_020/E_general.L14.main.direction.pt,stage4_direction_singular_values,128,0.007705268457453312,0.010936571516143008,0.04229473154254669,-0.03906342848385699,-0.03906342848385699,1.4855027123930953,5.1305020581805465,0.6731727863283624,0.878765574755352,0
llama,offkd,20,E_general,14,mlp.gate_proj,0.025,25,displacement_rank,/root/autodl-tmp/cycle09_stage4_state_displacement/cells/llama/offkd/step_020/E_general.L14.main.direction.pt,stage4_direction_singular_values,128,0.021906136394049404,0.02614708209661525,0.0280938636059506,-0.023852917903384754,-0.023852917903384754,1.4855027123930953,5.1305020581805465,0.6731727863283624,0.878765574755352,0
llama,offkd,20,E_general,14,mlp.gate_proj,0.05,20,displacement_rank,/root/autodl-tmp/cycle09_stage4_state_displacement/cells/llama/offkd/step_020/E_general.L14.main.direction.pt,stage4_direction_singular_values,128,0.04645397870263974,0.052033258754109274,0.0035460212973602648,0.002033258754109271,0.002033258754109271,1.4855027123930953,5.1305020581805465,0.6731727863283624,0.878765574755352,0
llama,offkd,20,E_general,14,mlp.gate_proj,0.1,13,displacement_rank,/root/autodl-tmp/cycle09_stage4_state_displacement/cells/llama/offkd/step_020/E_general.L14.main.direction.pt,stage4_direction_singular_values,128,0.09355112655998282,0.10199784828815174,-0.04355112655998282,0.05199784828815174,-0.04355112655998282,1.4855027123930953,5.1305020581805465,0.6731727863283624,0.878765574755352,0
llama,offkd,20,E_general,14,mlp.up_proj,0.01,29,displacement_rank,/root/autodl-tmp/cycle09_stage4_state_displacement/cells/llama/offkd/step_020/E_general.L14.main.direction.pt,stage4_direction_singular_values,128,0.007945523333790405,0.011066631049278864,0.042054476666209595,-0.03893336895072114,-0.03893336895072114,1.66071224694482,6.430063674608288,0.6021512768630933,0.8667097452626734,0
llama,offkd,20,E_general,14,mlp.up_proj,0.025,25,displacement_rank,/root/autodl-tmp/cycle09_stage4_state_displacement/cells/llama/offkd/step_020/E_general.L14.main.direction.pt,stage4_direction_singular_values,128,0.02260682827713531,0.02719987512562448,0.027393171722864693,-0.02280012487437552,-0.02280012487437552,1.66071224694482,6.430063674608288,0.6021512768630933,0.8667097452626734,0
llama,offkd,20,E_general,14,mlp.up_proj,0.05,20,displacement_rank,/root/autodl-tmp/cycle09_stage4_state_displacement/cells/llama/offkd/step_020/E_general.L14.main.direction.pt,stage4_direction_singular_values,128,0.048038857642880836,0.05381760222401064,0.0019611423571191666,0.0038176022240106397,0.0019611423571191666,1.66071224694482,6.430063674608288,0.6021512768630933,0.8667097452626734,0
llama,offkd,20,E_general,14,mlp.up_proj,0.1,14,displacement_rank,/root/autodl-tmp/cycle09_stage4_state_displacement/cells/llama/offkd/step_020/E_general.L14.main.direction.pt,stage4_direction_singular_values,128,0.09093835013057383,0.10022527038565976,-0.04093835013057383,0.05022527038565976,-0.04093835013057383,1.66071224694482,6.430063674608288,0.6021512768630933,0.8667097452626734,0
llama,offkd,20,E_general,14,mlp.down_proj,0.01,29,displacement_rank,/root/autodl-tmp/cycle09_stage4_state_displacement/cells/llama/offkd/step_020/E_general.L14.main.direction.pt,stage4_direction_singular_values,128,0.00869077230695499,0.011792429950285899,0.041309227693045014,-0.038207570049714104,-0.038207570049714104,1.5483394250552058,5.740941563840804,0.6458532178526328,0.8643680445388086,0
llama,offkd,20,E_general,14,mlp.down_proj,0.025,25,displacement_rank,/root/autodl-tmp/cycle09_stage4_state_displacement/cells/llama/offkd/step_020/E_general.L14.main.direction.pt,stage4_direction_singular_values,128,0.024067157971054805,0.02865173254613441,0.025932842028945198,-0.02134826745386559,-0.02134826745386559,1.5483394250552058,5.740941563840804,0.6458532178526328,0.8643680445388086,0
llama,offkd,20,E_general,14,mlp.down_proj,0.05,20,displacement_rank,/root/autodl-tmp/cycle09_stage4_state_displacement/cells/llama/offkd/step_020/E_general.L14.main.direction.pt,stage4_direction_singular_values,128,0.04939617941718237,0.05527126738769283,0.0006038205828176324,0.005271267387692825,0.0006038205828176324,1.5483394250552058,5.740941563840804,0.6458532178526328,0.8643680445388086,0
llama,offkd,20,E_general,14,mlp.down_proj,0.1,14,displacement_rank,/root/autodl-tmp/cycle09_stage4_state_displacement/cells/llama/offkd/step_020/E_general.L14.main.direction.pt,stage4_direction_singular_values,128,0.09194505787853043,0.10140205315742373,-0.04194505787853042,0.05140205315742373,-0.04194505787853042,1.5483394250552058,5.740941563840804,0.6458532178526328,0.8643680445388086,0
llama,offkd,20,E_math,14,self_attn.q_proj,0.01,26,displacement_rank,/root/autodl-tmp/cycle09_stage4_state_displacement/cells/llama/offkd/step_020/E_math.L14.main.direction.pt,stage4_direction_singular_values,128,0.00837134900035863,0.010298118668670211,0.04162865099964137,-0.03970188133132979,-0.03970188133132979,1.3932941999637063,3.9460749341713663,0.7177235073727063,0.9291541843350205,0
llama,offkd,20,E_math,14,self_attn.q_proj,0.025,20,displacement_rank,/root/autodl-tmp/cycle09_stage4_state_displacement/cells/llama/offkd/step_020/E_math.L14.main.direction.pt,stage4_direction_singular_values,128,0.022962856365354528,0.026101660252092075,0.027037143634645475,-0.023898339747907928,-0.023898339747907928,1.3932941999637063,3.9460749341713663,0.7177235073727063,0.9291541843350205,0
llama,offkd,20,E_math,14,self_attn.q_proj,0.05,14,displacement_rank,/root/autodl-tmp/cycle09_stage4_state_displacement/cells/llama/offkd/step_020/E_math.L14.main.direction.pt,stage4_direction_singular_values,128,0.046117784528196655,0.05092334151532341,0.0038822154718033478,0.0009233415153234101,0.0009233415153234101,1.3932941999637063,3.9460749341713663,0.7177235073727063,0.9291541843350205,0
llama,offkd,20,E_math,14,self_attn.q_proj,0.1,8,displacement_rank,/root/autodl-tmp/cycle09_stage4_state_displacement/cells/llama/offkd/step_020/E_math.L14.main.direction.pt,stage4_direction_singular_values,128,0.08839281236280158,0.10093052858672015,-0.03839281236280158,0.05093052858672015,-0.03839281236280158,1.3932941999637063,3.9460749341713663,0.7177235073727063,0.9291541843350205,0
llama,offkd,20,E_math,14,self_attn.k_proj,0.01,26,displacement_rank,/root/autodl-tmp/cycle09_stage4_state_displacement/cells/llama/offkd/step_020/E_math.L14.main.direction.pt,stage4_direction_singular_values,128,0.009980909237044235,0.012171859471368741,0.04001909076295577,-0.03782814052863126,-0.03782814052863126,1.3641406325053156,3.976670691316013,0.7330622489878097,0.914395891379233,0
llama,offkd,20,E_math,14,self_attn.k_proj,0.025,21,displacement_rank,/root/autodl-tmp/cycle09_stage4_state_displacement/cells/llama/offkd/step_020/E_math.L14.main.direction.pt,stage4_direction_singular_values,128,0.023295552540037852,0.02660383637036085,0.02670444745996215,-0.023396163629639154,-0.023396163629639154,1.3641406325053156,3.976670691316013,0.7330622489878097,0.914395891379233,0
llama,offkd,20,E_math,14,self_attn.k_proj,0.05,15,displacement_rank,/root/autodl-tmp/cycle09_stage4_state_displacement/cells/llama/offkd/step_020/E_math.L14.main.direction.pt,stage4_direction_singular_values,128,0.04892023011075624,0.055081734486336416,0.0010797698892437632,0.005081734486336413,0.0010797698892437632,1.3641406325053156,3.976670691316013,0.7330622489878097,0.914395891379233,0
llama,offkd,20,E_math,14,self_attn.k_proj,0.1,9,displacement_rank,/root/autodl-tmp/cycle09_stage4_state_displacement/cells/llama/offkd/step_020/E_math.L14.main.direction.pt,stage4_direction_singular_values,128,0.09570412729647798,0.10776248012681033,-0.04570412729647798,0.05776248012681033,-0.04570412729647798,1.3641406325053156,3.976670691316013,0.7330622489878097,0.914395891379233,0
llama,offkd,20,E_math,14,self_attn.v_proj,0.01,19,displacement_rank,/root/autodl-tmp/cycle09_stage4_state_displacement/cells/llama/offkd/step_020/E_math.L14.main.direction.pt,stage4_direction_singular_values,128,0.0094958733095166,0.010861665047146344,0.0405041266904834,-0.03913833495285366,-0.03913833495285366,1.1653005495264266,2.160656513520009,0.8581477116838192,0.9727171478286628,0
llama,offkd,20,E_math,14,self_attn.v_proj,0.025,11,displacement_rank,/root/autodl-tmp/cycle09_stage4_state_displacement/cells/llama/offkd/step_020/E_math.L14.main.direction.pt,stage4_direction_singular_values,128,0.024584270474637553,0.02728285217133745,0.02541572952536245,-0.022717147828662552,-0.022717147828662552,1.1653005495264266,2.160656513520009,0.8581477116838192,0.9727171478286628,0
llama,offkd,20,E_math,14,self_attn.v_proj,0.05,6,displacement_rank,/root/autodl-tmp/cycle09_stage4_state_displacement/cells/llama/offkd/step_020/E_math.L14.main.direction.pt,stage4_direction_singular_values,128,0.04469226798366516,0.05243820365050901,0.005307732016334846,0.0024382036505090077,0.0024382036505090077,1.1653005495264266,2.160656513520009,0.8581477116838192,0.9727171478286628,0
llama,offkd,20,E_math,14,self_attn.v_proj,0.1,3,displacement_rank,/root/autodl-tmp/cycle09_stage4_state_displacement/cells/llama/offkd/step_020/E_math.L14.main.direction.pt,stage4_direction_singular_values,128,0.07602073206722808,0.10473328905738485,-0.026020732067228075,0.05473328905738485,-0.026020732067228075,1.1653005495264266,2.160656513520009,0.8581477116838192,0.9727171478286628,0
llama,offkd,20,E_math,14,self_attn.o_proj,0.01,24,displacement_rank,/root/autodl-tmp/cycle09_stage4_state_displacement/cells/llama/offkd/step_020/E_math.L14.main.direction.pt,stage4_direction_singular_values,128,0.008648630726916089,0.010392549070988712,0.041351369273083916,-0.03960745092901129,-0.03960745092901129,1.341759482871309,3.476570020810261,0.7452900559048347,0.9451852145394025,0
llama,offkd,20,E_math,14,self_attn.o_proj,0.025,17,displacement_rank,/root/autodl-tmp/cycle09_stage4_state_displacement/cells/llama/offkd/step_020/E_math.L14.main.direction.pt,stage4_direction_singular_values,128,0.023846203685554766,0.02682222402097117,0.026153796314445237,-0.02317777597902883,-0.02317777597902883,1.341759482871309,3.476570020810261,0.7452900559048347,0.9451852145394025,0
llama,offkd,20,E_math,14,self_attn.o_proj,0.05,11,displacement_rank,/root/autodl-tmp/cycle09_stage4_state_displacement/cells/llama/offkd/step_020/E_math.L14.main.direction.pt,stage4_direction_singular_values,128,0.047849779122298916,0.05481478546059745,0.0021502208777010867,0.004814785460597444,0.0021502208777010867,1.341759482871309,3.476570020810261,0.7452900559048347,0.9451852145394025,0
llama,offkd,20,E_math,14,self_attn.o_proj,0.1,6,displacement_rank,/root/autodl-tmp/cycle09_stage4_state_displacement/cells/llama/offkd/step_020/E_math.L14.main.direction.pt,stage4_direction_singular_values,128,0.09408310233138747,0.10761470138560301,-0.04408310233138747,0.05761470138560301,-0.04408310233138747,1.341759482871309,3.476570020810261,0.7452900559048347,0.9451852145394025,0
llama,offkd,20,E_math,14,mlp.gate_proj,0.01,26,displacement_rank,/root/autodl-tmp/cycle09_stage4_state_displacement/cells/llama/offkd/step_020/E_math.L14.main.direction.pt,stage4_direction_singular_values,128,0.008825237601049305,0.011004839622854383,0.041174762398950696,-0.03899516037714562,-0.03899516037714562,1.2749953678029498,3.164142214653834,0.7843165749873923,0.9341520166909285,0
llama,offkd,20,E_math,14,mlp.gate_proj,0.025,20,displacement_rank,/root/autodl-tmp/cycle09_stage4_state_displacement/cells/llama/offkd/step_020/E_math.L14.main.direction.pt,stage4_direction_singular_values,128,0.02378376365490102,0.026775920734830365,0.02621623634509898,-0.023224079265169638,-0.023224079265169638,1.2749953678029498,3.164142214653834,0.7843165749873923,0.9341520166909285,0
llama,offkd,20,E_math,14,mlp.gate_proj,0.05,13,displacement_rank,/root/autodl-tmp/cycle09_stage4_state_displacement/cells/llama/offkd/step_020/E_math.L14.main.direction.pt,stage4_direction_singular_values,128,0.04985082416539268,0.05466218645965114,0.00014917583460732214,0.004662186459651135,0.00014917583460732214,1.2749953678029498,3.164142214653834,0.7843165749873923,0.9341520166909285,0
llama,offkd,20,E_math,14,mlp.gate_proj,0.1,6,displacement_rank,/root/autodl-tmp/cycle09_stage4_state_displacement/cells/llama/offkd/step_020/E_math.L14.main.direction.pt,stage4_direction_singular_values,128,0.09846223378773439,0.1103702795735098,-0.048462233787734385,0.060370279573509794,-0.048462233787734385,1.2749953678029498,3.164142214653834,0.7843165749873923,0.9341520166909285,0
llama,offkd,20,E_math,14,mlp.up_proj,0.01,24,displacement_rank,/root/autodl-tmp/cycle09_stage4_state_displacement/cells/llama/offkd/step_020/E_math.L14.main.direction.pt,stage4_direction_singular_values,128,0.009103007258880916,0.010745320738131161,0.04089699274111909,-0.03925467926186884,-0.03925467926186884,1.2424104254590975,2.7898335937898446,0.8048869999062334,0.9486074123736432,0
llama,offkd,20,E_math,14,mlp.up_proj,0.025,17,displacement_rank,/root/autodl-tmp/cycle09_stage4_state_displacement/cells/llama/offkd/step_020/E_math.L14.main.direction.pt,stage4_direction_singular_values,128,0.02368664089271319,0.026689013757822688,0.026313359107286813,-0.023310986242177315,-0.023310986242177315,1.2424104254590975,2.7898335937898446,0.8048869999062334,0.9486074123736432,0
llama,offkd,20,E_math,14,mlp.up_proj,0.05,11,displacement_rank,/root/autodl-tmp/cycle09_stage4_state_displacement/cells/llama/offkd/step_020/E_math.L14.main.direction.pt,stage4_direction_singular_values,128,0.04621819740638351,0.05139258762635673,0.00378180259361649,0.0013925876263567241,0.0013925876263567241,1.2424104254590975,2.7898335937898446,0.8048869999062334,0.9486074123736432,0
llama,offkd,20,E_math,14,mlp.up_proj,0.1,4,displacement_rank,/root/autodl-tmp/cycle09_stage4_state_displacement/cells/llama/offkd/step_020/E_math.L14.main.direction.pt,stage4_direction_singular_values,128,0.09987909973259426,0.11731649351620999,-0.04987909973259426,0.06731649351620998,-0.04987909973259426,1.2424104254590975,2.7898335937898446,0.8048869999062334,0.9486074123736432,0
llama,offkd,20,E_math,14,mlp.down_proj,0.01,21,displacement_rank,/root/autodl-tmp/cycle09_stage4_state_displacement/cells/llama/offkd/step_020/E_math.L14.main.direction.pt,stage4_direction_singular_values,128,0.009741972568256483,0.011160102577647655,0.04025802743174352,-0.038839897422352346,-0.038839897422352346,1.1067736890177806,1.8388673645797113,0.9035270804887509,0.9666580110904345,0
llama,offkd,20,E_math,14,mlp.down_proj,0.025,13,displacement_rank,/root/autodl-tmp/cycle09_stage4_state_displacement/cells/llama/offkd/step_020/E_math.L14.main.direction.pt,stage4_direction_singular_values,128,0.0247582163506486,0.027360794718243493,0.025241783649351403,-0.02263920528175651,-0.02263920528175651,1.1067736890177806,1.8388673645797113,0.9035270804887509,0.9666580110904345,0
llama,offkd,20,E_math,14,mlp.down_proj,0.05,7,displacement_rank,/root/autodl-tmp/cycle09_stage4_state_displacement/cells/llama/offkd/step_020/E_math.L14.main.direction.pt,stage4_direction_singular_values,128,0.044995351961087,0.05006962064132497,0.005004648038913005,6.962064132496476e-05,6.962064132496476e-05,1.1067736890177806,1.8388673645797113,0.9035270804887509,0.9666580110904345,0
llama,offkd,20,E_math,14,mlp.down_proj,0.1,1,displacement_rank,/root/autodl-tmp/cycle09_stage4_state_displacement/cells/llama/offkd/step_020/E_math.L14.main.direction.pt,stage4_direction_singular_values,128,0.09647291951124873,0.9999999999999997,-0.046472919511248725,0.9499999999999996,-0.046472919511248725,1.1067736890177806,1.8388673645797113,0.9035270804887509,0.9666580110904345,0
llama,offkd,20,E_ood,14,self_attn.q_proj,0.01,26,displacement_rank,/root/autodl-tmp/cycle09_stage4_state_displacement/cells/llama/offkd/step_020/E_ood.L14.main.direction.pt,stage4_direction_singular_values,128,0.00968668725252475,0.011747289441777733,0.04031331274747525,-0.03825271055822227,-0.03825271055822227,1.4451378884355845,4.2806525964738125,0.6919754910602594,0.9249346761637348,0
llama,offkd,20,E_ood,14,self_attn.q_proj,0.025,20,displacement_rank,/root/autodl-tmp/cycle09_stage4_state_displacement/cells/llama/offkd/step_020/E_ood.L14.main.direction.pt,stage4_direction_singular_values,128,0.024938708764408176,0.028120691204293956,0.025061291235591827,-0.021879308795706046,-0.021879308795706046,1.4451378884355845,4.2806525964738125,0.6919754910602594,0.9249346761637348,0
llama,offkd,20,E_ood,14,self_attn.q_proj,0.05,14,displacement_rank,/root/autodl-tmp/cycle09_stage4_state_displacement/cells/llama/offkd/step_020/E_ood.L14.main.direction.pt,stage4_direction_singular_values,128,0.049901043994609026,0.05568045795874055,9.89560053909766e-05,0.005680457958740545,9.89560053909766e-05,1.4451378884355845,4.2806525964738125,0.6919754910602594,0.9249346761637348,0
llama,offkd,20,E_ood,14,self_attn.q_proj,0.1,8,displacement_rank,/root/autodl-tmp/cycle09_stage4_state_displacement/cells/llama/offkd/step_020/E_ood.L14.main.direction.pt,stage4_direction_singular_values,128,0.09367966048442457,0.105137125190778,-0.043679660484424565,0.055137125190778,-0.043679660484424565,1.4451378884355845,4.2806525964738125,0.6919754910602594,0.9249346761637348,0
llama,offkd,20,E_ood,14,self_attn.k_proj,0.01,26,displacement_rank,/root/autodl-tmp/cycle09_stage4_state_displacement/cells/llama/offkd/step_020/E_ood.L14.main.direction.pt,stage4_direction_singular_values,128,0.009373597373316543,0.01147443437207158,0.04062640262668346,-0.03852556562792842,-0.03852556562792842,1.306456651278514,3.5136657252221526,0.7654291468617715,0.9210499722604202,0
llama,offkd,20,E_ood,14,self_attn.k_proj,0.025,20,displacement_rank,/root/autodl-tmp/cycle09_stage4_state_displacement/cells/llama/offkd/step_020/E_ood.L14.main.direction.pt,stage4_direction_singular_values,128,0.02460233929915251,0.02811546533417732,0.025397660700847494,-0.021884534665822682,-0.021884534665822682,1.306456651278514,3.5136657252221526,0.7654291468617715,0.9210499722604202,0
llama,offkd,20,E_ood,14,self_attn.k_proj,0.05,15,displacement_rank,/root/autodl-tmp/cycle09_stage4_state_displacement/cells/llama/offkd/step_020/E_ood.L14.main.direction.pt,stage4_direction_singular_values,128,0.04581043760427258,0.05103693200476854,0.004189562395727424,0.001036932004768537,0.001036932004768537,1.306456651278514,3.5136657252221526,0.7654291468617715,0.9210499722604202,0
llama,offkd,20,E_ood,14,self_attn.k_proj,0.1,8,displacement_rank,/root/autodl-tmp/cycle09_stage4_state_displacement/cells/llama/offkd/step_020/E_ood.L14.main.direction.pt,stage4_direction_singular_values,128,0.09819403077389495,0.10977955965838843,-0.04819403077389495,0.05977955965838842,-0.04819403077389495,1.306456651278514,3.5136657252221526,0.7654291468617715,0.9210499722604202,0
llama,offkd,20,E_ood,14,self_attn.v_proj,0.01,23,displacement_rank,/root/autodl-tmp/cycle09_stage4_state_displacement/cells/llama/offkd/step_020/E_ood.L14.main.direction.pt,stage4_direction_singular_values,128,0.009175734701506576,0.010680446924587085,0.04082426529849342,-0.03931955307541292,-0.03931955307541292,1.3206550274680515,3.2025235694740877,0.7572000099959422,0.9538714249970006,0
llama,offkd,20,E_ood,14,self_attn.v_proj,0.025,16,displacement_rank,/root/autodl-tmp/cycle09_stage4_state_displacement/cells/llama/offkd/step_020/E_ood.L14.main.direction.pt,stage4_direction_singular_values,128,0.023240752942298704,0.026103571960493177,0.0267592470577013,-0.023896428039506826,-0.023896428039506826,1.3206550274680515,3.2025235694740877,0.7572000099959422,0.9538714249970006,0
llama,offkd,20,E_ood,14,self_attn.v_proj,0.05,10,displacement_rank,/root/autodl-tmp/cycle09_stage4_state_displacement/cells/llama/offkd/step_020/E_ood.L14.main.direction.pt,stage4_direction_singular_values,128,0.04612857500299919,0.051759494699556256,0.0038714249970008136,0.0017594946995562535,0.0017594946995562535,1.3206550274680515,3.2025235694740877,0.7572000099959422,0.9538714249970006,0
llama,offkd,20,E_ood,14,self_attn.v_proj,0.1,5,displacement_rank,/root/autodl-tmp/cycle09_stage4_state_displacement/cells/llama/offkd/step_020/E_ood.L14.main.direction.pt,stage4_direction_singular_values,128,0.08269959156035239,0.10263470901781094,-0.03269959156035239,0.052634709017810935,-0.03269959156035239,1.3206550274680515,3.2025235694740877,0.7572000099959422,0.9538714249970006,0
llama,offkd,20,E_ood,14,self_attn.o_proj,0.01,26,displacement_rank,/root/autodl-tmp/cycle09_stage4_state_displacement/cells/llama/offkd/step_020/E_ood.L14.main.direction.pt,stage4_direction_singular_values,128,0.008288354225796456,0.010328674440944423,0.04171164577420355,-0.03967132555905558,-0.03967132555905558,1.4109098175484989,4.152609015862545,0.7087625215745766,0.9212478140812628,0
llama,offkd,20,E_ood,14,self_attn.o_proj,0.025,20,displacement_rank,/root/autodl-tmp/cycle09_stage4_state_displacement/cells/llama/offkd/step_020/E_ood.L14.main.direction.pt,stage4_direction_singular_values,128,0.024194398001359346,0.027644178474078348,0.025805601998640657,-0.022355821525921655,-0.022355821525921655,1.4109098175484989,4.152609015862545,0.7087625215745766,0.9212478140812628,0
llama,offkd,20,E_ood,14,self_attn.o_proj,0.05,15,displacement_rank,/root/autodl-tmp/cycle09_stage4_state_displacement/cells/llama/offkd/step_020/E_ood.L14.main.direction.pt,stage4_direction_singular_values,128,0.04506220093931054,0.05088378736941424,0.00493779906068946,0.0008837873694142392,0.0008837873694142392,1.4109098175484989,4.152609015862545,0.7087625215745766,0.9212478140812628,0
llama,offkd,20,E_ood,14,self_attn.o_proj,0.1,8,displacement_rank,/root/autodl-tmp/cycle09_stage4_state_displacement/cells/llama/offkd/step_020/E_ood.L14.main.direction.pt,stage4_direction_singular_values,128,0.0984606813988033,0.11057408471161505,-0.0484606813988033,0.060574084711615045,-0.0484606813988033,1.4109098175484989,4.152609015862545,0.7087625215745766,0.9212478140812628,0
llama,offkd,20,E_ood,14,mlp.gate_proj,0.01,28,displacement_rank,/root/autodl-tmp/cycle09_stage4_state_displacement/cells/llama/offkd/step_020/E_ood.L14.main.direction.pt,stage4_direction_singular_values,128,0.00783787531225147,0.010372541656888945,0.042162124687748534,-0.03962745834311106,-0.03962745834311106,1.3972456580172659,4.208568319083261,0.7156937609804639,0.9083624868450313,0
llama,offkd,20,E_ood,14,mlp.gate_proj,0.025,23,displacement_rank,/root/autodl-tmp/cycle09_stage4_state_displacement/cells/llama/offkd/step_020/E_ood.L14.main.direction.pt,stage4_direction_singular_values,128,0.02244485168376835,0.025886853733203676,0.027555148316231654,-0.024113146266796327,-0.024113146266796327,1.3972456580172659,4.208568319083261,0.7156937609804639,0.9083624868450313,0
llama,offkd,20,E_ood,14,mlp.gate_proj,0.05,17,displacement_rank,/root/autodl-tmp/cycle09_stage4_state_displacement/cells/llama/offkd/step_020/E_ood.L14.main.direction.pt,stage4_direction_singular_values,128,0.04734090221877699,0.052522284362152005,0.002659097781223016,0.0025222843621520025,0.0025222843621520025,1.3972456580172659,4.208568319083261,0.7156937609804639,0.9083624868450313,0
llama,offkd,20,E_ood,14,mlp.gate_proj,0.1,10,displacement_rank,/root/autodl-tmp/cycle09_stage4_state_displacement/cells/llama/offkd/step_020/E_ood.L14.main.direction.pt,stage4_direction_singular_values,128,0.0916375131549689,0.10009128058538629,-0.0416375131549689,0.05009128058538628,-0.0416375131549689,1.3972456580172659,4.208568319083261,0.7156937609804639,0.9083624868450313,0
llama,offkd,20,E_ood,14,mlp.up_proj,0.01,27,displacement_rank,/root/autodl-tmp/cycle09_stage4_state_displacement/cells/llama/offkd/step_020/E_ood.L14.main.direction.pt,stage4_direction_singular_values,128,0.009545289193024727,0.012114052569072341,0.040454710806975276,-0.03788594743092766,-0.03788594743092766,1.4758639694554347,4.702858278589217,0.6775692209418058,0.9083327922990098,0
llama,offkd,20,E_ood,14,mlp.up_proj,0.025,22,displacement_rank,/root/autodl-tmp/cycle09_stage4_state_displacement/cells/llama/offkd/step_020/E_ood.L14.main.direction.pt,stage4_direction_singular_values,128,0.024764491465133424,0.028460400861707893,0.02523550853486658,-0.02153959913829211,-0.02153959913829211,1.4758639694554347,4.702858278589217,0.6775692209418058,0.9083327922990098,0
llama,offkd,20,E_ood,14,mlp.up_proj,0.05,17,displacement_rank,/root/autodl-tmp/cycle09_stage4_state_displacement/cells/llama/offkd/step_020/E_ood.L14.main.direction.pt,stage4_direction_singular_values,128,0.04557359282485833,0.0505373369240269,0.004426407175141672,0.000537336924026896,0.000537336924026896,1.4758639694554347,4.702858278589217,0.6775692209418058,0.9083327922990098,0
llama,offkd,20,E_ood,14,mlp.up_proj,0.1,10,displacement_rank,/root/autodl-tmp/cycle09_stage4_state_displacement/cells/llama/offkd/step_020/E_ood.L14.main.direction.pt,stage4_direction_singular_values,128,0.09166720770099018,0.10139204826579899,-0.04166720770099018,0.05139204826579899,-0.04166720770099018,1.4758639694554347,4.702858278589217,0.6775692209418058,0.9083327922990098,0
llama,offkd,20,E_ood,14,mlp.down_proj,0.01,25,displacement_rank,/root/autodl-tmp/cycle09_stage4_state_displacement/cells/llama/offkd/step_020/E_ood.L14.main.direction.pt,stage4_direction_singular_values,128,0.008952924218569965,0.010771876787762709,0.041047075781430034,-0.039228123212237294,-0.039228123212237294,1.1742693073651873,2.3994241582075815,0.8515934068342372,0.9468632489313002,0
llama,offkd,20,E_ood,14,mlp.down_proj,0.025,18,displacement_rank,/root/autodl-tmp/cycle09_stage4_state_displacement/cells/llama/offkd/step_020/E_ood.L14.main.direction.pt,stage4_direction_singular_values,128,0.024018328240060553,0.02662502795247357,0.02598167175993945,-0.02337497204752643,-0.02337497204752643,1.1742693073651873,2.3994241582075815,0.8515934068342372,0.9468632489313002,0
llama,offkd,20,E_ood,14,mlp.down_proj,0.05,11,displacement_rank,/root/autodl-tmp/cycle09_stage4_state_displacement/cells/llama/offkd/step_020/E_ood.L14.main.direction.pt,stage4_direction_singular_values,128,0.04855248624417928,0.05313675106869959,0.001447513755820723,0.003136751068699588,0.001447513755820723,1.1742693073651873,2.3994241582075815,0.8515934068342372,0.9468632489313002,0
llama,offkd,20,E_ood,14,mlp.down_proj,0.1,4,displacement_rank,/root/autodl-tmp/cycle09_stage4_state_displacement/cells/llama/offkd/step_020/E_ood.L14.main.direction.pt,stage4_direction_singular_values,128,0.09825201349772143,0.11083382297492379,-0.04825201349772143,0.06083382297492379,-0.04825201349772143,1.1742693073651873,2.3994241582075815,0.8515934068342372,0.9468632489313002,0
llama,offkd,20,E_if,14,self_attn.q_proj,0.01,27,displacement_rank,/root/autodl-tmp/cycle09_stage4_state_displacement/cells/llama/offkd/step_020/E_if.L14.main.direction.pt,stage4_direction_singular_values,128,0.008909917902107297,0.011282044988364728,0.04109008209789271,-0.038717955011635274,-0.038717955011635274,1.4785640953781822,4.628526609671054,0.6763318567831333,0.9142346481763449,0
llama,offkd,20,E_if,14,self_attn.q_proj,0.025,22,displacement_rank,/root/autodl-tmp/cycle09_stage4_state_displacement/cells/llama/offkd/step_020/E_if.L14.main.direction.pt,stage4_direction_singular_values,128,0.022413263645423873,0.025776469958633478,0.02758673635457613,-0.024223530041366525,-0.024223530041366525,1.4785640953781822,4.628526609671054,0.6763318567831333,0.9142346481763449,0
llama,offkd,20,E_if,14,self_attn.q_proj,0.05,16,displacement_rank,/root/autodl-tmp/cycle09_stage4_state_displacement/cells/llama/offkd/step_020/E_if.L14.main.direction.pt,stage4_direction_singular_values,128,0.04708972901389875,0.05220425229960126,0.0029102709861012557,0.0022042522996012573,0.0022042522996012573,1.4785640953781822,4.628526609671054,0.6763318567831333,0.9142346481763449,0
llama,offkd,20,E_if,14,self_attn.q_proj,0.1,9,displacement_rank,/root/autodl-tmp/cycle09_stage4_state_displacement/cells/llama/offkd/step_020/E_if.L14.main.direction.pt,stage4_direction_singular_values,128,0.09556379393089197,0.10643775260064885,-0.045563793930891966,0.056437752600648844,-0.045563793930891966,1.4785640953781822,4.628526609671054,0.6763318567831333,0.9142346481763449,0
llama,offkd,20,E_if,14,self_attn.k_proj,0.01,27,displacement_rank,/root/autodl-tmp/cycle09_stage4_state_displacement/cells/llama/offkd/step_020/E_if.L14.main.direction.pt,stage4_direction_singular_values,128,0.009759786001882553,0.01235871975102843,0.04024021399811745,-0.03764128024897157,-0.03764128024897157,1.3964110184036242,4.326672315038116,0.7161215335748345,0.9034647554667422,0
llama,offkd,20,E_if,14,self_attn.k_proj,0.025,22,displacement_rank,/root/autodl-tmp/cycle09_stage4_state_displacement/cells/llama/offkd/step_020/E_if.L14.main.direction.pt,stage4_direction_singular_values,128,0.024602535789755794,0.028270711505029817,0.02539746421024421,-0.021729288494970186,-0.021729288494970186,1.3964110184036242,4.326672315038116,0.7161215335748345,0.9034647554667422,0
llama,offkd,20,E_if,14,self_attn.k_proj,0.05,17,displacement_rank,/root/autodl-tmp/cycle09_stage4_state_displacement/cells/llama/offkd/step_020/E_if.L14.main.direction.pt,stage4_direction_singular_values,128,0.04653250723526002,0.05189039830169837,0.0034674927647399822,0.0018903983016983691,0.0018903983016983691,1.3964110184036242,4.326672315038116,0.7161215335748345,0.9034647554667422,0
llama,offkd,20,E_if,14,self_attn.k_proj,0.1,10,displacement_rank,/root/autodl-tmp/cycle09_stage4_state_displacement/cells/llama/offkd/step_020/E_if.L14.main.direction.pt,stage4_direction_singular_values,128,0.0965352445332578,0.10844219102356335,-0.0465352445332578,0.05844219102356335,-0.0465352445332578,1.3964110184036242,4.326672315038116,0.7161215335748345,0.9034647554667422,0
llama,offkd,20,E_if,14,self_attn.v_proj,0.01,23,displacement_rank,/root/autodl-tmp/cycle09_stage4_state_displacement/cells/llama/offkd/step_020/E_if.L14.main.direction.pt,stage4_direction_singular_values,128,0.00904440333789214,0.01057794389945599,0.040955596662107865,-0.039422056100544015,-0.039422056100544015,1.2476156738794728,2.791632933133408,0.8015288850055006,0.9550558698249786,0
llama,offkd,20,E_if,14,self_attn.v_proj,0.025,16,displacement_rank,/root/autodl-tmp/cycle09_stage4_state_displacement/cells/llama/offkd/step_020/E_if.L14.main.direction.pt,stage4_direction_singular_values,128,0.02343299475289872,0.026174267720747154,0.02656700524710128,-0.02382573227925285,-0.02382573227925285,1.2476156738794728,2.791632933133408,0.8015288850055006,0.9550558698249786,0
llama,offkd,20,E_if,14,self_attn.v_proj,0.05,10,displacement_rank,/root/autodl-tmp/cycle09_stage4_state_displacement/cells/llama/offkd/step_020/E_if.L14.main.direction.pt,stage4_direction_singular_values,128,0.044944130175021434,0.05016126977851873,0.005055869824978569,0.00016126977851872726,0.00016126977851872726,1.2476156738794728,2.791632933133408,0.8015288850055006,0.9550558698249786,0
llama,offkd,20,E_if,14,self_attn.v_proj,0.1,4,displacement_rank,/root/autodl-tmp/cycle09_stage4_state_displacement/cells/llama/offkd/step_020/E_if.L14.main.direction.pt,stage4_direction_singular_values,128,0.0946241488534147,0.11496890553256683,-0.0446241488534147,0.06496890553256683,-0.0446241488534147,1.2476156738794728,2.791632933133408,0.8015288850055006,0.9550558698249786,0
llama,offkd,20,E_if,14,self_attn.o_proj,0.01,28,displacement_rank,/root/autodl-tmp/cycle09_stage4_state_displacement/cells/llama/offkd/step_020/E_if.L14.main.direction.pt,stage4_direction_singular_values,128,0.007782904774803206,0.010461644852879396,0.042217095225196795,-0.039538355147120605,-0.039538355147120605,2.431260311972297,8.397006995856112,0.41130930944567423,0.8793344311543922,0
llama,offkd,20,E_if,14,self_attn.o_proj,0.025,23,displacement_rank,/root/autodl-tmp/cycle09_stage4_state_displacement/cells/llama/offkd/step_020/E_if.L14.main.direction.pt,stage4_direction_singular_values,128,0.024870361099404218,0.029058340535723298,0.025129638900595785,-0.020941659464276705,-0.020941659464276705,2.431260311972297,8.397006995856112,0.41130930944567423,0.8793344311543922,0
llama,offkd,20,E_if,14,self_attn.o_proj,0.05,19,displacement_rank,/root/autodl-tmp/cycle09_stage4_state_displacement/cells/llama/offkd/step_020/E_if.L14.main.direction.pt,stage4_direction_singular_values,128,0.0442192462605294,0.05008551852115526,0.005780753739470602,8.551852115525754e-05,8.551852115525754e-05,2.431260311972297,8.397006995856112,0.41130930944567423,0.8793344311543922,0
llama,offkd,20,E_if,14,self_attn.o_proj,0.1,12,displacement_rank,/root/autodl-tmp/cycle09_stage4_state_displacement/cells/llama/offkd/step_020/E_if.L14.main.direction.pt,stage4_direction_singular_values,128,0.09684745779343162,0.10833414307197141,-0.04684745779343162,0.058334143071971406,-0.04684745779343162,2.431260311972297,8.397006995856112,0.41130930944567423,0.8793344311543922,0
llama,offkd,20,E_if,14,mlp.gate_proj,0.01,28,displacement_rank,/root/autodl-tmp/cycle09_stage4_state_displacement/cells/llama/offkd/step_020/E_if.L14.main.direction.pt,stage4_direction_singular_values,128,0.007766428827493153,0.010290413651012348,0.042233571172506854,-0.039709586348987656,-0.039709586348987656,1.3591879290475861,3.9692978165160966,0.7357334321683704,0.9098585278141862,0
llama,offkd,20,E_if,14,mlp.gate_proj,0.025,23,displacement_rank,/root/autodl-tmp/cycle09_stage4_state_displacement/cells/llama/offkd/step_020/E_if.L14.main.direction.pt,stage4_direction_singular_values,128,0.022488470230273998,0.025953212946245877,0.027511529769726005,-0.024046787053754126,-0.024046787053754126,1.3591879290475861,3.9692978165160966,0.7357334321683704,0.9098585278141862,0
llama,offkd,20,E_if,14,mlp.gate_proj,0.05,17,displacement_rank,/root/autodl-tmp/cycle09_stage4_state_displacement/cells/llama/offkd/step_020/E_if.L14.main.direction.pt,stage4_direction_singular_values,128,0.04617275038901106,0.05128122936473625,0.003827249610988945,0.00128122936473625,0.00128122936473625,1.3591879290475861,3.9692978165160966,0.7357334321683704,0.9098585278141862,0
llama,offkd,20,E_if,14,mlp.gate_proj,0.1,9,displacement_rank,/root/autodl-tmp/cycle09_stage4_state_displacement/cells/llama/offkd/step_020/E_if.L14.main.direction.pt,stage4_direction_singular_values,128,0.09926546856663443,0.10963863710839095,-0.04926546856663443,0.05963863710839094,-0.04926546856663443,1.3591879290475861,3.9692978165160966,0.7357334321683704,0.9098585278141862,0
llama,offkd,20,E_if,14,mlp.up_proj,0.01,27,displacement_rank,/root/autodl-tmp/cycle09_stage4_state_displacement/cells/llama/offkd/step_020/E_if.L14.main.direction.pt,stage4_direction_singular_values,128,0.008751692524219437,0.01116654456698176,0.041248307475780566,-0.03883345543301824,-0.03883345543301824,1.3437572837818357,3.7676224980823663,0.7441820126813571,0.9187320302140282,0
llama,offkd,20,E_if,14,mlp.up_proj,0.025,22,displacement_rank,/root/autodl-tmp/cycle09_stage4_state_displacement/cells/llama/offkd/step_020/E_if.L14.main.direction.pt,stage4_direction_singular_values,128,0.022192235187277073,0.025360053616193853,0.02780776481272293,-0.02463994638380615,-0.02463994638380615,1.3437572837818357,3.7676224980823663,0.7441820126813571,0.9187320302140282,0
llama,offkd,20,E_if,14,mlp.up_proj,0.05,15,displacement_rank,/root/autodl-tmp/cycle09_stage4_state_displacement/cells/llama/offkd/step_020/E_if.L14.main.direction.pt,stage4_direction_singular_values,128,0.04960474185053997,0.05472406735506749,0.0003952581494600302,0.004724067355067488,0.0003952581494600302,1.3437572837818357,3.7676224980823663,0.7441820126813571,0.9187320302140282,0
llama,offkd,20,E_if,14,mlp.up_proj,0.1,8,displacement_rank,/root/autodl-tmp/cycle09_stage4_state_displacement/cells/llama/offkd/step_020/E_if.L14.main.direction.pt,stage4_direction_singular_values,128,0.09895516810819471,0.10982135383571699,-0.04895516810819471,0.05982135383571699,-0.04895516810819471,1.3437572837818357,3.7676224980823663,0.7441820126813571,0.9187320302140282,0
llama,offkd,20,E_if,14,mlp.down_proj,0.01,26,displacement_rank,/root/autodl-tmp/cycle09_stage4_state_displacement/cells/llama/offkd/step_020/E_if.L14.main.direction.pt,stage4_direction_singular_values,128,0.008552119387465857,0.010477877242645121,0.04144788061253415,-0.03952212275735488,-0.03952212275735488,1.2104742798610404,2.694110763569375,0.8261224683888349,0.9376293605937197,0
llama,offkd,20,E_if,14,mlp.down_proj,0.025,20,displacement_rank,/root/autodl-tmp/cycle09_stage4_state_displacement/cells/llama/offkd/step_020/E_if.L14.main.direction.pt,stage4_direction_singular_values,128,0.022235863323855593,0.025082111434272733,0.02776413667614441,-0.02491788856572727,-0.02491788856572727,1.2104742798610404,2.694110763569375,0.8261224683888349,0.9376293605937197,0
llama,offkd,20,E_if,14,mlp.down_proj,0.05,13,displacement_rank,/root/autodl-tmp/cycle09_stage4_state_displacement/cells/llama/offkd/step_020/E_if.L14.main.direction.pt,stage4_direction_singular_values,128,0.0465278517750205,0.051517822298089606,0.0034721482249795016,0.0015178222980896036,0.0015178222980896036,1.2104742798610404,2.694110763569375,0.8261224683888349,0.9376293605937197,0
llama,offkd,20,E_if,14,mlp.down_proj,0.1,5,displacement_rank,/root/autodl-tmp/cycle09_stage4_state_displacement/cells/llama/offkd/step_020/E_if.L14.main.direction.pt,stage4_direction_singular_values,128,0.09966230060813139,0.11040152774806473,-0.049662300608131385,0.06040152774806473,-0.049662300608131385,1.2104742798610404,2.694110763569375,0.8261224683888349,0.9376293605937197,0
llama,offkd,40,E_general,14,self_attn.q_proj,0.01,28,displacement_rank,/root/autodl-tmp/cycle09_stage4_state_displacement/cells/llama/offkd/step_040/E_general.L14.main.direction.pt,stage4_direction_singular_values,128,0.00894767552501626,0.011681843900030615,0.04105232447498374,-0.038318156099969386,-0.038318156099969386,1.7145661872947011,6.453233502322676,0.5832379102132143,0.8840541983931787,0
llama,offkd,40,E_general,14,self_attn.q_proj,0.025,24,displacement_rank,/root/autodl-tmp/cycle09_stage4_state_displacement/cells/llama/offkd/step_040/E_general.L14.main.direction.pt,stage4_direction_singular_values,128,0.021574554300170426,0.025657261120298987,0.028425445699829577,-0.024342738879701016,-0.024342738879701016,1.7145661872947011,6.453233502322676,0.5832379102132143,0.8840541983931787,0
llama,offkd,40,E_general,14,self_attn.q_proj,0.05,19,displacement_rank,/root/autodl-tmp/cycle09_stage4_state_displacement/cells/llama/offkd/step_040/E_general.L14.main.direction.pt,stage4_direction_singular_values,128,0.04489057038073412,0.050579459472924554,0.00510942961926588,0.0005794594729245511,0.0005794594729245511,1.7145661872947011,6.453233502322676,0.5832379102132143,0.8840541983931787,0
llama,offkd,40,E_general,14,self_attn.q_proj,0.1,12,displacement_rank,/root/autodl-tmp/cycle09_stage4_state_displacement/cells/llama/offkd/step_040/E_general.L14.main.direction.pt,stage4_direction_singular_values,128,0.09430506267394,0.10411392839743043,-0.04430506267393999,0.05411392839743043,-0.04430506267393999,1.7145661872947011,6.453233502322676,0.5832379102132143,0.8840541983931787,0
llama,offkd,40,E_general,14,self_attn.k_proj,0.01,28,displacement_rank,/root/autodl-tmp/cycle09_stage4_state_displacement/cells/llama/offkd/step_040/E_general.L14.main.direction.pt,stage4_direction_singular_values,128,0.0075621524359641016,0.010190936465122362,0.0424378475640359,-0.03980906353487764,-0.03980906353487764,1.4135853671592682,4.501190361282822,0.7074210183779657,0.8952083138857979,0
llama,offkd,40,E_general,14,self_attn.k_proj,0.025,23,displacement_rank,/root/autodl-tmp/cycle09_stage4_state_displacement/cells/llama/offkd/step_040/E_general.L14.main.direction.pt,stage4_direction_singular_values,128,0.02192688003907277,0.02568057160896967,0.028073119960927234,-0.024319428391030334,-0.024319428391030334,1.4135853671592682,4.501190361282822,0.7074210183779657,0.8952083138857979,0
llama,offkd,40,E_general,14,self_attn.k_proj,0.05,18,displacement_rank,/root/autodl-tmp/cycle09_stage4_state_displacement/cells/llama/offkd/step_040/E_general.L14.main.direction.pt,stage4_direction_singular_values,128,0.044617120753059326,0.050182892981241706,0.005382879246940676,0.00018289298124170295,0.00018289298124170295,1.4135853671592682,4.501190361282822,0.7074210183779657,0.8952083138857979,0
llama,offkd,40,E_general,14,self_attn.k_proj,0.1,11,displacement_rank,/root/autodl-tmp/cycle09_stage4_state_displacement/cells/llama/offkd/step_040/E_general.L14.main.direction.pt,stage4_direction_singular_values,128,0.09478581567336676,0.10479168611420242,-0.04478581567336676,0.05479168611420242,-0.04478581567336676,1.4135853671592682,4.501190361282822,0.7074210183779657,0.8952083138857979,0
llama,offkd,40,E_general,14,self_attn.v_proj,0.01,26,displacement_rank,/root/autodl-tmp/cycle09_stage4_state_displacement/cells/llama/offkd/step_040/E_general.L14.main.direction.pt,stage4_direction_singular_values,128,0.00845757234524078,0.010421664611367188,0.041542427654759226,-0.03957833538863281,-0.03957833538863281,1.4024488574497294,4.010980439072121,0.7130384788636365,0.9286977288033573,0
llama,offkd,40,E_general,14,self_attn.v_proj,0.025,20,displacement_rank,/root/autodl-tmp/cycle09_stage4_state_displacement/cells/llama/offkd/step_040/E_general.L14.main.direction.pt,stage4_direction_singular_values,128,0.022183453023522995,0.02550749442148923,0.027816546976477008,-0.024492505578510772,-0.024492505578510772,1.4024488574497294,4.010980439072121,0.7130384788636365,0.9286977288033573,0
llama,offkd,40,E_general,14,self_attn.v_proj,0.05,14,displacement_rank,/root/autodl-tmp/cycle09_stage4_state_displacement/cells/llama/offkd/step_040/E_general.L14.main.direction.pt,stage4_direction_singular_values,128,0.045853496901331114,0.05123635779578198,0.004146503098668888,0.0012363577957819755,0.0012363577957819755,1.4024488574497294,4.010980439072121,0.7130384788636365,0.9286977288033573,0
llama,offkd,40,E_general,14,self_attn.v_proj,0.1,7,displacement_rank,/root/autodl-tmp/cycle09_stage4_state_displacement/cells/llama/offkd/step_040/E_general.L14.main.direction.pt,stage4_direction_singular_values,128,0.09866233749327875,0.10946192837461624,-0.04866233749327875,0.05946192837461624,-0.04866233749327875,1.4024488574497294,4.010980439072121,0.7130384788636365,0.9286977288033573,0
llama,offkd,40,E_general,14,self_attn.o_proj,0.01,28,displacement_rank,/root/autodl-tmp/cycle09_stage4_state_displacement/cells/llama/offkd/step_040/E_general.L14.main.direction.pt,stage4_direction_singular_values,128,0.009772908909242258,0.01313944022392854,0.04022709109075774,-0.036860559776071465,-0.036860559776071465,2.2528145413010034,9.684152345422241,0.44388918025293755,0.8470280047183075,0
llama,offkd,40,E_general,14,self_attn.o_proj,0.025,25,displacement_rank,/root/autodl-tmp/cycle09_stage4_state_displacement/cells/llama/offkd/step_040/E_general.L14.main.direction.pt,stage4_direction_singular_values,128,0.021198411918072597,0.025807538739721195,0.028801588081927405,-0.024192461260278807,-0.024192461260278807,2.2528145413010034,9.684152345422241,0.44388918025293755,0.8470280047183075,0
llama,offkd,40,E_general,14,self_attn.o_proj,0.05,20,displacement_rank,/root/autodl-tmp/cycle09_stage4_state_displacement/cells/llama/offkd/step_040/E_general.L14.main.direction.pt,stage4_direction_singular_values,128,0.04833209745803968,0.05474445128721243,0.0016679025419603227,0.004744451287212424,0.0016679025419603227,2.2528145413010034,9.684152345422241,0.44388918025293755,0.8470280047183075,0
llama,offkd,40,E_general,14,self_attn.o_proj,0.1,14,displacement_rank,/root/autodl-tmp/cycle09_stage4_state_displacement/cells/llama/offkd/step_040/E_general.L14.main.direction.pt,stage4_direction_singular_values,128,0.09705266579401282,0.10778977216627561,-0.04705266579401282,0.05778977216627561,-0.04705266579401282,2.2528145413010034,9.684152345422241,0.44388918025293755,0.8470280047183075,0
llama,offkd,40,E_general,14,mlp.gate_proj,0.01,28,displacement_rank,/root/autodl-tmp/cycle09_stage4_state_displacement/cells/llama/offkd/step_040/E_general.L14.main.direction.pt,stage4_direction_singular_values,128,0.008472907348035371,0.011072578494828044,0.04152709265196463,-0.03892742150517196,-0.03892742150517196,1.3411920560360076,3.8588390771545944,0.7456053706100632,0.9038950505355372,0
llama,offkd,40,E_general,14,mlp.gate_proj,0.025,23,displacement_rank,/root/autodl-tmp/cycle09_stage4_state_displacement/cells/llama/offkd/step_040/E_general.L14.main.direction.pt,stage4_direction_singular_values,128,0.02380324230143582,0.027551802343075537,0.026196757698564183,-0.022448197656924466,-0.022448197656924466,1.3411920560360076,3.8588390771545944,0.7456053706100632,0.9038950505355372,0
llama,offkd,40,E_general,14,mlp.gate_proj,0.05,18,displacement_rank,/root/autodl-tmp/cycle09_stage4_state_displacement/cells/llama/offkd/step_040/E_general.L14.main.direction.pt,stage4_direction_singular_values,128,0.04506099616822533,0.05018385439297651,0.004939003831774674,0.00018385439297650963,0.00018385439297650963,1.3411920560360076,3.8588390771545944,0.7456053706100632,0.9038950505355372,0
llama,offkd,40,E_general,14,mlp.gate_proj,0.1,10,displacement_rank,/root/autodl-tmp/cycle09_stage4_state_displacement/cells/llama/offkd/step_040/E_general.L14.main.direction.pt,stage4_direction_singular_values,128,0.09610494946446271,0.10481593972596163,-0.04610494946446271,0.05481593972596163,-0.04610494946446271,1.3411920560360076,3.8588390771545944,0.7456053706100632,0.9038950505355372,0
llama,offkd,40,E_general,14,mlp.up_proj,0.01,29,displacement_rank,/root/autodl-tmp/cycle09_stage4_state_displacement/cells/llama/offkd/step_040/E_general.L14.main.direction.pt,stage4_direction_singular_values,128,0.008024766941780982,0.011295848758702431,0.04197523305821902,-0.03870415124129757,-0.03870415124129757,1.6393215951017008,6.38073241673564,0.610008434579282,0.8632847371627492,0
llama,offkd,40,E_general,14,mlp.up_proj,0.025,25,displacement_rank,/root/autodl-tmp/cycle09_stage4_state_displacement/cells/llama/offkd/step_040/E_general.L14.main.direction.pt,stage4_direction_singular_values,128,0.023179463745271092,0.027815311714193592,0.02682053625472891,-0.02218468828580641,-0.02218468828580641,1.6393215951017008,6.38073241673564,0.610008434579282,0.8632847371627492,0
llama,offkd,40,E_general,14,mlp.up_proj,0.05,20,displacement_rank,/root/autodl-tmp/cycle09_stage4_state_displacement/cells/llama/offkd/step_040/E_general.L14.main.direction.pt,stage4_direction_singular_values,128,0.048786297168213706,0.05461162496669092,0.0012137028317862966,0.0046116249666909165,0.0012137028317862966,1.6393215951017008,6.38073241673564,0.610008434579282,0.8632847371627492,0
llama,offkd,40,E_general,14,mlp.up_proj,0.1,14,displacement_rank,/root/autodl-tmp/cycle09_stage4_state_displacement/cells/llama/offkd/step_040/E_general.L14.main.direction.pt,stage4_direction_singular_values,128,0.09299194455064513,0.1026897769776994,-0.04299194455064513,0.0526897769776994,-0.04299194455064513,1.6393215951017008,6.38073241673564,0.610008434579282,0.8632847371627492,0
llama,offkd,40,E_general,14,mlp.down_proj,0.01,29,displacement_rank,/root/autodl-tmp/cycle09_stage4_state_displacement/cells/llama/offkd/step_040/E_general.L14.main.direction.pt,stage4_direction_singular_values,128,0.008382389997311949,0.011433754723040944,0.04161761000268806,-0.03856624527695906,-0.03856624527695906,1.5331400827527524,5.649885638961567,0.6522561188306423,0.8643886926658355,0
llama,offkd,40,E_general,14,mlp.down_proj,0.025,25,displacement_rank,/root/autodl-tmp/cycle09_stage4_state_displacement/cells/llama/offkd/step_040/E_general.L14.main.direction.pt,stage4_direction_singular_values,128,0.023377452042792766,0.02780784225114975,0.026622547957207237,-0.022192157748850253,-0.022192157748850253,1.5331400827527524,5.649885638961567,0.6522561188306423,0.8643886926658355,0
llama,offkd,40,E_general,14,mlp.down_proj,0.05,20,displacement_rank,/root/autodl-tmp/cycle09_stage4_state_displacement/cells/llama/offkd/step_040/E_general.L14.main.direction.pt,stage4_direction_singular_values,128,0.048297854826372666,0.05423335964185313,0.0017021451736273369,0.004233359641853125,0.0017021451736273369,1.5331400827527524,5.649885638961567,0.6522561188306423,0.8643886926658355,0
llama,offkd,40,E_general,14,mlp.down_proj,0.1,14,displacement_rank,/root/autodl-tmp/cycle09_stage4_state_displacement/cells/llama/offkd/step_040/E_general.L14.main.direction.pt,stage4_direction_singular_values,128,0.0916540307084285,0.10101701513712996,-0.04165403070842849,0.05101701513712996,-0.04165403070842849,1.5331400827527524,5.649885638961567,0.6522561188306423,0.8643886926658355,0
llama,offkd,40,E_math,14,self_attn.q_proj,0.01,25,displacement_rank,/root/autodl-tmp/cycle09_stage4_state_displacement/cells/llama/offkd/step_040/E_math.L14.main.direction.pt,stage4_direction_singular_values,128,0.009499370690348554,0.011385885320809452,0.04050062930965145,-0.03861411467919055,-0.03861411467919055,1.3548860972046453,3.667005119178331,0.7380694230040191,0.9334548188843731,0
llama,offkd,40,E_math,14,self_attn.q_proj,0.025,19,displacement_rank,/root/autodl-tmp/cycle09_stage4_state_displacement/cells/llama/offkd/step_040/E_math.L14.main.direction.pt,stage4_direction_singular_values,128,0.023916117133054072,0.027058947916766208,0.02608388286694593,-0.022941052083233795,-0.022941052083233795,1.3548860972046453,3.667005119178331,0.7380694230040191,0.9334548188843731,0
llama,offkd,40,E_math,14,self_attn.q_proj,0.05,13,displacement_rank,/root/autodl-tmp/cycle09_stage4_state_displacement/cells/llama/offkd/step_040/E_math.L14.main.direction.pt,stage4_direction_singular_values,128,0.04656444143726398,0.05245153762147053,0.0034355585627360227,0.0024515376214705245,0.0024515376214705245,1.3548860972046453,3.667005119178331,0.7380694230040191,0.9334548188843731,0
llama,offkd,40,E_math,14,self_attn.q_proj,0.1,7,displacement_rank,/root/autodl-tmp/cycle09_stage4_state_displacement/cells/llama/offkd/step_040/E_math.L14.main.direction.pt,stage4_direction_singular_values,128,0.09443992620017538,0.10673500445051205,-0.04443992620017538,0.05673500445051205,-0.04443992620017538,1.3548860972046453,3.667005119178331,0.7380694230040191,0.9334548188843731,0
llama,offkd,40,E_math,14,self_attn.k_proj,0.01,26,displacement_rank,/root/autodl-tmp/cycle09_stage4_state_displacement/cells/llama/offkd/step_040/E_math.L14.main.direction.pt,stage4_direction_singular_values,128,0.008234229343634068,0.010103716849631014,0.041765770656365934,-0.039896283150368986,-0.039896283150368986,1.2955708899503608,3.391579842256646,0.7718605039345353,0.925090255475752,0
llama,offkd,40,E_math,14,self_attn.k_proj,0.025,20,displacement_rank,/root/autodl-tmp/cycle09_stage4_state_displacement/cells/llama/offkd/step_040/E_math.L14.main.direction.pt,stage4_direction_singular_values,128,0.022120724283456968,0.02540492229825976,0.027879275716543035,-0.024595077701740242,-0.024595077701740242,1.2955708899503608,3.391579842256646,0.7718605039345353,0.925090255475752,0
llama,offkd,40,E_math,14,self_attn.k_proj,0.05,14,displacement_rank,/root/autodl-tmp/cycle09_stage4_state_displacement/cells/llama/offkd/step_040/E_math.L14.main.direction.pt,stage4_direction_singular_values,128,0.04737580369364749,0.053289829797152875,0.002624196306352515,0.0032898297971528725,0.002624196306352515,1.2955708899503608,3.391579842256646,0.7718605039345353,0.925090255475752,0
llama,offkd,40,E_math,14,self_attn.k_proj,0.1,8,displacement_rank,/root/autodl-tmp/cycle09_stage4_state_displacement/cells/llama/offkd/step_040/E_math.L14.main.direction.pt,stage4_direction_singular_values,128,0.09356827655874021,0.10608888768953675,-0.04356827655874021,0.05608888768953675,-0.04356827655874021,1.2955708899503608,3.391579842256646,0.7718605039345353,0.925090255475752,0
llama,offkd,40,E_math,14,self_attn.v_proj,0.01,21,displacement_rank,/root/autodl-tmp/cycle09_stage4_state_displacement/cells/llama/offkd/step_040/E_math.L14.main.direction.pt,stage4_direction_singular_values,128,0.008712577169394449,0.010003993355237962,0.041287422830605554,-0.03999600664476204,-0.03999600664476204,1.1977374693640963,2.418087039705231,0.8349075031700567,0.9656441459987423,0
llama,offkd,40,E_math,14,self_attn.v_proj,0.025,13,displacement_rank,/root/autodl-tmp/cycle09_stage4_state_displacement/cells/llama/offkd/step_040/E_math.L14.main.direction.pt,stage4_direction_singular_values,128,0.023907874479036077,0.02682360761570114,0.026092125520963926,-0.023176392384298864,-0.023176392384298864,1.1977374693640963,2.418087039705231,0.8349075031700567,0.9656441459987423,0
llama,offkd,40,E_math,14,self_attn.v_proj,0.05,7,displacement_rank,/root/autodl-tmp/cycle09_stage4_state_displacement/cells/llama/offkd/step_040/E_math.L14.main.direction.pt,stage4_direction_singular_values,128,0.04931045783175925,0.056283863216443956,0.000689542168240756,0.006283863216443954,0.000689542168240756,1.1977374693640963,2.418087039705231,0.8349075031700567,0.9656441459987423,0
llama,offkd,40,E_math,14,self_attn.v_proj,0.1,3,displacement_rank,/root/autodl-tmp/cycle09_stage4_state_displacement/cells/llama/offkd/step_040/E_math.L14.main.direction.pt,stage4_direction_singular_values,128,0.09537490585809325,0.127303538112094,-0.04537490585809324,0.07730353811209399,-0.04537490585809324,1.1977374693640963,2.418087039705231,0.8349075031700567,0.9656441459987423,0
llama,offkd,40,E_math,14,self_attn.o_proj,0.01,25,displacement_rank,/root/autodl-tmp/cycle09_stage4_state_displacement/cells/llama/offkd/step_040/E_math.L14.main.direction.pt,stage4_direction_singular_values,128,0.008751231794251416,0.01073289225210451,0.04124876820574859,-0.03926710774789549,-0.03926710774789549,1.4626919269427754,4.35927821438879,0.683670964185969,0.9290809785852652,0
llama,offkd,40,E_math,14,self_attn.o_proj,0.025,19,displacement_rank,/root/autodl-tmp/cycle09_stage4_state_displacement/cells/llama/offkd/step_040/E_math.L14.main.direction.pt,stage4_direction_singular_values,128,0.023539243783366713,0.026763595128849366,0.02646075621663329,-0.023236404871150636,-0.023236404871150636,1.4626919269427754,4.35927821438879,0.683670964185969,0.9290809785852652,0
llama,offkd,40,E_math,14,self_attn.o_proj,0.05,13,displacement_rank,/root/autodl-tmp/cycle09_stage4_state_displacement/cells/llama/offkd/step_040/E_math.L14.main.direction.pt,stage4_direction_singular_values,128,0.04870413531472173,0.055070913201352066,0.0012958646852782724,0.005070913201352063,0.0012958646852782724,1.4626919269427754,4.35927821438879,0.683670964185969,0.9290809785852652,0
llama,offkd,40,E_math,14,self_attn.o_proj,0.1,8,displacement_rank,/root/autodl-tmp/cycle09_stage4_state_displacement/cells/llama/offkd/step_040/E_math.L14.main.direction.pt,stage4_direction_singular_values,128,0.09130407361436957,0.10445738746164562,-0.041304073614369566,0.05445738746164562,-0.041304073614369566,1.4626919269427754,4.35927821438879,0.683670964185969,0.9290809785852652,0
llama,offkd,40,E_math,14,mlp.gate_proj,0.01,24,displacement_rank,/root/autodl-tmp/cycle09_stage4_state_displacement/cells/llama/offkd/step_040/E_math.L14.main.direction.pt,stage4_direction_singular_values,128,0.008929468185702824,0.010536026375820321,0.04107053181429718,-0.03946397362417968,-0.03946397362417968,1.1752029997375817,2.348959341287152,0.8509168205180688,0.9551308588789865,0
llama,offkd,40,E_math,14,mlp.gate_proj,0.025,17,displacement_rank,/root/autodl-tmp/cycle09_stage4_state_displacement/cells/llama/offkd/step_040/E_math.L14.main.direction.pt,stage4_direction_singular_values,128,0.02255687256191308,0.025015026355715064,0.027443127438086922,-0.02498497364428494,-0.02498497364428494,1.1752029997375817,2.348959341287152,0.8509168205180688,0.9551308588789865,0
llama,offkd,40,E_math,14,mlp.gate_proj,0.05,9,displacement_rank,/root/autodl-tmp/cycle09_stage4_state_displacement/cells/llama/offkd/step_040/E_math.L14.main.direction.pt,stage4_direction_singular_values,128,0.049608333721477924,0.05490078828476865,0.00039166627852207925,0.004900788284768649,0.00039166627852207925,1.1752029997375817,2.348959341287152,0.8509168205180688,0.9551308588789865,0
llama,offkd,40,E_math,14,mlp.gate_proj,0.1,4,displacement_rank,/root/autodl-tmp/cycle09_stage4_state_displacement/cells/llama/offkd/step_040/E_math.L14.main.direction.pt,stage4_direction_singular_values,128,0.08618041041540454,0.10092900903366979,-0.03618041041540454,0.050929009033669786,-0.03618041041540454,1.1752029997375817,2.348959341287152,0.8509168205180688,0.9551308588789865,0
llama,offkd,40,E_math,14,mlp.up_proj,0.01,24,displacement_rank,/root/autodl-tmp/cycle09_stage4_state_displacement/cells/llama/offkd/step_040/E_math.L14.main.direction.pt,stage4_direction_singular_values,128,0.009551757270065929,0.011257841080958309,0.040448242729934074,-0.038742158919041696,-0.038742158919041696,1.242317254558178,2.825791858244447,0.8049473645567641,0.9458900822928895,0
llama,offkd,40,E_math,14,mlp.up_proj,0.025,17,displacement_rank,/root/autodl-tmp/cycle09_stage4_state_displacement/cells/llama/offkd/step_040/E_math.L14.main.direction.pt,stage4_direction_singular_values,128,0.024866064865418983,0.027906169690999655,0.02513393513458102,-0.022093830309000348,-0.022093830309000348,1.242317254558178,2.825791858244447,0.8049473645567641,0.9458900822928895,0
llama,offkd,40,E_math,14,mlp.up_proj,0.05,11,displacement_rank,/root/autodl-tmp/cycle09_stage4_state_displacement/cells/llama/offkd/step_040/E_math.L14.main.direction.pt,stage4_direction_singular_values,128,0.04836651062643485,0.05410991770711038,0.0016334893735651529,0.004109917707110375,0.0016334893735651529,1.242317254558178,2.825791858244447,0.8049473645567641,0.9458900822928895,0
llama,offkd,40,E_math,14,mlp.up_proj,0.1,5,displacement_rank,/root/autodl-tmp/cycle09_stage4_state_displacement/cells/llama/offkd/step_040/E_math.L14.main.direction.pt,stage4_direction_singular_values,128,0.09349157658501923,0.10636821210039614,-0.04349157658501923,0.05636821210039614,-0.04349157658501923,1.242317254558178,2.825791858244447,0.8049473645567641,0.9458900822928895,0
llama,offkd,40,E_math,14,mlp.down_proj,0.01,23,displacement_rank,/root/autodl-tmp/cycle09_stage4_state_displacement/cells/llama/offkd/step_040/E_math.L14.main.direction.pt,stage4_direction_singular_values,128,0.008652129207433672,0.010089389064601655,0.04134787079256633,-0.03991061093539835,-0.03991061093539835,1.139235501449416,2.097065098443347,0.8777816340236319,0.9581220199303827,0
llama,offkd,40,E_math,14,mlp.down_proj,0.025,15,displacement_rank,/root/autodl-tmp/cycle09_stage4_state_displacement/cells/llama/offkd/step_040/E_math.L14.main.direction.pt,stage4_direction_singular_values,128,0.024911093257890423,0.027702447760507443,0.02508890674210958,-0.02229755223949256,-0.02229755223949256,1.139235501449416,2.097065098443347,0.8777816340236319,0.9581220199303827,0
llama,offkd,40,E_math,14,mlp.down_proj,0.05,9,displacement_rank,/root/autodl-tmp/cycle09_stage4_state_displacement/cells/llama/offkd/step_040/E_math.L14.main.direction.pt,stage4_direction_singular_values,128,0.046230103390561036,0.0517141683030746,0.0037698966094389663,0.0017141683030745952,0.0017141683030745952,1.139235501449416,2.097065098443347,0.8777816340236319,0.9581220199303827,0
llama,offkd,40,E_math,14,mlp.down_proj,0.1,3,displacement_rank,/root/autodl-tmp/cycle09_stage4_state_displacement/cells/llama/offkd/step_040/E_math.L14.main.direction.pt,stage4_direction_singular_values,128,0.08896238996810103,0.10205342002887548,-0.03896238996810103,0.052053420028875474,-0.03896238996810103,1.139235501449416,2.097065098443347,0.8777816340236319,0.9581220199303827,0
llama,offkd,40,E_ood,14,self_attn.q_proj,0.01,25,displacement_rank,/root/autodl-tmp/cycle09_stage4_state_displacement/cells/llama/offkd/step_040/E_ood.L14.main.direction.pt,stage4_direction_singular_values,128,0.009930326180736889,0.011876461365597942,0.040069673819263116,-0.03812353863440206,-0.03812353863440206,1.375401792802517,3.7564812169215767,0.7270602708481287,0.9328737419317245,0
llama,offkd,40,E_ood,14,self_attn.q_proj,0.025,19,displacement_rank,/root/autodl-tmp/cycle09_stage4_state_displacement/cells/llama/offkd/step_040/E_ood.L14.main.direction.pt,stage4_direction_singular_values,128,0.024037769980330387,0.02743112804984118,0.025962230019669616,-0.022568871950158824,-0.022568871950158824,1.375401792802517,3.7564812169215767,0.7270602708481287,0.9328737419317245,0
llama,offkd,40,E_ood,14,self_attn.q_proj,0.05,13,displacement_rank,/root/autodl-tmp/cycle09_stage4_state_displacement/cells/llama/offkd/step_040/E_ood.L14.main.direction.pt,stage4_direction_singular_values,128,0.0487213302604781,0.05438157142811653,0.0012786697395219052,0.004381571428116529,0.0012786697395219052,1.375401792802517,3.7564812169215767,0.7270602708481287,0.9328737419317245,0
llama,offkd,40,E_ood,14,self_attn.q_proj,0.1,7,displacement_rank,/root/autodl-tmp/cycle09_stage4_state_displacement/cells/llama/offkd/step_040/E_ood.L14.main.direction.pt,stage4_direction_singular_values,128,0.09375222803953029,0.10433418862062313,-0.043752228039530286,0.05433418862062313,-0.043752228039530286,1.375401792802517,3.7564812169215767,0.7270602708481287,0.9328737419317245,0
llama,offkd,40,E_ood,14,self_attn.k_proj,0.01,25,displacement_rank,/root/autodl-tmp/cycle09_stage4_state_displacement/cells/llama/offkd/step_040/E_ood.L14.main.direction.pt,stage4_direction_singular_values,128,0.009538565993735017,0.011404072672244452,0.040461434006264986,-0.03859592732775555,-0.03859592732775555,1.2618172608819027,3.1213728517915746,0.7925077830216756,0.9303076084977532,0
llama,offkd,40,E_ood,14,self_attn.k_proj,0.025,19,displacement_rank,/root/autodl-tmp/cycle09_stage4_state_displacement/cells/llama/offkd/step_040/E_ood.L14.main.direction.pt,stage4_direction_singular_values,128,0.02420237247966761,0.027624387055631455,0.025797627520332392,-0.022375612944368548,-0.022375612944368548,1.2618172608819027,3.1213728517915746,0.7925077830216756,0.9303076084977532,0
llama,offkd,40,E_ood,14,self_attn.k_proj,0.05,14,displacement_rank,/root/autodl-tmp/cycle09_stage4_state_displacement/cells/llama/offkd/step_040/E_ood.L14.main.direction.pt,stage4_direction_singular_values,128,0.044881223081215706,0.050053461225543876,0.005118776918784297,5.346122554387295e-05,5.346122554387295e-05,1.2618172608819027,3.1213728517915746,0.7925077830216756,0.9303076084977532,0
llama,offkd,40,E_ood,14,self_attn.k_proj,0.1,7,displacement_rank,/root/autodl-tmp/cycle09_stage4_state_displacement/cells/llama/offkd/step_040/E_ood.L14.main.direction.pt,stage4_direction_singular_values,128,0.09698749558261613,0.10799289743622568,-0.046987495582616126,0.05799289743622568,-0.046987495582616126,1.2618172608819027,3.1213728517915746,0.7925077830216756,0.9303076084977532,0
llama,offkd,40,E_ood,14,self_attn.v_proj,0.01,24,displacement_rank,/root/autodl-tmp/cycle09_stage4_state_displacement/cells/llama/offkd/step_040/E_ood.L14.main.direction.pt,stage4_direction_singular_values,128,0.008531096608227706,0.010024074403886765,0.0414689033917723,-0.03997592559611324,-0.03997592559611324,1.342250559739517,3.4165946470467286,0.7450173834861834,0.9470037337293173,0
llama,offkd,40,E_ood,14,self_attn.v_proj,0.025,17,displacement_rank,/root/autodl-tmp/cycle09_stage4_state_displacement/cells/llama/offkd/step_040/E_ood.L14.main.direction.pt,stage4_direction_singular_values,128,0.02266448699246485,0.025526595895065552,0.027335513007535152,-0.02447340410493445,-0.02447340410493445,1.342250559739517,3.4165946470467286,0.7450173834861834,0.9470037337293173,0
llama,offkd,40,E_ood,14,self_attn.v_proj,0.05,11,displacement_rank,/root/autodl-tmp/cycle09_stage4_state_displacement/cells/llama/offkd/step_040/E_ood.L14.main.direction.pt,stage4_direction_singular_values,128,0.04738008366197553,0.05299626627068284,0.0026199163380244694,0.0029962662706828347,0.0026199163380244694,1.342250559739517,3.4165946470467286,0.7450173834861834,0.9470037337293173,0
llama,offkd,40,E_ood,14,self_attn.v_proj,0.1,5,displacement_rank,/root/autodl-tmp/cycle09_stage4_state_displacement/cells/llama/offkd/step_040/E_ood.L14.main.direction.pt,stage4_direction_singular_values,128,0.09452616353206156,0.11446615630095755,-0.044526163532061555,0.06446615630095755,-0.044526163532061555,1.342250559739517,3.4165946470467286,0.7450173834861834,0.9470037337293173,0
llama,offkd,40,E_ood,14,self_attn.o_proj,0.01,26,displacement_rank,/root/autodl-tmp/cycle09_stage4_state_displacement/cells/llama/offkd/step_040/E_ood.L14.main.direction.pt,stage4_direction_singular_values,128,0.008973010969085073,0.011321763368694393,0.04102698903091493,-0.03867823663130561,-0.03867823663130561,1.462818144734519,4.556537479883949,0.6836119743247279,0.912544924265641,0
llama,offkd,40,E_ood,14,self_attn.o_proj,0.025,21,displacement_rank,/root/autodl-tmp/cycle09_stage4_state_displacement/cells/llama/offkd/step_040/E_ood.L14.main.direction.pt,stage4_direction_singular_values,128,0.02355838879030441,0.02726725037336482,0.026441611209695595,-0.02273274962663518,-0.02273274962663518,1.462818144734519,4.556537479883949,0.6836119743247279,0.912544924265641,0
llama,offkd,40,E_ood,14,self_attn.o_proj,0.05,16,displacement_rank,/root/autodl-tmp/cycle09_stage4_state_displacement/cells/llama/offkd/step_040/E_ood.L14.main.direction.pt,stage4_direction_singular_values,128,0.044659254861171685,0.05045428102933686,0.005340745138828318,0.00045428102933686015,0.00045428102933686015,1.462818144734519,4.556537479883949,0.6836119743247279,0.912544924265641,0
llama,offkd,40,E_ood,14,self_attn.o_proj,0.1,9,displacement_rank,/root/autodl-tmp/cycle09_stage4_state_displacement/cells/llama/offkd/step_040/E_ood.L14.main.direction.pt,stage4_direction_singular_values,128,0.0971137461235905,0.10899023451642964,-0.0471137461235905,0.05899023451642964,-0.0471137461235905,1.462818144734519,4.556537479883949,0.6836119743247279,0.912544924265641,0
llama,offkd,40,E_ood,14,mlp.gate_proj,0.01,26,displacement_rank,/root/autodl-tmp/cycle09_stage4_state_displacement/cells/llama/offkd/step_040/E_ood.L14.main.direction.pt,stage4_direction_singular_values,128,0.008741336095059313,0.010739778705760563,0.04125866390494069,-0.039260221294239436,-0.039260221294239436,1.2419904017538532,2.904760568210779,0.8051592013818053,0.9372007210492972,0
llama,offkd,40,E_ood,14,mlp.gate_proj,0.025,20,displacement_rank,/root/autodl-tmp/cycle09_stage4_state_displacement/cells/llama/offkd/step_040/E_ood.L14.main.direction.pt,stage4_direction_singular_values,128,0.022801053121948904,0.025741469931330755,0.0271989468780511,-0.024258530068669248,-0.024258530068669248,1.2419904017538532,2.904760568210779,0.8051592013818053,0.9372007210492972,0
llama,offkd,40,E_ood,14,mlp.gate_proj,0.05,13,displacement_rank,/root/autodl-tmp/cycle09_stage4_state_displacement/cells/llama/offkd/step_040/E_ood.L14.main.direction.pt,stage4_direction_singular_values,128,0.04706790993548131,0.052039651595660374,0.0029320900645186943,0.0020396515956603717,0.0020396515956603717,1.2419904017538532,2.904760568210779,0.8051592013818053,0.9372007210492972,0
llama,offkd,40,E_ood,14,mlp.gate_proj,0.1,6,displacement_rank,/root/autodl-tmp/cycle09_stage4_state_displacement/cells/llama/offkd/step_040/E_ood.L14.main.direction.pt,stage4_direction_singular_values,128,0.08991259112742747,0.1002444203262055,-0.03991259112742747,0.05024442032620549,-0.03991259112742747,1.2419904017538532,2.904760568210779,0.8051592013818053,0.9372007210492972,0
llama,offkd,40,E_ood,14,mlp.up_proj,0.01,27,displacement_rank,/root/autodl-tmp/cycle09_stage4_state_displacement/cells/llama/offkd/step_040/E_ood.L14.main.direction.pt,stage4_direction_singular_values,128,0.009383174138476549,0.011938734997970204,0.04061682586152345,-0.0380612650020298,-0.0380612650020298,1.447744694026944,4.528147519109946,0.6907295216661931,0.9091982638504194,0
llama,offkd,40,E_ood,14,mlp.up_proj,0.025,22,displacement_rank,/root/autodl-tmp/cycle09_stage4_state_displacement/cells/llama/offkd/step_040/E_ood.L14.main.direction.pt,stage4_direction_singular_values,128,0.024236741365302517,0.02791730080041041,0.025763258634697486,-0.022082699199589592,-0.022082699199589592,1.447744694026944,4.528147519109946,0.6907295216661931,0.9091982638504194,0
llama,offkd,40,E_ood,14,mlp.up_proj,0.05,16,displacement_rank,/root/autodl-tmp/cycle09_stage4_state_displacement/cells/llama/offkd/step_040/E_ood.L14.main.direction.pt,stage4_direction_singular_values,128,0.04943899334864787,0.055078038945038266,0.0005610066513521347,0.005078038945038263,0.0005610066513521347,1.447744694026944,4.528147519109946,0.6907295216661931,0.9091982638504194,0
llama,offkd,40,E_ood,14,mlp.up_proj,0.1,10,displacement_rank,/root/autodl-tmp/cycle09_stage4_state_displacement/cells/llama/offkd/step_040/E_ood.L14.main.direction.pt,stage4_direction_singular_values,128,0.09080173614958088,0.10101694497203104,-0.04080173614958088,0.051016944972031034,-0.04080173614958088,1.447744694026944,4.528147519109946,0.6907295216661931,0.9091982638504194,0
llama,offkd,40,E_ood,14,mlp.down_proj,0.01,25,displacement_rank,/root/autodl-tmp/cycle09_stage4_state_displacement/cells/llama/offkd/step_040/E_ood.L14.main.direction.pt,stage4_direction_singular_values,128,0.008945434190195277,0.010803866097303863,0.041054565809804724,-0.03919613390269614,-0.03919613390269614,1.1808998951184535,2.4534940518047534,0.8468118289566723,0.9456600415936663,0
llama,offkd,40,E_ood,14,mlp.down_proj,0.025,18,displacement_rank,/root/autodl-tmp/cycle09_stage4_state_displacement/cells/llama/offkd/step_040/E_ood.L14.main.direction.pt,stage4_direction_singular_values,128,0.024243521304576233,0.026964599633414684,0.02575647869542377,-0.02303540036658532,-0.02303540036658532,1.1808998951184535,2.4534940518047534,0.8468118289566723,0.9456600415936663,0
llama,offkd,40,E_ood,14,mlp.down_proj,0.05,11,displacement_rank,/root/autodl-tmp/cycle09_stage4_state_displacement/cells/llama/offkd/step_040/E_ood.L14.main.direction.pt,stage4_direction_singular_values,128,0.04959561236767518,0.05433995840633349,0.00040438763232482355,0.004339958406333486,0.00040438763232482355,1.1808998951184535,2.4534940518047534,0.8468118289566723,0.9456600415936663,0
llama,offkd,40,E_ood,14,mlp.down_proj,0.1,5,displacement_rank,/root/autodl-tmp/cycle09_stage4_state_displacement/cells/llama/offkd/step_040/E_ood.L14.main.direction.pt,stage4_direction_singular_values,128,0.09076455928286593,0.10072347850146672,-0.04076455928286593,0.05072347850146672,-0.04076455928286593,1.1808998951184535,2.4534940518047534,0.8468118289566723,0.9456600415936663,0
llama,offkd,40,E_if,14,self_attn.q_proj,0.01,27,displacement_rank,/root/autodl-tmp/cycle09_stage4_state_displacement/cells/llama/offkd/step_040/E_if.L14.main.direction.pt,stage4_direction_singular_values,128,0.008048801116260274,0.010172688211348209,0.04195119888373973,-0.039827311788651794,-0.039827311788651794,1.4291246477852493,4.276394397768373,0.6997290275202553,0.920026799985231,0
llama,offkd,40,E_if,14,self_attn.q_proj,0.025,21,displacement_rank,/root/autodl-tmp/cycle09_stage4_state_displacement/cells/llama/offkd/step_040/E_if.L14.main.direction.pt,stage4_direction_singular_values,128,0.02331086037143589,0.026591395897464332,0.02668913962856411,-0.02340860410253567,-0.02340860410253567,1.4291246477852493,4.276394397768373,0.6997290275202553,0.920026799985231,0
llama,offkd,40,E_if,14,self_attn.q_proj,0.05,15,displacement_rank,/root/autodl-tmp/cycle09_stage4_state_displacement/cells/llama/offkd/step_040/E_if.L14.main.direction.pt,stage4_direction_singular_values,128,0.047768633446583976,0.052776156980743776,0.002231366553416027,0.0027761569807437728,0.002231366553416027,1.4291246477852493,4.276394397768373,0.6997290275202553,0.920026799985231,0
llama,offkd,40,E_if,14,self_attn.q_proj,0.1,8,displacement_rank,/root/autodl-tmp/cycle09_stage4_state_displacement/cells/llama/offkd/step_040/E_if.L14.main.direction.pt,stage4_direction_singular_values,128,0.0996964056674024,0.11072403147007083,-0.049696405667402396,0.06072403147007083,-0.049696405667402396,1.4291246477852493,4.276394397768373,0.6997290275202553,0.920026799985231,0
llama,offkd,40,E_if,14,self_attn.k_proj,0.01,27,displacement_rank,/root/autodl-tmp/cycle09_stage4_state_displacement/cells/llama/offkd/step_040/E_if.L14.main.direction.pt,stage4_direction_singular_values,128,0.00807911140902663,0.010257467201346319,0.04192088859097337,-0.03974253279865368,-0.03974253279865368,1.32875410842462,3.732018497237106,0.7525846909219396,0.91370364473866,0
llama,offkd,40,E_if,14,self_attn.k_proj,0.025,21,displacement_rank,/root/autodl-tmp/cycle09_stage4_state_displacement/cells/llama/offkd/step_040/E_if.L14.main.direction.pt,stage4_direction_singular_values,128,0.02439742220509248,0.027966404668877787,0.025602577794907523,-0.022033595331122216,-0.022033595331122216,1.32875410842462,3.732018497237106,0.7525846909219396,0.91370364473866,0
llama,offkd,40,E_if,14,self_attn.k_proj,0.05,16,displacement_rank,/root/autodl-tmp/cycle09_stage4_state_displacement/cells/llama/offkd/step_040/E_if.L14.main.direction.pt,stage4_direction_singular_values,128,0.04498526338538669,0.050326244964060976,0.0050147366146133104,0.00032624496406097325,0.00032624496406097325,1.32875410842462,3.732018497237106,0.7525846909219396,0.91370364473866,0
llama,offkd,40,E_if,14,self_attn.k_proj,0.1,9,displacement_rank,/root/autodl-tmp/cycle09_stage4_state_displacement/cells/llama/offkd/step_040/E_if.L14.main.direction.pt,stage4_direction_singular_values,128,0.09613723229027649,0.10749015028437499,-0.046137232290276484,0.057490150284374986,-0.046137232290276484,1.32875410842462,3.732018497237106,0.7525846909219396,0.91370364473866,0
llama,offkd,40,E_if,14,self_attn.v_proj,0.01,23,displacement_rank,/root/autodl-tmp/cycle09_stage4_state_displacement/cells/llama/offkd/step_040/E_if.L14.main.direction.pt,stage4_direction_singular_values,128,0.009955851347026446,0.011616378659940264,0.04004414865297356,-0.03838362134005974,-0.03838362134005974,1.2688312990124762,2.9859781298466466,0.7881268382788902,0.9487926057677758,0
llama,offkd,40,E_if,14,self_attn.v_proj,0.025,17,displacement_rank,/root/autodl-tmp/cycle09_stage4_state_displacement/cells/llama/offkd/step_040/E_if.L14.main.direction.pt,stage4_direction_singular_values,128,0.022877029199433043,0.02568789205872963,0.02712297080056696,-0.024312107941270374,-0.024312107941270374,1.2688312990124762,2.9859781298466466,0.7881268382788902,0.9487926057677758,0
llama,offkd,40,E_if,14,self_attn.v_proj,0.05,11,displacement_rank,/root/autodl-tmp/cycle09_stage4_state_displacement/cells/llama/offkd/step_040/E_if.L14.main.direction.pt,stage4_direction_singular_values,128,0.04595650234384537,0.05120739423222448,0.004043497656154631,0.0012073942322244763,0.0012073942322244763,1.2688312990124762,2.9859781298466466,0.7881268382788902,0.9487926057677758,0
llama,offkd,40,E_if,14,self_attn.v_proj,0.1,5,displacement_rank,/root/autodl-tmp/cycle09_stage4_state_displacement/cells/llama/offkd/step_040/E_if.L14.main.direction.pt,stage4_direction_singular_values,128,0.09102454986218174,0.10755390235593985,-0.041024549862181736,0.05755390235593985,-0.041024549862181736,1.2688312990124762,2.9859781298466466,0.7881268382788902,0.9487926057677758,0
llama,offkd,40,E_if,14,self_attn.o_proj,0.01,28,displacement_rank,/root/autodl-tmp/cycle09_stage4_state_displacement/cells/llama/offkd/step_040/E_if.L14.main.direction.pt,stage4_direction_singular_values,128,0.00821856683293307,0.011149615226445971,0.041781433167066936,-0.03885038477355403,-0.03885038477355403,2.7038645422929037,9.044211483092496,0.36984101250574863,0.8670870555925495,0
llama,offkd,40,E_if,14,self_attn.o_proj,0.025,24,displacement_rank,/root/autodl-tmp/cycle09_stage4_state_displacement/cells/llama/offkd/step_040/E_if.L14.main.direction.pt,stage4_direction_singular_values,128,0.022448425447612552,0.02697106002804418,0.02755157455238745,-0.023028939971955823,-0.023028939971955823,2.7038645422929037,9.044211483092496,0.36984101250574863,0.8670870555925495,0
llama,offkd,40,E_if,14,self_attn.o_proj,0.05,19,displacement_rank,/root/autodl-tmp/cycle09_stage4_state_displacement/cells/llama/offkd/step_040/E_if.L14.main.direction.pt,stage4_direction_singular_values,128,0.048899652562887946,0.05503356317524009,0.0011003474371120564,0.005033563175240084,0.0011003474371120564,2.7038645422929037,9.044211483092496,0.36984101250574863,0.8670870555925495,0
llama,offkd,40,E_if,14,self_attn.o_proj,0.1,13,displacement_rank,/root/autodl-tmp/cycle09_stage4_state_displacement/cells/llama/offkd/step_040/E_if.L14.main.direction.pt,stage4_direction_singular_values,128,0.0953533737541979,0.10576652463345405,-0.0453533737541979,0.05576652463345405,-0.0453533737541979,2.7038645422929037,9.044211483092496,0.36984101250574863,0.8670870555925495,0
llama,offkd,40,E_if,14,mlp.gate_proj,0.01,26,displacement_rank,/root/autodl-tmp/cycle09_stage4_state_displacement/cells/llama/offkd/step_040/E_if.L14.main.direction.pt,stage4_direction_singular_values,128,0.008767303542640133,0.010790646319318581,0.04123269645735987,-0.03920935368068142,-0.03920935368068142,1.2166640807969569,2.742609750161797,0.8219195551042862,0.9387436202441695,0
llama,offkd,40,E_if,14,mlp.gate_proj,0.025,20,displacement_rank,/root/autodl-tmp/cycle09_stage4_state_displacement/cells/llama/offkd/step_040/E_if.L14.main.direction.pt,stage4_direction_singular_values,128,0.022471555160882634,0.025260944034576963,0.02752844483911737,-0.02473905596542304,-0.02473905596542304,1.2166640807969569,2.742609750161797,0.8219195551042862,0.9387436202441695,0
llama,offkd,40,E_if,14,mlp.gate_proj,0.05,13,displacement_rank,/root/autodl-tmp/cycle09_stage4_state_displacement/cells/llama/offkd/step_040/E_if.L14.main.direction.pt,stage4_direction_singular_values,128,0.04663866520977433,0.051217311398175494,0.00336133479022567,0.0012173113981754913,0.0012173113981754913,1.2166640807969569,2.742609750161797,0.8219195551042862,0.9387436202441695,0
llama,offkd,40,E_if,14,mlp.gate_proj,0.1,6,displacement_rank,/root/autodl-tmp/cycle09_stage4_state_displacement/cells/llama/offkd/step_040/E_if.L14.main.direction.pt,stage4_direction_singular_values,128,0.090143697119666,0.10098492632686712,-0.04014369711966599,0.05098492632686712,-0.04014369711966599,1.2166640807969569,2.742609750161797,0.8219195551042862,0.9387436202441695,0
llama,offkd,40,E_if,14,mlp.up_proj,0.01,27,displacement_rank,/root/autodl-tmp/cycle09_stage4_state_displacement/cells/llama/offkd/step_040/E_if.L14.main.direction.pt,stage4_direction_singular_values,128,0.008348056750982184,0.01064353813590098,0.04165194324901782,-0.039356461864099024,-0.039356461864099024,1.3116407106762717,3.5282058081224115,0.7624039051703478,0.9215309239543873,0
llama,offkd,40,E_if,14,mlp.up_proj,0.025,21,displacement_rank,/root/autodl-tmp/cycle09_stage4_state_displacement/cells/llama/offkd/step_040/E_if.L14.main.direction.pt,stage4_direction_singular_values,128,0.024229362638708413,0.02754471755184102,0.02577063736129159,-0.022455282448158982,-0.022455282448158982,1.3116407106762717,3.5282058081224115,0.7624039051703478,0.9215309239543873,0
llama,offkd,40,E_if,14,mlp.up_proj,0.05,15,displacement_rank,/root/autodl-tmp/cycle09_stage4_state_displacement/cells/llama/offkd/step_040/E_if.L14.main.direction.pt,stage4_direction_singular_values,128,0.04800101216805477,0.05279901373835133,0.0019989878319452356,0.0027990137383513275,0.0019989878319452356,1.3116407106762717,3.5282058081224115,0.7624039051703478,0.9215309239543873,0
llama,offkd,40,E_if,14,mlp.up_proj,0.1,8,displacement_rank,/root/autodl-tmp/cycle09_stage4_state_displacement/cells/llama/offkd/step_040/E_if.L14.main.direction.pt,stage4_direction_singular_values,128,0.09571980923398665,0.10692915724399486,-0.04571980923398665,0.05692915724399486,-0.04571980923398665,1.3116407106762717,3.5282058081224115,0.7624039051703478,0.9215309239543873,0
llama,offkd,40,E_if,14,mlp.down_proj,0.01,25,displacement_rank,/root/autodl-tmp/cycle09_stage4_state_displacement/cells/llama/offkd/step_040/E_if.L14.main.direction.pt,stage4_direction_singular_values,128,0.00925088538500471,0.011163999663248611,0.040749114614995294,-0.03883600033675139,-0.03883600033675139,1.1859203511631866,2.4923579455970795,0.843226949448308,0.9431208540993762,0
llama,offkd,40,E_if,14,mlp.down_proj,0.025,19,displacement_rank,/root/autodl-tmp/cycle09_stage4_state_displacement/cells/llama/offkd/step_040/E_if.L14.main.direction.pt,stage4_direction_singular_values,128,0.022387157712897288,0.02525606546437537,0.027612842287102715,-0.024743934535624634,-0.024743934535624634,1.1859203511631866,2.4923579455970795,0.843226949448308,0.9431208540993762,0
llama,offkd,40,E_if,14,mlp.down_proj,0.05,12,displacement_rank,/root/autodl-tmp/cycle09_stage4_state_displacement/cells/llama/offkd/step_040/E_if.L14.main.direction.pt,stage4_direction_singular_values,128,0.04676857110246135,0.05170073747954145,0.003231428897538656,0.001700737479541449,0.001700737479541449,1.1859203511631866,2.4923579455970795,0.843226949448308,0.9431208540993762,0
llama,offkd,40,E_if,14,mlp.down_proj,0.1,5,displacement_rank,/root/autodl-tmp/cycle09_stage4_state_displacement/cells/llama/offkd/step_040/E_if.L14.main.direction.pt,stage4_direction_singular_values,128,0.09073874673261999,0.10068029277756478,-0.040738746732619985,0.05068029277756478,-0.040738746732619985,1.1859203511631866,2.4923579455970795,0.843226949448308,0.9431208540993762,0
llama,offkd,80,E_general,14,self_attn.q_proj,0.01,28,displacement_rank,/root/autodl-tmp/cycle09_stage4_state_displacement/cells/llama/offkd/step_080/E_general.L14.main.direction.pt,stage4_direction_singular_values,128,0.009532711525395227,0.012474541214540157,0.040467288474604776,-0.03752545878545985,-0.03752545878545985,1.7719733805826006,6.940890374803695,0.5643425634707976,0.8752467707332826,0
llama,offkd,80,E_general,14,self_attn.q_proj,0.025,24,displacement_rank,/root/autodl-tmp/cycle09_stage4_state_displacement/cells/llama/offkd/step_080/E_general.L14.main.direction.pt,stage4_direction_singular_values,128,0.023172142667148912,0.02742043143314513,0.02682785733285109,-0.022579568566854873,-0.022579568566854873,1.7719733805826006,6.940890374803695,0.5643425634707976,0.8752467707332826,0
llama,offkd,80,E_general,14,self_attn.q_proj,0.05,19,displacement_rank,/root/autodl-tmp/cycle09_stage4_state_displacement/cells/llama/offkd/step_080/E_general.L14.main.direction.pt,stage4_direction_singular_values,128,0.04809216557844504,0.05376598391352381,0.0019078344215549617,0.0037659839135238057,0.0019078344215549617,1.7719733805826006,6.940890374803695,0.5643425634707976,0.8752467707332826,0
llama,offkd,80,E_general,14,self_attn.q_proj,0.1,13,displacement_rank,/root/autodl-tmp/cycle09_stage4_state_displacement/cells/llama/offkd/step_080/E_general.L14.main.direction.pt,stage4_direction_singular_values,128,0.0916546529146831,0.10170925945020014,-0.041654652914683094,0.051709259450200135,-0.041654652914683094,1.7719733805826006,6.940890374803695,0.5643425634707976,0.8752467707332826,0
llama,offkd,80,E_general,14,self_attn.k_proj,0.01,28,displacement_rank,/root/autodl-tmp/cycle09_stage4_state_displacement/cells/llama/offkd/step_080/E_general.L14.main.direction.pt,stage4_direction_singular_values,128,0.008606184468019227,0.011410000811908143,0.04139381553198078,-0.03858999918809186,-0.03858999918809186,1.5144264867114559,5.423563405703662,0.6603159735877826,0.8736559526636387,0
llama,offkd,80,E_general,14,self_attn.k_proj,0.025,24,displacement_rank,/root/autodl-tmp/cycle09_stage4_state_displacement/cells/llama/offkd/step_080/E_general.L14.main.direction.pt,stage4_direction_singular_values,128,0.021316583172680495,0.025232091085385714,0.028683416827319508,-0.02476790891461429,-0.02476790891461429,1.5144264867114559,5.423563405703662,0.6603159735877826,0.8736559526636387,0
llama,offkd,80,E_general,14,self_attn.k_proj,0.05,19,displacement_rank,/root/autodl-tmp/cycle09_stage4_state_displacement/cells/llama/offkd/step_080/E_general.L14.main.direction.pt,stage4_direction_singular_values,128,0.04549836461173414,0.05184847845698047,0.004501635388265861,0.001848478456980468,0.001848478456980468,1.5144264867114559,5.423563405703662,0.6603159735877826,0.8736559526636387,0
llama,offkd,80,E_general,14,self_attn.k_proj,0.1,13,displacement_rank,/root/autodl-tmp/cycle09_stage4_state_displacement/cells/llama/offkd/step_080/E_general.L14.main.direction.pt,stage4_direction_singular_values,128,0.09256694924361855,0.10280982524682467,-0.04256694924361855,0.05280982524682466,-0.04256694924361855,1.5144264867114559,5.423563405703662,0.6603159735877826,0.8736559526636387,0
llama,offkd,80,E_general,14,self_attn.v_proj,0.01,26,displacement_rank,/root/autodl-tmp/cycle09_stage4_state_displacement/cells/llama/offkd/step_080/E_general.L14.main.direction.pt,stage4_direction_singular_values,128,0.009723424867264125,0.012055404513669103,0.04027657513273588,-0.037944595486330904,-0.037944595486330904,1.4691368960072098,4.624259539248833,0.6806717622556343,0.9134536486902851,0
llama,offkd,80,E_general,14,self_attn.v_proj,0.025,21,displacement_rank,/root/autodl-tmp/cycle09_stage4_state_displacement/cells/llama/offkd/step_080/E_general.L14.main.direction.pt,stage4_direction_singular_values,128,0.02312297158886369,0.026480632243324455,0.026877028411136313,-0.023519367756675548,-0.023519367756675548,1.4691368960072098,4.624259539248833,0.6806717622556343,0.9134536486902851,0
llama,offkd,80,E_general,14,self_attn.v_proj,0.05,15,displacement_rank,/root/autodl-tmp/cycle09_stage4_state_displacement/cells/llama/offkd/step_080/E_general.L14.main.direction.pt,stage4_direction_singular_values,128,0.04971905735616107,0.0555972561529762,0.00028094264383893286,0.005597256152976196,0.00028094264383893286,1.4691368960072098,4.624259539248833,0.6806717622556343,0.9134536486902851,0
llama,offkd,80,E_general,14,self_attn.v_proj,0.1,9,displacement_rank,/root/autodl-tmp/cycle09_stage4_state_displacement/cells/llama/offkd/step_080/E_general.L14.main.direction.pt,stage4_direction_singular_values,128,0.09718197750233615,0.10899387191566691,-0.047181977502336145,0.05899387191566691,-0.047181977502336145,1.4691368960072098,4.624259539248833,0.6806717622556343,0.9134536486902851,0
llama,offkd,80,E_general,14,self_attn.o_proj,0.01,29,displacement_rank,/root/autodl-tmp/cycle09_stage4_state_displacement/cells/llama/offkd/step_080/E_general.L14.main.direction.pt,stage4_direction_singular_values,128,0.007382311760167405,0.010777839089791358,0.0426176882398326,-0.039222160910208644,-0.039222160910208644,2.365413217337092,10.610407739247568,0.422759115688788,0.8291628941999813,0
llama,offkd,80,E_general,14,self_attn.o_proj,0.025,25,displacement_rank,/root/autodl-tmp/cycle09_stage4_state_displacement/cells/llama/offkd/step_080/E_general.L14.main.direction.pt,stage4_direction_singular_values,128,0.023624908255704243,0.028775064220588932,0.02637509174429576,-0.02122493577941107,-0.02122493577941107,2.365413217337092,10.610407739247568,0.422759115688788,0.8291628941999813,0
llama,offkd,80,E_general,14,self_attn.o_proj,0.05,21,displacement_rank,/root/autodl-tmp/cycle09_stage4_state_displacement/cells/llama/offkd/step_080/E_general.L14.main.direction.pt,stage4_direction_singular_values,128,0.04733542729163171,0.054341537055445414,0.0026645727083682916,0.004341537055445412,0.0026645727083682916,2.365413217337092,10.610407739247568,0.422759115688788,0.8291628941999813,0
llama,offkd,80,E_general,14,self_attn.o_proj,0.1,15,displacement_rank,/root/autodl-tmp/cycle09_stage4_state_displacement/cells/llama/offkd/step_080/E_general.L14.main.direction.pt,stage4_direction_singular_values,128,0.09697432749093222,0.10821024449667942,-0.04697432749093222,0.058210244496679414,-0.04697432749093222,2.365413217337092,10.610407739247568,0.422759115688788,0.8291628941999813,0
llama,offkd,80,E_general,14,mlp.gate_proj,0.01,24,displacement_rank,/root/autodl-tmp/cycle09_stage4_state_displacement/cells/llama/offkd/step_080/E_general.L14.main.direction.pt,stage4_direction_singular_values,128,0.008672952808586796,0.010197547577678344,0.04132704719141321,-0.03980245242232166,-0.03980245242232166,1.1212614768312634,1.9686868552192998,0.8918526326491176,0.9582066646931882,0
llama,offkd,80,E_general,14,mlp.gate_proj,0.025,16,displacement_rank,/root/autodl-tmp/cycle09_stage4_state_displacement/cells/llama/offkd/step_080/E_general.L14.main.direction.pt,stage4_direction_singular_values,128,0.024035735783553135,0.02641221525722382,0.025964264216446868,-0.02358778474277618,-0.02358778474277618,1.1212614768312634,1.9686868552192998,0.8918526326491176,0.9582066646931882,0
llama,offkd,80,E_general,14,mlp.gate_proj,0.05,8,displacement_rank,/root/autodl-tmp/cycle09_stage4_state_displacement/cells/llama/offkd/step_080/E_general.L14.main.direction.pt,stage4_direction_singular_values,128,0.04937818950309242,0.053776264582622815,0.0006218104969075849,0.0037762645826228125,0.0006218104969075849,1.1212614768312634,1.9686868552192998,0.8918526326491176,0.9582066646931882,0
llama,offkd,80,E_general,14,mlp.gate_proj,0.1,2,displacement_rank,/root/autodl-tmp/cycle09_stage4_state_displacement/cells/llama/offkd/step_080/E_general.L14.main.direction.pt,stage4_direction_singular_values,128,0.09173528323775688,0.10814736735088229,-0.04173528323775688,0.05814736735088229,-0.04173528323775688,1.1212614768312634,1.9686868552192998,0.8918526326491176,0.9582066646931882,0
llama,offkd,80,E_general,14,mlp.up_proj,0.01,29,displacement_rank,/root/autodl-tmp/cycle09_stage4_state_displacement/cells/llama/offkd/step_080/E_general.L14.main.direction.pt,stage4_direction_singular_values,128,0.007609914786202461,0.010643314348907,0.04239008521379754,-0.039356685651093,-0.039356685651093,1.5507941085002959,5.69198659104783,0.6448309253425367,0.8688891921235851,0
llama,offkd,80,E_general,14,mlp.up_proj,0.025,25,displacement_rank,/root/autodl-tmp/cycle09_stage4_state_displacement/cells/llama/offkd/step_080/E_general.L14.main.direction.pt,stage4_direction_singular_values,128,0.021903796771732376,0.026210289825816545,0.028096203228267627,-0.023789710174183458,-0.023789710174183458,1.5507941085002959,5.69198659104783,0.6448309253425367,0.8688891921235851,0
llama,offkd,80,E_general,14,mlp.up_proj,0.05,20,displacement_rank,/root/autodl-tmp/cycle09_stage4_state_displacement/cells/llama/offkd/step_080/E_general.L14.main.direction.pt,stage4_direction_singular_values,128,0.046177299602716056,0.05185918568730287,0.003822700397283947,0.0018591856873028667,0.0018591856873028667,1.5507941085002959,5.69198659104783,0.6448309253425367,0.8688891921235851,0
llama,offkd,80,E_general,14,mlp.up_proj,0.1,13,displacement_rank,/root/autodl-tmp/cycle09_stage4_state_displacement/cells/llama/offkd/step_080/E_general.L14.main.direction.pt,stage4_direction_singular_values,128,0.09883129401065865,0.10843981181257258,-0.04883129401065865,0.05843981181257257,-0.04883129401065865,1.5507941085002959,5.69198659104783,0.6448309253425367,0.8688891921235851,0
llama,offkd,80,E_general,14,mlp.down_proj,0.01,29,displacement_rank,/root/autodl-tmp/cycle09_stage4_state_displacement/cells/llama/offkd/step_080/E_general.L14.main.direction.pt,stage4_direction_singular_values,128,0.008873918744203268,0.012196128260594923,0.04112608125579673,-0.03780387173940508,-0.03780387173940508,1.5681978931390093,5.971589535950227,0.6376746228107305,0.8600177032586734,0
llama,offkd,80,E_general,14,mlp.down_proj,0.025,25,displacement_rank,/root/autodl-tmp/cycle09_stage4_state_displacement/cells/llama/offkd/step_080/E_general.L14.main.direction.pt,stage4_direction_singular_values,128,0.024438940157209085,0.029121776468448293,0.025561059842790917,-0.02087822353155171,-0.02087822353155171,1.5681978931390093,5.971589535950227,0.6376746228107305,0.8600177032586734,0
llama,offkd,80,E_general,14,mlp.down_proj,0.05,21,displacement_rank,/root/autodl-tmp/cycle09_stage4_state_displacement/cells/llama/offkd/step_080/E_general.L14.main.direction.pt,stage4_direction_singular_values,128,0.04407094558497157,0.05013636335005235,0.005929054415028431,0.00013636335005234868,0.00013636335005234868,1.5681978931390093,5.971589535950227,0.6376746228107305,0.8600177032586734,0
llama,offkd,80,E_general,14,mlp.down_proj,0.1,14,displacement_rank,/root/autodl-tmp/cycle09_stage4_state_displacement/cells/llama/offkd/step_080/E_general.L14.main.direction.pt,stage4_direction_singular_values,128,0.09599193984876457,0.10573741922387174,-0.04599193984876457,0.05573741922387174,-0.04599193984876457,1.5681978931390093,5.971589535950227,0.6376746228107305,0.8600177032586734,0
llama,offkd,80,E_math,14,self_attn.q_proj,0.01,25,displacement_rank,/root/autodl-tmp/cycle09_stage4_state_displacement/cells/llama/offkd/step_080/E_math.L14.main.direction.pt,stage4_direction_singular_values,128,0.00973502453298917,0.011794709424443845,0.040264975467010834,-0.03820529057555616,-0.03820529057555616,1.3639092173180025,3.7820446405656423,0.733186628041421,0.9307044416137567,0
llama,offkd,80,E_math,14,self_attn.q_proj,0.025,20,displacement_rank,/root/autodl-tmp/cycle09_stage4_state_displacement/cells/llama/offkd/step_080/E_math.L14.main.direction.pt,stage4_direction_singular_values,128,0.021970330595424793,0.025058357547758647,0.02802966940457521,-0.024941642452241355,-0.024941642452241355,1.3639092173180025,3.7820446405656423,0.733186628041421,0.9307044416137567,0
llama,offkd,80,E_math,14,self_attn.q_proj,0.05,13,displacement_rank,/root/autodl-tmp/cycle09_stage4_state_displacement/cells/llama/offkd/step_080/E_math.L14.main.direction.pt,stage4_direction_singular_values,128,0.04855940488503607,0.05447958607504941,0.0014405951149639301,0.004479586075049405,0.0014405951149639301,1.3639092173180025,3.7820446405656423,0.733186628041421,0.9307044416137567,0
llama,offkd,80,E_math,14,self_attn.q_proj,0.1,7,displacement_rank,/root/autodl-tmp/cycle09_stage4_state_displacement/cells/llama/offkd/step_080/E_math.L14.main.direction.pt,stage4_direction_singular_values,128,0.09838064236298025,0.11258184957107968,-0.048380642362980245,0.06258184957107968,-0.048380642362980245,1.3639092173180025,3.7820446405656423,0.733186628041421,0.9307044416137567,0
llama,offkd,80,E_math,14,self_attn.k_proj,0.01,26,displacement_rank,/root/autodl-tmp/cycle09_stage4_state_displacement/cells/llama/offkd/step_080/E_math.L14.main.direction.pt,stage4_direction_singular_values,128,0.009290982965950233,0.011430537494732782,0.04070901703404977,-0.03856946250526722,-0.03856946250526722,1.352859483280566,3.9008571031118286,0.739175067594668,0.9118957918961731,0
llama,offkd,80,E_math,14,self_attn.k_proj,0.025,21,displacement_rank,/root/autodl-tmp/cycle09_stage4_state_displacement/cells/llama/offkd/step_080/E_math.L14.main.direction.pt,stage4_direction_singular_values,128,0.022849200785895824,0.026546668504928622,0.02715079921410418,-0.02345333149507138,-0.02345333149507138,1.352859483280566,3.9008571031118286,0.739175067594668,0.9118957918961731,0
llama,offkd,80,E_math,14,self_attn.k_proj,0.05,15,displacement_rank,/root/autodl-tmp/cycle09_stage4_state_displacement/cells/llama/offkd/step_080/E_math.L14.main.direction.pt,stage4_direction_singular_values,128,0.049434313447098706,0.05564014370247178,0.0005656865529012969,0.005640143702471775,0.0005656865529012969,1.352859483280566,3.9008571031118286,0.739175067594668,0.9118957918961731,0
llama,offkd,80,E_math,14,self_attn.k_proj,0.1,9,displacement_rank,/root/autodl-tmp/cycle09_stage4_state_displacement/cells/llama/offkd/step_080/E_math.L14.main.direction.pt,stage4_direction_singular_values,128,0.09825778960164419,0.10990088394641848,-0.04825778960164419,0.05990088394641847,-0.04825778960164419,1.352859483280566,3.9008571031118286,0.739175067594668,0.9118957918961731,0
llama,offkd,80,E_math,14,self_attn.v_proj,0.01,22,displacement_rank,/root/autodl-tmp/cycle09_stage4_state_displacement/cells/llama/offkd/step_080/E_math.L14.main.direction.pt,stage4_direction_singular_values,128,0.009959532001177827,0.01167194093607966,0.040040467998822174,-0.03832805906392034,-0.03832805906392034,1.2591149555870205,2.906917019973748,0.7942086586794478,0.9529247608995508,0
llama,offkd,80,E_math,14,self_attn.v_proj,0.025,16,displacement_rank,/root/autodl-tmp/cycle09_stage4_state_displacement/cells/llama/offkd/step_080/E_math.L14.main.direction.pt,stage4_direction_singular_values,128,0.022585743571258823,0.025568690152007044,0.02741425642874118,-0.02443130984799296,-0.02443130984799296,1.2591149555870205,2.906917019973748,0.7942086586794478,0.9529247608995508,0
llama,offkd,80,E_math,14,self_attn.v_proj,0.05,10,displacement_rank,/root/autodl-tmp/cycle09_stage4_state_displacement/cells/llama/offkd/step_080/E_math.L14.main.direction.pt,stage4_direction_singular_values,128,0.04707523910044932,0.05285833654778758,0.0029247608995506824,0.0028583365477875752,0.0028583365477875752,1.2591149555870205,2.906917019973748,0.7942086586794478,0.9529247608995508,0
llama,offkd,80,E_math,14,self_attn.v_proj,0.1,5,displacement_rank,/root/autodl-tmp/cycle09_stage4_state_displacement/cells/llama/offkd/step_080/E_math.L14.main.direction.pt,stage4_direction_singular_values,128,0.08923683750480337,0.10594803902669099,-0.03923683750480336,0.05594803902669099,-0.03923683750480336,1.2591149555870205,2.906917019973748,0.7942086586794478,0.9529247608995508,0
llama,offkd,80,E_math,14,self_attn.o_proj,0.01,26,displacement_rank,/root/autodl-tmp/cycle09_stage4_state_displacement/cells/llama/offkd/step_080/E_math.L14.main.direction.pt,stage4_direction_singular_values,128,0.008307881854281886,0.010438602848831038,0.04169211814571812,-0.039561397151168964,-0.039561397151168964,1.5690690803527045,5.202003306190902,0.6373205695795204,0.9129690025913378,0
llama,offkd,80,E_math,14,self_attn.o_proj,0.025,20,displacement_rank,/root/autodl-tmp/cycle09_stage4_state_displacement/cells/llama/offkd/step_080/E_math.L14.main.direction.pt,stage4_direction_singular_values,128,0.024740135399844106,0.028258183091609594,0.025259864600155897,-0.02174181690839041,-0.02174181690839041,1.5690690803527045,5.202003306190902,0.6373205695795204,0.9129690025913378,0
llama,offkd,80,E_math,14,self_attn.o_proj,0.05,15,displacement_rank,/root/autodl-tmp/cycle09_stage4_state_displacement/cells/llama/offkd/step_080/E_math.L14.main.direction.pt,stage4_direction_singular_values,128,0.04642505732590033,0.052399067178774,0.0035749426740996695,0.0023990671787740003,0.0023990671787740003,1.5690690803527045,5.202003306190902,0.6373205695795204,0.9129690025913378,0
llama,offkd,80,E_math,14,self_attn.o_proj,0.1,9,displacement_rank,/root/autodl-tmp/cycle09_stage4_state_displacement/cells/llama/offkd/step_080/E_math.L14.main.direction.pt,stage4_direction_singular_values,128,0.09919251758800456,0.11202896186934849,-0.04919251758800455,0.06202896186934849,-0.04919251758800455,1.5690690803527045,5.202003306190902,0.6373205695795204,0.9129690025913378,0
llama,offkd,80,E_math,14,mlp.gate_proj,0.01,14,displacement_rank,/root/autodl-tmp/cycle09_stage4_state_displacement/cells/llama/offkd/step_080/E_math.L14.main.direction.pt,stage4_direction_singular_values,128,0.00959291427318251,0.010614446346041624,0.04040708572681749,-0.03938555365395838,-0.03938555365395838,1.0500587478520127,1.3898092917451892,0.9523276693285855,0.9858259797550015,0
llama,offkd,80,E_math,14,mlp.gate_proj,0.025,5,displacement_rank,/root/autodl-tmp/cycle09_stage4_state_displacement/cells/llama/offkd/step_080/E_math.L14.main.direction.pt,stage4_direction_singular_values,128,0.024069223971039107,0.027489979886548964,0.025930776028960895,-0.02251002011345104,-0.02251002011345104,1.0500587478520127,1.3898092917451892,0.9523276693285855,0.9858259797550015,0
llama,offkd,80,E_math,14,mlp.gate_proj,0.05,1,displacement_rank,/root/autodl-tmp/cycle09_stage4_state_displacement/cells/llama/offkd/step_080/E_math.L14.main.direction.pt,stage4_direction_singular_values,128,0.04767233067141443,1.0,0.002327669328585573,0.95,0.002327669328585573,1.0500587478520127,1.3898092917451892,0.9523276693285855,0.9858259797550015,0
llama,offkd,80,E_math,14,mlp.gate_proj,0.1,1,displacement_rank,/root/autodl-tmp/cycle09_stage4_state_displacement/cells/llama/offkd/step_080/E_math.L14.main.direction.pt,stage4_direction_singular_values,128,0.04767233067141443,1.0,0.002327669328585573,0.95,0.002327669328585573,1.0500587478520127,1.3898092917451892,0.9523276693285855,0.9858259797550015,0
llama,offkd,80,E_math,14,mlp.up_proj,0.01,24,displacement_rank,/root/autodl-tmp/cycle09_stage4_state_displacement/cells/llama/offkd/step_080/E_math.L14.main.direction.pt,stage4_direction_singular_values,128,0.009316117569679911,0.011003883779589977,0.04068388243032009,-0.03899611622041003,-0.03899611622041003,1.2276803876689373,2.7250573642749476,0.814544249500274,0.9471313109302919,0
llama,offkd,80,E_math,14,mlp.up_proj,0.025,17,displacement_rank,/root/autodl-tmp/cycle09_stage4_state_displacement/cells/llama/offkd/step_080/E_math.L14.main.direction.pt,stage4_direction_singular_values,128,0.024705516259138003,0.027702317393025318,0.025294483740862,-0.022297682606974685,-0.022297682606974685,1.2276803876689373,2.7250573642749476,0.814544249500274,0.9471313109302919,0
llama,offkd,80,E_math,14,mlp.up_proj,0.05,11,displacement_rank,/root/autodl-tmp/cycle09_stage4_state_displacement/cells/llama/offkd/step_080/E_math.L14.main.direction.pt,stage4_direction_singular_values,128,0.04751629348705596,0.05286868906970804,0.0024837065129440436,0.0028686890697080386,0.0024837065129440436,1.2276803876689373,2.7250573642749476,0.814544249500274,0.9471313109302919,0
llama,offkd,80,E_math,14,mlp.up_proj,0.1,5,displacement_rank,/root/autodl-tmp/cycle09_stage4_state_displacement/cells/llama/offkd/step_080/E_math.L14.main.direction.pt,stage4_direction_singular_values,128,0.09048245016170364,0.10268613203232875,-0.04048245016170364,0.05268613203232875,-0.04048245016170364,1.2276803876689373,2.7250573642749476,0.814544249500274,0.9471313109302919,0
llama,offkd,80,E_math,14,mlp.down_proj,0.01,24,displacement_rank,/root/autodl-tmp/cycle09_stage4_state_displacement/cells/llama/offkd/step_080/E_math.L14.main.direction.pt,stage4_direction_singular_values,128,0.008885819793593576,0.010569051186354936,0.04111418020640643,-0.03943094881364507,-0.03943094881364507,1.1934318205367243,2.520298076648117,0.8379196723196707,0.9483009312406252,0
llama,offkd,80,E_math,14,mlp.down_proj,0.025,17,displacement_rank,/root/autodl-tmp/cycle09_stage4_state_displacement/cells/llama/offkd/step_080/E_math.L14.main.direction.pt,stage4_direction_singular_values,128,0.02439607039379313,0.027430024437705165,0.025603929606206874,-0.022569975562294838,-0.022569975562294838,1.1934318205367243,2.520298076648117,0.8379196723196707,0.9483009312406252,0
llama,offkd,80,E_math,14,mlp.down_proj,0.05,11,displacement_rank,/root/autodl-tmp/cycle09_stage4_state_displacement/cells/llama/offkd/step_080/E_math.L14.main.direction.pt,stage4_direction_singular_values,128,0.04637419514597406,0.05169906875937469,0.0036258048540259435,0.0016990687593746862,0.0016990687593746862,1.1934318205367243,2.520298076648117,0.8379196723196707,0.9483009312406252,0
llama,offkd,80,E_math,14,mlp.down_proj,0.1,5,displacement_rank,/root/autodl-tmp/cycle09_stage4_state_displacement/cells/llama/offkd/step_080/E_math.L14.main.direction.pt,stage4_direction_singular_values,128,0.09021353404941572,0.10070316244954663,-0.04021353404941572,0.05070316244954663,-0.04021353404941572,1.1934318205367243,2.520298076648117,0.8379196723196707,0.9483009312406252,0
llama,offkd,80,E_ood,14,self_attn.q_proj,0.01,26,displacement_rank,/root/autodl-tmp/cycle09_stage4_state_displacement/cells/llama/offkd/step_080/E_ood.L14.main.direction.pt,stage4_direction_singular_values,128,0.00828236705203689,0.010251407931475125,0.041717632947963115,-0.03974859206852488,-0.03974859206852488,1.387054135637356,3.854944732999886,0.7209523942196363,0.9301642419338292,0
llama,offkd,80,E_ood,14,self_attn.q_proj,0.025,20,displacement_rank,/root/autodl-tmp/cycle09_stage4_state_displacement/cells/llama/offkd/step_080/E_ood.L14.main.direction.pt,stage4_direction_singular_values,128,0.022128562937681326,0.025182049887790485,0.027871437062318677,-0.024817950112209518,-0.024817950112209518,1.387054135637356,3.854944732999886,0.7209523942196363,0.9301642419338292,0
llama,offkd,80,E_ood,14,self_attn.q_proj,0.05,13,displacement_rank,/root/autodl-tmp/cycle09_stage4_state_displacement/cells/llama/offkd/step_080/E_ood.L14.main.direction.pt,stage4_direction_singular_values,128,0.04985456126240416,0.05585118165266015,0.00014543873759584325,0.005851181652660145,0.00014543873759584325,1.387054135637356,3.854944732999886,0.7209523942196363,0.9301642419338292,0
llama,offkd,80,E_ood,14,self_attn.q_proj,0.1,7,displacement_rank,/root/autodl-tmp/cycle09_stage4_state_displacement/cells/llama/offkd/step_080/E_ood.L14.main.direction.pt,stage4_direction_singular_values,128,0.09686234391735618,0.10847804919531207,-0.04686234391735618,0.05847804919531206,-0.04686234391735618,1.387054135637356,3.854944732999886,0.7209523942196363,0.9301642419338292,0
llama,offkd,80,E_ood,14,self_attn.k_proj,0.01,26,displacement_rank,/root/autodl-tmp/cycle09_stage4_state_displacement/cells/llama/offkd/step_080/E_ood.L14.main.direction.pt,stage4_direction_singular_values,128,0.009279119333276024,0.011322313436403721,0.04072088066672398,-0.038677686563596284,-0.038677686563596284,1.3312788290983841,3.7162415390253893,0.7511574421094456,0.9159128040563137,0
llama,offkd,80,E_ood,14,self_attn.k_proj,0.025,21,displacement_rank,/root/autodl-tmp/cycle09_stage4_state_displacement/cells/llama/offkd/step_080/E_ood.L14.main.direction.pt,stage4_direction_singular_values,128,0.022604018809102473,0.025959813282875943,0.02739598119089753,-0.02404018671712406,-0.02404018671712406,1.3312788290983841,3.7162415390253893,0.7511574421094456,0.9159128040563137,0
llama,offkd,80,E_ood,14,self_attn.k_proj,0.05,15,displacement_rank,/root/autodl-tmp/cycle09_stage4_state_displacement/cells/llama/offkd/step_080/E_ood.L14.main.direction.pt,stage4_direction_singular_values,128,0.04865251322819873,0.054498377250031746,0.0013474867718012706,0.004498377250031743,0.0013474867718012706,1.3312788290983841,3.7162415390253893,0.7511574421094456,0.9159128040563137,0
llama,offkd,80,E_ood,14,self_attn.k_proj,0.1,9,displacement_rank,/root/autodl-tmp/cycle09_stage4_state_displacement/cells/llama/offkd/step_080/E_ood.L14.main.direction.pt,stage4_direction_singular_values,128,0.09397437963565461,0.10444424346279649,-0.043974379635654606,0.054444243462796485,-0.043974379635654606,1.3312788290983841,3.7162415390253893,0.7511574421094456,0.9159128040563137,0
llama,offkd,80,E_ood,14,self_attn.v_proj,0.01,25,displacement_rank,/root/autodl-tmp/cycle09_stage4_state_displacement/cells/llama/offkd/step_080/E_ood.L14.main.direction.pt,stage4_direction_singular_values,128,0.008521814896737109,0.010444835465117038,0.04147818510326289,-0.03955516453488296,-0.03955516453488296,1.4250639598789234,4.083631189258612,0.7017228897466203,0.9317296455880093,0
llama,offkd,80,E_ood,14,self_attn.v_proj,0.025,19,displacement_rank,/root/autodl-tmp/cycle09_stage4_state_displacement/cells/llama/offkd/step_080/E_ood.L14.main.direction.pt,stage4_direction_singular_values,128,0.022553350273999524,0.025521217319437985,0.02744664972600048,-0.024478782680562017,-0.024478782680562017,1.4250639598789234,4.083631189258612,0.7017228897466203,0.9317296455880093,0
llama,offkd,80,E_ood,14,self_attn.v_proj,0.05,13,displacement_rank,/root/autodl-tmp/cycle09_stage4_state_displacement/cells/llama/offkd/step_080/E_ood.L14.main.direction.pt,stage4_direction_singular_values,128,0.04768958965301268,0.053701873802158864,0.0023104103469873197,0.0037018738021588615,0.0023104103469873197,1.4250639598789234,4.083631189258612,0.7017228897466203,0.9317296455880093,0
llama,offkd,80,E_ood,14,self_attn.v_proj,0.1,7,displacement_rank,/root/autodl-tmp/cycle09_stage4_state_displacement/cells/llama/offkd/step_080/E_ood.L14.main.direction.pt,stage4_direction_singular_values,128,0.09455804780339953,0.10537029430805422,-0.04455804780339953,0.05537029430805422,-0.04455804780339953,1.4250639598789234,4.083631189258612,0.7017228897466203,0.9317296455880093,0
llama,offkd,80,E_ood,14,self_attn.o_proj,0.01,26,displacement_rank,/root/autodl-tmp/cycle09_stage4_state_displacement/cells/llama/offkd/step_080/E_ood.L14.main.direction.pt,stage4_direction_singular_values,128,0.009940825857350087,0.012574815980390737,0.040059174142649916,-0.037425184019609266,-0.037425184019609266,1.5103425413955323,4.997155043275147,0.6621014588359645,0.9014373901848096,0
llama,offkd,80,E_ood,14,self_attn.o_proj,0.025,22,displacement_rank,/root/autodl-tmp/cycle09_stage4_state_displacement/cells/llama/offkd/step_080/E_ood.L14.main.direction.pt,stage4_direction_singular_values,128,0.022271376549847413,0.02625737210776107,0.02772862345015259,-0.023742627892238934,-0.023742627892238934,1.5103425413955323,4.997155043275147,0.6621014588359645,0.9014373901848096,0
llama,offkd,80,E_ood,14,self_attn.o_proj,0.05,17,displacement_rank,/root/autodl-tmp/cycle09_stage4_state_displacement/cells/llama/offkd/step_080/E_ood.L14.main.direction.pt,stage4_direction_singular_values,128,0.04487912838901898,0.05012508548331632,0.005120871610981022,0.00012508548331631453,0.00012508548331631453,1.5103425413955323,4.997155043275147,0.6621014588359645,0.9014373901848096,0
llama,offkd,80,E_ood,14,self_attn.o_proj,0.1,10,displacement_rank,/root/autodl-tmp/cycle09_stage4_state_displacement/cells/llama/offkd/step_080/E_ood.L14.main.direction.pt,stage4_direction_singular_values,128,0.09856260981519038,0.1103188557440271,-0.04856260981519038,0.060318855744027094,-0.04856260981519038,1.5103425413955323,4.997155043275147,0.6621014588359645,0.9014373901848096,0
llama,offkd,80,E_ood,14,mlp.gate_proj,0.01,18,displacement_rank,/root/autodl-tmp/cycle09_stage4_state_displacement/cells/llama/offkd/step_080/E_ood.L14.main.direction.pt,stage4_direction_singular_values,128,0.009855396434314774,0.010950496583507793,0.04014460356568523,-0.03904950341649221,-0.03904950341649221,1.0720574387971311,1.5571923132762246,0.9327858413276988,0.978430835780526,0
llama,offkd,80,E_ood,14,mlp.gate_proj,0.025,9,displacement_rank,/root/autodl-tmp/cycle09_stage4_state_displacement/cells/llama/offkd/step_080/E_ood.L14.main.direction.pt,stage4_direction_singular_values,128,0.02362181163130805,0.025775986226043598,0.026378188368691952,-0.024224013773956405,-0.024224013773956405,1.0720574387971311,1.5571923132762246,0.9327858413276988,0.978430835780526,0
llama,offkd,80,E_ood,14,mlp.gate_proj,0.05,3,displacement_rank,/root/autodl-tmp/cycle09_stage4_state_displacement/cells/llama/offkd/step_080/E_ood.L14.main.direction.pt,stage4_direction_singular_values,128,0.043874608306064745,0.05438630040443783,0.006125391693935257,0.004386300404437826,0.004386300404437826,1.0720574387971311,1.5571923132762246,0.9327858413276988,0.978430835780526,0
llama,offkd,80,E_ood,14,mlp.gate_proj,0.1,1,displacement_rank,/root/autodl-tmp/cycle09_stage4_state_displacement/cells/llama/offkd/step_080/E_ood.L14.main.direction.pt,stage4_direction_singular_values,128,0.0672141586723012,1.0000000000000002,-0.017214158672301194,0.9500000000000002,-0.017214158672301194,1.0720574387971311,1.5571923132762246,0.9327858413276988,0.978430835780526,0
llama,offkd,80,E_ood,14,mlp.up_proj,0.01,27,displacement_rank,/root/autodl-tmp/cycle09_stage4_state_displacement/cells/llama/offkd/step_080/E_ood.L14.main.direction.pt,stage4_direction_singular_values,128,0.008916839238992502,0.011205861971110571,0.0410831607610075,-0.03879413802888943,-0.03879413802888943,1.391003156300301,4.094674962710107,0.7189056297037704,0.9141992400512081,0
llama,offkd,80,E_ood,14,mlp.up_proj,0.025,22,displacement_rank,/root/autodl-tmp/cycle09_stage4_state_displacement/cells/llama/offkd/step_080/E_ood.L14.main.direction.pt,stage4_direction_singular_values,128,0.022592299284052778,0.025963092973341585,0.027407700715947225,-0.024036907026658418,-0.024036907026658418,1.391003156300301,4.094674962710107,0.7189056297037704,0.9141992400512081,0
llama,offkd,80,E_ood,14,mlp.up_proj,0.05,16,displacement_rank,/root/autodl-tmp/cycle09_stage4_state_displacement/cells/llama/offkd/step_080/E_ood.L14.main.direction.pt,stage4_direction_singular_values,128,0.046756962014472325,0.052173493734018916,0.0032430379855276775,0.0021734937340189137,0.0021734937340189137,1.391003156300301,4.094674962710107,0.7189056297037704,0.9141992400512081,0
llama,offkd,80,E_ood,14,mlp.up_proj,0.1,9,displacement_rank,/root/autodl-tmp/cycle09_stage4_state_displacement/cells/llama/offkd/step_080/E_ood.L14.main.direction.pt,stage4_direction_singular_values,128,0.09480851872770296,0.10484896309636768,-0.04480851872770296,0.05484896309636768,-0.04480851872770296,1.391003156300301,4.094674962710107,0.7189056297037704,0.9141992400512081,0
llama,offkd,80,E_ood,14,mlp.down_proj,0.01,25,displacement_rank,/root/autodl-tmp/cycle09_stage4_state_displacement/cells/llama/offkd/step_080/E_ood.L14.main.direction.pt,stage4_direction_singular_values,128,0.008633231790212359,0.010298584506554024,0.041366768209787644,-0.03970141549344598,-0.03970141549344598,1.1809670743632439,2.438074805607284,0.8467636581139926,0.9485877582554011,0
llama,offkd,80,E_ood,14,mlp.down_proj,0.025,18,displacement_rank,/root/autodl-tmp/cycle09_stage4_state_displacement/cells/llama/offkd/step_080/E_ood.L14.main.direction.pt,stage4_direction_singular_values,128,0.023058836358137404,0.025772552007120718,0.0269411636418626,-0.024227447992879285,-0.024227447992879285,1.1809670743632439,2.438074805607284,0.8467636581139926,0.9485877582554011,0
llama,offkd,80,E_ood,14,mlp.down_proj,0.05,11,displacement_rank,/root/autodl-tmp/cycle09_stage4_state_displacement/cells/llama/offkd/step_080/E_ood.L14.main.direction.pt,stage4_direction_singular_values,128,0.0469850913584672,0.05141224174459885,0.0030149086415328027,0.0014122417445988494,0.0014122417445988494,1.1809670743632439,2.438074805607284,0.8467636581139926,0.9485877582554011,0
llama,offkd,80,E_ood,14,mlp.down_proj,0.1,4,displacement_rank,/root/autodl-tmp/cycle09_stage4_state_displacement/cells/llama/offkd/step_080/E_ood.L14.main.direction.pt,stage4_direction_singular_values,128,0.09841642975068571,0.11202301564134595,-0.048416429750685705,0.06202301564134595,-0.048416429750685705,1.1809670743632439,2.438074805607284,0.8467636581139926,0.9485877582554011,0
llama,offkd,80,E_if,14,self_attn.q_proj,0.01,27,displacement_rank,/root/autodl-tmp/cycle09_stage4_state_displacement/cells/llama/offkd/step_080/E_if.L14.main.direction.pt,stage4_direction_singular_values,128,0.00826964241022386,0.010577957504458424,0.04173035758977614,-0.03942204249554158,-0.03942204249554158,1.4272271602710125,4.3034206858158806,0.7006593118716383,0.9187024657417369,0
llama,offkd,80,E_if,14,self_attn.q_proj,0.025,21,displacement_rank,/root/autodl-tmp/cycle09_stage4_state_displacement/cells/llama/offkd/step_080/E_if.L14.main.direction.pt,stage4_direction_singular_values,128,0.023779362631115103,0.027319479058442515,0.0262206373688849,-0.022680520941557487,-0.022680520941557487,1.4272271602710125,4.3034206858158806,0.7006593118716383,0.9187024657417369,0
llama,offkd,80,E_if,14,self_attn.q_proj,0.05,15,displacement_rank,/root/autodl-tmp/cycle09_stage4_state_displacement/cells/llama/offkd/step_080/E_if.L14.main.direction.pt,stage4_direction_singular_values,128,0.04859710588207264,0.05368603486278272,0.001402894117927364,0.003686034862782718,0.001402894117927364,1.4272271602710125,4.3034206858158806,0.7006593118716383,0.9187024657417369,0
llama,offkd,80,E_if,14,self_attn.q_proj,0.1,9,displacement_rank,/root/autodl-tmp/cycle09_stage4_state_displacement/cells/llama/offkd/step_080/E_if.L14.main.direction.pt,stage4_direction_singular_values,128,0.09052313260664498,0.1009414769298906,-0.040523132606644974,0.050941476929890595,-0.040523132606644974,1.4272271602710125,4.3034206858158806,0.7006593118716383,0.9187024657417369,0
llama,offkd,80,E_if,14,self_attn.k_proj,0.01,27,displacement_rank,/root/autodl-tmp/cycle09_stage4_state_displacement/cells/llama/offkd/step_080/E_if.L14.main.direction.pt,stage4_direction_singular_values,128,0.008744996282988172,0.011225633376206965,0.04125500371701183,-0.038774366623793036,-0.038774366623793036,1.37882694812286,4.2014699650711576,0.7252541744715706,0.899016831918729,0
llama,offkd,80,E_if,14,self_attn.k_proj,0.025,22,displacement_rank,/root/autodl-tmp/cycle09_stage4_state_displacement/cells/llama/offkd/step_080/E_if.L14.main.direction.pt,stage4_direction_singular_values,128,0.02339666023389233,0.02707735562992041,0.026603339766107674,-0.022922644370079594,-0.022922644370079594,1.37882694812286,4.2014699650711576,0.7252541744715706,0.899016831918729,0
llama,offkd,80,E_if,14,self_attn.k_proj,0.05,17,displacement_rank,/root/autodl-tmp/cycle09_stage4_state_displacement/cells/llama/offkd/step_080/E_if.L14.main.direction.pt,stage4_direction_singular_values,128,0.045351967811430915,0.05120331942646972,0.004648032188569087,0.001203319426469715,0.001203319426469715,1.37882694812286,4.2014699650711576,0.7252541744715706,0.899016831918729,0
llama,offkd,80,E_if,14,self_attn.k_proj,0.1,11,displacement_rank,/root/autodl-tmp/cycle09_stage4_state_displacement/cells/llama/offkd/step_080/E_if.L14.main.direction.pt,stage4_direction_singular_values,128,0.09030503361576814,0.10098316808127138,-0.040305033615768135,0.050983168081271374,-0.040305033615768135,1.37882694812286,4.2014699650711576,0.7252541744715706,0.899016831918729,0
llama,offkd,80,E_if,14,self_attn.v_proj,0.01,24,displacement_rank,/root/autodl-tmp/cycle09_stage4_state_displacement/cells/llama/offkd/step_080/E_if.L14.main.direction.pt,stage4_direction_singular_values,128,0.009896577470839,0.011781675801685858,0.040103422529161006,-0.03821832419831414,-0.03821832419831414,1.3157369960376653,3.3898947859526207,0.7600303122975903,0.9368233116765884,0
llama,offkd,80,E_if,14,self_attn.v_proj,0.025,18,displacement_rank,/root/autodl-tmp/cycle09_stage4_state_displacement/cells/llama/offkd/step_080/E_if.L14.main.direction.pt,stage4_direction_singular_values,128,0.024652476467464983,0.027878734425429166,0.02534752353253502,-0.022121265574570836,-0.022121265574570836,1.3157369960376653,3.3898947859526207,0.7600303122975903,0.9368233116765884,0
llama,offkd,80,E_if,14,self_attn.v_proj,0.05,13,displacement_rank,/root/autodl-tmp/cycle09_stage4_state_displacement/cells/llama/offkd/step_080/E_if.L14.main.direction.pt,stage4_direction_singular_values,128,0.044902111480354556,0.05042609792851513,0.0050978885196454465,0.0004260979285151262,0.0004260979285151262,1.3157369960376653,3.3898947859526207,0.7600303122975903,0.9368233116765884,0
llama,offkd,80,E_if,14,self_attn.v_proj,0.1,6,displacement_rank,/root/autodl-tmp/cycle09_stage4_state_displacement/cells/llama/offkd/step_080/E_if.L14.main.direction.pt,stage4_direction_singular_values,128,0.09880423976397264,0.11094446406538275,-0.048804239763972634,0.060944464065382745,-0.048804239763972634,1.3157369960376653,3.3898947859526207,0.7600303122975903,0.9368233116765884,0
llama,offkd,80,E_if,14,self_attn.o_proj,0.01,28,displacement_rank,/root/autodl-tmp/cycle09_stage4_state_displacement/cells/llama/offkd/step_080/E_if.L14.main.direction.pt,stage4_direction_singular_values,128,0.009448336571299615,0.01271378470845134,0.04055166342870039,-0.037286215291548665,-0.037286215291548665,2.957135936117632,10.427167912207354,0.33816504266384223,0.8444187146125118,0
llama,offkd,80,E_if,14,self_attn.o_proj,0.025,25,displacement_rank,/root/autodl-tmp/cycle09_stage4_state_displacement/cells/llama/offkd/step_080/E_if.L14.main.direction.pt,stage4_direction_singular_values,128,0.02130223786457322,0.026196672617050287,0.028697762135426783,-0.023803327382949716,-0.023803327382949716,2.957135936117632,10.427167912207354,0.33816504266384223,0.8444187146125118,0
llama,offkd,80,E_if,14,self_attn.o_proj,0.05,21,displacement_rank,/root/autodl-tmp/cycle09_stage4_state_displacement/cells/llama/offkd/step_080/E_if.L14.main.direction.pt,stage4_direction_singular_values,128,0.04352842621342816,0.05026936814661886,0.006471573786571844,0.00026936814661885494,0.00026936814661885494,2.957135936117632,10.427167912207354,0.33816504266384223,0.8444187146125118,0
llama,offkd,80,E_if,14,self_attn.o_proj,0.1,14,displacement_rank,/root/autodl-tmp/cycle09_stage4_state_displacement/cells/llama/offkd/step_080/E_if.L14.main.direction.pt,stage4_direction_singular_values,128,0.09950704455644867,0.11108176347220722,-0.049507044556448665,0.061081763472207215,-0.049507044556448665,2.957135936117632,10.427167912207354,0.33816504266384223,0.8444187146125118,0
llama,offkd,80,E_if,14,mlp.gate_proj,0.01,19,displacement_rank,/root/autodl-tmp/cycle09_stage4_state_displacement/cells/llama/offkd/step_080/E_if.L14.main.direction.pt,stage4_direction_singular_values,128,0.009380617099745775,0.010473339136000242,0.04061938290025423,-0.03952666086399976,-0.03952666086399976,1.0714508063429835,1.564483678886905,0.9333139646542845,0.9767743787190705,0
llama,offkd,80,E_if,14,mlp.gate_proj,0.025,10,displacement_rank,/root/autodl-tmp/cycle09_stage4_state_displacement/cells/llama/offkd/step_080/E_if.L14.main.direction.pt,stage4_direction_singular_values,128,0.023225621280929577,0.02563944549311017,0.026774378719070426,-0.02436055450688983,-0.02436055450688983,1.0714508063429835,1.564483678886905,0.9333139646542845,0.9767743787190705,0
llama,offkd,80,E_if,14,mlp.gate_proj,0.05,3,displacement_rank,/root/autodl-tmp/cycle09_stage4_state_displacement/cells/llama/offkd/step_080/E_if.L14.main.direction.pt,stage4_direction_singular_values,128,0.048658665570932826,0.056302178727356544,0.0013413344290671772,0.006302178727356542,0.0013413344290671772,1.0714508063429835,1.564483678886905,0.9333139646542845,0.9767743787190705,0
llama,offkd,80,E_if,14,mlp.gate_proj,0.1,1,displacement_rank,/root/autodl-tmp/cycle09_stage4_state_displacement/cells/llama/offkd/step_080/E_if.L14.main.direction.pt,stage4_direction_singular_values,128,0.06668603534571549,0.9999999999999999,-0.016686035345715486,0.9499999999999998,-0.016686035345715486,1.0714508063429835,1.564483678886905,0.9333139646542845,0.9767743787190705,0
llama,offkd,80,E_if,14,mlp.up_proj,0.01,26,displacement_rank,/root/autodl-tmp/cycle09_stage4_state_displacement/cells/llama/offkd/step_080/E_if.L14.main.direction.pt,stage4_direction_singular_values,128,0.009621221142736034,0.011756336197107944,0.04037877885726397,-0.038243663802892056,-0.038243663802892056,1.2632164694015964,3.127357773031477,0.7916299575113316,0.9278145988756934,0
llama,offkd,80,E_if,14,mlp.up_proj,0.025,21,displacement_rank,/root/autodl-tmp/cycle09_stage4_state_displacement/cells/llama/offkd/step_080/E_if.L14.main.direction.pt,stage4_direction_singular_values,128,0.02219599288049257,0.02518954595760191,0.027804007119507434,-0.02481045404239809,-0.02481045404239809,1.2632164694015964,3.127357773031477,0.7916299575113316,0.9278145988756934,0
llama,offkd,80,E_if,14,mlp.up_proj,0.05,14,displacement_rank,/root/autodl-tmp/cycle09_stage4_state_displacement/cells/llama/offkd/step_080/E_if.L14.main.direction.pt,stage4_direction_singular_values,128,0.049041141143431846,0.05359121722544873,0.0009588588565681566,0.00359121722544873,0.0009588588565681566,1.2632164694015964,3.127357773031477,0.7916299575113316,0.9278145988756934,0
llama,offkd,80,E_if,14,mlp.up_proj,0.1,7,displacement_rank,/root/autodl-tmp/cycle09_stage4_state_displacement/cells/llama/offkd/step_080/E_if.L14.main.direction.pt,stage4_direction_singular_values,128,0.09657056444899673,0.10711964137128425,-0.046570564448996724,0.05711964137128425,-0.046570564448996724,1.2632164694015964,3.127357773031477,0.7916299575113316,0.9278145988756934,0
llama,offkd,80,E_if,14,mlp.down_proj,0.01,25,displacement_rank,/root/autodl-tmp/cycle09_stage4_state_displacement/cells/llama/offkd/step_080/E_if.L14.main.direction.pt,stage4_direction_singular_values,128,0.008871673585766987,0.010648867204746164,0.041128326414233016,-0.03935113279525384,-0.03935113279525384,1.1782252798888508,2.4228716763032927,0.8487341233200633,0.9463259302623115,0
llama,offkd,80,E_if,14,mlp.down_proj,0.025,18,displacement_rank,/root/autodl-tmp/cycle09_stage4_state_displacement/cells/llama/offkd/step_080/E_if.L14.main.direction.pt,stage4_direction_singular_values,128,0.023675850544607795,0.02635926011890544,0.026324149455392208,-0.023640739881094563,-0.023640739881094563,1.1782252798888508,2.4228716763032927,0.8487341233200633,0.9463259302623115,0
llama,offkd,80,E_if,14,mlp.down_proj,0.05,11,displacement_rank,/root/autodl-tmp/cycle09_stage4_state_displacement/cells/llama/offkd/step_080/E_if.L14.main.direction.pt,stage4_direction_singular_values,128,0.04867643869062562,0.053674069737688936,0.0013235613093743812,0.003674069737688933,0.0013235613093743812,1.1782252798888508,2.4228716763032927,0.8487341233200633,0.9463259302623115,0
llama,offkd,80,E_if,14,mlp.down_proj,0.1,4,displacement_rank,/root/autodl-tmp/cycle09_stage4_state_displacement/cells/llama/offkd/step_080/E_if.L14.main.direction.pt,stage4_direction_singular_values,128,0.09564782439022082,0.1118320961131464,-0.04564782439022082,0.0618320961131464,-0.04564782439022082,1.1782252798888508,2.4228716763032927,0.8487341233200633,0.9463259302623115,0
llama,seqkd,20,E_general,14,self_attn.q_proj,0.01,29,displacement_rank,/root/autodl-tmp/cycle09_stage4_state_displacement/cells/llama/seqkd/step_020/E_general.L14.main.direction.pt,stage4_direction_singular_values,128,0.0081698969404736,0.011694324579615204,0.041830103059526405,-0.0383056754203848,-0.0383056754203848,2.0538432220235103,8.60195457743714,0.4868920807961032,0.851991086581932,0
llama,seqkd,20,E_general,14,self_attn.q_proj,0.025,25,displacement_rank,/root/autodl-tmp/cycle09_stage4_state_displacement/cells/llama/seqkd/step_020/E_general.L14.main.direction.pt,stage4_direction_singular_values,128,0.023602701157792057,0.028290167803748132,0.026397298842207945,-0.02170983219625187,-0.02170983219625187,2.0538432220235103,8.60195457743714,0.4868920807961032,0.851991086581932,0
llama,seqkd,20,E_general,14,self_attn.q_proj,0.05,21,displacement_rank,/root/autodl-tmp/cycle09_stage4_state_displacement/cells/llama/seqkd/step_020/E_general.L14.main.direction.pt,stage4_direction_singular_values,128,0.04549996508628711,0.05159908870629553,0.00450003491371289,0.0015990887062955275,0.0015990887062955275,2.0538432220235103,8.60195457743714,0.4868920807961032,0.851991086581932,0
llama,seqkd,20,E_general,14,self_attn.q_proj,0.1,14,displacement_rank,/root/autodl-tmp/cycle09_stage4_state_displacement/cells/llama/seqkd/step_020/E_general.L14.main.direction.pt,stage4_direction_singular_values,128,0.09800658983530859,0.10870644300267429,-0.04800658983530859,0.05870644300267429,-0.04800658983530859,2.0538432220235103,8.60195457743714,0.4868920807961032,0.851991086581932,0
llama,seqkd,20,E_general,14,self_attn.k_proj,0.01,29,displacement_rank,/root/autodl-tmp/cycle09_stage4_state_displacement/cells/llama/seqkd/step_020/E_general.L14.main.direction.pt,stage4_direction_singular_values,128,0.008013883894766063,0.011363441307172222,0.04198611610523394,-0.03863655869282778,-0.03863655869282778,1.6739276299702792,6.796496541366061,0.5973973916768165,0.8541064604452303,0
llama,seqkd,20,E_general,14,self_attn.k_proj,0.025,25,displacement_rank,/root/autodl-tmp/cycle09_stage4_state_displacement/cells/llama/seqkd/step_020/E_general.L14.main.direction.pt,stage4_direction_singular_values,128,0.022888691304619846,0.027146900749398874,0.027111308695380157,-0.02285309925060113,-0.02285309925060113,1.6739276299702792,6.796496541366061,0.5973973916768165,0.8541064604452303,0
llama,seqkd,20,E_general,14,self_attn.k_proj,0.05,20,displacement_rank,/root/autodl-tmp/cycle09_stage4_state_displacement/cells/llama/seqkd/step_020/E_general.L14.main.direction.pt,stage4_direction_singular_values,128,0.04891728841075741,0.055500034844707835,0.0010827115892425923,0.005500034844707832,0.0010827115892425923,1.6739276299702792,6.796496541366061,0.5973973916768165,0.8541064604452303,0
llama,seqkd,20,E_general,14,self_attn.k_proj,0.1,14,displacement_rank,/root/autodl-tmp/cycle09_stage4_state_displacement/cells/llama/seqkd/step_020/E_general.L14.main.direction.pt,stage4_direction_singular_values,128,0.09582817241289512,0.10679924960024702,-0.04582817241289512,0.056799249600247015,-0.04582817241289512,1.6739276299702792,6.796496541366061,0.5973973916768165,0.8541064604452303,0
llama,seqkd,20,E_general,14,self_attn.v_proj,0.01,26,displacement_rank,/root/autodl-tmp/cycle09_stage4_state_displacement/cells/llama/seqkd/step_020/E_general.L14.main.direction.pt,stage4_direction_singular_values,128,0.008459829109358177,0.010276292045106878,0.041540170890641825,-0.03972370795489313,-0.03972370795489313,1.3863460728055659,3.803613355758415,0.7213206136735307,0.9344117229990542,0
llama,seqkd,20,E_general,14,self_attn.v_proj,0.025,19,displacement_rank,/root/autodl-tmp/cycle09_stage4_state_displacement/cells/llama/seqkd/step_020/E_general.L14.main.direction.pt,stage4_direction_singular_values,128,0.024847993469918044,0.02805837873039471,0.02515200653008196,-0.021941621269605294,-0.021941621269605294,1.3863460728055659,3.803613355758415,0.7213206136735307,0.9344117229990542,0
llama,seqkd,20,E_general,14,self_attn.v_proj,0.05,13,displacement_rank,/root/autodl-tmp/cycle09_stage4_state_displacement/cells/llama/seqkd/step_020/E_general.L14.main.direction.pt,stage4_direction_singular_values,128,0.04822709679481586,0.05362369200169594,0.0017729032051841398,0.00362369200169594,0.0017729032051841398,1.3863460728055659,3.803613355758415,0.7213206136735307,0.9344117229990542,0
llama,seqkd,20,E_general,14,self_attn.v_proj,0.1,6,displacement_rank,/root/autodl-tmp/cycle09_stage4_state_displacement/cells/llama/seqkd/step_020/E_general.L14.main.direction.pt,stage4_direction_singular_values,128,0.09865290776369559,0.11125166641895334,-0.04865290776369559,0.06125166641895334,-0.04865290776369559,1.3863460728055659,3.803613355758415,0.7213206136735307,0.9344117229990542,0
llama,seqkd,20,E_general,14,self_attn.o_proj,0.01,28,displacement_rank,/root/autodl-tmp/cycle09_stage4_state_displacement/cells/llama/seqkd/step_020/E_general.L14.main.direction.pt,stage4_direction_singular_values,128,0.009197252458590125,0.012481267080599318,0.040802747541409876,-0.03751873291940069,-0.03751873291940069,2.014849021840012,8.481064911689844,0.4963151030972903,0.8567352142301679,0
llama,seqkd,20,E_general,14,self_attn.o_proj,0.025,24,displacement_rank,/root/autodl-tmp/cycle09_stage4_state_displacement/cells/llama/seqkd/step_020/E_general.L14.main.direction.pt,stage4_direction_singular_values,128,0.024408002692670027,0.029140733162067174,0.025591997307329976,-0.02085926683793283,-0.02085926683793283,2.014849021840012,8.481064911689844,0.4963151030972903,0.8567352142301679,0
llama,seqkd,20,E_general,14,self_attn.o_proj,0.05,20,displacement_rank,/root/autodl-tmp/cycle09_stage4_state_displacement/cells/llama/seqkd/step_020/E_general.L14.main.direction.pt,stage4_direction_singular_values,128,0.04497844925736916,0.051252083857688174,0.005021550742630845,0.0012520838576881715,0.0012520838576881715,2.014849021840012,8.481064911689844,0.4963151030972903,0.8567352142301679,0
llama,seqkd,20,E_general,14,self_attn.o_proj,0.1,14,displacement_rank,/root/autodl-tmp/cycle09_stage4_state_displacement/cells/llama/seqkd/step_020/E_general.L14.main.direction.pt,stage4_direction_singular_values,128,0.0904139793873713,0.10095307738610046,-0.04041397938737129,0.05095307738610046,-0.04041397938737129,2.014849021840012,8.481064911689844,0.4963151030972903,0.8567352142301679,0
llama,seqkd,20,E_general,14,mlp.gate_proj,0.01,29,displacement_rank,/root/autodl-tmp/cycle09_stage4_state_displacement/cells/llama/seqkd/step_020/E_general.L14.main.direction.pt,stage4_direction_singular_values,128,0.007666072193656822,0.011023559497585536,0.04233392780634318,-0.038976440502414465,-0.038976440502414465,1.4741021258716762,5.051351391281357,0.6783790501683682,0.8790080794667005,0
llama,seqkd,20,E_general,14,mlp.gate_proj,0.025,25,displacement_rank,/root/autodl-tmp/cycle09_stage4_state_displacement/cells/llama/seqkd/step_020/E_general.L14.main.direction.pt,stage4_direction_singular_values,128,0.022378713981653642,0.026703462008591732,0.02762128601834636,-0.02329653799140827,-0.02329653799140827,1.4741021258716762,5.051351391281357,0.6783790501683682,0.8790080794667005,0
llama,seqkd,20,E_general,14,mlp.gate_proj,0.05,20,displacement_rank,/root/autodl-tmp/cycle09_stage4_state_displacement/cells/llama/seqkd/step_020/E_general.L14.main.direction.pt,stage4_direction_singular_values,128,0.04720894745142044,0.05303065834757358,0.002791052548579566,0.0030306583475735796,0.002791052548579566,1.4741021258716762,5.051351391281357,0.6783790501683682,0.8790080794667005,0
llama,seqkd,20,E_general,14,mlp.gate_proj,0.1,13,displacement_rank,/root/autodl-tmp/cycle09_stage4_state_displacement/cells/llama/seqkd/step_020/E_general.L14.main.direction.pt,stage4_direction_singular_values,128,0.09407657264398953,0.10235899216645328,-0.04407657264398952,0.052358992166453275,-0.04407657264398952,1.4741021258716762,5.051351391281357,0.6783790501683682,0.8790080794667005,0
llama,seqkd,20,E_general,14,mlp.up_proj,0.01,29,displacement_rank,/root/autodl-tmp/cycle09_stage4_state_displacement/cells/llama/seqkd/step_020/E_general.L14.main.direction.pt,stage4_direction_singular_values,128,0.00819294713522552,0.011561275027688092,0.041807052864774485,-0.03843872497231191,-0.03843872497231191,1.618243087748011,6.181944981084541,0.6179541303597508,0.8661565409355314,0
llama,seqkd,20,E_general,14,mlp.up_proj,0.025,25,displacement_rank,/root/autodl-tmp/cycle09_stage4_state_displacement/cells/llama/seqkd/step_020/E_general.L14.main.direction.pt,stage4_direction_singular_values,128,0.02372707933813135,0.028636739505642165,0.026272920661868652,-0.021363260494357838,-0.021363260494357838,1.618243087748011,6.181944981084541,0.6179541303597508,0.8661565409355314,0
llama,seqkd,20,E_general,14,mlp.up_proj,0.05,21,displacement_rank,/root/autodl-tmp/cycle09_stage4_state_displacement/cells/llama/seqkd/step_020/E_general.L14.main.direction.pt,stage4_direction_singular_values,128,0.04462188167214987,0.05036964299401908,0.00537811832785013,0.00036964299401907874,0.00036964299401907874,1.618243087748011,6.181944981084541,0.6179541303597508,0.8661565409355314,0
llama,seqkd,20,E_general,14,mlp.up_proj,0.1,14,displacement_rank,/root/autodl-tmp/cycle09_stage4_state_displacement/cells/llama/seqkd/step_020/E_general.L14.main.direction.pt,stage4_direction_singular_values,128,0.09349780420435094,0.10253293552973858,-0.04349780420435094,0.052532935529738575,-0.04349780420435094,1.618243087748011,6.181944981084541,0.6179541303597508,0.8661565409355314,0
llama,seqkd,20,E_general,14,mlp.down_proj,0.01,29,displacement_rank,/root/autodl-tmp/cycle09_stage4_state_displacement/cells/llama/seqkd/step_020/E_general.L14.main.direction.pt,stage4_direction_singular_values,128,0.008797520859767852,0.012012399429997106,0.04120247914023215,-0.037987600570002895,-0.037987600570002895,1.5228277891046005,5.524935275677425,0.6566730704251101,0.8685590865814616,0
llama,seqkd,20,E_general,14,mlp.down_proj,0.025,25,displacement_rank,/root/autodl-tmp/cycle09_stage4_state_displacement/cells/llama/seqkd/step_020/E_general.L14.main.direction.pt,stage4_direction_singular_values,128,0.024166815203646653,0.028657257173295078,0.02583318479635335,-0.021342742826704925,-0.021342742826704925,1.5228277891046005,5.524935275677425,0.6566730704251101,0.8685590865814616,0
llama,seqkd,20,E_general,14,mlp.down_proj,0.05,20,displacement_rank,/root/autodl-tmp/cycle09_stage4_state_displacement/cells/llama/seqkd/step_020/E_general.L14.main.direction.pt,stage4_direction_singular_values,128,0.04899444790313946,0.05493645974882107,0.0010055520968605403,0.004936459748821065,0.0010055520968605403,1.5228277891046005,5.524935275677425,0.6566730704251101,0.8685590865814616,0
llama,seqkd,20,E_general,14,mlp.down_proj,0.1,13,displacement_rank,/root/autodl-tmp/cycle09_stage4_state_displacement/cells/llama/seqkd/step_020/E_general.L14.main.direction.pt,stage4_direction_singular_values,128,0.09988521912211071,0.10943761758131955,-0.049885219122110705,0.059437617581319546,-0.049885219122110705,1.5228277891046005,5.524935275677425,0.6566730704251101,0.8685590865814616,0
llama,seqkd,20,E_math,14,self_attn.q_proj,0.01,27,displacement_rank,/root/autodl-tmp/cycle09_stage4_state_displacement/cells/llama/seqkd/step_020/E_math.L14.main.direction.pt,stage4_direction_singular_values,128,0.008922629122691629,0.011399312947195851,0.041077370877308374,-0.03860068705280415,-0.03860068705280415,1.5972117752761195,5.446850048474425,0.6260910515934083,0.9013863556978878,0
llama,seqkd,20,E_math,14,self_attn.q_proj,0.025,22,displacement_rank,/root/autodl-tmp/cycle09_stage4_state_displacement/cells/llama/seqkd/step_020/E_math.L14.main.direction.pt,stage4_direction_singular_values,128,0.0235904735427218,0.02709054001385653,0.026409526457278204,-0.022909459986143473,-0.022909459986143473,1.5972117752761195,5.446850048474425,0.6260910515934083,0.9013863556978878,0
llama,seqkd,20,E_math,14,self_attn.q_proj,0.05,17,displacement_rank,/root/autodl-tmp/cycle09_stage4_state_displacement/cells/llama/seqkd/step_020/E_math.L14.main.direction.pt,stage4_direction_singular_values,128,0.04555499932300069,0.05107034828431052,0.004445000676999315,0.0010703482843105183,0.0010703482843105183,1.5972117752761195,5.446850048474425,0.6260910515934083,0.9013863556978878,0
llama,seqkd,20,E_math,14,self_attn.q_proj,0.1,10,displacement_rank,/root/autodl-tmp/cycle09_stage4_state_displacement/cells/llama/seqkd/step_020/E_math.L14.main.direction.pt,stage4_direction_singular_values,128,0.09861364430211242,0.10994358087778326,-0.048613644302112416,0.05994358087778326,-0.048613644302112416,1.5972117752761195,5.446850048474425,0.6260910515934083,0.9013863556978878,0
llama,seqkd,20,E_math,14,self_attn.k_proj,0.01,28,displacement_rank,/root/autodl-tmp/cycle09_stage4_state_displacement/cells/llama/seqkd/step_020/E_math.L14.main.direction.pt,stage4_direction_singular_values,128,0.007836760953631627,0.010245503443195086,0.04216323904636837,-0.039754496556804915,-0.039754496556804915,1.488063109923825,5.068647917817872,0.672014508881408,0.8900118100455076,0
llama,seqkd,20,E_math,14,self_attn.k_proj,0.025,23,displacement_rank,/root/autodl-tmp/cycle09_stage4_state_displacement/cells/llama/seqkd/step_020/E_math.L14.main.direction.pt,stage4_direction_singular_values,128,0.021592059681061662,0.02525123164263446,0.02840794031893834,-0.024748768357365544,-0.024748768357365544,1.488063109923825,5.068647917817872,0.672014508881408,0.8900118100455076,0
llama,seqkd,20,E_math,14,self_attn.k_proj,0.05,17,displacement_rank,/root/autodl-tmp/cycle09_stage4_state_displacement/cells/llama/seqkd/step_020/E_math.L14.main.direction.pt,stage4_direction_singular_values,128,0.04952228216715434,0.05582645545967869,0.000477717832845663,0.005826455459678685,0.000477717832845663,1.488063109923825,5.068647917817872,0.672014508881408,0.8900118100455076,0
llama,seqkd,20,E_math,14,self_attn.k_proj,0.1,11,displacement_rank,/root/autodl-tmp/cycle09_stage4_state_displacement/cells/llama/seqkd/step_020/E_math.L14.main.direction.pt,stage4_direction_singular_values,128,0.09805477587437779,0.10998818995449262,-0.048054775874377786,0.05998818995449262,-0.048054775874377786,1.488063109923825,5.068647917817872,0.672014508881408,0.8900118100455076,0
llama,seqkd,20,E_math,14,self_attn.v_proj,0.01,20,displacement_rank,/root/autodl-tmp/cycle09_stage4_state_displacement/cells/llama/seqkd/step_020/E_math.L14.main.direction.pt,stage4_direction_singular_values,128,0.009091039512177016,0.010348806687420262,0.040908960487822985,-0.03965119331257974,-0.03965119331257974,1.170122321574259,2.1982925333340266,0.8546115064744856,0.970828508074534,0
llama,seqkd,20,E_math,14,self_attn.v_proj,0.025,12,displacement_rank,/root/autodl-tmp/cycle09_stage4_state_displacement/cells/llama/seqkd/step_020/E_math.L14.main.direction.pt,stage4_direction_singular_values,128,0.02317736031992927,0.0261069917608734,0.02682263968007073,-0.023893008239126604,-0.023893008239126604,1.170122321574259,2.1982925333340266,0.8546115064744856,0.970828508074534,0
llama,seqkd,20,E_math,14,self_attn.v_proj,0.05,6,displacement_rank,/root/autodl-tmp/cycle09_stage4_state_displacement/cells/llama/seqkd/step_020/E_math.L14.main.direction.pt,stage4_direction_singular_values,128,0.04659467472137907,0.05420369039838664,0.0034053252786209326,0.004203690398386639,0.0034053252786209326,1.170122321574259,2.1982925333340266,0.8546115064744856,0.970828508074534,0
llama,seqkd,20,E_math,14,self_attn.v_proj,0.1,3,displacement_rank,/root/autodl-tmp/cycle09_stage4_state_displacement/cells/llama/seqkd/step_020/E_math.L14.main.direction.pt,stage4_direction_singular_values,128,0.07777270958119098,0.10836842786953967,-0.027772709581190977,0.05836842786953966,-0.027772709581190977,1.170122321574259,2.1982925333340266,0.8546115064744856,0.970828508074534,0
llama,seqkd,20,E_math,14,self_attn.o_proj,0.01,24,displacement_rank,/root/autodl-tmp/cycle09_stage4_state_displacement/cells/llama/seqkd/step_020/E_math.L14.main.direction.pt,stage4_direction_singular_values,128,0.008668701448069617,0.010202928508044296,0.041331298551930386,-0.03979707149195571,-0.03979707149195571,1.3114671504893083,3.261687960286269,0.7625048020660679,0.9475879774221342,0
llama,seqkd,20,E_math,14,self_attn.o_proj,0.025,17,displacement_rank,/root/autodl-tmp/cycle09_stage4_state_displacement/cells/llama/seqkd/step_020/E_math.L14.main.direction.pt,stage4_direction_singular_values,128,0.023238602306347243,0.026147188508345656,0.02676139769365276,-0.023852811491654347,-0.023852811491654347,1.3114671504893083,3.261687960286269,0.7625048020660679,0.9475879774221342,0
llama,seqkd,20,E_math,14,self_attn.o_proj,0.05,11,displacement_rank,/root/autodl-tmp/cycle09_stage4_state_displacement/cells/llama/seqkd/step_020/E_math.L14.main.direction.pt,stage4_direction_singular_values,128,0.046523893117552464,0.05241202257786576,0.0034761068824475383,0.002412022577865755,0.002412022577865755,1.3114671504893083,3.261687960286269,0.7625048020660679,0.9475879774221342,0
llama,seqkd,20,E_math,14,self_attn.o_proj,0.1,6,displacement_rank,/root/autodl-tmp/cycle09_stage4_state_displacement/cells/llama/seqkd/step_020/E_math.L14.main.direction.pt,stage4_direction_singular_values,128,0.08945183288744271,0.10295355987567462,-0.03945183288744271,0.05295355987567461,-0.03945183288744271,1.3114671504893083,3.261687960286269,0.7625048020660679,0.9475879774221342,0
llama,seqkd,20,E_math,14,mlp.gate_proj,0.01,26,displacement_rank,/root/autodl-tmp/cycle09_stage4_state_displacement/cells/llama/seqkd/step_020/E_math.L14.main.direction.pt,stage4_direction_singular_values,128,0.008304081242058316,0.010365734566398473,0.04169591875794169,-0.03963426543360153,-0.03963426543360153,1.2418899297072539,2.9104213928040377,0.8052243408042824,0.9390578953908342,0
llama,seqkd,20,E_math,14,mlp.gate_proj,0.025,20,displacement_rank,/root/autodl-tmp/cycle09_stage4_state_displacement/cells/llama/seqkd/step_020/E_math.L14.main.direction.pt,stage4_direction_singular_values,128,0.022478005111184474,0.02536965107943578,0.02752199488881553,-0.024630348920564222,-0.024630348920564222,1.2418899297072539,2.9104213928040377,0.8052243408042824,0.9390578953908342,0
llama,seqkd,20,E_math,14,mlp.gate_proj,0.05,13,displacement_rank,/root/autodl-tmp/cycle09_stage4_state_displacement/cells/llama/seqkd/step_020/E_math.L14.main.direction.pt,stage4_direction_singular_values,128,0.04674074349695995,0.05100533892719607,0.003259256503040056,0.0010053389271960644,0.0010053389271960644,1.2418899297072539,2.9104213928040377,0.8052243408042824,0.9390578953908342,0
llama,seqkd,20,E_math,14,mlp.gate_proj,0.1,6,displacement_rank,/root/autodl-tmp/cycle09_stage4_state_displacement/cells/llama/seqkd/step_020/E_math.L14.main.direction.pt,stage4_direction_singular_values,128,0.09123222314135315,0.10265592567488074,-0.04123222314135315,0.05265592567488074,-0.04123222314135315,1.2418899297072539,2.9104213928040377,0.8052243408042824,0.9390578953908342,0
llama,seqkd,20,E_math,14,mlp.up_proj,0.01,24,displacement_rank,/root/autodl-tmp/cycle09_stage4_state_displacement/cells/llama/seqkd/step_020/E_math.L14.main.direction.pt,stage4_direction_singular_values,128,0.009322156270729971,0.01100555175903646,0.04067784372927003,-0.03899444824096354,-0.03899444824096354,1.223467831911589,2.6698712542744327,0.8173488292189627,0.9500735826297069,0
llama,seqkd,20,E_math,14,mlp.up_proj,0.025,17,displacement_rank,/root/autodl-tmp/cycle09_stage4_state_displacement/cells/llama/seqkd/step_020/E_math.L14.main.direction.pt,stage4_direction_singular_values,128,0.024054786086330993,0.026912382190071443,0.02594521391366901,-0.02308761780992856,-0.02308761780992856,1.223467831911589,2.6698712542744327,0.8173488292189627,0.9500735826297069,0
llama,seqkd,20,E_math,14,mlp.up_proj,0.05,10,displacement_rank,/root/autodl-tmp/cycle09_stage4_state_displacement/cells/llama/seqkd/step_020/E_math.L14.main.direction.pt,stage4_direction_singular_values,128,0.04992641737029319,0.055377653951804,7.358262970681012e-05,0.005377653951804,7.358262970681012e-05,1.223467831911589,2.6698712542744327,0.8173488292189627,0.9500735826297069,0
llama,seqkd,20,E_math,14,mlp.up_proj,0.1,4,displacement_rank,/root/autodl-tmp/cycle09_stage4_state_displacement/cells/llama/seqkd/step_020/E_math.L14.main.direction.pt,stage4_direction_singular_values,128,0.09648275182221781,0.11184504138194967,-0.04648275182221781,0.06184504138194967,-0.04648275182221781,1.223467831911589,2.6698712542744327,0.8173488292189627,0.9500735826297069,0
llama,seqkd,20,E_math,14,mlp.down_proj,0.01,21,displacement_rank,/root/autodl-tmp/cycle09_stage4_state_displacement/cells/llama/seqkd/step_020/E_math.L14.main.direction.pt,stage4_direction_singular_values,128,0.008706453400721206,0.01002901998914756,0.041293546599278794,-0.03997098001085244,-0.03997098001085244,1.0911393767401911,1.7188193699722683,0.9164732034394428,0.9708601103342971,0
llama,seqkd,20,E_math,14,mlp.down_proj,0.025,12,displacement_rank,/root/autodl-tmp/cycle09_stage4_state_displacement/cells/llama/seqkd/step_020/E_math.L14.main.direction.pt,stage4_direction_singular_values,128,0.02407133264811474,0.026555629685635584,0.025928667351885263,-0.02344437031436442,-0.02344437031436442,1.0911393767401911,1.7188193699722683,0.9164732034394428,0.9708601103342971,0
llama,seqkd,20,E_math,14,mlp.down_proj,0.05,5,displacement_rank,/root/autodl-tmp/cycle09_stage4_state_displacement/cells/llama/seqkd/step_020/E_math.L14.main.direction.pt,stage4_direction_singular_values,128,0.0484736072849893,0.054511094590547246,0.0015263927150107048,0.004511094590547243,0.0015263927150107048,1.0911393767401911,1.7188193699722683,0.9164732034394428,0.9708601103342971,0
llama,seqkd,20,E_math,14,mlp.down_proj,0.1,1,displacement_rank,/root/autodl-tmp/cycle09_stage4_state_displacement/cells/llama/seqkd/step_020/E_math.L14.main.direction.pt,stage4_direction_singular_values,128,0.08352679656055721,1.0000000000000002,-0.03352679656055721,0.9500000000000002,-0.03352679656055721,1.0911393767401911,1.7188193699722683,0.9164732034394428,0.9708601103342971,0
llama,seqkd,20,E_ood,14,self_attn.q_proj,0.01,28,displacement_rank,/root/autodl-tmp/cycle09_stage4_state_displacement/cells/llama/seqkd/step_020/E_ood.L14.main.direction.pt,stage4_direction_singular_values,128,0.008935442021794445,0.011809780801874618,0.04106455797820556,-0.03819021919812539,-0.03819021919812539,1.8312165718463906,6.931542130603583,0.5460850537147082,0.8835111428417577,0
llama,seqkd,20,E_ood,14,self_attn.q_proj,0.025,24,displacement_rank,/root/autodl-tmp/cycle09_stage4_state_displacement/cells/llama/seqkd/step_020/E_ood.L14.main.direction.pt,stage4_direction_singular_values,128,0.02168079660997465,0.02552214560082501,0.028319203390025353,-0.024477854399174992,-0.024477854399174992,1.8312165718463906,6.931542130603583,0.5460850537147082,0.8835111428417577,0
llama,seqkd,20,E_ood,14,self_attn.q_proj,0.05,19,displacement_rank,/root/autodl-tmp/cycle09_stage4_state_displacement/cells/llama/seqkd/step_020/E_ood.L14.main.direction.pt,stage4_direction_singular_values,128,0.044310716735524905,0.05022369275874934,0.005689283264475098,0.0002236927587493387,0.0002236927587493387,1.8312165718463906,6.931542130603583,0.5460850537147082,0.8835111428417577,0
llama,seqkd,20,E_ood,14,self_attn.q_proj,0.1,12,displacement_rank,/root/autodl-tmp/cycle09_stage4_state_displacement/cells/llama/seqkd/step_020/E_ood.L14.main.direction.pt,stage4_direction_singular_values,128,0.09578322577772205,0.10504386556773126,-0.04578322577772205,0.05504386556773126,-0.04578322577772205,1.8312165718463906,6.931542130603583,0.5460850537147082,0.8835111428417577,0
llama,seqkd,20,E_ood,14,self_attn.k_proj,0.01,27,displacement_rank,/root/autodl-tmp/cycle09_stage4_state_displacement/cells/llama/seqkd/step_020/E_ood.L14.main.direction.pt,stage4_direction_singular_values,128,0.009655476359632847,0.01218773116590676,0.040344523640367155,-0.03781226883409324,-0.03781226883409324,1.4182252068779306,4.492697736671799,0.7051066326774658,0.8993694810883239,0
llama,seqkd,20,E_ood,14,self_attn.k_proj,0.025,22,displacement_rank,/root/autodl-tmp/cycle09_stage4_state_displacement/cells/llama/seqkd/step_020/E_ood.L14.main.direction.pt,stage4_direction_singular_values,128,0.023972991346129145,0.027536091062331482,0.026027008653870858,-0.02246390893766852,-0.02246390893766852,1.4182252068779306,4.492697736671799,0.7051066326774658,0.8993694810883239,0
llama,seqkd,20,E_ood,14,self_attn.k_proj,0.05,17,displacement_rank,/root/autodl-tmp/cycle09_stage4_state_displacement/cells/llama/seqkd/step_020/E_ood.L14.main.direction.pt,stage4_direction_singular_values,128,0.04632235180906381,0.05207003504974838,0.003677648190936196,0.002070035049748377,0.002070035049748377,1.4182252068779306,4.492697736671799,0.7051066326774658,0.8993694810883239,0
llama,seqkd,20,E_ood,14,self_attn.k_proj,0.1,11,displacement_rank,/root/autodl-tmp/cycle09_stage4_state_displacement/cells/llama/seqkd/step_020/E_ood.L14.main.direction.pt,stage4_direction_singular_values,128,0.09056946049422088,0.10063051891167608,-0.040569460494220874,0.05063051891167608,-0.040569460494220874,1.4182252068779306,4.492697736671799,0.7051066326774658,0.8993694810883239,0
llama,seqkd,20,E_ood,14,self_attn.v_proj,0.01,24,displacement_rank,/root/autodl-tmp/cycle09_stage4_state_displacement/cells/llama/seqkd/step_020/E_ood.L14.main.direction.pt,stage4_direction_singular_values,128,0.009188675788850166,0.01074294077594799,0.04081132421114984,-0.03925705922405201,-0.03925705922405201,1.356468341007344,3.468741061447199,0.7372085066558778,0.9477847362372286,0
llama,seqkd,20,E_ood,14,self_attn.v_proj,0.025,17,displacement_rank,/root/autodl-tmp/cycle09_stage4_state_displacement/cells/llama/seqkd/step_020/E_ood.L14.main.direction.pt,stage4_direction_singular_values,128,0.023599684494270044,0.026566468387659734,0.02640031550572996,-0.02343353161234027,-0.02343353161234027,1.356468341007344,3.468741061447199,0.7372085066558778,0.9477847362372286,0
llama,seqkd,20,E_ood,14,self_attn.v_proj,0.05,11,displacement_rank,/root/autodl-tmp/cycle09_stage4_state_displacement/cells/llama/seqkd/step_020/E_ood.L14.main.direction.pt,stage4_direction_singular_values,128,0.04649015970354473,0.05221526376277128,0.0035098402964552702,0.0022152637627712787,0.0022152637627712787,1.356468341007344,3.468741061447199,0.7372085066558778,0.9477847362372286,0
llama,seqkd,20,E_ood,14,self_attn.v_proj,0.1,5,displacement_rank,/root/autodl-tmp/cycle09_stage4_state_displacement/cells/llama/seqkd/step_020/E_ood.L14.main.direction.pt,stage4_direction_singular_values,128,0.09126505819834557,0.11260624749220945,-0.04126505819834557,0.06260624749220944,-0.04126505819834557,1.356468341007344,3.468741061447199,0.7372085066558778,0.9477847362372286,0
llama,seqkd,20,E_ood,14,self_attn.o_proj,0.01,26,displacement_rank,/root/autodl-tmp/cycle09_stage4_state_displacement/cells/llama/seqkd/step_020/E_ood.L14.main.direction.pt,stage4_direction_singular_values,128,0.009296541797449953,0.011567616060122859,0.04070345820255005,-0.03843238393987714,-0.03843238393987714,1.4324713725457812,4.333500741231002,0.6980942301295731,0.9147955834690081,0
llama,seqkd,20,E_ood,14,self_attn.o_proj,0.025,21,displacement_rank,/root/autodl-tmp/cycle09_stage4_state_displacement/cells/llama/seqkd/step_020/E_ood.L14.main.direction.pt,stage4_direction_singular_values,128,0.022804647020090753,0.0262537200483242,0.02719535297990925,-0.023746279951675803,-0.023746279951675803,1.4324713725457812,4.333500741231002,0.6980942301295731,0.9147955834690081,0
llama,seqkd,20,E_ood,14,self_attn.o_proj,0.05,15,displacement_rank,/root/autodl-tmp/cycle09_stage4_state_displacement/cells/llama/seqkd/step_020/E_ood.L14.main.direction.pt,stage4_direction_singular_values,128,0.04886476531247009,0.05497639950351885,0.0011352346875299138,0.004976399503518844,0.0011352346875299138,1.4324713725457812,4.333500741231002,0.6980942301295731,0.9147955834690081,0
llama,seqkd,20,E_ood,14,self_attn.o_proj,0.1,9,displacement_rank,/root/autodl-tmp/cycle09_stage4_state_displacement/cells/llama/seqkd/step_020/E_ood.L14.main.direction.pt,stage4_direction_singular_values,128,0.09431980985102482,0.10409297981160182,-0.04431980985102482,0.05409297981160181,-0.04431980985102482,1.4324713725457812,4.333500741231002,0.6980942301295731,0.9147955834690081,0
llama,seqkd,20,E_ood,14,mlp.gate_proj,0.01,28,displacement_rank,/root/autodl-tmp/cycle09_stage4_state_displacement/cells/llama/seqkd/step_020/E_ood.L14.main.direction.pt,stage4_direction_singular_values,128,0.0077852076726591,0.010293111255475888,0.042214792327340905,-0.03970688874452412,-0.03970688874452412,1.376619514711294,4.048048015037905,0.7264171321948177,0.9100930097529886,0
llama,seqkd,20,E_ood,14,mlp.gate_proj,0.025,23,displacement_rank,/root/autodl-tmp/cycle09_stage4_state_displacement/cells/llama/seqkd/step_020/E_ood.L14.main.direction.pt,stage4_direction_singular_values,128,0.022174570375385092,0.02569464165901545,0.02782542962461491,-0.024305358340984552,-0.024305358340984552,1.376619514711294,4.048048015037905,0.7264171321948177,0.9100930097529886,0
llama,seqkd,20,E_ood,14,mlp.gate_proj,0.05,17,displacement_rank,/root/autodl-tmp/cycle09_stage4_state_displacement/cells/llama/seqkd/step_020/E_ood.L14.main.direction.pt,stage4_direction_singular_values,128,0.04727199659706639,0.05218378503960317,0.0027280034029336098,0.0021837850396031686,0.0021837850396031686,1.376619514711294,4.048048015037905,0.7264171321948177,0.9100930097529886,0
llama,seqkd,20,E_ood,14,mlp.gate_proj,0.1,9,displacement_rank,/root/autodl-tmp/cycle09_stage4_state_displacement/cells/llama/seqkd/step_020/E_ood.L14.main.direction.pt,stage4_direction_singular_values,128,0.09775352761015636,0.10611410796702103,-0.04775352761015636,0.05611410796702103,-0.04775352761015636,1.376619514711294,4.048048015037905,0.7264171321948177,0.9100930097529886,0
llama,seqkd,20,E_ood,14,mlp.up_proj,0.01,28,displacement_rank,/root/autodl-tmp/cycle09_stage4_state_displacement/cells/llama/seqkd/step_020/E_ood.L14.main.direction.pt,stage4_direction_singular_values,128,0.007641762241596679,0.010300673717055866,0.042358237758403326,-0.03969932628294413,-0.03969932628294413,1.4557444843112892,4.597025708983859,0.6869337378757774,0.9068018668044762,0
llama,seqkd,20,E_ood,14,mlp.up_proj,0.025,23,displacement_rank,/root/autodl-tmp/cycle09_stage4_state_displacement/cells/llama/seqkd/step_020/E_ood.L14.main.direction.pt,stage4_direction_singular_values,128,0.022619973962853507,0.026387211784141204,0.027380026037146496,-0.0236127882158588,-0.0236127882158588,1.4557444843112892,4.597025708983859,0.6869337378757774,0.9068018668044762,0
llama,seqkd,20,E_ood,14,mlp.up_proj,0.05,17,displacement_rank,/root/autodl-tmp/cycle09_stage4_state_displacement/cells/llama/seqkd/step_020/E_ood.L14.main.direction.pt,stage4_direction_singular_values,128,0.04785155070421761,0.05282795201878833,0.0021484492957823953,0.0028279520187883267,0.0021484492957823953,1.4557444843112892,4.597025708983859,0.6869337378757774,0.9068018668044762,0
llama,seqkd,20,E_ood,14,mlp.up_proj,0.1,10,displacement_rank,/root/autodl-tmp/cycle09_stage4_state_displacement/cells/llama/seqkd/step_020/E_ood.L14.main.direction.pt,stage4_direction_singular_values,128,0.09319813319552404,0.10193797864722999,-0.04319813319552404,0.05193797864722999,-0.04319813319552404,1.4557444843112892,4.597025708983859,0.6869337378757774,0.9068018668044762,0
llama,seqkd,20,E_ood,14,mlp.down_proj,0.01,25,displacement_rank,/root/autodl-tmp/cycle09_stage4_state_displacement/cells/llama/seqkd/step_020/E_ood.L14.main.direction.pt,stage4_direction_singular_values,128,0.00870380656324192,0.010529307230162922,0.04129619343675808,-0.039470692769837085,-0.039470692769837085,1.1588252855777146,2.277764597022546,0.862942854669818,0.9491594230353517,0
llama,seqkd,20,E_ood,14,mlp.down_proj,0.025,18,displacement_rank,/root/autodl-tmp/cycle09_stage4_state_displacement/cells/llama/seqkd/step_020/E_ood.L14.main.direction.pt,stage4_direction_singular_values,128,0.023211150460596786,0.025648703971942983,0.026788849539403217,-0.02435129602805702,-0.02435129602805702,1.1588252855777146,2.277764597022546,0.862942854669818,0.9491594230353517,0
llama,seqkd,20,E_ood,14,mlp.down_proj,0.05,11,displacement_rank,/root/autodl-tmp/cycle09_stage4_state_displacement/cells/llama/seqkd/step_020/E_ood.L14.main.direction.pt,stage4_direction_singular_values,128,0.046371478317302636,0.050840576964648346,0.0036285216826973665,0.000840576964648343,0.000840576964648343,1.1588252855777146,2.277764597022546,0.862942854669818,0.9491594230353517,0
llama,seqkd,20,E_ood,14,mlp.down_proj,0.1,4,displacement_rank,/root/autodl-tmp/cycle09_stage4_state_displacement/cells/llama/seqkd/step_020/E_ood.L14.main.direction.pt,stage4_direction_singular_values,128,0.09223285985296878,0.1037017163227065,-0.04223285985296878,0.0537017163227065,-0.04223285985296878,1.1588252855777146,2.277764597022546,0.862942854669818,0.9491594230353517,0
llama,seqkd,20,E_if,14,self_attn.q_proj,0.01,28,displacement_rank,/root/autodl-tmp/cycle09_stage4_state_displacement/cells/llama/seqkd/step_020/E_if.L14.main.direction.pt,stage4_direction_singular_values,128,0.008743800194551198,0.011408101304757617,0.041256199805448805,-0.038591898695242384,-0.038591898695242384,1.6510217092703023,5.927696933795645,0.6056855548204556,0.8908394293142502,0
llama,seqkd,20,E_if,14,self_attn.q_proj,0.025,23,displacement_rank,/root/autodl-tmp/cycle09_stage4_state_displacement/cells/llama/seqkd/step_020/E_if.L14.main.direction.pt,stage4_direction_singular_values,128,0.024710692717772622,0.02874359573629695,0.02528930728222738,-0.021256404263703052,-0.021256404263703052,1.6510217092703023,5.927696933795645,0.6056855548204556,0.8908394293142502,0
llama,seqkd,20,E_if,14,self_attn.q_proj,0.05,18,displacement_rank,/root/autodl-tmp/cycle09_stage4_state_displacement/cells/llama/seqkd/step_020/E_if.L14.main.direction.pt,stage4_direction_singular_values,128,0.04858195023242418,0.05437012176419341,0.00141804976757582,0.004370121764193408,0.00141804976757582,1.6510217092703023,5.927696933795645,0.6056855548204556,0.8908394293142502,0
llama,seqkd,20,E_if,14,self_attn.q_proj,0.1,11,displacement_rank,/root/autodl-tmp/cycle09_stage4_state_displacement/cells/llama/seqkd/step_020/E_if.L14.main.direction.pt,stage4_direction_singular_values,128,0.09888040242127975,0.10916057068574979,-0.04888040242127975,0.059160570685749786,-0.04888040242127975,1.6510217092703023,5.927696933795645,0.6056855548204556,0.8908394293142502,0
llama,seqkd,20,E_if,14,self_attn.k_proj,0.01,28,displacement_rank,/root/autodl-tmp/cycle09_stage4_state_displacement/cells/llama/seqkd/step_020/E_if.L14.main.direction.pt,stage4_direction_singular_values,128,0.009099554403663623,0.012086675409931951,0.04090044559633638,-0.03791332459006805,-0.03791332459006805,1.503193443204045,5.282975800436794,0.6652503738098456,0.88331123960542,0
llama,seqkd,20,E_if,14,self_attn.k_proj,0.025,24,displacement_rank,/root/autodl-tmp/cycle09_stage4_state_displacement/cells/llama/seqkd/step_020/E_if.L14.main.direction.pt,stage4_direction_singular_values,128,0.02221101870845667,0.025857200199372397,0.027788981291543332,-0.024142799800627605,-0.024142799800627605,1.503193443204045,5.282975800436794,0.6652503738098456,0.88331123960542,0
llama,seqkd,20,E_if,14,self_attn.k_proj,0.05,18,displacement_rank,/root/autodl-tmp/cycle09_stage4_state_displacement/cells/llama/seqkd/step_020/E_if.L14.main.direction.pt,stage4_direction_singular_values,128,0.04958023073115317,0.05567576326147442,0.0004197692688468341,0.005675763261474419,0.0004197692688468341,1.503193443204045,5.282975800436794,0.6652503738098456,0.88331123960542,0
llama,seqkd,20,E_if,14,self_attn.k_proj,0.1,12,displacement_rank,/root/autodl-tmp/cycle09_stage4_state_displacement/cells/llama/seqkd/step_020/E_if.L14.main.direction.pt,stage4_direction_singular_values,128,0.09435720916532372,0.10514046598447362,-0.04435720916532372,0.05514046598447361,-0.04435720916532372,1.503193443204045,5.282975800436794,0.6652503738098456,0.88331123960542,0
llama,seqkd,20,E_if,14,self_attn.v_proj,0.01,24,displacement_rank,/root/autodl-tmp/cycle09_stage4_state_displacement/cells/llama/seqkd/step_020/E_if.L14.main.direction.pt,stage4_direction_singular_values,128,0.008531666023269519,0.010002612151610267,0.041468333976730484,-0.039997387848389736,-0.039997387848389736,1.2497670996279369,2.8257899234904733,0.8001490840154986,0.9521140735392492,0
llama,seqkd,20,E_if,14,self_attn.v_proj,0.025,16,displacement_rank,/root/autodl-tmp/cycle09_stage4_state_displacement/cells/llama/seqkd/step_020/E_if.L14.main.direction.pt,stage4_direction_singular_values,128,0.024698955927912564,0.027649340151101685,0.02530104407208744,-0.022350659848898318,-0.022350659848898318,1.2497670996279369,2.8257899234904733,0.8001490840154986,0.9521140735392492,0
llama,seqkd,20,E_if,14,self_attn.v_proj,0.05,10,displacement_rank,/root/autodl-tmp/cycle09_stage4_state_displacement/cells/llama/seqkd/step_020/E_if.L14.main.direction.pt,stage4_direction_singular_values,128,0.047885926460750836,0.05348158794006418,0.002114073539249167,0.0034815879400641805,0.002114073539249167,1.2497670996279369,2.8257899234904733,0.8001490840154986,0.9521140735392492,0
llama,seqkd,20,E_if,14,self_attn.v_proj,0.1,4,displacement_rank,/root/autodl-tmp/cycle09_stage4_state_displacement/cells/llama/seqkd/step_020/E_if.L14.main.direction.pt,stage4_direction_singular_values,128,0.09733420056480985,0.11572325272537047,-0.047334200564809845,0.06572325272537047,-0.047334200564809845,1.2497670996279369,2.8257899234904733,0.8001490840154986,0.9521140735392492,0
llama,seqkd,20,E_if,14,self_attn.o_proj,0.01,28,displacement_rank,/root/autodl-tmp/cycle09_stage4_state_displacement/cells/llama/seqkd/step_020/E_if.L14.main.direction.pt,stage4_direction_singular_values,128,0.00831811573068033,0.01106626371321299,0.04168188426931967,-0.038933736286787014,-0.038933736286787014,2.312601931393675,8.207466837218078,0.43241337232532545,0.874590427039334,0
llama,seqkd,20,E_if,14,self_attn.o_proj,0.025,24,displacement_rank,/root/autodl-tmp/cycle09_stage4_state_displacement/cells/llama/seqkd/step_020/E_if.L14.main.direction.pt,stage4_direction_singular_values,128,0.02188742466641161,0.02591531441432973,0.028112575333588394,-0.024084685585670274,-0.024084685585670274,2.312601931393675,8.207466837218078,0.43241337232532545,0.874590427039334,0
llama,seqkd,20,E_if,14,self_attn.o_proj,0.05,19,displacement_rank,/root/autodl-tmp/cycle09_stage4_state_displacement/cells/llama/seqkd/step_020/E_if.L14.main.direction.pt,stage4_direction_singular_values,128,0.045936947346662975,0.05224940531562879,0.004063052653337028,0.00224940531562879,0.00224940531562879,2.312601931393675,8.207466837218078,0.43241337232532545,0.874590427039334,0
llama,seqkd,20,E_if,14,self_attn.o_proj,0.1,13,displacement_rank,/root/autodl-tmp/cycle09_stage4_state_displacement/cells/llama/seqkd/step_020/E_if.L14.main.direction.pt,stage4_direction_singular_values,128,0.09178108289087467,0.10215673851081239,-0.04178108289087466,0.05215673851081239,-0.04178108289087466,2.312601931393675,8.207466837218078,0.43241337232532545,0.874590427039334,0
llama,seqkd,20,E_if,14,mlp.gate_proj,0.01,28,displacement_rank,/root/autodl-tmp/cycle09_stage4_state_displacement/cells/llama/seqkd/step_020/E_if.L14.main.direction.pt,stage4_direction_singular_values,128,0.0075186379124619705,0.010041132776124744,0.042481362087538034,-0.03995886722387526,-0.03995886722387526,1.3314025004905303,3.7460029729963593,0.7510876685537008,0.9129503811367005,0
llama,seqkd,20,E_if,14,mlp.gate_proj,0.025,23,displacement_rank,/root/autodl-tmp/cycle09_stage4_state_displacement/cells/llama/seqkd/step_020/E_if.L14.main.direction.pt,stage4_direction_singular_values,128,0.021856147775029863,0.02528913583611797,0.02814385222497014,-0.024710864163882032,-0.024710864163882032,1.3314025004905303,3.7460029729963593,0.7510876685537008,0.9129503811367005,0
llama,seqkd,20,E_if,14,mlp.gate_proj,0.05,16,displacement_rank,/root/autodl-tmp/cycle09_stage4_state_displacement/cells/llama/seqkd/step_020/E_if.L14.main.direction.pt,stage4_direction_singular_values,128,0.04994594608821598,0.05513099738966919,5.4053911784021635e-05,0.005130997389669184,5.4053911784021635e-05,1.3314025004905303,3.7460029729963593,0.7510876685537008,0.9129503811367005,0
llama,seqkd,20,E_if,14,mlp.gate_proj,0.1,9,displacement_rank,/root/autodl-tmp/cycle09_stage4_state_displacement/cells/llama/seqkd/step_020/E_if.L14.main.direction.pt,stage4_direction_singular_values,128,0.09551037560909062,0.10525789971663055,-0.04551037560909062,0.055257899716630546,-0.04551037560909062,1.3314025004905303,3.7460029729963593,0.7510876685537008,0.9129503811367005,0
llama,seqkd,20,E_if,14,mlp.up_proj,0.01,27,displacement_rank,/root/autodl-tmp/cycle09_stage4_state_displacement/cells/llama/seqkd/step_020/E_if.L14.main.direction.pt,stage4_direction_singular_values,128,0.009091745461453755,0.011625923569326792,0.04090825453854625,-0.03837407643067321,-0.03837407643067321,1.3236304781271948,3.6264038596755124,0.7554978647929748,0.9189780068375405,0
llama,seqkd,20,E_if,14,mlp.up_proj,0.025,22,displacement_rank,/root/autodl-tmp/cycle09_stage4_state_displacement/cells/llama/seqkd/step_020/E_if.L14.main.direction.pt,stage4_direction_singular_values,128,0.022915822659783758,0.026372164411019836,0.027084177340216245,-0.023627835588980167,-0.023627835588980167,1.3236304781271948,3.6264038596755124,0.7554978647929748,0.9189780068375405,0
llama,seqkd,20,E_if,14,mlp.up_proj,0.05,16,displacement_rank,/root/autodl-tmp/cycle09_stage4_state_displacement/cells/llama/seqkd/step_020/E_if.L14.main.direction.pt,stage4_direction_singular_values,128,0.04589681850062936,0.05071141228724823,0.0041031814993706395,0.0007114122872482267,0.0007114122872482267,1.3236304781271948,3.6264038596755124,0.7554978647929748,0.9189780068375405,0
llama,seqkd,20,E_if,14,mlp.up_proj,0.1,8,displacement_rank,/root/autodl-tmp/cycle09_stage4_state_displacement/cells/llama/seqkd/step_020/E_if.L14.main.direction.pt,stage4_direction_singular_values,128,0.09847714601026519,0.10907092677236871,-0.04847714601026519,0.059070926772368706,-0.04847714601026519,1.3236304781271948,3.6264038596755124,0.7554978647929748,0.9189780068375405,0
llama,seqkd,20,E_if,14,mlp.down_proj,0.01,25,displacement_rank,/root/autodl-tmp/cycle09_stage4_state_displacement/cells/llama/seqkd/step_020/E_if.L14.main.direction.pt,stage4_direction_singular_values,128,0.009703586047633843,0.011611984056164662,0.04029641395236616,-0.03838801594383534,-0.03838801594383534,1.1814326747483752,2.4624693214793227,0.8464299501560534,0.943666825935627,0
llama,seqkd,20,E_if,14,mlp.down_proj,0.025,19,displacement_rank,/root/autodl-tmp/cycle09_stage4_state_displacement/cells/llama/seqkd/step_020/E_if.L14.main.direction.pt,stage4_direction_singular_values,128,0.02339383720629272,0.02604238922810433,0.026606162793707283,-0.023957610771895673,-0.023957610771895673,1.1814326747483752,2.4624693214793227,0.8464299501560534,0.943666825935627,0
llama,seqkd,20,E_if,14,mlp.down_proj,0.05,12,displacement_rank,/root/autodl-tmp/cycle09_stage4_state_displacement/cells/llama/seqkd/step_020/E_if.L14.main.direction.pt,stage4_direction_singular_values,128,0.046740488289869965,0.051371873815829194,0.0032595117101300378,0.0013718738158291915,0.0013718738158291915,1.1814326747483752,2.4624693214793227,0.8464299501560534,0.943666825935627,0
llama,seqkd,20,E_if,14,mlp.down_proj,0.1,4,displacement_rank,/root/autodl-tmp/cycle09_stage4_state_displacement/cells/llama/seqkd/step_020/E_if.L14.main.direction.pt,stage4_direction_singular_values,128,0.09993247500368375,0.11318629008734994,-0.04993247500368375,0.06318629008734994,-0.04993247500368375,1.1814326747483752,2.4624693214793227,0.8464299501560534,0.943666825935627,0
llama,seqkd,40,E_general,14,self_attn.q_proj,0.01,29,displacement_rank,/root/autodl-tmp/cycle09_stage4_state_displacement/cells/llama/seqkd/step_040/E_general.L14.main.direction.pt,stage4_direction_singular_values,128,0.007591099776028047,0.01062880373368195,0.04240890022397196,-0.039371196266318055,-0.039371196266318055,1.9588421705558783,7.97673427202146,0.5105056522834717,0.8598842781474112,0
llama,seqkd,40,E_general,14,self_attn.q_proj,0.025,25,displacement_rank,/root/autodl-tmp/cycle09_stage4_state_displacement/cells/llama/seqkd/step_040/E_general.L14.main.direction.pt,stage4_direction_singular_values,128,0.021747907871258514,0.025970385168154232,0.02825209212874149,-0.02402961483184577,-0.02402961483184577,1.9588421705558783,7.97673427202146,0.5105056522834717,0.8598842781474112,0
llama,seqkd,40,E_general,14,self_attn.q_proj,0.05,20,displacement_rank,/root/autodl-tmp/cycle09_stage4_state_displacement/cells/llama/seqkd/step_040/E_general.L14.main.direction.pt,stage4_direction_singular_values,128,0.047570588266377785,0.05382261174945071,0.002429411733622218,0.0038226117494507064,0.002429411733622218,1.9588421705558783,7.97673427202146,0.5105056522834717,0.8598842781474112,0
llama,seqkd,40,E_general,14,self_attn.q_proj,0.1,14,displacement_rank,/root/autodl-tmp/cycle09_stage4_state_displacement/cells/llama/seqkd/step_040/E_general.L14.main.direction.pt,stage4_direction_singular_values,128,0.09048744922402611,0.10127986155305106,-0.04048744922402611,0.05127986155305106,-0.04048744922402611,1.9588421705558783,7.97673427202146,0.5105056522834717,0.8598842781474112,0
llama,seqkd,40,E_general,14,self_attn.k_proj,0.01,28,displacement_rank,/root/autodl-tmp/cycle09_stage4_state_displacement/cells/llama/seqkd/step_040/E_general.L14.main.direction.pt,stage4_direction_singular_values,128,0.009590189590068916,0.012865799815936732,0.040409810409931086,-0.03713420018406327,-0.03713420018406327,1.5533943358421176,5.7714820747414874,0.6437515426228753,0.8707117334274557,0
llama,seqkd,40,E_general,14,self_attn.k_proj,0.025,24,displacement_rank,/root/autodl-tmp/cycle09_stage4_state_displacement/cells/llama/seqkd/step_040/E_general.L14.main.direction.pt,stage4_direction_singular_values,128,0.02380721995810332,0.028061404494420156,0.026192780041896683,-0.021938595505579847,-0.021938595505579847,1.5533943358421176,5.7714820747414874,0.6437515426228753,0.8707117334274557,0
llama,seqkd,40,E_general,14,self_attn.k_proj,0.05,19,displacement_rank,/root/autodl-tmp/cycle09_stage4_state_displacement/cells/llama/seqkd/step_040/E_general.L14.main.direction.pt,stage4_direction_singular_values,128,0.04916344844217914,0.05521038132208909,0.0008365515578208638,0.005210381322089085,0.0008365515578208638,1.5533943358421176,5.7714820747414874,0.6437515426228753,0.8707117334274557,0
llama,seqkd,40,E_general,14,self_attn.k_proj,0.1,13,displacement_rank,/root/autodl-tmp/cycle09_stage4_state_displacement/cells/llama/seqkd/step_040/E_general.L14.main.direction.pt,stage4_direction_singular_values,128,0.09557145931105344,0.10560186758362615,-0.04557145931105344,0.05560186758362615,-0.04557145931105344,1.5533943358421176,5.7714820747414874,0.6437515426228753,0.8707117334274557,0
llama,seqkd,40,E_general,14,self_attn.v_proj,0.01,25,displacement_rank,/root/autodl-tmp/cycle09_stage4_state_displacement/cells/llama/seqkd/step_040/E_general.L14.main.direction.pt,stage4_direction_singular_values,128,0.009840693303435963,0.011730918061595392,0.04015930669656404,-0.038269081938404614,-0.038269081938404614,1.3424034417626955,3.5492056711038673,0.7449325358454912,0.9366044188412751,0
llama,seqkd,40,E_general,14,self_attn.v_proj,0.025,19,displacement_rank,/root/autodl-tmp/cycle09_stage4_state_displacement/cells/llama/seqkd/step_040/E_general.L14.main.direction.pt,stage4_direction_singular_values,128,0.023710620924410394,0.026834252474829852,0.02628937907558961,-0.02316574752517015,-0.02316574752517015,1.3424034417626955,3.5492056711038673,0.7449325358454912,0.9366044188412751,0
llama,seqkd,40,E_general,14,self_attn.v_proj,0.05,13,displacement_rank,/root/autodl-tmp/cycle09_stage4_state_displacement/cells/llama/seqkd/step_040/E_general.L14.main.direction.pt,stage4_direction_singular_values,128,0.046280362490620584,0.05185213436855838,0.0037196375093794184,0.0018521343685583766,0.0018521343685583766,1.3424034417626955,3.5492056711038673,0.7449325358454912,0.9366044188412751,0
llama,seqkd,40,E_general,14,self_attn.v_proj,0.1,6,displacement_rank,/root/autodl-tmp/cycle09_stage4_state_displacement/cells/llama/seqkd/step_040/E_general.L14.main.direction.pt,stage4_direction_singular_values,128,0.09601705812572317,0.108540028865446,-0.04601705812572317,0.058540028865446,-0.04601705812572317,1.3424034417626955,3.5492056711038673,0.7449325358454912,0.9366044188412751,0
llama,seqkd,40,E_general,14,self_attn.o_proj,0.01,28,displacement_rank,/root/autodl-tmp/cycle09_stage4_state_displacement/cells/llama/seqkd/step_040/E_general.L14.main.direction.pt,stage4_direction_singular_values,128,0.009751197385108261,0.013256709634233579,0.04024880261489174,-0.03674329036576642,-0.03674329036576642,2.1254951583053106,9.149591040765818,0.470478606404973,0.8468727442842625,0
llama,seqkd,40,E_general,14,self_attn.o_proj,0.025,25,displacement_rank,/root/autodl-tmp/cycle09_stage4_state_displacement/cells/llama/seqkd/step_040/E_general.L14.main.direction.pt,stage4_direction_singular_values,128,0.021515093955681765,0.026196951775847487,0.028484906044318237,-0.023803048224152516,-0.023803048224152516,2.1254951583053106,9.149591040765818,0.470478606404973,0.8468727442842625,0
llama,seqkd,40,E_general,14,self_attn.o_proj,0.05,20,displacement_rank,/root/autodl-tmp/cycle09_stage4_state_displacement/cells/llama/seqkd/step_040/E_general.L14.main.direction.pt,stage4_direction_singular_values,128,0.04741216333624453,0.053990472525893084,0.0025878366637554703,0.003990472525893081,0.0025878366637554703,2.1254951583053106,9.149591040765818,0.470478606404973,0.8468727442842625,0
llama,seqkd,40,E_general,14,self_attn.o_proj,0.1,14,displacement_rank,/root/autodl-tmp/cycle09_stage4_state_displacement/cells/llama/seqkd/step_040/E_general.L14.main.direction.pt,stage4_direction_singular_values,128,0.09633153793246436,0.10724415911752544,-0.04633153793246436,0.05724415911752544,-0.04633153793246436,2.1254951583053106,9.149591040765818,0.470478606404973,0.8468727442842625,0
llama,seqkd,40,E_general,14,mlp.gate_proj,0.01,27,displacement_rank,/root/autodl-tmp/cycle09_stage4_state_displacement/cells/llama/seqkd/step_040/E_general.L14.main.direction.pt,stage4_direction_singular_values,128,0.009129059917643347,0.01149515770658457,0.04087094008235666,-0.038504842293415435,-0.038504842293415435,1.2619302187198616,3.1666678103628914,0.7924368441025439,0.9211169930114654,0
llama,seqkd,40,E_general,14,mlp.gate_proj,0.025,22,displacement_rank,/root/autodl-tmp/cycle09_stage4_state_displacement/cells/llama/seqkd/step_040/E_general.L14.main.direction.pt,stage4_direction_singular_values,128,0.022960578821358494,0.026277762998631188,0.02703942117864151,-0.023722237001368815,-0.023722237001368815,1.2619302187198616,3.1666678103628914,0.7924368441025439,0.9211169930114654,0
llama,seqkd,40,E_general,14,mlp.gate_proj,0.05,16,displacement_rank,/root/autodl-tmp/cycle09_stage4_state_displacement/cells/llama/seqkd/step_040/E_general.L14.main.direction.pt,stage4_direction_singular_values,128,0.046241651133682546,0.050718508600432,0.003758348866317457,0.0007185086004319954,0.0007185086004319954,1.2619302187198616,3.1666678103628914,0.7924368441025439,0.9211169930114654,0
llama,seqkd,40,E_general,14,mlp.gate_proj,0.1,8,displacement_rank,/root/autodl-tmp/cycle09_stage4_state_displacement/cells/llama/seqkd/step_040/E_general.L14.main.direction.pt,stage4_direction_singular_values,128,0.09350940411570435,0.10274761854229371,-0.04350940411570435,0.052747618542293706,-0.04350940411570435,1.2619302187198616,3.1666678103628914,0.7924368441025439,0.9211169930114654,0
llama,seqkd,40,E_general,14,mlp.up_proj,0.01,29,displacement_rank,/root/autodl-tmp/cycle09_stage4_state_displacement/cells/llama/seqkd/step_040/E_general.L14.main.direction.pt,stage4_direction_singular_values,128,0.007662103789097286,0.010857817232603694,0.04233789621090272,-0.03914218276739631,-0.03914218276739631,1.5592117590060395,5.734583402125662,0.6413497039282697,0.872181173580254,0
llama,seqkd,40,E_general,14,mlp.up_proj,0.025,25,displacement_rank,/root/autodl-tmp/cycle09_stage4_state_displacement/cells/llama/seqkd/step_040/E_general.L14.main.direction.pt,stage4_direction_singular_values,128,0.022465612684863027,0.0269445619073239,0.027534387315136976,-0.023055438092676104,-0.023055438092676104,1.5592117590060395,5.734583402125662,0.6413497039282697,0.872181173580254,0
llama,seqkd,40,E_general,14,mlp.up_proj,0.05,20,displacement_rank,/root/autodl-tmp/cycle09_stage4_state_displacement/cells/llama/seqkd/step_040/E_general.L14.main.direction.pt,stage4_direction_singular_values,128,0.04739553651703264,0.05328748810482301,0.002604463482967362,0.0032874881048230095,0.002604463482967362,1.5592117590060395,5.734583402125662,0.6413497039282697,0.872181173580254,0
llama,seqkd,40,E_general,14,mlp.up_proj,0.1,13,displacement_rank,/root/autodl-tmp/cycle09_stage4_state_displacement/cells/llama/seqkd/step_040/E_general.L14.main.direction.pt,stage4_direction_singular_values,128,0.09727254449245323,0.10604388211020864,-0.04727254449245323,0.05604388211020864,-0.04727254449245323,1.5592117590060395,5.734583402125662,0.6413497039282697,0.872181173580254,0
llama,seqkd,40,E_general,14,mlp.down_proj,0.01,29,displacement_rank,/root/autodl-tmp/cycle09_stage4_state_displacement/cells/llama/seqkd/step_040/E_general.L14.main.direction.pt,stage4_direction_singular_values,128,0.00857360248973936,0.011777631505908595,0.04142639751026064,-0.038222368494091406,-0.038222368494091406,1.5162279118146544,5.460203729742116,0.6595314544784882,0.8709224688222469,0
llama,seqkd,40,E_general,14,mlp.down_proj,0.025,25,displacement_rank,/root/autodl-tmp/cycle09_stage4_state_displacement/cells/llama/seqkd/step_040/E_general.L14.main.direction.pt,stage4_direction_singular_values,128,0.023418391868765053,0.02776228441015277,0.02658160813123495,-0.02223771558984723,-0.02223771558984723,1.5162279118146544,5.460203729742116,0.6595314544784882,0.8709224688222469,0
llama,seqkd,40,E_general,14,mlp.down_proj,0.05,20,displacement_rank,/root/autodl-tmp/cycle09_stage4_state_displacement/cells/llama/seqkd/step_040/E_general.L14.main.direction.pt,stage4_direction_singular_values,128,0.047532315001309826,0.05309899279137417,0.002467684998690177,0.0030989927913741694,0.002467684998690177,1.5162279118146544,5.460203729742116,0.6595314544784882,0.8709224688222469,0
llama,seqkd,40,E_general,14,mlp.down_proj,0.1,13,displacement_rank,/root/autodl-tmp/cycle09_stage4_state_displacement/cells/llama/seqkd/step_040/E_general.L14.main.direction.pt,stage4_direction_singular_values,128,0.09768885242734027,0.10720377129030778,-0.047688852427340264,0.05720377129030778,-0.047688852427340264,1.5162279118146544,5.460203729742116,0.6595314544784882,0.8709224688222469,0
llama,seqkd,40,E_math,14,self_attn.q_proj,0.01,27,displacement_rank,/root/autodl-tmp/cycle09_stage4_state_displacement/cells/llama/seqkd/step_040/E_math.L14.main.direction.pt,stage4_direction_singular_values,128,0.007984173503177417,0.010328012482709335,0.04201582649682259,-0.03967198751729067,-0.03967198751729067,1.5315610561530877,4.950494830640458,0.6529285894169697,0.9095669347493078,0
llama,seqkd,40,E_math,14,self_attn.q_proj,0.025,21,displacement_rank,/root/autodl-tmp/cycle09_stage4_state_displacement/cells/llama/seqkd/step_040/E_math.L14.main.direction.pt,stage4_direction_singular_values,128,0.024187197411321294,0.02760055564282684,0.02581280258867871,-0.022399444357173164,-0.022399444357173164,1.5315610561530877,4.950494830640458,0.6529285894169697,0.9095669347493078,0
llama,seqkd,40,E_math,14,self_attn.q_proj,0.05,16,displacement_rank,/root/autodl-tmp/cycle09_stage4_state_displacement/cells/llama/seqkd/step_040/E_math.L14.main.direction.pt,stage4_direction_singular_values,128,0.04536664672414851,0.05066757226367446,0.004633353275851494,0.0006675722636744555,0.0006675722636744555,1.5315610561530877,4.950494830640458,0.6529285894169697,0.9095669347493078,0
llama,seqkd,40,E_math,14,self_attn.q_proj,0.1,10,displacement_rank,/root/autodl-tmp/cycle09_stage4_state_displacement/cells/llama/seqkd/step_040/E_math.L14.main.direction.pt,stage4_direction_singular_values,128,0.09043306525069231,0.10102699081330406,-0.040433065250692304,0.05102699081330406,-0.040433065250692304,1.5315610561530877,4.950494830640458,0.6529285894169697,0.9095669347493078,0
llama,seqkd,40,E_math,14,self_attn.k_proj,0.01,27,displacement_rank,/root/autodl-tmp/cycle09_stage4_state_displacement/cells/llama/seqkd/step_040/E_math.L14.main.direction.pt,stage4_direction_singular_values,128,0.008463895360418866,0.01071773884909521,0.041536104639581135,-0.039282261150904794,-0.039282261150904794,1.3908923417074122,4.248508136598773,0.7189629060524081,0.9042096715132354,0
llama,seqkd,40,E_math,14,self_attn.k_proj,0.025,22,displacement_rank,/root/autodl-tmp/cycle09_stage4_state_displacement/cells/llama/seqkd/step_040/E_math.L14.main.direction.pt,stage4_direction_singular_values,128,0.02181511169826403,0.025355860681979696,0.02818488830173597,-0.024644139318020307,-0.024644139318020307,1.3908923417074122,4.248508136598773,0.7189629060524081,0.9042096715132354,0
llama,seqkd,40,E_math,14,self_attn.k_proj,0.05,16,displacement_rank,/root/autodl-tmp/cycle09_stage4_state_displacement/cells/llama/seqkd/step_040/E_math.L14.main.direction.pt,stage4_direction_singular_values,128,0.048002166836021494,0.054388206183196786,0.001997833163978509,0.004388206183196783,0.001997833163978509,1.3908923417074122,4.248508136598773,0.7189629060524081,0.9042096715132354,0
llama,seqkd,40,E_math,14,self_attn.k_proj,0.1,10,displacement_rank,/root/autodl-tmp/cycle09_stage4_state_displacement/cells/llama/seqkd/step_040/E_math.L14.main.direction.pt,stage4_direction_singular_values,128,0.09579032848676511,0.10639136218191839,-0.045790328486765106,0.056391362181918384,-0.045790328486765106,1.3908923417074122,4.248508136598773,0.7189629060524081,0.9042096715132354,0
llama,seqkd,40,E_math,14,self_attn.v_proj,0.01,20,displacement_rank,/root/autodl-tmp/cycle09_stage4_state_displacement/cells/llama/seqkd/step_040/E_math.L14.main.direction.pt,stage4_direction_singular_values,128,0.008869683710670742,0.010103149231203258,0.04113031628932926,-0.039896850768796746,-0.039896850768796746,1.160908541890832,2.152408075837692,0.8613942993056526,0.9708231542093148,0
llama,seqkd,40,E_math,14,self_attn.v_proj,0.025,12,displacement_rank,/root/autodl-tmp/cycle09_stage4_state_displacement/cells/llama/seqkd/step_040/E_math.L14.main.direction.pt,stage4_direction_singular_values,128,0.02295404181914525,0.025852926056933703,0.027045958180854753,-0.0241470739430663,-0.0241470739430663,1.160908541890832,2.152408075837692,0.8613942993056526,0.9708231542093148,0
llama,seqkd,40,E_math,14,self_attn.v_proj,0.05,6,displacement_rank,/root/autodl-tmp/cycle09_stage4_state_displacement/cells/llama/seqkd/step_040/E_math.L14.main.direction.pt,stage4_direction_singular_values,128,0.04681839070591894,0.05487076195490504,0.00318160929408106,0.004870761954905038,0.00318160929408106,1.160908541890832,2.152408075837692,0.8613942993056526,0.9708231542093148,0
llama,seqkd,40,E_math,14,self_attn.v_proj,0.1,3,displacement_rank,/root/autodl-tmp/cycle09_stage4_state_displacement/cells/llama/seqkd/step_040/E_math.L14.main.direction.pt,stage4_direction_singular_values,128,0.0788357724533986,0.10647006921136327,-0.028835772453398592,0.05647006921136327,-0.028835772453398592,1.160908541890832,2.152408075837692,0.8613942993056526,0.9708231542093148,0
llama,seqkd,40,E_math,14,self_attn.o_proj,0.01,24,displacement_rank,/root/autodl-tmp/cycle09_stage4_state_displacement/cells/llama/seqkd/step_040/E_math.L14.main.direction.pt,stage4_direction_singular_values,128,0.009323671716692662,0.011118816600907319,0.04067632828330734,-0.03888118339909268,-0.03888118339909268,1.3668525080289395,3.6659365771818897,0.731607831954044,0.939914487043259,0
llama,seqkd,40,E_math,14,self_attn.o_proj,0.025,18,displacement_rank,/root/autodl-tmp/cycle09_stage4_state_displacement/cells/llama/seqkd/step_040/E_math.L14.main.direction.pt,stage4_direction_singular_values,128,0.023136956631275667,0.02644111348079521,0.026863043368724335,-0.02355888651920479,-0.02355888651920479,1.3668525080289395,3.6659365771818897,0.731607831954044,0.939914487043259,0
llama,seqkd,40,E_math,14,self_attn.o_proj,0.05,12,displacement_rank,/root/autodl-tmp/cycle09_stage4_state_displacement/cells/llama/seqkd/step_040/E_math.L14.main.direction.pt,stage4_direction_singular_values,128,0.047370304099991704,0.053005104436807206,0.0026296959000082984,0.003005104436807203,0.0026296959000082984,1.3668525080289395,3.6659365771818897,0.731607831954044,0.939914487043259,0
llama,seqkd,40,E_math,14,self_attn.o_proj,0.1,7,displacement_rank,/root/autodl-tmp/cycle09_stage4_state_displacement/cells/llama/seqkd/step_040/E_math.L14.main.direction.pt,stage4_direction_singular_values,128,0.08875047570697775,0.10079153654116829,-0.03875047570697775,0.05079153654116829,-0.03875047570697775,1.3668525080289395,3.6659365771818897,0.731607831954044,0.939914487043259,0
llama,seqkd,40,E_math,14,mlp.gate_proj,0.01,21,displacement_rank,/root/autodl-tmp/cycle09_stage4_state_displacement/cells/llama/seqkd/step_040/E_math.L14.main.direction.pt,stage4_direction_singular_values,128,0.009996451977719163,0.011397238020534266,0.040003548022280844,-0.03860276197946574,-0.03860276197946574,1.114525044099428,1.8821025362021662,0.8972431847038771,0.9686899393355063,0
llama,seqkd,40,E_math,14,mlp.gate_proj,0.025,13,displacement_rank,/root/autodl-tmp/cycle09_stage4_state_displacement/cells/llama/seqkd/step_040/E_math.L14.main.direction.pt,stage4_direction_singular_values,128,0.023834445871689168,0.026160942197960012,0.026165554128310835,-0.02383905780203999,-0.02383905780203999,1.114525044099428,1.8821025362021662,0.8972431847038771,0.9686899393355063,0
llama,seqkd,40,E_math,14,mlp.gate_proj,0.05,6,displacement_rank,/root/autodl-tmp/cycle09_stage4_state_displacement/cells/llama/seqkd/step_040/E_math.L14.main.direction.pt,stage4_direction_singular_values,128,0.047774350762516876,0.053564060476751905,0.0022256492374831266,0.0035640604767519027,0.0022256492374831266,1.114525044099428,1.8821025362021662,0.8972431847038771,0.9686899393355063,0
llama,seqkd,40,E_math,14,mlp.gate_proj,0.1,2,displacement_rank,/root/autodl-tmp/cycle09_stage4_state_displacement/cells/llama/seqkd/step_040/E_math.L14.main.direction.pt,stage4_direction_singular_values,128,0.08282497275757274,0.10275681529612284,-0.032824972757572735,0.05275681529612283,-0.032824972757572735,1.114525044099428,1.8821025362021662,0.8972431847038771,0.9686899393355063,0
llama,seqkd,40,E_math,14,mlp.up_proj,0.01,24,displacement_rank,/root/autodl-tmp/cycle09_stage4_state_displacement/cells/llama/seqkd/step_040/E_math.L14.main.direction.pt,stage4_direction_singular_values,128,0.008739670051005202,0.010297617323770335,0.0412603299489948,-0.039702382676229664,-0.039702382676229664,1.2054752163616613,2.5470923435358546,0.8295483693295479,0.9528358024573217,0
llama,seqkd,40,E_math,14,mlp.up_proj,0.025,17,displacement_rank,/root/autodl-tmp/cycle09_stage4_state_displacement/cells/llama/seqkd/step_040/E_math.L14.main.direction.pt,stage4_direction_singular_values,128,0.022474520333097384,0.02505103063220334,0.02752547966690262,-0.024948969367796663,-0.024948969367796663,1.2054752163616613,2.5470923435358546,0.8295483693295479,0.9528358024573217,0
llama,seqkd,40,E_math,14,mlp.up_proj,0.05,10,displacement_rank,/root/autodl-tmp/cycle09_stage4_state_displacement/cells/llama/seqkd/step_040/E_math.L14.main.direction.pt,stage4_direction_singular_values,128,0.04716419754267823,0.05266827626915344,0.002835802457321776,0.00266827626915344,0.00266827626915344,1.2054752163616613,2.5470923435358546,0.8295483693295479,0.9528358024573217,0
llama,seqkd,40,E_math,14,mlp.up_proj,0.1,4,displacement_rank,/root/autodl-tmp/cycle09_stage4_state_displacement/cells/llama/seqkd/step_040/E_math.L14.main.direction.pt,stage4_direction_singular_values,128,0.09331441897289736,0.10694127802423078,-0.04331441897289735,0.05694127802423078,-0.04331441897289735,1.2054752163616613,2.5470923435358546,0.8295483693295479,0.9528358024573217,0
llama,seqkd,40,E_math,14,mlp.down_proj,0.01,22,displacement_rank,/root/autodl-tmp/cycle09_stage4_state_displacement/cells/llama/seqkd/step_040/E_math.L14.main.direction.pt,stage4_direction_singular_values,128,0.008786604476826974,0.010117411222524214,0.04121339552317303,-0.03988258877747579,-0.03988258877747579,1.1183036973160445,1.9213445888471283,0.8942114761848895,0.9649531151362551,0
llama,seqkd,40,E_math,14,mlp.down_proj,0.025,14,displacement_rank,/root/autodl-tmp/cycle09_stage4_state_displacement/cells/llama/seqkd/step_040/E_math.L14.main.direction.pt,stage4_direction_singular_values,128,0.02371006616367763,0.02608851581155969,0.026289933836322374,-0.023911484188440312,-0.023911484188440312,1.1183036973160445,1.9213445888471283,0.8942114761848895,0.9649531151362551,0
llama,seqkd,40,E_math,14,mlp.down_proj,0.05,7,displacement_rank,/root/autodl-tmp/cycle09_stage4_state_displacement/cells/llama/seqkd/step_040/E_math.L14.main.direction.pt,stage4_direction_singular_values,128,0.0470459191777283,0.052456022556548666,0.0029540808222717,0.0024560225565486635,0.0024560225565486635,1.1183036973160445,1.9213445888471283,0.8942114761848895,0.9649531151362551,0
llama,seqkd,40,E_math,14,mlp.down_proj,0.1,2,displacement_rank,/root/autodl-tmp/cycle09_stage4_state_displacement/cells/llama/seqkd/step_040/E_math.L14.main.direction.pt,stage4_direction_singular_values,128,0.0865960119008059,0.10578852381511077,-0.0365960119008059,0.05578852381511076,-0.0365960119008059,1.1183036973160445,1.9213445888471283,0.8942114761848895,0.9649531151362551,0
llama,seqkd,40,E_ood,14,self_attn.q_proj,0.01,28,displacement_rank,/root/autodl-tmp/cycle09_stage4_state_displacement/cells/llama/seqkd/step_040/E_ood.L14.main.direction.pt,stage4_direction_singular_values,128,0.007804831947797493,0.010172424468122093,0.04219516805220251,-0.03982757553187791,-0.03982757553187791,1.7252894317372343,6.154082687590625,0.5796128937004364,0.8947733842106957,0
llama,seqkd,40,E_ood,14,self_attn.q_proj,0.025,23,displacement_rank,/root/autodl-tmp/cycle09_stage4_state_displacement/cells/llama/seqkd/step_040/E_ood.L14.main.direction.pt,stage4_direction_singular_values,128,0.02192017083140188,0.025417536676503136,0.028079829168598122,-0.024582463323496867,-0.024582463323496867,1.7252894317372343,6.154082687590625,0.5796128937004364,0.8947733842106957,0
llama,seqkd,40,E_ood,14,self_attn.q_proj,0.05,17,displacement_rank,/root/autodl-tmp/cycle09_stage4_state_displacement/cells/llama/seqkd/step_040/E_ood.L14.main.direction.pt,stage4_direction_singular_values,128,0.049583450142903385,0.05574917370722361,0.00041654985709661807,0.005749173707223609,0.00041654985709661807,1.7252894317372343,6.154082687590625,0.5796128937004364,0.8947733842106957,0
llama,seqkd,40,E_ood,14,self_attn.q_proj,0.1,11,displacement_rank,/root/autodl-tmp/cycle09_stage4_state_displacement/cells/llama/seqkd/step_040/E_ood.L14.main.direction.pt,stage4_direction_singular_values,128,0.09459250120408007,0.10522661578930427,-0.044592501204080065,0.05522661578930427,-0.044592501204080065,1.7252894317372343,6.154082687590625,0.5796128937004364,0.8947733842106957,0
llama,seqkd,40,E_ood,14,self_attn.k_proj,0.01,27,displacement_rank,/root/autodl-tmp/cycle09_stage4_state_displacement/cells/llama/seqkd/step_040/E_ood.L14.main.direction.pt,stage4_direction_singular_values,128,0.008037575393916311,0.010300704385574332,0.041962424606083695,-0.03969929561442567,-0.03969929561442567,1.348474949387691,3.891011707297929,0.741578477563914,0.9114486259738275,0
llama,seqkd,40,E_ood,14,self_attn.k_proj,0.025,21,displacement_rank,/root/autodl-tmp/cycle09_stage4_state_displacement/cells/llama/seqkd/step_040/E_ood.L14.main.direction.pt,stage4_direction_singular_values,128,0.024195144344660875,0.02771662524287356,0.025804855655339128,-0.022283374757126443,-0.022283374757126443,1.348474949387691,3.891011707297929,0.741578477563914,0.9114486259738275,0
llama,seqkd,40,E_ood,14,self_attn.k_proj,0.05,16,displacement_rank,/root/autodl-tmp/cycle09_stage4_state_displacement/cells/llama/seqkd/step_040/E_ood.L14.main.direction.pt,stage4_direction_singular_values,128,0.04587113263361921,0.05132049595568679,0.004128867366380795,0.0013204959556867846,0.0013204959556867846,1.348474949387691,3.891011707297929,0.741578477563914,0.9114486259738275,0
llama,seqkd,40,E_ood,14,self_attn.k_proj,0.1,9,displacement_rank,/root/autodl-tmp/cycle09_stage4_state_displacement/cells/llama/seqkd/step_040/E_ood.L14.main.direction.pt,stage4_direction_singular_values,128,0.09862578561639401,0.11037269046748768,-0.04862578561639401,0.06037269046748768,-0.04862578561639401,1.348474949387691,3.891011707297929,0.741578477563914,0.9114486259738275,0
llama,seqkd,40,E_ood,14,self_attn.v_proj,0.01,23,displacement_rank,/root/autodl-tmp/cycle09_stage4_state_displacement/cells/llama/seqkd/step_040/E_ood.L14.main.direction.pt,stage4_direction_singular_values,128,0.009774768451295966,0.01134100092833461,0.04022523154870404,-0.038658999071665395,-0.038658999071665395,1.3030660222886608,3.152446575759296,0.7674208235770233,0.9509899126182135,0
llama,seqkd,40,E_ood,14,self_attn.v_proj,0.025,16,displacement_rank,/root/autodl-tmp/cycle09_stage4_state_displacement/cells/llama/seqkd/step_040/E_ood.L14.main.direction.pt,stage4_direction_singular_values,128,0.024536131962593993,0.027394179405248267,0.02546386803740601,-0.022605820594751736,-0.022605820594751736,1.3030660222886608,3.152446575759296,0.7674208235770233,0.9509899126182135,0
llama,seqkd,40,E_ood,14,self_attn.v_proj,0.05,10,displacement_rank,/root/autodl-tmp/cycle09_stage4_state_displacement/cells/llama/seqkd/step_040/E_ood.L14.main.direction.pt,stage4_direction_singular_values,128,0.04901008738178665,0.05448672288702947,0.000989912618213351,0.004486722887029469,0.000989912618213351,1.3030660222886608,3.152446575759296,0.7674208235770233,0.9509899126182135,0
llama,seqkd,40,E_ood,14,self_attn.v_proj,0.1,5,displacement_rank,/root/autodl-tmp/cycle09_stage4_state_displacement/cells/llama/seqkd/step_040/E_ood.L14.main.direction.pt,stage4_direction_singular_values,128,0.08547128208939764,0.10433747810281938,-0.035471282089397635,0.05433747810281937,-0.035471282089397635,1.3030660222886608,3.152446575759296,0.7674208235770233,0.9509899126182135,0
llama,seqkd,40,E_ood,14,self_attn.o_proj,0.01,26,displacement_rank,/root/autodl-tmp/cycle09_stage4_state_displacement/cells/llama/seqkd/step_040/E_ood.L14.main.direction.pt,stage4_direction_singular_values,128,0.009131263796784438,0.011523221948086923,0.040868736203215565,-0.03847677805191308,-0.03847677805191308,1.4537542004987132,4.480030001399912,0.6878741947276562,0.9118206459689276,0
llama,seqkd,40,E_ood,14,self_attn.o_proj,0.025,21,displacement_rank,/root/autodl-tmp/cycle09_stage4_state_displacement/cells/llama/seqkd/step_040/E_ood.L14.main.direction.pt,stage4_direction_singular_values,128,0.023394415519565646,0.026891612883218643,0.026605584480434357,-0.02310838711678136,-0.02310838711678136,1.4537542004987132,4.480030001399912,0.6878741947276562,0.9118206459689276,0
llama,seqkd,40,E_ood,14,self_attn.o_proj,0.05,16,displacement_rank,/root/autodl-tmp/cycle09_stage4_state_displacement/cells/llama/seqkd/step_040/E_ood.L14.main.direction.pt,stage4_direction_singular_values,128,0.04421288956972565,0.05017435059102278,0.005787110430274356,0.00017435059102277606,0.00017435059102277606,1.4537542004987132,4.480030001399912,0.6878741947276562,0.9118206459689276,0
llama,seqkd,40,E_ood,14,self_attn.o_proj,0.1,9,displacement_rank,/root/autodl-tmp/cycle09_stage4_state_displacement/cells/llama/seqkd/step_040/E_ood.L14.main.direction.pt,stage4_direction_singular_values,128,0.09736843332006423,0.10728083974334089,-0.04736843332006423,0.05728083974334089,-0.04736843332006423,1.4537542004987132,4.480030001399912,0.6878741947276562,0.9118206459689276,0
llama,seqkd,40,E_ood,14,mlp.gate_proj,0.01,24,displacement_rank,/root/autodl-tmp/cycle09_stage4_state_displacement/cells/llama/seqkd/step_040/E_ood.L14.main.direction.pt,stage4_direction_singular_values,128,0.009991329020403405,0.011716578149725272,0.040008670979596594,-0.03828342185027473,-0.03828342185027473,1.17552459040729,2.3688766771607592,0.850684033460776,0.9513646968758669,0
llama,seqkd,40,E_ood,14,mlp.gate_proj,0.025,18,displacement_rank,/root/autodl-tmp/cycle09_stage4_state_displacement/cells/llama/seqkd/step_040/E_ood.L14.main.direction.pt,stage4_direction_singular_values,128,0.022664513183402814,0.025252771243158705,0.02733548681659719,-0.024747228756841298,-0.024747228756841298,1.17552459040729,2.3688766771607592,0.850684033460776,0.9513646968758669,0
llama,seqkd,40,E_ood,14,mlp.gate_proj,0.05,10,displacement_rank,/root/autodl-tmp/cycle09_stage4_state_displacement/cells/llama/seqkd/step_040/E_ood.L14.main.direction.pt,stage4_direction_singular_values,128,0.04863530312413358,0.05300513399313037,0.0013646968758664196,0.0030051339931303697,0.0013646968758664196,1.17552459040729,2.3688766771607592,0.850684033460776,0.9513646968758669,0
llama,seqkd,40,E_ood,14,mlp.gate_proj,0.1,4,displacement_rank,/root/autodl-tmp/cycle09_stage4_state_displacement/cells/llama/seqkd/step_040/E_ood.L14.main.direction.pt,stage4_direction_singular_values,128,0.08832567421108739,0.10116585100761609,-0.03832567421108739,0.05116585100761609,-0.03832567421108739,1.17552459040729,2.3688766771607592,0.850684033460776,0.9513646968758669,0
llama,seqkd,40,E_ood,14,mlp.up_proj,0.01,27,displacement_rank,/root/autodl-tmp/cycle09_stage4_state_displacement/cells/llama/seqkd/step_040/E_ood.L14.main.direction.pt,stage4_direction_singular_values,128,0.009255914334875258,0.011828013475863717,0.040744085665124746,-0.03817198652413629,-0.03817198652413629,1.4021906748648838,4.170045739073196,0.7131697692229774,0.9149169511179277,0
llama,seqkd,40,E_ood,14,mlp.up_proj,0.025,22,displacement_rank,/root/autodl-tmp/cycle09_stage4_state_displacement/cells/llama/seqkd/step_040/E_ood.L14.main.direction.pt,stage4_direction_singular_values,128,0.023762086804545057,0.027245158797489694,0.026237913195454945,-0.02275484120251031,-0.02275484120251031,1.4021906748648838,4.170045739073196,0.7131697692229774,0.9149169511179277,0
llama,seqkd,40,E_ood,14,mlp.up_proj,0.05,16,displacement_rank,/root/autodl-tmp/cycle09_stage4_state_displacement/cells/llama/seqkd/step_040/E_ood.L14.main.direction.pt,stage4_direction_singular_values,128,0.04763733451454885,0.05257656392291745,0.0023626654854511514,0.002576563922917448,0.0023626654854511514,1.4021906748648838,4.170045739073196,0.7131697692229774,0.9149169511179277,0
llama,seqkd,40,E_ood,14,mlp.up_proj,0.1,9,displacement_rank,/root/autodl-tmp/cycle09_stage4_state_displacement/cells/llama/seqkd/step_040/E_ood.L14.main.direction.pt,stage4_direction_singular_values,128,0.09434573619561219,0.10421465965221618,-0.04434573619561219,0.05421465965221618,-0.04434573619561219,1.4021906748648838,4.170045739073196,0.7131697692229774,0.9149169511179277,0
llama,seqkd,40,E_ood,14,mlp.down_proj,0.01,25,displacement_rank,/root/autodl-tmp/cycle09_stage4_state_displacement/cells/llama/seqkd/step_040/E_ood.L14.main.direction.pt,stage4_direction_singular_values,128,0.00865868978731739,0.010448514659334482,0.041341310212682614,-0.03955148534066552,-0.03955148534066552,1.1679533756338685,2.3425969134351714,0.8561985614000068,0.948873177260586,0
llama,seqkd,40,E_ood,14,mlp.down_proj,0.025,18,displacement_rank,/root/autodl-tmp/cycle09_stage4_state_displacement/cells/llama/seqkd/step_040/E_ood.L14.main.direction.pt,stage4_direction_singular_values,128,0.0230643695833395,0.02560272574288352,0.026935630416660503,-0.024397274257116484,-0.024397274257116484,1.1679533756338685,2.3425969134351714,0.8561985614000068,0.948873177260586,0
llama,seqkd,40,E_ood,14,mlp.down_proj,0.05,11,displacement_rank,/root/autodl-tmp/cycle09_stage4_state_displacement/cells/llama/seqkd/step_040/E_ood.L14.main.direction.pt,stage4_direction_singular_values,128,0.04663216989144054,0.05112682273941419,0.0033678301085594622,0.0011268227394141891,0.0011268227394141891,1.1679533756338685,2.3425969134351714,0.8561985614000068,0.948873177260586,0
llama,seqkd,40,E_ood,14,mlp.down_proj,0.1,4,displacement_rank,/root/autodl-tmp/cycle09_stage4_state_displacement/cells/llama/seqkd/step_040/E_ood.L14.main.direction.pt,stage4_direction_singular_values,128,0.09382818346854847,0.10626006949127845,-0.04382818346854847,0.056260069491278444,-0.04382818346854847,1.1679533756338685,2.3425969134351714,0.8561985614000068,0.948873177260586,0
llama,seqkd,40,E_if,14,self_attn.q_proj,0.01,28,displacement_rank,/root/autodl-tmp/cycle09_stage4_state_displacement/cells/llama/seqkd/step_040/E_if.L14.main.direction.pt,stage4_direction_singular_values,128,0.007908057845121308,0.01034272294461892,0.04209194215487869,-0.03965727705538108,-0.03965727705538108,1.597719074641904,5.53277270983874,0.6258922584523374,0.89782975217539,0
llama,seqkd,40,E_if,14,self_attn.q_proj,0.025,23,displacement_rank,/root/autodl-tmp/cycle09_stage4_state_displacement/cells/llama/seqkd/step_040/E_if.L14.main.direction.pt,stage4_direction_singular_values,128,0.022607332834120746,0.026175324400722864,0.027392667165879257,-0.02382467559927714,-0.02382467559927714,1.597719074641904,5.53277270983874,0.6258922584523374,0.89782975217539,0
llama,seqkd,40,E_if,14,self_attn.q_proj,0.05,17,displacement_rank,/root/autodl-tmp/cycle09_stage4_state_displacement/cells/llama/seqkd/step_040/E_if.L14.main.direction.pt,stage4_direction_singular_values,128,0.049583014114040966,0.05509760085451249,0.00041698588595903696,0.005097600854512489,0.00041698588595903696,1.597719074641904,5.53277270983874,0.6258922584523374,0.89782975217539,0
llama,seqkd,40,E_if,14,self_attn.q_proj,0.1,11,displacement_rank,/root/autodl-tmp/cycle09_stage4_state_displacement/cells/llama/seqkd/step_040/E_if.L14.main.direction.pt,stage4_direction_singular_values,128,0.09181186209896944,0.10217024782460972,-0.041811862098969435,0.05217024782460972,-0.041811862098969435,1.597719074641904,5.53277270983874,0.6258922584523374,0.89782975217539,0
llama,seqkd,40,E_if,14,self_attn.k_proj,0.01,28,displacement_rank,/root/autodl-tmp/cycle09_stage4_state_displacement/cells/llama/seqkd/step_040/E_if.L14.main.direction.pt,stage4_direction_singular_values,128,0.00741118992668562,0.010074254447102814,0.04258881007331438,-0.039925745552897185,-0.039925745552897185,1.4134197979927552,4.50361577210131,0.7075038862623358,0.896334930391201,0
llama,seqkd,40,E_if,14,self_attn.k_proj,0.025,23,displacement_rank,/root/autodl-tmp/cycle09_stage4_state_displacement/cells/llama/seqkd/step_040/E_if.L14.main.direction.pt,stage4_direction_singular_values,128,0.02229035826002086,0.02577155470212511,0.027709641739979144,-0.024228445297874893,-0.024228445297874893,1.4134197979927552,4.50361577210131,0.7075038862623358,0.896334930391201,0
llama,seqkd,40,E_if,14,self_attn.k_proj,0.05,17,displacement_rank,/root/autodl-tmp/cycle09_stage4_state_displacement/cells/llama/seqkd/step_040/E_if.L14.main.direction.pt,stage4_direction_singular_values,128,0.04900199981307121,0.05473484625454353,0.0009980001869287908,0.004734846254543526,0.0009980001869287908,1.4134197979927552,4.50361577210131,0.7075038862623358,0.896334930391201,0
llama,seqkd,40,E_if,14,self_attn.k_proj,0.1,11,displacement_rank,/root/autodl-tmp/cycle09_stage4_state_displacement/cells/llama/seqkd/step_040/E_if.L14.main.direction.pt,stage4_direction_singular_values,128,0.09281268028397192,0.10366506960879908,-0.04281268028397192,0.053665069608799076,-0.04281268028397192,1.4134197979927552,4.50361577210131,0.7075038862623358,0.896334930391201,0
llama,seqkd,40,E_if,14,self_attn.v_proj,0.01,23,displacement_rank,/root/autodl-tmp/cycle09_stage4_state_displacement/cells/llama/seqkd/step_040/E_if.L14.main.direction.pt,stage4_direction_singular_values,128,0.008986168164809474,0.010446805558879946,0.04101383183519053,-0.03955319444112006,-0.03955319444112006,1.2139101611780616,2.585171050558826,0.8237841909400704,0.9557040652309983,0
llama,seqkd,40,E_if,14,self_attn.v_proj,0.025,16,displacement_rank,/root/autodl-tmp/cycle09_stage4_state_displacement/cells/llama/seqkd/step_040/E_if.L14.main.direction.pt,stage4_direction_singular_values,128,0.022555705099940402,0.02529193866833265,0.0274442949000596,-0.024708061331667353,-0.024708061331667353,1.2139101611780616,2.585171050558826,0.8237841909400704,0.9557040652309983,0
llama,seqkd,40,E_if,14,self_attn.v_proj,0.05,9,displacement_rank,/root/autodl-tmp/cycle09_stage4_state_displacement/cells/llama/seqkd/step_040/E_if.L14.main.direction.pt,stage4_direction_singular_values,128,0.04946522362334498,0.05525830906482313,0.0005347763766550204,0.005258309064823129,0.0005347763766550204,1.2139101611780616,2.585171050558826,0.8237841909400704,0.9557040652309983,0
llama,seqkd,40,E_if,14,self_attn.v_proj,0.1,4,displacement_rank,/root/autodl-tmp/cycle09_stage4_state_displacement/cells/llama/seqkd/step_040/E_if.L14.main.direction.pt,stage4_direction_singular_values,128,0.09017364944514321,0.10631055497721167,-0.040173649445143206,0.05631055497721167,-0.040173649445143206,1.2139101611780616,2.585171050558826,0.8237841909400704,0.9557040652309983,0
llama,seqkd,40,E_if,14,self_attn.o_proj,0.01,28,displacement_rank,/root/autodl-tmp/cycle09_stage4_state_displacement/cells/llama/seqkd/step_040/E_if.L14.main.direction.pt,stage4_direction_singular_values,128,0.008226957528659984,0.011021406289794514,0.04177304247134002,-0.03897859371020549,-0.03897859371020549,2.321839581651329,8.3741945162368,0.4306929763376608,0.8695774020466175,0
llama,seqkd,40,E_if,14,self_attn.o_proj,0.025,24,displacement_rank,/root/autodl-tmp/cycle09_stage4_state_displacement/cells/llama/seqkd/step_040/E_if.L14.main.direction.pt,stage4_direction_singular_values,128,0.022147880966111786,0.026530769275886414,0.027852119033888217,-0.02346923072411359,-0.02346923072411359,2.321839581651329,8.3741945162368,0.4306929763376608,0.8695774020466175,0
llama,seqkd,40,E_if,14,self_attn.o_proj,0.05,19,displacement_rank,/root/autodl-tmp/cycle09_stage4_state_displacement/cells/llama/seqkd/step_040/E_if.L14.main.direction.pt,stage4_direction_singular_values,128,0.04746826030642467,0.05375645550484634,0.002531739693575334,0.003756455504846337,0.002531739693575334,2.321839581651329,8.3741945162368,0.4306929763376608,0.8695774020466175,0
llama,seqkd,40,E_if,14,self_attn.o_proj,0.1,13,displacement_rank,/root/autodl-tmp/cycle09_stage4_state_displacement/cells/llama/seqkd/step_040/E_if.L14.main.direction.pt,stage4_direction_singular_values,128,0.09444397105481074,0.10537425239899743,-0.04444397105481074,0.05537425239899743,-0.04444397105481074,2.321839581651329,8.3741945162368,0.4306929763376608,0.8695774020466175,0
llama,seqkd,40,E_if,14,mlp.gate_proj,0.01,24,displacement_rank,/root/autodl-tmp/cycle09_stage4_state_displacement/cells/llama/seqkd/step_040/E_if.L14.main.direction.pt,stage4_direction_singular_values,128,0.009931609125912578,0.011612165115010313,0.04006839087408742,-0.03838783488498969,-0.03838783488498969,1.1554058144791581,2.237884881785339,0.8654967695924111,0.9530636340642704,0
llama,seqkd,40,E_if,14,mlp.gate_proj,0.025,17,displacement_rank,/root/autodl-tmp/cycle09_stage4_state_displacement/cells/llama/seqkd/step_040/E_if.L14.main.direction.pt,stage4_direction_singular_values,128,0.024017063776581384,0.026661895333024363,0.02598293622341862,-0.02333810466697564,-0.02333810466697564,1.1554058144791581,2.237884881785339,0.8654967695924111,0.9530636340642704,0
llama,seqkd,40,E_if,14,mlp.gate_proj,0.05,10,displacement_rank,/root/autodl-tmp/cycle09_stage4_state_displacement/cells/llama/seqkd/step_040/E_if.L14.main.direction.pt,stage4_direction_singular_values,128,0.046936365935729425,0.05167392788031392,0.0030636340642705776,0.0016739278803139176,0.0016739278803139176,1.1554058144791581,2.237884881785339,0.8654967695924111,0.9530636340642704,0
llama,seqkd,40,E_if,14,mlp.gate_proj,0.1,3,displacement_rank,/root/autodl-tmp/cycle09_stage4_state_displacement/cells/llama/seqkd/step_040/E_if.L14.main.direction.pt,stage4_direction_singular_values,128,0.09965337960012548,0.11586933263279364,-0.049653379600125475,0.06586933263279364,-0.049653379600125475,1.1554058144791581,2.237884881785339,0.8654967695924111,0.9530636340642704,0
llama,seqkd,40,E_if,14,mlp.up_proj,0.01,27,displacement_rank,/root/autodl-tmp/cycle09_stage4_state_displacement/cells/llama/seqkd/step_040/E_if.L14.main.direction.pt,stage4_direction_singular_values,128,0.007989050662414983,0.010179150920259374,0.04201094933758502,-0.03982084907974063,-0.03982084907974063,1.2786382653919321,3.2530315180157197,0.782082021996641,0.9266770282446387,0
llama,seqkd,40,E_if,14,mlp.up_proj,0.025,21,displacement_rank,/root/autodl-tmp/cycle09_stage4_state_displacement/cells/llama/seqkd/step_040/E_if.L14.main.direction.pt,stage4_direction_singular_values,128,0.02348204422628497,0.026589318074783166,0.026517955773715032,-0.023410681925216836,-0.023410681925216836,1.2786382653919321,3.2530315180157197,0.782082021996641,0.9266770282446387,0
llama,seqkd,40,E_if,14,mlp.up_proj,0.05,14,displacement_rank,/root/autodl-tmp/cycle09_stage4_state_displacement/cells/llama/seqkd/step_040/E_if.L14.main.direction.pt,stage4_direction_singular_values,128,0.04994143897756248,0.0545847648519636,5.85610224375227e-05,0.004584764851963595,5.85610224375227e-05,1.2786382653919321,3.2530315180157197,0.782082021996641,0.9266770282446387,0
llama,seqkd,40,E_if,14,mlp.up_proj,0.1,7,displacement_rank,/root/autodl-tmp/cycle09_stage4_state_displacement/cells/llama/seqkd/step_040/E_if.L14.main.direction.pt,stage4_direction_singular_values,128,0.09931511089251592,0.11060700720752119,-0.04931511089251592,0.060607007207521185,-0.04931511089251592,1.2786382653919321,3.2530315180157197,0.782082021996641,0.9266770282446387,0
llama,seqkd,40,E_if,14,mlp.down_proj,0.01,24,displacement_rank,/root/autodl-tmp/cycle09_stage4_state_displacement/cells/llama/seqkd/step_040/E_if.L14.main.direction.pt,stage4_direction_singular_values,128,0.00989896082460329,0.01164013202718962,0.040101039175396716,-0.03835986797281038,-0.03835986797281038,1.155559332289765,2.2443834326276493,0.865381787033366,0.9509987628909841,0
llama,seqkd,40,E_if,14,mlp.down_proj,0.025,17,displacement_rank,/root/autodl-tmp/cycle09_stage4_state_displacement/cells/llama/seqkd/step_040/E_if.L14.main.direction.pt,stage4_direction_singular_values,128,0.02463496675219498,0.027321082110070415,0.02536503324780502,-0.022678917889929588,-0.022678917889929588,1.155559332289765,2.2443834326276493,0.865381787033366,0.9509987628909841,0
llama,seqkd,40,E_if,14,mlp.down_proj,0.05,10,displacement_rank,/root/autodl-tmp/cycle09_stage4_state_displacement/cells/llama/seqkd/step_040/E_if.L14.main.direction.pt,stage4_direction_singular_values,128,0.04900123710901589,0.053857625298656855,0.0009987628909841131,0.0038576252986568527,0.0009987628909841131,1.155559332289765,2.2443834326276493,0.865381787033366,0.9509987628909841,0
llama,seqkd,40,E_if,14,mlp.down_proj,0.1,3,displacement_rank,/root/autodl-tmp/cycle09_stage4_state_displacement/cells/llama/seqkd/step_040/E_if.L14.main.direction.pt,stage4_direction_singular_values,128,0.09983015380062604,0.11640715966973526,-0.04983015380062604,0.06640715966973526,-0.04983015380062604,1.155559332289765,2.2443834326276493,0.865381787033366,0.9509987628909841,0
llama,seqkd,80,E_general,14,self_attn.q_proj,0.01,29,displacement_rank,/root/autodl-tmp/cycle09_stage4_state_displacement/cells/llama/seqkd/step_080/E_general.L14.main.direction.pt,stage4_direction_singular_values,128,0.007465950116424793,0.010250436177673215,0.04253404988357521,-0.03974956382232679,-0.03974956382232679,1.9422515439835581,7.922848185548926,0.5148663689302571,0.861348446013698,0
llama,seqkd,80,E_general,14,self_attn.q_proj,0.025,25,displacement_rank,/root/autodl-tmp/cycle09_stage4_state_displacement/cells/llama/seqkd/step_080/E_general.L14.main.direction.pt,stage4_direction_singular_values,128,0.021239479185034164,0.025675222859608656,0.02876052081496584,-0.024324777140391347,-0.024324777140391347,1.9422515439835581,7.922848185548926,0.5148663689302571,0.861348446013698,0
llama,seqkd,80,E_general,14,self_attn.q_proj,0.05,20,displacement_rank,/root/autodl-tmp/cycle09_stage4_state_displacement/cells/llama/seqkd/step_080/E_general.L14.main.direction.pt,stage4_direction_singular_values,128,0.04656212596989062,0.05279843246036887,0.0034378740301093808,0.0027984324603688646,0.0027984324603688646,1.9422515439835581,7.922848185548926,0.5148663689302571,0.861348446013698,0
llama,seqkd,80,E_general,14,self_attn.q_proj,0.1,14,displacement_rank,/root/autodl-tmp/cycle09_stage4_state_displacement/cells/llama/seqkd/step_080/E_general.L14.main.direction.pt,stage4_direction_singular_values,128,0.09118330139500871,0.10141913247363507,-0.04118330139500871,0.05141913247363507,-0.04118330139500871,1.9422515439835581,7.922848185548926,0.5148663689302571,0.861348446013698,0
llama,seqkd,80,E_general,14,self_attn.k_proj,0.01,29,displacement_rank,/root/autodl-tmp/cycle09_stage4_state_displacement/cells/llama/seqkd/step_080/E_general.L14.main.direction.pt,stage4_direction_singular_values,128,0.007276505773464874,0.010268127151720872,0.04272349422653513,-0.03973187284827913,-0.03973187284827913,1.5554932339379401,5.867616074691915,0.6428828992514263,0.8606002011989651,0
llama,seqkd,80,E_general,14,self_attn.k_proj,0.025,24,displacement_rank,/root/autodl-tmp/cycle09_stage4_state_displacement/cells/llama/seqkd/step_080/E_general.L14.main.direction.pt,stage4_direction_singular_values,128,0.024613309445744504,0.029276514305026605,0.0253866905542555,-0.020723485694973398,-0.020723485694973398,1.5554932339379401,5.867616074691915,0.6428828992514263,0.8606002011989651,0
llama,seqkd,80,E_general,14,self_attn.k_proj,0.05,20,displacement_rank,/root/autodl-tmp/cycle09_stage4_state_displacement/cells/llama/seqkd/step_080/E_general.L14.main.direction.pt,stage4_direction_singular_values,128,0.045377829517942316,0.05132411685964694,0.004622170482057687,0.0013241168596469371,0.0013241168596469371,1.5554932339379401,5.867616074691915,0.6428828992514263,0.8606002011989651,0
llama,seqkd,80,E_general,14,self_attn.k_proj,0.1,14,displacement_rank,/root/autodl-tmp/cycle09_stage4_state_displacement/cells/llama/seqkd/step_080/E_general.L14.main.direction.pt,stage4_direction_singular_values,128,0.09131033559895037,0.10140132715570932,-0.041310335598950365,0.05140132715570932,-0.041310335598950365,1.5554932339379401,5.867616074691915,0.6428828992514263,0.8606002011989651,0
llama,seqkd,80,E_general,14,self_attn.v_proj,0.01,27,displacement_rank,/root/autodl-tmp/cycle09_stage4_state_displacement/cells/llama/seqkd/step_080/E_general.L14.main.direction.pt,stage4_direction_singular_values,128,0.007832812304792809,0.010066808628070753,0.04216718769520719,-0.03993319137192925,-0.03993319137192925,1.4160788738678298,4.2089077146794995,0.7061753539678436,0.9193935921153645,0
llama,seqkd,80,E_general,14,self_attn.v_proj,0.025,21,displacement_rank,/root/autodl-tmp/cycle09_stage4_state_displacement/cells/llama/seqkd/step_080/E_general.L14.main.direction.pt,stage4_direction_singular_values,128,0.02314158109016343,0.026397296220734133,0.026858418909836573,-0.02360270377926587,-0.02360270377926587,1.4160788738678298,4.2089077146794995,0.7061753539678436,0.9193935921153645,0
llama,seqkd,80,E_general,14,self_attn.v_proj,0.05,15,displacement_rank,/root/autodl-tmp/cycle09_stage4_state_displacement/cells/llama/seqkd/step_080/E_general.L14.main.direction.pt,stage4_direction_singular_values,128,0.04721087456215936,0.05238854426074147,0.002789125437840642,0.0023885442607414695,0.0023885442607414695,1.4160788738678298,4.2089077146794995,0.7061753539678436,0.9193935921153645,0
llama,seqkd,80,E_general,14,self_attn.v_proj,0.1,8,displacement_rank,/root/autodl-tmp/cycle09_stage4_state_displacement/cells/llama/seqkd/step_080/E_general.L14.main.direction.pt,stage4_direction_singular_values,128,0.09859130489306261,0.10914191677114211,-0.04859130489306261,0.05914191677114211,-0.04859130489306261,1.4160788738678298,4.2089077146794995,0.7061753539678436,0.9193935921153645,0
llama,seqkd,80,E_general,14,self_attn.o_proj,0.01,29,displacement_rank,/root/autodl-tmp/cycle09_stage4_state_displacement/cells/llama/seqkd/step_080/E_general.L14.main.direction.pt,stage4_direction_singular_values,128,0.0075710283591513584,0.010777189032434431,0.04242897164084865,-0.03922281096756557,-0.03922281096756557,2.269480356027329,10.174617972431292,0.4406295024075362,0.830101551320057,0
llama,seqkd,80,E_general,14,self_attn.o_proj,0.025,25,displacement_rank,/root/autodl-tmp/cycle09_stage4_state_displacement/cells/llama/seqkd/step_080/E_general.L14.main.direction.pt,stage4_direction_singular_values,128,0.023763771917093064,0.028725426924634326,0.02623622808290694,-0.021274573075365677,-0.021274573075365677,2.269480356027329,10.174617972431292,0.4406295024075362,0.830101551320057,0
llama,seqkd,80,E_general,14,self_attn.o_proj,0.05,21,displacement_rank,/root/autodl-tmp/cycle09_stage4_state_displacement/cells/llama/seqkd/step_080/E_general.L14.main.direction.pt,stage4_direction_singular_values,128,0.04594045381982542,0.052778541395234364,0.004059546180174581,0.0027785413952343616,0.0027785413952343616,2.269480356027329,10.174617972431292,0.4406295024075362,0.830101551320057,0
llama,seqkd,80,E_general,14,self_attn.o_proj,0.1,15,displacement_rank,/root/autodl-tmp/cycle09_stage4_state_displacement/cells/llama/seqkd/step_080/E_general.L14.main.direction.pt,stage4_direction_singular_values,128,0.09486486744158844,0.10612936990598343,-0.044864867441588435,0.056129369905983426,-0.044864867441588435,2.269480356027329,10.174617972431292,0.4406295024075362,0.830101551320057,0
llama,seqkd,80,E_general,14,mlp.gate_proj,0.01,21,displacement_rank,/root/autodl-tmp/cycle09_stage4_state_displacement/cells/llama/seqkd/step_080/E_general.L14.main.direction.pt,stage4_direction_singular_values,128,0.009610093048484595,0.010930477723776444,0.04038990695151541,-0.03906952227622356,-0.03906952227622356,1.0836117425826763,1.6670486202019894,0.9228397595771743,0.9702980665933618,0
llama,seqkd,80,E_general,14,mlp.gate_proj,0.025,12,displacement_rank,/root/autodl-tmp/cycle09_stage4_state_displacement/cells/llama/seqkd/step_080/E_general.L14.main.direction.pt,stage4_direction_singular_values,128,0.024926210328851412,0.02720137099983413,0.02507378967114859,-0.02279862900016587,-0.02279862900016587,1.0836117425826763,1.6670486202019894,0.9228397595771743,0.9702980665933618,0
llama,seqkd,80,E_general,14,mlp.gate_proj,0.05,5,displacement_rank,/root/autodl-tmp/cycle09_stage4_state_displacement/cells/llama/seqkd/step_080/E_general.L14.main.direction.pt,stage4_direction_singular_values,128,0.04642530660763392,0.051206510874121904,0.003574693392366081,0.0012065108741219008,0.0012065108741219008,1.0836117425826763,1.6670486202019894,0.9228397595771743,0.9702980665933618,0
llama,seqkd,80,E_general,14,mlp.gate_proj,0.1,1,displacement_rank,/root/autodl-tmp/cycle09_stage4_state_displacement/cells/llama/seqkd/step_080/E_general.L14.main.direction.pt,stage4_direction_singular_values,128,0.07716024042282586,1.0000000000000004,-0.02716024042282586,0.9500000000000004,-0.02716024042282586,1.0836117425826763,1.6670486202019894,0.9228397595771743,0.9702980665933618,0
llama,seqkd,80,E_general,14,mlp.up_proj,0.01,28,displacement_rank,/root/autodl-tmp/cycle09_stage4_state_displacement/cells/llama/seqkd/step_080/E_general.L14.main.direction.pt,stage4_direction_singular_values,128,0.009540382608017518,0.012736958897799121,0.040459617391982484,-0.03726304110220088,-0.03726304110220088,1.4706078153259747,4.980151737984116,0.6799909463138138,0.8837587099073932,0
llama,seqkd,80,E_general,14,mlp.up_proj,0.025,24,displacement_rank,/root/autodl-tmp/cycle09_stage4_state_displacement/cells/llama/seqkd/step_080/E_general.L14.main.direction.pt,stage4_direction_singular_values,128,0.023815426841467056,0.027855931392216947,0.026184573158532946,-0.022144068607783056,-0.022144068607783056,1.4706078153259747,4.980151737984116,0.6799909463138138,0.8837587099073932,0
llama,seqkd,80,E_general,14,mlp.up_proj,0.05,19,displacement_rank,/root/autodl-tmp/cycle09_stage4_state_displacement/cells/llama/seqkd/step_080/E_general.L14.main.direction.pt,stage4_direction_singular_values,128,0.047564441504422905,0.053262970569656884,0.0024355584955770976,0.003262970569656881,0.0024355584955770976,1.4706078153259747,4.980151737984116,0.6799909463138138,0.8837587099073932,0
llama,seqkd,80,E_general,14,mlp.up_proj,0.1,12,displacement_rank,/root/autodl-tmp/cycle09_stage4_state_displacement/cells/llama/seqkd/step_080/E_general.L14.main.direction.pt,stage4_direction_singular_values,128,0.09642457354743741,0.10580775382079967,-0.04642457354743741,0.055807753820799666,-0.04642457354743741,1.4706078153259747,4.980151737984116,0.6799909463138138,0.8837587099073932,0
llama,seqkd,80,E_general,14,mlp.down_proj,0.01,29,displacement_rank,/root/autodl-tmp/cycle09_stage4_state_displacement/cells/llama/seqkd/step_080/E_general.L14.main.direction.pt,stage4_direction_singular_values,128,0.009915759720182967,0.013644428779423276,0.04008424027981704,-0.03635557122057673,-0.03635557122057673,1.6812885480181816,6.874839654073491,0.5947819017614494,0.8481641041357364,0
llama,seqkd,80,E_general,14,mlp.down_proj,0.025,26,displacement_rank,/root/autodl-tmp/cycle09_stage4_state_displacement/cells/llama/seqkd/step_080/E_general.L14.main.direction.pt,stage4_direction_singular_values,128,0.022331454901137245,0.027206485952113134,0.027668545098862758,-0.02279351404788687,-0.02279351404788687,1.6812885480181816,6.874839654073491,0.5947819017614494,0.8481641041357364,0
llama,seqkd,80,E_general,14,mlp.down_proj,0.05,21,displacement_rank,/root/autodl-tmp/cycle09_stage4_state_displacement/cells/llama/seqkd/step_080/E_general.L14.main.direction.pt,stage4_direction_singular_values,128,0.04874908189055957,0.055246515130713034,0.0012509181094404326,0.005246515130713031,0.0012509181094404326,1.6812885480181816,6.874839654073491,0.5947819017614494,0.8481641041357364,0
llama,seqkd,80,E_general,14,mlp.down_proj,0.1,15,displacement_rank,/root/autodl-tmp/cycle09_stage4_state_displacement/cells/llama/seqkd/step_080/E_general.L14.main.direction.pt,stage4_direction_singular_values,128,0.09443953148177262,0.1047254459432475,-0.04443953148177261,0.05472544594324749,-0.04443953148177261,1.6812885480181816,6.874839654073491,0.5947819017614494,0.8481641041357364,0
llama,seqkd,80,E_math,14,self_attn.q_proj,0.01,26,displacement_rank,/root/autodl-tmp/cycle09_stage4_state_displacement/cells/llama/seqkd/step_080/E_math.L14.main.direction.pt,stage4_direction_singular_values,128,0.00971986077384792,0.012081831053509857,0.04028013922615208,-0.037918168946490145,-0.037918168946490145,1.5158570765822086,4.859876229249613,0.6596928004945508,0.9115727287012984,0
llama,seqkd,80,E_math,14,self_attn.q_proj,0.025,21,displacement_rank,/root/autodl-tmp/cycle09_stage4_state_displacement/cells/llama/seqkd/step_080/E_math.L14.main.direction.pt,stage4_direction_singular_values,128,0.023303432955318403,0.026700967826068678,0.0266965670446816,-0.023299032173931325,-0.023299032173931325,1.5158570765822086,4.859876229249613,0.6596928004945508,0.9115727287012984,0
llama,seqkd,80,E_math,14,self_attn.q_proj,0.05,15,displacement_rank,/root/autodl-tmp/cycle09_stage4_state_displacement/cells/llama/seqkd/step_080/E_math.L14.main.direction.pt,stage4_direction_singular_values,128,0.04948570262429056,0.05505318878368966,0.0005142973757094396,0.005053188783689655,0.0005142973757094396,1.5158570765822086,4.859876229249613,0.6596928004945508,0.9115727287012984,0
llama,seqkd,80,E_math,14,self_attn.q_proj,0.1,9,displacement_rank,/root/autodl-tmp/cycle09_stage4_state_displacement/cells/llama/seqkd/step_080/E_math.L14.main.direction.pt,stage4_direction_singular_values,128,0.09897889284703844,0.11101304364470584,-0.048978892847038435,0.06101304364470583,-0.048978892847038435,1.5158570765822086,4.859876229249613,0.6596928004945508,0.9115727287012984,0
llama,seqkd,80,E_math,14,self_attn.k_proj,0.01,27,displacement_rank,/root/autodl-tmp/cycle09_stage4_state_displacement/cells/llama/seqkd/step_080/E_math.L14.main.direction.pt,stage4_direction_singular_values,128,0.00835843598124587,0.010497202227181247,0.04164156401875413,-0.03950279777281876,-0.03950279777281876,1.357960729560354,4.000409499282859,0.736398320092625,0.9042504295341431,0
llama,seqkd,80,E_math,14,self_attn.k_proj,0.025,22,displacement_rank,/root/autodl-tmp/cycle09_stage4_state_displacement/cells/llama/seqkd/step_080/E_math.L14.main.direction.pt,stage4_direction_singular_values,128,0.021920083776653682,0.025484333111894426,0.02807991622334632,-0.024515666888105577,-0.024515666888105577,1.357960729560354,4.000409499282859,0.736398320092625,0.9042504295341431,0
llama,seqkd,80,E_math,14,self_attn.k_proj,0.05,16,displacement_rank,/root/autodl-tmp/cycle09_stage4_state_displacement/cells/llama/seqkd/step_080/E_math.L14.main.direction.pt,stage4_direction_singular_values,128,0.04933030060977192,0.05556945422237413,0.0006696993902280818,0.0055694542223741275,0.0006696993902280818,1.357960729560354,4.000409499282859,0.736398320092625,0.9042504295341431,0
llama,seqkd,80,E_math,14,self_attn.k_proj,0.1,10,displacement_rank,/root/autodl-tmp/cycle09_stage4_state_displacement/cells/llama/seqkd/step_080/E_math.L14.main.direction.pt,stage4_direction_singular_values,128,0.09574957046585666,0.10689803850252629,-0.04574957046585666,0.05689803850252628,-0.04574957046585666,1.357960729560354,4.000409499282859,0.736398320092625,0.9042504295341431,0
llama,seqkd,80,E_math,14,self_attn.v_proj,0.01,22,displacement_rank,/root/autodl-tmp/cycle09_stage4_state_displacement/cells/llama/seqkd/step_080/E_math.L14.main.direction.pt,stage4_direction_singular_values,128,0.00968968622694939,0.01132202435063797,0.04031031377305061,-0.03867797564936203,-0.03867797564936203,1.2340876241240926,2.718941684193447,0.8103152324453144,0.9565194202544299,0
llama,seqkd,80,E_math,14,self_attn.v_proj,0.025,15,displacement_rank,/root/autodl-tmp/cycle09_stage4_state_displacement/cells/llama/seqkd/step_080/E_math.L14.main.direction.pt,stage4_direction_singular_values,128,0.024396864520048772,0.027365349231289793,0.02560313547995123,-0.02263465076871021,-0.02263465076871021,1.2340876241240926,2.718941684193447,0.8103152324453144,0.9565194202544299,0
llama,seqkd,80,E_math,14,self_attn.v_proj,0.05,9,displacement_rank,/root/autodl-tmp/cycle09_stage4_state_displacement/cells/llama/seqkd/step_080/E_math.L14.main.direction.pt,stage4_direction_singular_values,128,0.04850864967630363,0.05442486037234258,0.0014913503236963707,0.004424860372342576,0.0014913503236963707,1.2340876241240926,2.718941684193447,0.8103152324453144,0.9565194202544299,0
llama,seqkd,80,E_math,14,self_attn.v_proj,0.1,4,displacement_rank,/root/autodl-tmp/cycle09_stage4_state_displacement/cells/llama/seqkd/step_080/E_math.L14.main.direction.pt,stage4_direction_singular_values,128,0.09650925999507705,0.11679883692004221,-0.046509259995077046,0.06679883692004221,-0.046509259995077046,1.2340876241240926,2.718941684193447,0.8103152324453144,0.9565194202544299,0
llama,seqkd,80,E_math,14,self_attn.o_proj,0.01,25,displacement_rank,/root/autodl-tmp/cycle09_stage4_state_displacement/cells/llama/seqkd/step_080/E_math.L14.main.direction.pt,stage4_direction_singular_values,128,0.009675366022465593,0.011776399763835781,0.04032463397753441,-0.038223600236164224,-0.038223600236164224,1.5187591894373558,4.80073282234352,0.6584322300433046,0.9197903368658621,0
llama,seqkd,80,E_math,14,self_attn.o_proj,0.025,20,displacement_rank,/root/autodl-tmp/cycle09_stage4_state_displacement/cells/llama/seqkd/step_080/E_math.L14.main.direction.pt,stage4_direction_singular_values,128,0.022437115256157814,0.02581393390951963,0.02756288474384219,-0.024186066090480372,-0.024186066090480372,1.5187591894373558,4.80073282234352,0.6584322300433046,0.9197903368658621,0
llama,seqkd,80,E_math,14,self_attn.o_proj,0.05,14,displacement_rank,/root/autodl-tmp/cycle09_stage4_state_displacement/cells/llama/seqkd/step_080/E_math.L14.main.direction.pt,stage4_direction_singular_values,128,0.048446998473545375,0.054826397889547226,0.0015530015264546282,0.004826397889547224,0.0015530015264546282,1.5187591894373558,4.80073282234352,0.6584322300433046,0.9197903368658621,0
llama,seqkd,80,E_math,14,self_attn.o_proj,0.1,9,displacement_rank,/root/autodl-tmp/cycle09_stage4_state_displacement/cells/llama/seqkd/step_080/E_math.L14.main.direction.pt,stage4_direction_singular_values,128,0.09156992818946244,0.10376149165369083,-0.04156992818946244,0.05376149165369083,-0.04156992818946244,1.5187591894373558,4.80073282234352,0.6584322300433046,0.9197903368658621,0
llama,seqkd,80,E_math,14,mlp.gate_proj,0.01,10,displacement_rank,/root/autodl-tmp/cycle09_stage4_state_displacement/cells/llama/seqkd/step_080/E_math.L14.main.direction.pt,stage4_direction_singular_values,128,0.00917508660988602,0.010102917221744875,0.04082491339011398,-0.03989708277825513,-0.03989708277825513,1.031517765506468,1.2528487883231403,0.9694452518798908,0.9908249133901141,0
llama,seqkd,80,E_math,14,mlp.gate_proj,0.025,2,displacement_rank,/root/autodl-tmp/cycle09_stage4_state_displacement/cells/llama/seqkd/step_080/E_math.L14.main.direction.pt,stage4_direction_singular_values,128,0.023978010650147045,0.03055474812010929,0.026021989349852958,-0.019445251879890713,-0.019445251879890713,1.031517765506468,1.2528487883231403,0.9694452518798908,0.9908249133901141,0
llama,seqkd,80,E_math,14,mlp.gate_proj,0.05,1,displacement_rank,/root/autodl-tmp/cycle09_stage4_state_displacement/cells/llama/seqkd/step_080/E_math.L14.main.direction.pt,stage4_direction_singular_values,128,0.03055474812010929,1.0,0.019445251879890713,0.95,0.019445251879890713,1.031517765506468,1.2528487883231403,0.9694452518798908,0.9908249133901141,0
llama,seqkd,80,E_math,14,mlp.gate_proj,0.1,1,displacement_rank,/root/autodl-tmp/cycle09_stage4_state_displacement/cells/llama/seqkd/step_080/E_math.L14.main.direction.pt,stage4_direction_singular_values,128,0.03055474812010929,1.0,0.019445251879890713,0.95,0.019445251879890713,1.031517765506468,1.2528487883231403,0.9694452518798908,0.9908249133901141,0
llama,seqkd,80,E_math,14,mlp.up_proj,0.01,23,displacement_rank,/root/autodl-tmp/cycle09_stage4_state_displacement/cells/llama/seqkd/step_080/E_math.L14.main.direction.pt,stage4_direction_singular_values,128,0.009387454016309823,0.01089197501159899,0.04061254598369018,-0.03910802498840101,-0.03910802498840101,1.190075622370652,2.4233971765553473,0.8402827359894846,0.9563596299172603,0
llama,seqkd,80,E_math,14,mlp.up_proj,0.025,16,displacement_rank,/root/autodl-tmp/cycle09_stage4_state_displacement/cells/llama/seqkd/step_080/E_math.L14.main.direction.pt,stage4_direction_singular_values,128,0.02317980436565266,0.025846157322931464,0.026820195634347344,-0.02415384267706854,-0.02415384267706854,1.190075622370652,2.4233971765553473,0.8402827359894846,0.9563596299172603,0
llama,seqkd,80,E_math,14,mlp.up_proj,0.05,9,displacement_rank,/root/autodl-tmp/cycle09_stage4_state_displacement/cells/llama/seqkd/step_080/E_math.L14.main.direction.pt,stage4_direction_singular_values,128,0.04880212837713966,0.054290712819464695,0.0011978716228603428,0.004290712819464693,0.0011978716228603428,1.190075622370652,2.4233971765553473,0.8402827359894846,0.9563596299172603,0
llama,seqkd,80,E_math,14,mlp.up_proj,0.1,3,displacement_rank,/root/autodl-tmp/cycle09_stage4_state_displacement/cells/llama/seqkd/step_080/E_math.L14.main.direction.pt,stage4_direction_singular_values,128,0.09968186314755156,0.11823173767176481,-0.04968186314755156,0.06823173767176481,-0.04968186314755156,1.190075622370652,2.4233971765553473,0.8402827359894846,0.9563596299172603,0
llama,seqkd,80,E_math,14,mlp.down_proj,0.01,25,displacement_rank,/root/autodl-tmp/cycle09_stage4_state_displacement/cells/llama/seqkd/step_080/E_math.L14.main.direction.pt,stage4_direction_singular_values,128,0.008683766023181624,0.010425120152461727,0.04131623397681838,-0.039574879847538276,-0.039574879847538276,1.2681437410194125,3.0102634291563217,0.7885541422900041,0.9415855495409835,0
llama,seqkd,80,E_math,14,mlp.down_proj,0.025,18,displacement_rank,/root/autodl-tmp/cycle09_stage4_state_displacement/cells/llama/seqkd/step_080/E_math.L14.main.direction.pt,stage4_direction_singular_values,128,0.024958773197877822,0.027950487310923908,0.02504122680212218,-0.022049512689076095,-0.022049512689076095,1.2681437410194125,3.0102634291563217,0.7885541422900041,0.9415855495409835,0
llama,seqkd,80,E_math,14,mlp.down_proj,0.05,12,displacement_rank,/root/autodl-tmp/cycle09_stage4_state_displacement/cells/llama/seqkd/step_080/E_math.L14.main.direction.pt,stage4_direction_singular_values,128,0.04776794769946299,0.05289018677258912,0.00223205230053701,0.0028901867725891206,0.00223205230053701,1.2681437410194125,3.0102634291563217,0.7885541422900041,0.9415855495409835,0
llama,seqkd,80,E_math,14,mlp.down_proj,0.1,5,displacement_rank,/root/autodl-tmp/cycle09_stage4_state_displacement/cells/llama/seqkd/step_080/E_math.L14.main.direction.pt,stage4_direction_singular_values,128,0.09990093461840918,0.11161201366933486,-0.04990093461840918,0.06161201366933486,-0.04990093461840918,1.2681437410194125,3.0102634291563217,0.7885541422900041,0.9415855495409835,0
llama,seqkd,80,E_ood,14,self_attn.q_proj,0.01,27,displacement_rank,/root/autodl-tmp/cycle09_stage4_state_displacement/cells/llama/seqkd/step_080/E_ood.L14.main.direction.pt,stage4_direction_singular_values,128,0.009457228896818942,0.01190263713171543,0.04054277110318106,-0.03809736286828457,-0.03809736286828457,1.6919291920282906,5.942968895288567,0.5910412827626649,0.8978466233348286,0
llama,seqkd,80,E_ood,14,self_attn.q_proj,0.025,22,displacement_rank,/root/autodl-tmp/cycle09_stage4_state_displacement/cells/llama/seqkd/step_080/E_ood.L14.main.direction.pt,stage4_direction_singular_values,128,0.024225422290074038,0.0282451427690548,0.025774577709925965,-0.021754857230945203,-0.021754857230945203,1.6919291920282906,5.942968895288567,0.5910412827626649,0.8978466233348286,0
llama,seqkd,80,E_ood,14,self_attn.q_proj,0.05,17,displacement_rank,/root/autodl-tmp/cycle09_stage4_state_displacement/cells/llama/seqkd/step_080/E_ood.L14.main.direction.pt,stage4_direction_singular_values,128,0.04701643606418117,0.052725410644734544,0.0029835639358188337,0.002725410644734541,0.002725410644734541,1.6919291920282906,5.942968895288567,0.5910412827626649,0.8978466233348286,0
llama,seqkd,80,E_ood,14,self_attn.q_proj,0.1,11,displacement_rank,/root/autodl-tmp/cycle09_stage4_state_displacement/cells/llama/seqkd/step_080/E_ood.L14.main.direction.pt,stage4_direction_singular_values,128,0.09143923188134284,0.10215337666517163,-0.04143923188134284,0.05215337666517163,-0.04143923188134284,1.6919291920282906,5.942968895288567,0.5910412827626649,0.8978466233348286,0
llama,seqkd,80,E_ood,14,self_attn.k_proj,0.01,27,displacement_rank,/root/autodl-tmp/cycle09_stage4_state_displacement/cells/llama/seqkd/step_080/E_ood.L14.main.direction.pt,stage4_direction_singular_values,128,0.008519889580388042,0.010948743188925948,0.04148011041961196,-0.039051256811074055,-0.039051256811074055,1.3584113368062998,3.9885183973357603,0.7361540447321762,0.9055826570083577,0
llama,seqkd,80,E_ood,14,self_attn.k_proj,0.025,22,displacement_rank,/root/autodl-tmp/cycle09_stage4_state_displacement/cells/llama/seqkd/step_080/E_ood.L14.main.direction.pt,stage4_direction_singular_values,128,0.022421430367819118,0.0259404188611669,0.027578569632180885,-0.0240595811388331,-0.0240595811388331,1.3584113368062998,3.9885183973357603,0.7361540447321762,0.9055826570083577,0
llama,seqkd,80,E_ood,14,self_attn.k_proj,0.05,16,displacement_rank,/root/autodl-tmp/cycle09_stage4_state_displacement/cells/llama/seqkd/step_080/E_ood.L14.main.direction.pt,stage4_direction_singular_values,128,0.04828429048438902,0.054151608235178283,0.0017157095156109803,0.004151608235178281,0.0017157095156109803,1.3584113368062998,3.9885183973357603,0.7361540447321762,0.9055826570083577,0
llama,seqkd,80,E_ood,14,self_attn.k_proj,0.1,10,displacement_rank,/root/autodl-tmp/cycle09_stage4_state_displacement/cells/llama/seqkd/step_080/E_ood.L14.main.direction.pt,stage4_direction_singular_values,128,0.09441734299164226,0.1053115419856554,-0.04441734299164225,0.055311541985655396,-0.04441734299164225,1.3584113368062998,3.9885183973357603,0.7361540447321762,0.9055826570083577,0
llama,seqkd,80,E_ood,14,self_attn.v_proj,0.01,25,displacement_rank,/root/autodl-tmp/cycle09_stage4_state_displacement/cells/llama/seqkd/step_080/E_ood.L14.main.direction.pt,stage4_direction_singular_values,128,0.009067701135670543,0.010922219397704352,0.04093229886432946,-0.03907778060229565,-0.03907778060229565,1.3988692487542087,3.9269855827744515,0.7148630945247887,0.9336937806304219,0
llama,seqkd,80,E_ood,14,self_attn.v_proj,0.025,19,displacement_rank,/root/autodl-tmp/cycle09_stage4_state_displacement/cells/llama/seqkd/step_080/E_ood.L14.main.direction.pt,stage4_direction_singular_values,128,0.023407540551607386,0.026503034210218268,0.026592459448392617,-0.023496965789781735,-0.023496965789781735,1.3988692487542087,3.9269855827744515,0.7148630945247887,0.9336937806304219,0
llama,seqkd,80,E_ood,14,self_attn.v_proj,0.05,13,displacement_rank,/root/autodl-tmp/cycle09_stage4_state_displacement/cells/llama/seqkd/step_080/E_ood.L14.main.direction.pt,stage4_direction_singular_values,128,0.047439914675712874,0.05348490009909408,0.0025600853242871285,0.0034849000990940793,0.0025600853242871285,1.3988692487542087,3.9269855827744515,0.7148630945247887,0.9336937806304219,0
llama,seqkd,80,E_ood,14,self_attn.v_proj,0.1,7,displacement_rank,/root/autodl-tmp/cycle09_stage4_state_displacement/cells/llama/seqkd/step_080/E_ood.L14.main.direction.pt,stage4_direction_singular_values,128,0.09080872758450124,0.10174850646232783,-0.04080872758450124,0.05174850646232783,-0.04080872758450124,1.3988692487542087,3.9269855827744515,0.7148630945247887,0.9336937806304219,0
llama,seqkd,80,E_ood,14,self_attn.o_proj,0.01,27,displacement_rank,/root/autodl-tmp/cycle09_stage4_state_displacement/cells/llama/seqkd/step_080/E_ood.L14.main.direction.pt,stage4_direction_singular_values,128,0.008205136447835331,0.010612226881206345,0.04179486355216467,-0.039387773118793656,-0.039387773118793656,1.5823614087859488,5.488266188927801,0.6319668783929963,0.8953260822626542,0
llama,seqkd,80,E_ood,14,self_attn.o_proj,0.025,22,displacement_rank,/root/autodl-tmp/cycle09_stage4_state_displacement/cells/llama/seqkd/step_080/E_ood.L14.main.direction.pt,stage4_direction_singular_values,128,0.023761860044516834,0.02785381950596725,0.02623813995548317,-0.022146180494032754,-0.022146180494032754,1.5823614087859488,5.488266188927801,0.6319668783929963,0.8953260822626542,0
llama,seqkd,80,E_ood,14,self_attn.o_proj,0.05,17,displacement_rank,/root/autodl-tmp/cycle09_stage4_state_displacement/cells/llama/seqkd/step_080/E_ood.L14.main.direction.pt,stage4_direction_singular_values,128,0.046776751899016075,0.05231636722521049,0.0032232481009839276,0.002316367225210489,0.002316367225210489,1.5823614087859488,5.488266188927801,0.6319668783929963,0.8953260822626542,0
llama,seqkd,80,E_ood,14,self_attn.o_proj,0.1,11,displacement_rank,/root/autodl-tmp/cycle09_stage4_state_displacement/cells/llama/seqkd/step_080/E_ood.L14.main.direction.pt,stage4_direction_singular_values,128,0.0945456927203007,0.104673917737346,-0.04454569272030069,0.05467391773734599,-0.04454569272030069,1.5823614087859488,5.488266188927801,0.6319668783929963,0.8953260822626542,0
llama,seqkd,80,E_ood,14,mlp.gate_proj,0.01,15,displacement_rank,/root/autodl-tmp/cycle09_stage4_state_displacement/cells/llama/seqkd/step_080/E_ood.L14.main.direction.pt,stage4_direction_singular_values,128,0.009205500062310041,0.010114418432901623,0.040794499937689965,-0.03988558156709838,-0.03988558156709838,1.0478673216610777,1.376972313982318,0.9543192915061056,0.9852352755216184,0
llama,seqkd,80,E_ood,14,mlp.gate_proj,0.025,5,displacement_rank,/root/autodl-tmp/cycle09_stage4_state_displacement/cells/llama/seqkd/step_080/E_ood.L14.main.direction.pt,stage4_direction_singular_values,128,0.02365635049889754,0.02661982984818998,0.026343649501102462,-0.02338017015181002,-0.02338017015181002,1.0478673216610777,1.376972313982318,0.9543192915061056,0.9852352755216184,0
llama,seqkd,80,E_ood,14,mlp.gate_proj,0.05,1,displacement_rank,/root/autodl-tmp/cycle09_stage4_state_displacement/cells/llama/seqkd/step_080/E_ood.L14.main.direction.pt,stage4_direction_singular_values,128,0.04568070849389446,1.0,0.004319291506105542,0.95,0.004319291506105542,1.0478673216610777,1.376972313982318,0.9543192915061056,0.9852352755216184,0
llama,seqkd,80,E_ood,14,mlp.gate_proj,0.1,1,displacement_rank,/root/autodl-tmp/cycle09_stage4_state_displacement/cells/llama/seqkd/step_080/E_ood.L14.main.direction.pt,stage4_direction_singular_values,128,0.04568070849389446,1.0,0.004319291506105542,0.95,0.004319291506105542,1.0478673216610777,1.376972313982318,0.9543192915061056,0.9852352755216184,0
llama,seqkd,80,E_ood,14,mlp.up_proj,0.01,27,displacement_rank,/root/autodl-tmp/cycle09_stage4_state_displacement/cells/llama/seqkd/step_080/E_ood.L14.main.direction.pt,stage4_direction_singular_values,128,0.008122236209936743,0.01037999319301193,0.04187776379006326,-0.03962000680698807,-0.03962000680698807,1.3481728387110503,3.7327419218507667,0.7417446571287339,0.9220473202558556,0
llama,seqkd,80,E_ood,14,mlp.up_proj,0.025,21,displacement_rank,/root/autodl-tmp/cycle09_stage4_state_displacement/cells/llama/seqkd/step_080/E_ood.L14.main.direction.pt,stage4_direction_singular_values,128,0.02405900573935943,0.02738403165845842,0.025940994260640574,-0.022615968341541583,-0.022615968341541583,1.3481728387110503,3.7327419218507667,0.7417446571287339,0.9220473202558556,0
llama,seqkd,80,E_ood,14,mlp.up_proj,0.05,15,displacement_rank,/root/autodl-tmp/cycle09_stage4_state_displacement/cells/llama/seqkd/step_080/E_ood.L14.main.direction.pt,stage4_direction_singular_values,128,0.047724865886159755,0.05256539977411696,0.002275134113840248,0.002565399774116954,0.002275134113840248,1.3481728387110503,3.7327419218507667,0.7417446571287339,0.9220473202558556,0
llama,seqkd,80,E_ood,14,mlp.up_proj,0.1,8,displacement_rank,/root/autodl-tmp/cycle09_stage4_state_displacement/cells/llama/seqkd/step_080/E_ood.L14.main.direction.pt,stage4_direction_singular_values,128,0.09468358171337894,0.10568353851080498,-0.04468358171337894,0.05568353851080497,-0.04468358171337894,1.3481728387110503,3.7327419218507667,0.7417446571287339,0.9220473202558556,0
llama,seqkd,80,E_ood,14,mlp.down_proj,0.01,26,displacement_rank,/root/autodl-tmp/cycle09_stage4_state_displacement/cells/llama/seqkd/step_080/E_ood.L14.main.direction.pt,stage4_direction_singular_values,128,0.00963815484369117,0.011828324109111974,0.040361845156308834,-0.03817167589088803,-0.03817167589088803,1.2667125087259956,3.136328853865028,0.7894451133239038,0.9296958020538594,0
llama,seqkd,80,E_ood,14,mlp.down_proj,0.025,20,displacement_rank,/root/autodl-tmp/cycle09_stage4_state_displacement/cells/llama/seqkd/step_080/E_ood.L14.main.direction.pt,stage4_direction_singular_values,128,0.024862051551236573,0.028092464957020214,0.02513794844876343,-0.02190753504297979,-0.02190753504297979,1.2667125087259956,3.136328853865028,0.7894451133239038,0.9296958020538594,0
llama,seqkd,80,E_ood,14,mlp.down_proj,0.05,14,displacement_rank,/root/autodl-tmp/cycle09_stage4_state_displacement/cells/llama/seqkd/step_080/E_ood.L14.main.direction.pt,stage4_direction_singular_values,128,0.047747132261841484,0.05256454505733063,0.002252867738158519,0.0025645450573306278,0.002252867738158519,1.2667125087259956,3.136328853865028,0.7894451133239038,0.9296958020538594,0
llama,seqkd,80,E_ood,14,mlp.down_proj,0.1,7,displacement_rank,/root/autodl-tmp/cycle09_stage4_state_displacement/cells/llama/seqkd/step_080/E_ood.L14.main.direction.pt,stage4_direction_singular_values,128,0.09339150709902111,0.1040067147566334,-0.04339150709902111,0.05400671475663339,-0.04339150709902111,1.2667125087259956,3.136328853865028,0.7894451133239038,0.9296958020538594,0
llama,seqkd,80,E_if,14,self_attn.q_proj,0.01,28,displacement_rank,/root/autodl-tmp/cycle09_stage4_state_displacement/cells/llama/seqkd/step_080/E_if.L14.main.direction.pt,stage4_direction_singular_values,128,0.0076091415062701775,0.010132931931210754,0.042390858493729824,-0.03986706806878925,-0.03986706806878925,1.5891033388908842,5.488615509171111,0.6292856956036293,0.8989101187411636,0
llama,seqkd,80,E_if,14,self_attn.q_proj,0.025,23,displacement_rank,/root/autodl-tmp/cycle09_stage4_state_displacement/cells/llama/seqkd/step_080/E_if.L14.main.direction.pt,stage4_direction_singular_values,128,0.022534861103171665,0.02602657556690816,0.027465138896828337,-0.023973424433091844,-0.023973424433091844,1.5891033388908842,5.488615509171111,0.6292856956036293,0.8989101187411636,0
llama,seqkd,80,E_if,14,self_attn.q_proj,0.05,17,displacement_rank,/root/autodl-tmp/cycle09_stage4_state_displacement/cells/llama/seqkd/step_080/E_if.L14.main.direction.pt,stage4_direction_singular_values,128,0.04900804986803884,0.05479230332875852,0.0009919501319611626,0.004792303328758518,0.0009919501319611626,1.5891033388908842,5.488615509171111,0.6292856956036293,0.8989101187411636,0
llama,seqkd,80,E_if,14,self_attn.q_proj,0.1,11,displacement_rank,/root/autodl-tmp/cycle09_stage4_state_displacement/cells/llama/seqkd/step_080/E_if.L14.main.direction.pt,stage4_direction_singular_values,128,0.09090094985677244,0.10108988125883654,-0.04090094985677244,0.05108988125883654,-0.04090094985677244,1.5891033388908842,5.488615509171111,0.6292856956036293,0.8989101187411636,0
llama,seqkd,80,E_if,14,self_attn.k_proj,0.01,28,displacement_rank,/root/autodl-tmp/cycle09_stage4_state_displacement/cells/llama/seqkd/step_080/E_if.L14.main.direction.pt,stage4_direction_singular_values,128,0.007664417049639172,0.010323572821124779,0.04233558295036083,-0.03967642717887522,-0.03967642717887522,1.407401267720238,4.508847478766625,0.7105294154096066,0.8870237976694476,0
llama,seqkd,80,E_if,14,self_attn.k_proj,0.025,23,displacement_rank,/root/autodl-tmp/cycle09_stage4_state_displacement/cells/llama/seqkd/step_080/E_if.L14.main.direction.pt,stage4_direction_singular_values,128,0.023303978659928795,0.02716629113613339,0.026696021340071208,-0.02283370886386661,-0.02283370886386661,1.407401267720238,4.508847478766625,0.7105294154096066,0.8870237976694476,0
llama,seqkd,80,E_if,14,self_attn.k_proj,0.05,18,displacement_rank,/root/autodl-tmp/cycle09_stage4_state_displacement/cells/llama/seqkd/step_080/E_if.L14.main.direction.pt,stage4_direction_singular_values,128,0.04646108080280956,0.052322350530731594,0.003538919197190446,0.0023223505307315914,0.0023223505307315914,1.407401267720238,4.508847478766625,0.7105294154096066,0.8870237976694476,0
llama,seqkd,80,E_if,14,self_attn.k_proj,0.1,12,displacement_rank,/root/autodl-tmp/cycle09_stage4_state_displacement/cells/llama/seqkd/step_080/E_if.L14.main.direction.pt,stage4_direction_singular_values,128,0.09096260188124536,0.10157263445499032,-0.040962601881245356,0.051572634454990315,-0.040962601881245356,1.407401267720238,4.508847478766625,0.7105294154096066,0.8870237976694476,0
llama,seqkd,80,E_if,14,self_attn.v_proj,0.01,24,displacement_rank,/root/autodl-tmp/cycle09_stage4_state_displacement/cells/llama/seqkd/step_080/E_if.L14.main.direction.pt,stage4_direction_singular_values,128,0.009579698894752839,0.01147615502063375,0.040420301105247164,-0.038523844979366256,-0.038523844979366256,1.2632096812478455,3.0037550967329096,0.7916342115207373,0.9427587590894851,0
llama,seqkd,80,E_if,14,self_attn.v_proj,0.025,18,displacement_rank,/root/autodl-tmp/cycle09_stage4_state_displacement/cells/llama/seqkd/step_080/E_if.L14.main.direction.pt,stage4_direction_singular_values,128,0.022902597600152782,0.025751418736491304,0.02709740239984722,-0.0242485812635087,-0.0242485812635087,1.2632096812478455,3.0037550967329096,0.7916342115207373,0.9427587590894851,0
llama,seqkd,80,E_if,14,self_attn.v_proj,0.05,12,displacement_rank,/root/autodl-tmp/cycle09_stage4_state_displacement/cells/llama/seqkd/step_080/E_if.L14.main.direction.pt,stage4_direction_singular_values,128,0.04565052386179401,0.051301073692116284,0.004349476138205993,0.0013010736921162808,0.0013010736921162808,1.2632096812478455,3.0037550967329096,0.7916342115207373,0.9427587590894851,0
llama,seqkd,80,E_if,14,self_attn.v_proj,0.1,5,displacement_rank,/root/autodl-tmp/cycle09_stage4_state_displacement/cells/llama/seqkd/step_080/E_if.L14.main.direction.pt,stage4_direction_singular_values,128,0.09764591589871553,0.1138816238030826,-0.04764591589871553,0.0638816238030826,-0.04764591589871553,1.2632096812478455,3.0037550967329096,0.7916342115207373,0.9427587590894851,0
llama,seqkd,80,E_if,14,self_attn.o_proj,0.01,28,displacement_rank,/root/autodl-tmp/cycle09_stage4_state_displacement/cells/llama/seqkd/step_080/E_if.L14.main.direction.pt,stage4_direction_singular_values,128,0.009654525738043556,0.012728674784696883,0.04034547426195645,-0.03727132521530312,-0.03727132521530312,2.578386760752952,9.901147517293808,0.3878394099836192,0.8456628830858705,0
llama,seqkd,80,E_if,14,self_attn.o_proj,0.025,25,displacement_rank,/root/autodl-tmp/cycle09_stage4_state_displacement/cells/llama/seqkd/step_080/E_if.L14.main.direction.pt,stage4_direction_singular_values,128,0.021280599085347258,0.0259774729833349,0.028719400914652745,-0.0240225270166651,-0.0240225270166651,2.578386760752952,9.901147517293808,0.3878394099836192,0.8456628830858705,0
llama,seqkd,80,E_if,14,self_attn.o_proj,0.05,20,displacement_rank,/root/autodl-tmp/cycle09_stage4_state_displacement/cells/llama/seqkd/step_080/E_if.L14.main.direction.pt,stage4_direction_singular_values,128,0.04841914892350169,0.05506531730220784,0.0015808510764983158,0.005065317302207835,0.0015808510764983158,2.578386760752952,9.901147517293808,0.3878394099836192,0.8456628830858705,0
llama,seqkd,80,E_if,14,self_attn.o_proj,0.1,14,displacement_rank,/root/autodl-tmp/cycle09_stage4_state_displacement/cells/llama/seqkd/step_080/E_if.L14.main.direction.pt,stage4_direction_singular_values,128,0.09718774306905045,0.11028667719322295,-0.04718774306905045,0.06028667719322295,-0.04718774306905045,2.578386760752952,9.901147517293808,0.3878394099836192,0.8456628830858705,0
llama,seqkd,80,E_if,14,mlp.gate_proj,0.01,16,displacement_rank,/root/autodl-tmp/cycle09_stage4_state_displacement/cells/llama/seqkd/step_080/E_if.L14.main.direction.pt,stage4_direction_singular_values,128,0.009034498422021264,0.0100346080373856,0.040965501577978736,-0.0399653919626144,-0.0399653919626144,1.0490279090420154,1.3924953290200202,0.9532634845847063,0.9837273447616961,0
llama,seqkd,80,E_if,14,mlp.gate_proj,0.025,6,displacement_rank,/root/autodl-tmp/cycle09_stage4_state_displacement/cells/llama/seqkd/step_080/E_if.L14.main.direction.pt,stage4_direction_singular_values,128,0.02397707086619232,0.026869951896625482,0.026022929133807684,-0.02313004810337452,-0.02313004810337452,1.0490279090420154,1.3924953290200202,0.9532634845847063,0.9837273447616961,0
llama,seqkd,80,E_if,14,mlp.gate_proj,0.05,1,displacement_rank,/root/autodl-tmp/cycle09_stage4_state_displacement/cells/llama/seqkd/step_080/E_if.L14.main.direction.pt,stage4_direction_singular_values,128,0.046736515415293715,1.0,0.0032634845847062874,0.95,0.0032634845847062874,1.0490279090420154,1.3924953290200202,0.9532634845847063,0.9837273447616961,0
llama,seqkd,80,E_if,14,mlp.gate_proj,0.1,1,displacement_rank,/root/autodl-tmp/cycle09_stage4_state_displacement/cells/llama/seqkd/step_080/E_if.L14.main.direction.pt,stage4_direction_singular_values,128,0.046736515415293715,1.0,0.0032634845847062874,0.95,0.0032634845847062874,1.0490279090420154,1.3924953290200202,0.9532634845847063,0.9837273447616961,0
llama,seqkd,80,E_if,14,mlp.up_proj,0.01,26,displacement_rank,/root/autodl-tmp/cycle09_stage4_state_displacement/cells/llama/seqkd/step_080/E_if.L14.main.direction.pt,stage4_direction_singular_values,128,0.008660607713073948,0.010680348178402431,0.041339392286926055,-0.03931965182159757,-0.03931965182159757,1.233248937946322,2.869385341715941,0.810866297331063,0.9354304846427767,0
llama,seqkd,80,E_if,14,mlp.up_proj,0.025,20,displacement_rank,/root/autodl-tmp/cycle09_stage4_state_displacement/cells/llama/seqkd/step_080/E_if.L14.main.direction.pt,stage4_direction_singular_values,128,0.023245131628058774,0.026181695085695185,0.02675486837194123,-0.023818304914304818,-0.023818304914304818,1.233248937946322,2.869385341715941,0.810866297331063,0.9354304846427767,0
llama,seqkd,80,E_if,14,mlp.up_proj,0.05,13,displacement_rank,/root/autodl-tmp/cycle09_stage4_state_displacement/cells/llama/seqkd/step_080/E_if.L14.main.direction.pt,stage4_direction_singular_values,128,0.04816958835433909,0.052608997803539614,0.0018304116456609107,0.0026089978035396116,0.0018304116456609107,1.233248937946322,2.869385341715941,0.810866297331063,0.9354304846427767,0
llama,seqkd,80,E_if,14,mlp.up_proj,0.1,6,displacement_rank,/root/autodl-tmp/cycle09_stage4_state_displacement/cells/llama/seqkd/step_080/E_if.L14.main.direction.pt,stage4_direction_singular_values,128,0.09657582475319437,0.10653144249497688,-0.04657582475319437,0.05653144249497688,-0.04657582475319437,1.233248937946322,2.869385341715941,0.810866297331063,0.9354304846427767,0
llama,seqkd,80,E_if,14,mlp.down_proj,0.01,25,displacement_rank,/root/autodl-tmp/cycle09_stage4_state_displacement/cells/llama/seqkd/step_080/E_if.L14.main.direction.pt,stage4_direction_singular_values,128,0.009527283249190503,0.011354012732032525,0.040472716750809504,-0.038645987267967474,-0.038645987267967474,1.187514034755018,2.5034734238567613,0.8420953106514638,0.9436507327492492,0
llama,seqkd,80,E_if,14,mlp.down_proj,0.025,18,displacement_rank,/root/autodl-tmp/cycle09_stage4_state_displacement/cells/llama/seqkd/step_080/E_if.L14.main.direction.pt,stage4_direction_singular_values,128,0.02470745967507673,0.027473485120795137,0.02529254032492327,-0.022526514879204866,-0.022526514879204866,1.187514034755018,2.5034734238567613,0.8420953106514638,0.9436507327492492,0
llama,seqkd,80,E_if,14,mlp.down_proj,0.05,12,displacement_rank,/root/autodl-tmp/cycle09_stage4_state_displacement/cells/llama/seqkd/step_080/E_if.L14.main.direction.pt,stage4_direction_singular_values,128,0.046326408918600626,0.05107471759886696,0.003673591081399377,0.0010747175988669588,0.0010747175988669588,1.187514034755018,2.5034734238567613,0.8420953106514638,0.9436507327492492,0
llama,seqkd,80,E_if,14,mlp.down_proj,0.1,5,displacement_rank,/root/autodl-tmp/cycle09_stage4_state_displacement/cells/llama/seqkd/step_080/E_if.L14.main.direction.pt,stage4_direction_singular_values,128,0.09059580160874953,0.10092061601295552,-0.040595801608749524,0.050920616012955514,-0.040595801608749524,1.187514034755018,2.5034734238567613,0.8420953106514638,0.9436507327492492,0
