model,arm,checkpoint,probe_name,layer,module,epsilon,rank_at_epsilon,rank_source,spectrum_source,spectrum_quantity,singular_values_stored,tail_at_r,tail_at_r_minus_1,margin_below,margin_above,two_sided_tail_margin,stable_rank,entropy_effective_rank,top1_energy_share,top10_energy_share,zero_probability_count,rank_spectrum_consistency
llama,opd,20,E_general,14,self_attn.q_proj,0.01,17,displacement_rank,/root/autodl-tmp/cycle09_stage4_state_displacement/cells/llama/opd/step_020/E_general.L14.main.direction.pt,activation_conditioned_update_displacement_singular_values,128,0.008930177656852703,0.010060115871988183,0.0010698223431472968,6.011587198818252e-05,6.011587198818252e-05,1.0721339774176286,1.5561513898231614,0.9327192506375254,0.9802728527206955,0,PASS
llama,opd,20,E_general,14,self_attn.q_proj,0.025,8,displacement_rank,/root/autodl-tmp/cycle09_stage4_state_displacement/cells/llama/opd/step_020/E_general.L14.main.direction.pt,activation_conditioned_update_displacement_singular_values,128,0.024624803611741096,0.02780066192360822,0.00037519638825890544,0.002800661923608217,0.00037519638825890544,1.0721339774176286,1.5561513898231614,0.9327192506375254,0.9802728527206955,0,PASS
llama,opd,20,E_general,14,self_attn.q_proj,0.05,3,displacement_rank,/root/autodl-tmp/cycle09_stage4_state_displacement/cells/llama/opd/step_020/E_general.L14.main.direction.pt,activation_conditioned_update_displacement_singular_values,128,0.045925307953921544,0.054531295349535464,0.004074692046078458,0.004531295349535461,0.004074692046078458,1.0721339774176286,1.5561513898231614,0.9327192506375254,0.9802728527206955,0,PASS
llama,opd,20,E_general,14,self_attn.q_proj,0.1,1,displacement_rank,/root/autodl-tmp/cycle09_stage4_state_displacement/cells/llama/opd/step_020/E_general.L14.main.direction.pt,activation_conditioned_update_displacement_singular_values,128,0.06728074936247454,0.9999999999999999,0.03271925063752547,0.8999999999999999,0.03271925063752547,1.0721339774176286,1.5561513898231614,0.9327192506375254,0.9802728527206955,0,PASS
llama,opd,20,E_general,14,self_attn.k_proj,0.01,21,displacement_rank,/root/autodl-tmp/cycle09_stage4_state_displacement/cells/llama/opd/step_020/E_general.L14.main.direction.pt,activation_conditioned_update_displacement_singular_values,128,0.00990762977354001,0.011352495474525322,9.237022645999099e-05,0.0013524954745253222,9.237022645999099e-05,1.1752735788022752,2.320920647206756,0.8508657201492634,0.9607168482445064,0,PASS
llama,opd,20,E_general,14,self_attn.k_proj,0.025,14,displacement_rank,/root/autodl-tmp/cycle09_stage4_state_displacement/cells/llama/opd/step_020/E_general.L14.main.direction.pt,activation_conditioned_update_displacement_singular_values,128,0.023705935033545737,0.026805055445946843,0.0012940649664542649,0.0018050554459468418,0.0012940649664542649,1.1752735788022752,2.320920647206756,0.8508657201492634,0.9607168482445064,0,PASS
llama,opd,20,E_general,14,self_attn.k_proj,0.05,8,displacement_rank,/root/autodl-tmp/cycle09_stage4_state_displacement/cells/llama/opd/step_020/E_general.L14.main.direction.pt,activation_conditioned_update_displacement_singular_values,128,0.049802686331740016,0.05613004942305936,0.00019731366825998659,0.006130049423059357,0.00019731366825998659,1.1752735788022752,2.320920647206756,0.8508657201492634,0.9607168482445064,0,PASS
llama,opd,20,E_general,14,self_attn.k_proj,0.1,3,displacement_rank,/root/autodl-tmp/cycle09_stage4_state_displacement/cells/llama/opd/step_020/E_general.L14.main.direction.pt,activation_conditioned_update_displacement_singular_values,128,0.09678062438331561,0.11975798881414099,0.0032193756166843945,0.01975798881414098,0.0032193756166843945,1.1752735788022752,2.320920647206756,0.8508657201492634,0.9607168482445064,0,PASS
llama,opd,20,E_general,14,self_attn.v_proj,0.01,13,displacement_rank,/root/autodl-tmp/cycle09_stage4_state_displacement/cells/llama/opd/step_020/E_general.L14.main.direction.pt,activation_conditioned_update_displacement_singular_values,128,0.009770681430005913,0.01098428777858156,0.00022931856999408758,0.000984287778581559,0.00022931856999408758,1.0850510309707304,1.5967715004727765,0.9216156396859599,0.9860946523603571,0,PASS
llama,opd,20,E_general,14,self_attn.v_proj,0.025,6,displacement_rank,/root/autodl-tmp/cycle09_stage4_state_displacement/cells/llama/opd/step_020/E_general.L14.main.direction.pt,activation_conditioned_update_displacement_singular_values,128,0.022686173425458565,0.026427936487930473,0.0023138265745414367,0.0014279364879304715,0.0014279364879304715,1.0850510309707304,1.5967715004727765,0.9216156396859599,0.9860946523603571,0,PASS
llama,opd,20,E_general,14,self_attn.v_proj,0.05,3,displacement_rank,/root/autodl-tmp/cycle09_stage4_state_displacement/cells/llama/opd/step_020/E_general.L14.main.direction.pt,activation_conditioned_update_displacement_singular_values,128,0.04120930297051816,0.05391905328238154,0.00879069702948184,0.0039190532823815405,0.0039190532823815405,1.0850510309707304,1.5967715004727765,0.9216156396859599,0.9860946523603571,0,PASS
llama,opd,20,E_general,14,self_attn.v_proj,0.1,1,displacement_rank,/root/autodl-tmp/cycle09_stage4_state_displacement/cells/llama/opd/step_020/E_general.L14.main.direction.pt,activation_conditioned_update_displacement_singular_values,128,0.07838436031403993,1.0000000000000002,0.021615639685960072,0.9000000000000002,0.021615639685960072,1.0850510309707304,1.5967715004727765,0.9216156396859599,0.9860946523603571,0,PASS
llama,opd,20,E_general,14,self_attn.o_proj,0.01,24,displacement_rank,/root/autodl-tmp/cycle09_stage4_state_displacement/cells/llama/opd/step_020/E_general.L14.main.direction.pt,activation_conditioned_update_displacement_singular_values,128,0.008900923125504796,0.010667743750706345,0.0010990768744952046,0.0006677437507063445,0.0006677437507063445,1.524331311653131,4.6328283232065,0.6560253616489082,0.9386710812132584,0,PASS
llama,opd,20,E_general,14,self_attn.o_proj,0.025,17,displacement_rank,/root/autodl-tmp/cycle09_stage4_state_displacement/cells/llama/opd/step_020/E_general.L14.main.direction.pt,activation_conditioned_update_displacement_singular_values,128,0.024435177004670922,0.02756315631498196,0.0005648229953290791,0.0025631563149819576,0.0005648229953290791,1.524331311653131,4.6328283232065,0.6560253616489082,0.9386710812132584,0,PASS
llama,opd,20,E_general,14,self_attn.o_proj,0.05,12,displacement_rank,/root/autodl-tmp/cycle09_stage4_state_displacement/cells/llama/opd/step_020/E_general.L14.main.direction.pt,activation_conditioned_update_displacement_singular_values,128,0.04626119779368145,0.05305130962753368,0.003738802206318552,0.00305130962753368,0.00305130962753368,1.524331311653131,4.6328283232065,0.6560253616489082,0.9386710812132584,0,PASS
llama,opd,20,E_general,14,self_attn.o_proj,0.1,7,displacement_rank,/root/autodl-tmp/cycle09_stage4_state_displacement/cells/llama/opd/step_020/E_general.L14.main.direction.pt,activation_conditioned_update_displacement_singular_values,128,0.09738379944487496,0.11578877367250351,0.0026162005551250422,0.015788773672503503,0.0026162005551250422,1.524331311653131,4.6328283232065,0.6560253616489082,0.9386710812132584,0,PASS
llama,opd,20,E_general,14,mlp.gate_proj,0.01,26,displacement_rank,/root/autodl-tmp/cycle09_stage4_state_displacement/cells/llama/opd/step_020/E_general.L14.main.direction.pt,activation_conditioned_update_displacement_singular_values,128,0.009441768015178568,0.01132631165352401,0.000558231984821432,0.0013263116535240094,0.000558231984821432,1.2890061363731211,3.2994372610435057,0.7757914968610636,0.929310011160158,0,PASS
llama,opd,20,E_general,14,mlp.gate_proj,0.025,20,displacement_rank,/root/autodl-tmp/cycle09_stage4_state_displacement/cells/llama/opd/step_020/E_general.L14.main.direction.pt,activation_conditioned_update_displacement_singular_values,128,0.024297952173422697,0.027316763307527334,0.0007020478265773039,0.002316763307527333,0.0007020478265773039,1.2890061363731211,3.2994372610435057,0.7757914968610636,0.929310011160158,0,PASS
llama,opd,20,E_general,14,mlp.gate_proj,0.05,14,displacement_rank,/root/autodl-tmp/cycle09_stage4_state_displacement/cells/llama/opd/step_020/E_general.L14.main.direction.pt,activation_conditioned_update_displacement_singular_values,128,0.04715988628823947,0.052329341203913415,0.0028401137117605307,0.0023293412039134126,0.0023293412039134126,1.2890061363731211,3.2994372610435057,0.7757914968610636,0.929310011160158,0,PASS
llama,opd,20,E_general,14,mlp.gate_proj,0.1,7,displacement_rank,/root/autodl-tmp/cycle09_stage4_state_displacement/cells/llama/opd/step_020/E_general.L14.main.direction.pt,activation_conditioned_update_displacement_singular_values,128,0.09652177524667607,0.10738303683106001,0.003478224753323933,0.007383036831060008,0.003478224753323933,1.2890061363731211,3.2994372610435057,0.7757914968610636,0.929310011160158,0,PASS
llama,opd,20,E_general,14,mlp.up_proj,0.01,23,displacement_rank,/root/autodl-tmp/cycle09_stage4_state_displacement/cells/llama/opd/step_020/E_general.L14.main.direction.pt,activation_conditioned_update_displacement_singular_values,128,0.008651771922262819,0.010113512468513037,0.0013482280777371812,0.00011351246851303703,0.00011351246851303703,1.1725757513567574,2.3210800593609204,0.8528233667146243,0.95931401694803,0,PASS
llama,opd,20,E_general,14,mlp.up_proj,0.025,15,displacement_rank,/root/autodl-tmp/cycle09_stage4_state_displacement/cells/llama/opd/step_020/E_general.L14.main.direction.pt,activation_conditioned_update_displacement_singular_values,128,0.023645572665850156,0.026405828701635072,0.001354427334149845,0.0014058287016350708,0.001354427334149845,1.1725757513567574,2.3210800593609204,0.8528233667146243,0.95931401694803,0,PASS
llama,opd,20,E_general,14,mlp.up_proj,0.05,9,displacement_rank,/root/autodl-tmp/cycle09_stage4_state_displacement/cells/llama/opd/step_020/E_general.L14.main.direction.pt,activation_conditioned_update_displacement_singular_values,128,0.045827439195746,0.051693729413962275,0.0041725608042540024,0.0016937294139622722,0.0016937294139622722,1.1725757513567574,2.3210800593609204,0.8528233667146243,0.95931401694803,0,PASS
llama,opd,20,E_general,14,mlp.up_proj,0.1,4,displacement_rank,/root/autodl-tmp/cycle09_stage4_state_displacement/cells/llama/opd/step_020/E_general.L14.main.direction.pt,activation_conditioned_update_displacement_singular_values,128,0.08487262200082521,0.10228269240081521,0.015127377999174796,0.0022826924008152033,0.0022826924008152033,1.1725757513567574,2.3210800593609204,0.8528233667146243,0.95931401694803,0,PASS
llama,opd,20,E_general,14,mlp.down_proj,0.01,15,displacement_rank,/root/autodl-tmp/cycle09_stage4_state_displacement/cells/llama/opd/step_020/E_general.L14.main.direction.pt,activation_conditioned_update_displacement_singular_values,128,0.009302729851006934,0.010302847533029524,0.000697270148993066,0.0003028475330295235,0.0003028475330295235,1.0756135406455039,1.5537664466143477,0.9297019442502311,0.984065448599439,0,PASS
llama,opd,20,E_general,14,mlp.down_proj,0.025,7,displacement_rank,/root/autodl-tmp/cycle09_stage4_state_displacement/cells/llama/opd/step_020/E_general.L14.main.direction.pt,activation_conditioned_update_displacement_singular_values,128,0.022272262474642403,0.0254433637200989,0.0027277375253575986,0.00044336372009889935,0.00044336372009889935,1.0756135406455039,1.5537664466143477,0.9297019442502311,0.984065448599439,0,PASS
llama,opd,20,E_general,14,mlp.down_proj,0.05,2,displacement_rank,/root/autodl-tmp/cycle09_stage4_state_displacement/cells/llama/opd/step_020/E_general.L14.main.direction.pt,activation_conditioned_update_displacement_singular_values,128,0.04950764369825381,0.07029805574976858,0.0004923563017461899,0.020298055749768576,0.0004923563017461899,1.0756135406455039,1.5537664466143477,0.9297019442502311,0.984065448599439,0,PASS
llama,opd,20,E_general,14,mlp.down_proj,0.1,1,displacement_rank,/root/autodl-tmp/cycle09_stage4_state_displacement/cells/llama/opd/step_020/E_general.L14.main.direction.pt,activation_conditioned_update_displacement_singular_values,128,0.07029805574976858,0.9999999999999993,0.029701944250231427,0.8999999999999994,0.029701944250231427,1.0756135406455039,1.5537664466143477,0.9297019442502311,0.984065448599439,0,PASS
llama,opd,20,E_math,14,self_attn.q_proj,0.01,8,displacement_rank,/root/autodl-tmp/cycle09_stage4_state_displacement/cells/llama/opd/step_020/E_math.L14.main.direction.pt,activation_conditioned_update_displacement_singular_values,128,0.009667907516736367,0.011000972095540691,0.0003320924832636331,0.001000972095540691,0.0003320924832636331,1.027338253060124,1.221372874111998,0.9733892386673116,0.9925160275923185,0,PASS
llama,opd,20,E_math,14,self_attn.q_proj,0.025,2,displacement_rank,/root/autodl-tmp/cycle09_stage4_state_displacement/cells/llama/opd/step_020/E_math.L14.main.direction.pt,activation_conditioned_update_displacement_singular_values,128,0.022031760112770537,0.026610761332688037,0.0029682398872294645,0.0016107613326880356,0.0016107613326880356,1.027338253060124,1.221372874111998,0.9733892386673116,0.9925160275923185,0,PASS
llama,opd,20,E_math,14,self_attn.q_proj,0.05,1,displacement_rank,/root/autodl-tmp/cycle09_stage4_state_displacement/cells/llama/opd/step_020/E_math.L14.main.direction.pt,activation_conditioned_update_displacement_singular_values,128,0.026610761332688037,0.9999999999999996,0.023389238667311966,0.9499999999999995,0.023389238667311966,1.027338253060124,1.221372874111998,0.9733892386673116,0.9925160275923185,0,PASS
llama,opd,20,E_math,14,self_attn.q_proj,0.1,1,displacement_rank,/root/autodl-tmp/cycle09_stage4_state_displacement/cells/llama/opd/step_020/E_math.L14.main.direction.pt,activation_conditioned_update_displacement_singular_values,128,0.026610761332688037,0.9999999999999996,0.07338923866731197,0.8999999999999996,0.07338923866731197,1.027338253060124,1.221372874111998,0.9733892386673116,0.9925160275923185,0,PASS
llama,opd,20,E_math,14,self_attn.k_proj,0.01,17,displacement_rank,/root/autodl-tmp/cycle09_stage4_state_displacement/cells/llama/opd/step_020/E_math.L14.main.direction.pt,activation_conditioned_update_displacement_singular_values,128,0.00938274462723595,0.01061248151631462,0.0006172553727640494,0.0006124815163146193,0.0006124815163146193,1.1106917496823367,1.8100690443913399,0.900339811010575,0.9777293156321337,0,PASS
llama,opd,20,E_math,14,self_attn.k_proj,0.025,10,displacement_rank,/root/autodl-tmp/cycle09_stage4_state_displacement/cells/llama/opd/step_020/E_math.L14.main.direction.pt,activation_conditioned_update_displacement_singular_values,128,0.022270684367866403,0.025538402048932436,0.0027293156321335985,0.0005384020489324348,0.0005384020489324348,1.1106917496823367,1.8100690443913399,0.900339811010575,0.9777293156321337,0,PASS
llama,opd,20,E_math,14,self_attn.k_proj,0.05,5,displacement_rank,/root/autodl-tmp/cycle09_stage4_state_displacement/cells/llama/opd/step_020/E_math.L14.main.direction.pt,activation_conditioned_update_displacement_singular_values,128,0.04345646161006306,0.05103760290096568,0.006543538389936945,0.0010376029009656756,0.0010376029009656756,1.1106917496823367,1.8100690443913399,0.900339811010575,0.9777293156321337,0,PASS
llama,opd,20,E_math,14,self_attn.k_proj,0.1,1,displacement_rank,/root/autodl-tmp/cycle09_stage4_state_displacement/cells/llama/opd/step_020/E_math.L14.main.direction.pt,activation_conditioned_update_displacement_singular_values,128,0.0996601889894251,1.0000000000000002,0.00033981101057491137,0.9000000000000002,0.00033981101057491137,1.1106917496823367,1.8100690443913399,0.900339811010575,0.9777293156321337,0,PASS
llama,opd,20,E_math,14,self_attn.v_proj,0.01,6,displacement_rank,/root/autodl-tmp/cycle09_stage4_state_displacement/cells/llama/opd/step_020/E_math.L14.main.direction.pt,activation_conditioned_update_displacement_singular_values,128,0.009297406133013579,0.010686708316401583,0.0007025938669864215,0.0006867083164015832,0.0006867083164015832,1.038069567122676,1.2733423692896255,0.9633265743179454,0.994529081011937,0,PASS
llama,opd,20,E_math,14,self_attn.v_proj,0.025,2,displacement_rank,/root/autodl-tmp/cycle09_stage4_state_displacement/cells/llama/opd/step_020/E_math.L14.main.direction.pt,activation_conditioned_update_displacement_singular_values,128,0.022978024339648604,0.036673425682054825,0.0020219756603513973,0.011673425682054824,0.0020219756603513973,1.038069567122676,1.2733423692896255,0.9633265743179454,0.994529081011937,0,PASS
llama,opd,20,E_math,14,self_attn.v_proj,0.05,1,displacement_rank,/root/autodl-tmp/cycle09_stage4_state_displacement/cells/llama/opd/step_020/E_math.L14.main.direction.pt,activation_conditioned_update_displacement_singular_values,128,0.036673425682054825,1.0000000000000004,0.013326574317945178,0.9500000000000004,0.013326574317945178,1.038069567122676,1.2733423692896255,0.9633265743179454,0.994529081011937,0,PASS
llama,opd,20,E_math,14,self_attn.v_proj,0.1,1,displacement_rank,/root/autodl-tmp/cycle09_stage4_state_displacement/cells/llama/opd/step_020/E_math.L14.main.direction.pt,activation_conditioned_update_displacement_singular_values,128,0.036673425682054825,1.0000000000000004,0.06332657431794518,0.9000000000000005,0.06332657431794518,1.038069567122676,1.2733423692896255,0.9633265743179454,0.994529081011937,0,PASS
llama,opd,20,E_math,14,self_attn.o_proj,0.01,8,displacement_rank,/root/autodl-tmp/cycle09_stage4_state_displacement/cells/llama/opd/step_020/E_math.L14.main.direction.pt,activation_conditioned_update_displacement_singular_values,128,0.00920039048281156,0.010654333836797463,0.0007996095171884394,0.0006543338367974629,0.0006543338367974629,1.0594531601617032,1.4048898194536636,0.9438831631285814,0.992948238235734,0,PASS
llama,opd,20,E_math,14,self_attn.o_proj,0.025,3,displacement_rank,/root/autodl-tmp/cycle09_stage4_state_displacement/cells/llama/opd/step_020/E_math.L14.main.direction.pt,activation_conditioned_update_displacement_singular_values,128,0.024722537672365586,0.034846168817810774,0.0002774623276344153,0.009846168817810773,0.0002774623276344153,1.0594531601617032,1.4048898194536636,0.9438831631285814,0.992948238235734,0,PASS
llama,opd,20,E_math,14,self_attn.o_proj,0.05,2,displacement_rank,/root/autodl-tmp/cycle09_stage4_state_displacement/cells/llama/opd/step_020/E_math.L14.main.direction.pt,activation_conditioned_update_displacement_singular_values,128,0.034846168817810774,0.05611683687141866,0.015153831182189229,0.00611683687141866,0.00611683687141866,1.0594531601617032,1.4048898194536636,0.9438831631285814,0.992948238235734,0,PASS
llama,opd,20,E_math,14,self_attn.o_proj,0.1,1,displacement_rank,/root/autodl-tmp/cycle09_stage4_state_displacement/cells/llama/opd/step_020/E_math.L14.main.direction.pt,activation_conditioned_update_displacement_singular_values,128,0.05611683687141866,1.0000000000000004,0.04388316312858134,0.9000000000000005,0.04388316312858134,1.0594531601617032,1.4048898194536636,0.9438831631285814,0.992948238235734,0,PASS
llama,opd,20,E_math,14,mlp.gate_proj,0.01,19,displacement_rank,/root/autodl-tmp/cycle09_stage4_state_displacement/cells/llama/opd/step_020/E_math.L14.main.direction.pt,activation_conditioned_update_displacement_singular_values,128,0.009710715890100245,0.010983109402208518,0.000289284109899755,0.0009831094022085176,0.000289284109899755,1.1281488483253173,1.9277428889387753,0.8864078543221064,0.9732304790322053,0,PASS
llama,opd,20,E_math,14,mlp.gate_proj,0.025,11,displacement_rank,/root/autodl-tmp/cycle09_stage4_state_displacement/cells/llama/opd/step_020/E_math.L14.main.direction.pt,activation_conditioned_update_displacement_singular_values,128,0.024008162928142236,0.026769520967794724,0.0009918370718577652,0.001769520967794723,0.0009918370718577652,1.1281488483253173,1.9277428889387753,0.8864078543221064,0.9732304790322053,0,PASS
llama,opd,20,E_math,14,mlp.gate_proj,0.05,5,displacement_rank,/root/autodl-tmp/cycle09_stage4_state_displacement/cells/llama/opd/step_020/E_math.L14.main.direction.pt,activation_conditioned_update_displacement_singular_values,128,0.049048839402944126,0.05549682783767742,0.0009511605970558765,0.005496827837677416,0.0009511605970558765,1.1281488483253173,1.9277428889387753,0.8864078543221064,0.9732304790322053,0,PASS
llama,opd,20,E_math,14,mlp.gate_proj,0.1,2,displacement_rank,/root/autodl-tmp/cycle09_stage4_state_displacement/cells/llama/opd/step_020/E_math.L14.main.direction.pt,activation_conditioned_update_displacement_singular_values,128,0.07959177369986287,0.11359214567789361,0.02040822630013714,0.013592145677893602,0.013592145677893602,1.1281488483253173,1.9277428889387753,0.8864078543221064,0.9732304790322053,0,PASS
llama,opd,20,E_math,14,mlp.up_proj,0.01,8,displacement_rank,/root/autodl-tmp/cycle09_stage4_state_displacement/cells/llama/opd/step_020/E_math.L14.main.direction.pt,activation_conditioned_update_displacement_singular_values,128,0.009605150385235581,0.010858851327948183,0.0003948496147644191,0.0008588513279481833,0.0003948496147644191,1.0371153055590046,1.2809921041903016,0.9642129420325165,0.9923649733945732,0,PASS
llama,opd,20,E_math,14,mlp.up_proj,0.025,3,displacement_rank,/root/autodl-tmp/cycle09_stage4_state_displacement/cells/llama/opd/step_020/E_math.L14.main.direction.pt,activation_conditioned_update_displacement_singular_values,128,0.020717906840542432,0.02508647703420932,0.004282093159457569,8.64770342093174e-05,8.64770342093174e-05,1.0371153055590046,1.2809921041903016,0.9642129420325165,0.9923649733945732,0,PASS
llama,opd,20,E_math,14,mlp.up_proj,0.05,1,displacement_rank,/root/autodl-tmp/cycle09_stage4_state_displacement/cells/llama/opd/step_020/E_math.L14.main.direction.pt,activation_conditioned_update_displacement_singular_values,128,0.03578705796748352,1.0000000000000002,0.014212942032516482,0.9500000000000002,0.014212942032516482,1.0371153055590046,1.2809921041903016,0.9642129420325165,0.9923649733945732,0,PASS
llama,opd,20,E_math,14,mlp.up_proj,0.1,1,displacement_rank,/root/autodl-tmp/cycle09_stage4_state_displacement/cells/llama/opd/step_020/E_math.L14.main.direction.pt,activation_conditioned_update_displacement_singular_values,128,0.03578705796748352,1.0000000000000002,0.06421294203251648,0.9000000000000002,0.06421294203251648,1.0371153055590046,1.2809921041903016,0.9642129420325165,0.9923649733945732,0,PASS
llama,opd,20,E_math,14,mlp.down_proj,0.01,2,displacement_rank,/root/autodl-tmp/cycle09_stage4_state_displacement/cells/llama/opd/step_020/E_math.L14.main.direction.pt,activation_conditioned_update_displacement_singular_values,128,0.006301477251142923,0.010879356136165808,0.003698522748857077,0.0008793561361658073,0.0008793561361658073,1.0109990183742068,1.088833002402939,0.9891206438638345,0.9982151715136937,0,PASS
llama,opd,20,E_math,14,mlp.down_proj,0.025,1,displacement_rank,/root/autodl-tmp/cycle09_stage4_state_displacement/cells/llama/opd/step_020/E_math.L14.main.direction.pt,activation_conditioned_update_displacement_singular_values,128,0.010879356136165808,1.0000000000000002,0.014120643863834194,0.9750000000000002,0.014120643863834194,1.0109990183742068,1.088833002402939,0.9891206438638345,0.9982151715136937,0,PASS
llama,opd,20,E_math,14,mlp.down_proj,0.05,1,displacement_rank,/root/autodl-tmp/cycle09_stage4_state_displacement/cells/llama/opd/step_020/E_math.L14.main.direction.pt,activation_conditioned_update_displacement_singular_values,128,0.010879356136165808,1.0000000000000002,0.039120643863834195,0.9500000000000002,0.039120643863834195,1.0109990183742068,1.088833002402939,0.9891206438638345,0.9982151715136937,0,PASS
llama,opd,20,E_math,14,mlp.down_proj,0.1,1,displacement_rank,/root/autodl-tmp/cycle09_stage4_state_displacement/cells/llama/opd/step_020/E_math.L14.main.direction.pt,activation_conditioned_update_displacement_singular_values,128,0.010879356136165808,1.0000000000000002,0.0891206438638342,0.9000000000000002,0.0891206438638342,1.0109990183742068,1.088833002402939,0.9891206438638345,0.9982151715136937,0,PASS
llama,opd,20,E_ood,14,self_attn.q_proj,0.01,9,displacement_rank,/root/autodl-tmp/cycle09_stage4_state_displacement/cells/llama/opd/step_020/E_ood.L14.main.direction.pt,activation_conditioned_update_displacement_singular_values,128,0.008882189151581139,0.010016310482928585,0.0011178108484188615,1.6310482928584558e-05,1.6310482928584558e-05,1.0293212647172285,1.235675364928649,0.9715139813755975,0.9921666948910557,0,PASS
llama,opd,20,E_ood,14,self_attn.q_proj,0.025,2,displacement_rank,/root/autodl-tmp/cycle09_stage4_state_displacement/cells/llama/opd/step_020/E_ood.L14.main.direction.pt,activation_conditioned_update_displacement_singular_values,128,0.02294973153159549,0.02848601862440288,0.0020502684684045105,0.003486018624402877,0.0020502684684045105,1.0293212647172285,1.235675364928649,0.9715139813755975,0.9921666948910557,0,PASS
llama,opd,20,E_ood,14,self_attn.q_proj,0.05,1,displacement_rank,/root/autodl-tmp/cycle09_stage4_state_displacement/cells/llama/opd/step_020/E_ood.L14.main.direction.pt,activation_conditioned_update_displacement_singular_values,128,0.02848601862440288,1.0000000000000004,0.021513981375597124,0.9500000000000004,0.021513981375597124,1.0293212647172285,1.235675364928649,0.9715139813755975,0.9921666948910557,0,PASS
llama,opd,20,E_ood,14,self_attn.q_proj,0.1,1,displacement_rank,/root/autodl-tmp/cycle09_stage4_state_displacement/cells/llama/opd/step_020/E_ood.L14.main.direction.pt,activation_conditioned_update_displacement_singular_values,128,0.02848601862440288,1.0000000000000004,0.07151398137559713,0.9000000000000005,0.07151398137559713,1.0293212647172285,1.235675364928649,0.9715139813755975,0.9921666948910557,0,PASS
llama,opd,20,E_ood,14,self_attn.k_proj,0.01,20,displacement_rank,/root/autodl-tmp/cycle09_stage4_state_displacement/cells/llama/opd/step_020/E_ood.L14.main.direction.pt,activation_conditioned_update_displacement_singular_values,128,0.009571977039918139,0.011024887796878702,0.00042802296008186136,0.0010248877968787023,0.00042802296008186136,1.184483384330803,2.329752799381519,0.8442499179209421,0.9668575933757037,0,PASS
llama,opd,20,E_ood,14,self_attn.k_proj,0.025,13,displacement_rank,/root/autodl-tmp/cycle09_stage4_state_displacement/cells/llama/opd/step_020/E_ood.L14.main.direction.pt,activation_conditioned_update_displacement_singular_values,128,0.022826634449272475,0.02595584784926646,0.002173365550727526,0.0009558478492664585,0.0009558478492664585,1.184483384330803,2.329752799381519,0.8442499179209421,0.9668575933757037,0,PASS
llama,opd,20,E_ood,14,self_attn.k_proj,0.05,7,displacement_rank,/root/autodl-tmp/cycle09_stage4_state_displacement/cells/llama/opd/step_020/E_ood.L14.main.direction.pt,activation_conditioned_update_displacement_singular_values,128,0.04710966556098932,0.05463958653452153,0.0028903344390106833,0.004639586534521525,0.0028903344390106833,1.184483384330803,2.329752799381519,0.8442499179209421,0.9668575933757037,0,PASS
llama,opd,20,E_ood,14,self_attn.k_proj,0.1,3,displacement_rank,/root/autodl-tmp/cycle09_stage4_state_displacement/cells/llama/opd/step_020/E_ood.L14.main.direction.pt,activation_conditioned_update_displacement_singular_values,128,0.09382881868891928,0.1187441537764132,0.006171181311080728,0.018744153776413197,0.006171181311080728,1.184483384330803,2.329752799381519,0.8442499179209421,0.9668575933757037,0,PASS
llama,opd,20,E_ood,14,self_attn.v_proj,0.01,6,displacement_rank,/root/autodl-tmp/cycle09_stage4_state_displacement/cells/llama/opd/step_020/E_ood.L14.main.direction.pt,activation_conditioned_update_displacement_singular_values,128,0.009850455681255902,0.011618129102562498,0.00014954431874409854,0.0016181291025624978,0.00014954431874409854,1.0445565783669322,1.3091228669969646,0.957344025886475,0.9942341956064266,0,PASS
llama,opd,20,E_ood,14,self_attn.v_proj,0.025,2,displacement_rank,/root/autodl-tmp/cycle09_stage4_state_displacement/cells/llama/opd/step_020/E_ood.L14.main.direction.pt,activation_conditioned_update_displacement_singular_values,128,0.02438451535483604,0.042655974113524876,0.0006154846451639599,0.017655974113524875,0.0006154846451639599,1.0445565783669322,1.3091228669969646,0.957344025886475,0.9942341956064266,0,PASS
llama,opd,20,E_ood,14,self_attn.v_proj,0.05,1,displacement_rank,/root/autodl-tmp/cycle09_stage4_state_displacement/cells/llama/opd/step_020/E_ood.L14.main.direction.pt,activation_conditioned_update_displacement_singular_values,128,0.042655974113524876,0.9999999999999999,0.0073440258864751265,0.9499999999999998,0.0073440258864751265,1.0445565783669322,1.3091228669969646,0.957344025886475,0.9942341956064266,0,PASS
llama,opd,20,E_ood,14,self_attn.v_proj,0.1,1,displacement_rank,/root/autodl-tmp/cycle09_stage4_state_displacement/cells/llama/opd/step_020/E_ood.L14.main.direction.pt,activation_conditioned_update_displacement_singular_values,128,0.042655974113524876,0.9999999999999999,0.05734402588647513,0.8999999999999999,0.05734402588647513,1.0445565783669322,1.3091228669969646,0.957344025886475,0.9942341956064266,0,PASS
llama,opd,20,E_ood,14,self_attn.o_proj,0.01,14,displacement_rank,/root/autodl-tmp/cycle09_stage4_state_displacement/cells/llama/opd/step_020/E_ood.L14.main.direction.pt,activation_conditioned_update_displacement_singular_values,128,0.009471125428787681,0.010794487829447025,0.0005288745712123191,0.0007944878294470249,0.0005288745712123191,1.1177046570799616,1.8002820483280952,0.894690733965922,0.9842209829205869,0,PASS
llama,opd,20,E_ood,14,self_attn.o_proj,0.025,7,displacement_rank,/root/autodl-tmp/cycle09_stage4_state_displacement/cells/llama/opd/step_020/E_ood.L14.main.direction.pt,activation_conditioned_update_displacement_singular_values,128,0.02378563900526254,0.0279115787248227,0.0012143609947374602,0.0029115787248227,0.0012143609947374602,1.1177046570799616,1.8002820483280952,0.894690733965922,0.9842209829205869,0,PASS
llama,opd,20,E_ood,14,self_attn.o_proj,0.05,4,displacement_rank,/root/autodl-tmp/cycle09_stage4_state_displacement/cells/llama/opd/step_020/E_ood.L14.main.direction.pt,activation_conditioned_update_displacement_singular_values,128,0.04104410316188587,0.05362177702414157,0.008955896838114132,0.0036217770241415703,0.0036217770241415703,1.1177046570799616,1.8002820483280952,0.894690733965922,0.9842209829205869,0,PASS
llama,opd,20,E_ood,14,self_attn.o_proj,0.1,2,displacement_rank,/root/autodl-tmp/cycle09_stage4_state_displacement/cells/llama/opd/step_020/E_ood.L14.main.direction.pt,activation_conditioned_update_displacement_singular_values,128,0.07162120146050904,0.10530926603407814,0.028378798539490963,0.005309266034078136,0.005309266034078136,1.1177046570799616,1.8002820483280952,0.894690733965922,0.9842209829205869,0,PASS
llama,opd,20,E_ood,14,mlp.gate_proj,0.01,21,displacement_rank,/root/autodl-tmp/cycle09_stage4_state_displacement/cells/llama/opd/step_020/E_ood.L14.main.direction.pt,activation_conditioned_update_displacement_singular_values,128,0.009356854168677759,0.010661924766329083,0.0006431458313222414,0.000661924766329083,0.0006431458313222414,1.1477329613232237,2.103467195530346,0.8712828102863734,0.9666443791725919,0,PASS
llama,opd,20,E_ood,14,mlp.gate_proj,0.025,13,displacement_rank,/root/autodl-tmp/cycle09_stage4_state_displacement/cells/llama/opd/step_020/E_ood.L14.main.direction.pt,activation_conditioned_update_displacement_singular_values,128,0.024101418506127063,0.02673651332743341,0.0008985814938729381,0.0017365133274334088,0.0008985814938729381,1.1477329613232237,2.103467195530346,0.8712828102863734,0.9666443791725919,0,PASS
llama,opd,20,E_ood,14,mlp.gate_proj,0.05,7,displacement_rank,/root/autodl-tmp/cycle09_stage4_state_displacement/cells/llama/opd/step_020/E_ood.L14.main.direction.pt,activation_conditioned_update_displacement_singular_values,128,0.04647637552700024,0.05212471691306261,0.0035236244729997604,0.0021247169130626103,0.0021247169130626103,1.1477329613232237,2.103467195530346,0.8712828102863734,0.9666443791725919,0,PASS
llama,opd,20,E_ood,14,mlp.gate_proj,0.1,2,displacement_rank,/root/autodl-tmp/cycle09_stage4_state_displacement/cells/llama/opd/step_020/E_ood.L14.main.direction.pt,activation_conditioned_update_displacement_singular_values,128,0.09965653063027902,0.12871718971362628,0.00034346936972098896,0.028717189713626273,0.00034346936972098896,1.1477329613232237,2.103467195530346,0.8712828102863734,0.9666443791725919,0,PASS
llama,opd,20,E_ood,14,mlp.up_proj,0.01,12,displacement_rank,/root/autodl-tmp/cycle09_stage4_state_displacement/cells/llama/opd/step_020/E_ood.L14.main.direction.pt,activation_conditioned_update_displacement_singular_values,128,0.009313766199183142,0.010386153349409148,0.0006862338008168586,0.00038615334940914764,0.00038615334940914764,1.0515245225714085,1.386404118204704,0.9510001702619261,0.9884362078616777,0,PASS
llama,opd,20,E_ood,14,mlp.up_proj,0.025,4,displacement_rank,/root/autodl-tmp/cycle09_stage4_state_displacement/cells/llama/opd/step_020/E_ood.L14.main.direction.pt,activation_conditioned_update_displacement_singular_values,128,0.023651891192686986,0.028607194091257778,0.0013481088073130157,0.0036071940912577767,0.0013481088073130157,1.0515245225714085,1.386404118204704,0.9510001702619261,0.9884362078616777,0,PASS
llama,opd,20,E_ood,14,mlp.up_proj,0.05,1,displacement_rank,/root/autodl-tmp/cycle09_stage4_state_displacement/cells/llama/opd/step_020/E_ood.L14.main.direction.pt,activation_conditioned_update_displacement_singular_values,128,0.048999829738074055,1.0,0.0010001702619259478,0.95,0.0010001702619259478,1.0515245225714085,1.386404118204704,0.9510001702619261,0.9884362078616777,0,PASS
llama,opd,20,E_ood,14,mlp.up_proj,0.1,1,displacement_rank,/root/autodl-tmp/cycle09_stage4_state_displacement/cells/llama/opd/step_020/E_ood.L14.main.direction.pt,activation_conditioned_update_displacement_singular_values,128,0.048999829738074055,1.0,0.05100017026192595,0.9,0.05100017026192595,1.0515245225714085,1.386404118204704,0.9510001702619261,0.9884362078616777,0,PASS
llama,opd,20,E_ood,14,mlp.down_proj,0.01,4,displacement_rank,/root/autodl-tmp/cycle09_stage4_state_displacement/cells/llama/opd/step_020/E_ood.L14.main.direction.pt,activation_conditioned_update_displacement_singular_values,128,0.009181429053313036,0.01116807963161381,0.0008185709466869643,0.0011680796316138106,0.0008185709466869643,1.021541611733916,1.1667447006680347,0.9789126439036073,0.9960583442029979,0,PASS
llama,opd,20,E_ood,14,mlp.down_proj,0.025,1,displacement_rank,/root/autodl-tmp/cycle09_stage4_state_displacement/cells/llama/opd/step_020/E_ood.L14.main.direction.pt,activation_conditioned_update_displacement_singular_values,128,0.02108735609639267,1.0000000000000002,0.003912643903607332,0.9750000000000002,0.003912643903607332,1.021541611733916,1.1667447006680347,0.9789126439036073,0.9960583442029979,0,PASS
llama,opd,20,E_ood,14,mlp.down_proj,0.05,1,displacement_rank,/root/autodl-tmp/cycle09_stage4_state_displacement/cells/llama/opd/step_020/E_ood.L14.main.direction.pt,activation_conditioned_update_displacement_singular_values,128,0.02108735609639267,1.0000000000000002,0.028912643903607333,0.9500000000000002,0.028912643903607333,1.021541611733916,1.1667447006680347,0.9789126439036073,0.9960583442029979,0,PASS
llama,opd,20,E_ood,14,mlp.down_proj,0.1,1,displacement_rank,/root/autodl-tmp/cycle09_stage4_state_displacement/cells/llama/opd/step_020/E_ood.L14.main.direction.pt,activation_conditioned_update_displacement_singular_values,128,0.02108735609639267,1.0000000000000002,0.07891264390360733,0.9000000000000002,0.07891264390360733,1.021541611733916,1.1667447006680347,0.9789126439036073,0.9960583442029979,0,PASS
llama,opd,20,E_if,14,self_attn.q_proj,0.01,12,displacement_rank,/root/autodl-tmp/cycle09_stage4_state_displacement/cells/llama/opd/step_020/E_if.L14.main.direction.pt,activation_conditioned_update_displacement_singular_values,128,0.009843112534823712,0.010972515252723256,0.00015688746517628777,0.0009725152527232557,0.00015688746517628777,1.0464993169027972,1.362087627399888,0.9555667966985246,0.9878720055780945,0,PASS
llama,opd,20,E_if,14,self_attn.q_proj,0.025,5,displacement_rank,/root/autodl-tmp/cycle09_stage4_state_displacement/cells/llama/opd/step_020/E_if.L14.main.direction.pt,activation_conditioned_update_displacement_singular_values,128,0.022364834098894865,0.025512764103170407,0.0026351659011051368,0.0005127641031704051,0.0005127641031704051,1.0464993169027972,1.362087627399888,0.9555667966985246,0.9878720055780945,0,PASS
llama,opd,20,E_if,14,self_attn.q_proj,0.05,1,displacement_rank,/root/autodl-tmp/cycle09_stage4_state_displacement/cells/llama/opd/step_020/E_if.L14.main.direction.pt,activation_conditioned_update_displacement_singular_values,128,0.04443320330147534,1.0,0.005566796698524661,0.95,0.005566796698524661,1.0464993169027972,1.362087627399888,0.9555667966985246,0.9878720055780945,0,PASS
llama,opd,20,E_if,14,self_attn.q_proj,0.1,1,displacement_rank,/root/autodl-tmp/cycle09_stage4_state_displacement/cells/llama/opd/step_020/E_if.L14.main.direction.pt,activation_conditioned_update_displacement_singular_values,128,0.04443320330147534,1.0,0.05556679669852466,0.9,0.05556679669852466,1.0464993169027972,1.362087627399888,0.9555667966985246,0.9878720055780945,0,PASS
llama,opd,20,E_if,14,self_attn.k_proj,0.01,23,displacement_rank,/root/autodl-tmp/cycle09_stage4_state_displacement/cells/llama/opd/step_020/E_if.L14.main.direction.pt,activation_conditioned_update_displacement_singular_values,128,0.009256792238361719,0.010732794730980336,0.0007432077616382812,0.0007327947309803354,0.0007327947309803354,1.266772956814418,2.933528023892029,0.7894074424470839,0.9525897568629761,0,PASS
llama,opd,20,E_if,14,self_attn.k_proj,0.025,16,displacement_rank,/root/autodl-tmp/cycle09_stage4_state_displacement/cells/llama/opd/step_020/E_if.L14.main.direction.pt,activation_conditioned_update_displacement_singular_values,128,0.023145156102266397,0.025945101342286912,0.0018548438977336046,0.0009451013422869109,0.0009451013422869109,1.266772956814418,2.933528023892029,0.7894074424470839,0.9525897568629761,0,PASS
llama,opd,20,E_if,14,self_attn.k_proj,0.05,10,displacement_rank,/root/autodl-tmp/cycle09_stage4_state_displacement/cells/llama/opd/step_020/E_if.L14.main.direction.pt,activation_conditioned_update_displacement_singular_values,128,0.047410243137023765,0.05296004795721001,0.0025897568629762377,0.002960047957210006,0.0025897568629762377,1.266772956814418,2.933528023892029,0.7894074424470839,0.9525897568629761,0,PASS
llama,opd,20,E_if,14,self_attn.k_proj,0.1,5,displacement_rank,/root/autodl-tmp/cycle09_stage4_state_displacement/cells/llama/opd/step_020/E_if.L14.main.direction.pt,activation_conditioned_update_displacement_singular_values,128,0.09038817541497472,0.10338784657666769,0.009611824585025283,0.0033878465766676857,0.0033878465766676857,1.266772956814418,2.933528023892029,0.7894074424470839,0.9525897568629761,0,PASS
llama,opd,20,E_if,14,self_attn.v_proj,0.01,7,displacement_rank,/root/autodl-tmp/cycle09_stage4_state_displacement/cells/llama/opd/step_020/E_if.L14.main.direction.pt,activation_conditioned_update_displacement_singular_values,128,0.008935608499008044,0.010195259191382512,0.0010643915009919559,0.00019525919138251198,0.00019525919138251198,1.0356737973370675,1.2653807690832597,0.9655549870733504,0.9937303439488548,0,PASS
llama,opd,20,E_if,14,self_attn.v_proj,0.025,2,displacement_rank,/root/autodl-tmp/cycle09_stage4_state_displacement/cells/llama/opd/step_020/E_if.L14.main.direction.pt,activation_conditioned_update_displacement_singular_values,128,0.023925351065889645,0.03444501292664948,0.001074648934110356,0.009445012926649482,0.001074648934110356,1.0356737973370675,1.2653807690832597,0.9655549870733504,0.9937303439488548,0,PASS
llama,opd,20,E_if,14,self_attn.v_proj,0.05,1,displacement_rank,/root/autodl-tmp/cycle09_stage4_state_displacement/cells/llama/opd/step_020/E_if.L14.main.direction.pt,activation_conditioned_update_displacement_singular_values,128,0.03444501292664948,1.0000000000000002,0.01555498707335052,0.9500000000000002,0.01555498707335052,1.0356737973370675,1.2653807690832597,0.9655549870733504,0.9937303439488548,0,PASS
llama,opd,20,E_if,14,self_attn.v_proj,0.1,1,displacement_rank,/root/autodl-tmp/cycle09_stage4_state_displacement/cells/llama/opd/step_020/E_if.L14.main.direction.pt,activation_conditioned_update_displacement_singular_values,128,0.03444501292664948,1.0000000000000002,0.06555498707335053,0.9000000000000002,0.06555498707335053,1.0356737973370675,1.2653807690832597,0.9655549870733504,0.9937303439488548,0,PASS
llama,opd,20,E_if,14,self_attn.o_proj,0.01,18,displacement_rank,/root/autodl-tmp/cycle09_stage4_state_displacement/cells/llama/opd/step_020/E_if.L14.main.direction.pt,activation_conditioned_update_displacement_singular_values,128,0.009031970598909483,0.010263922488878273,0.0009680294010905172,0.0002639224888782727,0.0002639224888782727,1.2343929963397833,2.4562505929944156,0.8101147713614673,0.9746588992954551,0,PASS
llama,opd,20,E_if,14,self_attn.o_proj,0.025,11,displacement_rank,/root/autodl-tmp/cycle09_stage4_state_displacement/cells/llama/opd/step_020/E_if.L14.main.direction.pt,activation_conditioned_update_displacement_singular_values,128,0.02194510541873152,0.025341100704544824,0.0030548945812684802,0.0003411007045448222,0.0003411007045448222,1.2343929963397833,2.4562505929944156,0.8101147713614673,0.9746588992954551,0,PASS
llama,opd,20,E_if,14,self_attn.o_proj,0.05,6,displacement_rank,/root/autodl-tmp/cycle09_stage4_state_displacement/cells/llama/opd/step_020/E_if.L14.main.direction.pt,activation_conditioned_update_displacement_singular_values,128,0.04457132131665354,0.05327844243710657,0.005428678683346462,0.0032784424371065657,0.0032784424371065657,1.2343929963397833,2.4562505929944156,0.8101147713614673,0.9746588992954551,0,PASS
llama,opd,20,E_if,14,self_attn.o_proj,0.1,3,displacement_rank,/root/autodl-tmp/cycle09_stage4_state_displacement/cells/llama/opd/step_020/E_if.L14.main.direction.pt,activation_conditioned_update_displacement_singular_values,128,0.07961275041789485,0.10707954151379515,0.020387249582105152,0.00707954151379514,0.00707954151379514,1.2343929963397833,2.4562505929944156,0.8101147713614673,0.9746588992954551,0,PASS
llama,opd,20,E_if,14,mlp.gate_proj,0.01,25,displacement_rank,/root/autodl-tmp/cycle09_stage4_state_displacement/cells/llama/opd/step_020/E_if.L14.main.direction.pt,activation_conditioned_update_displacement_singular_values,128,0.008968591082872563,0.010669453773321454,0.0010314089171274375,0.0006694537733214542,0.0006694537733214542,1.242639549133084,2.8848168574429316,0.8047385910883336,0.9424054263876581,0,PASS
llama,opd,20,E_if,14,mlp.gate_proj,0.025,18,displacement_rank,/root/autodl-tmp/cycle09_stage4_state_displacement/cells/llama/opd/step_020/E_if.L14.main.direction.pt,activation_conditioned_update_displacement_singular_values,128,0.02394906918983213,0.02681374823300014,0.0010509308101678723,0.001813748233000137,0.0010509308101678723,1.242639549133084,2.8848168574429316,0.8047385910883336,0.9424054263876581,0,PASS
llama,opd,20,E_if,14,mlp.gate_proj,0.05,12,displacement_rank,/root/autodl-tmp/cycle09_stage4_state_displacement/cells/llama/opd/step_020/E_if.L14.main.direction.pt,activation_conditioned_update_displacement_singular_values,128,0.046262298662676636,0.051597558861988184,0.0037377013373233667,0.0015975588619881811,0.0015975588619881811,1.242639549133084,2.8848168574429316,0.8047385910883336,0.9424054263876581,0,PASS
llama,opd,20,E_if,14,mlp.gate_proj,0.1,6,displacement_rank,/root/autodl-tmp/cycle09_stage4_state_displacement/cells/llama/opd/step_020/E_if.L14.main.direction.pt,activation_conditioned_update_displacement_singular_values,128,0.08953138190580287,0.1000469891909447,0.010468618094197135,4.69891909446879e-05,4.69891909446879e-05,1.242639549133084,2.8848168574429316,0.8047385910883336,0.9424054263876581,0,PASS
llama,opd,20,E_if,14,mlp.up_proj,0.01,15,displacement_rank,/root/autodl-tmp/cycle09_stage4_state_displacement/cells/llama/opd/step_020/E_if.L14.main.direction.pt,activation_conditioned_update_displacement_singular_values,128,0.009473860747462466,0.010615879852195104,0.0005261392525375344,0.0006158798521951041,0.0005261392525375344,1.0675249524624026,1.514571361899194,0.936746253746438,0.9833536986433163,0,PASS
llama,opd,20,E_if,14,mlp.up_proj,0.025,7,displacement_rank,/root/autodl-tmp/cycle09_stage4_state_displacement/cells/llama/opd/step_020/E_if.L14.main.direction.pt,activation_conditioned_update_displacement_singular_values,128,0.02354875233031418,0.026583270279103576,0.00145124766968582,0.0015832702791035748,0.00145124766968582,1.0675249524624026,1.514571361899194,0.936746253746438,0.9833536986433163,0,PASS
llama,opd,20,E_if,14,mlp.up_proj,0.05,3,displacement_rank,/root/autodl-tmp/cycle09_stage4_state_displacement/cells/llama/opd/step_020/E_if.L14.main.direction.pt,activation_conditioned_update_displacement_singular_values,128,0.042590103543346323,0.051335486022956414,0.007409896456653679,0.0013354860229564114,0.0013354860229564114,1.0675249524624026,1.514571361899194,0.936746253746438,0.9833536986433163,0,PASS
llama,opd,20,E_if,14,mlp.up_proj,0.1,1,displacement_rank,/root/autodl-tmp/cycle09_stage4_state_displacement/cells/llama/opd/step_020/E_if.L14.main.direction.pt,activation_conditioned_update_displacement_singular_values,128,0.06325374625356212,1.0000000000000002,0.03674625374643789,0.9000000000000002,0.03674625374643789,1.0675249524624026,1.514571361899194,0.936746253746438,0.9833536986433163,0,PASS
llama,opd,20,E_if,14,mlp.down_proj,0.01,8,displacement_rank,/root/autodl-tmp/cycle09_stage4_state_displacement/cells/llama/opd/step_020/E_if.L14.main.direction.pt,activation_conditioned_update_displacement_singular_values,128,0.009676656184353288,0.010963622800611587,0.00032334381564671187,0.0009636228006115865,0.00032334381564671187,1.0367031220423442,1.2795442453541632,0.964596304127996,0.9923901432795197,0,PASS
llama,opd,20,E_if,14,mlp.down_proj,0.025,3,displacement_rank,/root/autodl-tmp/cycle09_stage4_state_displacement/cells/llama/opd/step_020/E_if.L14.main.direction.pt,activation_conditioned_update_displacement_singular_values,128,0.02086990789874252,0.025242124332868963,0.00413009210125748,0.00024212433286896137,0.00024212433286896137,1.0367031220423442,1.2795442453541632,0.964596304127996,0.9923901432795197,0,PASS
llama,opd,20,E_if,14,mlp.down_proj,0.05,1,displacement_rank,/root/autodl-tmp/cycle09_stage4_state_displacement/cells/llama/opd/step_020/E_if.L14.main.direction.pt,activation_conditioned_update_displacement_singular_values,128,0.035403695872004114,1.0000000000000002,0.014596304127995889,0.9500000000000002,0.014596304127995889,1.0367031220423442,1.2795442453541632,0.964596304127996,0.9923901432795197,0,PASS
llama,opd,20,E_if,14,mlp.down_proj,0.1,1,displacement_rank,/root/autodl-tmp/cycle09_stage4_state_displacement/cells/llama/opd/step_020/E_if.L14.main.direction.pt,activation_conditioned_update_displacement_singular_values,128,0.035403695872004114,1.0000000000000002,0.06459630412799588,0.9000000000000002,0.06459630412799588,1.0367031220423442,1.2795442453541632,0.964596304127996,0.9923901432795197,0,PASS
llama,opd,40,E_general,14,self_attn.q_proj,0.01,16,displacement_rank,/root/autodl-tmp/cycle09_stage4_state_displacement/cells/llama/opd/step_040/E_general.L14.main.direction.pt,activation_conditioned_update_displacement_singular_values,128,0.00987411059752158,0.011208451776051731,0.00012588940247842094,0.0012084517760517308,0.00012588940247842094,1.069572900159792,1.5378824238561908,0.9349526337574579,0.9804478017365266,0,PASS
llama,opd,40,E_general,14,self_attn.q_proj,0.025,8,displacement_rank,/root/autodl-tmp/cycle09_stage4_state_displacement/cells/llama/opd/step_040/E_general.L14.main.direction.pt,activation_conditioned_update_displacement_singular_values,128,0.0240597525770885,0.02682011309069575,0.0009402474229115027,0.0018201130906957477,0.0009402474229115027,1.069572900159792,1.5378824238561908,0.9349526337574579,0.9804478017365266,0,PASS
llama,opd,40,E_general,14,self_attn.q_proj,0.05,3,displacement_rank,/root/autodl-tmp/cycle09_stage4_state_displacement/cells/llama/opd/step_040/E_general.L14.main.direction.pt,activation_conditioned_update_displacement_singular_values,128,0.04521781109724649,0.053060750743361425,0.0047821889027535106,0.003060750743361422,0.003060750743361422,1.069572900159792,1.5378824238561908,0.9349526337574579,0.9804478017365266,0,PASS
llama,opd,40,E_general,14,self_attn.q_proj,0.1,1,displacement_rank,/root/autodl-tmp/cycle09_stage4_state_displacement/cells/llama/opd/step_040/E_general.L14.main.direction.pt,activation_conditioned_update_displacement_singular_values,128,0.06504736624254188,0.9999999999999996,0.03495263375745812,0.8999999999999996,0.03495263375745812,1.069572900159792,1.5378824238561908,0.9349526337574579,0.9804478017365266,0,PASS
llama,opd,40,E_general,14,self_attn.k_proj,0.01,22,displacement_rank,/root/autodl-tmp/cycle09_stage4_state_displacement/cells/llama/opd/step_040/E_general.L14.main.direction.pt,activation_conditioned_update_displacement_singular_values,128,0.009150295817221207,0.010611919423793359,0.0008497041827787936,0.0006119194237933587,0.0006119194237933587,1.185624759341023,2.412149982775596,0.8434371770000871,0.9575582953687238,0,PASS
llama,opd,40,E_general,14,self_attn.k_proj,0.025,15,displacement_rank,/root/autodl-tmp/cycle09_stage4_state_displacement/cells/llama/opd/step_040/E_general.L14.main.direction.pt,activation_conditioned_update_displacement_singular_values,128,0.02265837059976942,0.025613081866711514,0.0023416294002305826,0.000613081866711513,0.000613081866711513,1.185624759341023,2.412149982775596,0.8434371770000871,0.9575582953687238,0,PASS
llama,opd,40,E_general,14,self_attn.k_proj,0.05,9,displacement_rank,/root/autodl-tmp/cycle09_stage4_state_displacement/cells/llama/opd/step_040/E_general.L14.main.direction.pt,activation_conditioned_update_displacement_singular_values,128,0.04815942554629473,0.05468801051136094,0.0018405744537052723,0.004688010511360939,0.0018405744537052723,1.185624759341023,2.412149982775596,0.8434371770000871,0.9575582953687238,0,PASS
llama,opd,40,E_general,14,self_attn.k_proj,0.1,4,displacement_rank,/root/autodl-tmp/cycle09_stage4_state_displacement/cells/llama/opd/step_040/E_general.L14.main.direction.pt,activation_conditioned_update_displacement_singular_values,128,0.09091126485066373,0.10359131529134896,0.00908873514933628,0.0035913152913489566,0.0035913152913489566,1.185624759341023,2.412149982775596,0.8434371770000871,0.9575582953687238,0,PASS
llama,opd,40,E_general,14,self_attn.v_proj,0.01,16,displacement_rank,/root/autodl-tmp/cycle09_stage4_state_displacement/cells/llama/opd/step_040/E_general.L14.main.direction.pt,activation_conditioned_update_displacement_singular_values,128,0.009116241573805497,0.010375074195995223,0.0008837584261945034,0.00037507419599522307,0.00037507419599522307,1.1134399134528432,1.7959721530718018,0.8981176154346225,0.981454604711191,0,PASS
llama,opd,40,E_general,14,self_attn.v_proj,0.025,8,displacement_rank,/root/autodl-tmp/cycle09_stage4_state_displacement/cells/llama/opd/step_040/E_general.L14.main.direction.pt,activation_conditioned_update_displacement_singular_values,128,0.023681936140277617,0.026788946678650276,0.0013180638597223848,0.0017889466786502745,0.0013180638597223848,1.1134399134528432,1.7959721530718018,0.8981176154346225,0.981454604711191,0,PASS
llama,opd,40,E_general,14,self_attn.v_proj,0.05,4,displacement_rank,/root/autodl-tmp/cycle09_stage4_state_displacement/cells/llama/opd/step_040/E_general.L14.main.direction.pt,activation_conditioned_update_displacement_singular_values,128,0.042879024440760034,0.0578129697057329,0.0071209755592399684,0.007812969705732899,0.0071209755592399684,1.1134399134528432,1.7959721530718018,0.8981176154346225,0.981454604711191,0,PASS
llama,opd,40,E_general,14,self_attn.v_proj,0.1,2,displacement_rank,/root/autodl-tmp/cycle09_stage4_state_displacement/cells/llama/opd/step_040/E_general.L14.main.direction.pt,activation_conditioned_update_displacement_singular_values,128,0.07421777445533295,0.10188238456537739,0.025782225544667053,0.0018823845653773846,0.0018823845653773846,1.1134399134528432,1.7959721530718018,0.8981176154346225,0.981454604711191,0,PASS
llama,opd,40,E_general,14,self_attn.o_proj,0.01,24,displacement_rank,/root/autodl-tmp/cycle09_stage4_state_displacement/cells/llama/opd/step_040/E_general.L14.main.direction.pt,activation_conditioned_update_displacement_singular_values,128,0.009393589564740519,0.011214306530933249,0.0006064104352594812,0.0012143065309332488,0.0006064104352594812,1.5971030376097817,5.094880969670122,0.6261336785737983,0.9331867244885301,0,PASS
llama,opd,40,E_general,14,self_attn.o_proj,0.025,18,displacement_rank,/root/autodl-tmp/cycle09_stage4_state_displacement/cells/llama/opd/step_040/E_general.L14.main.direction.pt,activation_conditioned_update_displacement_singular_values,128,0.023342269538727273,0.026533148318560844,0.001657730461272728,0.0015331483185608424,0.0015331483185608424,1.5971030376097817,5.094880969670122,0.6261336785737983,0.9331867244885301,0,PASS
llama,opd,40,E_general,14,self_attn.o_proj,0.05,13,displacement_rank,/root/autodl-tmp/cycle09_stage4_state_displacement/cells/llama/opd/step_040/E_general.L14.main.direction.pt,activation_conditioned_update_displacement_singular_values,128,0.04441286452673363,0.05031283778458539,0.0055871354732663706,0.0003128377845853861,0.0003128377845853861,1.5971030376097817,5.094880969670122,0.6261336785737983,0.9331867244885301,0,PASS
llama,opd,40,E_general,14,self_attn.o_proj,0.1,8,displacement_rank,/root/autodl-tmp/cycle09_stage4_state_displacement/cells/llama/opd/step_040/E_general.L14.main.direction.pt,activation_conditioned_update_displacement_singular_values,128,0.09213075095581746,0.1084992766327008,0.007869249044182541,0.008499276632700795,0.007869249044182541,1.5971030376097817,5.094880969670122,0.6261336785737983,0.9331867244885301,0,PASS
llama,opd,40,E_general,14,mlp.gate_proj,0.01,26,displacement_rank,/root/autodl-tmp/cycle09_stage4_state_displacement/cells/llama/opd/step_040/E_general.L14.main.direction.pt,activation_conditioned_update_displacement_singular_values,128,0.008254569256571394,0.010072993994531616,0.001745430743428606,7.299399453161541e-05,7.299399453161541e-05,1.2320491722394262,2.831241082909564,0.8116559164455721,0.9392812422157895,0,PASS
llama,opd,40,E_general,14,mlp.gate_proj,0.025,19,displacement_rank,/root/autodl-tmp/cycle09_stage4_state_displacement/cells/llama/opd/step_040/E_general.L14.main.direction.pt,activation_conditioned_update_displacement_singular_values,128,0.023745346095583347,0.026527664758771666,0.001254653904416654,0.001527664758771665,0.001254653904416654,1.2320491722394262,2.831241082909564,0.8116559164455721,0.9392812422157895,0,PASS
llama,opd,40,E_general,14,mlp.gate_proj,0.05,13,displacement_rank,/root/autodl-tmp/cycle09_stage4_state_displacement/cells/llama/opd/step_040/E_general.L14.main.direction.pt,activation_conditioned_update_displacement_singular_values,128,0.04538281808669029,0.05031172431208347,0.0046171819133097106,0.0003117243120834695,0.0003117243120834695,1.2320491722394262,2.831241082909564,0.8116559164455721,0.9392812422157895,0,PASS
llama,opd,40,E_general,14,mlp.gate_proj,0.1,6,displacement_rank,/root/autodl-tmp/cycle09_stage4_state_displacement/cells/llama/opd/step_040/E_general.L14.main.direction.pt,activation_conditioned_update_displacement_singular_values,128,0.09139884775696211,0.10155050121520165,0.008601152243037896,0.001550501215201644,0.001550501215201644,1.2320491722394262,2.831241082909564,0.8116559164455721,0.9392812422157895,0,PASS
llama,opd,40,E_general,14,mlp.up_proj,0.01,23,displacement_rank,/root/autodl-tmp/cycle09_stage4_state_displacement/cells/llama/opd/step_040/E_general.L14.main.direction.pt,activation_conditioned_update_displacement_singular_values,128,0.009561700894367187,0.011168294673699931,0.0004382991056328129,0.0011682946736999312,0.0004382991056328129,1.1908088251439637,2.475149915676789,0.8397653585403217,0.9528661111180472,0,PASS
llama,opd,40,E_general,14,mlp.up_proj,0.025,16,displacement_rank,/root/autodl-tmp/cycle09_stage4_state_displacement/cells/llama/opd/step_040/E_general.L14.main.direction.pt,activation_conditioned_update_displacement_singular_values,128,0.024140423924381645,0.02701729746474635,0.0008595760756183561,0.0020172974647463503,0.0008595760756183561,1.1908088251439637,2.475149915676789,0.8397653585403217,0.9528661111180472,0,PASS
llama,opd,40,E_general,14,mlp.up_proj,0.05,10,displacement_rank,/root/autodl-tmp/cycle09_stage4_state_displacement/cells/llama/opd/step_040/E_general.L14.main.direction.pt,activation_conditioned_update_displacement_singular_values,128,0.04713388888195326,0.05279988929116765,0.0028661111180467436,0.0027998892911676454,0.0027998892911676454,1.1908088251439637,2.475149915676789,0.8397653585403217,0.9528661111180472,0,PASS
llama,opd,40,E_general,14,mlp.up_proj,0.1,4,displacement_rank,/root/autodl-tmp/cycle09_stage4_state_displacement/cells/llama/opd/step_040/E_general.L14.main.direction.pt,activation_conditioned_update_displacement_singular_values,128,0.09514850469309104,0.11061675075621843,0.004851495306908968,0.01061675075621843,0.004851495306908968,1.1908088251439637,2.475149915676789,0.8397653585403217,0.9528661111180472,0,PASS
llama,opd,40,E_general,14,mlp.down_proj,0.01,14,displacement_rank,/root/autodl-tmp/cycle09_stage4_state_displacement/cells/llama/opd/step_040/E_general.L14.main.direction.pt,activation_conditioned_update_displacement_singular_values,128,0.009571929570236273,0.01066582556912996,0.0004280704297637272,0.0006658255691299603,0.0004280704297637272,1.0703513993917775,1.5175493210858364,0.934272614179087,0.9851357301538469,0,PASS
llama,opd,40,E_general,14,mlp.down_proj,0.025,6,displacement_rank,/root/autodl-tmp/cycle09_stage4_state_displacement/cells/llama/opd/step_040/E_general.L14.main.direction.pt,activation_conditioned_update_displacement_singular_values,128,0.023904083434593177,0.027408682172436707,0.0010959165654068244,0.002408682172436706,0.0010959165654068244,1.0703513993917775,1.5175493210858364,0.934272614179087,0.9851357301538469,0,PASS
llama,opd,40,E_general,14,mlp.down_proj,0.05,2,displacement_rank,/root/autodl-tmp/cycle09_stage4_state_displacement/cells/llama/opd/step_040/E_general.L14.main.direction.pt,activation_conditioned_update_displacement_singular_values,128,0.0467742766421306,0.06572738582091316,0.0032257233578694006,0.015727385820913153,0.0032257233578694006,1.0703513993917775,1.5175493210858364,0.934272614179087,0.9851357301538469,0,PASS
llama,opd,40,E_general,14,mlp.down_proj,0.1,1,displacement_rank,/root/autodl-tmp/cycle09_stage4_state_displacement/cells/llama/opd/step_040/E_general.L14.main.direction.pt,activation_conditioned_update_displacement_singular_values,128,0.06572738582091316,0.9999999999999999,0.03427261417908685,0.8999999999999999,0.03427261417908685,1.0703513993917775,1.5175493210858364,0.934272614179087,0.9851357301538469,0,PASS
llama,opd,40,E_math,14,self_attn.q_proj,0.01,9,displacement_rank,/root/autodl-tmp/cycle09_stage4_state_displacement/cells/llama/opd/step_040/E_math.L14.main.direction.pt,activation_conditioned_update_displacement_singular_values,128,0.009130968795981562,0.010368139711941655,0.0008690312040184386,0.0003681397119416549,0.0003681397119416549,1.0290645469351911,1.234632190090497,0.9717563421830511,0.9919318220741343,0,PASS
llama,opd,40,E_math,14,self_attn.q_proj,0.025,2,displacement_rank,/root/autodl-tmp/cycle09_stage4_state_displacement/cells/llama/opd/step_040/E_math.L14.main.direction.pt,activation_conditioned_update_displacement_singular_values,128,0.023701029024160394,0.028243657816948944,0.001298970975839607,0.003243657816948943,0.001298970975839607,1.0290645469351911,1.234632190090497,0.9717563421830511,0.9919318220741343,0,PASS
llama,opd,40,E_math,14,self_attn.q_proj,0.05,1,displacement_rank,/root/autodl-tmp/cycle09_stage4_state_displacement/cells/llama/opd/step_040/E_math.L14.main.direction.pt,activation_conditioned_update_displacement_singular_values,128,0.028243657816948944,1.0,0.02175634218305106,0.95,0.02175634218305106,1.0290645469351911,1.234632190090497,0.9717563421830511,0.9919318220741343,0,PASS
llama,opd,40,E_math,14,self_attn.q_proj,0.1,1,displacement_rank,/root/autodl-tmp/cycle09_stage4_state_displacement/cells/llama/opd/step_040/E_math.L14.main.direction.pt,activation_conditioned_update_displacement_singular_values,128,0.028243657816948944,1.0,0.07175634218305106,0.9,0.07175634218305106,1.0290645469351911,1.234632190090497,0.9717563421830511,0.9919318220741343,0,PASS
llama,opd,40,E_math,14,self_attn.k_proj,0.01,18,displacement_rank,/root/autodl-tmp/cycle09_stage4_state_displacement/cells/llama/opd/step_040/E_math.L14.main.direction.pt,activation_conditioned_update_displacement_singular_values,128,0.009451959179125332,0.010712510783351106,0.0005480408208746682,0.0007125107833511057,0.0005480408208746682,1.12925688898239,1.9455188931915341,0.8855381001050456,0.9746095520437655,0,PASS
llama,opd,40,E_math,14,self_attn.k_proj,0.025,11,displacement_rank,/root/autodl-tmp/cycle09_stage4_state_displacement/cells/llama/opd/step_040/E_math.L14.main.direction.pt,activation_conditioned_update_displacement_singular_values,128,0.02251331622852557,0.025390447956234484,0.002486683771474433,0.0003904479562344826,0.0003904479562344826,1.12925688898239,1.9455188931915341,0.8855381001050456,0.9746095520437655,0,PASS
llama,opd,40,E_math,14,self_attn.k_proj,0.05,6,displacement_rank,/root/autodl-tmp/cycle09_stage4_state_displacement/cells/llama/opd/step_040/E_math.L14.main.direction.pt,activation_conditioned_update_displacement_singular_values,128,0.044612971941818715,0.051752845375107395,0.005387028058181288,0.0017528453751073925,0.0017528453751073925,1.12925688898239,1.9455188931915341,0.8855381001050456,0.9746095520437655,0,PASS
llama,opd,40,E_math,14,self_attn.k_proj,0.1,2,displacement_rank,/root/autodl-tmp/cycle09_stage4_state_displacement/cells/llama/opd/step_040/E_math.L14.main.direction.pt,activation_conditioned_update_displacement_singular_values,128,0.08620496572686702,0.1144618998949544,0.013795034273132986,0.014461899894954389,0.013795034273132986,1.12925688898239,1.9455188931915341,0.8855381001050456,0.9746095520437655,0,PASS
llama,opd,40,E_math,14,self_attn.v_proj,0.01,9,displacement_rank,/root/autodl-tmp/cycle09_stage4_state_displacement/cells/llama/opd/step_040/E_math.L14.main.direction.pt,activation_conditioned_update_displacement_singular_values,128,0.009411708520723424,0.010786725798292542,0.0005882914792765762,0.0007867257982925417,0.0005882914792765762,1.056439110872233,1.3992920455652933,0.9465760872620145,0.9916373934200864,0,PASS
llama,opd,40,E_math,14,self_attn.v_proj,0.025,4,displacement_rank,/root/autodl-tmp/cycle09_stage4_state_displacement/cells/llama/opd/step_040/E_math.L14.main.direction.pt,activation_conditioned_update_displacement_singular_values,128,0.02028524568426398,0.028061622835802883,0.004714754315736022,0.0030616228358028817,0.0030616228358028817,1.056439110872233,1.3992920455652933,0.9465760872620145,0.9916373934200864,0,PASS
llama,opd,40,E_math,14,self_attn.v_proj,0.05,2,displacement_rank,/root/autodl-tmp/cycle09_stage4_state_displacement/cells/llama/opd/step_040/E_math.L14.main.direction.pt,activation_conditioned_update_displacement_singular_values,128,0.03617022016705079,0.053423912737985454,0.01382977983294921,0.0034239127379854517,0.0034239127379854517,1.056439110872233,1.3992920455652933,0.9465760872620145,0.9916373934200864,0,PASS
llama,opd,40,E_math,14,self_attn.v_proj,0.1,1,displacement_rank,/root/autodl-tmp/cycle09_stage4_state_displacement/cells/llama/opd/step_040/E_math.L14.main.direction.pt,activation_conditioned_update_displacement_singular_values,128,0.053423912737985454,1.0,0.04657608726201455,0.9,0.04657608726201455,1.056439110872233,1.3992920455652933,0.9465760872620145,0.9916373934200864,0,PASS
llama,opd,40,E_math,14,self_attn.o_proj,0.01,10,displacement_rank,/root/autodl-tmp/cycle09_stage4_state_displacement/cells/llama/opd/step_040/E_math.L14.main.direction.pt,activation_conditioned_update_displacement_singular_values,128,0.009629162979071071,0.010994349069086657,0.0003708370209289293,0.0009943490690866568,0.0003708370209289293,1.0825402868124414,1.5507451213218788,0.9237531500509024,0.9903708370209289,0,PASS
llama,opd,40,E_math,14,self_attn.o_proj,0.025,5,displacement_rank,/root/autodl-tmp/cycle09_stage4_state_displacement/cells/llama/opd/step_040/E_math.L14.main.direction.pt,activation_conditioned_update_displacement_singular_values,128,0.021326416291271775,0.025332300346900347,0.0036735837087282265,0.0003323003469003459,0.0003323003469003459,1.0825402868124414,1.5507451213218788,0.9237531500509024,0.9903708370209289,0,PASS
llama,opd,40,E_math,14,self_attn.o_proj,0.05,2,displacement_rank,/root/autodl-tmp/cycle09_stage4_state_displacement/cells/llama/opd/step_040/E_math.L14.main.direction.pt,activation_conditioned_update_displacement_singular_values,128,0.0474001754365935,0.07624684994909763,0.0025998245634065026,0.026246849949097623,0.0025998245634065026,1.0825402868124414,1.5507451213218788,0.9237531500509024,0.9903708370209289,0,PASS
llama,opd,40,E_math,14,self_attn.o_proj,0.1,1,displacement_rank,/root/autodl-tmp/cycle09_stage4_state_displacement/cells/llama/opd/step_040/E_math.L14.main.direction.pt,activation_conditioned_update_displacement_singular_values,128,0.07624684994909763,0.9999999999999999,0.02375315005090238,0.8999999999999999,0.02375315005090238,1.0825402868124414,1.5507451213218788,0.9237531500509024,0.9903708370209289,0,PASS
llama,opd,40,E_math,14,mlp.gate_proj,0.01,19,displacement_rank,/root/autodl-tmp/cycle09_stage4_state_displacement/cells/llama/opd/step_040/E_math.L14.main.direction.pt,activation_conditioned_update_displacement_singular_values,128,0.009308514022588728,0.010549768021467865,0.0006914859774112721,0.0005497680214678648,0.0005497680214678648,1.1156997787606058,1.8456853934229365,0.8962984658031099,0.9745382419781518,0,PASS
llama,opd,40,E_math,14,mlp.gate_proj,0.025,11,displacement_rank,/root/autodl-tmp/cycle09_stage4_state_displacement/cells/llama/opd/step_040/E_math.L14.main.direction.pt,activation_conditioned_update_displacement_singular_values,128,0.022850261467151307,0.025461758021848347,0.002149738532848694,0.00046175802184834566,0.00046175802184834566,1.1156997787606058,1.8456853934229365,0.8962984658031099,0.9745382419781518,0,PASS
llama,opd,40,E_math,14,mlp.gate_proj,0.05,5,displacement_rank,/root/autodl-tmp/cycle09_stage4_state_displacement/cells/llama/opd/step_040/E_math.L14.main.direction.pt,activation_conditioned_update_displacement_singular_values,128,0.04602105272680274,0.052405440145895765,0.00397894727319726,0.0024054401458957625,0.0024054401458957625,1.1156997787606058,1.8456853934229365,0.8962984658031099,0.9745382419781518,0,PASS
llama,opd,40,E_math,14,mlp.gate_proj,0.1,2,displacement_rank,/root/autodl-tmp/cycle09_stage4_state_displacement/cells/llama/opd/step_040/E_math.L14.main.direction.pt,activation_conditioned_update_displacement_singular_values,128,0.07355490904594468,0.10370153419689018,0.026445090954055325,0.003701534196890177,0.003701534196890177,1.1156997787606058,1.8456853934229365,0.8962984658031099,0.9745382419781518,0,PASS
llama,opd,40,E_math,14,mlp.up_proj,0.01,11,displacement_rank,/root/autodl-tmp/cycle09_stage4_state_displacement/cells/llama/opd/step_040/E_math.L14.main.direction.pt,activation_conditioned_update_displacement_singular_values,128,0.00892616791977273,0.010032887332227739,0.0010738320802272695,3.2887332227738916e-05,3.2887332227738916e-05,1.0461077731828556,1.3461897390986342,0.9559244521789857,0.9899671126677718,0,PASS
llama,opd,40,E_math,14,mlp.up_proj,0.025,4,displacement_rank,/root/autodl-tmp/cycle09_stage4_state_displacement/cells/llama/opd/step_040/E_math.L14.main.direction.pt,activation_conditioned_update_displacement_singular_values,128,0.02201667209410903,0.025800484662984784,0.0029833279058909708,0.0008004846629847823,0.0008004846629847823,1.0461077731828556,1.3461897390986342,0.9559244521789857,0.9899671126677718,0,PASS
llama,opd,40,E_math,14,mlp.up_proj,0.05,1,displacement_rank,/root/autodl-tmp/cycle09_stage4_state_displacement/cells/llama/opd/step_040/E_math.L14.main.direction.pt,activation_conditioned_update_displacement_singular_values,128,0.04407554782101394,0.9999999999999994,0.005924452178986066,0.9499999999999994,0.005924452178986066,1.0461077731828556,1.3461897390986342,0.9559244521789857,0.9899671126677718,0,PASS
llama,opd,40,E_math,14,mlp.up_proj,0.1,1,displacement_rank,/root/autodl-tmp/cycle09_stage4_state_displacement/cells/llama/opd/step_040/E_math.L14.main.direction.pt,activation_conditioned_update_displacement_singular_values,128,0.04407554782101394,0.9999999999999994,0.05592445217898607,0.8999999999999995,0.05592445217898607,1.0461077731828556,1.3461897390986342,0.9559244521789857,0.9899671126677718,0,PASS
llama,opd,40,E_math,14,mlp.down_proj,0.01,2,displacement_rank,/root/autodl-tmp/cycle09_stage4_state_displacement/cells/llama/opd/step_040/E_math.L14.main.direction.pt,activation_conditioned_update_displacement_singular_values,128,0.00812454768240811,0.012577375552911933,0.00187545231759189,0.002577375552911933,0.00187545231759189,1.0127375808914192,1.1032791457832727,0.9874226244470877,0.9977492930703801,0,PASS
llama,opd,40,E_math,14,mlp.down_proj,0.025,1,displacement_rank,/root/autodl-tmp/cycle09_stage4_state_displacement/cells/llama/opd/step_040/E_math.L14.main.direction.pt,activation_conditioned_update_displacement_singular_values,128,0.012577375552911933,0.9999999999999998,0.012422624447088068,0.9749999999999998,0.012422624447088068,1.0127375808914192,1.1032791457832727,0.9874226244470877,0.9977492930703801,0,PASS
llama,opd,40,E_math,14,mlp.down_proj,0.05,1,displacement_rank,/root/autodl-tmp/cycle09_stage4_state_displacement/cells/llama/opd/step_040/E_math.L14.main.direction.pt,activation_conditioned_update_displacement_singular_values,128,0.012577375552911933,0.9999999999999998,0.03742262444708807,0.9499999999999997,0.03742262444708807,1.0127375808914192,1.1032791457832727,0.9874226244470877,0.9977492930703801,0,PASS
llama,opd,40,E_math,14,mlp.down_proj,0.1,1,displacement_rank,/root/autodl-tmp/cycle09_stage4_state_displacement/cells/llama/opd/step_040/E_math.L14.main.direction.pt,activation_conditioned_update_displacement_singular_values,128,0.012577375552911933,0.9999999999999998,0.08742262444708807,0.8999999999999998,0.08742262444708807,1.0127375808914192,1.1032791457832727,0.9874226244470877,0.9977492930703801,0,PASS
llama,opd,40,E_ood,14,self_attn.q_proj,0.01,9,displacement_rank,/root/autodl-tmp/cycle09_stage4_state_displacement/cells/llama/opd/step_040/E_ood.L14.main.direction.pt,activation_conditioned_update_displacement_singular_values,128,0.009185257481418782,0.01035141829770231,0.0008147425185812181,0.0003514182977023099,0.0003514182977023099,1.0299012112663066,1.2402854925089113,0.9709669131959349,0.9918319045433214,0,PASS
llama,opd,40,E_ood,14,self_attn.q_proj,0.025,2,displacement_rank,/root/autodl-tmp/cycle09_stage4_state_displacement/cells/llama/opd/step_040/E_ood.L14.main.direction.pt,activation_conditioned_update_displacement_singular_values,128,0.023473127611116362,0.029033086804065182,0.0015268723888836391,0.004033086804065181,0.0015268723888836391,1.0299012112663066,1.2402854925089113,0.9709669131959349,0.9918319045433214,0,PASS
llama,opd,40,E_ood,14,self_attn.q_proj,0.05,1,displacement_rank,/root/autodl-tmp/cycle09_stage4_state_displacement/cells/llama/opd/step_040/E_ood.L14.main.direction.pt,activation_conditioned_update_displacement_singular_values,128,0.029033086804065182,1.0000000000000002,0.02096691319593482,0.9500000000000002,0.02096691319593482,1.0299012112663066,1.2402854925089113,0.9709669131959349,0.9918319045433214,0,PASS
llama,opd,40,E_ood,14,self_attn.q_proj,0.1,1,displacement_rank,/root/autodl-tmp/cycle09_stage4_state_displacement/cells/llama/opd/step_040/E_ood.L14.main.direction.pt,activation_conditioned_update_displacement_singular_values,128,0.029033086804065182,1.0000000000000002,0.07096691319593482,0.9000000000000002,0.07096691319593482,1.0299012112663066,1.2402854925089113,0.9709669131959349,0.9918319045433214,0,PASS
llama,opd,40,E_ood,14,self_attn.k_proj,0.01,21,displacement_rank,/root/autodl-tmp/cycle09_stage4_state_displacement/cells/llama/opd/step_040/E_ood.L14.main.direction.pt,activation_conditioned_update_displacement_singular_values,128,0.009314541160972956,0.010683358214337123,0.0006854588390270439,0.0006833582143371229,0.0006833582143371229,1.2018353145667189,2.4732886561810927,0.8320607556456403,0.9627515008709675,0,PASS
llama,opd,40,E_ood,14,self_attn.k_proj,0.025,14,displacement_rank,/root/autodl-tmp/cycle09_stage4_state_displacement/cells/llama/opd/step_040/E_ood.L14.main.direction.pt,activation_conditioned_update_displacement_singular_values,128,0.022219247143981966,0.02538380600509364,0.002780752856018035,0.00038380600509363774,0.00038380600509363774,1.2018353145667189,2.4732886561810927,0.8320607556456403,0.9627515008709675,0,PASS
llama,opd,40,E_ood,14,self_attn.k_proj,0.05,8,displacement_rank,/root/autodl-tmp/cycle09_stage4_state_displacement/cells/llama/opd/step_040/E_ood.L14.main.direction.pt,activation_conditioned_update_displacement_singular_values,128,0.04801820015172858,0.05464271415537719,0.0019817998482714247,0.0046427141553771895,0.0019817998482714247,1.2018353145667189,2.4732886561810927,0.8320607556456403,0.9627515008709675,0,PASS
llama,opd,40,E_ood,14,self_attn.k_proj,0.1,4,displacement_rank,/root/autodl-tmp/cycle09_stage4_state_displacement/cells/llama/opd/step_040/E_ood.L14.main.direction.pt,activation_conditioned_update_displacement_singular_values,128,0.08646153730674587,0.10413592290902465,0.013538462693254136,0.004135922909024647,0.004135922909024647,1.2018353145667189,2.4732886561810927,0.8320607556456403,0.9627515008709675,0,PASS
llama,opd,40,E_ood,14,self_attn.v_proj,0.01,9,displacement_rank,/root/autodl-tmp/cycle09_stage4_state_displacement/cells/llama/opd/step_040/E_ood.L14.main.direction.pt,activation_conditioned_update_displacement_singular_values,128,0.009549060794853551,0.010982611585715348,0.00045093920514644933,0.0009826115857153473,0.00045093920514644933,1.0607779213406998,1.4221758935544584,0.9427043869240004,0.9915448075256498,0,PASS
llama,opd,40,E_ood,14,self_attn.v_proj,0.025,4,displacement_rank,/root/autodl-tmp/cycle09_stage4_state_displacement/cells/llama/opd/step_040/E_ood.L14.main.direction.pt,activation_conditioned_update_displacement_singular_values,128,0.020705844314256847,0.027543702834615044,0.004294155685743154,0.002543702834615042,0.002543702834615042,1.0607779213406998,1.4221758935544584,0.9427043869240004,0.9915448075256498,0,PASS
llama,opd,40,E_ood,14,self_attn.v_proj,0.05,2,displacement_rank,/root/autodl-tmp/cycle09_stage4_state_displacement/cells/llama/opd/step_040/E_ood.L14.main.direction.pt,activation_conditioned_update_displacement_singular_values,128,0.03683691256235543,0.0572956130759994,0.01316308743764457,0.007295613075999401,0.007295613075999401,1.0607779213406998,1.4221758935544584,0.9427043869240004,0.9915448075256498,0,PASS
llama,opd,40,E_ood,14,self_attn.v_proj,0.1,1,displacement_rank,/root/autodl-tmp/cycle09_stage4_state_displacement/cells/llama/opd/step_040/E_ood.L14.main.direction.pt,activation_conditioned_update_displacement_singular_values,128,0.0572956130759994,0.9999999999999999,0.0427043869240006,0.8999999999999999,0.0427043869240006,1.0607779213406998,1.4221758935544584,0.9427043869240004,0.9915448075256498,0,PASS
llama,opd,40,E_ood,14,self_attn.o_proj,0.01,17,displacement_rank,/root/autodl-tmp/cycle09_stage4_state_displacement/cells/llama/opd/step_040/E_ood.L14.main.direction.pt,activation_conditioned_update_displacement_singular_values,128,0.009234440016817001,0.010412281679524968,0.0007655599831829993,0.000412281679524968,0.000412281679524968,1.1644446492139737,2.1287078519544704,0.858778474936548,0.9776878241597252,0,PASS
llama,opd,40,E_ood,14,self_attn.o_proj,0.025,10,displacement_rank,/root/autodl-tmp/cycle09_stage4_state_displacement/cells/llama/opd/step_040/E_ood.L14.main.direction.pt,activation_conditioned_update_displacement_singular_values,128,0.022312175840274874,0.025094930227246705,0.0026878241597251273,9.493022724670411e-05,9.493022724670411e-05,1.1644446492139737,2.1287078519544704,0.858778474936548,0.9776878241597252,0,PASS
llama,opd,40,E_ood,14,self_attn.o_proj,0.05,6,displacement_rank,/root/autodl-tmp/cycle09_stage4_state_displacement/cells/llama/opd/step_040/E_ood.L14.main.direction.pt,activation_conditioned_update_displacement_singular_values,128,0.04139085456782088,0.05040375346621752,0.008609145432179124,0.00040375346621751573,0.00040375346621751573,1.1644446492139737,2.1287078519544704,0.858778474936548,0.9776878241597252,0,PASS
llama,opd,40,E_ood,14,self_attn.o_proj,0.1,2,displacement_rank,/root/autodl-tmp/cycle09_stage4_state_displacement/cells/llama/opd/step_040/E_ood.L14.main.direction.pt,activation_conditioned_update_displacement_singular_values,128,0.0982006883522266,0.14122152506345206,0.0017993116477734022,0.04122152506345206,0.0017993116477734022,1.1644446492139737,2.1287078519544704,0.858778474936548,0.9776878241597252,0,PASS
llama,opd,40,E_ood,14,mlp.gate_proj,0.01,21,displacement_rank,/root/autodl-tmp/cycle09_stage4_state_displacement/cells/llama/opd/step_040/E_ood.L14.main.direction.pt,activation_conditioned_update_displacement_singular_values,128,0.009010687855930817,0.010254739359103511,0.0009893121440691828,0.00025473935910351117,0.00025473935910351117,1.1334810583777255,1.9989620598883135,0.8822379453179677,0.9688878639705069,0,PASS
llama,opd,40,E_ood,14,mlp.gate_proj,0.025,13,displacement_rank,/root/autodl-tmp/cycle09_stage4_state_displacement/cells/llama/opd/step_040/E_ood.L14.main.direction.pt,activation_conditioned_update_displacement_singular_values,128,0.022494803603296573,0.025060400563405635,0.0025051963967034283,6.0400563405633295e-05,6.0400563405633295e-05,1.1334810583777255,1.9989620598883135,0.8822379453179677,0.9688878639705069,0,PASS
llama,opd,40,E_ood,14,mlp.gate_proj,0.05,6,displacement_rank,/root/autodl-tmp/cycle09_stage4_state_displacement/cells/llama/opd/step_040/E_ood.L14.main.direction.pt,activation_conditioned_update_displacement_singular_values,128,0.04923324165030916,0.05536053633132831,0.000766758349690845,0.005360536331328304,0.000766758349690845,1.1334810583777255,1.9989620598883135,0.8822379453179677,0.9688878639705069,0,PASS
llama,opd,40,E_ood,14,mlp.gate_proj,0.1,2,displacement_rank,/root/autodl-tmp/cycle09_stage4_state_displacement/cells/llama/opd/step_040/E_ood.L14.main.direction.pt,activation_conditioned_update_displacement_singular_values,128,0.09110521194409398,0.11776205468203214,0.00889478805590603,0.01776205468203214,0.00889478805590603,1.1334810583777255,1.9989620598883135,0.8822379453179677,0.9688878639705069,0,PASS
llama,opd,40,E_ood,14,mlp.up_proj,0.01,14,displacement_rank,/root/autodl-tmp/cycle09_stage4_state_displacement/cells/llama/opd/step_040/E_ood.L14.main.direction.pt,activation_conditioned_update_displacement_singular_values,128,0.009478919209484528,0.010756692925335246,0.0005210807905154727,0.0007566929253352457,0.0005210807905154727,1.0657916891612789,1.4876284267372843,0.9382696545391027,0.984954782352865,0,PASS
llama,opd,40,E_ood,14,mlp.up_proj,0.025,6,displacement_rank,/root/autodl-tmp/cycle09_stage4_state_displacement/cells/llama/opd/step_040/E_ood.L14.main.direction.pt,activation_conditioned_update_displacement_singular_values,128,0.023778353989736194,0.02677442675547213,0.001221646010263807,0.0017744267554721284,0.001221646010263807,1.0657916891612789,1.4876284267372843,0.9382696545391027,0.984954782352865,0,PASS
llama,opd,40,E_ood,14,mlp.up_proj,0.05,2,displacement_rank,/root/autodl-tmp/cycle09_stage4_state_displacement/cells/llama/opd/step_040/E_ood.L14.main.direction.pt,activation_conditioned_update_displacement_singular_values,128,0.044297832931981515,0.06173034546089719,0.005702167068018488,0.011730345460897185,0.005702167068018488,1.0657916891612789,1.4876284267372843,0.9382696545391027,0.984954782352865,0,PASS
llama,opd,40,E_ood,14,mlp.up_proj,0.1,1,displacement_rank,/root/autodl-tmp/cycle09_stage4_state_displacement/cells/llama/opd/step_040/E_ood.L14.main.direction.pt,activation_conditioned_update_displacement_singular_values,128,0.06173034546089719,0.9999999999999998,0.03826965453910282,0.8999999999999998,0.03826965453910282,1.0657916891612789,1.4876284267372843,0.9382696545391027,0.984954782352865,0,PASS
llama,opd,40,E_ood,14,mlp.down_proj,0.01,5,displacement_rank,/root/autodl-tmp/cycle09_stage4_state_displacement/cells/llama/opd/step_040/E_ood.L14.main.direction.pt,activation_conditioned_update_displacement_singular_values,128,0.009823006373746545,0.011665131439711278,0.00017699362625345563,0.001665131439711278,0.00017699362625345563,1.0278309266446937,1.2107999679415422,0.9729226607964148,0.9948513198971918,0,PASS
llama,opd,40,E_ood,14,mlp.down_proj,0.025,2,displacement_rank,/root/autodl-tmp/cycle09_stage4_state_displacement/cells/llama/opd/step_040/E_ood.L14.main.direction.pt,activation_conditioned_update_displacement_singular_values,128,0.017373865313940227,0.027077339203585266,0.007626134686059775,0.002077339203585264,0.002077339203585264,1.0278309266446937,1.2107999679415422,0.9729226607964148,0.9948513198971918,0,PASS
llama,opd,40,E_ood,14,mlp.down_proj,0.05,1,displacement_rank,/root/autodl-tmp/cycle09_stage4_state_displacement/cells/llama/opd/step_040/E_ood.L14.main.direction.pt,activation_conditioned_update_displacement_singular_values,128,0.027077339203585266,0.9999999999999999,0.022922660796414737,0.9499999999999998,0.022922660796414737,1.0278309266446937,1.2107999679415422,0.9729226607964148,0.9948513198971918,0,PASS
llama,opd,40,E_ood,14,mlp.down_proj,0.1,1,displacement_rank,/root/autodl-tmp/cycle09_stage4_state_displacement/cells/llama/opd/step_040/E_ood.L14.main.direction.pt,activation_conditioned_update_displacement_singular_values,128,0.027077339203585266,0.9999999999999999,0.07292266079641474,0.8999999999999999,0.07292266079641474,1.0278309266446937,1.2107999679415422,0.9729226607964148,0.9948513198971918,0,PASS
llama,opd,40,E_if,14,self_attn.q_proj,0.01,12,displacement_rank,/root/autodl-tmp/cycle09_stage4_state_displacement/cells/llama/opd/step_040/E_if.L14.main.direction.pt,activation_conditioned_update_displacement_singular_values,128,0.009678277801829628,0.010790379118762912,0.00032172219817037245,0.0007903791187629117,0.00032172219817037245,1.0441719552395872,1.3467033949656724,0.9576966657474996,0.9879876430689146,0,PASS
llama,opd,40,E_if,14,self_attn.q_proj,0.025,4,displacement_rank,/root/autodl-tmp/cycle09_stage4_state_displacement/cells/llama/opd/step_040/E_if.L14.main.direction.pt,activation_conditioned_update_displacement_singular_values,128,0.02465142090993177,0.02919868703434626,0.0003485790900682323,0.004198687034346258,0.0003485790900682323,1.0441719552395872,1.3467033949656724,0.9576966657474996,0.9879876430689146,0,PASS
llama,opd,40,E_if,14,self_attn.q_proj,0.05,1,displacement_rank,/root/autodl-tmp/cycle09_stage4_state_displacement/cells/llama/opd/step_040/E_if.L14.main.direction.pt,activation_conditioned_update_displacement_singular_values,128,0.042303334252500116,0.9999999999999997,0.007696665747499887,0.9499999999999996,0.007696665747499887,1.0441719552395872,1.3467033949656724,0.9576966657474996,0.9879876430689146,0,PASS
llama,opd,40,E_if,14,self_attn.q_proj,0.1,1,displacement_rank,/root/autodl-tmp/cycle09_stage4_state_displacement/cells/llama/opd/step_040/E_if.L14.main.direction.pt,activation_conditioned_update_displacement_singular_values,128,0.042303334252500116,0.9999999999999997,0.05769666574749989,0.8999999999999997,0.05769666574749989,1.0441719552395872,1.3467033949656724,0.9576966657474996,0.9879876430689146,0,PASS
llama,opd,40,E_if,14,self_attn.k_proj,0.01,23,displacement_rank,/root/autodl-tmp/cycle09_stage4_state_displacement/cells/llama/opd/step_040/E_if.L14.main.direction.pt,activation_conditioned_update_displacement_singular_values,128,0.009731820122606679,0.011338111275932173,0.0002681798773933215,0.0013381112759321724,0.0002681798773933215,1.2901045727116403,3.126459682171283,0.7751309631420991,0.9480988547889764,0,PASS
llama,opd,40,E_if,14,self_attn.k_proj,0.025,16,displacement_rank,/root/autodl-tmp/cycle09_stage4_state_displacement/cells/llama/opd/step_040/E_if.L14.main.direction.pt,activation_conditioned_update_displacement_singular_values,128,0.024830058621398286,0.028125546387760283,0.0001699413786017158,0.003125546387760282,0.0001699413786017158,1.2901045727116403,3.126459682171283,0.7751309631420991,0.9480988547889764,0,PASS
llama,opd,40,E_if,14,self_attn.k_proj,0.05,11,displacement_rank,/root/autodl-tmp/cycle09_stage4_state_displacement/cells/llama/opd/step_040/E_if.L14.main.direction.pt,activation_conditioned_update_displacement_singular_values,128,0.04591002773508886,0.051901145211023646,0.004089972264911146,0.001901145211023643,0.001901145211023643,1.2901045727116403,3.126459682171283,0.7751309631420991,0.9480988547889764,0,PASS
llama,opd,40,E_if,14,self_attn.k_proj,0.1,5,displacement_rank,/root/autodl-tmp/cycle09_stage4_state_displacement/cells/llama/opd/step_040/E_if.L14.main.direction.pt,activation_conditioned_update_displacement_singular_values,128,0.09892679323339455,0.11355494899535434,0.0010732067666054529,0.013554948995354338,0.0010732067666054529,1.2901045727116403,3.126459682171283,0.7751309631420991,0.9480988547889764,0,PASS
llama,opd,40,E_if,14,self_attn.v_proj,0.01,9,displacement_rank,/root/autodl-tmp/cycle09_stage4_state_displacement/cells/llama/opd/step_040/E_if.L14.main.direction.pt,activation_conditioned_update_displacement_singular_values,128,0.009007454963443262,0.010201834948689717,0.0009925450365567377,0.00020183494868971676,0.00020183494868971676,1.0435927032895445,1.3235554702524035,0.9582282406228652,0.9919733848909424,0,PASS
llama,opd,40,E_if,14,self_attn.v_proj,0.025,3,displacement_rank,/root/autodl-tmp/cycle09_stage4_state_displacement/cells/llama/opd/step_040/E_if.L14.main.direction.pt,activation_conditioned_update_displacement_singular_values,128,0.024059475636121482,0.031410718044573765,0.0009405243638785192,0.006410718044573764,0.0009405243638785192,1.0435927032895445,1.3235554702524035,0.9582282406228652,0.9919733848909424,0,PASS
llama,opd,40,E_if,14,self_attn.v_proj,0.05,1,displacement_rank,/root/autodl-tmp/cycle09_stage4_state_displacement/cells/llama/opd/step_040/E_if.L14.main.direction.pt,activation_conditioned_update_displacement_singular_values,128,0.041771759377134704,1.0,0.008228240622865299,0.95,0.008228240622865299,1.0435927032895445,1.3235554702524035,0.9582282406228652,0.9919733848909424,0,PASS
llama,opd,40,E_if,14,self_attn.v_proj,0.1,1,displacement_rank,/root/autodl-tmp/cycle09_stage4_state_displacement/cells/llama/opd/step_040/E_if.L14.main.direction.pt,activation_conditioned_update_displacement_singular_values,128,0.041771759377134704,1.0,0.0582282406228653,0.9,0.0582282406228653,1.0435927032895445,1.3235554702524035,0.9582282406228652,0.9919733848909424,0,PASS
llama,opd,40,E_if,14,self_attn.o_proj,0.01,18,displacement_rank,/root/autodl-tmp/cycle09_stage4_state_displacement/cells/llama/opd/step_040/E_if.L14.main.direction.pt,activation_conditioned_update_displacement_singular_values,128,0.008909060124382567,0.01006844156675557,0.0010909398756174336,6.844156675557024e-05,6.844156675557024e-05,1.2149022750175706,2.354065364711833,0.8231114720610243,0.9753059048101604,0,PASS
llama,opd,40,E_if,14,self_attn.o_proj,0.025,10,displacement_rank,/root/autodl-tmp/cycle09_stage4_state_displacement/cells/llama/opd/step_040/E_if.L14.main.direction.pt,activation_conditioned_update_displacement_singular_values,128,0.02469409518983951,0.028203882297080745,0.00030590481016049,0.0032038822970807436,0.00030590481016049,1.2149022750175706,2.354065364711833,0.8231114720610243,0.9753059048101604,0,PASS
llama,opd,40,E_if,14,self_attn.o_proj,0.05,6,displacement_rank,/root/autodl-tmp/cycle09_stage4_state_displacement/cells/llama/opd/step_040/E_if.L14.main.direction.pt,activation_conditioned_update_displacement_singular_values,128,0.04448365207698971,0.052455331881831595,0.005516347923010291,0.002455331881831592,0.002455331881831592,1.2149022750175706,2.354065364711833,0.8231114720610243,0.9753059048101604,0,PASS
llama,opd,40,E_if,14,self_attn.o_proj,0.1,2,displacement_rank,/root/autodl-tmp/cycle09_stage4_state_displacement/cells/llama/opd/step_040/E_if.L14.main.direction.pt,activation_conditioned_update_displacement_singular_values,128,0.09931714231223271,0.17688852793897566,0.0006828576877672965,0.07688852793897566,0.0006828576877672965,1.2149022750175706,2.354065364711833,0.8231114720610243,0.9753059048101604,0,PASS
llama,opd,40,E_if,14,mlp.gate_proj,0.01,24,displacement_rank,/root/autodl-tmp/cycle09_stage4_state_displacement/cells/llama/opd/step_040/E_if.L14.main.direction.pt,activation_conditioned_update_displacement_singular_values,128,0.00898710150166982,0.010504818835896006,0.0010128984983301809,0.0005048188358960058,0.0005048188358960058,1.185348514802748,2.4313143680437475,0.8436337393702377,0.9528438008472642,0,PASS
llama,opd,40,E_if,14,mlp.gate_proj,0.025,17,displacement_rank,/root/autodl-tmp/cycle09_stage4_state_displacement/cells/llama/opd/step_040/E_if.L14.main.direction.pt,activation_conditioned_update_displacement_singular_values,128,0.022672465646851155,0.025248867070414713,0.002327534353148846,0.0002488670704147121,0.0002488670704147121,1.185348514802748,2.4313143680437475,0.8436337393702377,0.9528438008472642,0,PASS
llama,opd,40,E_if,14,mlp.gate_proj,0.05,10,displacement_rank,/root/autodl-tmp/cycle09_stage4_state_displacement/cells/llama/opd/step_040/E_if.L14.main.direction.pt,activation_conditioned_update_displacement_singular_values,128,0.04715619915273596,0.05257887013677727,0.002843800847264044,0.002578870136777267,0.002578870136777267,1.185348514802748,2.4313143680437475,0.8436337393702377,0.9528438008472642,0,PASS
llama,opd,40,E_if,14,mlp.gate_proj,0.1,4,displacement_rank,/root/autodl-tmp/cycle09_stage4_state_displacement/cells/llama/opd/step_040/E_if.L14.main.direction.pt,activation_conditioned_update_displacement_singular_values,128,0.0913307396934158,0.10502204120584872,0.0086692603065842,0.005022041205848718,0.005022041205848718,1.185348514802748,2.4313143680437475,0.8436337393702377,0.9528438008472642,0,PASS
llama,opd,40,E_if,14,mlp.up_proj,0.01,16,displacement_rank,/root/autodl-tmp/cycle09_stage4_state_displacement/cells/llama/opd/step_040/E_if.L14.main.direction.pt,activation_conditioned_update_displacement_singular_values,128,0.009287253137449169,0.010448314482876203,0.0007127468625508313,0.00044831448287620257,0.00044831448287620257,1.0719305204010157,1.551193780604722,0.9328962847572378,0.9812880722289361,0,PASS
llama,opd,40,E_if,14,mlp.up_proj,0.025,8,displacement_rank,/root/autodl-tmp/cycle09_stage4_state_displacement/cells/llama/opd/step_040/E_if.L14.main.direction.pt,activation_conditioned_update_displacement_singular_values,128,0.023651450855662295,0.02689995397158604,0.001348549144337706,0.0018999539715860402,0.001348549144337706,1.0719305204010157,1.551193780604722,0.9328962847572378,0.9812880722289361,0,PASS
llama,opd,40,E_if,14,mlp.up_proj,0.05,3,displacement_rank,/root/autodl-tmp/cycle09_stage4_state_displacement/cells/llama/opd/step_040/E_if.L14.main.direction.pt,activation_conditioned_update_displacement_singular_values,128,0.04534440408309913,0.054316950268546375,0.004655595916900873,0.004316950268546373,0.004316950268546373,1.0719305204010157,1.551193780604722,0.9328962847572378,0.9812880722289361,0,PASS
llama,opd,40,E_if,14,mlp.up_proj,0.1,1,displacement_rank,/root/autodl-tmp/cycle09_stage4_state_displacement/cells/llama/opd/step_040/E_if.L14.main.direction.pt,activation_conditioned_update_displacement_singular_values,128,0.06710371524276254,1.0000000000000004,0.032896284757237465,0.9000000000000005,0.032896284757237465,1.0719305204010157,1.551193780604722,0.9328962847572378,0.9812880722289361,0,PASS
llama,opd,40,E_if,14,mlp.down_proj,0.01,9,displacement_rank,/root/autodl-tmp/cycle09_stage4_state_displacement/cells/llama/opd/step_040/E_if.L14.main.direction.pt,activation_conditioned_update_displacement_singular_values,128,0.008885174320483474,0.010116562321451344,0.0011148256795165262,0.00011656232145134358,0.00011656232145134358,1.03847124873954,1.2921057884625373,0.9629539587290116,0.9920763232844614,0,PASS
llama,opd,40,E_if,14,mlp.down_proj,0.025,3,displacement_rank,/root/autodl-tmp/cycle09_stage4_state_displacement/cells/llama/opd/step_040/E_if.L14.main.direction.pt,activation_conditioned_update_displacement_singular_values,128,0.021720818248708678,0.026749880753673853,0.0032791817512913234,0.0017498807536738513,0.0017498807536738513,1.03847124873954,1.2921057884625373,0.9629539587290116,0.9920763232844614,0,PASS
llama,opd,40,E_if,14,mlp.down_proj,0.05,1,displacement_rank,/root/autodl-tmp/cycle09_stage4_state_displacement/cells/llama/opd/step_040/E_if.L14.main.direction.pt,activation_conditioned_update_displacement_singular_values,128,0.03704604127098851,1.0000000000000002,0.012953958729011492,0.9500000000000002,0.012953958729011492,1.03847124873954,1.2921057884625373,0.9629539587290116,0.9920763232844614,0,PASS
llama,opd,40,E_if,14,mlp.down_proj,0.1,1,displacement_rank,/root/autodl-tmp/cycle09_stage4_state_displacement/cells/llama/opd/step_040/E_if.L14.main.direction.pt,activation_conditioned_update_displacement_singular_values,128,0.03704604127098851,1.0000000000000002,0.0629539587290115,0.9000000000000002,0.0629539587290115,1.03847124873954,1.2921057884625373,0.9629539587290116,0.9920763232844614,0,PASS
llama,opd,80,E_general,14,self_attn.q_proj,0.01,16,displacement_rank,/root/autodl-tmp/cycle09_stage4_state_displacement/cells/llama/opd/step_080/E_general.L14.main.direction.pt,activation_conditioned_update_displacement_singular_values,128,0.00903679727035089,0.010233002128040672,0.00096320272964911,0.00023300212804067133,0.00023300212804067133,1.0623566337146164,1.4861914690701052,0.9413034834671465,0.9819150759549198,0,PASS
llama,opd,80,E_general,14,self_attn.q_proj,0.025,7,displacement_rank,/root/autodl-tmp/cycle09_stage4_state_displacement/cells/llama/opd/step_080/E_general.L14.main.direction.pt,activation_conditioned_update_displacement_singular_values,128,0.024661469824840552,0.02776601291878976,0.0003385301751594495,0.002766012918789758,0.0003385301751594495,1.0623566337146164,1.4861914690701052,0.9413034834671465,0.9819150759549198,0,PASS
llama,opd,80,E_general,14,self_attn.q_proj,0.05,2,displacement_rank,/root/autodl-tmp/cycle09_stage4_state_displacement/cells/llama/opd/step_080/E_general.L14.main.direction.pt,activation_conditioned_update_displacement_singular_values,128,0.048667867926558916,0.058696516532853224,0.0013321320734410863,0.008696516532853221,0.0013321320734410863,1.0623566337146164,1.4861914690701052,0.9413034834671465,0.9819150759549198,0,PASS
llama,opd,80,E_general,14,self_attn.q_proj,0.1,1,displacement_rank,/root/autodl-tmp/cycle09_stage4_state_displacement/cells/llama/opd/step_080/E_general.L14.main.direction.pt,activation_conditioned_update_displacement_singular_values,128,0.058696516532853224,0.9999999999999998,0.04130348346714678,0.8999999999999998,0.04130348346714678,1.0623566337146164,1.4861914690701052,0.9413034834671465,0.9819150759549198,0,PASS
llama,opd,80,E_general,14,self_attn.k_proj,0.01,23,displacement_rank,/root/autodl-tmp/cycle09_stage4_state_displacement/cells/llama/opd/step_080/E_general.L14.main.direction.pt,activation_conditioned_update_displacement_singular_values,128,0.008550984945424476,0.010110967303253194,0.0014490150545755243,0.0001109673032531934,0.0001109673032531934,1.206459890154619,2.584139962092616,0.828871318607899,0.9525734855864584,0,PASS
llama,opd,80,E_general,14,self_attn.k_proj,0.025,16,displacement_rank,/root/autodl-tmp/cycle09_stage4_state_displacement/cells/llama/opd/step_080/E_general.L14.main.direction.pt,activation_conditioned_update_displacement_singular_values,128,0.022639249400572527,0.02558931433610615,0.0023607505994274747,0.0005893143361061469,0.0005893143361061469,1.206459890154619,2.584139962092616,0.828871318607899,0.9525734855864584,0,PASS
llama,opd,80,E_general,14,self_attn.k_proj,0.05,10,displacement_rank,/root/autodl-tmp/cycle09_stage4_state_displacement/cells/llama/opd/step_080/E_general.L14.main.direction.pt,activation_conditioned_update_displacement_singular_values,128,0.04742651441354194,0.054183347310559626,0.002573485586458063,0.004183347310559624,0.002573485586458063,1.206459890154619,2.584139962092616,0.828871318607899,0.9525734855864584,0,PASS
llama,opd,80,E_general,14,self_attn.k_proj,0.1,5,displacement_rank,/root/autodl-tmp/cycle09_stage4_state_displacement/cells/llama/opd/step_080/E_general.L14.main.direction.pt,activation_conditioned_update_displacement_singular_values,128,0.08928380073730548,0.10165894008822389,0.010716199262694528,0.0016589400882238842,0.0016589400882238842,1.206459890154619,2.584139962092616,0.828871318607899,0.9525734855864584,0,PASS
llama,opd,80,E_general,14,self_attn.v_proj,0.01,18,displacement_rank,/root/autodl-tmp/cycle09_stage4_state_displacement/cells/llama/opd/step_080/E_general.L14.main.direction.pt,activation_conditioned_update_displacement_singular_values,128,0.009825771835421718,0.011326751939163524,0.0001742281645782818,0.001326751939163524,0.0001742281645782818,1.1615783883328954,2.1437330684470943,0.8608975597722736,0.9734202595077536,0,PASS
llama,opd,80,E_general,14,self_attn.v_proj,0.025,11,displacement_rank,/root/autodl-tmp/cycle09_stage4_state_displacement/cells/llama/opd/step_080/E_general.L14.main.direction.pt,activation_conditioned_update_displacement_singular_values,128,0.023611393728933745,0.026579740492246554,0.0013886062710662568,0.0015797404922465522,0.0013886062710662568,1.1615783883328954,2.1437330684470943,0.8608975597722736,0.9734202595077536,0,PASS
llama,opd,80,E_general,14,self_attn.v_proj,0.05,6,displacement_rank,/root/autodl-tmp/cycle09_stage4_state_displacement/cells/llama/opd/step_080/E_general.L14.main.direction.pt,activation_conditioned_update_displacement_singular_values,128,0.04534031692449157,0.053042478868960845,0.004659683075508431,0.003042478868960842,0.003042478868960842,1.1615783883328954,2.1437330684470943,0.8608975597722736,0.9734202595077536,0,PASS
llama,opd,80,E_general,14,self_attn.v_proj,0.1,3,displacement_rank,/root/autodl-tmp/cycle09_stage4_state_displacement/cells/llama/opd/step_080/E_general.L14.main.direction.pt,activation_conditioned_update_displacement_singular_values,128,0.08251427390728154,0.10610336481600706,0.017485726092718465,0.006103364816007054,0.006103364816007054,1.1615783883328954,2.1437330684470943,0.8608975597722736,0.9734202595077536,0,PASS
llama,opd,80,E_general,14,self_attn.o_proj,0.01,25,displacement_rank,/root/autodl-tmp/cycle09_stage4_state_displacement/cells/llama/opd/step_080/E_general.L14.main.direction.pt,activation_conditioned_update_displacement_singular_values,128,0.009515663693919506,0.011513839702541618,0.0004843363060804944,0.001513839702541618,0.0004843363060804944,1.789255188066307,6.375425134092741,0.5588917705365019,0.9142451816747843,0,PASS
llama,opd,80,E_general,14,self_attn.o_proj,0.025,20,displacement_rank,/root/autodl-tmp/cycle09_stage4_state_displacement/cells/llama/opd/step_080/E_general.L14.main.direction.pt,activation_conditioned_update_displacement_singular_values,128,0.022130812142091543,0.02580791137645794,0.0028691878579084583,0.0008079113764579392,0.0008079113764579392,1.789255188066307,6.375425134092741,0.5588917705365019,0.9142451816747843,0,PASS
llama,opd,80,E_general,14,self_attn.o_proj,0.05,14,displacement_rank,/root/autodl-tmp/cycle09_stage4_state_displacement/cells/llama/opd/step_080/E_general.L14.main.direction.pt,activation_conditioned_update_displacement_singular_values,128,0.04994509014800379,0.05671173563535215,5.490985199621545e-05,0.006711735635352149,5.490985199621545e-05,1.789255188066307,6.375425134092741,0.5588917705365019,0.9142451816747843,0,PASS
llama,opd,80,E_general,14,self_attn.o_proj,0.1,9,displacement_rank,/root/autodl-tmp/cycle09_stage4_state_displacement/cells/llama/opd/step_080/E_general.L14.main.direction.pt,activation_conditioned_update_displacement_singular_values,128,0.09952227438741784,0.1146254583388634,0.00047772561258216384,0.01462545833886339,0.00047772561258216384,1.789255188066307,6.375425134092741,0.5588917705365019,0.9142451816747843,0,PASS
llama,opd,80,E_general,14,mlp.gate_proj,0.01,23,displacement_rank,/root/autodl-tmp/cycle09_stage4_state_displacement/cells/llama/opd/step_080/E_general.L14.main.direction.pt,activation_conditioned_update_displacement_singular_values,128,0.009313095035003353,0.010707449541775296,0.0006869049649966472,0.0007074495417752954,0.0006869049649966472,1.1362906835482451,2.059147346500198,0.880056498287343,0.9606941422147853,0,PASS
llama,opd,80,E_general,14,mlp.gate_proj,0.025,15,displacement_rank,/root/autodl-tmp/cycle09_stage4_state_displacement/cells/llama/opd/step_080/E_general.L14.main.direction.pt,activation_conditioned_update_displacement_singular_values,128,0.024078481392663924,0.026612406615920712,0.0009215186073360769,0.0016124066159207105,0.0009215186073360769,1.1362906835482451,2.059147346500198,0.880056498287343,0.9606941422147853,0,PASS
llama,opd,80,E_general,14,mlp.gate_proj,0.05,8,displacement_rank,/root/autodl-tmp/cycle09_stage4_state_displacement/cells/llama/opd/step_080/E_general.L14.main.direction.pt,activation_conditioned_update_displacement_singular_values,128,0.04761384678862986,0.052640891345961914,0.0023861532113701456,0.0026408913459619113,0.0023861532113701456,1.1362906835482451,2.059147346500198,0.880056498287343,0.9606941422147853,0,PASS
llama,opd,80,E_general,14,mlp.gate_proj,0.1,2,displacement_rank,/root/autodl-tmp/cycle09_stage4_state_displacement/cells/llama/opd/step_080/E_general.L14.main.direction.pt,activation_conditioned_update_displacement_singular_values,128,0.09662444450616889,0.119943501712657,0.003375555493831117,0.01994350171265699,0.003375555493831117,1.1362906835482451,2.059147346500198,0.880056498287343,0.9606941422147853,0,PASS
llama,opd,80,E_general,14,mlp.up_proj,0.01,24,displacement_rank,/root/autodl-tmp/cycle09_stage4_state_displacement/cells/llama/opd/step_080/E_general.L14.main.direction.pt,activation_conditioned_update_displacement_singular_values,128,0.009246560947739003,0.010894996931642878,0.0007534390522609975,0.0008949969316428778,0.0007534390522609975,1.2179094843495482,2.703795000168576,0.8210790808760903,0.9447626794413075,0,PASS
llama,opd,80,E_general,14,mlp.up_proj,0.025,18,displacement_rank,/root/autodl-tmp/cycle09_stage4_state_displacement/cells/llama/opd/step_080/E_general.L14.main.direction.pt,activation_conditioned_update_displacement_singular_values,128,0.022311777369235713,0.025116088964897372,0.0026882226307642886,0.00011608896489737064,0.00011608896489737064,1.2179094843495482,2.703795000168576,0.8210790808760903,0.9447626794413075,0,PASS
llama,opd,80,E_general,14,mlp.up_proj,0.05,11,displacement_rank,/root/autodl-tmp/cycle09_stage4_state_displacement/cells/llama/opd/step_080/E_general.L14.main.direction.pt,activation_conditioned_update_displacement_singular_values,128,0.04939417994497466,0.05523732055869259,0.0006058200550253454,0.005237320558692589,0.0006058200550253454,1.2179094843495482,2.703795000168576,0.8210790808760903,0.9447626794413075,0,PASS
llama,opd,80,E_general,14,mlp.up_proj,0.1,5,displacement_rank,/root/autodl-tmp/cycle09_stage4_state_displacement/cells/llama/opd/step_080/E_general.L14.main.direction.pt,activation_conditioned_update_displacement_singular_values,128,0.09377349032118787,0.10656326760179985,0.006226509678812137,0.006563267601799844,0.006226509678812137,1.2179094843495482,2.703795000168576,0.8210790808760903,0.9447626794413075,0,PASS
llama,opd,80,E_general,14,mlp.down_proj,0.01,16,displacement_rank,/root/autodl-tmp/cycle09_stage4_state_displacement/cells/llama/opd/step_080/E_general.L14.main.direction.pt,activation_conditioned_update_displacement_singular_values,128,0.009349762449929477,0.010412595832614892,0.0006502375500705235,0.00041259583261489194,0.00041259583261489194,1.0838268404870506,1.6147550847605459,0.9226566114109332,0.9821684204519459,0,PASS
llama,opd,80,E_general,14,mlp.down_proj,0.025,8,displacement_rank,/root/autodl-tmp/cycle09_stage4_state_displacement/cells/llama/opd/step_080/E_general.L14.main.direction.pt,activation_conditioned_update_displacement_singular_values,128,0.022202225703108862,0.025265628753471586,0.0027977742968911395,0.00026562875347158413,0.00026562875347158413,1.0838268404870506,1.6147550847605459,0.9226566114109332,0.9821684204519459,0,PASS
llama,opd,80,E_general,14,mlp.down_proj,0.05,3,displacement_rank,/root/autodl-tmp/cycle09_stage4_state_displacement/cells/llama/opd/step_080/E_general.L14.main.direction.pt,activation_conditioned_update_displacement_singular_values,128,0.04582118757750017,0.05618045806100456,0.004178812422499831,0.006180458061004555,0.004178812422499831,1.0838268404870506,1.6147550847605459,0.9226566114109332,0.9821684204519459,0,PASS
llama,opd,80,E_general,14,mlp.down_proj,0.1,1,displacement_rank,/root/autodl-tmp/cycle09_stage4_state_displacement/cells/llama/opd/step_080/E_general.L14.main.direction.pt,activation_conditioned_update_displacement_singular_values,128,0.07734338858906656,0.9999999999999998,0.022656611410933447,0.8999999999999998,0.022656611410933447,1.0838268404870506,1.6147550847605459,0.9226566114109332,0.9821684204519459,0,PASS
llama,opd,80,E_math,14,self_attn.q_proj,0.01,9,displacement_rank,/root/autodl-tmp/cycle09_stage4_state_displacement/cells/llama/opd/step_080/E_math.L14.main.direction.pt,activation_conditioned_update_displacement_singular_values,128,0.009527274317159957,0.01080915528225751,0.0004727256828400434,0.0008091552822575097,0.0004727256828400434,1.0306942428523949,1.2469483674127426,0.9702198367117584,0.9915136685909205,0,PASS
llama,opd,80,E_math,14,self_attn.q_proj,0.025,3,displacement_rank,/root/autodl-tmp/cycle09_stage4_state_displacement/cells/llama/opd/step_080/E_math.L14.main.direction.pt,activation_conditioned_update_displacement_singular_values,128,0.02163321888530677,0.025389966708190267,0.00336678111469323,0.0003899667081902654,0.0003899667081902654,1.0306942428523949,1.2469483674127426,0.9702198367117584,0.9915136685909205,0,PASS
llama,opd,80,E_math,14,self_attn.q_proj,0.05,1,displacement_rank,/root/autodl-tmp/cycle09_stage4_state_displacement/cells/llama/opd/step_080/E_math.L14.main.direction.pt,activation_conditioned_update_displacement_singular_values,128,0.029780163288241658,0.9999999999999999,0.020219836711758345,0.9499999999999998,0.020219836711758345,1.0306942428523949,1.2469483674127426,0.9702198367117584,0.9915136685909205,0,PASS
llama,opd,80,E_math,14,self_attn.q_proj,0.1,1,displacement_rank,/root/autodl-tmp/cycle09_stage4_state_displacement/cells/llama/opd/step_080/E_math.L14.main.direction.pt,activation_conditioned_update_displacement_singular_values,128,0.029780163288241658,0.9999999999999999,0.07021983671175835,0.8999999999999999,0.07021983671175835,1.0306942428523949,1.2469483674127426,0.9702198367117584,0.9915136685909205,0,PASS
llama,opd,80,E_math,14,self_attn.k_proj,0.01,19,displacement_rank,/root/autodl-tmp/cycle09_stage4_state_displacement/cells/llama/opd/step_080/E_math.L14.main.direction.pt,activation_conditioned_update_displacement_singular_values,128,0.009778071208858334,0.011042243583735418,0.00022192879114166578,0.0010422435837354176,0.00022192879114166578,1.1564335784572388,2.1390970878354896,0.8647275715861417,0.9695360840840599,0,PASS
llama,opd,80,E_math,14,self_attn.k_proj,0.025,12,displacement_rank,/root/autodl-tmp/cycle09_stage4_state_displacement/cells/llama/opd/step_080/E_math.L14.main.direction.pt,activation_conditioned_update_displacement_singular_values,128,0.0235537426198852,0.026921882173628096,0.0014462573801148002,0.0019218821736280943,0.0014462573801148002,1.1564335784572388,2.1390970878354896,0.8647275715861417,0.9695360840840599,0,PASS
llama,opd,80,E_math,14,self_attn.k_proj,0.05,7,displacement_rank,/root/autodl-tmp/cycle09_stage4_state_displacement/cells/llama/opd/step_080/E_math.L14.main.direction.pt,activation_conditioned_update_displacement_singular_values,128,0.0450078313765363,0.052614788936918386,0.0049921686234637025,0.002614788936918383,0.002614788936918383,1.1564335784572388,2.1390970878354896,0.8647275715861417,0.9695360840840599,0,PASS
llama,opd,80,E_math,14,self_attn.k_proj,0.1,2,displacement_rank,/root/autodl-tmp/cycle09_stage4_state_displacement/cells/llama/opd/step_080/E_math.L14.main.direction.pt,activation_conditioned_update_displacement_singular_values,128,0.09930110191927649,0.1352724284138583,0.0006988980807235146,0.0352724284138583,0.0006988980807235146,1.1564335784572388,2.1390970878354896,0.8647275715861417,0.9695360840840599,0,PASS
llama,opd,80,E_math,14,self_attn.v_proj,0.01,14,displacement_rank,/root/autodl-tmp/cycle09_stage4_state_displacement/cells/llama/opd/step_080/E_math.L14.main.direction.pt,activation_conditioned_update_displacement_singular_values,128,0.008875060957026889,0.010110504178970263,0.0011249390429731113,0.00011050417897026307,0.00011050417897026307,1.10415924797124,1.7172873357223497,0.9056664623670724,0.9850088353457365,0,PASS
llama,opd,80,E_math,14,self_attn.v_proj,0.025,7,displacement_rank,/root/autodl-tmp/cycle09_stage4_state_displacement/cells/llama/opd/step_080/E_math.L14.main.direction.pt,activation_conditioned_update_displacement_singular_values,128,0.022371043386459333,0.025808491856873207,0.002628956613540668,0.0008084918568732058,0.0008084918568732058,1.10415924797124,1.7172873357223497,0.9056664623670724,0.9850088353457365,0,PASS
llama,opd,80,E_math,14,self_attn.v_proj,0.05,3,displacement_rank,/root/autodl-tmp/cycle09_stage4_state_displacement/cells/llama/opd/step_080/E_math.L14.main.direction.pt,activation_conditioned_update_displacement_singular_values,128,0.04968566534327889,0.0661786512935675,0.00031433465672111444,0.016178651293567492,0.00031433465672111444,1.10415924797124,1.7172873357223497,0.9056664623670724,0.9850088353457365,0,PASS
llama,opd,80,E_math,14,self_attn.v_proj,0.1,1,displacement_rank,/root/autodl-tmp/cycle09_stage4_state_displacement/cells/llama/opd/step_080/E_math.L14.main.direction.pt,activation_conditioned_update_displacement_singular_values,128,0.09433353763292775,1.0,0.005666462367072259,0.9,0.005666462367072259,1.10415924797124,1.7172873357223497,0.9056664623670724,0.9850088353457365,0,PASS
llama,opd,80,E_math,14,self_attn.o_proj,0.01,14,displacement_rank,/root/autodl-tmp/cycle09_stage4_state_displacement/cells/llama/opd/step_080/E_math.L14.main.direction.pt,activation_conditioned_update_displacement_singular_values,128,0.009820535319033163,0.011118355316797642,0.00017946468096683744,0.0011183553167976416,0.00017946468096683744,1.1453174623736682,1.9512603986831858,0.8731203643114827,0.9834382673064012,0,PASS
llama,opd,80,E_math,14,self_attn.o_proj,0.025,8,displacement_rank,/root/autodl-tmp/cycle09_stage4_state_displacement/cells/llama/opd/step_080/E_math.L14.main.direction.pt,activation_conditioned_update_displacement_singular_values,128,0.02233568133450955,0.026197442991655415,0.00266431866549045,0.001197442991655414,0.001197442991655414,1.1453174623736682,1.9512603986831858,0.8731203643114827,0.9834382673064012,0,PASS
llama,opd,80,E_math,14,self_attn.o_proj,0.05,4,displacement_rank,/root/autodl-tmp/cycle09_stage4_state_displacement/cells/llama/opd/step_080/E_math.L14.main.direction.pt,activation_conditioned_update_displacement_singular_values,128,0.0446562690138043,0.05675108018678029,0.005343730986195699,0.006751080186780285,0.005343730986195699,1.1453174623736682,1.9512603986831858,0.8731203643114827,0.9834382673064012,0,PASS
llama,opd,80,E_math,14,self_attn.o_proj,0.1,2,displacement_rank,/root/autodl-tmp/cycle09_stage4_state_displacement/cells/llama/opd/step_080/E_math.L14.main.direction.pt,activation_conditioned_update_displacement_singular_values,128,0.08336983716061276,0.12687963568851737,0.016630162839387244,0.026879635688517367,0.016630162839387244,1.1453174623736682,1.9512603986831858,0.8731203643114827,0.9834382673064012,0,PASS
llama,opd,80,E_math,14,mlp.gate_proj,0.01,15,displacement_rank,/root/autodl-tmp/cycle09_stage4_state_displacement/cells/llama/opd/step_080/E_math.L14.main.direction.pt,activation_conditioned_update_displacement_singular_values,128,0.009552099686632105,0.01069698847630104,0.0004479003133678952,0.0006969884763010394,0.0004479003133678952,1.0698142488374636,1.5181103626959889,0.934741709681537,0.983790606360155,0,PASS
llama,opd,80,E_math,14,mlp.gate_proj,0.025,7,displacement_rank,/root/autodl-tmp/cycle09_stage4_state_displacement/cells/llama/opd/step_080/E_math.L14.main.direction.pt,activation_conditioned_update_displacement_singular_values,128,0.022876069684348507,0.025700821261144792,0.002123930315651494,0.0007008212611447906,0.0007008212611447906,1.0698142488374636,1.5181103626959889,0.934741709681537,0.983790606360155,0,PASS
llama,opd,80,E_math,14,mlp.gate_proj,0.05,2,displacement_rank,/root/autodl-tmp/cycle09_stage4_state_displacement/cells/llama/opd/step_080/E_math.L14.main.direction.pt,activation_conditioned_update_displacement_singular_values,128,0.04606113819625718,0.06525829031846277,0.003938861803742824,0.015258290318462764,0.003938861803742824,1.0698142488374636,1.5181103626959889,0.934741709681537,0.983790606360155,0,PASS
llama,opd,80,E_math,14,mlp.gate_proj,0.1,1,displacement_rank,/root/autodl-tmp/cycle09_stage4_state_displacement/cells/llama/opd/step_080/E_math.L14.main.direction.pt,activation_conditioned_update_displacement_singular_values,128,0.06525829031846277,0.9999999999999999,0.03474170968153724,0.8999999999999999,0.03474170968153724,1.0698142488374636,1.5181103626959889,0.934741709681537,0.983790606360155,0,PASS
llama,opd,80,E_math,14,mlp.up_proj,0.01,14,displacement_rank,/root/autodl-tmp/cycle09_stage4_state_displacement/cells/llama/opd/step_080/E_math.L14.main.direction.pt,activation_conditioned_update_displacement_singular_values,128,0.009587177536914198,0.010799977348213956,0.00041282246308580253,0.0007999773482139563,0.00041282246308580253,1.0674356734163957,1.50153144208589,0.9368246020853289,0.9847146699167953,0,PASS
llama,opd,80,E_math,14,mlp.up_proj,0.025,6,displacement_rank,/root/autodl-tmp/cycle09_stage4_state_displacement/cells/llama/opd/step_080/E_math.L14.main.direction.pt,activation_conditioned_update_displacement_singular_values,128,0.02422826624004102,0.027766835605074962,0.0007717337599589813,0.002766835605074961,0.0007717337599589813,1.0674356734163957,1.50153144208589,0.9368246020853289,0.9847146699167953,0,PASS
llama,opd,80,E_math,14,mlp.up_proj,0.05,2,displacement_rank,/root/autodl-tmp/cycle09_stage4_state_displacement/cells/llama/opd/step_080/E_math.L14.main.direction.pt,activation_conditioned_update_displacement_singular_values,128,0.04609485826371069,0.06317539791467115,0.003905141736289315,0.01317539791467115,0.003905141736289315,1.0674356734163957,1.50153144208589,0.9368246020853289,0.9847146699167953,0,PASS
llama,opd,80,E_math,14,mlp.up_proj,0.1,1,displacement_rank,/root/autodl-tmp/cycle09_stage4_state_displacement/cells/llama/opd/step_080/E_math.L14.main.direction.pt,activation_conditioned_update_displacement_singular_values,128,0.06317539791467115,1.0,0.03682460208532885,0.9,0.03682460208532885,1.0674356734163957,1.50153144208589,0.9368246020853289,0.9847146699167953,0,PASS
llama,opd,80,E_math,14,mlp.down_proj,0.01,5,displacement_rank,/root/autodl-tmp/cycle09_stage4_state_displacement/cells/llama/opd/step_080/E_math.L14.main.direction.pt,activation_conditioned_update_displacement_singular_values,128,0.00888195535069139,0.010326927830677969,0.0011180446493086107,0.00032692783067796855,0.00032692783067796855,1.0272953054199703,1.2056223695026975,0.9734299326824905,0.9954063352041004,0,PASS
llama,opd,80,E_math,14,mlp.down_proj,0.025,2,displacement_rank,/root/autodl-tmp/cycle09_stage4_state_displacement/cells/llama/opd/step_080/E_math.L14.main.direction.pt,activation_conditioned_update_displacement_singular_values,128,0.017671697949847836,0.026570067317509705,0.0073283020501521655,0.001570067317509704,0.001570067317509704,1.0272953054199703,1.2056223695026975,0.9734299326824905,0.9954063352041004,0,PASS
llama,opd,80,E_math,14,mlp.down_proj,0.05,1,displacement_rank,/root/autodl-tmp/cycle09_stage4_state_displacement/cells/llama/opd/step_080/E_math.L14.main.direction.pt,activation_conditioned_update_displacement_singular_values,128,0.026570067317509705,1.0000000000000002,0.023429932682490297,0.9500000000000002,0.023429932682490297,1.0272953054199703,1.2056223695026975,0.9734299326824905,0.9954063352041004,0,PASS
llama,opd,80,E_math,14,mlp.down_proj,0.1,1,displacement_rank,/root/autodl-tmp/cycle09_stage4_state_displacement/cells/llama/opd/step_080/E_math.L14.main.direction.pt,activation_conditioned_update_displacement_singular_values,128,0.026570067317509705,1.0000000000000002,0.0734299326824903,0.9000000000000002,0.0734299326824903,1.0272953054199703,1.2056223695026975,0.9734299326824905,0.9954063352041004,0,PASS
llama,opd,80,E_ood,14,self_attn.q_proj,0.01,8,displacement_rank,/root/autodl-tmp/cycle09_stage4_state_displacement/cells/llama/opd/step_080/E_ood.L14.main.direction.pt,activation_conditioned_update_displacement_singular_values,128,0.009883066796737576,0.011065649244261766,0.00011693320326242387,0.0010656492442617654,0.00011693320326242387,1.0278816791493435,1.226033507633803,0.9728746219385699,0.9922215882606928,0,PASS
llama,opd,80,E_ood,14,self_attn.q_proj,0.025,2,displacement_rank,/root/autodl-tmp/cycle09_stage4_state_displacement/cells/llama/opd/step_080/E_ood.L14.main.direction.pt,activation_conditioned_update_displacement_singular_values,128,0.022565728980862194,0.027125378061430155,0.0024342710191378077,0.0021253780614301533,0.0021253780614301533,1.0278816791493435,1.226033507633803,0.9728746219385699,0.9922215882606928,0,PASS
llama,opd,80,E_ood,14,self_attn.q_proj,0.05,1,displacement_rank,/root/autodl-tmp/cycle09_stage4_state_displacement/cells/llama/opd/step_080/E_ood.L14.main.direction.pt,activation_conditioned_update_displacement_singular_values,128,0.027125378061430155,0.9999999999999999,0.022874621938569848,0.9499999999999998,0.022874621938569848,1.0278816791493435,1.226033507633803,0.9728746219385699,0.9922215882606928,0,PASS
llama,opd,80,E_ood,14,self_attn.q_proj,0.1,1,displacement_rank,/root/autodl-tmp/cycle09_stage4_state_displacement/cells/llama/opd/step_080/E_ood.L14.main.direction.pt,activation_conditioned_update_displacement_singular_values,128,0.027125378061430155,0.9999999999999999,0.07287462193856985,0.8999999999999999,0.07287462193856985,1.0278816791493435,1.226033507633803,0.9728746219385699,0.9922215882606928,0,PASS
llama,opd,80,E_ood,14,self_attn.k_proj,0.01,22,displacement_rank,/root/autodl-tmp/cycle09_stage4_state_displacement/cells/llama/opd/step_080/E_ood.L14.main.direction.pt,activation_conditioned_update_displacement_singular_values,128,0.00882563463847383,0.010249940748867498,0.0011743653615261702,0.0002499407488674981,0.0002499407488674981,1.2249159085504246,2.6657736509620182,0.8163825720766482,0.9576947052161272,0,PASS
llama,opd,80,E_ood,14,self_attn.k_proj,0.025,15,displacement_rank,/root/autodl-tmp/cycle09_stage4_state_displacement/cells/llama/opd/step_080/E_ood.L14.main.direction.pt,activation_conditioned_update_displacement_singular_values,128,0.02244680590852663,0.025700517649323087,0.0025531940914733722,0.0007005176493230861,0.0007005176493230861,1.2249159085504246,2.6657736509620182,0.8163825720766482,0.9576947052161272,0,PASS
llama,opd,80,E_ood,14,self_attn.k_proj,0.05,9,displacement_rank,/root/autodl-tmp/cycle09_stage4_state_displacement/cells/llama/opd/step_080/E_ood.L14.main.direction.pt,activation_conditioned_update_displacement_singular_values,128,0.048001910571083585,0.05535826653140201,0.0019980894289164178,0.005358266531402006,0.0019980894289164178,1.2249159085504246,2.6657736509620182,0.8163825720766482,0.9576947052161272,0,PASS
llama,opd,80,E_ood,14,self_attn.k_proj,0.1,4,displacement_rank,/root/autodl-tmp/cycle09_stage4_state_displacement/cells/llama/opd/step_080/E_ood.L14.main.direction.pt,activation_conditioned_update_displacement_singular_values,128,0.09855568609069401,0.11749543338320302,0.0014443139093059942,0.017495433383203016,0.0014443139093059942,1.2249159085504246,2.6657736509620182,0.8163825720766482,0.9576947052161272,0,PASS
llama,opd,80,E_ood,14,self_attn.v_proj,0.01,13,displacement_rank,/root/autodl-tmp/cycle09_stage4_state_displacement/cells/llama/opd/step_080/E_ood.L14.main.direction.pt,activation_conditioned_update_displacement_singular_values,128,0.008879699397596152,0.010125574122384488,0.0011203006024038484,0.00012557412238448779,0.00012557412238448779,1.0909578781037934,1.6268733222147171,0.9166256737043886,0.9869936544794994,0,PASS
llama,opd,80,E_ood,14,self_attn.v_proj,0.025,6,displacement_rank,/root/autodl-tmp/cycle09_stage4_state_displacement/cells/llama/opd/step_080/E_ood.L14.main.direction.pt,activation_conditioned_update_displacement_singular_values,128,0.021901711848093516,0.026232633620676474,0.003098288151906485,0.0012326336206764724,0.0012326336206764724,1.0909578781037934,1.6268733222147171,0.9166256737043886,0.9869936544794994,0,PASS
llama,opd,80,E_ood,14,self_attn.v_proj,0.05,3,displacement_rank,/root/autodl-tmp/cycle09_stage4_state_displacement/cells/llama/opd/step_080/E_ood.L14.main.direction.pt,activation_conditioned_update_displacement_singular_values,128,0.043528681171402996,0.057486676696598356,0.006471318828597007,0.007486676696598353,0.006471318828597007,1.0909578781037934,1.6268733222147171,0.9166256737043886,0.9869936544794994,0,PASS
llama,opd,80,E_ood,14,self_attn.v_proj,0.1,1,displacement_rank,/root/autodl-tmp/cycle09_stage4_state_displacement/cells/llama/opd/step_080/E_ood.L14.main.direction.pt,activation_conditioned_update_displacement_singular_values,128,0.08337432629561134,0.9999999999999998,0.016625673704388666,0.8999999999999998,0.016625673704388666,1.0909578781037934,1.6268733222147171,0.9166256737043886,0.9869936544794994,0,PASS
llama,opd,80,E_ood,14,self_attn.o_proj,0.01,19,displacement_rank,/root/autodl-tmp/cycle09_stage4_state_displacement/cells/llama/opd/step_080/E_ood.L14.main.direction.pt,activation_conditioned_update_displacement_singular_values,128,0.009801775330434834,0.011191204873712658,0.00019822466956516578,0.0011912048737126573,0.00019822466956516578,1.2347600697387304,2.6217170713193947,0.809873937866808,0.9692052082069308,0,PASS
llama,opd,80,E_ood,14,self_attn.o_proj,0.025,12,displacement_rank,/root/autodl-tmp/cycle09_stage4_state_displacement/cells/llama/opd/step_080/E_ood.L14.main.direction.pt,activation_conditioned_update_displacement_singular_values,128,0.024044479937754725,0.027166381946572497,0.0009555200622452763,0.002166381946572496,0.0009555200622452763,1.2347600697387304,2.6217170713193947,0.809873937866808,0.9692052082069308,0,PASS
llama,opd,80,E_ood,14,self_attn.o_proj,0.05,7,displacement_rank,/root/autodl-tmp/cycle09_stage4_state_displacement/cells/llama/opd/step_080/E_ood.L14.main.direction.pt,activation_conditioned_update_displacement_singular_values,128,0.04824811009768897,0.05668456655746134,0.001751889902311031,0.006684566557461337,0.001751889902311031,1.2347600697387304,2.6217170713193947,0.809873937866808,0.9692052082069308,0,PASS
llama,opd,80,E_ood,14,self_attn.o_proj,0.1,4,displacement_rank,/root/autodl-tmp/cycle09_stage4_state_displacement/cells/llama/opd/step_080/E_ood.L14.main.direction.pt,activation_conditioned_update_displacement_singular_values,128,0.087019665950741,0.1105537987851528,0.01298033404925901,0.010553798785152793,0.010553798785152793,1.2347600697387304,2.6217170713193947,0.809873937866808,0.9692052082069308,0,PASS
llama,opd,80,E_ood,14,mlp.gate_proj,0.01,16,displacement_rank,/root/autodl-tmp/cycle09_stage4_state_displacement/cells/llama/opd/step_080/E_ood.L14.main.direction.pt,activation_conditioned_update_displacement_singular_values,128,0.00999341656465317,0.011182594301390795,6.583435346830743e-06,0.0011825943013907946,6.583435346830743e-06,1.0771440911399823,1.5792869318125184,0.9283808992923707,0.9812747524217699,0,PASS
llama,opd,80,E_ood,14,mlp.gate_proj,0.025,8,displacement_rank,/root/autodl-tmp/cycle09_stage4_state_displacement/cells/llama/opd/step_080/E_ood.L14.main.direction.pt,activation_conditioned_update_displacement_singular_values,128,0.02337077541728292,0.02621982775369889,0.0016292245827170815,0.0012198277536988877,0.0012198277536988877,1.0771440911399823,1.5792869318125184,0.9283808992923707,0.9812747524217699,0,PASS
llama,opd,80,E_ood,14,mlp.gate_proj,0.05,3,displacement_rank,/root/autodl-tmp/cycle09_stage4_state_displacement/cells/llama/opd/step_080/E_ood.L14.main.direction.pt,activation_conditioned_update_displacement_singular_values,128,0.04360965883038411,0.054221944392024074,0.0063903411696158915,0.004221944392024071,0.004221944392024071,1.0771440911399823,1.5792869318125184,0.9283808992923707,0.9812747524217699,0,PASS
llama,opd,80,E_ood,14,mlp.gate_proj,0.1,1,displacement_rank,/root/autodl-tmp/cycle09_stage4_state_displacement/cells/llama/opd/step_080/E_ood.L14.main.direction.pt,activation_conditioned_update_displacement_singular_values,128,0.07161910070762942,1.0,0.028380899292370587,0.9,0.028380899292370587,1.0771440911399823,1.5792869318125184,0.9283808992923707,0.9812747524217699,0,PASS
llama,opd,80,E_ood,14,mlp.up_proj,0.01,16,displacement_rank,/root/autodl-tmp/cycle09_stage4_state_displacement/cells/llama/opd/step_080/E_ood.L14.main.direction.pt,activation_conditioned_update_displacement_singular_values,128,0.009972415979405392,0.0112006479432651,2.7584020594608252e-05,0.0012006479432651006,2.7584020594608252e-05,1.0866071983402652,1.637343074678261,0.9202957623761806,0.9798491591956635,0,PASS
llama,opd,80,E_ood,14,mlp.up_proj,0.025,8,displacement_rank,/root/autodl-tmp/cycle09_stage4_state_displacement/cells/llama/opd/step_080/E_ood.L14.main.direction.pt,activation_conditioned_update_displacement_singular_values,128,0.024961101561585923,0.027853078041511388,3.889843841407836e-05,0.0028530780415113866,3.889843841407836e-05,1.0866071983402652,1.637343074678261,0.9202957623761806,0.9798491591956635,0,PASS
llama,opd,80,E_ood,14,mlp.up_proj,0.05,3,displacement_rank,/root/autodl-tmp/cycle09_stage4_state_displacement/cells/llama/opd/step_080/E_ood.L14.main.direction.pt,activation_conditioned_update_displacement_singular_values,128,0.046846315183687884,0.05708470187929128,0.003153684816312119,0.0070847018792912775,0.003153684816312119,1.0866071983402652,1.637343074678261,0.9202957623761806,0.9798491591956635,0,PASS
llama,opd,80,E_ood,14,mlp.up_proj,0.1,1,displacement_rank,/root/autodl-tmp/cycle09_stage4_state_displacement/cells/llama/opd/step_080/E_ood.L14.main.direction.pt,activation_conditioned_update_displacement_singular_values,128,0.07970423762381937,1.0,0.020295762376180637,0.9,0.020295762376180637,1.0866071983402652,1.637343074678261,0.9202957623761806,0.9798491591956635,0,PASS
llama,opd,80,E_ood,14,mlp.down_proj,0.01,9,displacement_rank,/root/autodl-tmp/cycle09_stage4_state_displacement/cells/llama/opd/step_080/E_ood.L14.main.direction.pt,activation_conditioned_update_displacement_singular_values,128,0.009386094354573257,0.010637169395741764,0.000613905645426743,0.0006371693957417639,0.000613905645426743,1.0455651654341935,1.3321430178925975,0.9564205398758941,0.9917009342114959,0,PASS
llama,opd,80,E_ood,14,mlp.down_proj,0.025,3,displacement_rank,/root/autodl-tmp/cycle09_stage4_state_displacement/cells/llama/opd/step_080/E_ood.L14.main.direction.pt,activation_conditioned_update_displacement_singular_values,128,0.02192182054825479,0.028593353374564562,0.003078179451745211,0.0035933533745645604,0.003078179451745211,1.0455651654341935,1.3321430178925975,0.9564205398758941,0.9917009342114959,0,PASS
llama,opd,80,E_ood,14,mlp.down_proj,0.05,1,displacement_rank,/root/autodl-tmp/cycle09_stage4_state_displacement/cells/llama/opd/step_080/E_ood.L14.main.direction.pt,activation_conditioned_update_displacement_singular_values,128,0.04357946012410564,1.0,0.00642053987589436,0.95,0.00642053987589436,1.0455651654341935,1.3321430178925975,0.9564205398758941,0.9917009342114959,0,PASS
llama,opd,80,E_ood,14,mlp.down_proj,0.1,1,displacement_rank,/root/autodl-tmp/cycle09_stage4_state_displacement/cells/llama/opd/step_080/E_ood.L14.main.direction.pt,activation_conditioned_update_displacement_singular_values,128,0.04357946012410564,1.0,0.05642053987589436,0.9,0.05642053987589436,1.0455651654341935,1.3321430178925975,0.9564205398758941,0.9917009342114959,0,PASS
llama,opd,80,E_if,14,self_attn.q_proj,0.01,11,displacement_rank,/root/autodl-tmp/cycle09_stage4_state_displacement/cells/llama/opd/step_080/E_if.L14.main.direction.pt,activation_conditioned_update_displacement_singular_values,128,0.009902924011768822,0.011155015629132755,9.707598823117773e-05,0.0011550156291327551,9.707598823117773e-05,1.0398255252416442,1.3160930181738346,0.9616998003271855,0.9888449843708673,0,PASS
llama,opd,80,E_if,14,self_attn.q_proj,0.025,4,displacement_rank,/root/autodl-tmp/cycle09_stage4_state_displacement/cells/llama/opd/step_080/E_if.L14.main.direction.pt,activation_conditioned_update_displacement_singular_values,128,0.023232900770929422,0.027725051791868006,0.0017670992290705796,0.0027250517918680044,0.0017670992290705796,1.0398255252416442,1.3160930181738346,0.9616998003271855,0.9888449843708673,0,PASS
llama,opd,80,E_if,14,self_attn.q_proj,0.05,1,displacement_rank,/root/autodl-tmp/cycle09_stage4_state_displacement/cells/llama/opd/step_080/E_if.L14.main.direction.pt,activation_conditioned_update_displacement_singular_values,128,0.03830019967281457,1.0000000000000002,0.011699800327185435,0.9500000000000002,0.011699800327185435,1.0398255252416442,1.3160930181738346,0.9616998003271855,0.9888449843708673,0,PASS
llama,opd,80,E_if,14,self_attn.q_proj,0.1,1,displacement_rank,/root/autodl-tmp/cycle09_stage4_state_displacement/cells/llama/opd/step_080/E_if.L14.main.direction.pt,activation_conditioned_update_displacement_singular_values,128,0.03830019967281457,1.0000000000000002,0.06169980032718544,0.9000000000000002,0.06169980032718544,1.0398255252416442,1.3160930181738346,0.9616998003271855,0.9888449843708673,0,PASS
llama,opd,80,E_if,14,self_attn.k_proj,0.01,24,displacement_rank,/root/autodl-tmp/cycle09_stage4_state_displacement/cells/llama/opd/step_080/E_if.L14.main.direction.pt,activation_conditioned_update_displacement_singular_values,128,0.008463150605279426,0.010166610184711426,0.0015368493947205738,0.00016661018471142604,0.00016661018471142604,1.2961562423064719,3.2089720393178562,0.7715119268495976,0.943780423516889,0,PASS
llama,opd,80,E_if,14,self_attn.k_proj,0.025,17,displacement_rank,/root/autodl-tmp/cycle09_stage4_state_displacement/cells/llama/opd/step_080/E_if.L14.main.direction.pt,activation_conditioned_update_displacement_singular_values,128,0.02387993026365923,0.02720362614799297,0.001120069736340771,0.0022036261479929688,0.001120069736340771,1.2961562423064719,3.2089720393178562,0.7715119268495976,0.943780423516889,0,PASS
llama,opd,80,E_if,14,self_attn.k_proj,0.05,11,displacement_rank,/root/autodl-tmp/cycle09_stage4_state_displacement/cells/llama/opd/step_080/E_if.L14.main.direction.pt,activation_conditioned_update_displacement_singular_values,128,0.049657192631147595,0.056219576483110996,0.0003428073688524075,0.006219576483110993,0.0003428073688524075,1.2961562423064719,3.2089720393178562,0.7715119268495976,0.943780423516889,0,PASS
llama,opd,80,E_if,14,self_attn.k_proj,0.1,6,displacement_rank,/root/autodl-tmp/cycle09_stage4_state_displacement/cells/llama/opd/step_080/E_if.L14.main.direction.pt,activation_conditioned_update_displacement_singular_values,128,0.09179273570645521,0.10552319649329263,0.008207264293544791,0.005523196493292623,0.005523196493292623,1.2961562423064719,3.2089720393178562,0.7715119268495976,0.943780423516889,0,PASS
llama,opd,80,E_if,14,self_attn.v_proj,0.01,12,displacement_rank,/root/autodl-tmp/cycle09_stage4_state_displacement/cells/llama/opd/step_080/E_if.L14.main.direction.pt,activation_conditioned_update_displacement_singular_values,128,0.009122409008732608,0.010407654180303831,0.0008775909912673921,0.00040765418030383124,0.00040765418030383124,1.0624919411135647,1.4594887689017793,0.9411836093099503,0.9881340472570063,0,PASS
llama,opd,80,E_if,14,self_attn.v_proj,0.025,5,displacement_rank,/root/autodl-tmp/cycle09_stage4_state_displacement/cells/llama/opd/step_080/E_if.L14.main.direction.pt,activation_conditioned_update_displacement_singular_values,128,0.023230533349928886,0.027283751161267102,0.0017694666500711158,0.002283751161267101,0.0017694666500711158,1.0624919411135647,1.4594887689017793,0.9411836093099503,0.9881340472570063,0,PASS
llama,opd,80,E_if,14,self_attn.v_proj,0.05,2,displacement_rank,/root/autodl-tmp/cycle09_stage4_state_displacement/cells/llama/opd/step_080/E_if.L14.main.direction.pt,activation_conditioned_update_displacement_singular_values,128,0.04644508249906258,0.05881639069004962,0.003554917500937421,0.008816390690049615,0.003554917500937421,1.0624919411135647,1.4594887689017793,0.9411836093099503,0.9881340472570063,0,PASS
llama,opd,80,E_if,14,self_attn.v_proj,0.1,1,displacement_rank,/root/autodl-tmp/cycle09_stage4_state_displacement/cells/llama/opd/step_080/E_if.L14.main.direction.pt,activation_conditioned_update_displacement_singular_values,128,0.05881639069004962,0.9999999999999999,0.04118360930995039,0.8999999999999999,0.04118360930995039,1.0624919411135647,1.4594887689017793,0.9411836093099503,0.9881340472570063,0,PASS
llama,opd,80,E_if,14,self_attn.o_proj,0.01,20,displacement_rank,/root/autodl-tmp/cycle09_stage4_state_displacement/cells/llama/opd/step_080/E_if.L14.main.direction.pt,activation_conditioned_update_displacement_singular_values,128,0.008982037897371425,0.010442573820145375,0.0010179621026285748,0.00044257382014537515,0.00044257382014537515,1.2632041822735287,2.7165342610025145,0.7916376576589456,0.9675402806398524,0,PASS
llama,opd,80,E_if,14,self_attn.o_proj,0.025,13,displacement_rank,/root/autodl-tmp/cycle09_stage4_state_displacement/cells/llama/opd/step_080/E_if.L14.main.direction.pt,activation_conditioned_update_displacement_singular_values,128,0.022415468748021385,0.025107250247596184,0.002584531251978616,0.00010725024759618285,0.00010725024759618285,1.2632041822735287,2.7165342610025145,0.7916376576589456,0.9675402806398524,0,PASS
llama,opd,80,E_if,14,self_attn.o_proj,0.05,7,displacement_rank,/root/autodl-tmp/cycle09_stage4_state_displacement/cells/llama/opd/step_080/E_if.L14.main.direction.pt,activation_conditioned_update_displacement_singular_values,128,0.04993241792514226,0.05700713344854474,6.758207485774159e-05,0.007007133448544735,6.758207485774159e-05,1.2632041822735287,2.7165342610025145,0.7916376576589456,0.9675402806398524,0,PASS
llama,opd,80,E_if,14,self_attn.o_proj,0.1,4,displacement_rank,/root/autodl-tmp/cycle09_stage4_state_displacement/cells/llama/opd/step_080/E_if.L14.main.direction.pt,activation_conditioned_update_displacement_singular_values,128,0.08206119768845875,0.10382447155524699,0.017938802311541255,0.0038244715552469832,0.0038244715552469832,1.2632041822735287,2.7165342610025145,0.7916376576589456,0.9675402806398524,0,PASS
llama,opd,80,E_if,14,mlp.gate_proj,0.01,20,displacement_rank,/root/autodl-tmp/cycle09_stage4_state_displacement/cells/llama/opd/step_080/E_if.L14.main.direction.pt,activation_conditioned_update_displacement_singular_values,128,0.009383809939379999,0.010657219715019628,0.0006161900606200012,0.0006572197150196274,0.0006161900606200012,1.0981587248299696,1.7551116159961018,0.9106151755565502,0.972332794597815,0,PASS
llama,opd,80,E_if,14,mlp.gate_proj,0.025,11,displacement_rank,/root/autodl-tmp/cycle09_stage4_state_displacement/cells/llama/opd/step_080/E_if.L14.main.direction.pt,activation_conditioned_update_displacement_singular_values,128,0.024832667137138092,0.02766720540218493,0.0001673328628619096,0.00266720540218493,0.0001673328628619096,1.0981587248299696,1.7551116159961018,0.9106151755565502,0.972332794597815,0,PASS
llama,opd,80,E_if,14,mlp.gate_proj,0.05,5,displacement_rank,/root/autodl-tmp/cycle09_stage4_state_displacement/cells/llama/opd/step_080/E_if.L14.main.direction.pt,activation_conditioned_update_displacement_singular_values,128,0.04701553740105553,0.052812454930821935,0.0029844625989444706,0.0028124549308219324,0.0028124549308219324,1.0981587248299696,1.7551116159961018,0.9106151755565502,0.972332794597815,0,PASS
llama,opd,80,E_if,14,mlp.gate_proj,0.1,1,displacement_rank,/root/autodl-tmp/cycle09_stage4_state_displacement/cells/llama/opd/step_080/E_if.L14.main.direction.pt,activation_conditioned_update_displacement_singular_values,128,0.08938482444344967,0.9999999999999999,0.010615175556550338,0.8999999999999999,0.010615175556550338,1.0981587248299696,1.7551116159961018,0.9106151755565502,0.972332794597815,0,PASS
llama,opd,80,E_if,14,mlp.up_proj,0.01,18,displacement_rank,/root/autodl-tmp/cycle09_stage4_state_displacement/cells/llama/opd/step_080/E_if.L14.main.direction.pt,activation_conditioned_update_displacement_singular_values,128,0.009247732350341022,0.010471118470058261,0.0007522676496589786,0.00047111847005826095,0.00047111847005826095,1.0910568442651503,1.6940298916669663,0.9165425296181714,0.9763064577300968,0,PASS
llama,opd,80,E_if,14,mlp.up_proj,0.025,10,displacement_rank,/root/autodl-tmp/cycle09_stage4_state_displacement/cells/llama/opd/step_080/E_if.L14.main.direction.pt,activation_conditioned_update_displacement_singular_values,128,0.023693542269902928,0.02670826597990842,0.0013064577300970735,0.0017082659799084188,0.0013064577300970735,1.0910568442651503,1.6940298916669663,0.9165425296181714,0.9763064577300968,0,PASS
llama,opd,80,E_if,14,mlp.up_proj,0.05,4,displacement_rank,/root/autodl-tmp/cycle09_stage4_state_displacement/cells/llama/opd/step_080/E_if.L14.main.direction.pt,activation_conditioned_update_displacement_singular_values,128,0.04827018422724929,0.056566867259091436,0.0017298157727507132,0.006566867259091433,0.0017298157727507132,1.0910568442651503,1.6940298916669663,0.9165425296181714,0.9763064577300968,0,PASS
llama,opd,80,E_if,14,mlp.up_proj,0.1,1,displacement_rank,/root/autodl-tmp/cycle09_stage4_state_displacement/cells/llama/opd/step_080/E_if.L14.main.direction.pt,activation_conditioned_update_displacement_singular_values,128,0.08345747038182844,0.9999999999999999,0.01654252961817157,0.8999999999999999,0.01654252961817157,1.0910568442651503,1.6940298916669663,0.9165425296181714,0.9763064577300968,0,PASS
llama,opd,80,E_if,14,mlp.down_proj,0.01,12,displacement_rank,/root/autodl-tmp/cycle09_stage4_state_displacement/cells/llama/opd/step_080/E_if.L14.main.direction.pt,activation_conditioned_update_displacement_singular_values,128,0.00983363323854994,0.010912227505102005,0.00016636676145006038,0.0009122275051020052,0.00016636676145006038,1.0614580651479864,1.4523928763806038,0.9421003361640876,0.9876732626625294,0,PASS
llama,opd,80,E_if,14,mlp.down_proj,0.025,5,displacement_rank,/root/autodl-tmp/cycle09_stage4_state_displacement/cells/llama/opd/step_080/E_if.L14.main.direction.pt,activation_conditioned_update_displacement_singular_values,128,0.02287816318806675,0.02710079755462793,0.0021218368119332517,0.0021007975546279284,0.0021007975546279284,1.0614580651479864,1.4523928763806038,0.9421003361640876,0.9876732626625294,0,PASS
llama,opd,80,E_if,14,mlp.down_proj,0.05,2,displacement_rank,/root/autodl-tmp/cycle09_stage4_state_displacement/cells/llama/opd/step_080/E_if.L14.main.direction.pt,activation_conditioned_update_displacement_singular_values,128,0.04212202669689145,0.0578996638359122,0.007877973303108556,0.007899663835912195,0.007877973303108556,1.0614580651479864,1.4523928763806038,0.9421003361640876,0.9876732626625294,0,PASS
llama,opd,80,E_if,14,mlp.down_proj,0.1,1,displacement_rank,/root/autodl-tmp/cycle09_stage4_state_displacement/cells/llama/opd/step_080/E_if.L14.main.direction.pt,activation_conditioned_update_displacement_singular_values,128,0.0578996638359122,0.9999999999999999,0.04210033616408781,0.8999999999999999,0.04210033616408781,1.0614580651479864,1.4523928763806038,0.9421003361640876,0.9876732626625294,0,PASS
llama,sft,20,E_general,14,self_attn.q_proj,0.01,27,displacement_rank,/root/autodl-tmp/cycle09_stage4_state_displacement/cells/llama/sft/step_020/E_general.L14.main.direction.pt,activation_conditioned_update_displacement_singular_values,128,0.00855075313589705,0.010927366823563137,0.0014492468641029502,0.0009273668235631367,0.0009273668235631367,1.4752833864225932,4.718238096777957,0.6778358715371253,0.9116327617370972,0,PASS
llama,sft,20,E_general,14,self_attn.q_proj,0.025,22,displacement_rank,/root/autodl-tmp/cycle09_stage4_state_displacement/cells/llama/sft/step_020/E_general.L14.main.direction.pt,activation_conditioned_update_displacement_singular_values,128,0.022670763482828142,0.0260803779415586,0.0023292365171718593,0.0010803779415585989,0.0010803779415585989,1.4752833864225932,4.718238096777957,0.6778358715371253,0.9116327617370972,0,PASS
llama,sft,20,E_general,14,self_attn.q_proj,0.05,16,displacement_rank,/root/autodl-tmp/cycle09_stage4_state_displacement/cells/llama/sft/step_020/E_general.L14.main.direction.pt,activation_conditioned_update_displacement_singular_values,128,0.046565687366488376,0.05194708717071886,0.003434312633511627,0.0019470871707188558,0.0019470871707188558,1.4752833864225932,4.718238096777957,0.6778358715371253,0.9116327617370972,0,PASS
llama,sft,20,E_general,14,self_attn.q_proj,0.1,9,displacement_rank,/root/autodl-tmp/cycle09_stage4_state_displacement/cells/llama/sft/step_020/E_general.L14.main.direction.pt,activation_conditioned_update_displacement_singular_values,128,0.09867587466922584,0.11082547428081724,0.0013241253307741674,0.010825474280817232,0.0013241253307741674,1.4752833864225932,4.718238096777957,0.6778358715371253,0.9116327617370972,0,PASS
llama,sft,20,E_general,14,self_attn.k_proj,0.01,28,displacement_rank,/root/autodl-tmp/cycle09_stage4_state_displacement/cells/llama/sft/step_020/E_general.L14.main.direction.pt,activation_conditioned_update_displacement_singular_values,128,0.008843589837970706,0.0118592668776382,0.0011564101620292946,0.0018592668776382,0.0011564101620292946,1.757197276628453,7.153821257930716,0.5690880661496968,0.8669515451034513,0,PASS
llama,sft,20,E_general,14,self_attn.k_proj,0.025,24,displacement_rank,/root/autodl-tmp/cycle09_stage4_state_displacement/cells/llama/sft/step_020/E_general.L14.main.direction.pt,activation_conditioned_update_displacement_singular_values,128,0.023167402240778748,0.027428054369505194,0.0018325977592212536,0.0024280543695051927,0.0018325977592212536,1.757197276628453,7.153821257930716,0.5690880661496968,0.8669515451034513,0,PASS
llama,sft,20,E_general,14,self_attn.k_proj,0.05,19,displacement_rank,/root/autodl-tmp/cycle09_stage4_state_displacement/cells/llama/sft/step_020/E_general.L14.main.direction.pt,activation_conditioned_update_displacement_singular_values,128,0.049124737017632265,0.05546231444481863,0.0008752629823677374,0.005462314444818629,0.0008752629823677374,1.757197276628453,7.153821257930716,0.5690880661496968,0.8669515451034513,0,PASS
llama,sft,20,E_general,14,self_attn.k_proj,0.1,13,displacement_rank,/root/autodl-tmp/cycle09_stage4_state_displacement/cells/llama/sft/step_020/E_general.L14.main.direction.pt,activation_conditioned_update_displacement_singular_values,128,0.09526752188400556,0.10734152123495037,0.0047324781159944485,0.007341521234950368,0.0047324781159944485,1.757197276628453,7.153821257930716,0.5690880661496968,0.8669515451034513,0,PASS
llama,sft,20,E_general,14,self_attn.v_proj,0.01,21,displacement_rank,/root/autodl-tmp/cycle09_stage4_state_displacement/cells/llama/sft/step_020/E_general.L14.main.direction.pt,activation_conditioned_update_displacement_singular_values,128,0.009856690604522923,0.011407785196264229,0.00014330939547707762,0.0014077851962642288,0.00014330939547707762,1.2094354179986022,2.5240447256400533,0.8268320781070062,0.9616075430588288,0,PASS
llama,sft,20,E_general,14,self_attn.v_proj,0.025,14,displacement_rank,/root/autodl-tmp/cycle09_stage4_state_displacement/cells/llama/sft/step_020/E_general.L14.main.direction.pt,activation_conditioned_update_displacement_singular_values,128,0.024221637580042157,0.027093187967327462,0.000778362419957844,0.002093187967327461,0.000778362419957844,1.2094354179986022,2.5240447256400533,0.8268320781070062,0.9616075430588288,0,PASS
llama,sft,20,E_general,14,self_attn.v_proj,0.05,8,displacement_rank,/root/autodl-tmp/cycle09_stage4_state_displacement/cells/llama/sft/step_020/E_general.L14.main.direction.pt,activation_conditioned_update_displacement_singular_values,128,0.04847826100794901,0.054536652752208,0.0015217389920509916,0.004536652752207999,0.0015217389920509916,1.2094354179986022,2.5240447256400533,0.8268320781070062,0.9616075430588288,0,PASS
llama,sft,20,E_general,14,self_attn.v_proj,0.1,4,displacement_rank,/root/autodl-tmp/cycle09_stage4_state_displacement/cells/llama/sft/step_020/E_general.L14.main.direction.pt,activation_conditioned_update_displacement_singular_values,128,0.08613599863086481,0.10477908078551652,0.013864001369135195,0.004779080785516518,0.004779080785516518,1.2094354179986022,2.5240447256400533,0.8268320781070062,0.9616075430588288,0,PASS
llama,sft,20,E_general,14,self_attn.o_proj,0.01,25,displacement_rank,/root/autodl-tmp/cycle09_stage4_state_displacement/cells/llama/sft/step_020/E_general.L14.main.direction.pt,activation_conditioned_update_displacement_singular_values,128,0.009737721063299372,0.01209475338230131,0.000262278936700628,0.00209475338230131,0.000262278936700628,1.6595952572277826,5.61919033016568,0.602556554464019,0.919661033259003,0,PASS
llama,sft,20,E_general,14,self_attn.o_proj,0.025,20,displacement_rank,/root/autodl-tmp/cycle09_stage4_state_displacement/cells/llama/sft/step_020/E_general.L14.main.direction.pt,activation_conditioned_update_displacement_singular_values,128,0.023058375720577808,0.02653036751253383,0.0019416242794221932,0.001530367512533829,0.001530367512533829,1.6595952572277826,5.61919033016568,0.602556554464019,0.919661033259003,0,PASS
llama,sft,20,E_general,14,self_attn.o_proj,0.05,15,displacement_rank,/root/autodl-tmp/cycle09_stage4_state_displacement/cells/llama/sft/step_020/E_general.L14.main.direction.pt,activation_conditioned_update_displacement_singular_values,128,0.04443456883671528,0.05014965843005831,0.005565431163284722,0.00014965843005830537,0.00014965843005830537,1.6595952572277826,5.61919033016568,0.602556554464019,0.919661033259003,0,PASS
llama,sft,20,E_general,14,self_attn.o_proj,0.1,9,displacement_rank,/root/autodl-tmp/cycle09_stage4_state_displacement/cells/llama/sft/step_020/E_general.L14.main.direction.pt,activation_conditioned_update_displacement_singular_values,128,0.09021175693003491,0.10200992616900845,0.009788243069965091,0.0020099261690084413,0.0020099261690084413,1.6595952572277826,5.61919033016568,0.602556554464019,0.919661033259003,0,PASS
llama,sft,20,E_general,14,mlp.gate_proj,0.01,26,displacement_rank,/root/autodl-tmp/cycle09_stage4_state_displacement/cells/llama/sft/step_020/E_general.L14.main.direction.pt,activation_conditioned_update_displacement_singular_values,128,0.009653208622550678,0.011835473964849859,0.0003467913774493226,0.0018354739648498587,0.0003467913774493226,1.27690334865709,3.265478437941937,0.783144629585076,0.9238212825883764,0,PASS
llama,sft,20,E_general,14,mlp.gate_proj,0.025,21,displacement_rank,/root/autodl-tmp/cycle09_stage4_state_displacement/cells/llama/sft/step_020/E_general.L14.main.direction.pt,activation_conditioned_update_displacement_singular_values,128,0.02261182392840473,0.02578457894301483,0.00238817607159527,0.000784578943014827,0.000784578943014827,1.27690334865709,3.265478437941937,0.783144629585076,0.9238212825883764,0,PASS
llama,sft,20,E_general,14,mlp.gate_proj,0.05,15,displacement_rank,/root/autodl-tmp/cycle09_stage4_state_displacement/cells/llama/sft/step_020/E_general.L14.main.direction.pt,activation_conditioned_update_displacement_singular_values,128,0.04528038817268232,0.05025395115891048,0.004719611827317685,0.0002539511589104773,0.0002539511589104773,1.27690334865709,3.265478437941937,0.783144629585076,0.9238212825883764,0,PASS
llama,sft,20,E_general,14,mlp.gate_proj,0.1,8,displacement_rank,/root/autodl-tmp/cycle09_stage4_state_displacement/cells/llama/sft/step_020/E_general.L14.main.direction.pt,activation_conditioned_update_displacement_singular_values,128,0.0925948989985349,0.1021057646350801,0.007405101001465103,0.0021057646350800957,0.0021057646350800957,1.27690334865709,3.265478437941937,0.783144629585076,0.9238212825883764,0,PASS
llama,sft,20,E_general,14,mlp.up_proj,0.01,27,displacement_rank,/root/autodl-tmp/cycle09_stage4_state_displacement/cells/llama/sft/step_020/E_general.L14.main.direction.pt,activation_conditioned_update_displacement_singular_values,128,0.009131879216656986,0.011613888250171107,0.0008681207833430137,0.0016138882501711069,0.0008681207833430137,1.4459432539082528,4.580077154132037,0.6915900726374227,0.9063403611069235,0,PASS
llama,sft,20,E_general,14,mlp.up_proj,0.025,22,displacement_rank,/root/autodl-tmp/cycle09_stage4_state_displacement/cells/llama/sft/step_020/E_general.L14.main.direction.pt,activation_conditioned_update_displacement_singular_values,128,0.02391982242897465,0.02747708839130364,0.0010801775710253501,0.0024770883913036376,0.0010801775710253501,1.4459432539082528,4.580077154132037,0.6915900726374227,0.9063403611069235,0,PASS
llama,sft,20,E_general,14,mlp.up_proj,0.05,17,displacement_rank,/root/autodl-tmp/cycle09_stage4_state_displacement/cells/llama/sft/step_020/E_general.L14.main.direction.pt,activation_conditioned_update_displacement_singular_values,128,0.04496600167938567,0.05009411440402881,0.0050339983206143316,9.411440402880972e-05,9.411440402880972e-05,1.4459432539082528,4.580077154132037,0.6915900726374227,0.9063403611069235,0,PASS
llama,sft,20,E_general,14,mlp.up_proj,0.1,10,displacement_rank,/root/autodl-tmp/cycle09_stage4_state_displacement/cells/llama/sft/step_020/E_general.L14.main.direction.pt,activation_conditioned_update_displacement_singular_values,128,0.09365963889307624,0.10339436445519745,0.006340361106923764,0.003394364455197446,0.003394364455197446,1.4459432539082528,4.580077154132037,0.6915900726374227,0.9063403611069235,0,PASS
llama,sft,20,E_general,14,mlp.down_proj,0.01,27,displacement_rank,/root/autodl-tmp/cycle09_stage4_state_displacement/cells/llama/sft/step_020/E_general.L14.main.direction.pt,activation_conditioned_update_displacement_singular_values,128,0.008862988981530828,0.011155717185014293,0.0011370110184691726,0.0011557171850142926,0.0011370110184691726,1.4236494102612658,4.3746776347714365,0.7024201273096314,0.9128236121125969,0,PASS
llama,sft,20,E_general,14,mlp.down_proj,0.025,22,displacement_rank,/root/autodl-tmp/cycle09_stage4_state_displacement/cells/llama/sft/step_020/E_general.L14.main.direction.pt,activation_conditioned_update_displacement_singular_values,128,0.022324601520549655,0.025597412962901696,0.0026753984794503465,0.0005974129629016944,0.0005974129629016944,1.4236494102612658,4.3746776347714365,0.7024201273096314,0.9128236121125969,0,PASS
llama,sft,20,E_general,14,mlp.down_proj,0.05,16,displacement_rank,/root/autodl-tmp/cycle09_stage4_state_displacement/cells/llama/sft/step_020/E_general.L14.main.direction.pt,activation_conditioned_update_displacement_singular_values,128,0.04650747868532072,0.051698162203862405,0.003492521314679281,0.0016981622038624022,0.0016981622038624022,1.4236494102612658,4.3746776347714365,0.7024201273096314,0.9128236121125969,0,PASS
llama,sft,20,E_general,14,mlp.down_proj,0.1,9,displacement_rank,/root/autodl-tmp/cycle09_stage4_state_displacement/cells/llama/sft/step_020/E_general.L14.main.direction.pt,activation_conditioned_update_displacement_singular_values,128,0.09736678683218424,0.10838119086598197,0.0026332131678157705,0.008381190865981963,0.0026332131678157705,1.4236494102612658,4.3746776347714365,0.7024201273096314,0.9128236121125969,0,PASS
llama,sft,20,E_math,14,self_attn.q_proj,0.01,25,displacement_rank,/root/autodl-tmp/cycle09_stage4_state_displacement/cells/llama/sft/step_020/E_math.L14.main.direction.pt,activation_conditioned_update_displacement_singular_values,128,0.009528163041203953,0.011566890914616365,0.00047183695879604755,0.0015668909146163649,0.00047183695879604755,1.4365065330853857,4.274606737709253,0.6961332767851465,0.9280238159487764,0,PASS
llama,sft,20,E_math,14,self_attn.q_proj,0.025,19,displacement_rank,/root/autodl-tmp/cycle09_stage4_state_displacement/cells/llama/sft/step_020/E_math.L14.main.direction.pt,activation_conditioned_update_displacement_singular_values,128,0.024728475147052485,0.02799075985832509,0.00027152485294751685,0.002990759858325087,0.00027152485294751685,1.4365065330853857,4.274606737709253,0.6961332767851465,0.9280238159487764,0,PASS
llama,sft,20,E_math,14,self_attn.q_proj,0.05,14,displacement_rank,/root/autodl-tmp/cycle09_stage4_state_displacement/cells/llama/sft/step_020/E_math.L14.main.direction.pt,activation_conditioned_update_displacement_singular_values,128,0.04561381439495065,0.05084564088865453,0.004386185605049352,0.0008456408886545266,0.0008456408886545266,1.4365065330853857,4.274606737709253,0.6961332767851465,0.9280238159487764,0,PASS
llama,sft,20,E_math,14,self_attn.q_proj,0.1,8,displacement_rank,/root/autodl-tmp/cycle09_stage4_state_displacement/cells/llama/sft/step_020/E_math.L14.main.direction.pt,activation_conditioned_update_displacement_singular_values,128,0.09133622459957941,0.10312535160047015,0.008663775400420598,0.0031253516004701443,0.0031253516004701443,1.4365065330853857,4.274606737709253,0.6961332767851465,0.9280238159487764,0,PASS
llama,sft,20,E_math,14,self_attn.k_proj,0.01,27,displacement_rank,/root/autodl-tmp/cycle09_stage4_state_displacement/cells/llama/sft/step_020/E_math.L14.main.direction.pt,activation_conditioned_update_displacement_singular_values,128,0.009686952026947172,0.012703410800827968,0.0003130479730528279,0.002703410800827968,0.0003130479730528279,1.7187622735510124,6.596965055955009,0.5818140270986815,0.8824166423267406,0,PASS
llama,sft,20,E_math,14,self_attn.k_proj,0.025,23,displacement_rank,/root/autodl-tmp/cycle09_stage4_state_displacement/cells/llama/sft/step_020/E_math.L14.main.direction.pt,activation_conditioned_update_displacement_singular_values,128,0.022841257167607903,0.02670549344726029,0.002158742832392098,0.0017054934472602902,0.0017054934472602902,1.7187622735510124,6.596965055955009,0.5818140270986815,0.8824166423267406,0,PASS
llama,sft,20,E_math,14,self_attn.k_proj,0.05,18,displacement_rank,/root/autodl-tmp/cycle09_stage4_state_displacement/cells/llama/sft/step_020/E_math.L14.main.direction.pt,activation_conditioned_update_displacement_singular_values,128,0.04573069155448353,0.05184374769318264,0.00426930844551647,0.001843747693182636,0.001843747693182636,1.7187622735510124,6.596965055955009,0.5818140270986815,0.8824166423267406,0,PASS
llama,sft,20,E_math,14,self_attn.k_proj,0.1,12,displacement_rank,/root/autodl-tmp/cycle09_stage4_state_displacement/cells/llama/sft/step_020/E_math.L14.main.direction.pt,activation_conditioned_update_displacement_singular_values,128,0.09319177644015078,0.10413212386612422,0.006808223559849225,0.0041321238661242154,0.0041321238661242154,1.7187622735510124,6.596965055955009,0.5818140270986815,0.8824166423267406,0,PASS
llama,sft,20,E_math,14,self_attn.v_proj,0.01,16,displacement_rank,/root/autodl-tmp/cycle09_stage4_state_displacement/cells/llama/sft/step_020/E_math.L14.main.direction.pt,activation_conditioned_update_displacement_singular_values,128,0.00952340989636676,0.010851422226079136,0.00047659010363323984,0.0008514222260791356,0.00047659010363323984,1.1262258240735528,1.877995940520676,0.8879213907411619,0.9804333052576675,0,PASS
llama,sft,20,E_math,14,self_attn.v_proj,0.025,9,displacement_rank,/root/autodl-tmp/cycle09_stage4_state_displacement/cells/llama/sft/step_020/E_math.L14.main.direction.pt,activation_conditioned_update_displacement_singular_values,128,0.022311729347038792,0.025394343007111818,0.002688270652961209,0.00039434300711181647,0.00039434300711181647,1.1262258240735528,1.877995940520676,0.8879213907411619,0.9804333052576675,0,PASS
llama,sft,20,E_math,14,self_attn.v_proj,0.05,4,displacement_rank,/root/autodl-tmp/cycle09_stage4_state_displacement/cells/llama/sft/step_020/E_math.L14.main.direction.pt,activation_conditioned_update_displacement_singular_values,128,0.04975410651885067,0.06081332820595033,0.0002458934811493327,0.01081332820595033,0.0002458934811493327,1.1262258240735528,1.877995940520676,0.8879213907411619,0.9804333052576675,0,PASS
llama,sft,20,E_math,14,self_attn.v_proj,0.1,2,displacement_rank,/root/autodl-tmp/cycle09_stage4_state_displacement/cells/llama/sft/step_020/E_math.L14.main.direction.pt,activation_conditioned_update_displacement_singular_values,128,0.07736778999907648,0.11207860925883813,0.022632210000923525,0.012078609258838122,0.012078609258838122,1.1262258240735528,1.877995940520676,0.8879213907411619,0.9804333052576675,0,PASS
llama,sft,20,E_math,14,self_attn.o_proj,0.01,18,displacement_rank,/root/autodl-tmp/cycle09_stage4_state_displacement/cells/llama/sft/step_020/E_math.L14.main.direction.pt,activation_conditioned_update_displacement_singular_values,128,0.008891324648378517,0.010192919216376332,0.0011086753516214836,0.0001929192163763315,0.0001929192163763315,1.180227562846671,2.254106407171675,0.8472942265371537,0.9748890247894334,0,PASS
llama,sft,20,E_math,14,self_attn.o_proj,0.025,11,displacement_rank,/root/autodl-tmp/cycle09_stage4_state_displacement/cells/llama/sft/step_020/E_math.L14.main.direction.pt,activation_conditioned_update_displacement_singular_values,128,0.021966864878641856,0.025110975210566842,0.003033135121358145,0.00011097521056684101,0.00011097521056684101,1.180227562846671,2.254106407171675,0.8472942265371537,0.9748890247894334,0,PASS
llama,sft,20,E_math,14,self_attn.o_proj,0.05,6,displacement_rank,/root/autodl-tmp/cycle09_stage4_state_displacement/cells/llama/sft/step_020/E_math.L14.main.direction.pt,activation_conditioned_update_displacement_singular_values,128,0.04647245187173687,0.05550147671090529,0.0035275481282631346,0.005501476710905284,0.0035275481282631346,1.180227562846671,2.254106407171675,0.8472942265371537,0.9748890247894334,0,PASS
llama,sft,20,E_math,14,self_attn.o_proj,0.1,3,displacement_rank,/root/autodl-tmp/cycle09_stage4_state_displacement/cells/llama/sft/step_020/E_math.L14.main.direction.pt,activation_conditioned_update_displacement_singular_values,128,0.08666310757436144,0.116611978858316,0.013336892425638569,0.016611978858316,0.013336892425638569,1.180227562846671,2.254106407171675,0.8472942265371537,0.9748890247894334,0,PASS
llama,sft,20,E_math,14,mlp.gate_proj,0.01,22,displacement_rank,/root/autodl-tmp/cycle09_stage4_state_displacement/cells/llama/sft/step_020/E_math.L14.main.direction.pt,activation_conditioned_update_displacement_singular_values,128,0.00931065731154506,0.010758411523113643,0.0006893426884549397,0.0007584115231136432,0.0006893426884549397,1.1575228458093372,2.197167412089909,0.8639138342887759,0.9615995762651988,0,PASS
llama,sft,20,E_math,14,mlp.gate_proj,0.025,14,displacement_rank,/root/autodl-tmp/cycle09_stage4_state_displacement/cells/llama/sft/step_020/E_math.L14.main.direction.pt,activation_conditioned_update_displacement_singular_values,128,0.0246700132921857,0.02749920779408583,0.0003299867078143011,0.002499207794085828,0.0003299867078143011,1.1575228458093372,2.197167412089909,0.8639138342887759,0.9615995762651988,0,PASS
llama,sft,20,E_math,14,mlp.gate_proj,0.05,8,displacement_rank,/root/autodl-tmp/cycle09_stage4_state_displacement/cells/llama/sft/step_020/E_math.L14.main.direction.pt,activation_conditioned_update_displacement_singular_values,128,0.04788534012457438,0.053783907578453506,0.0021146598754256257,0.0037839075784535034,0.0021146598754256257,1.1575228458093372,2.197167412089909,0.8639138342887759,0.9615995762651988,0,PASS
llama,sft,20,E_math,14,mlp.gate_proj,0.1,3,displacement_rank,/root/autodl-tmp/cycle09_stage4_state_displacement/cells/llama/sft/step_020/E_math.L14.main.direction.pt,activation_conditioned_update_displacement_singular_values,128,0.09036290458905608,0.10706964471827692,0.00963709541094393,0.00706964471827691,0.00706964471827691,1.1575228458093372,2.197167412089909,0.8639138342887759,0.9615995762651988,0,PASS
llama,sft,20,E_math,14,mlp.up_proj,0.01,21,displacement_rank,/root/autodl-tmp/cycle09_stage4_state_displacement/cells/llama/sft/step_020/E_math.L14.main.direction.pt,activation_conditioned_update_displacement_singular_values,128,0.009024476087802692,0.010441107005829661,0.000975523912197308,0.000441107005829661,0.000441107005829661,1.1553557075757261,2.1425761779933863,0.8655343055328754,0.9659196263012108,0,PASS
llama,sft,20,E_math,14,mlp.up_proj,0.025,13,displacement_rank,/root/autodl-tmp/cycle09_stage4_state_displacement/cells/llama/sft/step_020/E_math.L14.main.direction.pt,activation_conditioned_update_displacement_singular_values,128,0.024463030621294835,0.02747696471974563,0.0005369693787051662,0.0024769647197456293,0.0005369693787051662,1.1553557075757261,2.1425761779933863,0.8655343055328754,0.9659196263012108,0,PASS
llama,sft,20,E_math,14,mlp.up_proj,0.05,7,displacement_rank,/root/autodl-tmp/cycle09_stage4_state_displacement/cells/llama/sft/step_020/E_math.L14.main.direction.pt,activation_conditioned_update_displacement_singular_values,128,0.047315461525866645,0.05307711200156431,0.0026845384741333578,0.003077112001564304,0.0026845384741333578,1.1553557075757261,2.1425761779933863,0.8655343055328754,0.9659196263012108,0,PASS
llama,sft,20,E_math,14,mlp.up_proj,0.1,2,displacement_rank,/root/autodl-tmp/cycle09_stage4_state_displacement/cells/llama/sft/step_020/E_math.L14.main.direction.pt,activation_conditioned_update_displacement_singular_values,128,0.09925502623597449,0.1344656944671244,0.0007449737640255194,0.034465694467124386,0.0007449737640255194,1.1553557075757261,2.1425761779933863,0.8655343055328754,0.9659196263012108,0,PASS
llama,sft,20,E_math,14,mlp.down_proj,0.01,19,displacement_rank,/root/autodl-tmp/cycle09_stage4_state_displacement/cells/llama/sft/step_020/E_math.L14.main.direction.pt,activation_conditioned_update_displacement_singular_values,128,0.009053476892896534,0.010316817095596391,0.0009465231071034662,0.00031681709559639067,0.00031681709559639067,1.1207237933443168,1.8887256715154428,0.8922805118787844,0.9735642818199299,0,PASS
llama,sft,20,E_math,14,mlp.down_proj,0.025,11,displacement_rank,/root/autodl-tmp/cycle09_stage4_state_displacement/cells/llama/sft/step_020/E_math.L14.main.direction.pt,activation_conditioned_update_displacement_singular_values,128,0.023562684915012216,0.026435718180069845,0.0014373150849877857,0.0014357181800698435,0.0014357181800698435,1.1207237933443168,1.8887256715154428,0.8922805118787844,0.9735642818199299,0,PASS
llama,sft,20,E_math,14,mlp.down_proj,0.05,5,displacement_rank,/root/autodl-tmp/cycle09_stage4_state_displacement/cells/llama/sft/step_020/E_math.L14.main.direction.pt,activation_conditioned_update_displacement_singular_values,128,0.04954728998756846,0.05675159237771001,0.0004527100124315439,0.00675159237771001,0.0004527100124315439,1.1207237933443168,1.8887256715154428,0.8922805118787844,0.9735642818199299,0,PASS
llama,sft,20,E_math,14,mlp.down_proj,0.1,2,displacement_rank,/root/autodl-tmp/cycle09_stage4_state_displacement/cells/llama/sft/step_020/E_math.L14.main.direction.pt,activation_conditioned_update_displacement_singular_values,128,0.07911829692556352,0.10771948812121523,0.020881703074436486,0.007719488121215229,0.007719488121215229,1.1207237933443168,1.8887256715154428,0.8922805118787844,0.9735642818199299,0,PASS
llama,sft,20,E_ood,14,self_attn.q_proj,0.01,26,displacement_rank,/root/autodl-tmp/cycle09_stage4_state_displacement/cells/llama/sft/step_020/E_ood.L14.main.direction.pt,activation_conditioned_update_displacement_singular_values,128,0.00869614813949774,0.010595153906456364,0.0013038518605022597,0.0005951539064563641,0.0005951539064563641,1.436541033922134,4.348724050273794,0.6961165580280971,0.9223406027999532,0,PASS
llama,sft,20,E_ood,14,self_attn.q_proj,0.025,20,displacement_rank,/root/autodl-tmp/cycle09_stage4_state_displacement/cells/llama/sft/step_020/E_ood.L14.main.direction.pt,activation_conditioned_update_displacement_singular_values,128,0.02371976867450638,0.027072137653677327,0.0012802313254936214,0.0020721376536773257,0.0012802313254936214,1.436541033922134,4.348724050273794,0.6961165580280971,0.9223406027999532,0,PASS
llama,sft,20,E_ood,14,self_attn.q_proj,0.05,14,displacement_rank,/root/autodl-tmp/cycle09_stage4_state_displacement/cells/llama/sft/step_020/E_ood.L14.main.direction.pt,activation_conditioned_update_displacement_singular_values,128,0.04915388290720899,0.055012149682788905,0.0008461170927910114,0.005012149682788902,0.0008461170927910114,1.436541033922134,4.348724050273794,0.6961165580280971,0.9223406027999532,0,PASS
llama,sft,20,E_ood,14,self_attn.q_proj,0.1,8,displacement_rank,/root/autodl-tmp/cycle09_stage4_state_displacement/cells/llama/sft/step_020/E_ood.L14.main.direction.pt,activation_conditioned_update_displacement_singular_values,128,0.09678392711853591,0.10733130039700096,0.0032160728814640965,0.007331300397000959,0.0032160728814640965,1.436541033922134,4.348724050273794,0.6961165580280971,0.9223406027999532,0,PASS
llama,sft,20,E_ood,14,self_attn.k_proj,0.01,27,displacement_rank,/root/autodl-tmp/cycle09_stage4_state_displacement/cells/llama/sft/step_020/E_ood.L14.main.direction.pt,activation_conditioned_update_displacement_singular_values,128,0.009763114970818663,0.01265110768793719,0.00023688502918133708,0.0026511076879371896,0.00023688502918133708,1.7618992092822527,6.857436057878762,0.567569356255839,0.8782655608771343,0,PASS
llama,sft,20,E_ood,14,self_attn.k_proj,0.025,23,displacement_rank,/root/autodl-tmp/cycle09_stage4_state_displacement/cells/llama/sft/step_020/E_ood.L14.main.direction.pt,activation_conditioned_update_displacement_singular_values,128,0.023319183417770256,0.027813135812055054,0.0016808165822297452,0.002813135812055053,0.0016808165822297452,1.7618992092822527,6.857436057878762,0.567569356255839,0.8782655608771343,0,PASS
llama,sft,20,E_ood,14,self_attn.k_proj,0.05,18,displacement_rank,/root/autodl-tmp/cycle09_stage4_state_displacement/cells/llama/sft/step_020/E_ood.L14.main.direction.pt,activation_conditioned_update_displacement_singular_values,128,0.04881107919186358,0.05532653424611157,0.001188920808136422,0.0053265342461115694,0.001188920808136422,1.7618992092822527,6.857436057878762,0.567569356255839,0.8782655608771343,0,PASS
llama,sft,20,E_ood,14,self_attn.k_proj,0.1,12,displacement_rank,/root/autodl-tmp/cycle09_stage4_state_displacement/cells/llama/sft/step_020/E_ood.L14.main.direction.pt,activation_conditioned_update_displacement_singular_values,128,0.09612728604931735,0.10758445504889375,0.0038727139506826574,0.00758445504889374,0.0038727139506826574,1.7618992092822527,6.857436057878762,0.567569356255839,0.8782655608771343,0,PASS
llama,sft,20,E_ood,14,self_attn.v_proj,0.01,19,displacement_rank,/root/autodl-tmp/cycle09_stage4_state_displacement/cells/llama/sft/step_020/E_ood.L14.main.direction.pt,activation_conditioned_update_displacement_singular_values,128,0.009863883359199134,0.011332379238297443,0.00013611664080086586,0.0013323792382974424,0.00013611664080086586,1.191097094974188,2.3395022179952556,0.8395621181677644,0.9695358399206484,0,PASS
llama,sft,20,E_ood,14,self_attn.v_proj,0.025,12,displacement_rank,/root/autodl-tmp/cycle09_stage4_state_displacement/cells/llama/sft/step_020/E_ood.L14.main.direction.pt,activation_conditioned_update_displacement_singular_values,128,0.023970786167614264,0.02712851339787826,0.0010292138323857378,0.00212851339787826,0.0010292138323857378,1.191097094974188,2.3395022179952556,0.8395621181677644,0.9695358399206484,0,PASS
llama,sft,20,E_ood,14,self_attn.v_proj,0.05,7,displacement_rank,/root/autodl-tmp/cycle09_stage4_state_displacement/cells/llama/sft/step_020/E_ood.L14.main.direction.pt,activation_conditioned_update_displacement_singular_values,128,0.04465553162129236,0.05141187541204471,0.00534446837870764,0.0014118754120447038,0.0014118754120447038,1.191097094974188,2.3395022179952556,0.8395621181677644,0.9695358399206484,0,PASS
llama,sft,20,E_ood,14,self_attn.v_proj,0.1,3,displacement_rank,/root/autodl-tmp/cycle09_stage4_state_displacement/cells/llama/sft/step_020/E_ood.L14.main.direction.pt,activation_conditioned_update_displacement_singular_values,128,0.09180138377948069,0.11239132186659372,0.008198616220519317,0.01239132186659371,0.008198616220519317,1.191097094974188,2.3395022179952556,0.8395621181677644,0.9695358399206484,0,PASS
llama,sft,20,E_ood,14,self_attn.o_proj,0.01,21,displacement_rank,/root/autodl-tmp/cycle09_stage4_state_displacement/cells/llama/sft/step_020/E_ood.L14.main.direction.pt,activation_conditioned_update_displacement_singular_values,128,0.00979697312536833,0.0113715489283122,0.00020302687463166942,0.0013715489283121999,0.00020302687463166942,1.2508426811446838,2.7976485822959147,0.7994610473995578,0.9596348962058211,0,PASS
llama,sft,20,E_ood,14,self_attn.o_proj,0.025,15,displacement_rank,/root/autodl-tmp/cycle09_stage4_state_displacement/cells/llama/sft/step_020/E_ood.L14.main.direction.pt,activation_conditioned_update_displacement_singular_values,128,0.022231079088634607,0.025062101013393775,0.002768920911365394,6.210101339377411e-05,6.210101339377411e-05,1.2508426811446838,2.7976485822959147,0.7994610473995578,0.9596348962058211,0,PASS
llama,sft,20,E_ood,14,self_attn.o_proj,0.05,9,displacement_rank,/root/autodl-tmp/cycle09_stage4_state_displacement/cells/llama/sft/step_020/E_ood.L14.main.direction.pt,activation_conditioned_update_displacement_singular_values,128,0.04610615207929384,0.05224852299016199,0.003893847920706163,0.00224852299016199,0.00224852299016199,1.2508426811446838,2.7976485822959147,0.7994610473995578,0.9596348962058211,0,PASS
llama,sft,20,E_ood,14,self_attn.o_proj,0.1,4,displacement_rank,/root/autodl-tmp/cycle09_stage4_state_displacement/cells/llama/sft/step_020/E_ood.L14.main.direction.pt,activation_conditioned_update_displacement_singular_values,128,0.09639355905055037,0.1209743359213475,0.0036064409494496324,0.020974335921347495,0.0036064409494496324,1.2508426811446838,2.7976485822959147,0.7994610473995578,0.9596348962058211,0,PASS
llama,sft,20,E_ood,14,mlp.gate_proj,0.01,24,displacement_rank,/root/autodl-tmp/cycle09_stage4_state_displacement/cells/llama/sft/step_020/E_ood.L14.main.direction.pt,activation_conditioned_update_displacement_singular_values,128,0.009539900626321507,0.011219927610530527,0.00046009937367849293,0.0012199276105305263,0.00046009937367849293,1.2064430567001494,2.5970401026600483,0.8288828838181469,0.9495871629316178,0,PASS
llama,sft,20,E_ood,14,mlp.gate_proj,0.025,17,displacement_rank,/root/autodl-tmp/cycle09_stage4_state_displacement/cells/llama/sft/step_020/E_ood.L14.main.direction.pt,activation_conditioned_update_displacement_singular_values,128,0.02454393135088144,0.027251470342163797,0.00045606864911856143,0.0022514703421637958,0.00045606864911856143,1.2064430567001494,2.5970401026600483,0.8288828838181469,0.9495871629316178,0,PASS
llama,sft,20,E_ood,14,mlp.gate_proj,0.05,11,displacement_rank,/root/autodl-tmp/cycle09_stage4_state_displacement/cells/llama/sft/step_020/E_ood.L14.main.direction.pt,activation_conditioned_update_displacement_singular_values,128,0.045166506569223136,0.05041283706838224,0.004833493430776867,0.0004128370683822366,0.0004128370683822366,1.2064430567001494,2.5970401026600483,0.8288828838181469,0.9495871629316178,0,PASS
llama,sft,20,E_ood,14,mlp.gate_proj,0.1,4,displacement_rank,/root/autodl-tmp/cycle09_stage4_state_displacement/cells/llama/sft/step_020/E_ood.L14.main.direction.pt,activation_conditioned_update_displacement_singular_values,128,0.09769251908696365,0.116542883663382,0.0023074809130363555,0.016542883663381996,0.0023074809130363555,1.2064430567001494,2.5970401026600483,0.8288828838181469,0.9495871629316178,0,PASS
llama,sft,20,E_ood,14,mlp.up_proj,0.01,24,displacement_rank,/root/autodl-tmp/cycle09_stage4_state_displacement/cells/llama/sft/step_020/E_ood.L14.main.direction.pt,activation_conditioned_update_displacement_singular_values,128,0.009684107406816382,0.011486589896855843,0.00031589259318361845,0.001486589896855843,0.00031589259318361845,1.2579438700314853,2.9531492201698204,0.7949480289410455,0.9458031824222215,0,PASS
llama,sft,20,E_ood,14,mlp.up_proj,0.025,18,displacement_rank,/root/autodl-tmp/cycle09_stage4_state_displacement/cells/llama/sft/step_020/E_ood.L14.main.direction.pt,activation_conditioned_update_displacement_singular_values,128,0.022384193353064352,0.025188456958603903,0.002615806646935649,0.00018845695860390116,0.00018845695860390116,1.2579438700314853,2.9531492201698204,0.7949480289410455,0.9458031824222215,0,PASS
llama,sft,20,E_ood,14,mlp.up_proj,0.05,11,displacement_rank,/root/autodl-tmp/cycle09_stage4_state_displacement/cells/llama/sft/step_020/E_ood.L14.main.direction.pt,activation_conditioned_update_displacement_singular_values,128,0.04855983126777417,0.05419681757777843,0.0014401687322258341,0.004196817577778428,0.0014401687322258341,1.2579438700314853,2.9531492201698204,0.7949480289410455,0.9458031824222215,0,PASS
llama,sft,20,E_ood,14,mlp.up_proj,0.1,5,displacement_rank,/root/autodl-tmp/cycle09_stage4_state_displacement/cells/llama/sft/step_020/E_ood.L14.main.direction.pt,activation_conditioned_update_displacement_singular_values,128,0.09691813393527757,0.11044892513668327,0.0030818660647224383,0.01044892513668326,0.0030818660647224383,1.2579438700314853,2.9531492201698204,0.7949480289410455,0.9458031824222215,0,PASS
llama,sft,20,E_ood,14,mlp.down_proj,0.01,21,displacement_rank,/root/autodl-tmp/cycle09_stage4_state_displacement/cells/llama/sft/step_020/E_ood.L14.main.direction.pt,activation_conditioned_update_displacement_singular_values,128,0.009928198095670382,0.011344496268580369,7.180190432961794e-05,0.0013444962685803686,7.180190432961794e-05,1.1547260442225924,2.1605694889521625,0.866006274824467,0.9640280945334005,0,PASS
llama,sft,20,E_ood,14,mlp.down_proj,0.025,14,displacement_rank,/root/autodl-tmp/cycle09_stage4_state_displacement/cells/llama/sft/step_020/E_ood.L14.main.direction.pt,activation_conditioned_update_displacement_singular_values,128,0.02275355902089671,0.025446615664670026,0.0022464409791032904,0.0004466156646700248,0.0004466156646700248,1.1547260442225924,2.1605694889521625,0.866006274824467,0.9640280945334005,0,PASS
llama,sft,20,E_ood,14,mlp.down_proj,0.05,8,displacement_rank,/root/autodl-tmp/cycle09_stage4_state_displacement/cells/llama/sft/step_020/E_ood.L14.main.direction.pt,activation_conditioned_update_displacement_singular_values,128,0.04490796284155095,0.050586172278948946,0.005092037158449053,0.0005861722789489432,0.0005861722789489432,1.1547260442225924,2.1605694889521625,0.866006274824467,0.9640280945334005,0,PASS
llama,sft,20,E_ood,14,mlp.down_proj,0.1,3,displacement_rank,/root/autodl-tmp/cycle09_stage4_state_displacement/cells/llama/sft/step_020/E_ood.L14.main.direction.pt,activation_conditioned_update_displacement_singular_values,128,0.08525292550576576,0.10284583624969272,0.01474707449423425,0.0028458362496927153,0.0028458362496927153,1.1547260442225924,2.1605694889521625,0.866006274824467,0.9640280945334005,0,PASS
llama,sft,20,E_if,14,self_attn.q_proj,0.01,25,displacement_rank,/root/autodl-tmp/cycle09_stage4_state_displacement/cells/llama/sft/step_020/E_if.L14.main.direction.pt,activation_conditioned_update_displacement_singular_values,128,0.009871129117914951,0.012050254512963581,0.00012887088208504878,0.002050254512963581,0.00012887088208504878,1.391566624429446,3.903587061743123,0.7186145330339525,0.932163108140767,0,PASS
llama,sft,20,E_if,14,self_attn.q_proj,0.025,20,displacement_rank,/root/autodl-tmp/cycle09_stage4_state_displacement/cells/llama/sft/step_020/E_if.L14.main.direction.pt,activation_conditioned_update_displacement_singular_values,128,0.02212934743535007,0.025029742282747562,0.0028706525646499323,2.9742282747560744e-05,2.9742282747560744e-05,1.391566624429446,3.903587061743123,0.7186145330339525,0.932163108140767,0,PASS
llama,sft,20,E_if,14,self_attn.q_proj,0.05,13,displacement_rank,/root/autodl-tmp/cycle09_stage4_state_displacement/cells/llama/sft/step_020/E_if.L14.main.direction.pt,activation_conditioned_update_displacement_singular_values,128,0.049676596830113565,0.055218343023124526,0.00032340316988643814,0.005218343023124523,0.00032340316988643814,1.391566624429446,3.903587061743123,0.7186145330339525,0.932163108140767,0,PASS
llama,sft,20,E_if,14,self_attn.q_proj,0.1,7,displacement_rank,/root/autodl-tmp/cycle09_stage4_state_displacement/cells/llama/sft/step_020/E_if.L14.main.direction.pt,activation_conditioned_update_displacement_singular_values,128,0.0945449004523548,0.10663930203843894,0.005455099547645212,0.006639302038438932,0.005455099547645212,1.391566624429446,3.903587061743123,0.7186145330339525,0.932163108140767,0,PASS
llama,sft,20,E_if,14,self_attn.k_proj,0.01,27,displacement_rank,/root/autodl-tmp/cycle09_stage4_state_displacement/cells/llama/sft/step_020/E_if.L14.main.direction.pt,activation_conditioned_update_displacement_singular_values,128,0.009939803345590387,0.013098888377945764,6.019665440961351e-05,0.0030988883779457643,6.019665440961351e-05,1.6458597423051935,6.250401131697788,0.6075851874227135,0.8811082624092448,0,PASS
llama,sft,20,E_if,14,self_attn.k_proj,0.025,23,displacement_rank,/root/autodl-tmp/cycle09_stage4_state_displacement/cells/llama/sft/step_020/E_if.L14.main.direction.pt,activation_conditioned_update_displacement_singular_values,128,0.023958236027243233,0.028258621369521144,0.0010417639727567686,0.0032586213695211426,0.0010417639727567686,1.6458597423051935,6.250401131697788,0.6075851874227135,0.8811082624092448,0,PASS
llama,sft,20,E_if,14,self_attn.k_proj,0.05,18,displacement_rank,/root/autodl-tmp/cycle09_stage4_state_displacement/cells/llama/sft/step_020/E_if.L14.main.direction.pt,activation_conditioned_update_displacement_singular_values,128,0.04810594979170715,0.054042376951080155,0.0018940502082928495,0.0040423769510801524,0.0018940502082928495,1.6458597423051935,6.250401131697788,0.6075851874227135,0.8811082624092448,0,PASS
llama,sft,20,E_if,14,self_attn.k_proj,0.1,12,displacement_rank,/root/autodl-tmp/cycle09_stage4_state_displacement/cells/llama/sft/step_020/E_if.L14.main.direction.pt,activation_conditioned_update_displacement_singular_values,128,0.09447336214754566,0.105233821552885,0.005526637852454344,0.005233821552885001,0.005233821552885001,1.6458597423051935,6.250401131697788,0.6075851874227135,0.8811082624092448,0,PASS
llama,sft,20,E_if,14,self_attn.v_proj,0.01,19,displacement_rank,/root/autodl-tmp/cycle09_stage4_state_displacement/cells/llama/sft/step_020/E_if.L14.main.direction.pt,activation_conditioned_update_displacement_singular_values,128,0.009648027653454481,0.011033615139586178,0.0003519723465455187,0.0010336151395861776,0.0003519723465455187,1.1585361708834645,2.145890887829199,0.8631582035435547,0.9706497843161737,0,PASS
llama,sft,20,E_if,14,self_attn.v_proj,0.025,12,displacement_rank,/root/autodl-tmp/cycle09_stage4_state_displacement/cells/llama/sft/step_020/E_if.L14.main.direction.pt,activation_conditioned_update_displacement_singular_values,128,0.023098834940967733,0.026119050329578224,0.0019011650590322685,0.0011190503295782223,0.0011190503295782223,1.1585361708834645,2.145890887829199,0.8631582035435547,0.9706497843161737,0,PASS
llama,sft,20,E_if,14,self_attn.v_proj,0.05,6,displacement_rank,/root/autodl-tmp/cycle09_stage4_state_displacement/cells/llama/sft/step_020/E_if.L14.main.direction.pt,activation_conditioned_update_displacement_singular_values,128,0.047159624283913536,0.05685580269662792,0.002840375716086467,0.006855802696627916,0.002840375716086467,1.1585361708834645,2.145890887829199,0.8631582035435547,0.9706497843161737,0,PASS
llama,sft,20,E_if,14,self_attn.v_proj,0.1,3,displacement_rank,/root/autodl-tmp/cycle09_stage4_state_displacement/cells/llama/sft/step_020/E_if.L14.main.direction.pt,activation_conditioned_update_displacement_singular_values,128,0.08391671058994436,0.10464265749416007,0.016083289410055643,0.0046426574941600685,0.0046426574941600685,1.1585361708834645,2.145890887829199,0.8631582035435547,0.9706497843161737,0,PASS
llama,sft,20,E_if,14,self_attn.o_proj,0.01,25,displacement_rank,/root/autodl-tmp/cycle09_stage4_state_displacement/cells/llama/sft/step_020/E_if.L14.main.direction.pt,activation_conditioned_update_displacement_singular_values,128,0.008995222711847538,0.011127684775468537,0.001004777288152462,0.001127684775468537,0.001004777288152462,2.0957976958526934,6.18345025536521,0.47714529030109526,0.9259748042528199,0,PASS
llama,sft,20,E_if,14,self_attn.o_proj,0.025,19,displacement_rank,/root/autodl-tmp/cycle09_stage4_state_displacement/cells/llama/sft/step_020/E_if.L14.main.direction.pt,activation_conditioned_update_displacement_singular_values,128,0.024878915952544836,0.02847916173281402,0.00012108404745516527,0.0034791617328140192,0.00012108404745516527,2.0957976958526934,6.18345025536521,0.47714529030109526,0.9259748042528199,0,PASS
llama,sft,20,E_if,14,self_attn.o_proj,0.05,14,displacement_rank,/root/autodl-tmp/cycle09_stage4_state_displacement/cells/llama/sft/step_020/E_if.L14.main.direction.pt,activation_conditioned_update_displacement_singular_values,128,0.04582333192418042,0.051337131937138285,0.004176668075819581,0.001337131937138282,0.001337131937138282,2.0957976958526934,6.18345025536521,0.47714529030109526,0.9259748042528199,0,PASS
llama,sft,20,E_if,14,self_attn.o_proj,0.1,8,displacement_rank,/root/autodl-tmp/cycle09_stage4_state_displacement/cells/llama/sft/step_020/E_if.L14.main.direction.pt,activation_conditioned_update_displacement_singular_values,128,0.09449526761350531,0.10692975553698042,0.005504732386494696,0.006929755536980414,0.005504732386494696,2.0957976958526934,6.18345025536521,0.47714529030109526,0.9259748042528199,0,PASS
llama,sft,20,E_if,14,mlp.gate_proj,0.01,24,displacement_rank,/root/autodl-tmp/cycle09_stage4_state_displacement/cells/llama/sft/step_020/E_if.L14.main.direction.pt,activation_conditioned_update_displacement_singular_values,128,0.00951997824978996,0.011257066008801879,0.00048002175021004054,0.0012570660088018788,0.00048002175021004054,1.2009794253987023,2.585568840002631,0.8326537314892127,0.9479363457453948,0,PASS
llama,sft,20,E_if,14,mlp.gate_proj,0.025,17,displacement_rank,/root/autodl-tmp/cycle09_stage4_state_displacement/cells/llama/sft/step_020/E_if.L14.main.direction.pt,activation_conditioned_update_displacement_singular_values,128,0.024438354588825133,0.02727403120013567,0.000561645411174868,0.0022740312001356677,0.000561645411174868,1.2009794253987023,2.585568840002631,0.8326537314892127,0.9479363457453948,0,PASS
llama,sft,20,E_if,14,mlp.gate_proj,0.05,11,displacement_rank,/root/autodl-tmp/cycle09_stage4_state_displacement/cells/llama/sft/step_020/E_if.L14.main.direction.pt,activation_conditioned_update_displacement_singular_values,128,0.04677596196763443,0.05206365425460537,0.003224038032365574,0.0020636542546053696,0.0020636542546053696,1.2009794253987023,2.585568840002631,0.8326537314892127,0.9479363457453948,0,PASS
llama,sft,20,E_if,14,mlp.gate_proj,0.1,5,displacement_rank,/root/autodl-tmp/cycle09_stage4_state_displacement/cells/llama/sft/step_020/E_if.L14.main.direction.pt,activation_conditioned_update_displacement_singular_values,128,0.09196221822604385,0.10628993773819302,0.008037781773956157,0.006289937738193016,0.006289937738193016,1.2009794253987023,2.585568840002631,0.8326537314892127,0.9479363457453948,0,PASS
llama,sft,20,E_if,14,mlp.up_proj,0.01,24,displacement_rank,/root/autodl-tmp/cycle09_stage4_state_displacement/cells/llama/sft/step_020/E_if.L14.main.direction.pt,activation_conditioned_update_displacement_singular_values,128,0.009550186527584305,0.01131141260789359,0.0004498134724156954,0.0013114126078935893,0.0004498134724156954,1.2378987466854803,2.814310769517071,0.8078205125237722,0.9467349805840839,0,PASS
llama,sft,20,E_if,14,mlp.up_proj,0.025,18,displacement_rank,/root/autodl-tmp/cycle09_stage4_state_displacement/cells/llama/sft/step_020/E_if.L14.main.direction.pt,activation_conditioned_update_displacement_singular_values,128,0.022352625115432505,0.02513791229438705,0.0026473748845674966,0.0001379122943870499,0.0001379122943870499,1.2378987466854803,2.814310769517071,0.8078205125237722,0.9467349805840839,0,PASS
llama,sft,20,E_if,14,mlp.up_proj,0.05,11,displacement_rank,/root/autodl-tmp/cycle09_stage4_state_displacement/cells/llama/sft/step_020/E_if.L14.main.direction.pt,activation_conditioned_update_displacement_singular_values,128,0.048132589576828214,0.05326501941591622,0.0018674104231717892,0.003265019415916219,0.0018674104231717892,1.2378987466854803,2.814310769517071,0.8078205125237722,0.9467349805840839,0,PASS
llama,sft,20,E_if,14,mlp.up_proj,0.1,5,displacement_rank,/root/autodl-tmp/cycle09_stage4_state_displacement/cells/llama/sft/step_020/E_if.L14.main.direction.pt,activation_conditioned_update_displacement_singular_values,128,0.09458993437796769,0.10732584560258446,0.00541006562203232,0.007325845602584452,0.00541006562203232,1.2378987466854803,2.814310769517071,0.8078205125237722,0.9467349805840839,0,PASS
llama,sft,20,E_if,14,mlp.down_proj,0.01,21,displacement_rank,/root/autodl-tmp/cycle09_stage4_state_displacement/cells/llama/sft/step_020/E_if.L14.main.direction.pt,activation_conditioned_update_displacement_singular_values,128,0.008998625386037773,0.010334234186923742,0.0010013746139622276,0.00033423418692374134,0.00033423418692374134,1.13808345597011,2.0322690621300663,0.878670184294695,0.9686822135468238,0,PASS
llama,sft,20,E_if,14,mlp.down_proj,0.025,13,displacement_rank,/root/autodl-tmp/cycle09_stage4_state_displacement/cells/llama/sft/step_020/E_if.L14.main.direction.pt,activation_conditioned_update_displacement_singular_values,128,0.023153655512532564,0.025689655207268614,0.0018463444874674377,0.0006896552072686128,0.0006896552072686128,1.13808345597011,2.0322690621300663,0.878670184294695,0.9686822135468238,0,PASS
llama,sft,20,E_if,14,mlp.down_proj,0.05,7,displacement_rank,/root/autodl-tmp/cycle09_stage4_state_displacement/cells/llama/sft/step_020/E_if.L14.main.direction.pt,activation_conditioned_update_displacement_singular_values,128,0.04446690892484894,0.050069325219444,0.005533091075151063,6.932521944399972e-05,6.932521944399972e-05,1.13808345597011,2.0322690621300663,0.878670184294695,0.9686822135468238,0,PASS
llama,sft,20,E_if,14,mlp.down_proj,0.1,2,displacement_rank,/root/autodl-tmp/cycle09_stage4_state_displacement/cells/llama/sft/step_020/E_if.L14.main.direction.pt,activation_conditioned_update_displacement_singular_values,128,0.09327587545006745,0.12132981570530518,0.006724124549932556,0.021329815705305177,0.006724124549932556,1.13808345597011,2.0322690621300663,0.878670184294695,0.9686822135468238,0,PASS
llama,sft,40,E_general,14,self_attn.q_proj,0.01,26,displacement_rank,/root/autodl-tmp/cycle09_stage4_state_displacement/cells/llama/sft/step_040/E_general.L14.main.direction.pt,activation_conditioned_update_displacement_singular_values,128,0.008257689926120798,0.010197843549143973,0.0017423100738792018,0.00019784354914397298,0.00019784354914397298,1.385434525790462,3.952876753298935,0.7217952067633426,0.9292015078474148,0,PASS
llama,sft,40,E_general,14,self_attn.q_proj,0.025,20,displacement_rank,/root/autodl-tmp/cycle09_stage4_state_displacement/cells/llama/sft/step_040/E_general.L14.main.direction.pt,activation_conditioned_update_displacement_singular_values,128,0.022515913098395016,0.025374402817841535,0.002484086901604985,0.00037440281784153345,0.00037440281784153345,1.385434525790462,3.952876753298935,0.7217952067633426,0.9292015078474148,0,PASS
llama,sft,40,E_general,14,self_attn.q_proj,0.05,14,displacement_rank,/root/autodl-tmp/cycle09_stage4_state_displacement/cells/llama/sft/step_040/E_general.L14.main.direction.pt,activation_conditioned_update_displacement_singular_values,128,0.04540076651536721,0.050686628625719356,0.004599233484632793,0.000686628625719353,0.000686628625719353,1.385434525790462,3.952876753298935,0.7217952067633426,0.9292015078474148,0,PASS
llama,sft,40,E_general,14,self_attn.q_proj,0.1,8,displacement_rank,/root/autodl-tmp/cycle09_stage4_state_displacement/cells/llama/sft/step_040/E_general.L14.main.direction.pt,activation_conditioned_update_displacement_singular_values,128,0.090705202927432,0.1041716714681579,0.009294797072568,0.004171671468157889,0.004171671468157889,1.385434525790462,3.952876753298935,0.7217952067633426,0.9292015078474148,0,PASS
llama,sft,40,E_general,14,self_attn.k_proj,0.01,28,displacement_rank,/root/autodl-tmp/cycle09_stage4_state_displacement/cells/llama/sft/step_040/E_general.L14.main.direction.pt,activation_conditioned_update_displacement_singular_values,128,0.009025379226661216,0.012198131808276292,0.0009746207733387843,0.002198131808276292,0.0009746207733387843,1.8155798949791377,7.601299740872068,0.5507882097424804,0.8599995422193057,0,PASS
llama,sft,40,E_general,14,self_attn.k_proj,0.025,24,displacement_rank,/root/autodl-tmp/cycle09_stage4_state_displacement/cells/llama/sft/step_040/E_general.L14.main.direction.pt,activation_conditioned_update_displacement_singular_values,128,0.02292460189325172,0.02712733590455244,0.002075398106748283,0.0021273359045524375,0.002075398106748283,1.8155798949791377,7.601299740872068,0.5507882097424804,0.8599995422193057,0,PASS
llama,sft,40,E_general,14,self_attn.k_proj,0.05,19,displacement_rank,/root/autodl-tmp/cycle09_stage4_state_displacement/cells/llama/sft/step_040/E_general.L14.main.direction.pt,activation_conditioned_update_displacement_singular_values,128,0.0493311989993239,0.0557031152324593,0.0006688010006761017,0.0057031152324592965,0.0006688010006761017,1.8155798949791377,7.601299740872068,0.5507882097424804,0.8599995422193057,0,PASS
llama,sft,40,E_general,14,self_attn.k_proj,0.1,13,displacement_rank,/root/autodl-tmp/cycle09_stage4_state_displacement/cells/llama/sft/step_040/E_general.L14.main.direction.pt,activation_conditioned_update_displacement_singular_values,128,0.09922675453905275,0.11122246408698969,0.0007732454609472583,0.01122246408698968,0.0007732454609472583,1.8155798949791377,7.601299740872068,0.5507882097424804,0.8599995422193057,0,PASS
llama,sft,40,E_general,14,self_attn.v_proj,0.01,21,displacement_rank,/root/autodl-tmp/cycle09_stage4_state_displacement/cells/llama/sft/step_040/E_general.L14.main.direction.pt,activation_conditioned_update_displacement_singular_values,128,0.009574818222824215,0.011305653354706478,0.0004251817771757857,0.001305653354706478,0.0004251817771757857,1.227217982415024,2.644596857821783,0.8148511628163359,0.9598742479692509,0,PASS
llama,sft,40,E_general,14,self_attn.v_proj,0.025,14,displacement_rank,/root/autodl-tmp/cycle09_stage4_state_displacement/cells/llama/sft/step_040/E_general.L14.main.direction.pt,activation_conditioned_update_displacement_singular_values,128,0.024925604144549918,0.028019812464456124,7.43958554500837e-05,0.003019812464456123,7.43958554500837e-05,1.227217982415024,2.644596857821783,0.8148511628163359,0.9598742479692509,0,PASS
llama,sft,40,E_general,14,self_attn.v_proj,0.05,9,displacement_rank,/root/autodl-tmp/cycle09_stage4_state_displacement/cells/llama/sft/step_040/E_general.L14.main.direction.pt,activation_conditioned_update_displacement_singular_values,128,0.04565365432657615,0.05153725709290903,0.004346345673423853,0.001537257092909028,0.001537257092909028,1.227217982415024,2.644596857821783,0.8148511628163359,0.9598742479692509,0,PASS
llama,sft,40,E_general,14,self_attn.v_proj,0.1,4,displacement_rank,/root/autodl-tmp/cycle09_stage4_state_displacement/cells/llama/sft/step_040/E_general.L14.main.direction.pt,activation_conditioned_update_displacement_singular_values,128,0.09248218795207234,0.11057874104514041,0.0075178120479276606,0.010578741045140408,0.0075178120479276606,1.227217982415024,2.644596857821783,0.8148511628163359,0.9598742479692509,0,PASS
llama,sft,40,E_general,14,self_attn.o_proj,0.01,25,displacement_rank,/root/autodl-tmp/cycle09_stage4_state_displacement/cells/llama/sft/step_040/E_general.L14.main.direction.pt,activation_conditioned_update_displacement_singular_values,128,0.009669929418971369,0.011768365339778101,0.0003300705810286315,0.0017683653397781007,0.0003300705810286315,1.801784251281273,6.216797151831566,0.5550054060517438,0.9182881934591821,0,PASS
llama,sft,40,E_general,14,self_attn.o_proj,0.025,20,displacement_rank,/root/autodl-tmp/cycle09_stage4_state_displacement/cells/llama/sft/step_040/E_general.L14.main.direction.pt,activation_conditioned_update_displacement_singular_values,128,0.022768426979064112,0.026339272197120577,0.002231573020935889,0.0013392721971205758,0.0013392721971205758,1.801784251281273,6.216797151831566,0.5550054060517438,0.9182881934591821,0,PASS
llama,sft,40,E_general,14,self_attn.o_proj,0.05,15,displacement_rank,/root/autodl-tmp/cycle09_stage4_state_displacement/cells/llama/sft/step_040/E_general.L14.main.direction.pt,activation_conditioned_update_displacement_singular_values,128,0.04428861641291909,0.05050484845017717,0.005711383587080912,0.0005048484501771686,0.0005048484501771686,1.801784251281273,6.216797151831566,0.5550054060517438,0.9182881934591821,0,PASS
llama,sft,40,E_general,14,self_attn.o_proj,0.1,9,displacement_rank,/root/autodl-tmp/cycle09_stage4_state_displacement/cells/llama/sft/step_040/E_general.L14.main.direction.pt,activation_conditioned_update_displacement_singular_values,128,0.09240224958057723,0.10441586630396305,0.007597750419422775,0.00441586630396304,0.00441586630396304,1.801784251281273,6.216797151831566,0.5550054060517438,0.9182881934591821,0,PASS
llama,sft,40,E_general,14,mlp.gate_proj,0.01,20,displacement_rank,/root/autodl-tmp/cycle09_stage4_state_displacement/cells/llama/sft/step_040/E_general.L14.main.direction.pt,activation_conditioned_update_displacement_singular_values,128,0.009534677529216768,0.010912525295856476,0.0004653224707832325,0.0009125252958564756,0.0004653224707832325,1.102928373652364,1.7964492732346955,0.9066771912744296,0.9708536773501679,0,PASS
llama,sft,40,E_general,14,mlp.gate_proj,0.025,12,displacement_rank,/root/autodl-tmp/cycle09_stage4_state_displacement/cells/llama/sft/step_040/E_general.L14.main.direction.pt,activation_conditioned_update_displacement_singular_values,128,0.023665231665458007,0.026280555361238245,0.0013347683345419949,0.0012805553612382434,0.0012805553612382434,1.102928373652364,1.7964492732346955,0.9066771912744296,0.9708536773501679,0,PASS
llama,sft,40,E_general,14,mlp.gate_proj,0.05,5,displacement_rank,/root/autodl-tmp/cycle09_stage4_state_displacement/cells/llama/sft/step_040/E_general.L14.main.direction.pt,activation_conditioned_update_displacement_singular_values,128,0.04911523919330693,0.05597083358838793,0.0008847608066930718,0.0059708335883879304,0.0008847608066930718,1.102928373652364,1.7964492732346955,0.9066771912744296,0.9708536773501679,0,PASS
llama,sft,40,E_general,14,mlp.gate_proj,0.1,1,displacement_rank,/root/autodl-tmp/cycle09_stage4_state_displacement/cells/llama/sft/step_040/E_general.L14.main.direction.pt,activation_conditioned_update_displacement_singular_values,128,0.0933228087255701,0.9999999999999996,0.006677191274429908,0.8999999999999996,0.006677191274429908,1.102928373652364,1.7964492732346955,0.9066771912744296,0.9708536773501679,0,PASS
llama,sft,40,E_general,14,mlp.up_proj,0.01,25,displacement_rank,/root/autodl-tmp/cycle09_stage4_state_displacement/cells/llama/sft/step_040/E_general.L14.main.direction.pt,activation_conditioned_update_displacement_singular_values,128,0.009697911967869326,0.01178940861217631,0.0003020880321306738,0.0017894086121763107,0.0003020880321306738,1.3173471264647398,3.4685281324563753,0.7591013635742471,0.9323933946225386,0,PASS
llama,sft,40,E_general,14,mlp.up_proj,0.025,19,displacement_rank,/root/autodl-tmp/cycle09_stage4_state_displacement/cells/llama/sft/step_040/E_general.L14.main.direction.pt,activation_conditioned_update_displacement_singular_values,128,0.024417444503441778,0.027741981516912165,0.0005825554965582236,0.0027419815169121634,0.0005825554965582236,1.3173471264647398,3.4685281324563753,0.7591013635742471,0.9323933946225386,0,PASS
llama,sft,40,E_general,14,mlp.up_proj,0.05,13,displacement_rank,/root/autodl-tmp/cycle09_stage4_state_displacement/cells/llama/sft/step_040/E_general.L14.main.direction.pt,activation_conditioned_update_displacement_singular_values,128,0.04910729972466715,0.05494531406259134,0.00089270027533285,0.004945314062591334,0.00089270027533285,1.3173471264647398,3.4685281324563753,0.7591013635742471,0.9323933946225386,0,PASS
llama,sft,40,E_general,14,mlp.up_proj,0.1,7,displacement_rank,/root/autodl-tmp/cycle09_stage4_state_displacement/cells/llama/sft/step_040/E_general.L14.main.direction.pt,activation_conditioned_update_displacement_singular_values,128,0.09479763647263362,0.10687491586540206,0.005202363527366388,0.006874915865402051,0.005202363527366388,1.3173471264647398,3.4685281324563753,0.7591013635742471,0.9323933946225386,0,PASS
llama,sft,40,E_general,14,mlp.down_proj,0.01,27,displacement_rank,/root/autodl-tmp/cycle09_stage4_state_displacement/cells/llama/sft/step_040/E_general.L14.main.direction.pt,activation_conditioned_update_displacement_singular_values,128,0.008469344212537932,0.010684665992441916,0.0015306557874620683,0.0006846659924419161,0.0006846659924419161,1.5277313868916085,4.963458496007946,0.6545653303848429,0.9144012866543136,0,PASS
llama,sft,40,E_general,14,mlp.down_proj,0.025,21,displacement_rank,/root/autodl-tmp/cycle09_stage4_state_displacement/cells/llama/sft/step_040/E_general.L14.main.direction.pt,activation_conditioned_update_displacement_singular_values,128,0.024405865437573542,0.027843227742085024,0.0005941345624264592,0.002843227742085022,0.0005941345624264592,1.5277313868916085,4.963458496007946,0.6545653303848429,0.9144012866543136,0,PASS
llama,sft,40,E_general,14,mlp.down_proj,0.05,16,displacement_rank,/root/autodl-tmp/cycle09_stage4_state_displacement/cells/llama/sft/step_040/E_general.L14.main.direction.pt,activation_conditioned_update_displacement_singular_values,128,0.045013388875512594,0.05037860897547498,0.004986611124487408,0.00037860897547497413,0.00037860897547497413,1.5277313868916085,4.963458496007946,0.6545653303848429,0.9144012866543136,0,PASS
llama,sft,40,E_general,14,mlp.down_proj,0.1,9,displacement_rank,/root/autodl-tmp/cycle09_stage4_state_displacement/cells/llama/sft/step_040/E_general.L14.main.direction.pt,activation_conditioned_update_displacement_singular_values,128,0.09596059377588458,0.10818793167953437,0.00403940622411543,0.008187931679534369,0.00403940622411543,1.5277313868916085,4.963458496007946,0.6545653303848429,0.9144012866543136,0,PASS
llama,sft,40,E_math,14,self_attn.q_proj,0.01,24,displacement_rank,/root/autodl-tmp/cycle09_stage4_state_displacement/cells/llama/sft/step_040/E_math.L14.main.direction.pt,activation_conditioned_update_displacement_singular_values,128,0.008773627433560895,0.010400547792856527,0.0012263725664391056,0.0004005477928565263,0.0004005477928565263,1.3751115409151407,3.733317215934579,0.7272137352105249,0.941447876274572,0,PASS
llama,sft,40,E_math,14,self_attn.q_proj,0.025,17,displacement_rank,/root/autodl-tmp/cycle09_stage4_state_displacement/cells/llama/sft/step_040/E_math.L14.main.direction.pt,activation_conditioned_update_displacement_singular_values,128,0.024447251098565676,0.027649230103787933,0.0005527489014343252,0.002649230103787932,0.0005527489014343252,1.3751115409151407,3.733317215934579,0.7272137352105249,0.941447876274572,0,PASS
llama,sft,40,E_math,14,self_attn.q_proj,0.05,12,displacement_rank,/root/autodl-tmp/cycle09_stage4_state_displacement/cells/llama/sft/step_040/E_math.L14.main.direction.pt,activation_conditioned_update_displacement_singular_values,128,0.045404759967085664,0.051550484438248376,0.004595240032914338,0.001550484438248373,0.001550484438248373,1.3751115409151407,3.733317215934579,0.7272137352105249,0.941447876274572,0,PASS
llama,sft,40,E_math,14,self_attn.q_proj,0.1,6,displacement_rank,/root/autodl-tmp/cycle09_stage4_state_displacement/cells/llama/sft/step_040/E_math.L14.main.direction.pt,activation_conditioned_update_displacement_singular_values,128,0.09984952546486026,0.11498658100171184,0.00015047453513974962,0.014986581001711838,0.00015047453513974962,1.3751115409151407,3.733317215934579,0.7272137352105249,0.941447876274572,0,PASS
llama,sft,40,E_math,14,self_attn.k_proj,0.01,28,displacement_rank,/root/autodl-tmp/cycle09_stage4_state_displacement/cells/llama/sft/step_040/E_math.L14.main.direction.pt,activation_conditioned_update_displacement_singular_values,128,0.007500992727814188,0.010166875077067521,0.0024990072721858122,0.00016687507706752112,0.00016687507706752112,1.8101952288362746,7.281450079280816,0.5524266024294369,0.8750600576828165,0,PASS
llama,sft,40,E_math,14,self_attn.k_proj,0.025,23,displacement_rank,/root/autodl-tmp/cycle09_stage4_state_displacement/cells/llama/sft/step_040/E_math.L14.main.direction.pt,activation_conditioned_update_displacement_singular_values,128,0.023127525628203558,0.02720890920947353,0.0018724743717964433,0.0022089092094735273,0.0018724743717964433,1.8101952288362746,7.281450079280816,0.5524266024294369,0.8750600576828165,0,PASS
llama,sft,40,E_math,14,self_attn.k_proj,0.05,18,displacement_rank,/root/autodl-tmp/cycle09_stage4_state_displacement/cells/llama/sft/step_040/E_math.L14.main.direction.pt,activation_conditioned_update_displacement_singular_values,128,0.047567585948321806,0.0543657165446347,0.0024324140516781972,0.004365716544634697,0.0024324140516781972,1.8101952288362746,7.281450079280816,0.5524266024294369,0.8750600576828165,0,PASS
llama,sft,40,E_math,14,self_attn.k_proj,0.1,12,displacement_rank,/root/autodl-tmp/cycle09_stage4_state_displacement/cells/llama/sft/step_040/E_math.L14.main.direction.pt,activation_conditioned_update_displacement_singular_values,128,0.09875123249204405,0.11093831008495587,0.001248767507955953,0.010938310084955868,0.001248767507955953,1.8101952288362746,7.281450079280816,0.5524266024294369,0.8750600576828165,0,PASS
llama,sft,40,E_math,14,self_attn.v_proj,0.01,17,displacement_rank,/root/autodl-tmp/cycle09_stage4_state_displacement/cells/llama/sft/step_040/E_math.L14.main.direction.pt,activation_conditioned_update_displacement_singular_values,128,0.009616700242733773,0.01095555146847486,0.0003832997572662273,0.0009555514684748603,0.0003832997572662273,1.1714332024549425,2.148246301351283,0.8536551618174436,0.9769964618091425,0,PASS
llama,sft,40,E_math,14,self_attn.v_proj,0.025,10,displacement_rank,/root/autodl-tmp/cycle09_stage4_state_displacement/cells/llama/sft/step_040/E_math.L14.main.direction.pt,activation_conditioned_update_displacement_singular_values,128,0.023003538190857667,0.02640558420505024,0.0019964618091423345,0.0014055842050502386,0.0014055842050502386,1.1714332024549425,2.148246301351283,0.8536551618174436,0.9769964618091425,0,PASS
llama,sft,40,E_math,14,self_attn.v_proj,0.05,5,displacement_rank,/root/autodl-tmp/cycle09_stage4_state_displacement/cells/llama/sft/step_040/E_math.L14.main.direction.pt,activation_conditioned_update_displacement_singular_values,128,0.04990281192463588,0.06103035555203685,9.718807536412272e-05,0.011030355552036845,9.718807536412272e-05,1.1714332024549425,2.148246301351283,0.8536551618174436,0.9769964618091425,0,PASS
llama,sft,40,E_math,14,self_attn.v_proj,0.1,2,displacement_rank,/root/autodl-tmp/cycle09_stage4_state_displacement/cells/llama/sft/step_040/E_math.L14.main.direction.pt,activation_conditioned_update_displacement_singular_values,128,0.09273685659628544,0.1463448381825565,0.0072631434037145615,0.0463448381825565,0.0072631434037145615,1.1714332024549425,2.148246301351283,0.8536551618174436,0.9769964618091425,0,PASS
llama,sft,40,E_math,14,self_attn.o_proj,0.01,19,displacement_rank,/root/autodl-tmp/cycle09_stage4_state_displacement/cells/llama/sft/step_040/E_math.L14.main.direction.pt,activation_conditioned_update_displacement_singular_values,128,0.00900448473191798,0.01026348027863688,0.0009955152680820208,0.00026348027863687916,0.00026348027863687916,1.2692860596291506,2.781594413865225,0.7878444676940449,0.9711105195799734,0,PASS
llama,sft,40,E_math,14,self_attn.o_proj,0.025,12,displacement_rank,/root/autodl-tmp/cycle09_stage4_state_displacement/cells/llama/sft/step_040/E_math.L14.main.direction.pt,activation_conditioned_update_displacement_singular_values,128,0.022458102730310597,0.025568119996081516,0.002541897269689404,0.0005681199960815148,0.0005681199960815148,1.2692860596291506,2.781594413865225,0.7878444676940449,0.9711105195799734,0,PASS
llama,sft,40,E_math,14,self_attn.o_proj,0.05,7,displacement_rank,/root/autodl-tmp/cycle09_stage4_state_displacement/cells/llama/sft/step_040/E_math.L14.main.direction.pt,activation_conditioned_update_displacement_singular_values,128,0.045239809296708525,0.05430091883406431,0.004760190703291478,0.0043009188340643045,0.0043009188340643045,1.2692860596291506,2.781594413865225,0.7878444676940449,0.9711105195799734,0,PASS
llama,sft,40,E_math,14,self_attn.o_proj,0.1,4,displacement_rank,/root/autodl-tmp/cycle09_stage4_state_displacement/cells/llama/sft/step_040/E_math.L14.main.direction.pt,activation_conditioned_update_displacement_singular_values,128,0.08276817940670313,0.1120123534220589,0.01723182059329688,0.012012353422058891,0.012012353422058891,1.2692860596291506,2.781594413865225,0.7878444676940449,0.9711105195799734,0,PASS
llama,sft,40,E_math,14,mlp.gate_proj,0.01,12,displacement_rank,/root/autodl-tmp/cycle09_stage4_state_displacement/cells/llama/sft/step_040/E_math.L14.main.direction.pt,activation_conditioned_update_displacement_singular_values,128,0.008896284384345587,0.01005590222259134,0.0011037156156544128,5.590222259133949e-05,5.590222259133949e-05,1.04997824522581,1.3766428572230682,0.9524006850112771,0.9887102766610378,0,PASS
llama,sft,40,E_math,14,mlp.gate_proj,0.025,4,displacement_rank,/root/autodl-tmp/cycle09_stage4_state_displacement/cells/llama/sft/step_040/E_math.L14.main.direction.pt,activation_conditioned_update_displacement_singular_values,128,0.024230247150317887,0.028805099432878543,0.0007697528496821149,0.0038050994328785413,0.0007697528496821149,1.04997824522581,1.3766428572230682,0.9524006850112771,0.9887102766610378,0,PASS
llama,sft,40,E_math,14,mlp.gate_proj,0.05,1,displacement_rank,/root/autodl-tmp/cycle09_stage4_state_displacement/cells/llama/sft/step_040/E_math.L14.main.direction.pt,activation_conditioned_update_displacement_singular_values,128,0.04759931498872296,1.0,0.0024006850112770414,0.95,0.0024006850112770414,1.04997824522581,1.3766428572230682,0.9524006850112771,0.9887102766610378,0,PASS
llama,sft,40,E_math,14,mlp.gate_proj,0.1,1,displacement_rank,/root/autodl-tmp/cycle09_stage4_state_displacement/cells/llama/sft/step_040/E_math.L14.main.direction.pt,activation_conditioned_update_displacement_singular_values,128,0.04759931498872296,1.0,0.052400685011277044,0.9,0.052400685011277044,1.04997824522581,1.3766428572230682,0.9524006850112771,0.9887102766610378,0,PASS
llama,sft,40,E_math,14,mlp.up_proj,0.01,18,displacement_rank,/root/autodl-tmp/cycle09_stage4_state_displacement/cells/llama/sft/step_040/E_math.L14.main.direction.pt,activation_conditioned_update_displacement_singular_values,128,0.008799313678455847,0.010036650152932404,0.0012006863215441536,3.665015293240377e-05,3.665015293240377e-05,1.1108662809486427,1.8019542659878816,0.9001983561388086,0.9774541378039067,0,PASS
llama,sft,40,E_math,14,mlp.up_proj,0.025,10,displacement_rank,/root/autodl-tmp/cycle09_stage4_state_displacement/cells/llama/sft/step_040/E_math.L14.main.direction.pt,activation_conditioned_update_displacement_singular_values,128,0.022545862196093128,0.025158288378599323,0.0024541378039068737,0.00015828837859932152,0.00015828837859932152,1.1108662809486427,1.8019542659878816,0.9001983561388086,0.9774541378039067,0,PASS
llama,sft,40,E_math,14,mlp.up_proj,0.05,4,displacement_rank,/root/autodl-tmp/cycle09_stage4_state_displacement/cells/llama/sft/step_040/E_math.L14.main.direction.pt,activation_conditioned_update_displacement_singular_values,128,0.04876896864733077,0.05700537988919301,0.0012310313526692346,0.00700537988919301,0.0012310313526692346,1.1108662809486427,1.8019542659878816,0.9001983561388086,0.9774541378039067,0,PASS
llama,sft,40,E_math,14,mlp.up_proj,0.1,1,displacement_rank,/root/autodl-tmp/cycle09_stage4_state_displacement/cells/llama/sft/step_040/E_math.L14.main.direction.pt,activation_conditioned_update_displacement_singular_values,128,0.09980164386119109,0.9999999999999996,0.00019835613880891945,0.8999999999999996,0.00019835613880891945,1.1108662809486427,1.8019542659878816,0.9001983561388086,0.9774541378039067,0,PASS
llama,sft,40,E_math,14,mlp.down_proj,0.01,20,displacement_rank,/root/autodl-tmp/cycle09_stage4_state_displacement/cells/llama/sft/step_040/E_math.L14.main.direction.pt,activation_conditioned_update_displacement_singular_values,128,0.00913929742372273,0.01048043688142785,0.0008607025762772703,0.00048043688142784986,0.00048043688142784986,1.2516031179322598,2.5976096272431324,0.798975318671364,0.9682441987469894,0,PASS
llama,sft,40,E_math,14,mlp.down_proj,0.025,12,displacement_rank,/root/autodl-tmp/cycle09_stage4_state_displacement/cells/llama/sft/step_040/E_math.L14.main.direction.pt,activation_conditioned_update_displacement_singular_values,128,0.0248695733919455,0.028155372217167317,0.00013042660805450204,0.0031553722171673154,0.00013042660805450204,1.2516031179322598,2.5976096272431324,0.798975318671364,0.9682441987469894,0,PASS
llama,sft,40,E_math,14,mlp.down_proj,0.05,7,displacement_rank,/root/autodl-tmp/cycle09_stage4_state_displacement/cells/llama/sft/step_040/E_math.L14.main.direction.pt,activation_conditioned_update_displacement_singular_values,128,0.04807927339735587,0.055378853411548835,0.0019207266026441336,0.005378853411548833,0.0019207266026441336,1.2516031179322598,2.5976096272431324,0.798975318671364,0.9682441987469894,0,PASS
llama,sft,40,E_math,14,mlp.down_proj,0.1,3,displacement_rank,/root/autodl-tmp/cycle09_stage4_state_displacement/cells/llama/sft/step_040/E_math.L14.main.direction.pt,activation_conditioned_update_displacement_singular_values,128,0.08831397629770926,0.11260138591018946,0.011686023702290743,0.012601385910189458,0.011686023702290743,1.2516031179322598,2.5976096272431324,0.798975318671364,0.9682441987469894,0,PASS
llama,sft,40,E_ood,14,self_attn.q_proj,0.01,24,displacement_rank,/root/autodl-tmp/cycle09_stage4_state_displacement/cells/llama/sft/step_040/E_ood.L14.main.direction.pt,activation_conditioned_update_displacement_singular_values,128,0.009687274553193702,0.011499197831674334,0.00031272544680629837,0.0014991978316743343,0.00031272544680629837,1.3603821585427622,3.705202150507686,0.7350875588306726,0.9382449030459692,0,PASS
llama,sft,40,E_ood,14,self_attn.q_proj,0.025,18,displacement_rank,/root/autodl-tmp/cycle09_stage4_state_displacement/cells/llama/sft/step_040/E_ood.L14.main.direction.pt,activation_conditioned_update_displacement_singular_values,128,0.02340334708068345,0.026684973498797906,0.0015966529193165505,0.001684973498797905,0.0015966529193165505,1.3603821585427622,3.705202150507686,0.7350875588306726,0.9382449030459692,0,PASS
llama,sft,40,E_ood,14,self_attn.q_proj,0.05,12,displacement_rank,/root/autodl-tmp/cycle09_stage4_state_displacement/cells/llama/sft/step_040/E_ood.L14.main.direction.pt,activation_conditioned_update_displacement_singular_values,128,0.04874359706621711,0.05464728286274636,0.001256402933782895,0.004647282862746356,0.001256402933782895,1.3603821585427622,3.705202150507686,0.7350875588306726,0.9382449030459692,0,PASS
llama,sft,40,E_ood,14,self_attn.q_proj,0.1,7,displacement_rank,/root/autodl-tmp/cycle09_stage4_state_displacement/cells/llama/sft/step_040/E_ood.L14.main.direction.pt,activation_conditioned_update_displacement_singular_values,128,0.08879463927190955,0.10232709563004297,0.01120536072809046,0.0023270956300429635,0.0023270956300429635,1.3603821585427622,3.705202150507686,0.7350875588306726,0.9382449030459692,0,PASS
llama,sft,40,E_ood,14,self_attn.k_proj,0.01,28,displacement_rank,/root/autodl-tmp/cycle09_stage4_state_displacement/cells/llama/sft/step_040/E_ood.L14.main.direction.pt,activation_conditioned_update_displacement_singular_values,128,0.007603602852871246,0.010169314792035089,0.0023963971471287543,0.00016931479203508883,0.00016931479203508883,1.8371840397825512,7.3862866577891015,0.5443112820196064,0.8730107869787314,0,PASS
llama,sft,40,E_ood,14,self_attn.k_proj,0.025,23,displacement_rank,/root/autodl-tmp/cycle09_stage4_state_displacement/cells/llama/sft/step_040/E_ood.L14.main.direction.pt,activation_conditioned_update_displacement_singular_values,128,0.023051559798599075,0.027656561875519122,0.0019484402014009264,0.0026565618755191207,0.0019484402014009264,1.8371840397825512,7.3862866577891015,0.5443112820196064,0.8730107869787314,0,PASS
llama,sft,40,E_ood,14,self_attn.k_proj,0.05,18,displacement_rank,/root/autodl-tmp/cycle09_stage4_state_displacement/cells/llama/sft/step_040/E_ood.L14.main.direction.pt,activation_conditioned_update_displacement_singular_values,128,0.04963070016588115,0.05624627251060271,0.00036929983411885386,0.00624627251060271,0.00036929983411885386,1.8371840397825512,7.3862866577891015,0.5443112820196064,0.8730107869787314,0,PASS
llama,sft,40,E_ood,14,self_attn.k_proj,0.1,13,displacement_rank,/root/autodl-tmp/cycle09_stage4_state_displacement/cells/llama/sft/step_040/E_ood.L14.main.direction.pt,activation_conditioned_update_displacement_singular_values,128,0.09009267937094069,0.10104837579261781,0.009907320629059316,0.0010483757926178089,0.0010483757926178089,1.8371840397825512,7.3862866577891015,0.5443112820196064,0.8730107869787314,0,PASS
llama,sft,40,E_ood,14,self_attn.v_proj,0.01,20,displacement_rank,/root/autodl-tmp/cycle09_stage4_state_displacement/cells/llama/sft/step_040/E_ood.L14.main.direction.pt,activation_conditioned_update_displacement_singular_values,128,0.008736506176820152,0.010102405415201944,0.0012634938231798482,0.00010240541520194386,0.00010240541520194386,1.2154719446528823,2.49441008989919,0.8227256946564756,0.967240254916016,0,PASS
llama,sft,40,E_ood,14,self_attn.v_proj,0.025,13,displacement_rank,/root/autodl-tmp/cycle09_stage4_state_displacement/cells/llama/sft/step_040/E_ood.L14.main.direction.pt,activation_conditioned_update_displacement_singular_values,128,0.02242862286781012,0.025455119131860642,0.0025713771321898803,0.0004551191318606408,0.0004551191318606408,1.2154719446528823,2.49441008989919,0.8227256946564756,0.967240254916016,0,PASS
llama,sft,40,E_ood,14,self_attn.v_proj,0.05,7,displacement_rank,/root/autodl-tmp/cycle09_stage4_state_displacement/cells/llama/sft/step_040/E_ood.L14.main.direction.pt,activation_conditioned_update_displacement_singular_values,128,0.04867090188622579,0.05631307459077092,0.001329098113774213,0.00631307459077092,0.001329098113774213,1.2154719446528823,2.49441008989919,0.8227256946564756,0.967240254916016,0,PASS
llama,sft,40,E_ood,14,self_attn.v_proj,0.1,3,displacement_rank,/root/autodl-tmp/cycle09_stage4_state_displacement/cells/llama/sft/step_040/E_ood.L14.main.direction.pt,activation_conditioned_update_displacement_singular_values,128,0.0986732759088226,0.12137241340390682,0.0013267240911774003,0.021372413403906818,0.0013267240911774003,1.2154719446528823,2.49441008989919,0.8227256946564756,0.967240254916016,0,PASS
llama,sft,40,E_ood,14,self_attn.o_proj,0.01,22,displacement_rank,/root/autodl-tmp/cycle09_stage4_state_displacement/cells/llama/sft/step_040/E_ood.L14.main.direction.pt,activation_conditioned_update_displacement_singular_values,128,0.00866142576887116,0.01032655629197072,0.0013385742311288404,0.0003265562919707206,0.0003265562919707206,1.332690626811777,3.2890047726164133,0.7503616967670287,0.9551007771543953,0,PASS
llama,sft,40,E_ood,14,self_attn.o_proj,0.025,15,displacement_rank,/root/autodl-tmp/cycle09_stage4_state_displacement/cells/llama/sft/step_040/E_ood.L14.main.direction.pt,activation_conditioned_update_displacement_singular_values,128,0.024029744925765584,0.027179215785456942,0.000970255074234417,0.0021792157854569408,0.000970255074234417,1.332690626811777,3.2890047726164133,0.7503616967670287,0.9551007771543953,0,PASS
llama,sft,40,E_ood,14,self_attn.o_proj,0.05,10,displacement_rank,/root/autodl-tmp/cycle09_stage4_state_displacement/cells/llama/sft/step_040/E_ood.L14.main.direction.pt,activation_conditioned_update_displacement_singular_values,128,0.04489922284560475,0.05067519445955478,0.005100777154395254,0.0006751944595547801,0.0006751944595547801,1.332690626811777,3.2890047726164133,0.7503616967670287,0.9551007771543953,0,PASS
llama,sft,40,E_ood,14,self_attn.o_proj,0.1,5,displacement_rank,/root/autodl-tmp/cycle09_stage4_state_displacement/cells/llama/sft/step_040/E_ood.L14.main.direction.pt,activation_conditioned_update_displacement_singular_values,128,0.0841973236355754,0.10734200840382892,0.015802676364424603,0.007342008403828912,0.007342008403828912,1.332690626811777,3.2890047726164133,0.7503616967670287,0.9551007771543953,0,PASS
llama,sft,40,E_ood,14,mlp.gate_proj,0.01,14,displacement_rank,/root/autodl-tmp/cycle09_stage4_state_displacement/cells/llama/sft/step_040/E_ood.L14.main.direction.pt,activation_conditioned_update_displacement_singular_values,128,0.009760528136685726,0.010845358234712273,0.00023947186331427402,0.0008453582347122731,0.00023947186331427402,1.0641204457086644,1.4812339600234734,0.939743244322345,0.9851099345067014,0,PASS
llama,sft,40,E_ood,14,mlp.gate_proj,0.025,6,displacement_rank,/root/autodl-tmp/cycle09_stage4_state_displacement/cells/llama/sft/step_040/E_ood.L14.main.direction.pt,activation_conditioned_update_displacement_singular_values,128,0.0233992315198201,0.02616814749645702,0.0016007684801799017,0.0011681474964570192,0.0011681474964570192,1.0641204457086644,1.4812339600234734,0.939743244322345,0.9851099345067014,0,PASS
llama,sft,40,E_ood,14,mlp.gate_proj,0.05,2,displacement_rank,/root/autodl-tmp/cycle09_stage4_state_displacement/cells/llama/sft/step_040/E_ood.L14.main.direction.pt,activation_conditioned_update_displacement_singular_values,128,0.04672322553138034,0.06025675567765503,0.00327677446861966,0.010256755677655029,0.00327677446861966,1.0641204457086644,1.4812339600234734,0.939743244322345,0.9851099345067014,0,PASS
llama,sft,40,E_ood,14,mlp.gate_proj,0.1,1,displacement_rank,/root/autodl-tmp/cycle09_stage4_state_displacement/cells/llama/sft/step_040/E_ood.L14.main.direction.pt,activation_conditioned_update_displacement_singular_values,128,0.06025675567765503,1.0000000000000004,0.039743244322344974,0.9000000000000005,0.039743244322344974,1.0641204457086644,1.4812339600234734,0.939743244322345,0.9851099345067014,0,PASS
llama,sft,40,E_ood,14,mlp.up_proj,0.01,21,displacement_rank,/root/autodl-tmp/cycle09_stage4_state_displacement/cells/llama/sft/step_040/E_ood.L14.main.direction.pt,activation_conditioned_update_displacement_singular_values,128,0.008859551442751051,0.010145959768029022,0.0011404485572489489,0.00014595976802902165,0.00014595976802902165,1.1665134104206243,2.2148646125657168,0.8572554683614118,0.967249609810385,0,PASS
llama,sft,40,E_ood,14,mlp.up_proj,0.025,13,displacement_rank,/root/autodl-tmp/cycle09_stage4_state_displacement/cells/llama/sft/step_040/E_ood.L14.main.direction.pt,activation_conditioned_update_displacement_singular_values,128,0.02368065347768017,0.026369336906453253,0.0013193465223198322,0.0013693369064532515,0.0013193465223198322,1.1665134104206243,2.2148646125657168,0.8572554683614118,0.967249609810385,0,PASS
llama,sft,40,E_ood,14,mlp.up_proj,0.05,7,displacement_rank,/root/autodl-tmp/cycle09_stage4_state_displacement/cells/llama/sft/step_040/E_ood.L14.main.direction.pt,activation_conditioned_update_displacement_singular_values,128,0.04691741346434688,0.053399904386214746,0.0030825865356531243,0.003399904386214743,0.0030825865356531243,1.1665134104206243,2.2148646125657168,0.8572554683614118,0.967249609810385,0,PASS
llama,sft,40,E_ood,14,mlp.up_proj,0.1,3,displacement_rank,/root/autodl-tmp/cycle09_stage4_state_displacement/cells/llama/sft/step_040/E_ood.L14.main.direction.pt,activation_conditioned_update_displacement_singular_values,128,0.08572915984512158,0.1074518050186898,0.014270840154878423,0.007451805018689792,0.007451805018689792,1.1665134104206243,2.2148646125657168,0.8572554683614118,0.967249609810385,0,PASS
llama,sft,40,E_ood,14,mlp.down_proj,0.01,21,displacement_rank,/root/autodl-tmp/cycle09_stage4_state_displacement/cells/llama/sft/step_040/E_ood.L14.main.direction.pt,activation_conditioned_update_displacement_singular_values,128,0.009947675859806807,0.011356553586308172,5.2324140193193286e-05,0.001356553586308172,5.2324140193193286e-05,1.2175659477832899,2.5326971960581726,0.8213107485640576,0.9628769518338256,0,PASS
llama,sft,40,E_ood,14,mlp.down_proj,0.025,14,displacement_rank,/root/autodl-tmp/cycle09_stage4_state_displacement/cells/llama/sft/step_040/E_ood.L14.main.direction.pt,activation_conditioned_update_displacement_singular_values,128,0.023322059258873568,0.026087245756361586,0.0016779407411264338,0.001087245756361585,0.001087245756361585,1.2175659477832899,2.5326971960581726,0.8213107485640576,0.9628769518338256,0,PASS
llama,sft,40,E_ood,14,mlp.down_proj,0.05,8,displacement_rank,/root/autodl-tmp/cycle09_stage4_state_displacement/cells/llama/sft/step_040/E_ood.L14.main.direction.pt,activation_conditioned_update_displacement_singular_values,128,0.047387213628905536,0.05383206210264636,0.0026127863710944665,0.003832062102646354,0.0026127863710944665,1.2175659477832899,2.5326971960581726,0.8213107485640576,0.9628769518338256,0,PASS
llama,sft,40,E_ood,14,mlp.down_proj,0.1,3,displacement_rank,/root/autodl-tmp/cycle09_stage4_state_displacement/cells/llama/sft/step_040/E_ood.L14.main.direction.pt,activation_conditioned_update_displacement_singular_values,128,0.09559435752452211,0.12483593869816981,0.0044056424754778944,0.0248359386981698,0.0044056424754778944,1.2175659477832899,2.5326971960581726,0.8213107485640576,0.9628769518338256,0,PASS
llama,sft,40,E_if,14,self_attn.q_proj,0.01,24,displacement_rank,/root/autodl-tmp/cycle09_stage4_state_displacement/cells/llama/sft/step_040/E_if.L14.main.direction.pt,activation_conditioned_update_displacement_singular_values,128,0.008969529029859386,0.01067919402563635,0.001030470970140614,0.00067919402563635,0.00067919402563635,1.3011496785578742,3.2295315843939854,0.7685510871495947,0.9464730292439891,0,PASS
llama,sft,40,E_if,14,self_attn.q_proj,0.025,17,displacement_rank,/root/autodl-tmp/cycle09_stage4_state_displacement/cells/llama/sft/step_040/E_if.L14.main.direction.pt,activation_conditioned_update_displacement_singular_values,128,0.023823978315769094,0.026628892283968586,0.0011760216842309074,0.0016288922839685846,0.0011760216842309074,1.3011496785578742,3.2295315843939854,0.7685510871495947,0.9464730292439891,0,PASS
llama,sft,40,E_if,14,self_attn.q_proj,0.05,11,displacement_rank,/root/autodl-tmp/cycle09_stage4_state_displacement/cells/llama/sft/step_040/E_if.L14.main.direction.pt,activation_conditioned_update_displacement_singular_values,128,0.047958021554220444,0.05352697075601077,0.002041978445779559,0.003526970756010765,0.002041978445779559,1.3011496785578742,3.2295315843939854,0.7685510871495947,0.9464730292439891,0,PASS
llama,sft,40,E_if,14,self_attn.q_proj,0.1,6,displacement_rank,/root/autodl-tmp/cycle09_stage4_state_displacement/cells/llama/sft/step_040/E_if.L14.main.direction.pt,activation_conditioned_update_displacement_singular_values,128,0.08753508603534306,0.10211792014442138,0.012464913964656946,0.002117920144421373,0.002117920144421373,1.3011496785578742,3.2295315843939854,0.7685510871495947,0.9464730292439891,0,PASS
llama,sft,40,E_if,14,self_attn.k_proj,0.01,28,displacement_rank,/root/autodl-tmp/cycle09_stage4_state_displacement/cells/llama/sft/step_040/E_if.L14.main.direction.pt,activation_conditioned_update_displacement_singular_values,128,0.007652032474618277,0.010361520130043213,0.002347967525381723,0.0003615201300432129,0.0003615201300432129,1.6930674980477922,6.649290660020587,0.5906439059004202,0.8766233527438462,0,PASS
llama,sft,40,E_if,14,self_attn.k_proj,0.025,23,displacement_rank,/root/autodl-tmp/cycle09_stage4_state_displacement/cells/llama/sft/step_040/E_if.L14.main.direction.pt,activation_conditioned_update_displacement_singular_values,128,0.023933368577042584,0.02833409666511745,0.0010666314229574175,0.003334096665117449,0.0010666314229574175,1.6930674980477922,6.649290660020587,0.5906439059004202,0.8766233527438462,0,PASS
llama,sft,40,E_if,14,self_attn.k_proj,0.05,18,displacement_rank,/root/autodl-tmp/cycle09_stage4_state_displacement/cells/llama/sft/step_040/E_if.L14.main.direction.pt,activation_conditioned_update_displacement_singular_values,128,0.04992669674495028,0.05637636171781182,7.330325504972118e-05,0.006376361717811814,7.330325504972118e-05,1.6930674980477922,6.649290660020587,0.5906439059004202,0.8766233527438462,0,PASS
llama,sft,40,E_if,14,self_attn.k_proj,0.1,12,displacement_rank,/root/autodl-tmp/cycle09_stage4_state_displacement/cells/llama/sft/step_040/E_if.L14.main.direction.pt,activation_conditioned_update_displacement_singular_values,128,0.09911936677722011,0.11080009765594039,0.0008806332227798974,0.01080009765594038,0.0008806332227798974,1.6930674980477922,6.649290660020587,0.5906439059004202,0.8766233527438462,0,PASS
llama,sft,40,E_if,14,self_attn.v_proj,0.01,19,displacement_rank,/root/autodl-tmp/cycle09_stage4_state_displacement/cells/llama/sft/step_040/E_if.L14.main.direction.pt,activation_conditioned_update_displacement_singular_values,128,0.008953219951349132,0.01027223463496309,0.0010467800486508687,0.00027223463496309046,0.00027223463496309046,1.1535969051351456,2.112234358718868,0.8668539205926948,0.971811064575231,0,PASS
llama,sft,40,E_if,14,self_attn.v_proj,0.025,12,displacement_rank,/root/autodl-tmp/cycle09_stage4_state_displacement/cells/llama/sft/step_040/E_if.L14.main.direction.pt,activation_conditioned_update_displacement_singular_values,128,0.022007449193892276,0.025047858753330102,0.0029925508061077258,4.7858753330101006e-05,4.7858753330101006e-05,1.1535969051351456,2.112234358718868,0.8668539205926948,0.971811064575231,0,PASS
llama,sft,40,E_if,14,self_attn.v_proj,0.05,6,displacement_rank,/root/autodl-tmp/cycle09_stage4_state_displacement/cells/llama/sft/step_040/E_if.L14.main.direction.pt,activation_conditioned_update_displacement_singular_values,128,0.04609225077652511,0.0568867527434262,0.003907749223474893,0.0068867527434261985,0.003907749223474893,1.1535969051351456,2.112234358718868,0.8668539205926948,0.971811064575231,0,PASS
llama,sft,40,E_if,14,self_attn.v_proj,0.1,3,displacement_rank,/root/autodl-tmp/cycle09_stage4_state_displacement/cells/llama/sft/step_040/E_if.L14.main.direction.pt,activation_conditioned_update_displacement_singular_values,128,0.08187753548238072,0.10342613366579743,0.018122464517619286,0.003426133665797429,0.003426133665797429,1.1535969051351456,2.112234358718868,0.8668539205926948,0.971811064575231,0,PASS
llama,sft,40,E_if,14,self_attn.o_proj,0.01,25,displacement_rank,/root/autodl-tmp/cycle09_stage4_state_displacement/cells/llama/sft/step_040/E_if.L14.main.direction.pt,activation_conditioned_update_displacement_singular_values,128,0.009528623897798148,0.011734507272378122,0.00047137610220185193,0.0017345072723781215,0.00047137610220185193,2.5699167632957605,7.318808267170767,0.3891176610395589,0.9217821971954724,0,PASS
llama,sft,40,E_if,14,self_attn.o_proj,0.025,20,displacement_rank,/root/autodl-tmp/cycle09_stage4_state_displacement/cells/llama/sft/step_040/E_if.L14.main.direction.pt,activation_conditioned_update_displacement_singular_values,128,0.02269082805649922,0.026123980622822996,0.0023091719435007797,0.0011239806228229947,0.0011239806228229947,2.5699167632957605,7.318808267170767,0.3891176610395589,0.9217821971954724,0,PASS
llama,sft,40,E_if,14,self_attn.o_proj,0.05,14,displacement_rank,/root/autodl-tmp/cycle09_stage4_state_displacement/cells/llama/sft/step_040/E_if.L14.main.direction.pt,activation_conditioned_update_displacement_singular_values,128,0.047740761383704526,0.053692159296360224,0.0022592386162954767,0.0036921592963602215,0.0022592386162954767,2.5699167632957605,7.318808267170767,0.3891176610395589,0.9217821971954724,0,PASS
llama,sft,40,E_if,14,self_attn.o_proj,0.1,9,displacement_rank,/root/autodl-tmp/cycle09_stage4_state_displacement/cells/llama/sft/step_040/E_if.L14.main.direction.pt,activation_conditioned_update_displacement_singular_values,128,0.08916580723191757,0.10044560551241571,0.010834192768082437,0.0004456055124157088,0.0004456055124157088,2.5699167632957605,7.318808267170767,0.3891176610395589,0.9217821971954724,0,PASS
llama,sft,40,E_if,14,mlp.gate_proj,0.01,15,displacement_rank,/root/autodl-tmp/cycle09_stage4_state_displacement/cells/llama/sft/step_040/E_if.L14.main.direction.pt,activation_conditioned_update_displacement_singular_values,128,0.009712253237328708,0.010892239179267177,0.0002877467626712926,0.000892239179267177,0.0002877467626712926,1.0659782160878646,1.5075578912503003,0.9381054743032139,0.9829558180946046,0,PASS
llama,sft,40,E_if,14,mlp.gate_proj,0.025,7,displacement_rank,/root/autodl-tmp/cycle09_stage4_state_displacement/cells/llama/sft/step_040/E_if.L14.main.direction.pt,activation_conditioned_update_displacement_singular_values,128,0.024005567583628963,0.026819206822918332,0.0009944324163710383,0.001819206822918331,0.0009944324163710383,1.0659782160878646,1.5075578912503003,0.9381054743032139,0.9829558180946046,0,PASS
llama,sft,40,E_if,14,mlp.gate_proj,0.05,3,displacement_rank,/root/autodl-tmp/cycle09_stage4_state_displacement/cells/llama/sft/step_040/E_if.L14.main.direction.pt,activation_conditioned_update_displacement_singular_values,128,0.04388711216026666,0.05234688138488381,0.006112887839733343,0.0023468813848838074,0.0023468813848838074,1.0659782160878646,1.5075578912503003,0.9381054743032139,0.9829558180946046,0,PASS
llama,sft,40,E_if,14,mlp.gate_proj,0.1,1,displacement_rank,/root/autodl-tmp/cycle09_stage4_state_displacement/cells/llama/sft/step_040/E_if.L14.main.direction.pt,activation_conditioned_update_displacement_singular_values,128,0.06189452569678607,1.0000000000000002,0.03810547430321393,0.9000000000000002,0.03810547430321393,1.0659782160878646,1.5075578912503003,0.9381054743032139,0.9829558180946046,0,PASS
llama,sft,40,E_if,14,mlp.up_proj,0.01,21,displacement_rank,/root/autodl-tmp/cycle09_stage4_state_displacement/cells/llama/sft/step_040/E_if.L14.main.direction.pt,activation_conditioned_update_displacement_singular_values,128,0.009298211157335435,0.010658985591252801,0.0007017888426645649,0.000658985591252801,0.000658985591252801,1.1604660681726788,2.1904626771822113,0.8617227400493012,0.9657566172632418,0,PASS
llama,sft,40,E_if,14,mlp.up_proj,0.025,14,displacement_rank,/root/autodl-tmp/cycle09_stage4_state_displacement/cells/llama/sft/step_040/E_if.L14.main.direction.pt,activation_conditioned_update_displacement_singular_values,128,0.022566803537412736,0.02519878597933283,0.0024331964625872657,0.00019878597933283004,0.00019878597933283004,1.1604660681726788,2.1904626771822113,0.8617227400493012,0.9657566172632418,0,PASS
llama,sft,40,E_if,14,mlp.up_proj,0.05,7,displacement_rank,/root/autodl-tmp/cycle09_stage4_state_displacement/cells/llama/sft/step_040/E_if.L14.main.direction.pt,activation_conditioned_update_displacement_singular_values,128,0.048674732030727454,0.05502688937012479,0.0013252679692725491,0.005026889370124785,0.0013252679692725491,1.1604660681726788,2.1904626771822113,0.8617227400493012,0.9657566172632418,0,PASS
llama,sft,40,E_if,14,mlp.up_proj,0.1,3,displacement_rank,/root/autodl-tmp/cycle09_stage4_state_displacement/cells/llama/sft/step_040/E_if.L14.main.direction.pt,activation_conditioned_update_displacement_singular_values,128,0.08564608444578795,0.10825038161024705,0.01435391555421206,0.008250381610247048,0.008250381610247048,1.1604660681726788,2.1904626771822113,0.8617227400493012,0.9657566172632418,0,PASS
llama,sft,40,E_if,14,mlp.down_proj,0.01,20,displacement_rank,/root/autodl-tmp/cycle09_stage4_state_displacement/cells/llama/sft/step_040/E_if.L14.main.direction.pt,activation_conditioned_update_displacement_singular_values,128,0.008869684662346177,0.010105683512165481,0.001130315337653823,0.00010568351216548068,0.00010568351216548068,1.1464955331542392,2.056598342714175,0.8722231976332252,0.9726804280357645,0,PASS
llama,sft,40,E_if,14,mlp.down_proj,0.025,11,displacement_rank,/root/autodl-tmp/cycle09_stage4_state_displacement/cells/llama/sft/step_040/E_if.L14.main.direction.pt,activation_conditioned_update_displacement_singular_values,128,0.024534575822592063,0.027319571964235796,0.00046542417740793804,0.002319571964235795,0.00046542417740793804,1.1464955331542392,2.056598342714175,0.8722231976332252,0.9726804280357645,0,PASS
llama,sft,40,E_if,14,mlp.down_proj,0.05,6,displacement_rank,/root/autodl-tmp/cycle09_stage4_state_displacement/cells/llama/sft/step_040/E_if.L14.main.direction.pt,activation_conditioned_update_displacement_singular_values,128,0.04515015316613651,0.05234148467574135,0.00484984683386349,0.0023414846757413496,0.0023414846757413496,1.1464955331542392,2.056598342714175,0.8722231976332252,0.9726804280357645,0,PASS
llama,sft,40,E_if,14,mlp.down_proj,0.1,2,displacement_rank,/root/autodl-tmp/cycle09_stage4_state_displacement/cells/llama/sft/step_040/E_if.L14.main.direction.pt,activation_conditioned_update_displacement_singular_values,128,0.0938585561226529,0.12777680236677497,0.006141443877347108,0.02777680236677496,0.006141443877347108,1.1464955331542392,2.056598342714175,0.8722231976332252,0.9726804280357645,0,PASS
llama,sft,80,E_general,14,self_attn.q_proj,0.01,23,displacement_rank,/root/autodl-tmp/cycle09_stage4_state_displacement/cells/llama/sft/step_080/E_general.L14.main.direction.pt,activation_conditioned_update_displacement_singular_values,128,0.009889412773225682,0.011488890156292073,0.0001105872267743186,0.0014888901562920727,0.0001105872267743186,1.2523705225756627,2.9029344515213653,0.7984857372268473,0.9519631815774694,0,PASS
llama,sft,80,E_general,14,self_attn.q_proj,0.025,16,displacement_rank,/root/autodl-tmp/cycle09_stage4_state_displacement/cells/llama/sft/step_080/E_general.L14.main.direction.pt,activation_conditioned_update_displacement_singular_values,128,0.02386064167285703,0.02682422181906558,0.0011393583271429725,0.0018242218190655801,0.0011393583271429725,1.2523705225756627,2.9029344515213653,0.7984857372268473,0.9519631815774694,0,PASS
llama,sft,80,E_general,14,self_attn.q_proj,0.05,10,displacement_rank,/root/autodl-tmp/cycle09_stage4_state_displacement/cells/llama/sft/step_080/E_general.L14.main.direction.pt,activation_conditioned_update_displacement_singular_values,128,0.048036818422530894,0.05447348834987472,0.0019631815774691086,0.004473488349874717,0.0019631815774691086,1.2523705225756627,2.9029344515213653,0.7984857372268473,0.9519631815774694,0,PASS
llama,sft,80,E_general,14,self_attn.q_proj,0.1,5,displacement_rank,/root/autodl-tmp/cycle09_stage4_state_displacement/cells/llama/sft/step_080/E_general.L14.main.direction.pt,activation_conditioned_update_displacement_singular_values,128,0.0979881225869003,0.11300151352378594,0.0020118774130997025,0.013001513523785937,0.0020118774130997025,1.2523705225756627,2.9029344515213653,0.7984857372268473,0.9519631815774694,0,PASS
llama,sft,80,E_general,14,self_attn.k_proj,0.01,28,displacement_rank,/root/autodl-tmp/cycle09_stage4_state_displacement/cells/llama/sft/step_080/E_general.L14.main.direction.pt,activation_conditioned_update_displacement_singular_values,128,0.007698639734375397,0.010301854608836343,0.0023013602656246036,0.00030185460883634316,0.00030185460883634316,1.6458308129280417,6.231967993931946,0.6075958671723577,0.8792177401524766,0,PASS
llama,sft,80,E_general,14,self_attn.k_proj,0.025,23,displacement_rank,/root/autodl-tmp/cycle09_stage4_state_displacement/cells/llama/sft/step_080/E_general.L14.main.direction.pt,activation_conditioned_update_displacement_singular_values,128,0.023088812473391833,0.026929571823368872,0.0019111875266081685,0.001929571823368871,0.0019111875266081685,1.6458308129280417,6.231967993931946,0.6075958671723577,0.8792177401524766,0,PASS
llama,sft,80,E_general,14,self_attn.k_proj,0.05,18,displacement_rank,/root/autodl-tmp/cycle09_stage4_state_displacement/cells/llama/sft/step_080/E_general.L14.main.direction.pt,activation_conditioned_update_displacement_singular_values,128,0.04674370927442301,0.053202648501010544,0.0032562907255769893,0.003202648501010541,0.003202648501010541,1.6458308129280417,6.231967993931946,0.6075958671723577,0.8792177401524766,0,PASS
llama,sft,80,E_general,14,self_attn.k_proj,0.1,12,displacement_rank,/root/autodl-tmp/cycle09_stage4_state_displacement/cells/llama/sft/step_080/E_general.L14.main.direction.pt,activation_conditioned_update_displacement_singular_values,128,0.09596871215252425,0.10788008894079106,0.004031287847475751,0.00788008894079105,0.004031287847475751,1.6458308129280417,6.231967993931946,0.6075958671723577,0.8792177401524766,0,PASS
llama,sft,80,E_general,14,self_attn.v_proj,0.01,23,displacement_rank,/root/autodl-tmp/cycle09_stage4_state_displacement/cells/llama/sft/step_080/E_general.L14.main.direction.pt,activation_conditioned_update_displacement_singular_values,128,0.008847445972156911,0.010537010156639586,0.001152554027843089,0.0005370101566395859,0.0005370101566395859,1.311879225970444,3.2589307589926757,0.7622652910448097,0.947684414312566,0,PASS
llama,sft,80,E_general,14,self_attn.v_proj,0.025,17,displacement_rank,/root/autodl-tmp/cycle09_stage4_state_displacement/cells/llama/sft/step_080/E_general.L14.main.direction.pt,activation_conditioned_update_displacement_singular_values,128,0.022194900464101167,0.02529673104677719,0.002805099535898834,0.00029673104677718776,0.00029673104677718776,1.311879225970444,3.2589307589926757,0.7622652910448097,0.947684414312566,0,PASS
llama,sft,80,E_general,14,self_attn.v_proj,0.05,11,displacement_rank,/root/autodl-tmp/cycle09_stage4_state_displacement/cells/llama/sft/step_080/E_general.L14.main.direction.pt,activation_conditioned_update_displacement_singular_values,128,0.04656971659796761,0.052315585687434274,0.0034302834020323927,0.002315585687434271,0.002315585687434271,1.311879225970444,3.2589307589926757,0.7622652910448097,0.947684414312566,0,PASS
llama,sft,80,E_general,14,self_attn.v_proj,0.1,6,displacement_rank,/root/autodl-tmp/cycle09_stage4_state_displacement/cells/llama/sft/step_080/E_general.L14.main.direction.pt,activation_conditioned_update_displacement_singular_values,128,0.08522714274971935,0.10129829158626298,0.014772857250280658,0.0012982915862629757,0.0012982915862629757,1.311879225970444,3.2589307589926757,0.7622652910448097,0.947684414312566,0,PASS
llama,sft,80,E_general,14,self_attn.o_proj,0.01,26,displacement_rank,/root/autodl-tmp/cycle09_stage4_state_displacement/cells/llama/sft/step_080/E_general.L14.main.direction.pt,activation_conditioned_update_displacement_singular_values,128,0.008480972713971403,0.010675307821829443,0.0015190272860285976,0.000675307821829443,0.000675307821829443,1.9279462066894675,7.0100049650268605,0.5186866710960412,0.9090299112979585,0,PASS
llama,sft,80,E_general,14,self_attn.o_proj,0.025,21,displacement_rank,/root/autodl-tmp/cycle09_stage4_state_displacement/cells/llama/sft/step_080/E_general.L14.main.direction.pt,activation_conditioned_update_displacement_singular_values,128,0.022020170441636545,0.0253881641857589,0.002979829558363456,0.0003881641857588977,0.0003881641857588977,1.9279462066894675,7.0100049650268605,0.5186866710960412,0.9090299112979585,0,PASS
llama,sft,80,E_general,14,self_attn.o_proj,0.05,15,displacement_rank,/root/autodl-tmp/cycle09_stage4_state_displacement/cells/llama/sft/step_080/E_general.L14.main.direction.pt,activation_conditioned_update_displacement_singular_values,128,0.049856778564224095,0.05659787659981537,0.00014322143577590735,0.0065978765998153666,0.00014322143577590735,1.9279462066894675,7.0100049650268605,0.5186866710960412,0.9090299112979585,0,PASS
llama,sft,80,E_general,14,self_attn.o_proj,0.1,10,displacement_rank,/root/autodl-tmp/cycle09_stage4_state_displacement/cells/llama/sft/step_080/E_general.L14.main.direction.pt,activation_conditioned_update_displacement_singular_values,128,0.09097008870204146,0.10387033603975167,0.009029911297958548,0.0038703360397516623,0.0038703360397516623,1.9279462066894675,7.0100049650268605,0.5186866710960412,0.9090299112979585,0,PASS
llama,sft,80,E_general,14,mlp.gate_proj,0.01,9,displacement_rank,/root/autodl-tmp/cycle09_stage4_state_displacement/cells/llama/sft/step_080/E_general.L14.main.direction.pt,activation_conditioned_update_displacement_singular_values,128,0.009744526159927722,0.010961254853240732,0.0002554738400722782,0.0009612548532407315,0.0002554738400722782,1.034780811641204,1.2732117866771069,0.9663882328992549,0.9912440591357247,0,PASS
llama,sft,80,E_general,14,mlp.gate_proj,0.025,3,displacement_rank,/root/autodl-tmp/cycle09_stage4_state_displacement/cells/llama/sft/step_080/E_general.L14.main.direction.pt,activation_conditioned_update_displacement_singular_values,128,0.022327018365246098,0.027449248267539195,0.0026729816347539036,0.0024492482675391933,0.0024492482675391933,1.034780811641204,1.2732117866771069,0.9663882328992549,0.9912440591357247,0,PASS
llama,sft,80,E_general,14,mlp.gate_proj,0.05,1,displacement_rank,/root/autodl-tmp/cycle09_stage4_state_displacement/cells/llama/sft/step_080/E_general.L14.main.direction.pt,activation_conditioned_update_displacement_singular_values,128,0.03361176710074503,0.9999999999999997,0.01638823289925497,0.9499999999999996,0.01638823289925497,1.034780811641204,1.2732117866771069,0.9663882328992549,0.9912440591357247,0,PASS
llama,sft,80,E_general,14,mlp.gate_proj,0.1,1,displacement_rank,/root/autodl-tmp/cycle09_stage4_state_displacement/cells/llama/sft/step_080/E_general.L14.main.direction.pt,activation_conditioned_update_displacement_singular_values,128,0.03361176710074503,0.9999999999999997,0.06638823289925497,0.8999999999999997,0.06638823289925497,1.034780811641204,1.2732117866771069,0.9663882328992549,0.9912440591357247,0,PASS
llama,sft,80,E_general,14,mlp.up_proj,0.01,23,displacement_rank,/root/autodl-tmp/cycle09_stage4_state_displacement/cells/llama/sft/step_080/E_general.L14.main.direction.pt,activation_conditioned_update_displacement_singular_values,128,0.009242999745826725,0.010780991526931146,0.0007570002541732752,0.0007809915269311463,0.0007570002541732752,1.2160441641982882,2.6236482570468183,0.8223385543396596,0.9544436006080698,0,PASS
llama,sft,80,E_general,14,mlp.up_proj,0.025,16,displacement_rank,/root/autodl-tmp/cycle09_stage4_state_displacement/cells/llama/sft/step_080/E_general.L14.main.direction.pt,activation_conditioned_update_displacement_singular_values,128,0.02327814264644329,0.0260412335919145,0.001721857353556712,0.001041233591914499,0.001041233591914499,1.2160441641982882,2.6236482570468183,0.8223385543396596,0.9544436006080698,0,PASS
llama,sft,80,E_general,14,mlp.up_proj,0.05,10,displacement_rank,/root/autodl-tmp/cycle09_stage4_state_displacement/cells/llama/sft/step_080/E_general.L14.main.direction.pt,activation_conditioned_update_displacement_singular_values,128,0.045556399391930055,0.05077016963663089,0.0044436006080699475,0.000770169636630888,0.000770169636630888,1.2160441641982882,2.6236482570468183,0.8223385543396596,0.9544436006080698,0,PASS
llama,sft,80,E_general,14,mlp.up_proj,0.1,4,displacement_rank,/root/autodl-tmp/cycle09_stage4_state_displacement/cells/llama/sft/step_080/E_general.L14.main.direction.pt,activation_conditioned_update_displacement_singular_values,128,0.095583230932042,0.11224615994364337,0.004416769067958001,0.012246159943643364,0.004416769067958001,1.2160441641982882,2.6236482570468183,0.8223385543396596,0.9544436006080698,0,PASS
llama,sft,80,E_general,14,mlp.down_proj,0.01,28,displacement_rank,/root/autodl-tmp/cycle09_stage4_state_displacement/cells/llama/sft/step_080/E_general.L14.main.direction.pt,activation_conditioned_update_displacement_singular_values,128,0.007901867171091063,0.01037293594719561,0.002098132828908937,0.0003729359471956097,0.0003729359471956097,1.972582826865163,7.25939199096906,0.5069495619553802,0.8959610591906781,0,PASS
llama,sft,80,E_general,14,mlp.down_proj,0.025,23,displacement_rank,/root/autodl-tmp/cycle09_stage4_state_displacement/cells/llama/sft/step_080/E_general.L14.main.direction.pt,activation_conditioned_update_displacement_singular_values,128,0.021922137859802814,0.02526550726211961,0.003077862140197188,0.0002655072621196089,0.0002655072621196089,1.972582826865163,7.25939199096906,0.5069495619553802,0.8959610591906781,0,PASS
llama,sft,80,E_general,14,mlp.down_proj,0.05,17,displacement_rank,/root/autodl-tmp/cycle09_stage4_state_displacement/cells/llama/sft/step_080/E_general.L14.main.direction.pt,activation_conditioned_update_displacement_singular_values,128,0.04835655997559768,0.05428761340970609,0.0016434400244023234,0.004287613409706084,0.0016434400244023234,1.972582826865163,7.25939199096906,0.5069495619553802,0.8959610591906781,0,PASS
llama,sft,80,E_general,14,mlp.down_proj,0.1,11,displacement_rank,/root/autodl-tmp/cycle09_stage4_state_displacement/cells/llama/sft/step_080/E_general.L14.main.direction.pt,activation_conditioned_update_displacement_singular_values,128,0.09368293024503929,0.1040389408093221,0.0063170697549607135,0.0040389408093221,0.0040389408093221,1.972582826865163,7.25939199096906,0.5069495619553802,0.8959610591906781,0,PASS
llama,sft,80,E_math,14,self_attn.q_proj,0.01,21,displacement_rank,/root/autodl-tmp/cycle09_stage4_state_displacement/cells/llama/sft/step_080/E_math.L14.main.direction.pt,activation_conditioned_update_displacement_singular_values,128,0.009061527688984137,0.010303722355221225,0.0009384723110158633,0.000303722355221225,0.000303722355221225,1.2326977964353496,2.6706418581109723,0.8112288371827606,0.96313314648146,0,PASS
llama,sft,80,E_math,14,self_attn.q_proj,0.025,14,displacement_rank,/root/autodl-tmp/cycle09_stage4_state_displacement/cells/llama/sft/step_080/E_math.L14.main.direction.pt,activation_conditioned_update_displacement_singular_values,128,0.022552508127402983,0.025642263899170927,0.0024474918725970185,0.0006422638991709258,0.0006422638991709258,1.2326977964353496,2.6706418581109723,0.8112288371827606,0.96313314648146,0,PASS
llama,sft,80,E_math,14,self_attn.q_proj,0.05,8,displacement_rank,/root/autodl-tmp/cycle09_stage4_state_displacement/cells/llama/sft/step_080/E_math.L14.main.direction.pt,activation_conditioned_update_displacement_singular_values,128,0.04908049977762749,0.05659255498564721,0.0009195002223725129,0.00659255498564721,0.0009195002223725129,1.2326977964353496,2.6706418581109723,0.8112288371827606,0.96313314648146,0,PASS
llama,sft,80,E_math,14,self_attn.q_proj,0.1,4,displacement_rank,/root/autodl-tmp/cycle09_stage4_state_displacement/cells/llama/sft/step_080/E_math.L14.main.direction.pt,activation_conditioned_update_displacement_singular_values,128,0.09039449556700918,0.11382611615039549,0.009605504432990825,0.013826116150395487,0.009605504432990825,1.2326977964353496,2.6706418581109723,0.8112288371827606,0.96313314648146,0,PASS
llama,sft,80,E_math,14,self_attn.k_proj,0.01,27,displacement_rank,/root/autodl-tmp/cycle09_stage4_state_displacement/cells/llama/sft/step_080/E_math.L14.main.direction.pt,activation_conditioned_update_displacement_singular_values,128,0.00831571235952025,0.010625457753800246,0.0016842876404797504,0.0006254577538002456,0.0006254577538002456,1.629945172633248,5.858986227020037,0.6135175690507775,0.8972880276928917,0,PASS
llama,sft,80,E_math,14,self_attn.k_proj,0.025,22,displacement_rank,/root/autodl-tmp/cycle09_stage4_state_displacement/cells/llama/sft/step_080/E_math.L14.main.direction.pt,activation_conditioned_update_displacement_singular_values,128,0.022403880669142208,0.026113862158975043,0.0025961193308577935,0.0011138621589750416,0.0011138621589750416,1.629945172633248,5.858986227020037,0.6135175690507775,0.8972880276928917,0,PASS
llama,sft,80,E_math,14,self_attn.k_proj,0.05,17,displacement_rank,/root/autodl-tmp/cycle09_stage4_state_displacement/cells/llama/sft/step_080/E_math.L14.main.direction.pt,activation_conditioned_update_displacement_singular_values,128,0.04481826879411193,0.05082559055531656,0.005181731205888072,0.0008255905553165577,0.0008255905553165577,1.629945172633248,5.858986227020037,0.6135175690507775,0.8972880276928917,0,PASS
llama,sft,80,E_math,14,self_attn.k_proj,0.1,11,displacement_rank,/root/autodl-tmp/cycle09_stage4_state_displacement/cells/llama/sft/step_080/E_math.L14.main.direction.pt,activation_conditioned_update_displacement_singular_values,128,0.09130407269274639,0.10271197230710853,0.008695927307253618,0.002711972307108526,0.002711972307108526,1.629945172633248,5.858986227020037,0.6135175690507775,0.8972880276928917,0,PASS
llama,sft,80,E_math,14,self_attn.v_proj,0.01,20,displacement_rank,/root/autodl-tmp/cycle09_stage4_state_displacement/cells/llama/sft/step_080/E_math.L14.main.direction.pt,activation_conditioned_update_displacement_singular_values,128,0.0089159112163317,0.010546173720822156,0.0010840887836683008,0.0005461737208221559,0.0005461737208221559,1.309281817656481,2.970947608892257,0.7637775049759165,0.9649470079873299,0,PASS
llama,sft,80,E_math,14,self_attn.v_proj,0.025,13,displacement_rank,/root/autodl-tmp/cycle09_stage4_state_displacement/cells/llama/sft/step_080/E_math.L14.main.direction.pt,activation_conditioned_update_displacement_singular_values,128,0.02390961106260819,0.027129174878150284,0.0010903889373918112,0.0021291748781502827,0.0010903889373918112,1.309281817656481,2.970947608892257,0.7637775049759165,0.9649470079873299,0,PASS
llama,sft,80,E_math,14,self_attn.v_proj,0.05,8,displacement_rank,/root/autodl-tmp/cycle09_stage4_state_displacement/cells/llama/sft/step_080/E_math.L14.main.direction.pt,activation_conditioned_update_displacement_singular_values,128,0.046278144470619904,0.05318066200868416,0.0037218555293800984,0.0031806620086841583,0.0031806620086841583,1.309281817656481,2.970947608892257,0.7637775049759165,0.9649470079873299,0,PASS
llama,sft,80,E_math,14,self_attn.v_proj,0.1,4,displacement_rank,/root/autodl-tmp/cycle09_stage4_state_displacement/cells/llama/sft/step_080/E_math.L14.main.direction.pt,activation_conditioned_update_displacement_singular_values,128,0.09202643374979272,0.1156512703956095,0.007973566250207287,0.0156512703956095,0.007973566250207287,1.309281817656481,2.970947608892257,0.7637775049759165,0.9649470079873299,0,PASS
llama,sft,80,E_math,14,self_attn.o_proj,0.01,22,displacement_rank,/root/autodl-tmp/cycle09_stage4_state_displacement/cells/llama/sft/step_080/E_math.L14.main.direction.pt,activation_conditioned_update_displacement_singular_values,128,0.008704679953277433,0.010270019723039517,0.0012953200467225676,0.00027001972303951696,0.00027001972303951696,1.5226274974399283,4.322986362455772,0.6567594514622593,0.9550250585080422,0,PASS
llama,sft,80,E_math,14,self_attn.o_proj,0.025,15,displacement_rank,/root/autodl-tmp/cycle09_stage4_state_displacement/cells/llama/sft/step_080/E_math.L14.main.direction.pt,activation_conditioned_update_displacement_singular_values,128,0.023467837220625114,0.026873055915611163,0.0015321627793748877,0.0018730559156111617,0.0015321627793748877,1.5226274974399283,4.322986362455772,0.6567594514622593,0.9550250585080422,0,PASS
llama,sft,80,E_math,14,self_attn.o_proj,0.05,10,displacement_rank,/root/autodl-tmp/cycle09_stage4_state_displacement/cells/llama/sft/step_080/E_math.L14.main.direction.pt,activation_conditioned_update_displacement_singular_values,128,0.04497494149195794,0.05276810188030018,0.005025058508042066,0.002768101880300175,0.002768101880300175,1.5226274974399283,4.322986362455772,0.6567594514622593,0.9550250585080422,0,PASS
llama,sft,80,E_math,14,self_attn.o_proj,0.1,6,displacement_rank,/root/autodl-tmp/cycle09_stage4_state_displacement/cells/llama/sft/step_080/E_math.L14.main.direction.pt,activation_conditioned_update_displacement_singular_values,128,0.08759461709387673,0.10757916928756231,0.01240538290612328,0.007579169287562304,0.007579169287562304,1.5226274974399283,4.322986362455772,0.6567594514622593,0.9550250585080422,0,PASS
llama,sft,80,E_math,14,mlp.gate_proj,0.01,2,displacement_rank,/root/autodl-tmp/cycle09_stage4_state_displacement/cells/llama/sft/step_080/E_math.L14.main.direction.pt,activation_conditioned_update_displacement_singular_values,128,0.009759413314475739,0.016101028733993144,0.0002405866855242616,0.006101028733993144,0.0002405866855242616,1.01636451424812,1.1279639736178941,0.983898971266007,0.9972128075285062,0,PASS
llama,sft,80,E_math,14,mlp.gate_proj,0.025,1,displacement_rank,/root/autodl-tmp/cycle09_stage4_state_displacement/cells/llama/sft/step_080/E_math.L14.main.direction.pt,activation_conditioned_update_displacement_singular_values,128,0.016101028733993144,1.0000000000000002,0.008898971266006857,0.9750000000000002,0.008898971266006857,1.01636451424812,1.1279639736178941,0.983898971266007,0.9972128075285062,0,PASS
llama,sft,80,E_math,14,mlp.gate_proj,0.05,1,displacement_rank,/root/autodl-tmp/cycle09_stage4_state_displacement/cells/llama/sft/step_080/E_math.L14.main.direction.pt,activation_conditioned_update_displacement_singular_values,128,0.016101028733993144,1.0000000000000002,0.033898971266006855,0.9500000000000002,0.033898971266006855,1.01636451424812,1.1279639736178941,0.983898971266007,0.9972128075285062,0,PASS
llama,sft,80,E_math,14,mlp.gate_proj,0.1,1,displacement_rank,/root/autodl-tmp/cycle09_stage4_state_displacement/cells/llama/sft/step_080/E_math.L14.main.direction.pt,activation_conditioned_update_displacement_singular_values,128,0.016101028733993144,1.0000000000000002,0.08389897126600686,0.9000000000000002,0.08389897126600686,1.01636451424812,1.1279639736178941,0.983898971266007,0.9972128075285062,0,PASS
llama,sft,80,E_math,14,mlp.up_proj,0.01,13,displacement_rank,/root/autodl-tmp/cycle09_stage4_state_displacement/cells/llama/sft/step_080/E_math.L14.main.direction.pt,activation_conditioned_update_displacement_singular_values,128,0.00987473663850631,0.011061432902853677,0.0001252633614936896,0.0010614329028536765,0.0001252633614936896,1.0761223384678409,1.5451219352985397,0.9292623749673088,0.9859515058969378,0,PASS
llama,sft,80,E_math,14,mlp.up_proj,0.025,6,displacement_rank,/root/autodl-tmp/cycle09_stage4_state_displacement/cells/llama/sft/step_080/E_math.L14.main.direction.pt,activation_conditioned_update_displacement_singular_values,128,0.022548588738475348,0.02700753214117593,0.002451411261524653,0.002007532141175928,0.002007532141175928,1.0761223384678409,1.5451219352985397,0.9292623749673088,0.9859515058969378,0,PASS
llama,sft,80,E_math,14,mlp.up_proj,0.05,2,displacement_rank,/root/autodl-tmp/cycle09_stage4_state_displacement/cells/llama/sft/step_080/E_math.L14.main.direction.pt,activation_conditioned_update_displacement_singular_values,128,0.049128406007530746,0.07073762503269143,0.0008715939924692565,0.02073762503269143,0.0008715939924692565,1.0761223384678409,1.5451219352985397,0.9292623749673088,0.9859515058969378,0,PASS
llama,sft,80,E_math,14,mlp.up_proj,0.1,1,displacement_rank,/root/autodl-tmp/cycle09_stage4_state_displacement/cells/llama/sft/step_080/E_math.L14.main.direction.pt,activation_conditioned_update_displacement_singular_values,128,0.07073762503269143,1.0000000000000002,0.029262374967308574,0.9000000000000002,0.029262374967308574,1.0761223384678409,1.5451219352985397,0.9292623749673088,0.9859515058969378,0,PASS
llama,sft,80,E_math,14,mlp.down_proj,0.01,22,displacement_rank,/root/autodl-tmp/cycle09_stage4_state_displacement/cells/llama/sft/step_080/E_math.L14.main.direction.pt,activation_conditioned_update_displacement_singular_values,128,0.009952805204091404,0.011472253381416437,4.7194795908596376e-05,0.0014722533814164364,4.7194795908596376e-05,2.1245707798083133,4.852013734178715,0.4706833067195924,0.9521302565637515,0,PASS
llama,sft,80,E_math,14,mlp.down_proj,0.025,16,displacement_rank,/root/autodl-tmp/cycle09_stage4_state_displacement/cells/llama/sft/step_080/E_math.L14.main.direction.pt,activation_conditioned_update_displacement_singular_values,128,0.022238174550961002,0.02524155116837412,0.0027618254490389994,0.00024155116837411977,0.00024155116837411977,2.1245707798083133,4.852013734178715,0.4706833067195924,0.9521302565637515,0,PASS
llama,sft,80,E_math,14,mlp.down_proj,0.05,10,displacement_rank,/root/autodl-tmp/cycle09_stage4_state_displacement/cells/llama/sft/step_080/E_math.L14.main.direction.pt,activation_conditioned_update_displacement_singular_values,128,0.04786974343624849,0.05535803280887014,0.0021302565637515147,0.005358032808870136,0.0021302565637515147,2.1245707798083133,4.852013734178715,0.4706833067195924,0.9521302565637515,0,PASS
llama,sft,80,E_math,14,mlp.down_proj,0.1,6,displacement_rank,/root/autodl-tmp/cycle09_stage4_state_displacement/cells/llama/sft/step_080/E_math.L14.main.direction.pt,activation_conditioned_update_displacement_singular_values,128,0.08613052315809044,0.10270198945774975,0.013869476841909562,0.0027019894577497428,0.0027019894577497428,2.1245707798083133,4.852013734178715,0.4706833067195924,0.9521302565637515,0,PASS
llama,sft,80,E_ood,14,self_attn.q_proj,0.01,21,displacement_rank,/root/autodl-tmp/cycle09_stage4_state_displacement/cells/llama/sft/step_080/E_ood.L14.main.direction.pt,activation_conditioned_update_displacement_singular_values,128,0.009515758392955913,0.010876631243004965,0.0004842416070440867,0.0008766312430049644,0.0004842416070440867,1.2174844283040938,2.5894068829621224,0.821365741320371,0.9624090812381778,0,PASS
llama,sft,80,E_ood,14,self_attn.q_proj,0.025,14,displacement_rank,/root/autodl-tmp/cycle09_stage4_state_displacement/cells/llama/sft/step_080/E_ood.L14.main.direction.pt,activation_conditioned_update_displacement_singular_values,128,0.023194993308077515,0.02619424869426448,0.001805006691922486,0.0011942486942644777,0.0011942486942644777,1.2174844283040938,2.5894068829621224,0.821365741320371,0.9624090812381778,0,PASS
llama,sft,80,E_ood,14,self_attn.q_proj,0.05,8,displacement_rank,/root/autodl-tmp/cycle09_stage4_state_displacement/cells/llama/sft/step_080/E_ood.L14.main.direction.pt,activation_conditioned_update_displacement_singular_values,128,0.04863567671865206,0.05637250675756968,0.0013643232813479456,0.006372506757569681,0.0013643232813479456,1.2174844283040938,2.5894068829621224,0.821365741320371,0.9624090812381778,0,PASS
llama,sft,80,E_ood,14,self_attn.q_proj,0.1,4,displacement_rank,/root/autodl-tmp/cycle09_stage4_state_displacement/cells/llama/sft/step_080/E_ood.L14.main.direction.pt,activation_conditioned_update_displacement_singular_values,128,0.0935956044182546,0.11529898078215602,0.006404395581745409,0.01529898078215601,0.006404395581745409,1.2174844283040938,2.5894068829621224,0.821365741320371,0.9624090812381778,0,PASS
llama,sft,80,E_ood,14,self_attn.k_proj,0.01,27,displacement_rank,/root/autodl-tmp/cycle09_stage4_state_displacement/cells/llama/sft/step_080/E_ood.L14.main.direction.pt,activation_conditioned_update_displacement_singular_values,128,0.008596733075407093,0.010874509479971269,0.0014032669245929077,0.0008745094799712683,0.0008745094799712683,1.6367854740909364,5.9600982135360026,0.6109536135487734,0.8939532194705552,0,PASS
llama,sft,80,E_ood,14,self_attn.k_proj,0.025,22,displacement_rank,/root/autodl-tmp/cycle09_stage4_state_displacement/cells/llama/sft/step_080/E_ood.L14.main.direction.pt,activation_conditioned_update_displacement_singular_values,128,0.022537562664581113,0.02625950168192618,0.0024624373354188885,0.0012595016819261784,0.0012595016819261784,1.6367854740909364,5.9600982135360026,0.6109536135487734,0.8939532194705552,0,PASS
llama,sft,80,E_ood,14,self_attn.k_proj,0.05,17,displacement_rank,/root/autodl-tmp/cycle09_stage4_state_displacement/cells/llama/sft/step_080/E_ood.L14.main.direction.pt,activation_conditioned_update_displacement_singular_values,128,0.045956610516651474,0.05284477507369008,0.004043389483348529,0.0028447750736900757,0.0028447750736900757,1.6367854740909364,5.9600982135360026,0.6109536135487734,0.8939532194705552,0,PASS
llama,sft,80,E_ood,14,self_attn.k_proj,0.1,11,displacement_rank,/root/autodl-tmp/cycle09_stage4_state_displacement/cells/llama/sft/step_080/E_ood.L14.main.direction.pt,activation_conditioned_update_displacement_singular_values,128,0.09458749694503882,0.10604678052944458,0.0054125030549611874,0.006046780529444573,0.0054125030549611874,1.6367854740909364,5.9600982135360026,0.6109536135487734,0.8939532194705552,0,PASS
llama,sft,80,E_ood,14,self_attn.v_proj,0.01,22,displacement_rank,/root/autodl-tmp/cycle09_stage4_state_displacement/cells/llama/sft/step_080/E_ood.L14.main.direction.pt,activation_conditioned_update_displacement_singular_values,128,0.00871283517935373,0.010255169916105982,0.00128716482064627,0.0002551699161059823,0.0002551699161059823,1.3259686733529596,3.2516952926458376,0.7541656300757944,0.953668463980085,0,PASS
llama,sft,80,E_ood,14,self_attn.v_proj,0.025,15,displacement_rank,/root/autodl-tmp/cycle09_stage4_state_displacement/cells/llama/sft/step_080/E_ood.L14.main.direction.pt,activation_conditioned_update_displacement_singular_values,128,0.02408158077135841,0.02724001750518562,0.000918419228641592,0.0022400175051856194,0.000918419228641592,1.3259686733529596,3.2516952926458376,0.7541656300757944,0.953668463980085,0,PASS
llama,sft,80,E_ood,14,self_attn.v_proj,0.05,10,displacement_rank,/root/autodl-tmp/cycle09_stage4_state_displacement/cells/llama/sft/step_080/E_ood.L14.main.direction.pt,activation_conditioned_update_displacement_singular_values,128,0.04633153601991509,0.053164798758572426,0.003668463980084913,0.0031647987585724235,0.0031647987585724235,1.3259686733529596,3.2516952926458376,0.7541656300757944,0.953668463980085,0,PASS
llama,sft,80,E_ood,14,self_attn.v_proj,0.1,5,displacement_rank,/root/autodl-tmp/cycle09_stage4_state_displacement/cells/llama/sft/step_080/E_ood.L14.main.direction.pt,activation_conditioned_update_displacement_singular_values,128,0.09421658608138363,0.11315001285007745,0.0057834139186163785,0.013150012850077442,0.0057834139186163785,1.3259686733529596,3.2516952926458376,0.7541656300757944,0.953668463980085,0,PASS
llama,sft,80,E_ood,14,self_attn.o_proj,0.01,24,displacement_rank,/root/autodl-tmp/cycle09_stage4_state_displacement/cells/llama/sft/step_080/E_ood.L14.main.direction.pt,activation_conditioned_update_displacement_singular_values,128,0.008510148052750879,0.010323284037197225,0.0014898519472491215,0.00032328403719722454,0.00032328403719722454,1.5461651284460771,4.67773409779344,0.6467614497327445,0.9355776131958675,0,PASS
llama,sft,80,E_ood,14,self_attn.o_proj,0.025,18,displacement_rank,/root/autodl-tmp/cycle09_stage4_state_displacement/cells/llama/sft/step_080/E_ood.L14.main.direction.pt,activation_conditioned_update_displacement_singular_values,128,0.02239989553706129,0.025575807906148235,0.0026001044629387106,0.0005758079061482339,0.0005758079061482339,1.5461651284460771,4.67773409779344,0.6467614497327445,0.9355776131958675,0,PASS
llama,sft,80,E_ood,14,self_attn.o_proj,0.05,13,displacement_rank,/root/autodl-tmp/cycle09_stage4_state_displacement/cells/llama/sft/step_080/E_ood.L14.main.direction.pt,activation_conditioned_update_displacement_singular_values,128,0.04447593517992717,0.050630337036918265,0.005524064820072831,0.0006303370369182618,0.0006303370369182618,1.5461651284460771,4.67773409779344,0.6467614497327445,0.9355776131958675,0,PASS
llama,sft,80,E_ood,14,self_attn.o_proj,0.1,7,displacement_rank,/root/autodl-tmp/cycle09_stage4_state_displacement/cells/llama/sft/step_080/E_ood.L14.main.direction.pt,activation_conditioned_update_displacement_singular_values,128,0.09339476890685516,0.10694537251729978,0.006605231093144842,0.006945372517299778,0.006605231093144842,1.5461651284460771,4.67773409779344,0.6467614497327445,0.9355776131958675,0,PASS
llama,sft,80,E_ood,14,mlp.gate_proj,0.01,4,displacement_rank,/root/autodl-tmp/cycle09_stage4_state_displacement/cells/llama/sft/step_080/E_ood.L14.main.direction.pt,activation_conditioned_update_displacement_singular_values,128,0.008184625476084593,0.010095484426483723,0.0018153745239154074,9.548442648372318e-05,9.548442648372318e-05,1.0205903089088162,1.1594058234192401,0.9798250985443604,0.9963329579916395,0,PASS
llama,sft,80,E_ood,14,mlp.gate_proj,0.025,1,displacement_rank,/root/autodl-tmp/cycle09_stage4_state_displacement/cells/llama/sft/step_080/E_ood.L14.main.direction.pt,activation_conditioned_update_displacement_singular_values,128,0.020174901455639365,0.9999999999999999,0.004825098544360636,0.9749999999999999,0.004825098544360636,1.0205903089088162,1.1594058234192401,0.9798250985443604,0.9963329579916395,0,PASS
llama,sft,80,E_ood,14,mlp.gate_proj,0.05,1,displacement_rank,/root/autodl-tmp/cycle09_stage4_state_displacement/cells/llama/sft/step_080/E_ood.L14.main.direction.pt,activation_conditioned_update_displacement_singular_values,128,0.020174901455639365,0.9999999999999999,0.029825098544360638,0.9499999999999998,0.029825098544360638,1.0205903089088162,1.1594058234192401,0.9798250985443604,0.9963329579916395,0,PASS
llama,sft,80,E_ood,14,mlp.gate_proj,0.1,1,displacement_rank,/root/autodl-tmp/cycle09_stage4_state_displacement/cells/llama/sft/step_080/E_ood.L14.main.direction.pt,activation_conditioned_update_displacement_singular_values,128,0.020174901455639365,0.9999999999999999,0.07982509854436064,0.8999999999999999,0.07982509854436064,1.0205903089088162,1.1594058234192401,0.9798250985443604,0.9963329579916395,0,PASS
llama,sft,80,E_ood,14,mlp.up_proj,0.01,16,displacement_rank,/root/autodl-tmp/cycle09_stage4_state_displacement/cells/llama/sft/step_080/E_ood.L14.main.direction.pt,activation_conditioned_update_displacement_singular_values,128,0.009920606648820156,0.011140210586211039,7.93933511798444e-05,0.001140210586211039,7.93933511798444e-05,1.1068914873933202,1.7648231280645488,0.9034309247015306,0.9804948839653519,0,PASS
llama,sft,80,E_ood,14,mlp.up_proj,0.025,8,displacement_rank,/root/autodl-tmp/cycle09_stage4_state_displacement/cells/llama/sft/step_080/E_ood.L14.main.direction.pt,activation_conditioned_update_displacement_singular_values,128,0.024785339025147766,0.027856790418349542,0.0002146609748522356,0.0028567904183495405,0.0002146609748522356,1.1068914873933202,1.7648231280645488,0.9034309247015306,0.9804948839653519,0,PASS
llama,sft,80,E_ood,14,mlp.up_proj,0.05,4,displacement_rank,/root/autodl-tmp/cycle09_stage4_state_displacement/cells/llama/sft/step_080/E_ood.L14.main.direction.pt,activation_conditioned_update_displacement_singular_values,128,0.04408690119660439,0.05445140851134462,0.0059130988033956125,0.004451408511344616,0.004451408511344616,1.1068914873933202,1.7648231280645488,0.9034309247015306,0.9804948839653519,0,PASS
llama,sft,80,E_ood,14,mlp.up_proj,0.1,1,displacement_rank,/root/autodl-tmp/cycle09_stage4_state_displacement/cells/llama/sft/step_080/E_ood.L14.main.direction.pt,activation_conditioned_update_displacement_singular_values,128,0.0965690752984694,1.0000000000000002,0.0034309247015305994,0.9000000000000002,0.0034309247015305994,1.1068914873933202,1.7648231280645488,0.9034309247015306,0.9804948839653519,0,PASS
llama,sft,80,E_ood,14,mlp.down_proj,0.01,24,displacement_rank,/root/autodl-tmp/cycle09_stage4_state_displacement/cells/llama/sft/step_080/E_ood.L14.main.direction.pt,activation_conditioned_update_displacement_singular_values,128,0.009638099088312634,0.011409866908218646,0.0003619009116873663,0.0014098669082186453,0.0003619009116873663,1.6301960875254007,4.708980679280854,0.6134231382667445,0.9409629814176583,0,PASS
llama,sft,80,E_ood,14,mlp.down_proj,0.025,18,displacement_rank,/root/autodl-tmp/cycle09_stage4_state_displacement/cells/llama/sft/step_080/E_ood.L14.main.direction.pt,activation_conditioned_update_displacement_singular_values,128,0.022726131265741658,0.02567873054374798,0.0022738687342583434,0.0006787305437479796,0.0006787305437479796,1.6301960875254007,4.708980679280854,0.6134231382667445,0.9409629814176583,0,PASS
llama,sft,80,E_ood,14,mlp.down_proj,0.05,12,displacement_rank,/root/autodl-tmp/cycle09_stage4_state_displacement/cells/llama/sft/step_080/E_ood.L14.main.direction.pt,activation_conditioned_update_displacement_singular_values,128,0.046321926254564785,0.05257309937742404,0.0036780737454352175,0.0025730993774240388,0.0025730993774240388,1.6301960875254007,4.708980679280854,0.6134231382667445,0.9409629814176583,0,PASS
llama,sft,80,E_ood,14,mlp.down_proj,0.1,7,displacement_rank,/root/autodl-tmp/cycle09_stage4_state_displacement/cells/llama/sft/step_080/E_ood.L14.main.direction.pt,activation_conditioned_update_displacement_singular_values,128,0.08844465160633984,0.1039586757327818,0.011555348393660167,0.003958675732781788,0.003958675732781788,1.6301960875254007,4.708980679280854,0.6134231382667445,0.9409629814176583,0,PASS
llama,sft,80,E_if,14,self_attn.q_proj,0.01,21,displacement_rank,/root/autodl-tmp/cycle09_stage4_state_displacement/cells/llama/sft/step_080/E_if.L14.main.direction.pt,activation_conditioned_update_displacement_singular_values,128,0.009443380555664389,0.010775850032050316,0.0005566194443356112,0.0007758500320503153,0.0005566194443356112,1.186295454089403,2.3734911949386097,0.8429603237142952,0.9648596073014774,0,PASS
llama,sft,80,E_if,14,self_attn.q_proj,0.025,13,displacement_rank,/root/autodl-tmp/cycle09_stage4_state_displacement/cells/llama/sft/step_080/E_if.L14.main.direction.pt,activation_conditioned_update_displacement_singular_values,128,0.02489818640751204,0.028175075648479507,0.00010181359248796068,0.0031750756484795056,0.00010181359248796068,1.186295454089403,2.3734911949386097,0.8429603237142952,0.9648596073014774,0,PASS
llama,sft,80,E_if,14,self_attn.q_proj,0.05,8,displacement_rank,/root/autodl-tmp/cycle09_stage4_state_displacement/cells/llama/sft/step_080/E_if.L14.main.direction.pt,activation_conditioned_update_displacement_singular_values,128,0.045407377887361315,0.052116635232568105,0.004592622112638688,0.0021166352325681023,0.0021166352325681023,1.186295454089403,2.3734911949386097,0.8429603237142952,0.9648596073014774,0,PASS
llama,sft,80,E_if,14,self_attn.q_proj,0.1,3,displacement_rank,/root/autodl-tmp/cycle09_stage4_state_displacement/cells/llama/sft/step_080/E_if.L14.main.direction.pt,activation_conditioned_update_displacement_singular_values,128,0.09928250943237997,0.1256049532107111,0.0007174905676200355,0.0256049532107111,0.0007174905676200355,1.186295454089403,2.3734911949386097,0.8429603237142952,0.9648596073014774,0,PASS
llama,sft,80,E_if,14,self_attn.k_proj,0.01,27,displacement_rank,/root/autodl-tmp/cycle09_stage4_state_displacement/cells/llama/sft/step_080/E_if.L14.main.direction.pt,activation_conditioned_update_displacement_singular_values,128,0.008565573905211569,0.010971363265359956,0.0014344260947884314,0.0009713632653599556,0.0009713632653599556,1.5228199816051022,5.229722997588491,0.6566764371885685,0.8990708589386097,0,PASS
llama,sft,80,E_if,14,self_attn.k_proj,0.025,22,displacement_rank,/root/autodl-tmp/cycle09_stage4_state_displacement/cells/llama/sft/step_080/E_if.L14.main.direction.pt,activation_conditioned_update_displacement_singular_values,128,0.02304864360857344,0.02675186426827564,0.0019513563914265626,0.00175186426827564,0.00175186426827564,1.5228199816051022,5.229722997588491,0.6566764371885685,0.8990708589386097,0,PASS
llama,sft,80,E_if,14,self_attn.k_proj,0.05,17,displacement_rank,/root/autodl-tmp/cycle09_stage4_state_displacement/cells/llama/sft/step_080/E_if.L14.main.direction.pt,activation_conditioned_update_displacement_singular_values,128,0.04571116033276729,0.051490588039149465,0.004288839667232716,0.0014905880391494625,0.0014905880391494625,1.5228199816051022,5.229722997588491,0.6566764371885685,0.8990708589386097,0,PASS
llama,sft,80,E_if,14,self_attn.k_proj,0.1,11,displacement_rank,/root/autodl-tmp/cycle09_stage4_state_displacement/cells/llama/sft/step_080/E_if.L14.main.direction.pt,activation_conditioned_update_displacement_singular_values,128,0.09031520412011625,0.10092914106139037,0.009684795879883759,0.0009291410613903595,0.0009291410613903595,1.5228199816051022,5.229722997588491,0.6566764371885685,0.8990708589386097,0,PASS
llama,sft,80,E_if,14,self_attn.v_proj,0.01,20,displacement_rank,/root/autodl-tmp/cycle09_stage4_state_displacement/cells/llama/sft/step_080/E_if.L14.main.direction.pt,activation_conditioned_update_displacement_singular_values,128,0.009444873392427633,0.010929696813588569,0.000555126607572367,0.0009296968135885687,0.000555126607572367,1.191450383919233,2.394228916575909,0.8393131711540821,0.9649021956529837,0,PASS
llama,sft,80,E_if,14,self_attn.v_proj,0.025,13,displacement_rank,/root/autodl-tmp/cycle09_stage4_state_displacement/cells/llama/sft/step_080/E_if.L14.main.direction.pt,activation_conditioned_update_displacement_singular_values,128,0.023850566492142403,0.027141846072168976,0.001149433507857598,0.002141846072168975,0.001149433507857598,1.191450383919233,2.394228916575909,0.8393131711540821,0.9649021956529837,0,PASS
llama,sft,80,E_if,14,self_attn.v_proj,0.05,8,displacement_rank,/root/autodl-tmp/cycle09_stage4_state_displacement/cells/llama/sft/step_080/E_if.L14.main.direction.pt,activation_conditioned_update_displacement_singular_values,128,0.04438356215003128,0.05023935439578649,0.005616437849968722,0.0002393543957864841,0.0002393543957864841,1.191450383919233,2.394228916575909,0.8393131711540821,0.9649021956529837,0,PASS
llama,sft,80,E_if,14,self_attn.v_proj,0.1,3,displacement_rank,/root/autodl-tmp/cycle09_stage4_state_displacement/cells/llama/sft/step_080/E_if.L14.main.direction.pt,activation_conditioned_update_displacement_singular_values,128,0.0999014695882904,0.12689019359293233,9.85304117096103e-05,0.02689019359293232,9.85304117096103e-05,1.191450383919233,2.394228916575909,0.8393131711540821,0.9649021956529837,0,PASS
llama,sft,80,E_if,14,self_attn.o_proj,0.01,26,displacement_rank,/root/autodl-tmp/cycle09_stage4_state_displacement/cells/llama/sft/step_080/E_if.L14.main.direction.pt,activation_conditioned_update_displacement_singular_values,128,0.00888866882119784,0.011226993135261844,0.0011113311788021607,0.0012269931352618443,0.0011113311788021607,3.0768113495071114,8.694563513747884,0.3250118016368454,0.9095262866703073,0,PASS
llama,sft,80,E_if,14,self_attn.o_proj,0.025,21,displacement_rank,/root/autodl-tmp/cycle09_stage4_state_displacement/cells/llama/sft/step_080/E_if.L14.main.direction.pt,activation_conditioned_update_displacement_singular_values,128,0.022910533137060974,0.0265591204538413,0.0020894668629390274,0.0015591204538412985,0.0015591204538412985,3.0768113495071114,8.694563513747884,0.3250118016368454,0.9095262866703073,0,PASS
llama,sft,80,E_if,14,self_attn.o_proj,0.05,15,displacement_rank,/root/autodl-tmp/cycle09_stage4_state_displacement/cells/llama/sft/step_080/E_if.L14.main.direction.pt,activation_conditioned_update_displacement_singular_values,128,0.04959835295130879,0.055760605104273324,0.00040164704869121576,0.005760605104273321,0.00040164704869121576,3.0768113495071114,8.694563513747884,0.3250118016368454,0.9095262866703073,0,PASS
llama,sft,80,E_if,14,self_attn.o_proj,0.1,10,displacement_rank,/root/autodl-tmp/cycle09_stage4_state_displacement/cells/llama/sft/step_080/E_if.L14.main.direction.pt,activation_conditioned_update_displacement_singular_values,128,0.09047371332969283,0.10306130872887691,0.00952628667030718,0.003061308728876902,0.003061308728876902,3.0768113495071114,8.694563513747884,0.3250118016368454,0.9095262866703073,0,PASS
llama,sft,80,E_if,14,mlp.gate_proj,0.01,5,displacement_rank,/root/autodl-tmp/cycle09_stage4_state_displacement/cells/llama/sft/step_080/E_if.L14.main.direction.pt,activation_conditioned_update_displacement_singular_values,128,0.008663370946743819,0.010855285626696026,0.0013366290532561814,0.0008552856266960257,0.0008552856266960257,1.0215534990155937,1.1729340477283252,0.9789012528111711,0.9952021614458312,0,PASS
llama,sft,80,E_if,14,mlp.gate_proj,0.025,1,displacement_rank,/root/autodl-tmp/cycle09_stage4_state_displacement/cells/llama/sft/step_080/E_if.L14.main.direction.pt,activation_conditioned_update_displacement_singular_values,128,0.021098747188828818,0.9999999999999999,0.003901252811171183,0.9749999999999999,0.003901252811171183,1.0215534990155937,1.1729340477283252,0.9789012528111711,0.9952021614458312,0,PASS
llama,sft,80,E_if,14,mlp.gate_proj,0.05,1,displacement_rank,/root/autodl-tmp/cycle09_stage4_state_displacement/cells/llama/sft/step_080/E_if.L14.main.direction.pt,activation_conditioned_update_displacement_singular_values,128,0.021098747188828818,0.9999999999999999,0.028901252811171185,0.9499999999999998,0.028901252811171185,1.0215534990155937,1.1729340477283252,0.9789012528111711,0.9952021614458312,0,PASS
llama,sft,80,E_if,14,mlp.gate_proj,0.1,1,displacement_rank,/root/autodl-tmp/cycle09_stage4_state_displacement/cells/llama/sft/step_080/E_if.L14.main.direction.pt,activation_conditioned_update_displacement_singular_values,128,0.021098747188828818,0.9999999999999999,0.07890125281117119,0.8999999999999999,0.07890125281117119,1.0215534990155937,1.1729340477283252,0.9789012528111711,0.9952021614458312,0,PASS
llama,sft,80,E_if,14,mlp.up_proj,0.01,18,displacement_rank,/root/autodl-tmp/cycle09_stage4_state_displacement/cells/llama/sft/step_080/E_if.L14.main.direction.pt,activation_conditioned_update_displacement_singular_values,128,0.00907480338674917,0.010315351244738745,0.00092519661325083,0.00031535124473874507,0.00031535124473874507,1.1141954417052053,1.8298664532851003,0.8975086080675071,0.9774228271903268,0,PASS
llama,sft,80,E_if,14,mlp.up_proj,0.025,9,displacement_rank,/root/autodl-tmp/cycle09_stage4_state_displacement/cells/llama/sft/step_080/E_if.L14.main.direction.pt,activation_conditioned_update_displacement_singular_values,128,0.024989184550808844,0.028191916784311016,1.0815449191157317e-05,0.003191916784311015,1.0815449191157317e-05,1.1141954417052053,1.8298664532851003,0.8975086080675071,0.9774228271903268,0,PASS
llama,sft,80,E_if,14,mlp.up_proj,0.05,5,displacement_rank,/root/autodl-tmp/cycle09_stage4_state_displacement/cells/llama/sft/step_080/E_if.L14.main.direction.pt,activation_conditioned_update_displacement_singular_values,128,0.043236330669170896,0.05009987402866647,0.006763669330829107,9.987402866646483e-05,9.987402866646483e-05,1.1141954417052053,1.8298664532851003,0.8975086080675071,0.9774228271903268,0,PASS
llama,sft,80,E_if,14,mlp.up_proj,0.1,2,displacement_rank,/root/autodl-tmp/cycle09_stage4_state_displacement/cells/llama/sft/step_080/E_if.L14.main.direction.pt,activation_conditioned_update_displacement_singular_values,128,0.07810104085424403,0.10249139193249324,0.021898959145755972,0.002491391932493231,0.002491391932493231,1.1141954417052053,1.8298664532851003,0.8975086080675071,0.9774228271903268,0,PASS
llama,sft,80,E_if,14,mlp.down_proj,0.01,22,displacement_rank,/root/autodl-tmp/cycle09_stage4_state_displacement/cells/llama/sft/step_080/E_if.L14.main.direction.pt,activation_conditioned_update_displacement_singular_values,128,0.009876880625210164,0.01146744045184186,0.00012311937478983598,0.0014674404518418595,0.00012311937478983598,1.2991336486383975,3.0695220942936343,0.7697437450319949,0.9577947736692841,0,PASS
llama,sft,80,E_if,14,mlp.down_proj,0.025,15,displacement_rank,/root/autodl-tmp/cycle09_stage4_state_displacement/cells/llama/sft/step_080/E_if.L14.main.direction.pt,activation_conditioned_update_displacement_singular_values,128,0.024417143235930253,0.027049704600631847,0.0005828567640697481,0.0020497046006318458,0.0005828567640697481,1.2991336486383975,3.0695220942936343,0.7697437450319949,0.9577947736692841,0,PASS
llama,sft,80,E_if,14,mlp.down_proj,0.05,9,displacement_rank,/root/autodl-tmp/cycle09_stage4_state_displacement/cells/llama/sft/step_080/E_if.L14.main.direction.pt,activation_conditioned_update_displacement_singular_values,128,0.04739128609455327,0.05383095926361433,0.00260871390544673,0.0038309592636143266,0.00260871390544673,1.2991336486383975,3.0695220942936343,0.7697437450319949,0.9577947736692841,0,PASS
llama,sft,80,E_if,14,mlp.down_proj,0.1,5,displacement_rank,/root/autodl-tmp/cycle09_stage4_state_displacement/cells/llama/sft/step_080/E_if.L14.main.direction.pt,activation_conditioned_update_displacement_singular_values,128,0.08384949996904954,0.10156356001771058,0.016150500030950463,0.0015635600177105746,0.0015635600177105746,1.2991336486383975,3.0695220942936343,0.7697437450319949,0.9577947736692841,0,PASS
llama,offkd,20,E_general,14,self_attn.q_proj,0.01,28,displacement_rank,/root/autodl-tmp/cycle09_stage4_state_displacement/cells/llama/offkd/step_020/E_general.L14.main.direction.pt,activation_conditioned_update_displacement_singular_values,128,0.009621846158040473,0.012613222684659479,0.00037815384195952727,0.0026132226846594785,0.00037815384195952727,1.7694910880259793,6.827617436947463,0.5651342393114772,0.8791705196750547,0,PASS
llama,offkd,20,E_general,14,self_attn.q_proj,0.025,24,displacement_rank,/root/autodl-tmp/cycle09_stage4_state_displacement/cells/llama/offkd/step_020/E_general.L14.main.direction.pt,activation_conditioned_update_displacement_singular_values,128,0.02318567413321731,0.027465488399600117,0.0018143258667826928,0.002465488399600115,0.0018143258667826928,1.7694910880259793,6.827617436947463,0.5651342393114772,0.8791705196750547,0,PASS
llama,offkd,20,E_general,14,self_attn.q_proj,0.05,19,displacement_rank,/root/autodl-tmp/cycle09_stage4_state_displacement/cells/llama/offkd/step_020/E_general.L14.main.direction.pt,activation_conditioned_update_displacement_singular_values,128,0.04831082535569291,0.05399057258060932,0.0016891746443070954,0.003990572580609315,0.0016891746443070954,1.7694910880259793,6.827617436947463,0.5651342393114772,0.8791705196750547,0,PASS
llama,offkd,20,E_general,14,self_attn.q_proj,0.1,12,displacement_rank,/root/autodl-tmp/cycle09_stage4_state_displacement/cells/llama/offkd/step_020/E_general.L14.main.direction.pt,activation_conditioned_update_displacement_singular_values,128,0.09907396441192248,0.10937200449337793,0.0009260355880775228,0.009372004493377925,0.0009260355880775228,1.7694910880259793,6.827617436947463,0.5651342393114772,0.8791705196750547,0,PASS
llama,offkd,20,E_general,14,self_attn.k_proj,0.01,28,displacement_rank,/root/autodl-tmp/cycle09_stage4_state_displacement/cells/llama/offkd/step_020/E_general.L14.main.direction.pt,activation_conditioned_update_displacement_singular_values,128,0.00901971170437816,0.011861243635750637,0.0009802882956218405,0.0018612436357506364,0.0009802882956218405,1.490058939037378,5.163075300234576,0.6711143927273303,0.8836724109626833,0,PASS
llama,offkd,20,E_general,14,self_attn.k_proj,0.025,24,displacement_rank,/root/autodl-tmp/cycle09_stage4_state_displacement/cells/llama/offkd/step_020/E_general.L14.main.direction.pt,activation_conditioned_update_displacement_singular_values,128,0.022010815122388495,0.02578372026010152,0.0029891848776115067,0.0007837202601015184,0.0007837202601015184,1.490058939037378,5.163075300234576,0.6711143927273303,0.8836724109626833,0,PASS
llama,offkd,20,E_general,14,self_attn.k_proj,0.05,18,displacement_rank,/root/autodl-tmp/cycle09_stage4_state_displacement/cells/llama/offkd/step_020/E_general.L14.main.direction.pt,activation_conditioned_update_displacement_singular_values,128,0.049835167427667984,0.055724963555548165,0.00016483257233201876,0.005724963555548163,0.00016483257233201876,1.490058939037378,5.163075300234576,0.6711143927273303,0.8836724109626833,0,PASS
llama,offkd,20,E_general,14,self_attn.k_proj,0.1,12,displacement_rank,/root/autodl-tmp/cycle09_stage4_state_displacement/cells/llama/offkd/step_020/E_general.L14.main.direction.pt,activation_conditioned_update_displacement_singular_values,128,0.09505697021157201,0.10503861349351101,0.004943029788427991,0.005038613493511007,0.004943029788427991,1.490058939037378,5.163075300234576,0.6711143927273303,0.8836724109626833,0,PASS
llama,offkd,20,E_general,14,self_attn.v_proj,0.01,25,displacement_rank,/root/autodl-tmp/cycle09_stage4_state_displacement/cells/llama/offkd/step_020/E_general.L14.main.direction.pt,activation_conditioned_update_displacement_singular_values,128,0.009280506664421644,0.011031678603795052,0.0007194933355783566,0.0010316786037950516,0.0007194933355783566,1.361272177260668,3.6239533922962113,0.734606948341758,0.9383145448980054,0,PASS
llama,offkd,20,E_general,14,self_attn.v_proj,0.025,19,displacement_rank,/root/autodl-tmp/cycle09_stage4_state_displacement/cells/llama/offkd/step_020/E_general.L14.main.direction.pt,activation_conditioned_update_displacement_singular_values,128,0.022641188680809186,0.0258107722865523,0.002358811319190815,0.000810772286552297,0.000810772286552297,1.361272177260668,3.6239533922962113,0.734606948341758,0.9383145448980054,0,PASS
llama,offkd,20,E_general,14,self_attn.v_proj,0.05,12,displacement_rank,/root/autodl-tmp/cycle09_stage4_state_displacement/cells/llama/offkd/step_020/E_general.L14.main.direction.pt,activation_conditioned_update_displacement_singular_values,128,0.049650887988635574,0.05559881127251788,0.0003491120113644289,0.0055988112725178785,0.0003491120113644289,1.361272177260668,3.6239533922962113,0.734606948341758,0.9383145448980054,0,PASS
llama,offkd,20,E_general,14,self_attn.v_proj,0.1,6,displacement_rank,/root/autodl-tmp/cycle09_stage4_state_displacement/cells/llama/offkd/step_020/E_general.L14.main.direction.pt,activation_conditioned_update_displacement_singular_values,128,0.09327432141651615,0.10634539732580876,0.006725678583483857,0.006345397325808758,0.006345397325808758,1.361272177260668,3.6239533922962113,0.734606948341758,0.9383145448980054,0,PASS
llama,offkd,20,E_general,14,self_attn.o_proj,0.01,28,displacement_rank,/root/autodl-tmp/cycle09_stage4_state_displacement/cells/llama/offkd/step_020/E_general.L14.main.direction.pt,activation_conditioned_update_displacement_singular_values,128,0.00888459256429434,0.011856255558163012,0.0011154074357056596,0.0018562555581630117,0.0011154074357056596,2.088745782986711,8.756901282169906,0.47875620295452787,0.8604457095520973,0,PASS
llama,offkd,20,E_general,14,self_attn.o_proj,0.025,24,displacement_rank,/root/autodl-tmp/cycle09_stage4_state_displacement/cells/llama/offkd/step_020/E_general.L14.main.direction.pt,activation_conditioned_update_displacement_singular_values,128,0.023253348093468258,0.027682996161351874,0.0017466519065317439,0.002682996161351873,0.0017466519065317439,2.088745782986711,8.756901282169906,0.47875620295452787,0.8604457095520973,0,PASS
llama,offkd,20,E_general,14,self_attn.o_proj,0.05,19,displacement_rank,/root/autodl-tmp/cycle09_stage4_state_displacement/cells/llama/offkd/step_020/E_general.L14.main.direction.pt,activation_conditioned_update_displacement_singular_values,128,0.048850932663158354,0.055319410719564636,0.0011490673368416485,0.005319410719564634,0.0011490673368416485,2.088745782986711,8.756901282169906,0.47875620295452787,0.8604457095520973,0,PASS
llama,offkd,20,E_general,14,self_attn.o_proj,0.1,13,displacement_rank,/root/autodl-tmp/cycle09_stage4_state_displacement/cells/llama/offkd/step_020/E_general.L14.main.direction.pt,activation_conditioned_update_displacement_singular_values,128,0.09830602127785001,0.10950388582069649,0.0016939787221499913,0.009503885820696487,0.0016939787221499913,2.088745782986711,8.756901282169906,0.47875620295452787,0.8604457095520973,0,PASS
llama,offkd,20,E_general,14,mlp.gate_proj,0.01,29,displacement_rank,/root/autodl-tmp/cycle09_stage4_state_displacement/cells/llama/offkd/step_020/E_general.L14.main.direction.pt,activation_conditioned_update_displacement_singular_values,128,0.007705268457453312,0.010936571516143008,0.0022947315425466885,0.0009365715161430074,0.0009365715161430074,1.4855027123930953,5.1305020581805465,0.6731727863283624,0.878765574755352,0,PASS
llama,offkd,20,E_general,14,mlp.gate_proj,0.025,25,displacement_rank,/root/autodl-tmp/cycle09_stage4_state_displacement/cells/llama/offkd/step_020/E_general.L14.main.direction.pt,activation_conditioned_update_displacement_singular_values,128,0.021906136394049404,0.02614708209661525,0.0030938636059505975,0.0011470820966152477,0.0011470820966152477,1.4855027123930953,5.1305020581805465,0.6731727863283624,0.878765574755352,0,PASS
llama,offkd,20,E_general,14,mlp.gate_proj,0.05,20,displacement_rank,/root/autodl-tmp/cycle09_stage4_state_displacement/cells/llama/offkd/step_020/E_general.L14.main.direction.pt,activation_conditioned_update_displacement_singular_values,128,0.04645397870263974,0.052033258754109274,0.0035460212973602648,0.002033258754109271,0.002033258754109271,1.4855027123930953,5.1305020581805465,0.6731727863283624,0.878765574755352,0,PASS
llama,offkd,20,E_general,14,mlp.gate_proj,0.1,13,displacement_rank,/root/autodl-tmp/cycle09_stage4_state_displacement/cells/llama/offkd/step_020/E_general.L14.main.direction.pt,activation_conditioned_update_displacement_singular_values,128,0.09355112655998282,0.10199784828815174,0.006448873440017183,0.001997848288151735,0.001997848288151735,1.4855027123930953,5.1305020581805465,0.6731727863283624,0.878765574755352,0,PASS
llama,offkd,20,E_general,14,mlp.up_proj,0.01,29,displacement_rank,/root/autodl-tmp/cycle09_stage4_state_displacement/cells/llama/offkd/step_020/E_general.L14.main.direction.pt,activation_conditioned_update_displacement_singular_values,128,0.007945523333790405,0.011066631049278864,0.0020544766662095957,0.0010666310492788642,0.0010666310492788642,1.66071224694482,6.430063674608288,0.6021512768630933,0.8667097452626734,0,PASS
llama,offkd,20,E_general,14,mlp.up_proj,0.025,25,displacement_rank,/root/autodl-tmp/cycle09_stage4_state_displacement/cells/llama/offkd/step_020/E_general.L14.main.direction.pt,activation_conditioned_update_displacement_singular_values,128,0.02260682827713531,0.02719987512562448,0.002393171722864691,0.00219987512562448,0.00219987512562448,1.66071224694482,6.430063674608288,0.6021512768630933,0.8667097452626734,0,PASS
llama,offkd,20,E_general,14,mlp.up_proj,0.05,20,displacement_rank,/root/autodl-tmp/cycle09_stage4_state_displacement/cells/llama/offkd/step_020/E_general.L14.main.direction.pt,activation_conditioned_update_displacement_singular_values,128,0.048038857642880836,0.05381760222401064,0.0019611423571191666,0.0038176022240106397,0.0019611423571191666,1.66071224694482,6.430063674608288,0.6021512768630933,0.8667097452626734,0,PASS
llama,offkd,20,E_general,14,mlp.up_proj,0.1,14,displacement_rank,/root/autodl-tmp/cycle09_stage4_state_displacement/cells/llama/offkd/step_020/E_general.L14.main.direction.pt,activation_conditioned_update_displacement_singular_values,128,0.09093835013057383,0.10022527038565976,0.009061649869426175,0.00022527038565975377,0.00022527038565975377,1.66071224694482,6.430063674608288,0.6021512768630933,0.8667097452626734,0,PASS
llama,offkd,20,E_general,14,mlp.down_proj,0.01,29,displacement_rank,/root/autodl-tmp/cycle09_stage4_state_displacement/cells/llama/offkd/step_020/E_general.L14.main.direction.pt,activation_conditioned_update_displacement_singular_values,128,0.00869077230695499,0.011792429950285899,0.0013092276930450099,0.0017924299502858985,0.0013092276930450099,1.5483394250552058,5.740941563840804,0.6458532178526328,0.8643680445388086,0,PASS
llama,offkd,20,E_general,14,mlp.down_proj,0.025,25,displacement_rank,/root/autodl-tmp/cycle09_stage4_state_displacement/cells/llama/offkd/step_020/E_general.L14.main.direction.pt,activation_conditioned_update_displacement_singular_values,128,0.024067157971054805,0.02865173254613441,0.0009328420289451966,0.00365173254613441,0.0009328420289451966,1.5483394250552058,5.740941563840804,0.6458532178526328,0.8643680445388086,0,PASS
llama,offkd,20,E_general,14,mlp.down_proj,0.05,20,displacement_rank,/root/autodl-tmp/cycle09_stage4_state_displacement/cells/llama/offkd/step_020/E_general.L14.main.direction.pt,activation_conditioned_update_displacement_singular_values,128,0.04939617941718237,0.05527126738769283,0.0006038205828176324,0.005271267387692825,0.0006038205828176324,1.5483394250552058,5.740941563840804,0.6458532178526328,0.8643680445388086,0,PASS
llama,offkd,20,E_general,14,mlp.down_proj,0.1,14,displacement_rank,/root/autodl-tmp/cycle09_stage4_state_displacement/cells/llama/offkd/step_020/E_general.L14.main.direction.pt,activation_conditioned_update_displacement_singular_values,128,0.09194505787853043,0.10140205315742373,0.00805494212146958,0.0014020531574237272,0.0014020531574237272,1.5483394250552058,5.740941563840804,0.6458532178526328,0.8643680445388086,0,PASS
llama,offkd,20,E_math,14,self_attn.q_proj,0.01,26,displacement_rank,/root/autodl-tmp/cycle09_stage4_state_displacement/cells/llama/offkd/step_020/E_math.L14.main.direction.pt,activation_conditioned_update_displacement_singular_values,128,0.00837134900035863,0.010298118668670211,0.0016286509996413703,0.0002981186686702112,0.0002981186686702112,1.3932941999637063,3.9460749341713663,0.7177235073727063,0.9291541843350205,0,PASS
llama,offkd,20,E_math,14,self_attn.q_proj,0.025,20,displacement_rank,/root/autodl-tmp/cycle09_stage4_state_displacement/cells/llama/offkd/step_020/E_math.L14.main.direction.pt,activation_conditioned_update_displacement_singular_values,128,0.022962856365354528,0.026101660252092075,0.0020371436346454733,0.0011016602520920737,0.0011016602520920737,1.3932941999637063,3.9460749341713663,0.7177235073727063,0.9291541843350205,0,PASS
llama,offkd,20,E_math,14,self_attn.q_proj,0.05,14,displacement_rank,/root/autodl-tmp/cycle09_stage4_state_displacement/cells/llama/offkd/step_020/E_math.L14.main.direction.pt,activation_conditioned_update_displacement_singular_values,128,0.046117784528196655,0.05092334151532341,0.0038822154718033478,0.0009233415153234101,0.0009233415153234101,1.3932941999637063,3.9460749341713663,0.7177235073727063,0.9291541843350205,0,PASS
llama,offkd,20,E_math,14,self_attn.q_proj,0.1,8,displacement_rank,/root/autodl-tmp/cycle09_stage4_state_displacement/cells/llama/offkd/step_020/E_math.L14.main.direction.pt,activation_conditioned_update_displacement_singular_values,128,0.08839281236280158,0.10093052858672015,0.011607187637198424,0.0009305285867201446,0.0009305285867201446,1.3932941999637063,3.9460749341713663,0.7177235073727063,0.9291541843350205,0,PASS
llama,offkd,20,E_math,14,self_attn.k_proj,0.01,26,displacement_rank,/root/autodl-tmp/cycle09_stage4_state_displacement/cells/llama/offkd/step_020/E_math.L14.main.direction.pt,activation_conditioned_update_displacement_singular_values,128,0.009980909237044235,0.012171859471368741,1.9090762955765658e-05,0.002171859471368741,1.9090762955765658e-05,1.3641406325053156,3.976670691316013,0.7330622489878097,0.914395891379233,0,PASS
llama,offkd,20,E_math,14,self_attn.k_proj,0.025,21,displacement_rank,/root/autodl-tmp/cycle09_stage4_state_displacement/cells/llama/offkd/step_020/E_math.L14.main.direction.pt,activation_conditioned_update_displacement_singular_values,128,0.023295552540037852,0.02660383637036085,0.0017044474599621495,0.001603836370360847,0.001603836370360847,1.3641406325053156,3.976670691316013,0.7330622489878097,0.914395891379233,0,PASS
llama,offkd,20,E_math,14,self_attn.k_proj,0.05,15,displacement_rank,/root/autodl-tmp/cycle09_stage4_state_displacement/cells/llama/offkd/step_020/E_math.L14.main.direction.pt,activation_conditioned_update_displacement_singular_values,128,0.04892023011075624,0.055081734486336416,0.0010797698892437632,0.005081734486336413,0.0010797698892437632,1.3641406325053156,3.976670691316013,0.7330622489878097,0.914395891379233,0,PASS
llama,offkd,20,E_math,14,self_attn.k_proj,0.1,9,displacement_rank,/root/autodl-tmp/cycle09_stage4_state_displacement/cells/llama/offkd/step_020/E_math.L14.main.direction.pt,activation_conditioned_update_displacement_singular_values,128,0.09570412729647798,0.10776248012681033,0.0042958727035220245,0.007762480126810328,0.0042958727035220245,1.3641406325053156,3.976670691316013,0.7330622489878097,0.914395891379233,0,PASS
llama,offkd,20,E_math,14,self_attn.v_proj,0.01,19,displacement_rank,/root/autodl-tmp/cycle09_stage4_state_displacement/cells/llama/offkd/step_020/E_math.L14.main.direction.pt,activation_conditioned_update_displacement_singular_values,128,0.0094958733095166,0.010861665047146344,0.0005041266904834002,0.0008616650471463434,0.0005041266904834002,1.1653005495264266,2.160656513520009,0.8581477116838192,0.9727171478286628,0,PASS
llama,offkd,20,E_math,14,self_attn.v_proj,0.025,11,displacement_rank,/root/autodl-tmp/cycle09_stage4_state_displacement/cells/llama/offkd/step_020/E_math.L14.main.direction.pt,activation_conditioned_update_displacement_singular_values,128,0.024584270474637553,0.02728285217133745,0.0004157295253624481,0.0022828521713374496,0.0004157295253624481,1.1653005495264266,2.160656513520009,0.8581477116838192,0.9727171478286628,0,PASS
llama,offkd,20,E_math,14,self_attn.v_proj,0.05,6,displacement_rank,/root/autodl-tmp/cycle09_stage4_state_displacement/cells/llama/offkd/step_020/E_math.L14.main.direction.pt,activation_conditioned_update_displacement_singular_values,128,0.04469226798366516,0.05243820365050901,0.005307732016334846,0.0024382036505090077,0.0024382036505090077,1.1653005495264266,2.160656513520009,0.8581477116838192,0.9727171478286628,0,PASS
llama,offkd,20,E_math,14,self_attn.v_proj,0.1,3,displacement_rank,/root/autodl-tmp/cycle09_stage4_state_displacement/cells/llama/offkd/step_020/E_math.L14.main.direction.pt,activation_conditioned_update_displacement_singular_values,128,0.07602073206722808,0.10473328905738485,0.023979267932771928,0.0047332890573848485,0.0047332890573848485,1.1653005495264266,2.160656513520009,0.8581477116838192,0.9727171478286628,0,PASS
llama,offkd,20,E_math,14,self_attn.o_proj,0.01,24,displacement_rank,/root/autodl-tmp/cycle09_stage4_state_displacement/cells/llama/offkd/step_020/E_math.L14.main.direction.pt,activation_conditioned_update_displacement_singular_values,128,0.008648630726916089,0.010392549070988712,0.0013513692730839112,0.00039254907098871215,0.00039254907098871215,1.341759482871309,3.476570020810261,0.7452900559048347,0.9451852145394025,0,PASS
llama,offkd,20,E_math,14,self_attn.o_proj,0.025,17,displacement_rank,/root/autodl-tmp/cycle09_stage4_state_displacement/cells/llama/offkd/step_020/E_math.L14.main.direction.pt,activation_conditioned_update_displacement_singular_values,128,0.023846203685554766,0.02682222402097117,0.0011537963144452358,0.00182222402097117,0.0011537963144452358,1.341759482871309,3.476570020810261,0.7452900559048347,0.9451852145394025,0,PASS
llama,offkd,20,E_math,14,self_attn.o_proj,0.05,11,displacement_rank,/root/autodl-tmp/cycle09_stage4_state_displacement/cells/llama/offkd/step_020/E_math.L14.main.direction.pt,activation_conditioned_update_displacement_singular_values,128,0.047849779122298916,0.05481478546059745,0.0021502208777010867,0.004814785460597444,0.0021502208777010867,1.341759482871309,3.476570020810261,0.7452900559048347,0.9451852145394025,0,PASS
llama,offkd,20,E_math,14,self_attn.o_proj,0.1,6,displacement_rank,/root/autodl-tmp/cycle09_stage4_state_displacement/cells/llama/offkd/step_020/E_math.L14.main.direction.pt,activation_conditioned_update_displacement_singular_values,128,0.09408310233138747,0.10761470138560301,0.005916897668612531,0.007614701385603009,0.005916897668612531,1.341759482871309,3.476570020810261,0.7452900559048347,0.9451852145394025,0,PASS
llama,offkd,20,E_math,14,mlp.gate_proj,0.01,26,displacement_rank,/root/autodl-tmp/cycle09_stage4_state_displacement/cells/llama/offkd/step_020/E_math.L14.main.direction.pt,activation_conditioned_update_displacement_singular_values,128,0.008825237601049305,0.011004839622854383,0.0011747623989506947,0.001004839622854383,0.001004839622854383,1.2749953678029498,3.164142214653834,0.7843165749873923,0.9341520166909285,0,PASS
llama,offkd,20,E_math,14,mlp.gate_proj,0.025,20,displacement_rank,/root/autodl-tmp/cycle09_stage4_state_displacement/cells/llama/offkd/step_020/E_math.L14.main.direction.pt,activation_conditioned_update_displacement_singular_values,128,0.02378376365490102,0.026775920734830365,0.0012162363450989797,0.0017759207348303635,0.0012162363450989797,1.2749953678029498,3.164142214653834,0.7843165749873923,0.9341520166909285,0,PASS
llama,offkd,20,E_math,14,mlp.gate_proj,0.05,13,displacement_rank,/root/autodl-tmp/cycle09_stage4_state_displacement/cells/llama/offkd/step_020/E_math.L14.main.direction.pt,activation_conditioned_update_displacement_singular_values,128,0.04985082416539268,0.05466218645965114,0.00014917583460732214,0.004662186459651135,0.00014917583460732214,1.2749953678029498,3.164142214653834,0.7843165749873923,0.9341520166909285,0,PASS
llama,offkd,20,E_math,14,mlp.gate_proj,0.1,6,displacement_rank,/root/autodl-tmp/cycle09_stage4_state_displacement/cells/llama/offkd/step_020/E_math.L14.main.direction.pt,activation_conditioned_update_displacement_singular_values,128,0.09846223378773439,0.1103702795735098,0.0015377662122656177,0.010370279573509791,0.0015377662122656177,1.2749953678029498,3.164142214653834,0.7843165749873923,0.9341520166909285,0,PASS
llama,offkd,20,E_math,14,mlp.up_proj,0.01,24,displacement_rank,/root/autodl-tmp/cycle09_stage4_state_displacement/cells/llama/offkd/step_020/E_math.L14.main.direction.pt,activation_conditioned_update_displacement_singular_values,128,0.009103007258880916,0.010745320738131161,0.0008969927411190837,0.0007453207381311611,0.0007453207381311611,1.2424104254590975,2.7898335937898446,0.8048869999062334,0.9486074123736432,0,PASS
llama,offkd,20,E_math,14,mlp.up_proj,0.025,17,displacement_rank,/root/autodl-tmp/cycle09_stage4_state_displacement/cells/llama/offkd/step_020/E_math.L14.main.direction.pt,activation_conditioned_update_displacement_singular_values,128,0.02368664089271319,0.026689013757822688,0.0013133591072868114,0.0016890137578226862,0.0013133591072868114,1.2424104254590975,2.7898335937898446,0.8048869999062334,0.9486074123736432,0,PASS
llama,offkd,20,E_math,14,mlp.up_proj,0.05,11,displacement_rank,/root/autodl-tmp/cycle09_stage4_state_displacement/cells/llama/offkd/step_020/E_math.L14.main.direction.pt,activation_conditioned_update_displacement_singular_values,128,0.04621819740638351,0.05139258762635673,0.00378180259361649,0.0013925876263567241,0.0013925876263567241,1.2424104254590975,2.7898335937898446,0.8048869999062334,0.9486074123736432,0,PASS
llama,offkd,20,E_math,14,mlp.up_proj,0.1,4,displacement_rank,/root/autodl-tmp/cycle09_stage4_state_displacement/cells/llama/offkd/step_020/E_math.L14.main.direction.pt,activation_conditioned_update_displacement_singular_values,128,0.09987909973259426,0.11731649351620999,0.00012090026740574356,0.01731649351620998,0.00012090026740574356,1.2424104254590975,2.7898335937898446,0.8048869999062334,0.9486074123736432,0,PASS
llama,offkd,20,E_math,14,mlp.down_proj,0.01,21,displacement_rank,/root/autodl-tmp/cycle09_stage4_state_displacement/cells/llama/offkd/step_020/E_math.L14.main.direction.pt,activation_conditioned_update_displacement_singular_values,128,0.009741972568256483,0.011160102577647655,0.0002580274317435169,0.001160102577647655,0.0002580274317435169,1.1067736890177806,1.8388673645797113,0.9035270804887509,0.9666580110904345,0,PASS
llama,offkd,20,E_math,14,mlp.down_proj,0.025,13,displacement_rank,/root/autodl-tmp/cycle09_stage4_state_displacement/cells/llama/offkd/step_020/E_math.L14.main.direction.pt,activation_conditioned_update_displacement_singular_values,128,0.0247582163506486,0.027360794718243493,0.0002417836493514014,0.002360794718243492,0.0002417836493514014,1.1067736890177806,1.8388673645797113,0.9035270804887509,0.9666580110904345,0,PASS
llama,offkd,20,E_math,14,mlp.down_proj,0.05,7,displacement_rank,/root/autodl-tmp/cycle09_stage4_state_displacement/cells/llama/offkd/step_020/E_math.L14.main.direction.pt,activation_conditioned_update_displacement_singular_values,128,0.044995351961087,0.05006962064132497,0.005004648038913005,6.962064132496476e-05,6.962064132496476e-05,1.1067736890177806,1.8388673645797113,0.9035270804887509,0.9666580110904345,0,PASS
llama,offkd,20,E_math,14,mlp.down_proj,0.1,1,displacement_rank,/root/autodl-tmp/cycle09_stage4_state_displacement/cells/llama/offkd/step_020/E_math.L14.main.direction.pt,activation_conditioned_update_displacement_singular_values,128,0.09647291951124873,0.9999999999999997,0.0035270804887512774,0.8999999999999997,0.0035270804887512774,1.1067736890177806,1.8388673645797113,0.9035270804887509,0.9666580110904345,0,PASS
llama,offkd,20,E_ood,14,self_attn.q_proj,0.01,26,displacement_rank,/root/autodl-tmp/cycle09_stage4_state_displacement/cells/llama/offkd/step_020/E_ood.L14.main.direction.pt,activation_conditioned_update_displacement_singular_values,128,0.00968668725252475,0.011747289441777733,0.0003133127474752497,0.0017472894417777333,0.0003133127474752497,1.4451378884355845,4.2806525964738125,0.6919754910602594,0.9249346761637348,0,PASS
llama,offkd,20,E_ood,14,self_attn.q_proj,0.025,20,displacement_rank,/root/autodl-tmp/cycle09_stage4_state_displacement/cells/llama/offkd/step_020/E_ood.L14.main.direction.pt,activation_conditioned_update_displacement_singular_values,128,0.024938708764408176,0.028120691204293956,6.129123559182534e-05,0.003120691204293955,6.129123559182534e-05,1.4451378884355845,4.2806525964738125,0.6919754910602594,0.9249346761637348,0,PASS
llama,offkd,20,E_ood,14,self_attn.q_proj,0.05,14,displacement_rank,/root/autodl-tmp/cycle09_stage4_state_displacement/cells/llama/offkd/step_020/E_ood.L14.main.direction.pt,activation_conditioned_update_displacement_singular_values,128,0.049901043994609026,0.05568045795874055,9.89560053909766e-05,0.005680457958740545,9.89560053909766e-05,1.4451378884355845,4.2806525964738125,0.6919754910602594,0.9249346761637348,0,PASS
llama,offkd,20,E_ood,14,self_attn.q_proj,0.1,8,displacement_rank,/root/autodl-tmp/cycle09_stage4_state_displacement/cells/llama/offkd/step_020/E_ood.L14.main.direction.pt,activation_conditioned_update_displacement_singular_values,128,0.09367966048442457,0.105137125190778,0.006320339515575438,0.005137125190777997,0.005137125190777997,1.4451378884355845,4.2806525964738125,0.6919754910602594,0.9249346761637348,0,PASS
llama,offkd,20,E_ood,14,self_attn.k_proj,0.01,26,displacement_rank,/root/autodl-tmp/cycle09_stage4_state_displacement/cells/llama/offkd/step_020/E_ood.L14.main.direction.pt,activation_conditioned_update_displacement_singular_values,128,0.009373597373316543,0.01147443437207158,0.0006264026266834567,0.0014744343720715803,0.0006264026266834567,1.306456651278514,3.5136657252221526,0.7654291468617715,0.9210499722604202,0,PASS
llama,offkd,20,E_ood,14,self_attn.k_proj,0.025,20,displacement_rank,/root/autodl-tmp/cycle09_stage4_state_displacement/cells/llama/offkd/step_020/E_ood.L14.main.direction.pt,activation_conditioned_update_displacement_singular_values,128,0.02460233929915251,0.02811546533417732,0.0003976607008474922,0.003115465334177319,0.0003976607008474922,1.306456651278514,3.5136657252221526,0.7654291468617715,0.9210499722604202,0,PASS
llama,offkd,20,E_ood,14,self_attn.k_proj,0.05,15,displacement_rank,/root/autodl-tmp/cycle09_stage4_state_displacement/cells/llama/offkd/step_020/E_ood.L14.main.direction.pt,activation_conditioned_update_displacement_singular_values,128,0.04581043760427258,0.05103693200476854,0.004189562395727424,0.001036932004768537,0.001036932004768537,1.306456651278514,3.5136657252221526,0.7654291468617715,0.9210499722604202,0,PASS
llama,offkd,20,E_ood,14,self_attn.k_proj,0.1,8,displacement_rank,/root/autodl-tmp/cycle09_stage4_state_displacement/cells/llama/offkd/step_020/E_ood.L14.main.direction.pt,activation_conditioned_update_displacement_singular_values,128,0.09819403077389495,0.10977955965838843,0.0018059692261050558,0.00977955965838842,0.0018059692261050558,1.306456651278514,3.5136657252221526,0.7654291468617715,0.9210499722604202,0,PASS
llama,offkd,20,E_ood,14,self_attn.v_proj,0.01,23,displacement_rank,/root/autodl-tmp/cycle09_stage4_state_displacement/cells/llama/offkd/step_020/E_ood.L14.main.direction.pt,activation_conditioned_update_displacement_singular_values,128,0.009175734701506576,0.010680446924587085,0.0008242652984934238,0.0006804469245870852,0.0006804469245870852,1.3206550274680515,3.2025235694740877,0.7572000099959422,0.9538714249970006,0,PASS
llama,offkd,20,E_ood,14,self_attn.v_proj,0.025,16,displacement_rank,/root/autodl-tmp/cycle09_stage4_state_displacement/cells/llama/offkd/step_020/E_ood.L14.main.direction.pt,activation_conditioned_update_displacement_singular_values,128,0.023240752942298704,0.026103571960493177,0.001759247057701297,0.0011035719604931757,0.0011035719604931757,1.3206550274680515,3.2025235694740877,0.7572000099959422,0.9538714249970006,0,PASS
llama,offkd,20,E_ood,14,self_attn.v_proj,0.05,10,displacement_rank,/root/autodl-tmp/cycle09_stage4_state_displacement/cells/llama/offkd/step_020/E_ood.L14.main.direction.pt,activation_conditioned_update_displacement_singular_values,128,0.04612857500299919,0.051759494699556256,0.0038714249970008136,0.0017594946995562535,0.0017594946995562535,1.3206550274680515,3.2025235694740877,0.7572000099959422,0.9538714249970006,0,PASS
llama,offkd,20,E_ood,14,self_attn.v_proj,0.1,5,displacement_rank,/root/autodl-tmp/cycle09_stage4_state_displacement/cells/llama/offkd/step_020/E_ood.L14.main.direction.pt,activation_conditioned_update_displacement_singular_values,128,0.08269959156035239,0.10263470901781094,0.017300408439647613,0.0026347090178109323,0.0026347090178109323,1.3206550274680515,3.2025235694740877,0.7572000099959422,0.9538714249970006,0,PASS
llama,offkd,20,E_ood,14,self_attn.o_proj,0.01,26,displacement_rank,/root/autodl-tmp/cycle09_stage4_state_displacement/cells/llama/offkd/step_020/E_ood.L14.main.direction.pt,activation_conditioned_update_displacement_singular_values,128,0.008288354225796456,0.010328674440944423,0.0017116457742035445,0.0003286744409444226,0.0003286744409444226,1.4109098175484989,4.152609015862545,0.7087625215745766,0.9212478140812628,0,PASS
llama,offkd,20,E_ood,14,self_attn.o_proj,0.025,20,displacement_rank,/root/autodl-tmp/cycle09_stage4_state_displacement/cells/llama/offkd/step_020/E_ood.L14.main.direction.pt,activation_conditioned_update_displacement_singular_values,128,0.024194398001359346,0.027644178474078348,0.0008056019986406558,0.0026441784740783465,0.0008056019986406558,1.4109098175484989,4.152609015862545,0.7087625215745766,0.9212478140812628,0,PASS
llama,offkd,20,E_ood,14,self_attn.o_proj,0.05,15,displacement_rank,/root/autodl-tmp/cycle09_stage4_state_displacement/cells/llama/offkd/step_020/E_ood.L14.main.direction.pt,activation_conditioned_update_displacement_singular_values,128,0.04506220093931054,0.05088378736941424,0.00493779906068946,0.0008837873694142392,0.0008837873694142392,1.4109098175484989,4.152609015862545,0.7087625215745766,0.9212478140812628,0,PASS
llama,offkd,20,E_ood,14,self_attn.o_proj,0.1,8,displacement_rank,/root/autodl-tmp/cycle09_stage4_state_displacement/cells/llama/offkd/step_020/E_ood.L14.main.direction.pt,activation_conditioned_update_displacement_singular_values,128,0.0984606813988033,0.11057408471161505,0.0015393186011967014,0.010574084711615042,0.0015393186011967014,1.4109098175484989,4.152609015862545,0.7087625215745766,0.9212478140812628,0,PASS
llama,offkd,20,E_ood,14,mlp.gate_proj,0.01,28,displacement_rank,/root/autodl-tmp/cycle09_stage4_state_displacement/cells/llama/offkd/step_020/E_ood.L14.main.direction.pt,activation_conditioned_update_displacement_singular_values,128,0.00783787531225147,0.010372541656888945,0.0021621246877485296,0.0003725416568889448,0.0003725416568889448,1.3972456580172659,4.208568319083261,0.7156937609804639,0.9083624868450313,0,PASS
llama,offkd,20,E_ood,14,mlp.gate_proj,0.025,23,displacement_rank,/root/autodl-tmp/cycle09_stage4_state_displacement/cells/llama/offkd/step_020/E_ood.L14.main.direction.pt,activation_conditioned_update_displacement_singular_values,128,0.02244485168376835,0.025886853733203676,0.002555148316231652,0.0008868537332036748,0.0008868537332036748,1.3972456580172659,4.208568319083261,0.7156937609804639,0.9083624868450313,0,PASS
llama,offkd,20,E_ood,14,mlp.gate_proj,0.05,17,displacement_rank,/root/autodl-tmp/cycle09_stage4_state_displacement/cells/llama/offkd/step_020/E_ood.L14.main.direction.pt,activation_conditioned_update_displacement_singular_values,128,0.04734090221877699,0.052522284362152005,0.002659097781223016,0.0025222843621520025,0.0025222843621520025,1.3972456580172659,4.208568319083261,0.7156937609804639,0.9083624868450313,0,PASS
llama,offkd,20,E_ood,14,mlp.gate_proj,0.1,10,displacement_rank,/root/autodl-tmp/cycle09_stage4_state_displacement/cells/llama/offkd/step_020/E_ood.L14.main.direction.pt,activation_conditioned_update_displacement_singular_values,128,0.0916375131549689,0.10009128058538629,0.008362486845031103,9.128058538628026e-05,9.128058538628026e-05,1.3972456580172659,4.208568319083261,0.7156937609804639,0.9083624868450313,0,PASS
llama,offkd,20,E_ood,14,mlp.up_proj,0.01,27,displacement_rank,/root/autodl-tmp/cycle09_stage4_state_displacement/cells/llama/offkd/step_020/E_ood.L14.main.direction.pt,activation_conditioned_update_displacement_singular_values,128,0.009545289193024727,0.012114052569072341,0.0004547108069752736,0.0021140525690723413,0.0004547108069752736,1.4758639694554347,4.702858278589217,0.6775692209418058,0.9083327922990098,0,PASS
llama,offkd,20,E_ood,14,mlp.up_proj,0.025,22,displacement_rank,/root/autodl-tmp/cycle09_stage4_state_displacement/cells/llama/offkd/step_020/E_ood.L14.main.direction.pt,activation_conditioned_update_displacement_singular_values,128,0.024764491465133424,0.028460400861707893,0.00023550853486657697,0.0034604008617078914,0.00023550853486657697,1.4758639694554347,4.702858278589217,0.6775692209418058,0.9083327922990098,0,PASS
llama,offkd,20,E_ood,14,mlp.up_proj,0.05,17,displacement_rank,/root/autodl-tmp/cycle09_stage4_state_displacement/cells/llama/offkd/step_020/E_ood.L14.main.direction.pt,activation_conditioned_update_displacement_singular_values,128,0.04557359282485833,0.0505373369240269,0.004426407175141672,0.000537336924026896,0.000537336924026896,1.4758639694554347,4.702858278589217,0.6775692209418058,0.9083327922990098,0,PASS
llama,offkd,20,E_ood,14,mlp.up_proj,0.1,10,displacement_rank,/root/autodl-tmp/cycle09_stage4_state_displacement/cells/llama/offkd/step_020/E_ood.L14.main.direction.pt,activation_conditioned_update_displacement_singular_values,128,0.09166720770099018,0.10139204826579899,0.008332792299009822,0.0013920482657989869,0.0013920482657989869,1.4758639694554347,4.702858278589217,0.6775692209418058,0.9083327922990098,0,PASS
llama,offkd,20,E_ood,14,mlp.down_proj,0.01,25,displacement_rank,/root/autodl-tmp/cycle09_stage4_state_displacement/cells/llama/offkd/step_020/E_ood.L14.main.direction.pt,activation_conditioned_update_displacement_singular_values,128,0.008952924218569965,0.010771876787762709,0.001047075781430035,0.0007718767877627087,0.0007718767877627087,1.1742693073651873,2.3994241582075815,0.8515934068342372,0.9468632489313002,0,PASS
llama,offkd,20,E_ood,14,mlp.down_proj,0.025,18,displacement_rank,/root/autodl-tmp/cycle09_stage4_state_displacement/cells/llama/offkd/step_020/E_ood.L14.main.direction.pt,activation_conditioned_update_displacement_singular_values,128,0.024018328240060553,0.02662502795247357,0.000981671759939448,0.0016250279524735699,0.000981671759939448,1.1742693073651873,2.3994241582075815,0.8515934068342372,0.9468632489313002,0,PASS
llama,offkd,20,E_ood,14,mlp.down_proj,0.05,11,displacement_rank,/root/autodl-tmp/cycle09_stage4_state_displacement/cells/llama/offkd/step_020/E_ood.L14.main.direction.pt,activation_conditioned_update_displacement_singular_values,128,0.04855248624417928,0.05313675106869959,0.001447513755820723,0.003136751068699588,0.001447513755820723,1.1742693073651873,2.3994241582075815,0.8515934068342372,0.9468632489313002,0,PASS
llama,offkd,20,E_ood,14,mlp.down_proj,0.1,4,displacement_rank,/root/autodl-tmp/cycle09_stage4_state_displacement/cells/llama/offkd/step_020/E_ood.L14.main.direction.pt,activation_conditioned_update_displacement_singular_values,128,0.09825201349772143,0.11083382297492379,0.0017479865022785729,0.010833822974923787,0.0017479865022785729,1.1742693073651873,2.3994241582075815,0.8515934068342372,0.9468632489313002,0,PASS
llama,offkd,20,E_if,14,self_attn.q_proj,0.01,27,displacement_rank,/root/autodl-tmp/cycle09_stage4_state_displacement/cells/llama/offkd/step_020/E_if.L14.main.direction.pt,activation_conditioned_update_displacement_singular_values,128,0.008909917902107297,0.011282044988364728,0.0010900820978927035,0.0012820449883647281,0.0010900820978927035,1.4785640953781822,4.628526609671054,0.6763318567831333,0.9142346481763449,0,PASS
llama,offkd,20,E_if,14,self_attn.q_proj,0.025,22,displacement_rank,/root/autodl-tmp/cycle09_stage4_state_displacement/cells/llama/offkd/step_020/E_if.L14.main.direction.pt,activation_conditioned_update_displacement_singular_values,128,0.022413263645423873,0.025776469958633478,0.002586736354576128,0.0007764699586334765,0.0007764699586334765,1.4785640953781822,4.628526609671054,0.6763318567831333,0.9142346481763449,0,PASS
llama,offkd,20,E_if,14,self_attn.q_proj,0.05,16,displacement_rank,/root/autodl-tmp/cycle09_stage4_state_displacement/cells/llama/offkd/step_020/E_if.L14.main.direction.pt,activation_conditioned_update_displacement_singular_values,128,0.04708972901389875,0.05220425229960126,0.0029102709861012557,0.0022042522996012573,0.0022042522996012573,1.4785640953781822,4.628526609671054,0.6763318567831333,0.9142346481763449,0,PASS
llama,offkd,20,E_if,14,self_attn.q_proj,0.1,9,displacement_rank,/root/autodl-tmp/cycle09_stage4_state_displacement/cells/llama/offkd/step_020/E_if.L14.main.direction.pt,activation_conditioned_update_displacement_singular_values,128,0.09556379393089197,0.10643775260064885,0.004436206069108037,0.006437752600648841,0.004436206069108037,1.4785640953781822,4.628526609671054,0.6763318567831333,0.9142346481763449,0,PASS
llama,offkd,20,E_if,14,self_attn.k_proj,0.01,27,displacement_rank,/root/autodl-tmp/cycle09_stage4_state_displacement/cells/llama/offkd/step_020/E_if.L14.main.direction.pt,activation_conditioned_update_displacement_singular_values,128,0.009759786001882553,0.01235871975102843,0.0002402139981174476,0.002358719751028429,0.0002402139981174476,1.3964110184036242,4.326672315038116,0.7161215335748345,0.9034647554667422,0,PASS
llama,offkd,20,E_if,14,self_attn.k_proj,0.025,22,displacement_rank,/root/autodl-tmp/cycle09_stage4_state_displacement/cells/llama/offkd/step_020/E_if.L14.main.direction.pt,activation_conditioned_update_displacement_singular_values,128,0.024602535789755794,0.028270711505029817,0.0003974642102442076,0.0032707115050298156,0.0003974642102442076,1.3964110184036242,4.326672315038116,0.7161215335748345,0.9034647554667422,0,PASS
llama,offkd,20,E_if,14,self_attn.k_proj,0.05,17,displacement_rank,/root/autodl-tmp/cycle09_stage4_state_displacement/cells/llama/offkd/step_020/E_if.L14.main.direction.pt,activation_conditioned_update_displacement_singular_values,128,0.04653250723526002,0.05189039830169837,0.0034674927647399822,0.0018903983016983691,0.0018903983016983691,1.3964110184036242,4.326672315038116,0.7161215335748345,0.9034647554667422,0,PASS
llama,offkd,20,E_if,14,self_attn.k_proj,0.1,10,displacement_rank,/root/autodl-tmp/cycle09_stage4_state_displacement/cells/llama/offkd/step_020/E_if.L14.main.direction.pt,activation_conditioned_update_displacement_singular_values,128,0.0965352445332578,0.10844219102356335,0.0034647554667422004,0.008442191023563347,0.0034647554667422004,1.3964110184036242,4.326672315038116,0.7161215335748345,0.9034647554667422,0,PASS
llama,offkd,20,E_if,14,self_attn.v_proj,0.01,23,displacement_rank,/root/autodl-tmp/cycle09_stage4_state_displacement/cells/llama/offkd/step_020/E_if.L14.main.direction.pt,activation_conditioned_update_displacement_singular_values,128,0.00904440333789214,0.01057794389945599,0.0009555966621078594,0.0005779438994559898,0.0005779438994559898,1.2476156738794728,2.791632933133408,0.8015288850055006,0.9550558698249786,0,PASS
llama,offkd,20,E_if,14,self_attn.v_proj,0.025,16,displacement_rank,/root/autodl-tmp/cycle09_stage4_state_displacement/cells/llama/offkd/step_020/E_if.L14.main.direction.pt,activation_conditioned_update_displacement_singular_values,128,0.02343299475289872,0.026174267720747154,0.0015670052471012802,0.0011742677207471526,0.0011742677207471526,1.2476156738794728,2.791632933133408,0.8015288850055006,0.9550558698249786,0,PASS
llama,offkd,20,E_if,14,self_attn.v_proj,0.05,10,displacement_rank,/root/autodl-tmp/cycle09_stage4_state_displacement/cells/llama/offkd/step_020/E_if.L14.main.direction.pt,activation_conditioned_update_displacement_singular_values,128,0.044944130175021434,0.05016126977851873,0.005055869824978569,0.00016126977851872726,0.00016126977851872726,1.2476156738794728,2.791632933133408,0.8015288850055006,0.9550558698249786,0,PASS
llama,offkd,20,E_if,14,self_attn.v_proj,0.1,4,displacement_rank,/root/autodl-tmp/cycle09_stage4_state_displacement/cells/llama/offkd/step_020/E_if.L14.main.direction.pt,activation_conditioned_update_displacement_singular_values,128,0.0946241488534147,0.11496890553256683,0.0053758511465853,0.014968905532566829,0.0053758511465853,1.2476156738794728,2.791632933133408,0.8015288850055006,0.9550558698249786,0,PASS
llama,offkd,20,E_if,14,self_attn.o_proj,0.01,28,displacement_rank,/root/autodl-tmp/cycle09_stage4_state_displacement/cells/llama/offkd/step_020/E_if.L14.main.direction.pt,activation_conditioned_update_displacement_singular_values,128,0.007782904774803206,0.010461644852879396,0.002217095225196794,0.0004616448528793962,0.0004616448528793962,2.431260311972297,8.397006995856112,0.41130930944567423,0.8793344311543922,0,PASS
llama,offkd,20,E_if,14,self_attn.o_proj,0.025,23,displacement_rank,/root/autodl-tmp/cycle09_stage4_state_displacement/cells/llama/offkd/step_020/E_if.L14.main.direction.pt,activation_conditioned_update_displacement_singular_values,128,0.024870361099404218,0.029058340535723298,0.00012963890059578334,0.004058340535723296,0.00012963890059578334,2.431260311972297,8.397006995856112,0.41130930944567423,0.8793344311543922,0,PASS
llama,offkd,20,E_if,14,self_attn.o_proj,0.05,19,displacement_rank,/root/autodl-tmp/cycle09_stage4_state_displacement/cells/llama/offkd/step_020/E_if.L14.main.direction.pt,activation_conditioned_update_displacement_singular_values,128,0.0442192462605294,0.05008551852115526,0.005780753739470602,8.551852115525754e-05,8.551852115525754e-05,2.431260311972297,8.397006995856112,0.41130930944567423,0.8793344311543922,0,PASS
llama,offkd,20,E_if,14,self_attn.o_proj,0.1,12,displacement_rank,/root/autodl-tmp/cycle09_stage4_state_displacement/cells/llama/offkd/step_020/E_if.L14.main.direction.pt,activation_conditioned_update_displacement_singular_values,128,0.09684745779343162,0.10833414307197141,0.0031525422065683817,0.008334143071971403,0.0031525422065683817,2.431260311972297,8.397006995856112,0.41130930944567423,0.8793344311543922,0,PASS
llama,offkd,20,E_if,14,mlp.gate_proj,0.01,28,displacement_rank,/root/autodl-tmp/cycle09_stage4_state_displacement/cells/llama/offkd/step_020/E_if.L14.main.direction.pt,activation_conditioned_update_displacement_singular_values,128,0.007766428827493153,0.010290413651012348,0.0022335711725068475,0.000290413651012348,0.000290413651012348,1.3591879290475861,3.9692978165160966,0.7357334321683704,0.9098585278141862,0,PASS
llama,offkd,20,E_if,14,mlp.gate_proj,0.025,23,displacement_rank,/root/autodl-tmp/cycle09_stage4_state_displacement/cells/llama/offkd/step_020/E_if.L14.main.direction.pt,activation_conditioned_update_displacement_singular_values,128,0.022488470230273998,0.025953212946245877,0.0025115297697260036,0.0009532129462458752,0.0009532129462458752,1.3591879290475861,3.9692978165160966,0.7357334321683704,0.9098585278141862,0,PASS
llama,offkd,20,E_if,14,mlp.gate_proj,0.05,17,displacement_rank,/root/autodl-tmp/cycle09_stage4_state_displacement/cells/llama/offkd/step_020/E_if.L14.main.direction.pt,activation_conditioned_update_displacement_singular_values,128,0.04617275038901106,0.05128122936473625,0.003827249610988945,0.00128122936473625,0.00128122936473625,1.3591879290475861,3.9692978165160966,0.7357334321683704,0.9098585278141862,0,PASS
llama,offkd,20,E_if,14,mlp.gate_proj,0.1,9,displacement_rank,/root/autodl-tmp/cycle09_stage4_state_displacement/cells/llama/offkd/step_020/E_if.L14.main.direction.pt,activation_conditioned_update_displacement_singular_values,128,0.09926546856663443,0.10963863710839095,0.0007345314333655761,0.00963863710839094,0.0007345314333655761,1.3591879290475861,3.9692978165160966,0.7357334321683704,0.9098585278141862,0,PASS
llama,offkd,20,E_if,14,mlp.up_proj,0.01,27,displacement_rank,/root/autodl-tmp/cycle09_stage4_state_displacement/cells/llama/offkd/step_020/E_if.L14.main.direction.pt,activation_conditioned_update_displacement_singular_values,128,0.008751692524219437,0.01116654456698176,0.001248307475780563,0.0011665445669817604,0.0011665445669817604,1.3437572837818357,3.7676224980823663,0.7441820126813571,0.9187320302140282,0,PASS
llama,offkd,20,E_if,14,mlp.up_proj,0.025,22,displacement_rank,/root/autodl-tmp/cycle09_stage4_state_displacement/cells/llama/offkd/step_020/E_if.L14.main.direction.pt,activation_conditioned_update_displacement_singular_values,128,0.022192235187277073,0.025360053616193853,0.002807764812722928,0.00036005361619385196,0.00036005361619385196,1.3437572837818357,3.7676224980823663,0.7441820126813571,0.9187320302140282,0,PASS
llama,offkd,20,E_if,14,mlp.up_proj,0.05,15,displacement_rank,/root/autodl-tmp/cycle09_stage4_state_displacement/cells/llama/offkd/step_020/E_if.L14.main.direction.pt,activation_conditioned_update_displacement_singular_values,128,0.04960474185053997,0.05472406735506749,0.0003952581494600302,0.004724067355067488,0.0003952581494600302,1.3437572837818357,3.7676224980823663,0.7441820126813571,0.9187320302140282,0,PASS
llama,offkd,20,E_if,14,mlp.up_proj,0.1,8,displacement_rank,/root/autodl-tmp/cycle09_stage4_state_displacement/cells/llama/offkd/step_020/E_if.L14.main.direction.pt,activation_conditioned_update_displacement_singular_values,128,0.09895516810819471,0.10982135383571699,0.0010448318918052923,0.009821353835716987,0.0010448318918052923,1.3437572837818357,3.7676224980823663,0.7441820126813571,0.9187320302140282,0,PASS
llama,offkd,20,E_if,14,mlp.down_proj,0.01,26,displacement_rank,/root/autodl-tmp/cycle09_stage4_state_displacement/cells/llama/offkd/step_020/E_if.L14.main.direction.pt,activation_conditioned_update_displacement_singular_values,128,0.008552119387465857,0.010477877242645121,0.0014478806125341435,0.0004778772426451208,0.0004778772426451208,1.2104742798610404,2.694110763569375,0.8261224683888349,0.9376293605937197,0,PASS
llama,offkd,20,E_if,14,mlp.down_proj,0.025,20,displacement_rank,/root/autodl-tmp/cycle09_stage4_state_displacement/cells/llama/offkd/step_020/E_if.L14.main.direction.pt,activation_conditioned_update_displacement_singular_values,128,0.022235863323855593,0.025082111434272733,0.002764136676144408,8.211143427273165e-05,8.211143427273165e-05,1.2104742798610404,2.694110763569375,0.8261224683888349,0.9376293605937197,0,PASS
llama,offkd,20,E_if,14,mlp.down_proj,0.05,13,displacement_rank,/root/autodl-tmp/cycle09_stage4_state_displacement/cells/llama/offkd/step_020/E_if.L14.main.direction.pt,activation_conditioned_update_displacement_singular_values,128,0.0465278517750205,0.051517822298089606,0.0034721482249795016,0.0015178222980896036,0.0015178222980896036,1.2104742798610404,2.694110763569375,0.8261224683888349,0.9376293605937197,0,PASS
llama,offkd,20,E_if,14,mlp.down_proj,0.1,5,displacement_rank,/root/autodl-tmp/cycle09_stage4_state_displacement/cells/llama/offkd/step_020/E_if.L14.main.direction.pt,activation_conditioned_update_displacement_singular_values,128,0.09966230060813139,0.11040152774806473,0.00033769939186861775,0.010401527748064729,0.00033769939186861775,1.2104742798610404,2.694110763569375,0.8261224683888349,0.9376293605937197,0,PASS
llama,offkd,40,E_general,14,self_attn.q_proj,0.01,28,displacement_rank,/root/autodl-tmp/cycle09_stage4_state_displacement/cells/llama/offkd/step_040/E_general.L14.main.direction.pt,activation_conditioned_update_displacement_singular_values,128,0.00894767552501626,0.011681843900030615,0.0010523244749837402,0.0016818439000306148,0.0010523244749837402,1.7145661872947011,6.453233502322676,0.5832379102132143,0.8840541983931787,0,PASS
llama,offkd,40,E_general,14,self_attn.q_proj,0.025,24,displacement_rank,/root/autodl-tmp/cycle09_stage4_state_displacement/cells/llama/offkd/step_040/E_general.L14.main.direction.pt,activation_conditioned_update_displacement_singular_values,128,0.021574554300170426,0.025657261120298987,0.0034254456998295754,0.0006572611202989853,0.0006572611202989853,1.7145661872947011,6.453233502322676,0.5832379102132143,0.8840541983931787,0,PASS
llama,offkd,40,E_general,14,self_attn.q_proj,0.05,19,displacement_rank,/root/autodl-tmp/cycle09_stage4_state_displacement/cells/llama/offkd/step_040/E_general.L14.main.direction.pt,activation_conditioned_update_displacement_singular_values,128,0.04489057038073412,0.050579459472924554,0.00510942961926588,0.0005794594729245511,0.0005794594729245511,1.7145661872947011,6.453233502322676,0.5832379102132143,0.8840541983931787,0,PASS
llama,offkd,40,E_general,14,self_attn.q_proj,0.1,12,displacement_rank,/root/autodl-tmp/cycle09_stage4_state_displacement/cells/llama/offkd/step_040/E_general.L14.main.direction.pt,activation_conditioned_update_displacement_singular_values,128,0.09430506267394,0.10411392839743043,0.0056949373260600095,0.004113928397430425,0.004113928397430425,1.7145661872947011,6.453233502322676,0.5832379102132143,0.8840541983931787,0,PASS
llama,offkd,40,E_general,14,self_attn.k_proj,0.01,28,displacement_rank,/root/autodl-tmp/cycle09_stage4_state_displacement/cells/llama/offkd/step_040/E_general.L14.main.direction.pt,activation_conditioned_update_displacement_singular_values,128,0.0075621524359641016,0.010190936465122362,0.0024378475640358986,0.0001909364651223617,0.0001909364651223617,1.4135853671592682,4.501190361282822,0.7074210183779657,0.8952083138857979,0,PASS
llama,offkd,40,E_general,14,self_attn.k_proj,0.025,23,displacement_rank,/root/autodl-tmp/cycle09_stage4_state_displacement/cells/llama/offkd/step_040/E_general.L14.main.direction.pt,activation_conditioned_update_displacement_singular_values,128,0.02192688003907277,0.02568057160896967,0.0030731199609272328,0.0006805716089696677,0.0006805716089696677,1.4135853671592682,4.501190361282822,0.7074210183779657,0.8952083138857979,0,PASS
llama,offkd,40,E_general,14,self_attn.k_proj,0.05,18,displacement_rank,/root/autodl-tmp/cycle09_stage4_state_displacement/cells/llama/offkd/step_040/E_general.L14.main.direction.pt,activation_conditioned_update_displacement_singular_values,128,0.044617120753059326,0.050182892981241706,0.005382879246940676,0.00018289298124170295,0.00018289298124170295,1.4135853671592682,4.501190361282822,0.7074210183779657,0.8952083138857979,0,PASS
llama,offkd,40,E_general,14,self_attn.k_proj,0.1,11,displacement_rank,/root/autodl-tmp/cycle09_stage4_state_displacement/cells/llama/offkd/step_040/E_general.L14.main.direction.pt,activation_conditioned_update_displacement_singular_values,128,0.09478581567336676,0.10479168611420242,0.005214184326633245,0.004791686114202415,0.004791686114202415,1.4135853671592682,4.501190361282822,0.7074210183779657,0.8952083138857979,0,PASS
llama,offkd,40,E_general,14,self_attn.v_proj,0.01,26,displacement_rank,/root/autodl-tmp/cycle09_stage4_state_displacement/cells/llama/offkd/step_040/E_general.L14.main.direction.pt,activation_conditioned_update_displacement_singular_values,128,0.00845757234524078,0.010421664611367188,0.0015424276547592198,0.0004216646113671882,0.0004216646113671882,1.4024488574497294,4.010980439072121,0.7130384788636365,0.9286977288033573,0,PASS
llama,offkd,40,E_general,14,self_attn.v_proj,0.025,20,displacement_rank,/root/autodl-tmp/cycle09_stage4_state_displacement/cells/llama/offkd/step_040/E_general.L14.main.direction.pt,activation_conditioned_update_displacement_singular_values,128,0.022183453023522995,0.02550749442148923,0.0028165469764770065,0.0005074944214892296,0.0005074944214892296,1.4024488574497294,4.010980439072121,0.7130384788636365,0.9286977288033573,0,PASS
llama,offkd,40,E_general,14,self_attn.v_proj,0.05,14,displacement_rank,/root/autodl-tmp/cycle09_stage4_state_displacement/cells/llama/offkd/step_040/E_general.L14.main.direction.pt,activation_conditioned_update_displacement_singular_values,128,0.045853496901331114,0.05123635779578198,0.004146503098668888,0.0012363577957819755,0.0012363577957819755,1.4024488574497294,4.010980439072121,0.7130384788636365,0.9286977288033573,0,PASS
llama,offkd,40,E_general,14,self_attn.v_proj,0.1,7,displacement_rank,/root/autodl-tmp/cycle09_stage4_state_displacement/cells/llama/offkd/step_040/E_general.L14.main.direction.pt,activation_conditioned_update_displacement_singular_values,128,0.09866233749327875,0.10946192837461624,0.0013376625067212516,0.009461928374616235,0.0013376625067212516,1.4024488574497294,4.010980439072121,0.7130384788636365,0.9286977288033573,0,PASS
llama,offkd,40,E_general,14,self_attn.o_proj,0.01,28,displacement_rank,/root/autodl-tmp/cycle09_stage4_state_displacement/cells/llama/offkd/step_040/E_general.L14.main.direction.pt,activation_conditioned_update_displacement_singular_values,128,0.009772908909242258,0.01313944022392854,0.00022709109075774205,0.003139440223928539,0.00022709109075774205,2.2528145413010034,9.684152345422241,0.44388918025293755,0.8470280047183075,0,PASS
llama,offkd,40,E_general,14,self_attn.o_proj,0.025,25,displacement_rank,/root/autodl-tmp/cycle09_stage4_state_displacement/cells/llama/offkd/step_040/E_general.L14.main.direction.pt,activation_conditioned_update_displacement_singular_values,128,0.021198411918072597,0.025807538739721195,0.003801588081927404,0.000807538739721194,0.000807538739721194,2.2528145413010034,9.684152345422241,0.44388918025293755,0.8470280047183075,0,PASS
llama,offkd,40,E_general,14,self_attn.o_proj,0.05,20,displacement_rank,/root/autodl-tmp/cycle09_stage4_state_displacement/cells/llama/offkd/step_040/E_general.L14.main.direction.pt,activation_conditioned_update_displacement_singular_values,128,0.04833209745803968,0.05474445128721243,0.0016679025419603227,0.004744451287212424,0.0016679025419603227,2.2528145413010034,9.684152345422241,0.44388918025293755,0.8470280047183075,0,PASS
llama,offkd,40,E_general,14,self_attn.o_proj,0.1,14,displacement_rank,/root/autodl-tmp/cycle09_stage4_state_displacement/cells/llama/offkd/step_040/E_general.L14.main.direction.pt,activation_conditioned_update_displacement_singular_values,128,0.09705266579401282,0.10778977216627561,0.0029473342059871815,0.007789772166275605,0.0029473342059871815,2.2528145413010034,9.684152345422241,0.44388918025293755,0.8470280047183075,0,PASS
llama,offkd,40,E_general,14,mlp.gate_proj,0.01,28,displacement_rank,/root/autodl-tmp/cycle09_stage4_state_displacement/cells/llama/offkd/step_040/E_general.L14.main.direction.pt,activation_conditioned_update_displacement_singular_values,128,0.008472907348035371,0.011072578494828044,0.0015270926519646288,0.0010725784948280442,0.0010725784948280442,1.3411920560360076,3.8588390771545944,0.7456053706100632,0.9038950505355372,0,PASS
llama,offkd,40,E_general,14,mlp.gate_proj,0.025,23,displacement_rank,/root/autodl-tmp/cycle09_stage4_state_displacement/cells/llama/offkd/step_040/E_general.L14.main.direction.pt,activation_conditioned_update_displacement_singular_values,128,0.02380324230143582,0.027551802343075537,0.0011967576985641819,0.0025518023430755356,0.0011967576985641819,1.3411920560360076,3.8588390771545944,0.7456053706100632,0.9038950505355372,0,PASS
llama,offkd,40,E_general,14,mlp.gate_proj,0.05,18,displacement_rank,/root/autodl-tmp/cycle09_stage4_state_displacement/cells/llama/offkd/step_040/E_general.L14.main.direction.pt,activation_conditioned_update_displacement_singular_values,128,0.04506099616822533,0.05018385439297651,0.004939003831774674,0.00018385439297650963,0.00018385439297650963,1.3411920560360076,3.8588390771545944,0.7456053706100632,0.9038950505355372,0,PASS
llama,offkd,40,E_general,14,mlp.gate_proj,0.1,10,displacement_rank,/root/autodl-tmp/cycle09_stage4_state_displacement/cells/llama/offkd/step_040/E_general.L14.main.direction.pt,activation_conditioned_update_displacement_singular_values,128,0.09610494946446271,0.10481593972596163,0.003895050535537292,0.004815939725961629,0.003895050535537292,1.3411920560360076,3.8588390771545944,0.7456053706100632,0.9038950505355372,0,PASS
llama,offkd,40,E_general,14,mlp.up_proj,0.01,29,displacement_rank,/root/autodl-tmp/cycle09_stage4_state_displacement/cells/llama/offkd/step_040/E_general.L14.main.direction.pt,activation_conditioned_update_displacement_singular_values,128,0.008024766941780982,0.011295848758702431,0.001975233058219018,0.0012958487587024312,0.0012958487587024312,1.6393215951017008,6.38073241673564,0.610008434579282,0.8632847371627492,0,PASS
llama,offkd,40,E_general,14,mlp.up_proj,0.025,25,displacement_rank,/root/autodl-tmp/cycle09_stage4_state_displacement/cells/llama/offkd/step_040/E_general.L14.main.direction.pt,activation_conditioned_update_displacement_singular_values,128,0.023179463745271092,0.027815311714193592,0.0018205362547289092,0.0028153117141935906,0.0018205362547289092,1.6393215951017008,6.38073241673564,0.610008434579282,0.8632847371627492,0,PASS
llama,offkd,40,E_general,14,mlp.up_proj,0.05,20,displacement_rank,/root/autodl-tmp/cycle09_stage4_state_displacement/cells/llama/offkd/step_040/E_general.L14.main.direction.pt,activation_conditioned_update_displacement_singular_values,128,0.048786297168213706,0.05461162496669092,0.0012137028317862966,0.0046116249666909165,0.0012137028317862966,1.6393215951017008,6.38073241673564,0.610008434579282,0.8632847371627492,0,PASS
llama,offkd,40,E_general,14,mlp.up_proj,0.1,14,displacement_rank,/root/autodl-tmp/cycle09_stage4_state_displacement/cells/llama/offkd/step_040/E_general.L14.main.direction.pt,activation_conditioned_update_displacement_singular_values,128,0.09299194455064513,0.1026897769776994,0.007008055449354872,0.0026897769776993985,0.0026897769776993985,1.6393215951017008,6.38073241673564,0.610008434579282,0.8632847371627492,0,PASS
llama,offkd,40,E_general,14,mlp.down_proj,0.01,29,displacement_rank,/root/autodl-tmp/cycle09_stage4_state_displacement/cells/llama/offkd/step_040/E_general.L14.main.direction.pt,activation_conditioned_update_displacement_singular_values,128,0.008382389997311949,0.011433754723040944,0.0016176100026880514,0.0014337547230409437,0.0014337547230409437,1.5331400827527524,5.649885638961567,0.6522561188306423,0.8643886926658355,0,PASS
llama,offkd,40,E_general,14,mlp.down_proj,0.025,25,displacement_rank,/root/autodl-tmp/cycle09_stage4_state_displacement/cells/llama/offkd/step_040/E_general.L14.main.direction.pt,activation_conditioned_update_displacement_singular_values,128,0.023377452042792766,0.02780784225114975,0.0016225479572072356,0.002807842251149748,0.0016225479572072356,1.5331400827527524,5.649885638961567,0.6522561188306423,0.8643886926658355,0,PASS
llama,offkd,40,E_general,14,mlp.down_proj,0.05,20,displacement_rank,/root/autodl-tmp/cycle09_stage4_state_displacement/cells/llama/offkd/step_040/E_general.L14.main.direction.pt,activation_conditioned_update_displacement_singular_values,128,0.048297854826372666,0.05423335964185313,0.0017021451736273369,0.004233359641853125,0.0017021451736273369,1.5331400827527524,5.649885638961567,0.6522561188306423,0.8643886926658355,0,PASS
llama,offkd,40,E_general,14,mlp.down_proj,0.1,14,displacement_rank,/root/autodl-tmp/cycle09_stage4_state_displacement/cells/llama/offkd/step_040/E_general.L14.main.direction.pt,activation_conditioned_update_displacement_singular_values,128,0.0916540307084285,0.10101701513712996,0.008345969291571512,0.0010170151371299563,0.0010170151371299563,1.5331400827527524,5.649885638961567,0.6522561188306423,0.8643886926658355,0,PASS
llama,offkd,40,E_math,14,self_attn.q_proj,0.01,25,displacement_rank,/root/autodl-tmp/cycle09_stage4_state_displacement/cells/llama/offkd/step_040/E_math.L14.main.direction.pt,activation_conditioned_update_displacement_singular_values,128,0.009499370690348554,0.011385885320809452,0.0005006293096514458,0.0013858853208094518,0.0005006293096514458,1.3548860972046453,3.667005119178331,0.7380694230040191,0.9334548188843731,0,PASS
llama,offkd,40,E_math,14,self_attn.q_proj,0.025,19,displacement_rank,/root/autodl-tmp/cycle09_stage4_state_displacement/cells/llama/offkd/step_040/E_math.L14.main.direction.pt,activation_conditioned_update_displacement_singular_values,128,0.023916117133054072,0.027058947916766208,0.0010838828669459295,0.0020589479167662066,0.0010838828669459295,1.3548860972046453,3.667005119178331,0.7380694230040191,0.9334548188843731,0,PASS
llama,offkd,40,E_math,14,self_attn.q_proj,0.05,13,displacement_rank,/root/autodl-tmp/cycle09_stage4_state_displacement/cells/llama/offkd/step_040/E_math.L14.main.direction.pt,activation_conditioned_update_displacement_singular_values,128,0.04656444143726398,0.05245153762147053,0.0034355585627360227,0.0024515376214705245,0.0024515376214705245,1.3548860972046453,3.667005119178331,0.7380694230040191,0.9334548188843731,0,PASS
llama,offkd,40,E_math,14,self_attn.q_proj,0.1,7,displacement_rank,/root/autodl-tmp/cycle09_stage4_state_displacement/cells/llama/offkd/step_040/E_math.L14.main.direction.pt,activation_conditioned_update_displacement_singular_values,128,0.09443992620017538,0.10673500445051205,0.005560073799824622,0.006735004450512047,0.005560073799824622,1.3548860972046453,3.667005119178331,0.7380694230040191,0.9334548188843731,0,PASS
llama,offkd,40,E_math,14,self_attn.k_proj,0.01,26,displacement_rank,/root/autodl-tmp/cycle09_stage4_state_displacement/cells/llama/offkd/step_040/E_math.L14.main.direction.pt,activation_conditioned_update_displacement_singular_values,128,0.008234229343634068,0.010103716849631014,0.001765770656365932,0.00010371684963101334,0.00010371684963101334,1.2955708899503608,3.391579842256646,0.7718605039345353,0.925090255475752,0,PASS
llama,offkd,40,E_math,14,self_attn.k_proj,0.025,20,displacement_rank,/root/autodl-tmp/cycle09_stage4_state_displacement/cells/llama/offkd/step_040/E_math.L14.main.direction.pt,activation_conditioned_update_displacement_singular_values,128,0.022120724283456968,0.02540492229825976,0.002879275716543034,0.00040492229825975917,0.00040492229825975917,1.2955708899503608,3.391579842256646,0.7718605039345353,0.925090255475752,0,PASS
llama,offkd,40,E_math,14,self_attn.k_proj,0.05,14,displacement_rank,/root/autodl-tmp/cycle09_stage4_state_displacement/cells/llama/offkd/step_040/E_math.L14.main.direction.pt,activation_conditioned_update_displacement_singular_values,128,0.04737580369364749,0.053289829797152875,0.002624196306352515,0.0032898297971528725,0.002624196306352515,1.2955708899503608,3.391579842256646,0.7718605039345353,0.925090255475752,0,PASS
llama,offkd,40,E_math,14,self_attn.k_proj,0.1,8,displacement_rank,/root/autodl-tmp/cycle09_stage4_state_displacement/cells/llama/offkd/step_040/E_math.L14.main.direction.pt,activation_conditioned_update_displacement_singular_values,128,0.09356827655874021,0.10608888768953675,0.006431723441259793,0.006088887689536748,0.006088887689536748,1.2955708899503608,3.391579842256646,0.7718605039345353,0.925090255475752,0,PASS
llama,offkd,40,E_math,14,self_attn.v_proj,0.01,21,displacement_rank,/root/autodl-tmp/cycle09_stage4_state_displacement/cells/llama/offkd/step_040/E_math.L14.main.direction.pt,activation_conditioned_update_displacement_singular_values,128,0.008712577169394449,0.010003993355237962,0.0012874228306055512,3.993355237961321e-06,3.993355237961321e-06,1.1977374693640963,2.418087039705231,0.8349075031700567,0.9656441459987423,0,PASS
llama,offkd,40,E_math,14,self_attn.v_proj,0.025,13,displacement_rank,/root/autodl-tmp/cycle09_stage4_state_displacement/cells/llama/offkd/step_040/E_math.L14.main.direction.pt,activation_conditioned_update_displacement_singular_values,128,0.023907874479036077,0.02682360761570114,0.0010921255209639241,0.0018236076157011373,0.0010921255209639241,1.1977374693640963,2.418087039705231,0.8349075031700567,0.9656441459987423,0,PASS
llama,offkd,40,E_math,14,self_attn.v_proj,0.05,7,displacement_rank,/root/autodl-tmp/cycle09_stage4_state_displacement/cells/llama/offkd/step_040/E_math.L14.main.direction.pt,activation_conditioned_update_displacement_singular_values,128,0.04931045783175925,0.056283863216443956,0.000689542168240756,0.006283863216443954,0.000689542168240756,1.1977374693640963,2.418087039705231,0.8349075031700567,0.9656441459987423,0,PASS
llama,offkd,40,E_math,14,self_attn.v_proj,0.1,3,displacement_rank,/root/autodl-tmp/cycle09_stage4_state_displacement/cells/llama/offkd/step_040/E_math.L14.main.direction.pt,activation_conditioned_update_displacement_singular_values,128,0.09537490585809325,0.127303538112094,0.00462509414190676,0.02730353811209399,0.00462509414190676,1.1977374693640963,2.418087039705231,0.8349075031700567,0.9656441459987423,0,PASS
llama,offkd,40,E_math,14,self_attn.o_proj,0.01,25,displacement_rank,/root/autodl-tmp/cycle09_stage4_state_displacement/cells/llama/offkd/step_040/E_math.L14.main.direction.pt,activation_conditioned_update_displacement_singular_values,128,0.008751231794251416,0.01073289225210451,0.001248768205748584,0.0007328922521045098,0.0007328922521045098,1.4626919269427754,4.35927821438879,0.683670964185969,0.9290809785852652,0,PASS
llama,offkd,40,E_math,14,self_attn.o_proj,0.025,19,displacement_rank,/root/autodl-tmp/cycle09_stage4_state_displacement/cells/llama/offkd/step_040/E_math.L14.main.direction.pt,activation_conditioned_update_displacement_singular_values,128,0.023539243783366713,0.026763595128849366,0.0014607562166332883,0.001763595128849365,0.0014607562166332883,1.4626919269427754,4.35927821438879,0.683670964185969,0.9290809785852652,0,PASS
llama,offkd,40,E_math,14,self_attn.o_proj,0.05,13,displacement_rank,/root/autodl-tmp/cycle09_stage4_state_displacement/cells/llama/offkd/step_040/E_math.L14.main.direction.pt,activation_conditioned_update_displacement_singular_values,128,0.04870413531472173,0.055070913201352066,0.0012958646852782724,0.005070913201352063,0.0012958646852782724,1.4626919269427754,4.35927821438879,0.683670964185969,0.9290809785852652,0,PASS
llama,offkd,40,E_math,14,self_attn.o_proj,0.1,8,displacement_rank,/root/autodl-tmp/cycle09_stage4_state_displacement/cells/llama/offkd/step_040/E_math.L14.main.direction.pt,activation_conditioned_update_displacement_singular_values,128,0.09130407361436957,0.10445738746164562,0.008695926385630437,0.004457387461645618,0.004457387461645618,1.4626919269427754,4.35927821438879,0.683670964185969,0.9290809785852652,0,PASS
llama,offkd,40,E_math,14,mlp.gate_proj,0.01,24,displacement_rank,/root/autodl-tmp/cycle09_stage4_state_displacement/cells/llama/offkd/step_040/E_math.L14.main.direction.pt,activation_conditioned_update_displacement_singular_values,128,0.008929468185702824,0.010536026375820321,0.0010705318142971761,0.0005360263758203213,0.0005360263758203213,1.1752029997375817,2.348959341287152,0.8509168205180688,0.9551308588789865,0,PASS
llama,offkd,40,E_math,14,mlp.gate_proj,0.025,17,displacement_rank,/root/autodl-tmp/cycle09_stage4_state_displacement/cells/llama/offkd/step_040/E_math.L14.main.direction.pt,activation_conditioned_update_displacement_singular_values,128,0.02255687256191308,0.025015026355715064,0.0024431274380869207,1.5026355715062889e-05,1.5026355715062889e-05,1.1752029997375817,2.348959341287152,0.8509168205180688,0.9551308588789865,0,PASS
llama,offkd,40,E_math,14,mlp.gate_proj,0.05,9,displacement_rank,/root/autodl-tmp/cycle09_stage4_state_displacement/cells/llama/offkd/step_040/E_math.L14.main.direction.pt,activation_conditioned_update_displacement_singular_values,128,0.049608333721477924,0.05490078828476865,0.00039166627852207925,0.004900788284768649,0.00039166627852207925,1.1752029997375817,2.348959341287152,0.8509168205180688,0.9551308588789865,0,PASS
llama,offkd,40,E_math,14,mlp.gate_proj,0.1,4,displacement_rank,/root/autodl-tmp/cycle09_stage4_state_displacement/cells/llama/offkd/step_040/E_math.L14.main.direction.pt,activation_conditioned_update_displacement_singular_values,128,0.08618041041540454,0.10092900903366979,0.013819589584595462,0.0009290090336697837,0.0009290090336697837,1.1752029997375817,2.348959341287152,0.8509168205180688,0.9551308588789865,0,PASS
llama,offkd,40,E_math,14,mlp.up_proj,0.01,24,displacement_rank,/root/autodl-tmp/cycle09_stage4_state_displacement/cells/llama/offkd/step_040/E_math.L14.main.direction.pt,activation_conditioned_update_displacement_singular_values,128,0.009551757270065929,0.011257841080958309,0.00044824272993407126,0.0012578410809583086,0.00044824272993407126,1.242317254558178,2.825791858244447,0.8049473645567641,0.9458900822928895,0,PASS
llama,offkd,40,E_math,14,mlp.up_proj,0.025,17,displacement_rank,/root/autodl-tmp/cycle09_stage4_state_displacement/cells/llama/offkd/step_040/E_math.L14.main.direction.pt,activation_conditioned_update_displacement_singular_values,128,0.024866064865418983,0.027906169690999655,0.00013393513458101816,0.0029061696909996534,0.00013393513458101816,1.242317254558178,2.825791858244447,0.8049473645567641,0.9458900822928895,0,PASS
llama,offkd,40,E_math,14,mlp.up_proj,0.05,11,displacement_rank,/root/autodl-tmp/cycle09_stage4_state_displacement/cells/llama/offkd/step_040/E_math.L14.main.direction.pt,activation_conditioned_update_displacement_singular_values,128,0.04836651062643485,0.05410991770711038,0.0016334893735651529,0.004109917707110375,0.0016334893735651529,1.242317254558178,2.825791858244447,0.8049473645567641,0.9458900822928895,0,PASS
llama,offkd,40,E_math,14,mlp.up_proj,0.1,5,displacement_rank,/root/autodl-tmp/cycle09_stage4_state_displacement/cells/llama/offkd/step_040/E_math.L14.main.direction.pt,activation_conditioned_update_displacement_singular_values,128,0.09349157658501923,0.10636821210039614,0.006508423414980771,0.006368212100396134,0.006368212100396134,1.242317254558178,2.825791858244447,0.8049473645567641,0.9458900822928895,0,PASS
llama,offkd,40,E_math,14,mlp.down_proj,0.01,23,displacement_rank,/root/autodl-tmp/cycle09_stage4_state_displacement/cells/llama/offkd/step_040/E_math.L14.main.direction.pt,activation_conditioned_update_displacement_singular_values,128,0.008652129207433672,0.010089389064601655,0.0013478707925663278,8.938906460165437e-05,8.938906460165437e-05,1.139235501449416,2.097065098443347,0.8777816340236319,0.9581220199303827,0,PASS
llama,offkd,40,E_math,14,mlp.down_proj,0.025,15,displacement_rank,/root/autodl-tmp/cycle09_stage4_state_displacement/cells/llama/offkd/step_040/E_math.L14.main.direction.pt,activation_conditioned_update_displacement_singular_values,128,0.024911093257890423,0.027702447760507443,8.890674210957836e-05,0.002702447760507442,8.890674210957836e-05,1.139235501449416,2.097065098443347,0.8777816340236319,0.9581220199303827,0,PASS
llama,offkd,40,E_math,14,mlp.down_proj,0.05,9,displacement_rank,/root/autodl-tmp/cycle09_stage4_state_displacement/cells/llama/offkd/step_040/E_math.L14.main.direction.pt,activation_conditioned_update_displacement_singular_values,128,0.046230103390561036,0.0517141683030746,0.0037698966094389663,0.0017141683030745952,0.0017141683030745952,1.139235501449416,2.097065098443347,0.8777816340236319,0.9581220199303827,0,PASS
llama,offkd,40,E_math,14,mlp.down_proj,0.1,3,displacement_rank,/root/autodl-tmp/cycle09_stage4_state_displacement/cells/llama/offkd/step_040/E_math.L14.main.direction.pt,activation_conditioned_update_displacement_singular_values,128,0.08896238996810103,0.10205342002887548,0.011037610031898973,0.0020534200288754717,0.0020534200288754717,1.139235501449416,2.097065098443347,0.8777816340236319,0.9581220199303827,0,PASS
llama,offkd,40,E_ood,14,self_attn.q_proj,0.01,25,displacement_rank,/root/autodl-tmp/cycle09_stage4_state_displacement/cells/llama/offkd/step_040/E_ood.L14.main.direction.pt,activation_conditioned_update_displacement_singular_values,128,0.009930326180736889,0.011876461365597942,6.967381926311147e-05,0.001876461365597942,6.967381926311147e-05,1.375401792802517,3.7564812169215767,0.7270602708481287,0.9328737419317245,0,PASS
llama,offkd,40,E_ood,14,self_attn.q_proj,0.025,19,displacement_rank,/root/autodl-tmp/cycle09_stage4_state_displacement/cells/llama/offkd/step_040/E_ood.L14.main.direction.pt,activation_conditioned_update_displacement_singular_values,128,0.024037769980330387,0.02743112804984118,0.0009622300196696146,0.0024311280498411775,0.0009622300196696146,1.375401792802517,3.7564812169215767,0.7270602708481287,0.9328737419317245,0,PASS
llama,offkd,40,E_ood,14,self_attn.q_proj,0.05,13,displacement_rank,/root/autodl-tmp/cycle09_stage4_state_displacement/cells/llama/offkd/step_040/E_ood.L14.main.direction.pt,activation_conditioned_update_displacement_singular_values,128,0.0487213302604781,0.05438157142811653,0.0012786697395219052,0.004381571428116529,0.0012786697395219052,1.375401792802517,3.7564812169215767,0.7270602708481287,0.9328737419317245,0,PASS
llama,offkd,40,E_ood,14,self_attn.q_proj,0.1,7,displacement_rank,/root/autodl-tmp/cycle09_stage4_state_displacement/cells/llama/offkd/step_040/E_ood.L14.main.direction.pt,activation_conditioned_update_displacement_singular_values,128,0.09375222803953029,0.10433418862062313,0.006247771960469717,0.004334188620623125,0.004334188620623125,1.375401792802517,3.7564812169215767,0.7270602708481287,0.9328737419317245,0,PASS
llama,offkd,40,E_ood,14,self_attn.k_proj,0.01,25,displacement_rank,/root/autodl-tmp/cycle09_stage4_state_displacement/cells/llama/offkd/step_040/E_ood.L14.main.direction.pt,activation_conditioned_update_displacement_singular_values,128,0.009538565993735017,0.011404072672244452,0.0004614340062649835,0.001404072672244452,0.0004614340062649835,1.2618172608819027,3.1213728517915746,0.7925077830216756,0.9303076084977532,0,PASS
llama,offkd,40,E_ood,14,self_attn.k_proj,0.025,19,displacement_rank,/root/autodl-tmp/cycle09_stage4_state_displacement/cells/llama/offkd/step_040/E_ood.L14.main.direction.pt,activation_conditioned_update_displacement_singular_values,128,0.02420237247966761,0.027624387055631455,0.0007976275203323904,0.002624387055631453,0.0007976275203323904,1.2618172608819027,3.1213728517915746,0.7925077830216756,0.9303076084977532,0,PASS
llama,offkd,40,E_ood,14,self_attn.k_proj,0.05,14,displacement_rank,/root/autodl-tmp/cycle09_stage4_state_displacement/cells/llama/offkd/step_040/E_ood.L14.main.direction.pt,activation_conditioned_update_displacement_singular_values,128,0.044881223081215706,0.050053461225543876,0.005118776918784297,5.346122554387295e-05,5.346122554387295e-05,1.2618172608819027,3.1213728517915746,0.7925077830216756,0.9303076084977532,0,PASS
llama,offkd,40,E_ood,14,self_attn.k_proj,0.1,7,displacement_rank,/root/autodl-tmp/cycle09_stage4_state_displacement/cells/llama/offkd/step_040/E_ood.L14.main.direction.pt,activation_conditioned_update_displacement_singular_values,128,0.09698749558261613,0.10799289743622568,0.0030125044173838766,0.00799289743622568,0.0030125044173838766,1.2618172608819027,3.1213728517915746,0.7925077830216756,0.9303076084977532,0,PASS
llama,offkd,40,E_ood,14,self_attn.v_proj,0.01,24,displacement_rank,/root/autodl-tmp/cycle09_stage4_state_displacement/cells/llama/offkd/step_040/E_ood.L14.main.direction.pt,activation_conditioned_update_displacement_singular_values,128,0.008531096608227706,0.010024074403886765,0.001468903391772294,2.4074403886764975e-05,2.4074403886764975e-05,1.342250559739517,3.4165946470467286,0.7450173834861834,0.9470037337293173,0,PASS
llama,offkd,40,E_ood,14,self_attn.v_proj,0.025,17,displacement_rank,/root/autodl-tmp/cycle09_stage4_state_displacement/cells/llama/offkd/step_040/E_ood.L14.main.direction.pt,activation_conditioned_update_displacement_singular_values,128,0.02266448699246485,0.025526595895065552,0.0023355130075351505,0.0005265958950655507,0.0005265958950655507,1.342250559739517,3.4165946470467286,0.7450173834861834,0.9470037337293173,0,PASS
llama,offkd,40,E_ood,14,self_attn.v_proj,0.05,11,displacement_rank,/root/autodl-tmp/cycle09_stage4_state_displacement/cells/llama/offkd/step_040/E_ood.L14.main.direction.pt,activation_conditioned_update_displacement_singular_values,128,0.04738008366197553,0.05299626627068284,0.0026199163380244694,0.0029962662706828347,0.0026199163380244694,1.342250559739517,3.4165946470467286,0.7450173834861834,0.9470037337293173,0,PASS
llama,offkd,40,E_ood,14,self_attn.v_proj,0.1,5,displacement_rank,/root/autodl-tmp/cycle09_stage4_state_displacement/cells/llama/offkd/step_040/E_ood.L14.main.direction.pt,activation_conditioned_update_displacement_singular_values,128,0.09452616353206156,0.11446615630095755,0.005473836467938448,0.014466156300957544,0.005473836467938448,1.342250559739517,3.4165946470467286,0.7450173834861834,0.9470037337293173,0,PASS
llama,offkd,40,E_ood,14,self_attn.o_proj,0.01,26,displacement_rank,/root/autodl-tmp/cycle09_stage4_state_displacement/cells/llama/offkd/step_040/E_ood.L14.main.direction.pt,activation_conditioned_update_displacement_singular_values,128,0.008973010969085073,0.011321763368694393,0.0010269890309149276,0.0013217633686943928,0.0010269890309149276,1.462818144734519,4.556537479883949,0.6836119743247279,0.912544924265641,0,PASS
llama,offkd,40,E_ood,14,self_attn.o_proj,0.025,21,displacement_rank,/root/autodl-tmp/cycle09_stage4_state_displacement/cells/llama/offkd/step_040/E_ood.L14.main.direction.pt,activation_conditioned_update_displacement_singular_values,128,0.02355838879030441,0.02726725037336482,0.0014416112096955931,0.00226725037336482,0.0014416112096955931,1.462818144734519,4.556537479883949,0.6836119743247279,0.912544924265641,0,PASS
llama,offkd,40,E_ood,14,self_attn.o_proj,0.05,16,displacement_rank,/root/autodl-tmp/cycle09_stage4_state_displacement/cells/llama/offkd/step_040/E_ood.L14.main.direction.pt,activation_conditioned_update_displacement_singular_values,128,0.044659254861171685,0.05045428102933686,0.005340745138828318,0.00045428102933686015,0.00045428102933686015,1.462818144734519,4.556537479883949,0.6836119743247279,0.912544924265641,0,PASS
llama,offkd,40,E_ood,14,self_attn.o_proj,0.1,9,displacement_rank,/root/autodl-tmp/cycle09_stage4_state_displacement/cells/llama/offkd/step_040/E_ood.L14.main.direction.pt,activation_conditioned_update_displacement_singular_values,128,0.0971137461235905,0.10899023451642964,0.002886253876409506,0.008990234516429635,0.002886253876409506,1.462818144734519,4.556537479883949,0.6836119743247279,0.912544924265641,0,PASS
llama,offkd,40,E_ood,14,mlp.gate_proj,0.01,26,displacement_rank,/root/autodl-tmp/cycle09_stage4_state_displacement/cells/llama/offkd/step_040/E_ood.L14.main.direction.pt,activation_conditioned_update_displacement_singular_values,128,0.008741336095059313,0.010739778705760563,0.0012586639049406868,0.0007397787057605628,0.0007397787057605628,1.2419904017538532,2.904760568210779,0.8051592013818053,0.9372007210492972,0,PASS
llama,offkd,40,E_ood,14,mlp.gate_proj,0.025,20,displacement_rank,/root/autodl-tmp/cycle09_stage4_state_displacement/cells/llama/offkd/step_040/E_ood.L14.main.direction.pt,activation_conditioned_update_displacement_singular_values,128,0.022801053121948904,0.025741469931330755,0.0021989468780510973,0.0007414699313307536,0.0007414699313307536,1.2419904017538532,2.904760568210779,0.8051592013818053,0.9372007210492972,0,PASS
llama,offkd,40,E_ood,14,mlp.gate_proj,0.05,13,displacement_rank,/root/autodl-tmp/cycle09_stage4_state_displacement/cells/llama/offkd/step_040/E_ood.L14.main.direction.pt,activation_conditioned_update_displacement_singular_values,128,0.04706790993548131,0.052039651595660374,0.0029320900645186943,0.0020396515956603717,0.0020396515956603717,1.2419904017538532,2.904760568210779,0.8051592013818053,0.9372007210492972,0,PASS
llama,offkd,40,E_ood,14,mlp.gate_proj,0.1,6,displacement_rank,/root/autodl-tmp/cycle09_stage4_state_displacement/cells/llama/offkd/step_040/E_ood.L14.main.direction.pt,activation_conditioned_update_displacement_singular_values,128,0.08991259112742747,0.1002444203262055,0.010087408872572534,0.00024442032620548837,0.00024442032620548837,1.2419904017538532,2.904760568210779,0.8051592013818053,0.9372007210492972,0,PASS
llama,offkd,40,E_ood,14,mlp.up_proj,0.01,27,displacement_rank,/root/autodl-tmp/cycle09_stage4_state_displacement/cells/llama/offkd/step_040/E_ood.L14.main.direction.pt,activation_conditioned_update_displacement_singular_values,128,0.009383174138476549,0.011938734997970204,0.0006168258615234512,0.001938734997970204,0.0006168258615234512,1.447744694026944,4.528147519109946,0.6907295216661931,0.9091982638504194,0,PASS
llama,offkd,40,E_ood,14,mlp.up_proj,0.025,22,displacement_rank,/root/autodl-tmp/cycle09_stage4_state_displacement/cells/llama/offkd/step_040/E_ood.L14.main.direction.pt,activation_conditioned_update_displacement_singular_values,128,0.024236741365302517,0.02791730080041041,0.0007632586346974848,0.0029173008004104092,0.0007632586346974848,1.447744694026944,4.528147519109946,0.6907295216661931,0.9091982638504194,0,PASS
llama,offkd,40,E_ood,14,mlp.up_proj,0.05,16,displacement_rank,/root/autodl-tmp/cycle09_stage4_state_displacement/cells/llama/offkd/step_040/E_ood.L14.main.direction.pt,activation_conditioned_update_displacement_singular_values,128,0.04943899334864787,0.055078038945038266,0.0005610066513521347,0.005078038945038263,0.0005610066513521347,1.447744694026944,4.528147519109946,0.6907295216661931,0.9091982638504194,0,PASS
llama,offkd,40,E_ood,14,mlp.up_proj,0.1,10,displacement_rank,/root/autodl-tmp/cycle09_stage4_state_displacement/cells/llama/offkd/step_040/E_ood.L14.main.direction.pt,activation_conditioned_update_displacement_singular_values,128,0.09080173614958088,0.10101694497203104,0.009198263850419122,0.0010169449720310308,0.0010169449720310308,1.447744694026944,4.528147519109946,0.6907295216661931,0.9091982638504194,0,PASS
llama,offkd,40,E_ood,14,mlp.down_proj,0.01,25,displacement_rank,/root/autodl-tmp/cycle09_stage4_state_displacement/cells/llama/offkd/step_040/E_ood.L14.main.direction.pt,activation_conditioned_update_displacement_singular_values,128,0.008945434190195277,0.010803866097303863,0.0010545658098047236,0.0008038660973038632,0.0008038660973038632,1.1808998951184535,2.4534940518047534,0.8468118289566723,0.9456600415936663,0,PASS
llama,offkd,40,E_ood,14,mlp.down_proj,0.025,18,displacement_rank,/root/autodl-tmp/cycle09_stage4_state_displacement/cells/llama/offkd/step_040/E_ood.L14.main.direction.pt,activation_conditioned_update_displacement_singular_values,128,0.024243521304576233,0.026964599633414684,0.0007564786954237686,0.0019645996334146827,0.0007564786954237686,1.1808998951184535,2.4534940518047534,0.8468118289566723,0.9456600415936663,0,PASS
llama,offkd,40,E_ood,14,mlp.down_proj,0.05,11,displacement_rank,/root/autodl-tmp/cycle09_stage4_state_displacement/cells/llama/offkd/step_040/E_ood.L14.main.direction.pt,activation_conditioned_update_displacement_singular_values,128,0.04959561236767518,0.05433995840633349,0.00040438763232482355,0.004339958406333486,0.00040438763232482355,1.1808998951184535,2.4534940518047534,0.8468118289566723,0.9456600415936663,0,PASS
llama,offkd,40,E_ood,14,mlp.down_proj,0.1,5,displacement_rank,/root/autodl-tmp/cycle09_stage4_state_displacement/cells/llama/offkd/step_040/E_ood.L14.main.direction.pt,activation_conditioned_update_displacement_singular_values,128,0.09076455928286593,0.10072347850146672,0.009235440717134072,0.000723478501466715,0.000723478501466715,1.1808998951184535,2.4534940518047534,0.8468118289566723,0.9456600415936663,0,PASS
llama,offkd,40,E_if,14,self_attn.q_proj,0.01,27,displacement_rank,/root/autodl-tmp/cycle09_stage4_state_displacement/cells/llama/offkd/step_040/E_if.L14.main.direction.pt,activation_conditioned_update_displacement_singular_values,128,0.008048801116260274,0.010172688211348209,0.0019511988837397267,0.00017268821134820873,0.00017268821134820873,1.4291246477852493,4.276394397768373,0.6997290275202553,0.920026799985231,0,PASS
llama,offkd,40,E_if,14,self_attn.q_proj,0.025,21,displacement_rank,/root/autodl-tmp/cycle09_stage4_state_displacement/cells/llama/offkd/step_040/E_if.L14.main.direction.pt,activation_conditioned_update_displacement_singular_values,128,0.02331086037143589,0.026591395897464332,0.0016891396285641097,0.001591395897464331,0.001591395897464331,1.4291246477852493,4.276394397768373,0.6997290275202553,0.920026799985231,0,PASS
llama,offkd,40,E_if,14,self_attn.q_proj,0.05,15,displacement_rank,/root/autodl-tmp/cycle09_stage4_state_displacement/cells/llama/offkd/step_040/E_if.L14.main.direction.pt,activation_conditioned_update_displacement_singular_values,128,0.047768633446583976,0.052776156980743776,0.002231366553416027,0.0027761569807437728,0.002231366553416027,1.4291246477852493,4.276394397768373,0.6997290275202553,0.920026799985231,0,PASS
llama,offkd,40,E_if,14,self_attn.q_proj,0.1,8,displacement_rank,/root/autodl-tmp/cycle09_stage4_state_displacement/cells/llama/offkd/step_040/E_if.L14.main.direction.pt,activation_conditioned_update_displacement_singular_values,128,0.0996964056674024,0.11072403147007083,0.0003035943325976065,0.010724031470070824,0.0003035943325976065,1.4291246477852493,4.276394397768373,0.6997290275202553,0.920026799985231,0,PASS
llama,offkd,40,E_if,14,self_attn.k_proj,0.01,27,displacement_rank,/root/autodl-tmp/cycle09_stage4_state_displacement/cells/llama/offkd/step_040/E_if.L14.main.direction.pt,activation_conditioned_update_displacement_singular_values,128,0.00807911140902663,0.010257467201346319,0.00192088859097337,0.0002574672013463189,0.0002574672013463189,1.32875410842462,3.732018497237106,0.7525846909219396,0.91370364473866,0,PASS
llama,offkd,40,E_if,14,self_attn.k_proj,0.025,21,displacement_rank,/root/autodl-tmp/cycle09_stage4_state_displacement/cells/llama/offkd/step_040/E_if.L14.main.direction.pt,activation_conditioned_update_displacement_singular_values,128,0.02439742220509248,0.027966404668877787,0.0006025777949075217,0.0029664046688777854,0.0006025777949075217,1.32875410842462,3.732018497237106,0.7525846909219396,0.91370364473866,0,PASS
llama,offkd,40,E_if,14,self_attn.k_proj,0.05,16,displacement_rank,/root/autodl-tmp/cycle09_stage4_state_displacement/cells/llama/offkd/step_040/E_if.L14.main.direction.pt,activation_conditioned_update_displacement_singular_values,128,0.04498526338538669,0.050326244964060976,0.0050147366146133104,0.00032624496406097325,0.00032624496406097325,1.32875410842462,3.732018497237106,0.7525846909219396,0.91370364473866,0,PASS
llama,offkd,40,E_if,14,self_attn.k_proj,0.1,9,displacement_rank,/root/autodl-tmp/cycle09_stage4_state_displacement/cells/llama/offkd/step_040/E_if.L14.main.direction.pt,activation_conditioned_update_displacement_singular_values,128,0.09613723229027649,0.10749015028437499,0.003862767709723519,0.007490150284374983,0.003862767709723519,1.32875410842462,3.732018497237106,0.7525846909219396,0.91370364473866,0,PASS
llama,offkd,40,E_if,14,self_attn.v_proj,0.01,23,displacement_rank,/root/autodl-tmp/cycle09_stage4_state_displacement/cells/llama/offkd/step_040/E_if.L14.main.direction.pt,activation_conditioned_update_displacement_singular_values,128,0.009955851347026446,0.011616378659940264,4.41486529735545e-05,0.0016163786599402638,4.41486529735545e-05,1.2688312990124762,2.9859781298466466,0.7881268382788902,0.9487926057677758,0,PASS
llama,offkd,40,E_if,14,self_attn.v_proj,0.025,17,displacement_rank,/root/autodl-tmp/cycle09_stage4_state_displacement/cells/llama/offkd/step_040/E_if.L14.main.direction.pt,activation_conditioned_update_displacement_singular_values,128,0.022877029199433043,0.02568789205872963,0.0021229708005669583,0.0006878920587296278,0.0006878920587296278,1.2688312990124762,2.9859781298466466,0.7881268382788902,0.9487926057677758,0,PASS
llama,offkd,40,E_if,14,self_attn.v_proj,0.05,11,displacement_rank,/root/autodl-tmp/cycle09_stage4_state_displacement/cells/llama/offkd/step_040/E_if.L14.main.direction.pt,activation_conditioned_update_displacement_singular_values,128,0.04595650234384537,0.05120739423222448,0.004043497656154631,0.0012073942322244763,0.0012073942322244763,1.2688312990124762,2.9859781298466466,0.7881268382788902,0.9487926057677758,0,PASS
llama,offkd,40,E_if,14,self_attn.v_proj,0.1,5,displacement_rank,/root/autodl-tmp/cycle09_stage4_state_displacement/cells/llama/offkd/step_040/E_if.L14.main.direction.pt,activation_conditioned_update_displacement_singular_values,128,0.09102454986218174,0.10755390235593985,0.008975450137818267,0.007553902355939848,0.007553902355939848,1.2688312990124762,2.9859781298466466,0.7881268382788902,0.9487926057677758,0,PASS
llama,offkd,40,E_if,14,self_attn.o_proj,0.01,28,displacement_rank,/root/autodl-tmp/cycle09_stage4_state_displacement/cells/llama/offkd/step_040/E_if.L14.main.direction.pt,activation_conditioned_update_displacement_singular_values,128,0.00821856683293307,0.011149615226445971,0.0017814331670669304,0.001149615226445971,0.001149615226445971,2.7038645422929037,9.044211483092496,0.36984101250574863,0.8670870555925495,0,PASS
llama,offkd,40,E_if,14,self_attn.o_proj,0.025,24,displacement_rank,/root/autodl-tmp/cycle09_stage4_state_displacement/cells/llama/offkd/step_040/E_if.L14.main.direction.pt,activation_conditioned_update_displacement_singular_values,128,0.022448425447612552,0.02697106002804418,0.002551574552387449,0.0019710600280441783,0.0019710600280441783,2.7038645422929037,9.044211483092496,0.36984101250574863,0.8670870555925495,0,PASS
llama,offkd,40,E_if,14,self_attn.o_proj,0.05,19,displacement_rank,/root/autodl-tmp/cycle09_stage4_state_displacement/cells/llama/offkd/step_040/E_if.L14.main.direction.pt,activation_conditioned_update_displacement_singular_values,128,0.048899652562887946,0.05503356317524009,0.0011003474371120564,0.005033563175240084,0.0011003474371120564,2.7038645422929037,9.044211483092496,0.36984101250574863,0.8670870555925495,0,PASS
llama,offkd,40,E_if,14,self_attn.o_proj,0.1,13,displacement_rank,/root/autodl-tmp/cycle09_stage4_state_displacement/cells/llama/offkd/step_040/E_if.L14.main.direction.pt,activation_conditioned_update_displacement_singular_values,128,0.0953533737541979,0.10576652463345405,0.004646626245802102,0.005766524633454048,0.004646626245802102,2.7038645422929037,9.044211483092496,0.36984101250574863,0.8670870555925495,0,PASS
llama,offkd,40,E_if,14,mlp.gate_proj,0.01,26,displacement_rank,/root/autodl-tmp/cycle09_stage4_state_displacement/cells/llama/offkd/step_040/E_if.L14.main.direction.pt,activation_conditioned_update_displacement_singular_values,128,0.008767303542640133,0.010790646319318581,0.0012326964573598671,0.000790646319318581,0.000790646319318581,1.2166640807969569,2.742609750161797,0.8219195551042862,0.9387436202441695,0,PASS
llama,offkd,40,E_if,14,mlp.gate_proj,0.025,20,displacement_rank,/root/autodl-tmp/cycle09_stage4_state_displacement/cells/llama/offkd/step_040/E_if.L14.main.direction.pt,activation_conditioned_update_displacement_singular_values,128,0.022471555160882634,0.025260944034576963,0.002528444839117367,0.0002609440345769619,0.0002609440345769619,1.2166640807969569,2.742609750161797,0.8219195551042862,0.9387436202441695,0,PASS
llama,offkd,40,E_if,14,mlp.gate_proj,0.05,13,displacement_rank,/root/autodl-tmp/cycle09_stage4_state_displacement/cells/llama/offkd/step_040/E_if.L14.main.direction.pt,activation_conditioned_update_displacement_singular_values,128,0.04663866520977433,0.051217311398175494,0.00336133479022567,0.0012173113981754913,0.0012173113981754913,1.2166640807969569,2.742609750161797,0.8219195551042862,0.9387436202441695,0,PASS
llama,offkd,40,E_if,14,mlp.gate_proj,0.1,6,displacement_rank,/root/autodl-tmp/cycle09_stage4_state_displacement/cells/llama/offkd/step_040/E_if.L14.main.direction.pt,activation_conditioned_update_displacement_singular_values,128,0.090143697119666,0.10098492632686712,0.009856302880334011,0.0009849263268671138,0.0009849263268671138,1.2166640807969569,2.742609750161797,0.8219195551042862,0.9387436202441695,0,PASS
llama,offkd,40,E_if,14,mlp.up_proj,0.01,27,displacement_rank,/root/autodl-tmp/cycle09_stage4_state_displacement/cells/llama/offkd/step_040/E_if.L14.main.direction.pt,activation_conditioned_update_displacement_singular_values,128,0.008348056750982184,0.01064353813590098,0.0016519432490178163,0.0006435381359009805,0.0006435381359009805,1.3116407106762717,3.5282058081224115,0.7624039051703478,0.9215309239543873,0,PASS
llama,offkd,40,E_if,14,mlp.up_proj,0.025,21,displacement_rank,/root/autodl-tmp/cycle09_stage4_state_displacement/cells/llama/offkd/step_040/E_if.L14.main.direction.pt,activation_conditioned_update_displacement_singular_values,128,0.024229362638708413,0.02754471755184102,0.000770637361291588,0.0025447175518410192,0.000770637361291588,1.3116407106762717,3.5282058081224115,0.7624039051703478,0.9215309239543873,0,PASS
llama,offkd,40,E_if,14,mlp.up_proj,0.05,15,displacement_rank,/root/autodl-tmp/cycle09_stage4_state_displacement/cells/llama/offkd/step_040/E_if.L14.main.direction.pt,activation_conditioned_update_displacement_singular_values,128,0.04800101216805477,0.05279901373835133,0.0019989878319452356,0.0027990137383513275,0.0019989878319452356,1.3116407106762717,3.5282058081224115,0.7624039051703478,0.9215309239543873,0,PASS
llama,offkd,40,E_if,14,mlp.up_proj,0.1,8,displacement_rank,/root/autodl-tmp/cycle09_stage4_state_displacement/cells/llama/offkd/step_040/E_if.L14.main.direction.pt,activation_conditioned_update_displacement_singular_values,128,0.09571980923398665,0.10692915724399486,0.004280190766013353,0.006929157243994857,0.004280190766013353,1.3116407106762717,3.5282058081224115,0.7624039051703478,0.9215309239543873,0,PASS
llama,offkd,40,E_if,14,mlp.down_proj,0.01,25,displacement_rank,/root/autodl-tmp/cycle09_stage4_state_displacement/cells/llama/offkd/step_040/E_if.L14.main.direction.pt,activation_conditioned_update_displacement_singular_values,128,0.00925088538500471,0.011163999663248611,0.0007491146149952894,0.0011639996632486112,0.0007491146149952894,1.1859203511631866,2.4923579455970795,0.843226949448308,0.9431208540993762,0,PASS
llama,offkd,40,E_if,14,mlp.down_proj,0.025,19,displacement_rank,/root/autodl-tmp/cycle09_stage4_state_displacement/cells/llama/offkd/step_040/E_if.L14.main.direction.pt,activation_conditioned_update_displacement_singular_values,128,0.022387157712897288,0.02525606546437537,0.0026128422871027138,0.0002560654643753678,0.0002560654643753678,1.1859203511631866,2.4923579455970795,0.843226949448308,0.9431208540993762,0,PASS
llama,offkd,40,E_if,14,mlp.down_proj,0.05,12,displacement_rank,/root/autodl-tmp/cycle09_stage4_state_displacement/cells/llama/offkd/step_040/E_if.L14.main.direction.pt,activation_conditioned_update_displacement_singular_values,128,0.04676857110246135,0.05170073747954145,0.003231428897538656,0.001700737479541449,0.001700737479541449,1.1859203511631866,2.4923579455970795,0.843226949448308,0.9431208540993762,0,PASS
llama,offkd,40,E_if,14,mlp.down_proj,0.1,5,displacement_rank,/root/autodl-tmp/cycle09_stage4_state_displacement/cells/llama/offkd/step_040/E_if.L14.main.direction.pt,activation_conditioned_update_displacement_singular_values,128,0.09073874673261999,0.10068029277756478,0.009261253267380018,0.0006802927775647755,0.0006802927775647755,1.1859203511631866,2.4923579455970795,0.843226949448308,0.9431208540993762,0,PASS
llama,offkd,80,E_general,14,self_attn.q_proj,0.01,28,displacement_rank,/root/autodl-tmp/cycle09_stage4_state_displacement/cells/llama/offkd/step_080/E_general.L14.main.direction.pt,activation_conditioned_update_displacement_singular_values,128,0.009532711525395227,0.012474541214540157,0.0004672884746047736,0.0024745412145401567,0.0004672884746047736,1.7719733805826006,6.940890374803695,0.5643425634707976,0.8752467707332826,0,PASS
llama,offkd,80,E_general,14,self_attn.q_proj,0.025,24,displacement_rank,/root/autodl-tmp/cycle09_stage4_state_displacement/cells/llama/offkd/step_080/E_general.L14.main.direction.pt,activation_conditioned_update_displacement_singular_values,128,0.023172142667148912,0.02742043143314513,0.0018278573328510891,0.002420431433145128,0.0018278573328510891,1.7719733805826006,6.940890374803695,0.5643425634707976,0.8752467707332826,0,PASS
llama,offkd,80,E_general,14,self_attn.q_proj,0.05,19,displacement_rank,/root/autodl-tmp/cycle09_stage4_state_displacement/cells/llama/offkd/step_080/E_general.L14.main.direction.pt,activation_conditioned_update_displacement_singular_values,128,0.04809216557844504,0.05376598391352381,0.0019078344215549617,0.0037659839135238057,0.0019078344215549617,1.7719733805826006,6.940890374803695,0.5643425634707976,0.8752467707332826,0,PASS
llama,offkd,80,E_general,14,self_attn.q_proj,0.1,13,displacement_rank,/root/autodl-tmp/cycle09_stage4_state_displacement/cells/llama/offkd/step_080/E_general.L14.main.direction.pt,activation_conditioned_update_displacement_singular_values,128,0.0916546529146831,0.10170925945020014,0.00834534708531691,0.0017092594502001318,0.0017092594502001318,1.7719733805826006,6.940890374803695,0.5643425634707976,0.8752467707332826,0,PASS
llama,offkd,80,E_general,14,self_attn.k_proj,0.01,28,displacement_rank,/root/autodl-tmp/cycle09_stage4_state_displacement/cells/llama/offkd/step_080/E_general.L14.main.direction.pt,activation_conditioned_update_displacement_singular_values,128,0.008606184468019227,0.011410000811908143,0.0013938155319807733,0.001410000811908143,0.0013938155319807733,1.5144264867114559,5.423563405703662,0.6603159735877826,0.8736559526636387,0,PASS
llama,offkd,80,E_general,14,self_attn.k_proj,0.025,24,displacement_rank,/root/autodl-tmp/cycle09_stage4_state_displacement/cells/llama/offkd/step_080/E_general.L14.main.direction.pt,activation_conditioned_update_displacement_singular_values,128,0.021316583172680495,0.025232091085385714,0.0036834168273195064,0.00023209108538571263,0.00023209108538571263,1.5144264867114559,5.423563405703662,0.6603159735877826,0.8736559526636387,0,PASS
llama,offkd,80,E_general,14,self_attn.k_proj,0.05,19,displacement_rank,/root/autodl-tmp/cycle09_stage4_state_displacement/cells/llama/offkd/step_080/E_general.L14.main.direction.pt,activation_conditioned_update_displacement_singular_values,128,0.04549836461173414,0.05184847845698047,0.004501635388265861,0.001848478456980468,0.001848478456980468,1.5144264867114559,5.423563405703662,0.6603159735877826,0.8736559526636387,0,PASS
llama,offkd,80,E_general,14,self_attn.k_proj,0.1,13,displacement_rank,/root/autodl-tmp/cycle09_stage4_state_displacement/cells/llama/offkd/step_080/E_general.L14.main.direction.pt,activation_conditioned_update_displacement_singular_values,128,0.09256694924361855,0.10280982524682467,0.007433050756381454,0.00280982524682466,0.00280982524682466,1.5144264867114559,5.423563405703662,0.6603159735877826,0.8736559526636387,0,PASS
llama,offkd,80,E_general,14,self_attn.v_proj,0.01,26,displacement_rank,/root/autodl-tmp/cycle09_stage4_state_displacement/cells/llama/offkd/step_080/E_general.L14.main.direction.pt,activation_conditioned_update_displacement_singular_values,128,0.009723424867264125,0.012055404513669103,0.0002765751327358755,0.0020554045136691023,0.0002765751327358755,1.4691368960072098,4.624259539248833,0.6806717622556343,0.9134536486902851,0,PASS
llama,offkd,80,E_general,14,self_attn.v_proj,0.025,21,displacement_rank,/root/autodl-tmp/cycle09_stage4_state_displacement/cells/llama/offkd/step_080/E_general.L14.main.direction.pt,activation_conditioned_update_displacement_singular_values,128,0.02312297158886369,0.026480632243324455,0.0018770284111363118,0.0014806322433244534,0.0014806322433244534,1.4691368960072098,4.624259539248833,0.6806717622556343,0.9134536486902851,0,PASS
llama,offkd,80,E_general,14,self_attn.v_proj,0.05,15,displacement_rank,/root/autodl-tmp/cycle09_stage4_state_displacement/cells/llama/offkd/step_080/E_general.L14.main.direction.pt,activation_conditioned_update_displacement_singular_values,128,0.04971905735616107,0.0555972561529762,0.00028094264383893286,0.005597256152976196,0.00028094264383893286,1.4691368960072098,4.624259539248833,0.6806717622556343,0.9134536486902851,0,PASS
llama,offkd,80,E_general,14,self_attn.v_proj,0.1,9,displacement_rank,/root/autodl-tmp/cycle09_stage4_state_displacement/cells/llama/offkd/step_080/E_general.L14.main.direction.pt,activation_conditioned_update_displacement_singular_values,128,0.09718197750233615,0.10899387191566691,0.002818022497663858,0.008993871915666904,0.002818022497663858,1.4691368960072098,4.624259539248833,0.6806717622556343,0.9134536486902851,0,PASS
llama,offkd,80,E_general,14,self_attn.o_proj,0.01,29,displacement_rank,/root/autodl-tmp/cycle09_stage4_state_displacement/cells/llama/offkd/step_080/E_general.L14.main.direction.pt,activation_conditioned_update_displacement_singular_values,128,0.007382311760167405,0.010777839089791358,0.0026176882398325956,0.0007778390897913573,0.0007778390897913573,2.365413217337092,10.610407739247568,0.422759115688788,0.8291628941999813,0,PASS
llama,offkd,80,E_general,14,self_attn.o_proj,0.025,25,displacement_rank,/root/autodl-tmp/cycle09_stage4_state_displacement/cells/llama/offkd/step_080/E_general.L14.main.direction.pt,activation_conditioned_update_displacement_singular_values,128,0.023624908255704243,0.028775064220588932,0.0013750917442957589,0.0037750642205889307,0.0013750917442957589,2.365413217337092,10.610407739247568,0.422759115688788,0.8291628941999813,0,PASS
llama,offkd,80,E_general,14,self_attn.o_proj,0.05,21,displacement_rank,/root/autodl-tmp/cycle09_stage4_state_displacement/cells/llama/offkd/step_080/E_general.L14.main.direction.pt,activation_conditioned_update_displacement_singular_values,128,0.04733542729163171,0.054341537055445414,0.0026645727083682916,0.004341537055445412,0.0026645727083682916,2.365413217337092,10.610407739247568,0.422759115688788,0.8291628941999813,0,PASS
llama,offkd,80,E_general,14,self_attn.o_proj,0.1,15,displacement_rank,/root/autodl-tmp/cycle09_stage4_state_displacement/cells/llama/offkd/step_080/E_general.L14.main.direction.pt,activation_conditioned_update_displacement_singular_values,128,0.09697432749093222,0.10821024449667942,0.003025672509067781,0.008210244496679411,0.003025672509067781,2.365413217337092,10.610407739247568,0.422759115688788,0.8291628941999813,0,PASS
llama,offkd,80,E_general,14,mlp.gate_proj,0.01,24,displacement_rank,/root/autodl-tmp/cycle09_stage4_state_displacement/cells/llama/offkd/step_080/E_general.L14.main.direction.pt,activation_conditioned_update_displacement_singular_values,128,0.008672952808586796,0.010197547577678344,0.0013270471914132043,0.0001975475776783437,0.0001975475776783437,1.1212614768312634,1.9686868552192998,0.8918526326491176,0.9582066646931882,0,PASS
llama,offkd,80,E_general,14,mlp.gate_proj,0.025,16,displacement_rank,/root/autodl-tmp/cycle09_stage4_state_displacement/cells/llama/offkd/step_080/E_general.L14.main.direction.pt,activation_conditioned_update_displacement_singular_values,128,0.024035735783553135,0.02641221525722382,0.0009642642164468668,0.00141221525722382,0.0009642642164468668,1.1212614768312634,1.9686868552192998,0.8918526326491176,0.9582066646931882,0,PASS
llama,offkd,80,E_general,14,mlp.gate_proj,0.05,8,displacement_rank,/root/autodl-tmp/cycle09_stage4_state_displacement/cells/llama/offkd/step_080/E_general.L14.main.direction.pt,activation_conditioned_update_displacement_singular_values,128,0.04937818950309242,0.053776264582622815,0.0006218104969075849,0.0037762645826228125,0.0006218104969075849,1.1212614768312634,1.9686868552192998,0.8918526326491176,0.9582066646931882,0,PASS
llama,offkd,80,E_general,14,mlp.gate_proj,0.1,2,displacement_rank,/root/autodl-tmp/cycle09_stage4_state_displacement/cells/llama/offkd/step_080/E_general.L14.main.direction.pt,activation_conditioned_update_displacement_singular_values,128,0.09173528323775688,0.10814736735088229,0.008264716762243121,0.008147367350882284,0.008147367350882284,1.1212614768312634,1.9686868552192998,0.8918526326491176,0.9582066646931882,0,PASS
llama,offkd,80,E_general,14,mlp.up_proj,0.01,29,displacement_rank,/root/autodl-tmp/cycle09_stage4_state_displacement/cells/llama/offkd/step_080/E_general.L14.main.direction.pt,activation_conditioned_update_displacement_singular_values,128,0.007609914786202461,0.010643314348907,0.002390085213797539,0.0006433143489069995,0.0006433143489069995,1.5507941085002959,5.69198659104783,0.6448309253425367,0.8688891921235851,0,PASS
llama,offkd,80,E_general,14,mlp.up_proj,0.025,25,displacement_rank,/root/autodl-tmp/cycle09_stage4_state_displacement/cells/llama/offkd/step_080/E_general.L14.main.direction.pt,activation_conditioned_update_displacement_singular_values,128,0.021903796771732376,0.026210289825816545,0.003096203228267626,0.0012102898258165434,0.0012102898258165434,1.5507941085002959,5.69198659104783,0.6448309253425367,0.8688891921235851,0,PASS
llama,offkd,80,E_general,14,mlp.up_proj,0.05,20,displacement_rank,/root/autodl-tmp/cycle09_stage4_state_displacement/cells/llama/offkd/step_080/E_general.L14.main.direction.pt,activation_conditioned_update_displacement_singular_values,128,0.046177299602716056,0.05185918568730287,0.003822700397283947,0.0018591856873028667,0.0018591856873028667,1.5507941085002959,5.69198659104783,0.6448309253425367,0.8688891921235851,0,PASS
llama,offkd,80,E_general,14,mlp.up_proj,0.1,13,displacement_rank,/root/autodl-tmp/cycle09_stage4_state_displacement/cells/llama/offkd/step_080/E_general.L14.main.direction.pt,activation_conditioned_update_displacement_singular_values,128,0.09883129401065865,0.10843981181257258,0.001168705989341351,0.00843981181257257,0.001168705989341351,1.5507941085002959,5.69198659104783,0.6448309253425367,0.8688891921235851,0,PASS
llama,offkd,80,E_general,14,mlp.down_proj,0.01,29,displacement_rank,/root/autodl-tmp/cycle09_stage4_state_displacement/cells/llama/offkd/step_080/E_general.L14.main.direction.pt,activation_conditioned_update_displacement_singular_values,128,0.008873918744203268,0.012196128260594923,0.001126081255796732,0.0021961282605949227,0.001126081255796732,1.5681978931390093,5.971589535950227,0.6376746228107305,0.8600177032586734,0,PASS
llama,offkd,80,E_general,14,mlp.down_proj,0.025,25,displacement_rank,/root/autodl-tmp/cycle09_stage4_state_displacement/cells/llama/offkd/step_080/E_general.L14.main.direction.pt,activation_conditioned_update_displacement_singular_values,128,0.024438940157209085,0.029121776468448293,0.0005610598427909161,0.004121776468448291,0.0005610598427909161,1.5681978931390093,5.971589535950227,0.6376746228107305,0.8600177032586734,0,PASS
llama,offkd,80,E_general,14,mlp.down_proj,0.05,21,displacement_rank,/root/autodl-tmp/cycle09_stage4_state_displacement/cells/llama/offkd/step_080/E_general.L14.main.direction.pt,activation_conditioned_update_displacement_singular_values,128,0.04407094558497157,0.05013636335005235,0.005929054415028431,0.00013636335005234868,0.00013636335005234868,1.5681978931390093,5.971589535950227,0.6376746228107305,0.8600177032586734,0,PASS
llama,offkd,80,E_general,14,mlp.down_proj,0.1,14,displacement_rank,/root/autodl-tmp/cycle09_stage4_state_displacement/cells/llama/offkd/step_080/E_general.L14.main.direction.pt,activation_conditioned_update_displacement_singular_values,128,0.09599193984876457,0.10573741922387174,0.004008060151235435,0.005737419223871734,0.004008060151235435,1.5681978931390093,5.971589535950227,0.6376746228107305,0.8600177032586734,0,PASS
llama,offkd,80,E_math,14,self_attn.q_proj,0.01,25,displacement_rank,/root/autodl-tmp/cycle09_stage4_state_displacement/cells/llama/offkd/step_080/E_math.L14.main.direction.pt,activation_conditioned_update_displacement_singular_values,128,0.00973502453298917,0.011794709424443845,0.00026497546701082994,0.0017947094244438449,0.00026497546701082994,1.3639092173180025,3.7820446405656423,0.733186628041421,0.9307044416137567,0,PASS
llama,offkd,80,E_math,14,self_attn.q_proj,0.025,20,displacement_rank,/root/autodl-tmp/cycle09_stage4_state_displacement/cells/llama/offkd/step_080/E_math.L14.main.direction.pt,activation_conditioned_update_displacement_singular_values,128,0.021970330595424793,0.025058357547758647,0.003029669404575209,5.8357547758645933e-05,5.8357547758645933e-05,1.3639092173180025,3.7820446405656423,0.733186628041421,0.9307044416137567,0,PASS
llama,offkd,80,E_math,14,self_attn.q_proj,0.05,13,displacement_rank,/root/autodl-tmp/cycle09_stage4_state_displacement/cells/llama/offkd/step_080/E_math.L14.main.direction.pt,activation_conditioned_update_displacement_singular_values,128,0.04855940488503607,0.05447958607504941,0.0014405951149639301,0.004479586075049405,0.0014405951149639301,1.3639092173180025,3.7820446405656423,0.733186628041421,0.9307044416137567,0,PASS
llama,offkd,80,E_math,14,self_attn.q_proj,0.1,7,displacement_rank,/root/autodl-tmp/cycle09_stage4_state_displacement/cells/llama/offkd/step_080/E_math.L14.main.direction.pt,activation_conditioned_update_displacement_singular_values,128,0.09838064236298025,0.11258184957107968,0.0016193576370197582,0.012581849571079676,0.0016193576370197582,1.3639092173180025,3.7820446405656423,0.733186628041421,0.9307044416137567,0,PASS
llama,offkd,80,E_math,14,self_attn.k_proj,0.01,26,displacement_rank,/root/autodl-tmp/cycle09_stage4_state_displacement/cells/llama/offkd/step_080/E_math.L14.main.direction.pt,activation_conditioned_update_displacement_singular_values,128,0.009290982965950233,0.011430537494732782,0.0007090170340497675,0.0014305374947327816,0.0007090170340497675,1.352859483280566,3.9008571031118286,0.739175067594668,0.9118957918961731,0,PASS
llama,offkd,80,E_math,14,self_attn.k_proj,0.025,21,displacement_rank,/root/autodl-tmp/cycle09_stage4_state_displacement/cells/llama/offkd/step_080/E_math.L14.main.direction.pt,activation_conditioned_update_displacement_singular_values,128,0.022849200785895824,0.026546668504928622,0.002150799214104177,0.0015466685049286208,0.0015466685049286208,1.352859483280566,3.9008571031118286,0.739175067594668,0.9118957918961731,0,PASS
llama,offkd,80,E_math,14,self_attn.k_proj,0.05,15,displacement_rank,/root/autodl-tmp/cycle09_stage4_state_displacement/cells/llama/offkd/step_080/E_math.L14.main.direction.pt,activation_conditioned_update_displacement_singular_values,128,0.049434313447098706,0.05564014370247178,0.0005656865529012969,0.005640143702471775,0.0005656865529012969,1.352859483280566,3.9008571031118286,0.739175067594668,0.9118957918961731,0,PASS
llama,offkd,80,E_math,14,self_attn.k_proj,0.1,9,displacement_rank,/root/autodl-tmp/cycle09_stage4_state_displacement/cells/llama/offkd/step_080/E_math.L14.main.direction.pt,activation_conditioned_update_displacement_singular_values,128,0.09825778960164419,0.10990088394641848,0.0017422103983558146,0.00990088394641847,0.0017422103983558146,1.352859483280566,3.9008571031118286,0.739175067594668,0.9118957918961731,0,PASS
llama,offkd,80,E_math,14,self_attn.v_proj,0.01,22,displacement_rank,/root/autodl-tmp/cycle09_stage4_state_displacement/cells/llama/offkd/step_080/E_math.L14.main.direction.pt,activation_conditioned_update_displacement_singular_values,128,0.009959532001177827,0.01167194093607966,4.046799882217317e-05,0.0016719409360796602,4.046799882217317e-05,1.2591149555870205,2.906917019973748,0.7942086586794478,0.9529247608995508,0,PASS
llama,offkd,80,E_math,14,self_attn.v_proj,0.025,16,displacement_rank,/root/autodl-tmp/cycle09_stage4_state_displacement/cells/llama/offkd/step_080/E_math.L14.main.direction.pt,activation_conditioned_update_displacement_singular_values,128,0.022585743571258823,0.025568690152007044,0.002414256428741178,0.0005686901520070425,0.0005686901520070425,1.2591149555870205,2.906917019973748,0.7942086586794478,0.9529247608995508,0,PASS
llama,offkd,80,E_math,14,self_attn.v_proj,0.05,10,displacement_rank,/root/autodl-tmp/cycle09_stage4_state_displacement/cells/llama/offkd/step_080/E_math.L14.main.direction.pt,activation_conditioned_update_displacement_singular_values,128,0.04707523910044932,0.05285833654778758,0.0029247608995506824,0.0028583365477875752,0.0028583365477875752,1.2591149555870205,2.906917019973748,0.7942086586794478,0.9529247608995508,0,PASS
llama,offkd,80,E_math,14,self_attn.v_proj,0.1,5,displacement_rank,/root/autodl-tmp/cycle09_stage4_state_displacement/cells/llama/offkd/step_080/E_math.L14.main.direction.pt,activation_conditioned_update_displacement_singular_values,128,0.08923683750480337,0.10594803902669099,0.01076316249519664,0.005948039026690985,0.005948039026690985,1.2591149555870205,2.906917019973748,0.7942086586794478,0.9529247608995508,0,PASS
llama,offkd,80,E_math,14,self_attn.o_proj,0.01,26,displacement_rank,/root/autodl-tmp/cycle09_stage4_state_displacement/cells/llama/offkd/step_080/E_math.L14.main.direction.pt,activation_conditioned_update_displacement_singular_values,128,0.008307881854281886,0.010438602848831038,0.001692118145718114,0.0004386028488310382,0.0004386028488310382,1.5690690803527045,5.202003306190902,0.6373205695795204,0.9129690025913378,0,PASS
llama,offkd,80,E_math,14,self_attn.o_proj,0.025,20,displacement_rank,/root/autodl-tmp/cycle09_stage4_state_displacement/cells/llama/offkd/step_080/E_math.L14.main.direction.pt,activation_conditioned_update_displacement_singular_values,128,0.024740135399844106,0.028258183091609594,0.00025986460015589574,0.0032581830916095927,0.00025986460015589574,1.5690690803527045,5.202003306190902,0.6373205695795204,0.9129690025913378,0,PASS
llama,offkd,80,E_math,14,self_attn.o_proj,0.05,15,displacement_rank,/root/autodl-tmp/cycle09_stage4_state_displacement/cells/llama/offkd/step_080/E_math.L14.main.direction.pt,activation_conditioned_update_displacement_singular_values,128,0.04642505732590033,0.052399067178774,0.0035749426740996695,0.0023990671787740003,0.0023990671787740003,1.5690690803527045,5.202003306190902,0.6373205695795204,0.9129690025913378,0,PASS
llama,offkd,80,E_math,14,self_attn.o_proj,0.1,9,displacement_rank,/root/autodl-tmp/cycle09_stage4_state_displacement/cells/llama/offkd/step_080/E_math.L14.main.direction.pt,activation_conditioned_update_displacement_singular_values,128,0.09919251758800456,0.11202896186934849,0.0008074824119954499,0.012028961869348487,0.0008074824119954499,1.5690690803527045,5.202003306190902,0.6373205695795204,0.9129690025913378,0,PASS
llama,offkd,80,E_math,14,mlp.gate_proj,0.01,14,displacement_rank,/root/autodl-tmp/cycle09_stage4_state_displacement/cells/llama/offkd/step_080/E_math.L14.main.direction.pt,activation_conditioned_update_displacement_singular_values,128,0.00959291427318251,0.010614446346041624,0.0004070857268174896,0.0006144463460416236,0.0004070857268174896,1.0500587478520127,1.3898092917451892,0.9523276693285855,0.9858259797550015,0,PASS
llama,offkd,80,E_math,14,mlp.gate_proj,0.025,5,displacement_rank,/root/autodl-tmp/cycle09_stage4_state_displacement/cells/llama/offkd/step_080/E_math.L14.main.direction.pt,activation_conditioned_update_displacement_singular_values,128,0.024069223971039107,0.027489979886548964,0.0009307760289608939,0.0024899798865489625,0.0009307760289608939,1.0500587478520127,1.3898092917451892,0.9523276693285855,0.9858259797550015,0,PASS
llama,offkd,80,E_math,14,mlp.gate_proj,0.05,1,displacement_rank,/root/autodl-tmp/cycle09_stage4_state_displacement/cells/llama/offkd/step_080/E_math.L14.main.direction.pt,activation_conditioned_update_displacement_singular_values,128,0.04767233067141443,1.0,0.002327669328585573,0.95,0.002327669328585573,1.0500587478520127,1.3898092917451892,0.9523276693285855,0.9858259797550015,0,PASS
llama,offkd,80,E_math,14,mlp.gate_proj,0.1,1,displacement_rank,/root/autodl-tmp/cycle09_stage4_state_displacement/cells/llama/offkd/step_080/E_math.L14.main.direction.pt,activation_conditioned_update_displacement_singular_values,128,0.04767233067141443,1.0,0.052327669328585576,0.9,0.052327669328585576,1.0500587478520127,1.3898092917451892,0.9523276693285855,0.9858259797550015,0,PASS
llama,offkd,80,E_math,14,mlp.up_proj,0.01,24,displacement_rank,/root/autodl-tmp/cycle09_stage4_state_displacement/cells/llama/offkd/step_080/E_math.L14.main.direction.pt,activation_conditioned_update_displacement_singular_values,128,0.009316117569679911,0.011003883779589977,0.0006838824303200888,0.0010038837795899765,0.0006838824303200888,1.2276803876689373,2.7250573642749476,0.814544249500274,0.9471313109302919,0,PASS
llama,offkd,80,E_math,14,mlp.up_proj,0.025,17,displacement_rank,/root/autodl-tmp/cycle09_stage4_state_displacement/cells/llama/offkd/step_080/E_math.L14.main.direction.pt,activation_conditioned_update_displacement_singular_values,128,0.024705516259138003,0.027702317393025318,0.0002944837408619984,0.0027023173930253164,0.0002944837408619984,1.2276803876689373,2.7250573642749476,0.814544249500274,0.9471313109302919,0,PASS
llama,offkd,80,E_math,14,mlp.up_proj,0.05,11,displacement_rank,/root/autodl-tmp/cycle09_stage4_state_displacement/cells/llama/offkd/step_080/E_math.L14.main.direction.pt,activation_conditioned_update_displacement_singular_values,128,0.04751629348705596,0.05286868906970804,0.0024837065129440436,0.0028686890697080386,0.0024837065129440436,1.2276803876689373,2.7250573642749476,0.814544249500274,0.9471313109302919,0,PASS
llama,offkd,80,E_math,14,mlp.up_proj,0.1,5,displacement_rank,/root/autodl-tmp/cycle09_stage4_state_displacement/cells/llama/offkd/step_080/E_math.L14.main.direction.pt,activation_conditioned_update_displacement_singular_values,128,0.09048245016170364,0.10268613203232875,0.009517549838296363,0.0026861320323287446,0.0026861320323287446,1.2276803876689373,2.7250573642749476,0.814544249500274,0.9471313109302919,0,PASS
llama,offkd,80,E_math,14,mlp.down_proj,0.01,24,displacement_rank,/root/autodl-tmp/cycle09_stage4_state_displacement/cells/llama/offkd/step_080/E_math.L14.main.direction.pt,activation_conditioned_update_displacement_singular_values,128,0.008885819793593576,0.010569051186354936,0.0011141802064064243,0.0005690511863549359,0.0005690511863549359,1.1934318205367243,2.520298076648117,0.8379196723196707,0.9483009312406252,0,PASS
llama,offkd,80,E_math,14,mlp.down_proj,0.025,17,displacement_rank,/root/autodl-tmp/cycle09_stage4_state_displacement/cells/llama/offkd/step_080/E_math.L14.main.direction.pt,activation_conditioned_update_displacement_singular_values,128,0.02439607039379313,0.027430024437705165,0.0006039296062068725,0.002430024437705163,0.0006039296062068725,1.1934318205367243,2.520298076648117,0.8379196723196707,0.9483009312406252,0,PASS
llama,offkd,80,E_math,14,mlp.down_proj,0.05,11,displacement_rank,/root/autodl-tmp/cycle09_stage4_state_displacement/cells/llama/offkd/step_080/E_math.L14.main.direction.pt,activation_conditioned_update_displacement_singular_values,128,0.04637419514597406,0.05169906875937469,0.0036258048540259435,0.0016990687593746862,0.0016990687593746862,1.1934318205367243,2.520298076648117,0.8379196723196707,0.9483009312406252,0,PASS
llama,offkd,80,E_math,14,mlp.down_proj,0.1,5,displacement_rank,/root/autodl-tmp/cycle09_stage4_state_displacement/cells/llama/offkd/step_080/E_math.L14.main.direction.pt,activation_conditioned_update_displacement_singular_values,128,0.09021353404941572,0.10070316244954663,0.009786465950584286,0.0007031624495466293,0.0007031624495466293,1.1934318205367243,2.520298076648117,0.8379196723196707,0.9483009312406252,0,PASS
llama,offkd,80,E_ood,14,self_attn.q_proj,0.01,26,displacement_rank,/root/autodl-tmp/cycle09_stage4_state_displacement/cells/llama/offkd/step_080/E_ood.L14.main.direction.pt,activation_conditioned_update_displacement_singular_values,128,0.00828236705203689,0.010251407931475125,0.001717632947963111,0.00025140793147512483,0.00025140793147512483,1.387054135637356,3.854944732999886,0.7209523942196363,0.9301642419338292,0,PASS
llama,offkd,80,E_ood,14,self_attn.q_proj,0.025,20,displacement_rank,/root/autodl-tmp/cycle09_stage4_state_displacement/cells/llama/offkd/step_080/E_ood.L14.main.direction.pt,activation_conditioned_update_displacement_singular_values,128,0.022128562937681326,0.025182049887790485,0.0028714370623186755,0.0001820498877904836,0.0001820498877904836,1.387054135637356,3.854944732999886,0.7209523942196363,0.9301642419338292,0,PASS
llama,offkd,80,E_ood,14,self_attn.q_proj,0.05,13,displacement_rank,/root/autodl-tmp/cycle09_stage4_state_displacement/cells/llama/offkd/step_080/E_ood.L14.main.direction.pt,activation_conditioned_update_displacement_singular_values,128,0.04985456126240416,0.05585118165266015,0.00014543873759584325,0.005851181652660145,0.00014543873759584325,1.387054135637356,3.854944732999886,0.7209523942196363,0.9301642419338292,0,PASS
llama,offkd,80,E_ood,14,self_attn.q_proj,0.1,7,displacement_rank,/root/autodl-tmp/cycle09_stage4_state_displacement/cells/llama/offkd/step_080/E_ood.L14.main.direction.pt,activation_conditioned_update_displacement_singular_values,128,0.09686234391735618,0.10847804919531207,0.003137656082643825,0.00847804919531206,0.003137656082643825,1.387054135637356,3.854944732999886,0.7209523942196363,0.9301642419338292,0,PASS
llama,offkd,80,E_ood,14,self_attn.k_proj,0.01,26,displacement_rank,/root/autodl-tmp/cycle09_stage4_state_displacement/cells/llama/offkd/step_080/E_ood.L14.main.direction.pt,activation_conditioned_update_displacement_singular_values,128,0.009279119333276024,0.011322313436403721,0.0007208806667239765,0.0013223134364037208,0.0007208806667239765,1.3312788290983841,3.7162415390253893,0.7511574421094456,0.9159128040563137,0,PASS
llama,offkd,80,E_ood,14,self_attn.k_proj,0.025,21,displacement_rank,/root/autodl-tmp/cycle09_stage4_state_displacement/cells/llama/offkd/step_080/E_ood.L14.main.direction.pt,activation_conditioned_update_displacement_singular_values,128,0.022604018809102473,0.025959813282875943,0.002395981190897529,0.0009598132828759418,0.0009598132828759418,1.3312788290983841,3.7162415390253893,0.7511574421094456,0.9159128040563137,0,PASS
llama,offkd,80,E_ood,14,self_attn.k_proj,0.05,15,displacement_rank,/root/autodl-tmp/cycle09_stage4_state_displacement/cells/llama/offkd/step_080/E_ood.L14.main.direction.pt,activation_conditioned_update_displacement_singular_values,128,0.04865251322819873,0.054498377250031746,0.0013474867718012706,0.004498377250031743,0.0013474867718012706,1.3312788290983841,3.7162415390253893,0.7511574421094456,0.9159128040563137,0,PASS
llama,offkd,80,E_ood,14,self_attn.k_proj,0.1,9,displacement_rank,/root/autodl-tmp/cycle09_stage4_state_displacement/cells/llama/offkd/step_080/E_ood.L14.main.direction.pt,activation_conditioned_update_displacement_singular_values,128,0.09397437963565461,0.10444424346279649,0.0060256203643453965,0.004444243462796482,0.004444243462796482,1.3312788290983841,3.7162415390253893,0.7511574421094456,0.9159128040563137,0,PASS
llama,offkd,80,E_ood,14,self_attn.v_proj,0.01,25,displacement_rank,/root/autodl-tmp/cycle09_stage4_state_displacement/cells/llama/offkd/step_080/E_ood.L14.main.direction.pt,activation_conditioned_update_displacement_singular_values,128,0.008521814896737109,0.010444835465117038,0.0014781851032628912,0.00044483546511703796,0.00044483546511703796,1.4250639598789234,4.083631189258612,0.7017228897466203,0.9317296455880093,0,PASS
llama,offkd,80,E_ood,14,self_attn.v_proj,0.025,19,displacement_rank,/root/autodl-tmp/cycle09_stage4_state_displacement/cells/llama/offkd/step_080/E_ood.L14.main.direction.pt,activation_conditioned_update_displacement_singular_values,128,0.022553350273999524,0.025521217319437985,0.002446649726000477,0.0005212173194379839,0.0005212173194379839,1.4250639598789234,4.083631189258612,0.7017228897466203,0.9317296455880093,0,PASS
llama,offkd,80,E_ood,14,self_attn.v_proj,0.05,13,displacement_rank,/root/autodl-tmp/cycle09_stage4_state_displacement/cells/llama/offkd/step_080/E_ood.L14.main.direction.pt,activation_conditioned_update_displacement_singular_values,128,0.04768958965301268,0.053701873802158864,0.0023104103469873197,0.0037018738021588615,0.0023104103469873197,1.4250639598789234,4.083631189258612,0.7017228897466203,0.9317296455880093,0,PASS
llama,offkd,80,E_ood,14,self_attn.v_proj,0.1,7,displacement_rank,/root/autodl-tmp/cycle09_stage4_state_displacement/cells/llama/offkd/step_080/E_ood.L14.main.direction.pt,activation_conditioned_update_displacement_singular_values,128,0.09455804780339953,0.10537029430805422,0.005441952196600472,0.005370294308054219,0.005370294308054219,1.4250639598789234,4.083631189258612,0.7017228897466203,0.9317296455880093,0,PASS
llama,offkd,80,E_ood,14,self_attn.o_proj,0.01,26,displacement_rank,/root/autodl-tmp/cycle09_stage4_state_displacement/cells/llama/offkd/step_080/E_ood.L14.main.direction.pt,activation_conditioned_update_displacement_singular_values,128,0.009940825857350087,0.012574815980390737,5.9174142649913095e-05,0.0025748159803907367,5.9174142649913095e-05,1.5103425413955323,4.997155043275147,0.6621014588359645,0.9014373901848096,0,PASS
llama,offkd,80,E_ood,14,self_attn.o_proj,0.025,22,displacement_rank,/root/autodl-tmp/cycle09_stage4_state_displacement/cells/llama/offkd/step_080/E_ood.L14.main.direction.pt,activation_conditioned_update_displacement_singular_values,128,0.022271376549847413,0.02625737210776107,0.0027286234501525883,0.001257372107761067,0.001257372107761067,1.5103425413955323,4.997155043275147,0.6621014588359645,0.9014373901848096,0,PASS
llama,offkd,80,E_ood,14,self_attn.o_proj,0.05,17,displacement_rank,/root/autodl-tmp/cycle09_stage4_state_displacement/cells/llama/offkd/step_080/E_ood.L14.main.direction.pt,activation_conditioned_update_displacement_singular_values,128,0.04487912838901898,0.05012508548331632,0.005120871610981022,0.00012508548331631453,0.00012508548331631453,1.5103425413955323,4.997155043275147,0.6621014588359645,0.9014373901848096,0,PASS
llama,offkd,80,E_ood,14,self_attn.o_proj,0.1,10,displacement_rank,/root/autodl-tmp/cycle09_stage4_state_displacement/cells/llama/offkd/step_080/E_ood.L14.main.direction.pt,activation_conditioned_update_displacement_singular_values,128,0.09856260981519038,0.1103188557440271,0.0014373901848096227,0.010318855744027092,0.0014373901848096227,1.5103425413955323,4.997155043275147,0.6621014588359645,0.9014373901848096,0,PASS
llama,offkd,80,E_ood,14,mlp.gate_proj,0.01,18,displacement_rank,/root/autodl-tmp/cycle09_stage4_state_displacement/cells/llama/offkd/step_080/E_ood.L14.main.direction.pt,activation_conditioned_update_displacement_singular_values,128,0.009855396434314774,0.010950496583507793,0.00014460356568522618,0.0009504965835077928,0.00014460356568522618,1.0720574387971311,1.5571923132762246,0.9327858413276988,0.978430835780526,0,PASS
llama,offkd,80,E_ood,14,mlp.gate_proj,0.025,9,displacement_rank,/root/autodl-tmp/cycle09_stage4_state_displacement/cells/llama/offkd/step_080/E_ood.L14.main.direction.pt,activation_conditioned_update_displacement_singular_values,128,0.02362181163130805,0.025775986226043598,0.001378188368691951,0.0007759862260435964,0.0007759862260435964,1.0720574387971311,1.5571923132762246,0.9327858413276988,0.978430835780526,0,PASS
llama,offkd,80,E_ood,14,mlp.gate_proj,0.05,3,displacement_rank,/root/autodl-tmp/cycle09_stage4_state_displacement/cells/llama/offkd/step_080/E_ood.L14.main.direction.pt,activation_conditioned_update_displacement_singular_values,128,0.043874608306064745,0.05438630040443783,0.006125391693935257,0.004386300404437826,0.004386300404437826,1.0720574387971311,1.5571923132762246,0.9327858413276988,0.978430835780526,0,PASS
llama,offkd,80,E_ood,14,mlp.gate_proj,0.1,1,displacement_rank,/root/autodl-tmp/cycle09_stage4_state_displacement/cells/llama/offkd/step_080/E_ood.L14.main.direction.pt,activation_conditioned_update_displacement_singular_values,128,0.0672141586723012,1.0000000000000002,0.03278584132769881,0.9000000000000002,0.03278584132769881,1.0720574387971311,1.5571923132762246,0.9327858413276988,0.978430835780526,0,PASS
llama,offkd,80,E_ood,14,mlp.up_proj,0.01,27,displacement_rank,/root/autodl-tmp/cycle09_stage4_state_displacement/cells/llama/offkd/step_080/E_ood.L14.main.direction.pt,activation_conditioned_update_displacement_singular_values,128,0.008916839238992502,0.011205861971110571,0.001083160761007498,0.0012058619711105712,0.001083160761007498,1.391003156300301,4.094674962710107,0.7189056297037704,0.9141992400512081,0,PASS
llama,offkd,80,E_ood,14,mlp.up_proj,0.025,22,displacement_rank,/root/autodl-tmp/cycle09_stage4_state_displacement/cells/llama/offkd/step_080/E_ood.L14.main.direction.pt,activation_conditioned_update_displacement_singular_values,128,0.022592299284052778,0.025963092973341585,0.002407700715947224,0.0009630929733415831,0.0009630929733415831,1.391003156300301,4.094674962710107,0.7189056297037704,0.9141992400512081,0,PASS
llama,offkd,80,E_ood,14,mlp.up_proj,0.05,16,displacement_rank,/root/autodl-tmp/cycle09_stage4_state_displacement/cells/llama/offkd/step_080/E_ood.L14.main.direction.pt,activation_conditioned_update_displacement_singular_values,128,0.046756962014472325,0.052173493734018916,0.0032430379855276775,0.0021734937340189137,0.0021734937340189137,1.391003156300301,4.094674962710107,0.7189056297037704,0.9141992400512081,0,PASS
llama,offkd,80,E_ood,14,mlp.up_proj,0.1,9,displacement_rank,/root/autodl-tmp/cycle09_stage4_state_displacement/cells/llama/offkd/step_080/E_ood.L14.main.direction.pt,activation_conditioned_update_displacement_singular_values,128,0.09480851872770296,0.10484896309636768,0.005191481272297044,0.0048489630963676755,0.0048489630963676755,1.391003156300301,4.094674962710107,0.7189056297037704,0.9141992400512081,0,PASS
llama,offkd,80,E_ood,14,mlp.down_proj,0.01,25,displacement_rank,/root/autodl-tmp/cycle09_stage4_state_displacement/cells/llama/offkd/step_080/E_ood.L14.main.direction.pt,activation_conditioned_update_displacement_singular_values,128,0.008633231790212359,0.010298584506554024,0.0013667682097876412,0.00029858450655402373,0.00029858450655402373,1.1809670743632439,2.438074805607284,0.8467636581139926,0.9485877582554011,0,PASS
llama,offkd,80,E_ood,14,mlp.down_proj,0.025,18,displacement_rank,/root/autodl-tmp/cycle09_stage4_state_displacement/cells/llama/offkd/step_080/E_ood.L14.main.direction.pt,activation_conditioned_update_displacement_singular_values,128,0.023058836358137404,0.025772552007120718,0.001941163641862597,0.0007725520071207165,0.0007725520071207165,1.1809670743632439,2.438074805607284,0.8467636581139926,0.9485877582554011,0,PASS
llama,offkd,80,E_ood,14,mlp.down_proj,0.05,11,displacement_rank,/root/autodl-tmp/cycle09_stage4_state_displacement/cells/llama/offkd/step_080/E_ood.L14.main.direction.pt,activation_conditioned_update_displacement_singular_values,128,0.0469850913584672,0.05141224174459885,0.0030149086415328027,0.0014122417445988494,0.0014122417445988494,1.1809670743632439,2.438074805607284,0.8467636581139926,0.9485877582554011,0,PASS
llama,offkd,80,E_ood,14,mlp.down_proj,0.1,4,displacement_rank,/root/autodl-tmp/cycle09_stage4_state_displacement/cells/llama/offkd/step_080/E_ood.L14.main.direction.pt,activation_conditioned_update_displacement_singular_values,128,0.09841642975068571,0.11202301564134595,0.0015835702493142978,0.012023015641345947,0.0015835702493142978,1.1809670743632439,2.438074805607284,0.8467636581139926,0.9485877582554011,0,PASS
llama,offkd,80,E_if,14,self_attn.q_proj,0.01,27,displacement_rank,/root/autodl-tmp/cycle09_stage4_state_displacement/cells/llama/offkd/step_080/E_if.L14.main.direction.pt,activation_conditioned_update_displacement_singular_values,128,0.00826964241022386,0.010577957504458424,0.0017303575897761395,0.0005779575044584234,0.0005779575044584234,1.4272271602710125,4.3034206858158806,0.7006593118716383,0.9187024657417369,0,PASS
llama,offkd,80,E_if,14,self_attn.q_proj,0.025,21,displacement_rank,/root/autodl-tmp/cycle09_stage4_state_displacement/cells/llama/offkd/step_080/E_if.L14.main.direction.pt,activation_conditioned_update_displacement_singular_values,128,0.023779362631115103,0.027319479058442515,0.0012206373688848984,0.002319479058442514,0.0012206373688848984,1.4272271602710125,4.3034206858158806,0.7006593118716383,0.9187024657417369,0,PASS
llama,offkd,80,E_if,14,self_attn.q_proj,0.05,15,displacement_rank,/root/autodl-tmp/cycle09_stage4_state_displacement/cells/llama/offkd/step_080/E_if.L14.main.direction.pt,activation_conditioned_update_displacement_singular_values,128,0.04859710588207264,0.05368603486278272,0.001402894117927364,0.003686034862782718,0.001402894117927364,1.4272271602710125,4.3034206858158806,0.7006593118716383,0.9187024657417369,0,PASS
llama,offkd,80,E_if,14,self_attn.q_proj,0.1,9,displacement_rank,/root/autodl-tmp/cycle09_stage4_state_displacement/cells/llama/offkd/step_080/E_if.L14.main.direction.pt,activation_conditioned_update_displacement_singular_values,128,0.09052313260664498,0.1009414769298906,0.009476867393355029,0.0009414769298905917,0.0009414769298905917,1.4272271602710125,4.3034206858158806,0.7006593118716383,0.9187024657417369,0,PASS
llama,offkd,80,E_if,14,self_attn.k_proj,0.01,27,displacement_rank,/root/autodl-tmp/cycle09_stage4_state_displacement/cells/llama/offkd/step_080/E_if.L14.main.direction.pt,activation_conditioned_update_displacement_singular_values,128,0.008744996282988172,0.011225633376206965,0.0012550037170118277,0.0012256333762069652,0.0012256333762069652,1.37882694812286,4.2014699650711576,0.7252541744715706,0.899016831918729,0,PASS
llama,offkd,80,E_if,14,self_attn.k_proj,0.025,22,displacement_rank,/root/autodl-tmp/cycle09_stage4_state_displacement/cells/llama/offkd/step_080/E_if.L14.main.direction.pt,activation_conditioned_update_displacement_singular_values,128,0.02339666023389233,0.02707735562992041,0.0016033397661076726,0.002077355629920407,0.0016033397661076726,1.37882694812286,4.2014699650711576,0.7252541744715706,0.899016831918729,0,PASS
llama,offkd,80,E_if,14,self_attn.k_proj,0.05,17,displacement_rank,/root/autodl-tmp/cycle09_stage4_state_displacement/cells/llama/offkd/step_080/E_if.L14.main.direction.pt,activation_conditioned_update_displacement_singular_values,128,0.045351967811430915,0.05120331942646972,0.004648032188569087,0.001203319426469715,0.001203319426469715,1.37882694812286,4.2014699650711576,0.7252541744715706,0.899016831918729,0,PASS
llama,offkd,80,E_if,14,self_attn.k_proj,0.1,11,displacement_rank,/root/autodl-tmp/cycle09_stage4_state_displacement/cells/llama/offkd/step_080/E_if.L14.main.direction.pt,activation_conditioned_update_displacement_singular_values,128,0.09030503361576814,0.10098316808127138,0.009694966384231868,0.0009831680812713711,0.0009831680812713711,1.37882694812286,4.2014699650711576,0.7252541744715706,0.899016831918729,0,PASS
llama,offkd,80,E_if,14,self_attn.v_proj,0.01,24,displacement_rank,/root/autodl-tmp/cycle09_stage4_state_displacement/cells/llama/offkd/step_080/E_if.L14.main.direction.pt,activation_conditioned_update_displacement_singular_values,128,0.009896577470839,0.011781675801685858,0.00010342252916100032,0.0017816758016858582,0.00010342252916100032,1.3157369960376653,3.3898947859526207,0.7600303122975903,0.9368233116765884,0,PASS
llama,offkd,80,E_if,14,self_attn.v_proj,0.025,18,displacement_rank,/root/autodl-tmp/cycle09_stage4_state_displacement/cells/llama/offkd/step_080/E_if.L14.main.direction.pt,activation_conditioned_update_displacement_singular_values,128,0.024652476467464983,0.027878734425429166,0.00034752353253501844,0.002878734425429165,0.00034752353253501844,1.3157369960376653,3.3898947859526207,0.7600303122975903,0.9368233116765884,0,PASS
llama,offkd,80,E_if,14,self_attn.v_proj,0.05,13,displacement_rank,/root/autodl-tmp/cycle09_stage4_state_displacement/cells/llama/offkd/step_080/E_if.L14.main.direction.pt,activation_conditioned_update_displacement_singular_values,128,0.044902111480354556,0.05042609792851513,0.0050978885196454465,0.0004260979285151262,0.0004260979285151262,1.3157369960376653,3.3898947859526207,0.7600303122975903,0.9368233116765884,0,PASS
llama,offkd,80,E_if,14,self_attn.v_proj,0.1,6,displacement_rank,/root/autodl-tmp/cycle09_stage4_state_displacement/cells/llama/offkd/step_080/E_if.L14.main.direction.pt,activation_conditioned_update_displacement_singular_values,128,0.09880423976397264,0.11094446406538275,0.0011957602360273684,0.010944464065382742,0.0011957602360273684,1.3157369960376653,3.3898947859526207,0.7600303122975903,0.9368233116765884,0,PASS
llama,offkd,80,E_if,14,self_attn.o_proj,0.01,28,displacement_rank,/root/autodl-tmp/cycle09_stage4_state_displacement/cells/llama/offkd/step_080/E_if.L14.main.direction.pt,activation_conditioned_update_displacement_singular_values,128,0.009448336571299615,0.01271378470845134,0.0005516634287003851,0.0027137847084513396,0.0005516634287003851,2.957135936117632,10.427167912207354,0.33816504266384223,0.8444187146125118,0,PASS
llama,offkd,80,E_if,14,self_attn.o_proj,0.025,25,displacement_rank,/root/autodl-tmp/cycle09_stage4_state_displacement/cells/llama/offkd/step_080/E_if.L14.main.direction.pt,activation_conditioned_update_displacement_singular_values,128,0.02130223786457322,0.026196672617050287,0.003697762135426781,0.0011966726170502852,0.0011966726170502852,2.957135936117632,10.427167912207354,0.33816504266384223,0.8444187146125118,0,PASS
llama,offkd,80,E_if,14,self_attn.o_proj,0.05,21,displacement_rank,/root/autodl-tmp/cycle09_stage4_state_displacement/cells/llama/offkd/step_080/E_if.L14.main.direction.pt,activation_conditioned_update_displacement_singular_values,128,0.04352842621342816,0.05026936814661886,0.006471573786571844,0.00026936814661885494,0.00026936814661885494,2.957135936117632,10.427167912207354,0.33816504266384223,0.8444187146125118,0,PASS
llama,offkd,80,E_if,14,self_attn.o_proj,0.1,14,displacement_rank,/root/autodl-tmp/cycle09_stage4_state_displacement/cells/llama/offkd/step_080/E_if.L14.main.direction.pt,activation_conditioned_update_displacement_singular_values,128,0.09950704455644867,0.11108176347220722,0.0004929554435513378,0.011081763472207212,0.0004929554435513378,2.957135936117632,10.427167912207354,0.33816504266384223,0.8444187146125118,0,PASS
llama,offkd,80,E_if,14,mlp.gate_proj,0.01,19,displacement_rank,/root/autodl-tmp/cycle09_stage4_state_displacement/cells/llama/offkd/step_080/E_if.L14.main.direction.pt,activation_conditioned_update_displacement_singular_values,128,0.009380617099745775,0.010473339136000242,0.0006193829002542253,0.000473339136000242,0.000473339136000242,1.0714508063429835,1.564483678886905,0.9333139646542845,0.9767743787190705,0,PASS
llama,offkd,80,E_if,14,mlp.gate_proj,0.025,10,displacement_rank,/root/autodl-tmp/cycle09_stage4_state_displacement/cells/llama/offkd/step_080/E_if.L14.main.direction.pt,activation_conditioned_update_displacement_singular_values,128,0.023225621280929577,0.02563944549311017,0.0017743787190704248,0.0006394454931101697,0.0006394454931101697,1.0714508063429835,1.564483678886905,0.9333139646542845,0.9767743787190705,0,PASS
llama,offkd,80,E_if,14,mlp.gate_proj,0.05,3,displacement_rank,/root/autodl-tmp/cycle09_stage4_state_displacement/cells/llama/offkd/step_080/E_if.L14.main.direction.pt,activation_conditioned_update_displacement_singular_values,128,0.048658665570932826,0.056302178727356544,0.0013413344290671772,0.006302178727356542,0.0013413344290671772,1.0714508063429835,1.564483678886905,0.9333139646542845,0.9767743787190705,0,PASS
llama,offkd,80,E_if,14,mlp.gate_proj,0.1,1,displacement_rank,/root/autodl-tmp/cycle09_stage4_state_displacement/cells/llama/offkd/step_080/E_if.L14.main.direction.pt,activation_conditioned_update_displacement_singular_values,128,0.06668603534571549,0.9999999999999999,0.03331396465428452,0.8999999999999999,0.03331396465428452,1.0714508063429835,1.564483678886905,0.9333139646542845,0.9767743787190705,0,PASS
llama,offkd,80,E_if,14,mlp.up_proj,0.01,26,displacement_rank,/root/autodl-tmp/cycle09_stage4_state_displacement/cells/llama/offkd/step_080/E_if.L14.main.direction.pt,activation_conditioned_update_displacement_singular_values,128,0.009621221142736034,0.011756336197107944,0.00037877885726396616,0.0017563361971079435,0.00037877885726396616,1.2632164694015964,3.127357773031477,0.7916299575113316,0.9278145988756934,0,PASS
llama,offkd,80,E_if,14,mlp.up_proj,0.025,21,displacement_rank,/root/autodl-tmp/cycle09_stage4_state_displacement/cells/llama/offkd/step_080/E_if.L14.main.direction.pt,activation_conditioned_update_displacement_singular_values,128,0.02219599288049257,0.02518954595760191,0.0028040071195074324,0.00018954595760191026,0.00018954595760191026,1.2632164694015964,3.127357773031477,0.7916299575113316,0.9278145988756934,0,PASS
llama,offkd,80,E_if,14,mlp.up_proj,0.05,14,displacement_rank,/root/autodl-tmp/cycle09_stage4_state_displacement/cells/llama/offkd/step_080/E_if.L14.main.direction.pt,activation_conditioned_update_displacement_singular_values,128,0.049041141143431846,0.05359121722544873,0.0009588588565681566,0.00359121722544873,0.0009588588565681566,1.2632164694015964,3.127357773031477,0.7916299575113316,0.9278145988756934,0,PASS
llama,offkd,80,E_if,14,mlp.up_proj,0.1,7,displacement_rank,/root/autodl-tmp/cycle09_stage4_state_displacement/cells/llama/offkd/step_080/E_if.L14.main.direction.pt,activation_conditioned_update_displacement_singular_values,128,0.09657056444899673,0.10711964137128425,0.0034294355510032792,0.007119641371284249,0.0034294355510032792,1.2632164694015964,3.127357773031477,0.7916299575113316,0.9278145988756934,0,PASS
llama,offkd,80,E_if,14,mlp.down_proj,0.01,25,displacement_rank,/root/autodl-tmp/cycle09_stage4_state_displacement/cells/llama/offkd/step_080/E_if.L14.main.direction.pt,activation_conditioned_update_displacement_singular_values,128,0.008871673585766987,0.010648867204746164,0.0011283264142330132,0.0006488672047461636,0.0006488672047461636,1.1782252798888508,2.4228716763032927,0.8487341233200633,0.9463259302623115,0,PASS
llama,offkd,80,E_if,14,mlp.down_proj,0.025,18,displacement_rank,/root/autodl-tmp/cycle09_stage4_state_displacement/cells/llama/offkd/step_080/E_if.L14.main.direction.pt,activation_conditioned_update_displacement_singular_values,128,0.023675850544607795,0.02635926011890544,0.0013241494553922067,0.0013592601189054386,0.0013241494553922067,1.1782252798888508,2.4228716763032927,0.8487341233200633,0.9463259302623115,0,PASS
llama,offkd,80,E_if,14,mlp.down_proj,0.05,11,displacement_rank,/root/autodl-tmp/cycle09_stage4_state_displacement/cells/llama/offkd/step_080/E_if.L14.main.direction.pt,activation_conditioned_update_displacement_singular_values,128,0.04867643869062562,0.053674069737688936,0.0013235613093743812,0.003674069737688933,0.0013235613093743812,1.1782252798888508,2.4228716763032927,0.8487341233200633,0.9463259302623115,0,PASS
llama,offkd,80,E_if,14,mlp.down_proj,0.1,4,displacement_rank,/root/autodl-tmp/cycle09_stage4_state_displacement/cells/llama/offkd/step_080/E_if.L14.main.direction.pt,activation_conditioned_update_displacement_singular_values,128,0.09564782439022082,0.1118320961131464,0.004352175609779185,0.011832096113146395,0.004352175609779185,1.1782252798888508,2.4228716763032927,0.8487341233200633,0.9463259302623115,0,PASS
llama,seqkd,20,E_general,14,self_attn.q_proj,0.01,29,displacement_rank,/root/autodl-tmp/cycle09_stage4_state_displacement/cells/llama/seqkd/step_020/E_general.L14.main.direction.pt,activation_conditioned_update_displacement_singular_values,128,0.0081698969404736,0.011694324579615204,0.0018301030595264008,0.0016943245796152036,0.0016943245796152036,2.0538432220235103,8.60195457743714,0.4868920807961032,0.851991086581932,0,PASS
llama,seqkd,20,E_general,14,self_attn.q_proj,0.025,25,displacement_rank,/root/autodl-tmp/cycle09_stage4_state_displacement/cells/llama/seqkd/step_020/E_general.L14.main.direction.pt,activation_conditioned_update_displacement_singular_values,128,0.023602701157792057,0.028290167803748132,0.001397298842207944,0.0032901678037481306,0.001397298842207944,2.0538432220235103,8.60195457743714,0.4868920807961032,0.851991086581932,0,PASS
llama,seqkd,20,E_general,14,self_attn.q_proj,0.05,21,displacement_rank,/root/autodl-tmp/cycle09_stage4_state_displacement/cells/llama/seqkd/step_020/E_general.L14.main.direction.pt,activation_conditioned_update_displacement_singular_values,128,0.04549996508628711,0.05159908870629553,0.00450003491371289,0.0015990887062955275,0.0015990887062955275,2.0538432220235103,8.60195457743714,0.4868920807961032,0.851991086581932,0,PASS
llama,seqkd,20,E_general,14,self_attn.q_proj,0.1,14,displacement_rank,/root/autodl-tmp/cycle09_stage4_state_displacement/cells/llama/seqkd/step_020/E_general.L14.main.direction.pt,activation_conditioned_update_displacement_singular_values,128,0.09800658983530859,0.10870644300267429,0.0019934101646914143,0.008706443002674286,0.0019934101646914143,2.0538432220235103,8.60195457743714,0.4868920807961032,0.851991086581932,0,PASS
llama,seqkd,20,E_general,14,self_attn.k_proj,0.01,29,displacement_rank,/root/autodl-tmp/cycle09_stage4_state_displacement/cells/llama/seqkd/step_020/E_general.L14.main.direction.pt,activation_conditioned_update_displacement_singular_values,128,0.008013883894766063,0.011363441307172222,0.0019861161052339375,0.0013634413071722216,0.0013634413071722216,1.6739276299702792,6.796496541366061,0.5973973916768165,0.8541064604452303,0,PASS
llama,seqkd,20,E_general,14,self_attn.k_proj,0.025,25,displacement_rank,/root/autodl-tmp/cycle09_stage4_state_displacement/cells/llama/seqkd/step_020/E_general.L14.main.direction.pt,activation_conditioned_update_displacement_singular_values,128,0.022888691304619846,0.027146900749398874,0.0021113086953801555,0.002146900749398873,0.0021113086953801555,1.6739276299702792,6.796496541366061,0.5973973916768165,0.8541064604452303,0,PASS
llama,seqkd,20,E_general,14,self_attn.k_proj,0.05,20,displacement_rank,/root/autodl-tmp/cycle09_stage4_state_displacement/cells/llama/seqkd/step_020/E_general.L14.main.direction.pt,activation_conditioned_update_displacement_singular_values,128,0.04891728841075741,0.055500034844707835,0.0010827115892425923,0.005500034844707832,0.0010827115892425923,1.6739276299702792,6.796496541366061,0.5973973916768165,0.8541064604452303,0,PASS
llama,seqkd,20,E_general,14,self_attn.k_proj,0.1,14,displacement_rank,/root/autodl-tmp/cycle09_stage4_state_displacement/cells/llama/seqkd/step_020/E_general.L14.main.direction.pt,activation_conditioned_update_displacement_singular_values,128,0.09582817241289512,0.10679924960024702,0.0041718275871048816,0.006799249600247012,0.0041718275871048816,1.6739276299702792,6.796496541366061,0.5973973916768165,0.8541064604452303,0,PASS
llama,seqkd,20,E_general,14,self_attn.v_proj,0.01,26,displacement_rank,/root/autodl-tmp/cycle09_stage4_state_displacement/cells/llama/seqkd/step_020/E_general.L14.main.direction.pt,activation_conditioned_update_displacement_singular_values,128,0.008459829109358177,0.010276292045106878,0.0015401708906418229,0.00027629204510687747,0.00027629204510687747,1.3863460728055659,3.803613355758415,0.7213206136735307,0.9344117229990542,0,PASS
llama,seqkd,20,E_general,14,self_attn.v_proj,0.025,19,displacement_rank,/root/autodl-tmp/cycle09_stage4_state_displacement/cells/llama/seqkd/step_020/E_general.L14.main.direction.pt,activation_conditioned_update_displacement_singular_values,128,0.024847993469918044,0.02805837873039471,0.00015200653008195716,0.003058378730394707,0.00015200653008195716,1.3863460728055659,3.803613355758415,0.7213206136735307,0.9344117229990542,0,PASS
llama,seqkd,20,E_general,14,self_attn.v_proj,0.05,13,displacement_rank,/root/autodl-tmp/cycle09_stage4_state_displacement/cells/llama/seqkd/step_020/E_general.L14.main.direction.pt,activation_conditioned_update_displacement_singular_values,128,0.04822709679481586,0.05362369200169594,0.0017729032051841398,0.00362369200169594,0.0017729032051841398,1.3863460728055659,3.803613355758415,0.7213206136735307,0.9344117229990542,0,PASS
llama,seqkd,20,E_general,14,self_attn.v_proj,0.1,6,displacement_rank,/root/autodl-tmp/cycle09_stage4_state_displacement/cells/llama/seqkd/step_020/E_general.L14.main.direction.pt,activation_conditioned_update_displacement_singular_values,128,0.09865290776369559,0.11125166641895334,0.0013470922363044147,0.011251666418953338,0.0013470922363044147,1.3863460728055659,3.803613355758415,0.7213206136735307,0.9344117229990542,0,PASS
llama,seqkd,20,E_general,14,self_attn.o_proj,0.01,28,displacement_rank,/root/autodl-tmp/cycle09_stage4_state_displacement/cells/llama/seqkd/step_020/E_general.L14.main.direction.pt,activation_conditioned_update_displacement_singular_values,128,0.009197252458590125,0.012481267080599318,0.0008027475414098748,0.0024812670805993177,0.0008027475414098748,2.014849021840012,8.481064911689844,0.4963151030972903,0.8567352142301679,0,PASS
llama,seqkd,20,E_general,14,self_attn.o_proj,0.025,24,displacement_rank,/root/autodl-tmp/cycle09_stage4_state_displacement/cells/llama/seqkd/step_020/E_general.L14.main.direction.pt,activation_conditioned_update_displacement_singular_values,128,0.024408002692670027,0.029140733162067174,0.0005919973073299743,0.004140733162067173,0.0005919973073299743,2.014849021840012,8.481064911689844,0.4963151030972903,0.8567352142301679,0,PASS
llama,seqkd,20,E_general,14,self_attn.o_proj,0.05,20,displacement_rank,/root/autodl-tmp/cycle09_stage4_state_displacement/cells/llama/seqkd/step_020/E_general.L14.main.direction.pt,activation_conditioned_update_displacement_singular_values,128,0.04497844925736916,0.051252083857688174,0.005021550742630845,0.0012520838576881715,0.0012520838576881715,2.014849021840012,8.481064911689844,0.4963151030972903,0.8567352142301679,0,PASS
llama,seqkd,20,E_general,14,self_attn.o_proj,0.1,14,displacement_rank,/root/autodl-tmp/cycle09_stage4_state_displacement/cells/llama/seqkd/step_020/E_general.L14.main.direction.pt,activation_conditioned_update_displacement_singular_values,128,0.0904139793873713,0.10095307738610046,0.009586020612628712,0.0009530773861004538,0.0009530773861004538,2.014849021840012,8.481064911689844,0.4963151030972903,0.8567352142301679,0,PASS
llama,seqkd,20,E_general,14,mlp.gate_proj,0.01,29,displacement_rank,/root/autodl-tmp/cycle09_stage4_state_displacement/cells/llama/seqkd/step_020/E_general.L14.main.direction.pt,activation_conditioned_update_displacement_singular_values,128,0.007666072193656822,0.011023559497585536,0.0023339278063431784,0.0010235594975855355,0.0010235594975855355,1.4741021258716762,5.051351391281357,0.6783790501683682,0.8790080794667005,0,PASS
llama,seqkd,20,E_general,14,mlp.gate_proj,0.025,25,displacement_rank,/root/autodl-tmp/cycle09_stage4_state_displacement/cells/llama/seqkd/step_020/E_general.L14.main.direction.pt,activation_conditioned_update_displacement_singular_values,128,0.022378713981653642,0.026703462008591732,0.0026212860183463596,0.0017034620085917308,0.0017034620085917308,1.4741021258716762,5.051351391281357,0.6783790501683682,0.8790080794667005,0,PASS
llama,seqkd,20,E_general,14,mlp.gate_proj,0.05,20,displacement_rank,/root/autodl-tmp/cycle09_stage4_state_displacement/cells/llama/seqkd/step_020/E_general.L14.main.direction.pt,activation_conditioned_update_displacement_singular_values,128,0.04720894745142044,0.05303065834757358,0.002791052548579566,0.0030306583475735796,0.002791052548579566,1.4741021258716762,5.051351391281357,0.6783790501683682,0.8790080794667005,0,PASS
llama,seqkd,20,E_general,14,mlp.gate_proj,0.1,13,displacement_rank,/root/autodl-tmp/cycle09_stage4_state_displacement/cells/llama/seqkd/step_020/E_general.L14.main.direction.pt,activation_conditioned_update_displacement_singular_values,128,0.09407657264398953,0.10235899216645328,0.00592342735601048,0.002358992166453272,0.002358992166453272,1.4741021258716762,5.051351391281357,0.6783790501683682,0.8790080794667005,0,PASS
llama,seqkd,20,E_general,14,mlp.up_proj,0.01,29,displacement_rank,/root/autodl-tmp/cycle09_stage4_state_displacement/cells/llama/seqkd/step_020/E_general.L14.main.direction.pt,activation_conditioned_update_displacement_singular_values,128,0.00819294713522552,0.011561275027688092,0.0018070528647744794,0.0015612750276880923,0.0015612750276880923,1.618243087748011,6.181944981084541,0.6179541303597508,0.8661565409355314,0,PASS
llama,seqkd,20,E_general,14,mlp.up_proj,0.025,25,displacement_rank,/root/autodl-tmp/cycle09_stage4_state_displacement/cells/llama/seqkd/step_020/E_general.L14.main.direction.pt,activation_conditioned_update_displacement_singular_values,128,0.02372707933813135,0.028636739505642165,0.0012729206618686505,0.0036367395056421635,0.0012729206618686505,1.618243087748011,6.181944981084541,0.6179541303597508,0.8661565409355314,0,PASS
llama,seqkd,20,E_general,14,mlp.up_proj,0.05,21,displacement_rank,/root/autodl-tmp/cycle09_stage4_state_displacement/cells/llama/seqkd/step_020/E_general.L14.main.direction.pt,activation_conditioned_update_displacement_singular_values,128,0.04462188167214987,0.05036964299401908,0.00537811832785013,0.00036964299401907874,0.00036964299401907874,1.618243087748011,6.181944981084541,0.6179541303597508,0.8661565409355314,0,PASS
llama,seqkd,20,E_general,14,mlp.up_proj,0.1,14,displacement_rank,/root/autodl-tmp/cycle09_stage4_state_displacement/cells/llama/seqkd/step_020/E_general.L14.main.direction.pt,activation_conditioned_update_displacement_singular_values,128,0.09349780420435094,0.10253293552973858,0.006502195795649063,0.0025329355297385725,0.0025329355297385725,1.618243087748011,6.181944981084541,0.6179541303597508,0.8661565409355314,0,PASS
llama,seqkd,20,E_general,14,mlp.down_proj,0.01,29,displacement_rank,/root/autodl-tmp/cycle09_stage4_state_displacement/cells/llama/seqkd/step_020/E_general.L14.main.direction.pt,activation_conditioned_update_displacement_singular_values,128,0.008797520859767852,0.012012399429997106,0.0012024791402321482,0.0020123994299971054,0.0012024791402321482,1.5228277891046005,5.524935275677425,0.6566730704251101,0.8685590865814616,0,PASS
llama,seqkd,20,E_general,14,mlp.down_proj,0.025,25,displacement_rank,/root/autodl-tmp/cycle09_stage4_state_displacement/cells/llama/seqkd/step_020/E_general.L14.main.direction.pt,activation_conditioned_update_displacement_singular_values,128,0.024166815203646653,0.028657257173295078,0.0008331847963533486,0.0036572571732950768,0.0008331847963533486,1.5228277891046005,5.524935275677425,0.6566730704251101,0.8685590865814616,0,PASS
llama,seqkd,20,E_general,14,mlp.down_proj,0.05,20,displacement_rank,/root/autodl-tmp/cycle09_stage4_state_displacement/cells/llama/seqkd/step_020/E_general.L14.main.direction.pt,activation_conditioned_update_displacement_singular_values,128,0.04899444790313946,0.05493645974882107,0.0010055520968605403,0.004936459748821065,0.0010055520968605403,1.5228277891046005,5.524935275677425,0.6566730704251101,0.8685590865814616,0,PASS
llama,seqkd,20,E_general,14,mlp.down_proj,0.1,13,displacement_rank,/root/autodl-tmp/cycle09_stage4_state_displacement/cells/llama/seqkd/step_020/E_general.L14.main.direction.pt,activation_conditioned_update_displacement_singular_values,128,0.09988521912211071,0.10943761758131955,0.0001147808778892978,0.009437617581319543,0.0001147808778892978,1.5228277891046005,5.524935275677425,0.6566730704251101,0.8685590865814616,0,PASS
llama,seqkd,20,E_math,14,self_attn.q_proj,0.01,27,displacement_rank,/root/autodl-tmp/cycle09_stage4_state_displacement/cells/llama/seqkd/step_020/E_math.L14.main.direction.pt,activation_conditioned_update_displacement_singular_values,128,0.008922629122691629,0.011399312947195851,0.0010773708773083712,0.001399312947195851,0.0010773708773083712,1.5972117752761195,5.446850048474425,0.6260910515934083,0.9013863556978878,0,PASS
llama,seqkd,20,E_math,14,self_attn.q_proj,0.025,22,displacement_rank,/root/autodl-tmp/cycle09_stage4_state_displacement/cells/llama/seqkd/step_020/E_math.L14.main.direction.pt,activation_conditioned_update_displacement_singular_values,128,0.0235904735427218,0.02709054001385653,0.0014095264572782026,0.002090540013856529,0.0014095264572782026,1.5972117752761195,5.446850048474425,0.6260910515934083,0.9013863556978878,0,PASS
llama,seqkd,20,E_math,14,self_attn.q_proj,0.05,17,displacement_rank,/root/autodl-tmp/cycle09_stage4_state_displacement/cells/llama/seqkd/step_020/E_math.L14.main.direction.pt,activation_conditioned_update_displacement_singular_values,128,0.04555499932300069,0.05107034828431052,0.004445000676999315,0.0010703482843105183,0.0010703482843105183,1.5972117752761195,5.446850048474425,0.6260910515934083,0.9013863556978878,0,PASS
llama,seqkd,20,E_math,14,self_attn.q_proj,0.1,10,displacement_rank,/root/autodl-tmp/cycle09_stage4_state_displacement/cells/llama/seqkd/step_020/E_math.L14.main.direction.pt,activation_conditioned_update_displacement_singular_values,128,0.09861364430211242,0.10994358087778326,0.0013863556978875868,0.009943580877783256,0.0013863556978875868,1.5972117752761195,5.446850048474425,0.6260910515934083,0.9013863556978878,0,PASS
llama,seqkd,20,E_math,14,self_attn.k_proj,0.01,28,displacement_rank,/root/autodl-tmp/cycle09_stage4_state_displacement/cells/llama/seqkd/step_020/E_math.L14.main.direction.pt,activation_conditioned_update_displacement_singular_values,128,0.007836760953631627,0.010245503443195086,0.0021632390463683735,0.0002455034431950859,0.0002455034431950859,1.488063109923825,5.068647917817872,0.672014508881408,0.8900118100455076,0,PASS
llama,seqkd,20,E_math,14,self_attn.k_proj,0.025,23,displacement_rank,/root/autodl-tmp/cycle09_stage4_state_displacement/cells/llama/seqkd/step_020/E_math.L14.main.direction.pt,activation_conditioned_update_displacement_singular_values,128,0.021592059681061662,0.02525123164263446,0.003407940318938339,0.00025123164263445713,0.00025123164263445713,1.488063109923825,5.068647917817872,0.672014508881408,0.8900118100455076,0,PASS
llama,seqkd,20,E_math,14,self_attn.k_proj,0.05,17,displacement_rank,/root/autodl-tmp/cycle09_stage4_state_displacement/cells/llama/seqkd/step_020/E_math.L14.main.direction.pt,activation_conditioned_update_displacement_singular_values,128,0.04952228216715434,0.05582645545967869,0.000477717832845663,0.005826455459678685,0.000477717832845663,1.488063109923825,5.068647917817872,0.672014508881408,0.8900118100455076,0,PASS
llama,seqkd,20,E_math,14,self_attn.k_proj,0.1,11,displacement_rank,/root/autodl-tmp/cycle09_stage4_state_displacement/cells/llama/seqkd/step_020/E_math.L14.main.direction.pt,activation_conditioned_update_displacement_singular_values,128,0.09805477587437779,0.10998818995449262,0.0019452241256222164,0.009988189954492618,0.0019452241256222164,1.488063109923825,5.068647917817872,0.672014508881408,0.8900118100455076,0,PASS
llama,seqkd,20,E_math,14,self_attn.v_proj,0.01,20,displacement_rank,/root/autodl-tmp/cycle09_stage4_state_displacement/cells/llama/seqkd/step_020/E_math.L14.main.direction.pt,activation_conditioned_update_displacement_singular_values,128,0.009091039512177016,0.010348806687420262,0.0009089604878229837,0.00034880668742026145,0.00034880668742026145,1.170122321574259,2.1982925333340266,0.8546115064744856,0.970828508074534,0,PASS
llama,seqkd,20,E_math,14,self_attn.v_proj,0.025,12,displacement_rank,/root/autodl-tmp/cycle09_stage4_state_displacement/cells/llama/seqkd/step_020/E_math.L14.main.direction.pt,activation_conditioned_update_displacement_singular_values,128,0.02317736031992927,0.0261069917608734,0.0018226396800707298,0.0011069917608733972,0.0011069917608733972,1.170122321574259,2.1982925333340266,0.8546115064744856,0.970828508074534,0,PASS
llama,seqkd,20,E_math,14,self_attn.v_proj,0.05,6,displacement_rank,/root/autodl-tmp/cycle09_stage4_state_displacement/cells/llama/seqkd/step_020/E_math.L14.main.direction.pt,activation_conditioned_update_displacement_singular_values,128,0.04659467472137907,0.05420369039838664,0.0034053252786209326,0.004203690398386639,0.0034053252786209326,1.170122321574259,2.1982925333340266,0.8546115064744856,0.970828508074534,0,PASS
llama,seqkd,20,E_math,14,self_attn.v_proj,0.1,3,displacement_rank,/root/autodl-tmp/cycle09_stage4_state_displacement/cells/llama/seqkd/step_020/E_math.L14.main.direction.pt,activation_conditioned_update_displacement_singular_values,128,0.07777270958119098,0.10836842786953967,0.022227290418809026,0.00836842786953966,0.00836842786953966,1.170122321574259,2.1982925333340266,0.8546115064744856,0.970828508074534,0,PASS
llama,seqkd,20,E_math,14,self_attn.o_proj,0.01,24,displacement_rank,/root/autodl-tmp/cycle09_stage4_state_displacement/cells/llama/seqkd/step_020/E_math.L14.main.direction.pt,activation_conditioned_update_displacement_singular_values,128,0.008668701448069617,0.010202928508044296,0.0013312985519303832,0.00020292850804429566,0.00020292850804429566,1.3114671504893083,3.261687960286269,0.7625048020660679,0.9475879774221342,0,PASS
llama,seqkd,20,E_math,14,self_attn.o_proj,0.025,17,displacement_rank,/root/autodl-tmp/cycle09_stage4_state_displacement/cells/llama/seqkd/step_020/E_math.L14.main.direction.pt,activation_conditioned_update_displacement_singular_values,128,0.023238602306347243,0.026147188508345656,0.0017613976936527581,0.0011471885083456541,0.0011471885083456541,1.3114671504893083,3.261687960286269,0.7625048020660679,0.9475879774221342,0,PASS
llama,seqkd,20,E_math,14,self_attn.o_proj,0.05,11,displacement_rank,/root/autodl-tmp/cycle09_stage4_state_displacement/cells/llama/seqkd/step_020/E_math.L14.main.direction.pt,activation_conditioned_update_displacement_singular_values,128,0.046523893117552464,0.05241202257786576,0.0034761068824475383,0.002412022577865755,0.002412022577865755,1.3114671504893083,3.261687960286269,0.7625048020660679,0.9475879774221342,0,PASS
llama,seqkd,20,E_math,14,self_attn.o_proj,0.1,6,displacement_rank,/root/autodl-tmp/cycle09_stage4_state_displacement/cells/llama/seqkd/step_020/E_math.L14.main.direction.pt,activation_conditioned_update_displacement_singular_values,128,0.08945183288744271,0.10295355987567462,0.010548167112557294,0.0029535598756746106,0.0029535598756746106,1.3114671504893083,3.261687960286269,0.7625048020660679,0.9475879774221342,0,PASS
llama,seqkd,20,E_math,14,mlp.gate_proj,0.01,26,displacement_rank,/root/autodl-tmp/cycle09_stage4_state_displacement/cells/llama/seqkd/step_020/E_math.L14.main.direction.pt,activation_conditioned_update_displacement_singular_values,128,0.008304081242058316,0.010365734566398473,0.0016959187579416845,0.00036573456639847277,0.00036573456639847277,1.2418899297072539,2.9104213928040377,0.8052243408042824,0.9390578953908342,0,PASS
llama,seqkd,20,E_math,14,mlp.gate_proj,0.025,20,displacement_rank,/root/autodl-tmp/cycle09_stage4_state_displacement/cells/llama/seqkd/step_020/E_math.L14.main.direction.pt,activation_conditioned_update_displacement_singular_values,128,0.022478005111184474,0.02536965107943578,0.0025219948888155277,0.0003696510794357795,0.0003696510794357795,1.2418899297072539,2.9104213928040377,0.8052243408042824,0.9390578953908342,0,PASS
llama,seqkd,20,E_math,14,mlp.gate_proj,0.05,13,displacement_rank,/root/autodl-tmp/cycle09_stage4_state_displacement/cells/llama/seqkd/step_020/E_math.L14.main.direction.pt,activation_conditioned_update_displacement_singular_values,128,0.04674074349695995,0.05100533892719607,0.003259256503040056,0.0010053389271960644,0.0010053389271960644,1.2418899297072539,2.9104213928040377,0.8052243408042824,0.9390578953908342,0,PASS
llama,seqkd,20,E_math,14,mlp.gate_proj,0.1,6,displacement_rank,/root/autodl-tmp/cycle09_stage4_state_displacement/cells/llama/seqkd/step_020/E_math.L14.main.direction.pt,activation_conditioned_update_displacement_singular_values,128,0.09123222314135315,0.10265592567488074,0.008767776858646853,0.002655925674880738,0.002655925674880738,1.2418899297072539,2.9104213928040377,0.8052243408042824,0.9390578953908342,0,PASS
llama,seqkd,20,E_math,14,mlp.up_proj,0.01,24,displacement_rank,/root/autodl-tmp/cycle09_stage4_state_displacement/cells/llama/seqkd/step_020/E_math.L14.main.direction.pt,activation_conditioned_update_displacement_singular_values,128,0.009322156270729971,0.01100555175903646,0.0006778437292700289,0.001005551759036459,0.0006778437292700289,1.223467831911589,2.6698712542744327,0.8173488292189627,0.9500735826297069,0,PASS
llama,seqkd,20,E_math,14,mlp.up_proj,0.025,17,displacement_rank,/root/autodl-tmp/cycle09_stage4_state_displacement/cells/llama/seqkd/step_020/E_math.L14.main.direction.pt,activation_conditioned_update_displacement_singular_values,128,0.024054786086330993,0.026912382190071443,0.0009452139136690088,0.0019123821900714419,0.0009452139136690088,1.223467831911589,2.6698712542744327,0.8173488292189627,0.9500735826297069,0,PASS
llama,seqkd,20,E_math,14,mlp.up_proj,0.05,10,displacement_rank,/root/autodl-tmp/cycle09_stage4_state_displacement/cells/llama/seqkd/step_020/E_math.L14.main.direction.pt,activation_conditioned_update_displacement_singular_values,128,0.04992641737029319,0.055377653951804,7.358262970681012e-05,0.005377653951804,7.358262970681012e-05,1.223467831911589,2.6698712542744327,0.8173488292189627,0.9500735826297069,0,PASS
llama,seqkd,20,E_math,14,mlp.up_proj,0.1,4,displacement_rank,/root/autodl-tmp/cycle09_stage4_state_displacement/cells/llama/seqkd/step_020/E_math.L14.main.direction.pt,activation_conditioned_update_displacement_singular_values,128,0.09648275182221781,0.11184504138194967,0.0035172481777821923,0.011845041381949667,0.0035172481777821923,1.223467831911589,2.6698712542744327,0.8173488292189627,0.9500735826297069,0,PASS
llama,seqkd,20,E_math,14,mlp.down_proj,0.01,21,displacement_rank,/root/autodl-tmp/cycle09_stage4_state_displacement/cells/llama/seqkd/step_020/E_math.L14.main.direction.pt,activation_conditioned_update_displacement_singular_values,128,0.008706453400721206,0.01002901998914756,0.0012935465992787946,2.9019989147560654e-05,2.9019989147560654e-05,1.0911393767401911,1.7188193699722683,0.9164732034394428,0.9708601103342971,0,PASS
llama,seqkd,20,E_math,14,mlp.down_proj,0.025,12,displacement_rank,/root/autodl-tmp/cycle09_stage4_state_displacement/cells/llama/seqkd/step_020/E_math.L14.main.direction.pt,activation_conditioned_update_displacement_singular_values,128,0.02407133264811474,0.026555629685635584,0.0009286673518852616,0.0015556296856355824,0.0009286673518852616,1.0911393767401911,1.7188193699722683,0.9164732034394428,0.9708601103342971,0,PASS
llama,seqkd,20,E_math,14,mlp.down_proj,0.05,5,displacement_rank,/root/autodl-tmp/cycle09_stage4_state_displacement/cells/llama/seqkd/step_020/E_math.L14.main.direction.pt,activation_conditioned_update_displacement_singular_values,128,0.0484736072849893,0.054511094590547246,0.0015263927150107048,0.004511094590547243,0.0015263927150107048,1.0911393767401911,1.7188193699722683,0.9164732034394428,0.9708601103342971,0,PASS
llama,seqkd,20,E_math,14,mlp.down_proj,0.1,1,displacement_rank,/root/autodl-tmp/cycle09_stage4_state_displacement/cells/llama/seqkd/step_020/E_math.L14.main.direction.pt,activation_conditioned_update_displacement_singular_values,128,0.08352679656055721,1.0000000000000002,0.016473203439442793,0.9000000000000002,0.016473203439442793,1.0911393767401911,1.7188193699722683,0.9164732034394428,0.9708601103342971,0,PASS
llama,seqkd,20,E_ood,14,self_attn.q_proj,0.01,28,displacement_rank,/root/autodl-tmp/cycle09_stage4_state_displacement/cells/llama/seqkd/step_020/E_ood.L14.main.direction.pt,activation_conditioned_update_displacement_singular_values,128,0.008935442021794445,0.011809780801874618,0.0010645579782055554,0.0018097808018746175,0.0010645579782055554,1.8312165718463906,6.931542130603583,0.5460850537147082,0.8835111428417577,0,PASS
llama,seqkd,20,E_ood,14,self_attn.q_proj,0.025,24,displacement_rank,/root/autodl-tmp/cycle09_stage4_state_displacement/cells/llama/seqkd/step_020/E_ood.L14.main.direction.pt,activation_conditioned_update_displacement_singular_values,128,0.02168079660997465,0.02552214560082501,0.003319203390025352,0.0005221456008250094,0.0005221456008250094,1.8312165718463906,6.931542130603583,0.5460850537147082,0.8835111428417577,0,PASS
llama,seqkd,20,E_ood,14,self_attn.q_proj,0.05,19,displacement_rank,/root/autodl-tmp/cycle09_stage4_state_displacement/cells/llama/seqkd/step_020/E_ood.L14.main.direction.pt,activation_conditioned_update_displacement_singular_values,128,0.044310716735524905,0.05022369275874934,0.005689283264475098,0.0002236927587493387,0.0002236927587493387,1.8312165718463906,6.931542130603583,0.5460850537147082,0.8835111428417577,0,PASS
llama,seqkd,20,E_ood,14,self_attn.q_proj,0.1,12,displacement_rank,/root/autodl-tmp/cycle09_stage4_state_displacement/cells/llama/seqkd/step_020/E_ood.L14.main.direction.pt,activation_conditioned_update_displacement_singular_values,128,0.09578322577772205,0.10504386556773126,0.0042167742222779525,0.005043865567731259,0.0042167742222779525,1.8312165718463906,6.931542130603583,0.5460850537147082,0.8835111428417577,0,PASS
llama,seqkd,20,E_ood,14,self_attn.k_proj,0.01,27,displacement_rank,/root/autodl-tmp/cycle09_stage4_state_displacement/cells/llama/seqkd/step_020/E_ood.L14.main.direction.pt,activation_conditioned_update_displacement_singular_values,128,0.009655476359632847,0.01218773116590676,0.00034452364036715276,0.0021877311659067606,0.00034452364036715276,1.4182252068779306,4.492697736671799,0.7051066326774658,0.8993694810883239,0,PASS
llama,seqkd,20,E_ood,14,self_attn.k_proj,0.025,22,displacement_rank,/root/autodl-tmp/cycle09_stage4_state_displacement/cells/llama/seqkd/step_020/E_ood.L14.main.direction.pt,activation_conditioned_update_displacement_singular_values,128,0.023972991346129145,0.027536091062331482,0.0010270086538708562,0.002536091062331481,0.0010270086538708562,1.4182252068779306,4.492697736671799,0.7051066326774658,0.8993694810883239,0,PASS
llama,seqkd,20,E_ood,14,self_attn.k_proj,0.05,17,displacement_rank,/root/autodl-tmp/cycle09_stage4_state_displacement/cells/llama/seqkd/step_020/E_ood.L14.main.direction.pt,activation_conditioned_update_displacement_singular_values,128,0.04632235180906381,0.05207003504974838,0.003677648190936196,0.002070035049748377,0.002070035049748377,1.4182252068779306,4.492697736671799,0.7051066326774658,0.8993694810883239,0,PASS
llama,seqkd,20,E_ood,14,self_attn.k_proj,0.1,11,displacement_rank,/root/autodl-tmp/cycle09_stage4_state_displacement/cells/llama/seqkd/step_020/E_ood.L14.main.direction.pt,activation_conditioned_update_displacement_singular_values,128,0.09056946049422088,0.10063051891167608,0.009430539505779129,0.0006305189116760784,0.0006305189116760784,1.4182252068779306,4.492697736671799,0.7051066326774658,0.8993694810883239,0,PASS
llama,seqkd,20,E_ood,14,self_attn.v_proj,0.01,24,displacement_rank,/root/autodl-tmp/cycle09_stage4_state_displacement/cells/llama/seqkd/step_020/E_ood.L14.main.direction.pt,activation_conditioned_update_displacement_singular_values,128,0.009188675788850166,0.01074294077594799,0.0008113242111498341,0.0007429407759479891,0.0007429407759479891,1.356468341007344,3.468741061447199,0.7372085066558778,0.9477847362372286,0,PASS
llama,seqkd,20,E_ood,14,self_attn.v_proj,0.025,17,displacement_rank,/root/autodl-tmp/cycle09_stage4_state_displacement/cells/llama/seqkd/step_020/E_ood.L14.main.direction.pt,activation_conditioned_update_displacement_singular_values,128,0.023599684494270044,0.026566468387659734,0.0014003155057299571,0.0015664683876597321,0.0014003155057299571,1.356468341007344,3.468741061447199,0.7372085066558778,0.9477847362372286,0,PASS
llama,seqkd,20,E_ood,14,self_attn.v_proj,0.05,11,displacement_rank,/root/autodl-tmp/cycle09_stage4_state_displacement/cells/llama/seqkd/step_020/E_ood.L14.main.direction.pt,activation_conditioned_update_displacement_singular_values,128,0.04649015970354473,0.05221526376277128,0.0035098402964552702,0.0022152637627712787,0.0022152637627712787,1.356468341007344,3.468741061447199,0.7372085066558778,0.9477847362372286,0,PASS
llama,seqkd,20,E_ood,14,self_attn.v_proj,0.1,5,displacement_rank,/root/autodl-tmp/cycle09_stage4_state_displacement/cells/llama/seqkd/step_020/E_ood.L14.main.direction.pt,activation_conditioned_update_displacement_singular_values,128,0.09126505819834557,0.11260624749220945,0.008734941801654433,0.01260624749220944,0.008734941801654433,1.356468341007344,3.468741061447199,0.7372085066558778,0.9477847362372286,0,PASS
llama,seqkd,20,E_ood,14,self_attn.o_proj,0.01,26,displacement_rank,/root/autodl-tmp/cycle09_stage4_state_displacement/cells/llama/seqkd/step_020/E_ood.L14.main.direction.pt,activation_conditioned_update_displacement_singular_values,128,0.009296541797449953,0.011567616060122859,0.0007034582025500467,0.001567616060122859,0.0007034582025500467,1.4324713725457812,4.333500741231002,0.6980942301295731,0.9147955834690081,0,PASS
llama,seqkd,20,E_ood,14,self_attn.o_proj,0.025,21,displacement_rank,/root/autodl-tmp/cycle09_stage4_state_displacement/cells/llama/seqkd/step_020/E_ood.L14.main.direction.pt,activation_conditioned_update_displacement_singular_values,128,0.022804647020090753,0.0262537200483242,0.0021953529799092486,0.0012537200483241986,0.0012537200483241986,1.4324713725457812,4.333500741231002,0.6980942301295731,0.9147955834690081,0,PASS
llama,seqkd,20,E_ood,14,self_attn.o_proj,0.05,15,displacement_rank,/root/autodl-tmp/cycle09_stage4_state_displacement/cells/llama/seqkd/step_020/E_ood.L14.main.direction.pt,activation_conditioned_update_displacement_singular_values,128,0.04886476531247009,0.05497639950351885,0.0011352346875299138,0.004976399503518844,0.0011352346875299138,1.4324713725457812,4.333500741231002,0.6980942301295731,0.9147955834690081,0,PASS
llama,seqkd,20,E_ood,14,self_attn.o_proj,0.1,9,displacement_rank,/root/autodl-tmp/cycle09_stage4_state_displacement/cells/llama/seqkd/step_020/E_ood.L14.main.direction.pt,activation_conditioned_update_displacement_singular_values,128,0.09431980985102482,0.10409297981160182,0.005680190148975181,0.00409297981160181,0.00409297981160181,1.4324713725457812,4.333500741231002,0.6980942301295731,0.9147955834690081,0,PASS
llama,seqkd,20,E_ood,14,mlp.gate_proj,0.01,28,displacement_rank,/root/autodl-tmp/cycle09_stage4_state_displacement/cells/llama/seqkd/step_020/E_ood.L14.main.direction.pt,activation_conditioned_update_displacement_singular_values,128,0.0077852076726591,0.010293111255475888,0.0022147923273409,0.0002931112554758874,0.0002931112554758874,1.376619514711294,4.048048015037905,0.7264171321948177,0.9100930097529886,0,PASS
llama,seqkd,20,E_ood,14,mlp.gate_proj,0.025,23,displacement_rank,/root/autodl-tmp/cycle09_stage4_state_displacement/cells/llama/seqkd/step_020/E_ood.L14.main.direction.pt,activation_conditioned_update_displacement_singular_values,128,0.022174570375385092,0.02569464165901545,0.0028254296246149092,0.0006946416590154492,0.0006946416590154492,1.376619514711294,4.048048015037905,0.7264171321948177,0.9100930097529886,0,PASS
llama,seqkd,20,E_ood,14,mlp.gate_proj,0.05,17,displacement_rank,/root/autodl-tmp/cycle09_stage4_state_displacement/cells/llama/seqkd/step_020/E_ood.L14.main.direction.pt,activation_conditioned_update_displacement_singular_values,128,0.04727199659706639,0.05218378503960317,0.0027280034029336098,0.0021837850396031686,0.0021837850396031686,1.376619514711294,4.048048015037905,0.7264171321948177,0.9100930097529886,0,PASS
llama,seqkd,20,E_ood,14,mlp.gate_proj,0.1,9,displacement_rank,/root/autodl-tmp/cycle09_stage4_state_displacement/cells/llama/seqkd/step_020/E_ood.L14.main.direction.pt,activation_conditioned_update_displacement_singular_values,128,0.09775352761015636,0.10611410796702103,0.002246472389843643,0.006114107967021026,0.002246472389843643,1.376619514711294,4.048048015037905,0.7264171321948177,0.9100930097529886,0,PASS
llama,seqkd,20,E_ood,14,mlp.up_proj,0.01,28,displacement_rank,/root/autodl-tmp/cycle09_stage4_state_displacement/cells/llama/seqkd/step_020/E_ood.L14.main.direction.pt,activation_conditioned_update_displacement_singular_values,128,0.007641762241596679,0.010300673717055866,0.002358237758403321,0.00030067371705586564,0.00030067371705586564,1.4557444843112892,4.597025708983859,0.6869337378757774,0.9068018668044762,0,PASS
llama,seqkd,20,E_ood,14,mlp.up_proj,0.025,23,displacement_rank,/root/autodl-tmp/cycle09_stage4_state_displacement/cells/llama/seqkd/step_020/E_ood.L14.main.direction.pt,activation_conditioned_update_displacement_singular_values,128,0.022619973962853507,0.026387211784141204,0.0023800260371464946,0.0013872117841412027,0.0013872117841412027,1.4557444843112892,4.597025708983859,0.6869337378757774,0.9068018668044762,0,PASS
llama,seqkd,20,E_ood,14,mlp.up_proj,0.05,17,displacement_rank,/root/autodl-tmp/cycle09_stage4_state_displacement/cells/llama/seqkd/step_020/E_ood.L14.main.direction.pt,activation_conditioned_update_displacement_singular_values,128,0.04785155070421761,0.05282795201878833,0.0021484492957823953,0.0028279520187883267,0.0021484492957823953,1.4557444843112892,4.597025708983859,0.6869337378757774,0.9068018668044762,0,PASS
llama,seqkd,20,E_ood,14,mlp.up_proj,0.1,10,displacement_rank,/root/autodl-tmp/cycle09_stage4_state_displacement/cells/llama/seqkd/step_020/E_ood.L14.main.direction.pt,activation_conditioned_update_displacement_singular_values,128,0.09319813319552404,0.10193797864722999,0.006801866804475962,0.0019379786472299848,0.0019379786472299848,1.4557444843112892,4.597025708983859,0.6869337378757774,0.9068018668044762,0,PASS
llama,seqkd,20,E_ood,14,mlp.down_proj,0.01,25,displacement_rank,/root/autodl-tmp/cycle09_stage4_state_displacement/cells/llama/seqkd/step_020/E_ood.L14.main.direction.pt,activation_conditioned_update_displacement_singular_values,128,0.00870380656324192,0.010529307230162922,0.0012961934367580804,0.0005293072301629214,0.0005293072301629214,1.1588252855777146,2.277764597022546,0.862942854669818,0.9491594230353517,0,PASS
llama,seqkd,20,E_ood,14,mlp.down_proj,0.025,18,displacement_rank,/root/autodl-tmp/cycle09_stage4_state_displacement/cells/llama/seqkd/step_020/E_ood.L14.main.direction.pt,activation_conditioned_update_displacement_singular_values,128,0.023211150460596786,0.025648703971942983,0.0017888495394032151,0.0006487039719429814,0.0006487039719429814,1.1588252855777146,2.277764597022546,0.862942854669818,0.9491594230353517,0,PASS
llama,seqkd,20,E_ood,14,mlp.down_proj,0.05,11,displacement_rank,/root/autodl-tmp/cycle09_stage4_state_displacement/cells/llama/seqkd/step_020/E_ood.L14.main.direction.pt,activation_conditioned_update_displacement_singular_values,128,0.046371478317302636,0.050840576964648346,0.0036285216826973665,0.000840576964648343,0.000840576964648343,1.1588252855777146,2.277764597022546,0.862942854669818,0.9491594230353517,0,PASS
llama,seqkd,20,E_ood,14,mlp.down_proj,0.1,4,displacement_rank,/root/autodl-tmp/cycle09_stage4_state_displacement/cells/llama/seqkd/step_020/E_ood.L14.main.direction.pt,activation_conditioned_update_displacement_singular_values,128,0.09223285985296878,0.1037017163227065,0.007767140147031226,0.003701716322706494,0.003701716322706494,1.1588252855777146,2.277764597022546,0.862942854669818,0.9491594230353517,0,PASS
llama,seqkd,20,E_if,14,self_attn.q_proj,0.01,28,displacement_rank,/root/autodl-tmp/cycle09_stage4_state_displacement/cells/llama/seqkd/step_020/E_if.L14.main.direction.pt,activation_conditioned_update_displacement_singular_values,128,0.008743800194551198,0.011408101304757617,0.0012561998054488027,0.0014081013047576169,0.0012561998054488027,1.6510217092703023,5.927696933795645,0.6056855548204556,0.8908394293142502,0,PASS
llama,seqkd,20,E_if,14,self_attn.q_proj,0.025,23,displacement_rank,/root/autodl-tmp/cycle09_stage4_state_displacement/cells/llama/seqkd/step_020/E_if.L14.main.direction.pt,activation_conditioned_update_displacement_singular_values,128,0.024710692717772622,0.02874359573629695,0.0002893072822273794,0.0037435957362969494,0.0002893072822273794,1.6510217092703023,5.927696933795645,0.6056855548204556,0.8908394293142502,0,PASS
llama,seqkd,20,E_if,14,self_attn.q_proj,0.05,18,displacement_rank,/root/autodl-tmp/cycle09_stage4_state_displacement/cells/llama/seqkd/step_020/E_if.L14.main.direction.pt,activation_conditioned_update_displacement_singular_values,128,0.04858195023242418,0.05437012176419341,0.00141804976757582,0.004370121764193408,0.00141804976757582,1.6510217092703023,5.927696933795645,0.6056855548204556,0.8908394293142502,0,PASS
llama,seqkd,20,E_if,14,self_attn.q_proj,0.1,11,displacement_rank,/root/autodl-tmp/cycle09_stage4_state_displacement/cells/llama/seqkd/step_020/E_if.L14.main.direction.pt,activation_conditioned_update_displacement_singular_values,128,0.09888040242127975,0.10916057068574979,0.0011195975787202522,0.009160570685749783,0.0011195975787202522,1.6510217092703023,5.927696933795645,0.6056855548204556,0.8908394293142502,0,PASS
llama,seqkd,20,E_if,14,self_attn.k_proj,0.01,28,displacement_rank,/root/autodl-tmp/cycle09_stage4_state_displacement/cells/llama/seqkd/step_020/E_if.L14.main.direction.pt,activation_conditioned_update_displacement_singular_values,128,0.009099554403663623,0.012086675409931951,0.0009004455963363776,0.002086675409931951,0.0009004455963363776,1.503193443204045,5.282975800436794,0.6652503738098456,0.88331123960542,0,PASS
llama,seqkd,20,E_if,14,self_attn.k_proj,0.025,24,displacement_rank,/root/autodl-tmp/cycle09_stage4_state_displacement/cells/llama/seqkd/step_020/E_if.L14.main.direction.pt,activation_conditioned_update_displacement_singular_values,128,0.02221101870845667,0.025857200199372397,0.0027889812915433305,0.000857200199372396,0.000857200199372396,1.503193443204045,5.282975800436794,0.6652503738098456,0.88331123960542,0,PASS
llama,seqkd,20,E_if,14,self_attn.k_proj,0.05,18,displacement_rank,/root/autodl-tmp/cycle09_stage4_state_displacement/cells/llama/seqkd/step_020/E_if.L14.main.direction.pt,activation_conditioned_update_displacement_singular_values,128,0.04958023073115317,0.05567576326147442,0.0004197692688468341,0.005675763261474419,0.0004197692688468341,1.503193443204045,5.282975800436794,0.6652503738098456,0.88331123960542,0,PASS
llama,seqkd,20,E_if,14,self_attn.k_proj,0.1,12,displacement_rank,/root/autodl-tmp/cycle09_stage4_state_displacement/cells/llama/seqkd/step_020/E_if.L14.main.direction.pt,activation_conditioned_update_displacement_singular_values,128,0.09435720916532372,0.10514046598447362,0.005642790834676281,0.005140465984473611,0.005140465984473611,1.503193443204045,5.282975800436794,0.6652503738098456,0.88331123960542,0,PASS
llama,seqkd,20,E_if,14,self_attn.v_proj,0.01,24,displacement_rank,/root/autodl-tmp/cycle09_stage4_state_displacement/cells/llama/seqkd/step_020/E_if.L14.main.direction.pt,activation_conditioned_update_displacement_singular_values,128,0.008531666023269519,0.010002612151610267,0.0014683339767304817,2.6121516102668024e-06,2.6121516102668024e-06,1.2497670996279369,2.8257899234904733,0.8001490840154986,0.9521140735392492,0,PASS
llama,seqkd,20,E_if,14,self_attn.v_proj,0.025,16,displacement_rank,/root/autodl-tmp/cycle09_stage4_state_displacement/cells/llama/seqkd/step_020/E_if.L14.main.direction.pt,activation_conditioned_update_displacement_singular_values,128,0.024698955927912564,0.027649340151101685,0.000301044072087437,0.0026493401511016833,0.000301044072087437,1.2497670996279369,2.8257899234904733,0.8001490840154986,0.9521140735392492,0,PASS
llama,seqkd,20,E_if,14,self_attn.v_proj,0.05,10,displacement_rank,/root/autodl-tmp/cycle09_stage4_state_displacement/cells/llama/seqkd/step_020/E_if.L14.main.direction.pt,activation_conditioned_update_displacement_singular_values,128,0.047885926460750836,0.05348158794006418,0.002114073539249167,0.0034815879400641805,0.002114073539249167,1.2497670996279369,2.8257899234904733,0.8001490840154986,0.9521140735392492,0,PASS
llama,seqkd,20,E_if,14,self_attn.v_proj,0.1,4,displacement_rank,/root/autodl-tmp/cycle09_stage4_state_displacement/cells/llama/seqkd/step_020/E_if.L14.main.direction.pt,activation_conditioned_update_displacement_singular_values,128,0.09733420056480985,0.11572325272537047,0.002665799435190158,0.015723252725370465,0.002665799435190158,1.2497670996279369,2.8257899234904733,0.8001490840154986,0.9521140735392492,0,PASS
llama,seqkd,20,E_if,14,self_attn.o_proj,0.01,28,displacement_rank,/root/autodl-tmp/cycle09_stage4_state_displacement/cells/llama/seqkd/step_020/E_if.L14.main.direction.pt,activation_conditioned_update_displacement_singular_values,128,0.00831811573068033,0.01106626371321299,0.0016818842693196705,0.00106626371321299,0.00106626371321299,2.312601931393675,8.207466837218078,0.43241337232532545,0.874590427039334,0,PASS
llama,seqkd,20,E_if,14,self_attn.o_proj,0.025,24,displacement_rank,/root/autodl-tmp/cycle09_stage4_state_displacement/cells/llama/seqkd/step_020/E_if.L14.main.direction.pt,activation_conditioned_update_displacement_singular_values,128,0.02188742466641161,0.02591531441432973,0.0031125753335883924,0.0009153144143297272,0.0009153144143297272,2.312601931393675,8.207466837218078,0.43241337232532545,0.874590427039334,0,PASS
llama,seqkd,20,E_if,14,self_attn.o_proj,0.05,19,displacement_rank,/root/autodl-tmp/cycle09_stage4_state_displacement/cells/llama/seqkd/step_020/E_if.L14.main.direction.pt,activation_conditioned_update_displacement_singular_values,128,0.045936947346662975,0.05224940531562879,0.004063052653337028,0.00224940531562879,0.00224940531562879,2.312601931393675,8.207466837218078,0.43241337232532545,0.874590427039334,0,PASS
llama,seqkd,20,E_if,14,self_attn.o_proj,0.1,13,displacement_rank,/root/autodl-tmp/cycle09_stage4_state_displacement/cells/llama/seqkd/step_020/E_if.L14.main.direction.pt,activation_conditioned_update_displacement_singular_values,128,0.09178108289087467,0.10215673851081239,0.00821891710912534,0.0021567385108123838,0.0021567385108123838,2.312601931393675,8.207466837218078,0.43241337232532545,0.874590427039334,0,PASS
llama,seqkd,20,E_if,14,mlp.gate_proj,0.01,28,displacement_rank,/root/autodl-tmp/cycle09_stage4_state_displacement/cells/llama/seqkd/step_020/E_if.L14.main.direction.pt,activation_conditioned_update_displacement_singular_values,128,0.0075186379124619705,0.010041132776124744,0.0024813620875380298,4.1132776124743614e-05,4.1132776124743614e-05,1.3314025004905303,3.7460029729963593,0.7510876685537008,0.9129503811367005,0,PASS
llama,seqkd,20,E_if,14,mlp.gate_proj,0.025,23,displacement_rank,/root/autodl-tmp/cycle09_stage4_state_displacement/cells/llama/seqkd/step_020/E_if.L14.main.direction.pt,activation_conditioned_update_displacement_singular_values,128,0.021856147775029863,0.02528913583611797,0.003143852224970139,0.0002891358361179694,0.0002891358361179694,1.3314025004905303,3.7460029729963593,0.7510876685537008,0.9129503811367005,0,PASS
llama,seqkd,20,E_if,14,mlp.gate_proj,0.05,16,displacement_rank,/root/autodl-tmp/cycle09_stage4_state_displacement/cells/llama/seqkd/step_020/E_if.L14.main.direction.pt,activation_conditioned_update_displacement_singular_values,128,0.04994594608821598,0.05513099738966919,5.4053911784021635e-05,0.005130997389669184,5.4053911784021635e-05,1.3314025004905303,3.7460029729963593,0.7510876685537008,0.9129503811367005,0,PASS
llama,seqkd,20,E_if,14,mlp.gate_proj,0.1,9,displacement_rank,/root/autodl-tmp/cycle09_stage4_state_displacement/cells/llama/seqkd/step_020/E_if.L14.main.direction.pt,activation_conditioned_update_displacement_singular_values,128,0.09551037560909062,0.10525789971663055,0.004489624390909386,0.005257899716630543,0.004489624390909386,1.3314025004905303,3.7460029729963593,0.7510876685537008,0.9129503811367005,0,PASS
llama,seqkd,20,E_if,14,mlp.up_proj,0.01,27,displacement_rank,/root/autodl-tmp/cycle09_stage4_state_displacement/cells/llama/seqkd/step_020/E_if.L14.main.direction.pt,activation_conditioned_update_displacement_singular_values,128,0.009091745461453755,0.011625923569326792,0.0009082545385462448,0.001625923569326792,0.0009082545385462448,1.3236304781271948,3.6264038596755124,0.7554978647929748,0.9189780068375405,0,PASS
llama,seqkd,20,E_if,14,mlp.up_proj,0.025,22,displacement_rank,/root/autodl-tmp/cycle09_stage4_state_displacement/cells/llama/seqkd/step_020/E_if.L14.main.direction.pt,activation_conditioned_update_displacement_singular_values,128,0.022915822659783758,0.026372164411019836,0.0020841773402162436,0.0013721644110198349,0.0013721644110198349,1.3236304781271948,3.6264038596755124,0.7554978647929748,0.9189780068375405,0,PASS
llama,seqkd,20,E_if,14,mlp.up_proj,0.05,16,displacement_rank,/root/autodl-tmp/cycle09_stage4_state_displacement/cells/llama/seqkd/step_020/E_if.L14.main.direction.pt,activation_conditioned_update_displacement_singular_values,128,0.04589681850062936,0.05071141228724823,0.0041031814993706395,0.0007114122872482267,0.0007114122872482267,1.3236304781271948,3.6264038596755124,0.7554978647929748,0.9189780068375405,0,PASS
llama,seqkd,20,E_if,14,mlp.up_proj,0.1,8,displacement_rank,/root/autodl-tmp/cycle09_stage4_state_displacement/cells/llama/seqkd/step_020/E_if.L14.main.direction.pt,activation_conditioned_update_displacement_singular_values,128,0.09847714601026519,0.10907092677236871,0.0015228539897348126,0.009070926772368704,0.0015228539897348126,1.3236304781271948,3.6264038596755124,0.7554978647929748,0.9189780068375405,0,PASS
llama,seqkd,20,E_if,14,mlp.down_proj,0.01,25,displacement_rank,/root/autodl-tmp/cycle09_stage4_state_displacement/cells/llama/seqkd/step_020/E_if.L14.main.direction.pt,activation_conditioned_update_displacement_singular_values,128,0.009703586047633843,0.011611984056164662,0.000296413952366157,0.0016119840561646618,0.000296413952366157,1.1814326747483752,2.4624693214793227,0.8464299501560534,0.943666825935627,0,PASS
llama,seqkd,20,E_if,14,mlp.down_proj,0.025,19,displacement_rank,/root/autodl-tmp/cycle09_stage4_state_displacement/cells/llama/seqkd/step_020/E_if.L14.main.direction.pt,activation_conditioned_update_displacement_singular_values,128,0.02339383720629272,0.02604238922810433,0.0016061627937072817,0.0010423892281043283,0.0010423892281043283,1.1814326747483752,2.4624693214793227,0.8464299501560534,0.943666825935627,0,PASS
llama,seqkd,20,E_if,14,mlp.down_proj,0.05,12,displacement_rank,/root/autodl-tmp/cycle09_stage4_state_displacement/cells/llama/seqkd/step_020/E_if.L14.main.direction.pt,activation_conditioned_update_displacement_singular_values,128,0.046740488289869965,0.051371873815829194,0.0032595117101300378,0.0013718738158291915,0.0013718738158291915,1.1814326747483752,2.4624693214793227,0.8464299501560534,0.943666825935627,0,PASS
llama,seqkd,20,E_if,14,mlp.down_proj,0.1,4,displacement_rank,/root/autodl-tmp/cycle09_stage4_state_displacement/cells/llama/seqkd/step_020/E_if.L14.main.direction.pt,activation_conditioned_update_displacement_singular_values,128,0.09993247500368375,0.11318629008734994,6.752499631625108e-05,0.013186290087349936,6.752499631625108e-05,1.1814326747483752,2.4624693214793227,0.8464299501560534,0.943666825935627,0,PASS
llama,seqkd,40,E_general,14,self_attn.q_proj,0.01,29,displacement_rank,/root/autodl-tmp/cycle09_stage4_state_displacement/cells/llama/seqkd/step_040/E_general.L14.main.direction.pt,activation_conditioned_update_displacement_singular_values,128,0.007591099776028047,0.01062880373368195,0.0024089002239719532,0.0006288037336819492,0.0006288037336819492,1.9588421705558783,7.97673427202146,0.5105056522834717,0.8598842781474112,0,PASS
llama,seqkd,40,E_general,14,self_attn.q_proj,0.025,25,displacement_rank,/root/autodl-tmp/cycle09_stage4_state_displacement/cells/llama/seqkd/step_040/E_general.L14.main.direction.pt,activation_conditioned_update_displacement_singular_values,128,0.021747907871258514,0.025970385168154232,0.003252092128741488,0.0009703851681542308,0.0009703851681542308,1.9588421705558783,7.97673427202146,0.5105056522834717,0.8598842781474112,0,PASS
llama,seqkd,40,E_general,14,self_attn.q_proj,0.05,20,displacement_rank,/root/autodl-tmp/cycle09_stage4_state_displacement/cells/llama/seqkd/step_040/E_general.L14.main.direction.pt,activation_conditioned_update_displacement_singular_values,128,0.047570588266377785,0.05382261174945071,0.002429411733622218,0.0038226117494507064,0.002429411733622218,1.9588421705558783,7.97673427202146,0.5105056522834717,0.8598842781474112,0,PASS
llama,seqkd,40,E_general,14,self_attn.q_proj,0.1,14,displacement_rank,/root/autodl-tmp/cycle09_stage4_state_displacement/cells/llama/seqkd/step_040/E_general.L14.main.direction.pt,activation_conditioned_update_displacement_singular_values,128,0.09048744922402611,0.10127986155305106,0.009512550775973891,0.0012798615530510565,0.0012798615530510565,1.9588421705558783,7.97673427202146,0.5105056522834717,0.8598842781474112,0,PASS
llama,seqkd,40,E_general,14,self_attn.k_proj,0.01,28,displacement_rank,/root/autodl-tmp/cycle09_stage4_state_displacement/cells/llama/seqkd/step_040/E_general.L14.main.direction.pt,activation_conditioned_update_displacement_singular_values,128,0.009590189590068916,0.012865799815936732,0.0004098104099310839,0.002865799815936732,0.0004098104099310839,1.5533943358421176,5.7714820747414874,0.6437515426228753,0.8707117334274557,0,PASS
llama,seqkd,40,E_general,14,self_attn.k_proj,0.025,24,displacement_rank,/root/autodl-tmp/cycle09_stage4_state_displacement/cells/llama/seqkd/step_040/E_general.L14.main.direction.pt,activation_conditioned_update_displacement_singular_values,128,0.02380721995810332,0.028061404494420156,0.0011927800418966815,0.0030614044944201543,0.0011927800418966815,1.5533943358421176,5.7714820747414874,0.6437515426228753,0.8707117334274557,0,PASS
llama,seqkd,40,E_general,14,self_attn.k_proj,0.05,19,displacement_rank,/root/autodl-tmp/cycle09_stage4_state_displacement/cells/llama/seqkd/step_040/E_general.L14.main.direction.pt,activation_conditioned_update_displacement_singular_values,128,0.04916344844217914,0.05521038132208909,0.0008365515578208638,0.005210381322089085,0.0008365515578208638,1.5533943358421176,5.7714820747414874,0.6437515426228753,0.8707117334274557,0,PASS
llama,seqkd,40,E_general,14,self_attn.k_proj,0.1,13,displacement_rank,/root/autodl-tmp/cycle09_stage4_state_displacement/cells/llama/seqkd/step_040/E_general.L14.main.direction.pt,activation_conditioned_update_displacement_singular_values,128,0.09557145931105344,0.10560186758362615,0.004428540688946561,0.005601867583626144,0.004428540688946561,1.5533943358421176,5.7714820747414874,0.6437515426228753,0.8707117334274557,0,PASS
llama,seqkd,40,E_general,14,self_attn.v_proj,0.01,25,displacement_rank,/root/autodl-tmp/cycle09_stage4_state_displacement/cells/llama/seqkd/step_040/E_general.L14.main.direction.pt,activation_conditioned_update_displacement_singular_values,128,0.009840693303435963,0.011730918061595392,0.00015930669656403704,0.0017309180615953917,0.00015930669656403704,1.3424034417626955,3.5492056711038673,0.7449325358454912,0.9366044188412751,0,PASS
llama,seqkd,40,E_general,14,self_attn.v_proj,0.025,19,displacement_rank,/root/autodl-tmp/cycle09_stage4_state_displacement/cells/llama/seqkd/step_040/E_general.L14.main.direction.pt,activation_conditioned_update_displacement_singular_values,128,0.023710620924410394,0.026834252474829852,0.0012893790755896077,0.0018342524748298505,0.0012893790755896077,1.3424034417626955,3.5492056711038673,0.7449325358454912,0.9366044188412751,0,PASS
llama,seqkd,40,E_general,14,self_attn.v_proj,0.05,13,displacement_rank,/root/autodl-tmp/cycle09_stage4_state_displacement/cells/llama/seqkd/step_040/E_general.L14.main.direction.pt,activation_conditioned_update_displacement_singular_values,128,0.046280362490620584,0.05185213436855838,0.0037196375093794184,0.0018521343685583766,0.0018521343685583766,1.3424034417626955,3.5492056711038673,0.7449325358454912,0.9366044188412751,0,PASS
llama,seqkd,40,E_general,14,self_attn.v_proj,0.1,6,displacement_rank,/root/autodl-tmp/cycle09_stage4_state_displacement/cells/llama/seqkd/step_040/E_general.L14.main.direction.pt,activation_conditioned_update_displacement_singular_values,128,0.09601705812572317,0.108540028865446,0.003982941874276835,0.008540028865445998,0.003982941874276835,1.3424034417626955,3.5492056711038673,0.7449325358454912,0.9366044188412751,0,PASS
llama,seqkd,40,E_general,14,self_attn.o_proj,0.01,28,displacement_rank,/root/autodl-tmp/cycle09_stage4_state_displacement/cells/llama/seqkd/step_040/E_general.L14.main.direction.pt,activation_conditioned_update_displacement_singular_values,128,0.009751197385108261,0.013256709634233579,0.0002488026148917393,0.003256709634233579,0.0002488026148917393,2.1254951583053106,9.149591040765818,0.470478606404973,0.8468727442842625,0,PASS
llama,seqkd,40,E_general,14,self_attn.o_proj,0.025,25,displacement_rank,/root/autodl-tmp/cycle09_stage4_state_displacement/cells/llama/seqkd/step_040/E_general.L14.main.direction.pt,activation_conditioned_update_displacement_singular_values,128,0.021515093955681765,0.026196951775847487,0.003484906044318236,0.0011969517758474851,0.0011969517758474851,2.1254951583053106,9.149591040765818,0.470478606404973,0.8468727442842625,0,PASS
llama,seqkd,40,E_general,14,self_attn.o_proj,0.05,20,displacement_rank,/root/autodl-tmp/cycle09_stage4_state_displacement/cells/llama/seqkd/step_040/E_general.L14.main.direction.pt,activation_conditioned_update_displacement_singular_values,128,0.04741216333624453,0.053990472525893084,0.0025878366637554703,0.003990472525893081,0.0025878366637554703,2.1254951583053106,9.149591040765818,0.470478606404973,0.8468727442842625,0,PASS
llama,seqkd,40,E_general,14,self_attn.o_proj,0.1,14,displacement_rank,/root/autodl-tmp/cycle09_stage4_state_displacement/cells/llama/seqkd/step_040/E_general.L14.main.direction.pt,activation_conditioned_update_displacement_singular_values,128,0.09633153793246436,0.10724415911752544,0.003668462067535641,0.007244159117525434,0.003668462067535641,2.1254951583053106,9.149591040765818,0.470478606404973,0.8468727442842625,0,PASS
llama,seqkd,40,E_general,14,mlp.gate_proj,0.01,27,displacement_rank,/root/autodl-tmp/cycle09_stage4_state_displacement/cells/llama/seqkd/step_040/E_general.L14.main.direction.pt,activation_conditioned_update_displacement_singular_values,128,0.009129059917643347,0.01149515770658457,0.0008709400823566534,0.001495157706584569,0.0008709400823566534,1.2619302187198616,3.1666678103628914,0.7924368441025439,0.9211169930114654,0,PASS
llama,seqkd,40,E_general,14,mlp.gate_proj,0.025,22,displacement_rank,/root/autodl-tmp/cycle09_stage4_state_displacement/cells/llama/seqkd/step_040/E_general.L14.main.direction.pt,activation_conditioned_update_displacement_singular_values,128,0.022960578821358494,0.026277762998631188,0.0020394211786415074,0.0012777629986311864,0.0012777629986311864,1.2619302187198616,3.1666678103628914,0.7924368441025439,0.9211169930114654,0,PASS
llama,seqkd,40,E_general,14,mlp.gate_proj,0.05,16,displacement_rank,/root/autodl-tmp/cycle09_stage4_state_displacement/cells/llama/seqkd/step_040/E_general.L14.main.direction.pt,activation_conditioned_update_displacement_singular_values,128,0.046241651133682546,0.050718508600432,0.003758348866317457,0.0007185086004319954,0.0007185086004319954,1.2619302187198616,3.1666678103628914,0.7924368441025439,0.9211169930114654,0,PASS
llama,seqkd,40,E_general,14,mlp.gate_proj,0.1,8,displacement_rank,/root/autodl-tmp/cycle09_stage4_state_displacement/cells/llama/seqkd/step_040/E_general.L14.main.direction.pt,activation_conditioned_update_displacement_singular_values,128,0.09350940411570435,0.10274761854229371,0.006490595884295652,0.0027476185422937033,0.0027476185422937033,1.2619302187198616,3.1666678103628914,0.7924368441025439,0.9211169930114654,0,PASS
llama,seqkd,40,E_general,14,mlp.up_proj,0.01,29,displacement_rank,/root/autodl-tmp/cycle09_stage4_state_displacement/cells/llama/seqkd/step_040/E_general.L14.main.direction.pt,activation_conditioned_update_displacement_singular_values,128,0.007662103789097286,0.010857817232603694,0.0023378962109027145,0.0008578172326036936,0.0008578172326036936,1.5592117590060395,5.734583402125662,0.6413497039282697,0.872181173580254,0,PASS
llama,seqkd,40,E_general,14,mlp.up_proj,0.025,25,displacement_rank,/root/autodl-tmp/cycle09_stage4_state_displacement/cells/llama/seqkd/step_040/E_general.L14.main.direction.pt,activation_conditioned_update_displacement_singular_values,128,0.022465612684863027,0.0269445619073239,0.0025343873151369746,0.0019445619073238975,0.0019445619073238975,1.5592117590060395,5.734583402125662,0.6413497039282697,0.872181173580254,0,PASS
llama,seqkd,40,E_general,14,mlp.up_proj,0.05,20,displacement_rank,/root/autodl-tmp/cycle09_stage4_state_displacement/cells/llama/seqkd/step_040/E_general.L14.main.direction.pt,activation_conditioned_update_displacement_singular_values,128,0.04739553651703264,0.05328748810482301,0.002604463482967362,0.0032874881048230095,0.002604463482967362,1.5592117590060395,5.734583402125662,0.6413497039282697,0.872181173580254,0,PASS
llama,seqkd,40,E_general,14,mlp.up_proj,0.1,13,displacement_rank,/root/autodl-tmp/cycle09_stage4_state_displacement/cells/llama/seqkd/step_040/E_general.L14.main.direction.pt,activation_conditioned_update_displacement_singular_values,128,0.09727254449245323,0.10604388211020864,0.002727455507546772,0.006043882110208634,0.002727455507546772,1.5592117590060395,5.734583402125662,0.6413497039282697,0.872181173580254,0,PASS
llama,seqkd,40,E_general,14,mlp.down_proj,0.01,29,displacement_rank,/root/autodl-tmp/cycle09_stage4_state_displacement/cells/llama/seqkd/step_040/E_general.L14.main.direction.pt,activation_conditioned_update_displacement_singular_values,128,0.00857360248973936,0.011777631505908595,0.0014263975102606404,0.0017776315059085945,0.0014263975102606404,1.5162279118146544,5.460203729742116,0.6595314544784882,0.8709224688222469,0,PASS
llama,seqkd,40,E_general,14,mlp.down_proj,0.025,25,displacement_rank,/root/autodl-tmp/cycle09_stage4_state_displacement/cells/llama/seqkd/step_040/E_general.L14.main.direction.pt,activation_conditioned_update_displacement_singular_values,128,0.023418391868765053,0.02776228441015277,0.0015816081312349482,0.0027622844101527697,0.0015816081312349482,1.5162279118146544,5.460203729742116,0.6595314544784882,0.8709224688222469,0,PASS
llama,seqkd,40,E_general,14,mlp.down_proj,0.05,20,displacement_rank,/root/autodl-tmp/cycle09_stage4_state_displacement/cells/llama/seqkd/step_040/E_general.L14.main.direction.pt,activation_conditioned_update_displacement_singular_values,128,0.047532315001309826,0.05309899279137417,0.002467684998690177,0.0030989927913741694,0.002467684998690177,1.5162279118146544,5.460203729742116,0.6595314544784882,0.8709224688222469,0,PASS
llama,seqkd,40,E_general,14,mlp.down_proj,0.1,13,displacement_rank,/root/autodl-tmp/cycle09_stage4_state_displacement/cells/llama/seqkd/step_040/E_general.L14.main.direction.pt,activation_conditioned_update_displacement_singular_values,128,0.09768885242734027,0.10720377129030778,0.0023111475726597386,0.0072037712903077755,0.0023111475726597386,1.5162279118146544,5.460203729742116,0.6595314544784882,0.8709224688222469,0,PASS
llama,seqkd,40,E_math,14,self_attn.q_proj,0.01,27,displacement_rank,/root/autodl-tmp/cycle09_stage4_state_displacement/cells/llama/seqkd/step_040/E_math.L14.main.direction.pt,activation_conditioned_update_displacement_singular_values,128,0.007984173503177417,0.010328012482709335,0.002015826496822583,0.0003280124827093351,0.0003280124827093351,1.5315610561530877,4.950494830640458,0.6529285894169697,0.9095669347493078,0,PASS
llama,seqkd,40,E_math,14,self_attn.q_proj,0.025,21,displacement_rank,/root/autodl-tmp/cycle09_stage4_state_displacement/cells/llama/seqkd/step_040/E_math.L14.main.direction.pt,activation_conditioned_update_displacement_singular_values,128,0.024187197411321294,0.02760055564282684,0.0008128025886787078,0.002600555642826838,0.0008128025886787078,1.5315610561530877,4.950494830640458,0.6529285894169697,0.9095669347493078,0,PASS
llama,seqkd,40,E_math,14,self_attn.q_proj,0.05,16,displacement_rank,/root/autodl-tmp/cycle09_stage4_state_displacement/cells/llama/seqkd/step_040/E_math.L14.main.direction.pt,activation_conditioned_update_displacement_singular_values,128,0.04536664672414851,0.05066757226367446,0.004633353275851494,0.0006675722636744555,0.0006675722636744555,1.5315610561530877,4.950494830640458,0.6529285894169697,0.9095669347493078,0,PASS
llama,seqkd,40,E_math,14,self_attn.q_proj,0.1,10,displacement_rank,/root/autodl-tmp/cycle09_stage4_state_displacement/cells/llama/seqkd/step_040/E_math.L14.main.direction.pt,activation_conditioned_update_displacement_singular_values,128,0.09043306525069231,0.10102699081330406,0.009566934749307698,0.0010269908133040545,0.0010269908133040545,1.5315610561530877,4.950494830640458,0.6529285894169697,0.9095669347493078,0,PASS
llama,seqkd,40,E_math,14,self_attn.k_proj,0.01,27,displacement_rank,/root/autodl-tmp/cycle09_stage4_state_displacement/cells/llama/seqkd/step_040/E_math.L14.main.direction.pt,activation_conditioned_update_displacement_singular_values,128,0.008463895360418866,0.01071773884909521,0.0015361046395811345,0.0007177388490952098,0.0007177388490952098,1.3908923417074122,4.248508136598773,0.7189629060524081,0.9042096715132354,0,PASS
llama,seqkd,40,E_math,14,self_attn.k_proj,0.025,22,displacement_rank,/root/autodl-tmp/cycle09_stage4_state_displacement/cells/llama/seqkd/step_040/E_math.L14.main.direction.pt,activation_conditioned_update_displacement_singular_values,128,0.02181511169826403,0.025355860681979696,0.00318488830173597,0.00035586068197969445,0.00035586068197969445,1.3908923417074122,4.248508136598773,0.7189629060524081,0.9042096715132354,0,PASS
llama,seqkd,40,E_math,14,self_attn.k_proj,0.05,16,displacement_rank,/root/autodl-tmp/cycle09_stage4_state_displacement/cells/llama/seqkd/step_040/E_math.L14.main.direction.pt,activation_conditioned_update_displacement_singular_values,128,0.048002166836021494,0.054388206183196786,0.001997833163978509,0.004388206183196783,0.001997833163978509,1.3908923417074122,4.248508136598773,0.7189629060524081,0.9042096715132354,0,PASS
llama,seqkd,40,E_math,14,self_attn.k_proj,0.1,10,displacement_rank,/root/autodl-tmp/cycle09_stage4_state_displacement/cells/llama/seqkd/step_040/E_math.L14.main.direction.pt,activation_conditioned_update_displacement_singular_values,128,0.09579032848676511,0.10639136218191839,0.004209671513234897,0.006391362181918381,0.004209671513234897,1.3908923417074122,4.248508136598773,0.7189629060524081,0.9042096715132354,0,PASS
llama,seqkd,40,E_math,14,self_attn.v_proj,0.01,20,displacement_rank,/root/autodl-tmp/cycle09_stage4_state_displacement/cells/llama/seqkd/step_040/E_math.L14.main.direction.pt,activation_conditioned_update_displacement_singular_values,128,0.008869683710670742,0.010103149231203258,0.0011303162893292577,0.00010314923120325822,0.00010314923120325822,1.160908541890832,2.152408075837692,0.8613942993056526,0.9708231542093148,0,PASS
llama,seqkd,40,E_math,14,self_attn.v_proj,0.025,12,displacement_rank,/root/autodl-tmp/cycle09_stage4_state_displacement/cells/llama/seqkd/step_040/E_math.L14.main.direction.pt,activation_conditioned_update_displacement_singular_values,128,0.02295404181914525,0.025852926056933703,0.002045958180854752,0.0008529260569337012,0.0008529260569337012,1.160908541890832,2.152408075837692,0.8613942993056526,0.9708231542093148,0,PASS
llama,seqkd,40,E_math,14,self_attn.v_proj,0.05,6,displacement_rank,/root/autodl-tmp/cycle09_stage4_state_displacement/cells/llama/seqkd/step_040/E_math.L14.main.direction.pt,activation_conditioned_update_displacement_singular_values,128,0.04681839070591894,0.05487076195490504,0.00318160929408106,0.004870761954905038,0.00318160929408106,1.160908541890832,2.152408075837692,0.8613942993056526,0.9708231542093148,0,PASS
llama,seqkd,40,E_math,14,self_attn.v_proj,0.1,3,displacement_rank,/root/autodl-tmp/cycle09_stage4_state_displacement/cells/llama/seqkd/step_040/E_math.L14.main.direction.pt,activation_conditioned_update_displacement_singular_values,128,0.0788357724533986,0.10647006921136327,0.02116422754660141,0.006470069211363269,0.006470069211363269,1.160908541890832,2.152408075837692,0.8613942993056526,0.9708231542093148,0,PASS
llama,seqkd,40,E_math,14,self_attn.o_proj,0.01,24,displacement_rank,/root/autodl-tmp/cycle09_stage4_state_displacement/cells/llama/seqkd/step_040/E_math.L14.main.direction.pt,activation_conditioned_update_displacement_singular_values,128,0.009323671716692662,0.011118816600907319,0.000676328283307338,0.0011188166009073186,0.000676328283307338,1.3668525080289395,3.6659365771818897,0.731607831954044,0.939914487043259,0,PASS
llama,seqkd,40,E_math,14,self_attn.o_proj,0.025,18,displacement_rank,/root/autodl-tmp/cycle09_stage4_state_displacement/cells/llama/seqkd/step_040/E_math.L14.main.direction.pt,activation_conditioned_update_displacement_singular_values,128,0.023136956631275667,0.02644111348079521,0.001863043368724334,0.00144111348079521,0.00144111348079521,1.3668525080289395,3.6659365771818897,0.731607831954044,0.939914487043259,0,PASS
llama,seqkd,40,E_math,14,self_attn.o_proj,0.05,12,displacement_rank,/root/autodl-tmp/cycle09_stage4_state_displacement/cells/llama/seqkd/step_040/E_math.L14.main.direction.pt,activation_conditioned_update_displacement_singular_values,128,0.047370304099991704,0.053005104436807206,0.0026296959000082984,0.003005104436807203,0.0026296959000082984,1.3668525080289395,3.6659365771818897,0.731607831954044,0.939914487043259,0,PASS
llama,seqkd,40,E_math,14,self_attn.o_proj,0.1,7,displacement_rank,/root/autodl-tmp/cycle09_stage4_state_displacement/cells/llama/seqkd/step_040/E_math.L14.main.direction.pt,activation_conditioned_update_displacement_singular_values,128,0.08875047570697775,0.10079153654116829,0.011249524293022256,0.0007915365411682862,0.0007915365411682862,1.3668525080289395,3.6659365771818897,0.731607831954044,0.939914487043259,0,PASS
llama,seqkd,40,E_math,14,mlp.gate_proj,0.01,21,displacement_rank,/root/autodl-tmp/cycle09_stage4_state_displacement/cells/llama/seqkd/step_040/E_math.L14.main.direction.pt,activation_conditioned_update_displacement_singular_values,128,0.009996451977719163,0.011397238020534266,3.5480222808376843e-06,0.0013972380205342656,3.5480222808376843e-06,1.114525044099428,1.8821025362021662,0.8972431847038771,0.9686899393355063,0,PASS
llama,seqkd,40,E_math,14,mlp.gate_proj,0.025,13,displacement_rank,/root/autodl-tmp/cycle09_stage4_state_displacement/cells/llama/seqkd/step_040/E_math.L14.main.direction.pt,activation_conditioned_update_displacement_singular_values,128,0.023834445871689168,0.026160942197960012,0.0011655541283108334,0.001160942197960011,0.001160942197960011,1.114525044099428,1.8821025362021662,0.8972431847038771,0.9686899393355063,0,PASS
llama,seqkd,40,E_math,14,mlp.gate_proj,0.05,6,displacement_rank,/root/autodl-tmp/cycle09_stage4_state_displacement/cells/llama/seqkd/step_040/E_math.L14.main.direction.pt,activation_conditioned_update_displacement_singular_values,128,0.047774350762516876,0.053564060476751905,0.0022256492374831266,0.0035640604767519027,0.0022256492374831266,1.114525044099428,1.8821025362021662,0.8972431847038771,0.9686899393355063,0,PASS
llama,seqkd,40,E_math,14,mlp.gate_proj,0.1,2,displacement_rank,/root/autodl-tmp/cycle09_stage4_state_displacement/cells/llama/seqkd/step_040/E_math.L14.main.direction.pt,activation_conditioned_update_displacement_singular_values,128,0.08282497275757274,0.10275681529612284,0.017175027242427268,0.0027568152961228304,0.0027568152961228304,1.114525044099428,1.8821025362021662,0.8972431847038771,0.9686899393355063,0,PASS
llama,seqkd,40,E_math,14,mlp.up_proj,0.01,24,displacement_rank,/root/autodl-tmp/cycle09_stage4_state_displacement/cells/llama/seqkd/step_040/E_math.L14.main.direction.pt,activation_conditioned_update_displacement_singular_values,128,0.008739670051005202,0.010297617323770335,0.0012603299489947987,0.0002976173237703352,0.0002976173237703352,1.2054752163616613,2.5470923435358546,0.8295483693295479,0.9528358024573217,0,PASS
llama,seqkd,40,E_math,14,mlp.up_proj,0.025,17,displacement_rank,/root/autodl-tmp/cycle09_stage4_state_displacement/cells/llama/seqkd/step_040/E_math.L14.main.direction.pt,activation_conditioned_update_displacement_singular_values,128,0.022474520333097384,0.02505103063220334,0.002525479666902617,5.103063220333881e-05,5.103063220333881e-05,1.2054752163616613,2.5470923435358546,0.8295483693295479,0.9528358024573217,0,PASS
llama,seqkd,40,E_math,14,mlp.up_proj,0.05,10,displacement_rank,/root/autodl-tmp/cycle09_stage4_state_displacement/cells/llama/seqkd/step_040/E_math.L14.main.direction.pt,activation_conditioned_update_displacement_singular_values,128,0.04716419754267823,0.05266827626915344,0.002835802457321776,0.00266827626915344,0.00266827626915344,1.2054752163616613,2.5470923435358546,0.8295483693295479,0.9528358024573217,0,PASS
llama,seqkd,40,E_math,14,mlp.up_proj,0.1,4,displacement_rank,/root/autodl-tmp/cycle09_stage4_state_displacement/cells/llama/seqkd/step_040/E_math.L14.main.direction.pt,activation_conditioned_update_displacement_singular_values,128,0.09331441897289736,0.10694127802423078,0.0066855810271026495,0.006941278024230779,0.0066855810271026495,1.2054752163616613,2.5470923435358546,0.8295483693295479,0.9528358024573217,0,PASS
llama,seqkd,40,E_math,14,mlp.down_proj,0.01,22,displacement_rank,/root/autodl-tmp/cycle09_stage4_state_displacement/cells/llama/seqkd/step_040/E_math.L14.main.direction.pt,activation_conditioned_update_displacement_singular_values,128,0.008786604476826974,0.010117411222524214,0.0012133955231730265,0.00011741122252421389,0.00011741122252421389,1.1183036973160445,1.9213445888471283,0.8942114761848895,0.9649531151362551,0,PASS
llama,seqkd,40,E_math,14,mlp.down_proj,0.025,14,displacement_rank,/root/autodl-tmp/cycle09_stage4_state_displacement/cells/llama/seqkd/step_040/E_math.L14.main.direction.pt,activation_conditioned_update_displacement_singular_values,128,0.02371006616367763,0.02608851581155969,0.0012899338363223725,0.0010885158115596892,0.0010885158115596892,1.1183036973160445,1.9213445888471283,0.8942114761848895,0.9649531151362551,0,PASS
llama,seqkd,40,E_math,14,mlp.down_proj,0.05,7,displacement_rank,/root/autodl-tmp/cycle09_stage4_state_displacement/cells/llama/seqkd/step_040/E_math.L14.main.direction.pt,activation_conditioned_update_displacement_singular_values,128,0.0470459191777283,0.052456022556548666,0.0029540808222717,0.0024560225565486635,0.0024560225565486635,1.1183036973160445,1.9213445888471283,0.8942114761848895,0.9649531151362551,0,PASS
llama,seqkd,40,E_math,14,mlp.down_proj,0.1,2,displacement_rank,/root/autodl-tmp/cycle09_stage4_state_displacement/cells/llama/seqkd/step_040/E_math.L14.main.direction.pt,activation_conditioned_update_displacement_singular_values,128,0.0865960119008059,0.10578852381511077,0.013403988099194103,0.00578852381511076,0.00578852381511076,1.1183036973160445,1.9213445888471283,0.8942114761848895,0.9649531151362551,0,PASS
llama,seqkd,40,E_ood,14,self_attn.q_proj,0.01,28,displacement_rank,/root/autodl-tmp/cycle09_stage4_state_displacement/cells/llama/seqkd/step_040/E_ood.L14.main.direction.pt,activation_conditioned_update_displacement_singular_values,128,0.007804831947797493,0.010172424468122093,0.002195168052202507,0.00017242446812209232,0.00017242446812209232,1.7252894317372343,6.154082687590625,0.5796128937004364,0.8947733842106957,0,PASS
llama,seqkd,40,E_ood,14,self_attn.q_proj,0.025,23,displacement_rank,/root/autodl-tmp/cycle09_stage4_state_displacement/cells/llama/seqkd/step_040/E_ood.L14.main.direction.pt,activation_conditioned_update_displacement_singular_values,128,0.02192017083140188,0.025417536676503136,0.0030798291685981208,0.00041753667650313436,0.00041753667650313436,1.7252894317372343,6.154082687590625,0.5796128937004364,0.8947733842106957,0,PASS
llama,seqkd,40,E_ood,14,self_attn.q_proj,0.05,17,displacement_rank,/root/autodl-tmp/cycle09_stage4_state_displacement/cells/llama/seqkd/step_040/E_ood.L14.main.direction.pt,activation_conditioned_update_displacement_singular_values,128,0.049583450142903385,0.05574917370722361,0.00041654985709661807,0.005749173707223609,0.00041654985709661807,1.7252894317372343,6.154082687590625,0.5796128937004364,0.8947733842106957,0,PASS
llama,seqkd,40,E_ood,14,self_attn.q_proj,0.1,11,displacement_rank,/root/autodl-tmp/cycle09_stage4_state_displacement/cells/llama/seqkd/step_040/E_ood.L14.main.direction.pt,activation_conditioned_update_displacement_singular_values,128,0.09459250120408007,0.10522661578930427,0.005407498795919938,0.005226615789304265,0.005226615789304265,1.7252894317372343,6.154082687590625,0.5796128937004364,0.8947733842106957,0,PASS
llama,seqkd,40,E_ood,14,self_attn.k_proj,0.01,27,displacement_rank,/root/autodl-tmp/cycle09_stage4_state_displacement/cells/llama/seqkd/step_040/E_ood.L14.main.direction.pt,activation_conditioned_update_displacement_singular_values,128,0.008037575393916311,0.010300704385574332,0.0019624246060836893,0.00030070438557433174,0.00030070438557433174,1.348474949387691,3.891011707297929,0.741578477563914,0.9114486259738275,0,PASS
llama,seqkd,40,E_ood,14,self_attn.k_proj,0.025,21,displacement_rank,/root/autodl-tmp/cycle09_stage4_state_displacement/cells/llama/seqkd/step_040/E_ood.L14.main.direction.pt,activation_conditioned_update_displacement_singular_values,128,0.024195144344660875,0.02771662524287356,0.0008048556553391269,0.0027166252428735584,0.0008048556553391269,1.348474949387691,3.891011707297929,0.741578477563914,0.9114486259738275,0,PASS
llama,seqkd,40,E_ood,14,self_attn.k_proj,0.05,16,displacement_rank,/root/autodl-tmp/cycle09_stage4_state_displacement/cells/llama/seqkd/step_040/E_ood.L14.main.direction.pt,activation_conditioned_update_displacement_singular_values,128,0.04587113263361921,0.05132049595568679,0.004128867366380795,0.0013204959556867846,0.0013204959556867846,1.348474949387691,3.891011707297929,0.741578477563914,0.9114486259738275,0,PASS
llama,seqkd,40,E_ood,14,self_attn.k_proj,0.1,9,displacement_rank,/root/autodl-tmp/cycle09_stage4_state_displacement/cells/llama/seqkd/step_040/E_ood.L14.main.direction.pt,activation_conditioned_update_displacement_singular_values,128,0.09862578561639401,0.11037269046748768,0.0013742143836059928,0.010372690467487677,0.0013742143836059928,1.348474949387691,3.891011707297929,0.741578477563914,0.9114486259738275,0,PASS
llama,seqkd,40,E_ood,14,self_attn.v_proj,0.01,23,displacement_rank,/root/autodl-tmp/cycle09_stage4_state_displacement/cells/llama/seqkd/step_040/E_ood.L14.main.direction.pt,activation_conditioned_update_displacement_singular_values,128,0.009774768451295966,0.01134100092833461,0.00022523154870403468,0.001341000928334609,0.00022523154870403468,1.3030660222886608,3.152446575759296,0.7674208235770233,0.9509899126182135,0,PASS
llama,seqkd,40,E_ood,14,self_attn.v_proj,0.025,16,displacement_rank,/root/autodl-tmp/cycle09_stage4_state_displacement/cells/llama/seqkd/step_040/E_ood.L14.main.direction.pt,activation_conditioned_update_displacement_singular_values,128,0.024536131962593993,0.027394179405248267,0.00046386803740600807,0.0023941794052482653,0.00046386803740600807,1.3030660222886608,3.152446575759296,0.7674208235770233,0.9509899126182135,0,PASS
llama,seqkd,40,E_ood,14,self_attn.v_proj,0.05,10,displacement_rank,/root/autodl-tmp/cycle09_stage4_state_displacement/cells/llama/seqkd/step_040/E_ood.L14.main.direction.pt,activation_conditioned_update_displacement_singular_values,128,0.04901008738178665,0.05448672288702947,0.000989912618213351,0.004486722887029469,0.000989912618213351,1.3030660222886608,3.152446575759296,0.7674208235770233,0.9509899126182135,0,PASS
llama,seqkd,40,E_ood,14,self_attn.v_proj,0.1,5,displacement_rank,/root/autodl-tmp/cycle09_stage4_state_displacement/cells/llama/seqkd/step_040/E_ood.L14.main.direction.pt,activation_conditioned_update_displacement_singular_values,128,0.08547128208939764,0.10433747810281938,0.014528717910602368,0.00433747810281937,0.00433747810281937,1.3030660222886608,3.152446575759296,0.7674208235770233,0.9509899126182135,0,PASS
llama,seqkd,40,E_ood,14,self_attn.o_proj,0.01,26,displacement_rank,/root/autodl-tmp/cycle09_stage4_state_displacement/cells/llama/seqkd/step_040/E_ood.L14.main.direction.pt,activation_conditioned_update_displacement_singular_values,128,0.009131263796784438,0.011523221948086923,0.0008687362032155626,0.0015232219480869232,0.0008687362032155626,1.4537542004987132,4.480030001399912,0.6878741947276562,0.9118206459689276,0,PASS
llama,seqkd,40,E_ood,14,self_attn.o_proj,0.025,21,displacement_rank,/root/autodl-tmp/cycle09_stage4_state_displacement/cells/llama/seqkd/step_040/E_ood.L14.main.direction.pt,activation_conditioned_update_displacement_singular_values,128,0.023394415519565646,0.026891612883218643,0.0016055844804343557,0.0018916128832186414,0.0016055844804343557,1.4537542004987132,4.480030001399912,0.6878741947276562,0.9118206459689276,0,PASS
llama,seqkd,40,E_ood,14,self_attn.o_proj,0.05,16,displacement_rank,/root/autodl-tmp/cycle09_stage4_state_displacement/cells/llama/seqkd/step_040/E_ood.L14.main.direction.pt,activation_conditioned_update_displacement_singular_values,128,0.04421288956972565,0.05017435059102278,0.005787110430274356,0.00017435059102277606,0.00017435059102277606,1.4537542004987132,4.480030001399912,0.6878741947276562,0.9118206459689276,0,PASS
llama,seqkd,40,E_ood,14,self_attn.o_proj,0.1,9,displacement_rank,/root/autodl-tmp/cycle09_stage4_state_displacement/cells/llama/seqkd/step_040/E_ood.L14.main.direction.pt,activation_conditioned_update_displacement_singular_values,128,0.09736843332006423,0.10728083974334089,0.002631566679935776,0.007280839743340886,0.002631566679935776,1.4537542004987132,4.480030001399912,0.6878741947276562,0.9118206459689276,0,PASS
llama,seqkd,40,E_ood,14,mlp.gate_proj,0.01,24,displacement_rank,/root/autodl-tmp/cycle09_stage4_state_displacement/cells/llama/seqkd/step_040/E_ood.L14.main.direction.pt,activation_conditioned_update_displacement_singular_values,128,0.009991329020403405,0.011716578149725272,8.670979596595366e-06,0.001716578149725272,8.670979596595366e-06,1.17552459040729,2.3688766771607592,0.850684033460776,0.9513646968758669,0,PASS
llama,seqkd,40,E_ood,14,mlp.gate_proj,0.025,18,displacement_rank,/root/autodl-tmp/cycle09_stage4_state_displacement/cells/llama/seqkd/step_040/E_ood.L14.main.direction.pt,activation_conditioned_update_displacement_singular_values,128,0.022664513183402814,0.025252771243158705,0.002335486816597187,0.00025277124315870383,0.00025277124315870383,1.17552459040729,2.3688766771607592,0.850684033460776,0.9513646968758669,0,PASS
llama,seqkd,40,E_ood,14,mlp.gate_proj,0.05,10,displacement_rank,/root/autodl-tmp/cycle09_stage4_state_displacement/cells/llama/seqkd/step_040/E_ood.L14.main.direction.pt,activation_conditioned_update_displacement_singular_values,128,0.04863530312413358,0.05300513399313037,0.0013646968758664196,0.0030051339931303697,0.0013646968758664196,1.17552459040729,2.3688766771607592,0.850684033460776,0.9513646968758669,0,PASS
llama,seqkd,40,E_ood,14,mlp.gate_proj,0.1,4,displacement_rank,/root/autodl-tmp/cycle09_stage4_state_displacement/cells/llama/seqkd/step_040/E_ood.L14.main.direction.pt,activation_conditioned_update_displacement_singular_values,128,0.08832567421108739,0.10116585100761609,0.011674325788912615,0.0011658510076160838,0.0011658510076160838,1.17552459040729,2.3688766771607592,0.850684033460776,0.9513646968758669,0,PASS
llama,seqkd,40,E_ood,14,mlp.up_proj,0.01,27,displacement_rank,/root/autodl-tmp/cycle09_stage4_state_displacement/cells/llama/seqkd/step_040/E_ood.L14.main.direction.pt,activation_conditioned_update_displacement_singular_values,128,0.009255914334875258,0.011828013475863717,0.000744085665124742,0.0018280134758637163,0.000744085665124742,1.4021906748648838,4.170045739073196,0.7131697692229774,0.9149169511179277,0,PASS
llama,seqkd,40,E_ood,14,mlp.up_proj,0.025,22,displacement_rank,/root/autodl-tmp/cycle09_stage4_state_displacement/cells/llama/seqkd/step_040/E_ood.L14.main.direction.pt,activation_conditioned_update_displacement_singular_values,128,0.023762086804545057,0.027245158797489694,0.001237913195454944,0.002245158797489693,0.001237913195454944,1.4021906748648838,4.170045739073196,0.7131697692229774,0.9149169511179277,0,PASS
llama,seqkd,40,E_ood,14,mlp.up_proj,0.05,16,displacement_rank,/root/autodl-tmp/cycle09_stage4_state_displacement/cells/llama/seqkd/step_040/E_ood.L14.main.direction.pt,activation_conditioned_update_displacement_singular_values,128,0.04763733451454885,0.05257656392291745,0.0023626654854511514,0.002576563922917448,0.0023626654854511514,1.4021906748648838,4.170045739073196,0.7131697692229774,0.9149169511179277,0,PASS
llama,seqkd,40,E_ood,14,mlp.up_proj,0.1,9,displacement_rank,/root/autodl-tmp/cycle09_stage4_state_displacement/cells/llama/seqkd/step_040/E_ood.L14.main.direction.pt,activation_conditioned_update_displacement_singular_values,128,0.09434573619561219,0.10421465965221618,0.005654263804387813,0.0042146596522161794,0.0042146596522161794,1.4021906748648838,4.170045739073196,0.7131697692229774,0.9149169511179277,0,PASS
llama,seqkd,40,E_ood,14,mlp.down_proj,0.01,25,displacement_rank,/root/autodl-tmp/cycle09_stage4_state_displacement/cells/llama/seqkd/step_040/E_ood.L14.main.direction.pt,activation_conditioned_update_displacement_singular_values,128,0.00865868978731739,0.010448514659334482,0.0013413102126826094,0.00044851465933448166,0.00044851465933448166,1.1679533756338685,2.3425969134351714,0.8561985614000068,0.948873177260586,0,PASS
llama,seqkd,40,E_ood,14,mlp.down_proj,0.025,18,displacement_rank,/root/autodl-tmp/cycle09_stage4_state_displacement/cells/llama/seqkd/step_040/E_ood.L14.main.direction.pt,activation_conditioned_update_displacement_singular_values,128,0.0230643695833395,0.02560272574288352,0.001935630416660502,0.000602725742883517,0.000602725742883517,1.1679533756338685,2.3425969134351714,0.8561985614000068,0.948873177260586,0,PASS
llama,seqkd,40,E_ood,14,mlp.down_proj,0.05,11,displacement_rank,/root/autodl-tmp/cycle09_stage4_state_displacement/cells/llama/seqkd/step_040/E_ood.L14.main.direction.pt,activation_conditioned_update_displacement_singular_values,128,0.04663216989144054,0.05112682273941419,0.0033678301085594622,0.0011268227394141891,0.0011268227394141891,1.1679533756338685,2.3425969134351714,0.8561985614000068,0.948873177260586,0,PASS
llama,seqkd,40,E_ood,14,mlp.down_proj,0.1,4,displacement_rank,/root/autodl-tmp/cycle09_stage4_state_displacement/cells/llama/seqkd/step_040/E_ood.L14.main.direction.pt,activation_conditioned_update_displacement_singular_values,128,0.09382818346854847,0.10626006949127845,0.006171816531451532,0.006260069491278442,0.006171816531451532,1.1679533756338685,2.3425969134351714,0.8561985614000068,0.948873177260586,0,PASS
llama,seqkd,40,E_if,14,self_attn.q_proj,0.01,28,displacement_rank,/root/autodl-tmp/cycle09_stage4_state_displacement/cells/llama/seqkd/step_040/E_if.L14.main.direction.pt,activation_conditioned_update_displacement_singular_values,128,0.007908057845121308,0.01034272294461892,0.0020919421548786926,0.0003427229446189197,0.0003427229446189197,1.597719074641904,5.53277270983874,0.6258922584523374,0.89782975217539,0,PASS
llama,seqkd,40,E_if,14,self_attn.q_proj,0.025,23,displacement_rank,/root/autodl-tmp/cycle09_stage4_state_displacement/cells/llama/seqkd/step_040/E_if.L14.main.direction.pt,activation_conditioned_update_displacement_singular_values,128,0.022607332834120746,0.026175324400722864,0.002392667165879256,0.001175324400722863,0.001175324400722863,1.597719074641904,5.53277270983874,0.6258922584523374,0.89782975217539,0,PASS
llama,seqkd,40,E_if,14,self_attn.q_proj,0.05,17,displacement_rank,/root/autodl-tmp/cycle09_stage4_state_displacement/cells/llama/seqkd/step_040/E_if.L14.main.direction.pt,activation_conditioned_update_displacement_singular_values,128,0.049583014114040966,0.05509760085451249,0.00041698588595903696,0.005097600854512489,0.00041698588595903696,1.597719074641904,5.53277270983874,0.6258922584523374,0.89782975217539,0,PASS
llama,seqkd,40,E_if,14,self_attn.q_proj,0.1,11,displacement_rank,/root/autodl-tmp/cycle09_stage4_state_displacement/cells/llama/seqkd/step_040/E_if.L14.main.direction.pt,activation_conditioned_update_displacement_singular_values,128,0.09181186209896944,0.10217024782460972,0.008188137901030568,0.002170247824609714,0.002170247824609714,1.597719074641904,5.53277270983874,0.6258922584523374,0.89782975217539,0,PASS
llama,seqkd,40,E_if,14,self_attn.k_proj,0.01,28,displacement_rank,/root/autodl-tmp/cycle09_stage4_state_displacement/cells/llama/seqkd/step_040/E_if.L14.main.direction.pt,activation_conditioned_update_displacement_singular_values,128,0.00741118992668562,0.010074254447102814,0.00258881007331438,7.425444710281413e-05,7.425444710281413e-05,1.4134197979927552,4.50361577210131,0.7075038862623358,0.896334930391201,0,PASS
llama,seqkd,40,E_if,14,self_attn.k_proj,0.025,23,displacement_rank,/root/autodl-tmp/cycle09_stage4_state_displacement/cells/llama/seqkd/step_040/E_if.L14.main.direction.pt,activation_conditioned_update_displacement_singular_values,128,0.02229035826002086,0.02577155470212511,0.0027096417399791427,0.0007715547021251087,0.0007715547021251087,1.4134197979927552,4.50361577210131,0.7075038862623358,0.896334930391201,0,PASS
llama,seqkd,40,E_if,14,self_attn.k_proj,0.05,17,displacement_rank,/root/autodl-tmp/cycle09_stage4_state_displacement/cells/llama/seqkd/step_040/E_if.L14.main.direction.pt,activation_conditioned_update_displacement_singular_values,128,0.04900199981307121,0.05473484625454353,0.0009980001869287908,0.004734846254543526,0.0009980001869287908,1.4134197979927552,4.50361577210131,0.7075038862623358,0.896334930391201,0,PASS
llama,seqkd,40,E_if,14,self_attn.k_proj,0.1,11,displacement_rank,/root/autodl-tmp/cycle09_stage4_state_displacement/cells/llama/seqkd/step_040/E_if.L14.main.direction.pt,activation_conditioned_update_displacement_singular_values,128,0.09281268028397192,0.10366506960879908,0.007187319716028082,0.0036650696087990736,0.0036650696087990736,1.4134197979927552,4.50361577210131,0.7075038862623358,0.896334930391201,0,PASS
llama,seqkd,40,E_if,14,self_attn.v_proj,0.01,23,displacement_rank,/root/autodl-tmp/cycle09_stage4_state_displacement/cells/llama/seqkd/step_040/E_if.L14.main.direction.pt,activation_conditioned_update_displacement_singular_values,128,0.008986168164809474,0.010446805558879946,0.0010138318351905259,0.00044680555887994557,0.00044680555887994557,1.2139101611780616,2.585171050558826,0.8237841909400704,0.9557040652309983,0,PASS
llama,seqkd,40,E_if,14,self_attn.v_proj,0.025,16,displacement_rank,/root/autodl-tmp/cycle09_stage4_state_displacement/cells/llama/seqkd/step_040/E_if.L14.main.direction.pt,activation_conditioned_update_displacement_singular_values,128,0.022555705099940402,0.02529193866833265,0.0024442949000595994,0.00029193866833264817,0.00029193866833264817,1.2139101611780616,2.585171050558826,0.8237841909400704,0.9557040652309983,0,PASS
llama,seqkd,40,E_if,14,self_attn.v_proj,0.05,9,displacement_rank,/root/autodl-tmp/cycle09_stage4_state_displacement/cells/llama/seqkd/step_040/E_if.L14.main.direction.pt,activation_conditioned_update_displacement_singular_values,128,0.04946522362334498,0.05525830906482313,0.0005347763766550204,0.005258309064823129,0.0005347763766550204,1.2139101611780616,2.585171050558826,0.8237841909400704,0.9557040652309983,0,PASS
llama,seqkd,40,E_if,14,self_attn.v_proj,0.1,4,displacement_rank,/root/autodl-tmp/cycle09_stage4_state_displacement/cells/llama/seqkd/step_040/E_if.L14.main.direction.pt,activation_conditioned_update_displacement_singular_values,128,0.09017364944514321,0.10631055497721167,0.009826350554856797,0.006310554977211669,0.006310554977211669,1.2139101611780616,2.585171050558826,0.8237841909400704,0.9557040652309983,0,PASS
llama,seqkd,40,E_if,14,self_attn.o_proj,0.01,28,displacement_rank,/root/autodl-tmp/cycle09_stage4_state_displacement/cells/llama/seqkd/step_040/E_if.L14.main.direction.pt,activation_conditioned_update_displacement_singular_values,128,0.008226957528659984,0.011021406289794514,0.0017730424713400163,0.0010214062897945138,0.0010214062897945138,2.321839581651329,8.3741945162368,0.4306929763376608,0.8695774020466175,0,PASS
llama,seqkd,40,E_if,14,self_attn.o_proj,0.025,24,displacement_rank,/root/autodl-tmp/cycle09_stage4_state_displacement/cells/llama/seqkd/step_040/E_if.L14.main.direction.pt,activation_conditioned_update_displacement_singular_values,128,0.022147880966111786,0.026530769275886414,0.0028521190338882153,0.0015307692758864122,0.0015307692758864122,2.321839581651329,8.3741945162368,0.4306929763376608,0.8695774020466175,0,PASS
llama,seqkd,40,E_if,14,self_attn.o_proj,0.05,19,displacement_rank,/root/autodl-tmp/cycle09_stage4_state_displacement/cells/llama/seqkd/step_040/E_if.L14.main.direction.pt,activation_conditioned_update_displacement_singular_values,128,0.04746826030642467,0.05375645550484634,0.002531739693575334,0.003756455504846337,0.002531739693575334,2.321839581651329,8.3741945162368,0.4306929763376608,0.8695774020466175,0,PASS
llama,seqkd,40,E_if,14,self_attn.o_proj,0.1,13,displacement_rank,/root/autodl-tmp/cycle09_stage4_state_displacement/cells/llama/seqkd/step_040/E_if.L14.main.direction.pt,activation_conditioned_update_displacement_singular_values,128,0.09444397105481074,0.10537425239899743,0.005556028945189265,0.005374252398997428,0.005374252398997428,2.321839581651329,8.3741945162368,0.4306929763376608,0.8695774020466175,0,PASS
llama,seqkd,40,E_if,14,mlp.gate_proj,0.01,24,displacement_rank,/root/autodl-tmp/cycle09_stage4_state_displacement/cells/llama/seqkd/step_040/E_if.L14.main.direction.pt,activation_conditioned_update_displacement_singular_values,128,0.009931609125912578,0.011612165115010313,6.8390874087422e-05,0.0016121651150103125,6.8390874087422e-05,1.1554058144791581,2.237884881785339,0.8654967695924111,0.9530636340642704,0,PASS
llama,seqkd,40,E_if,14,mlp.gate_proj,0.025,17,displacement_rank,/root/autodl-tmp/cycle09_stage4_state_displacement/cells/llama/seqkd/step_040/E_if.L14.main.direction.pt,activation_conditioned_update_displacement_singular_values,128,0.024017063776581384,0.026661895333024363,0.0009829362234186172,0.0016618953330243616,0.0009829362234186172,1.1554058144791581,2.237884881785339,0.8654967695924111,0.9530636340642704,0,PASS
llama,seqkd,40,E_if,14,mlp.gate_proj,0.05,10,displacement_rank,/root/autodl-tmp/cycle09_stage4_state_displacement/cells/llama/seqkd/step_040/E_if.L14.main.direction.pt,activation_conditioned_update_displacement_singular_values,128,0.046936365935729425,0.05167392788031392,0.0030636340642705776,0.0016739278803139176,0.0016739278803139176,1.1554058144791581,2.237884881785339,0.8654967695924111,0.9530636340642704,0,PASS
llama,seqkd,40,E_if,14,mlp.gate_proj,0.1,3,displacement_rank,/root/autodl-tmp/cycle09_stage4_state_displacement/cells/llama/seqkd/step_040/E_if.L14.main.direction.pt,activation_conditioned_update_displacement_singular_values,128,0.09965337960012548,0.11586933263279364,0.0003466203998745282,0.015869332632793637,0.0003466203998745282,1.1554058144791581,2.237884881785339,0.8654967695924111,0.9530636340642704,0,PASS
llama,seqkd,40,E_if,14,mlp.up_proj,0.01,27,displacement_rank,/root/autodl-tmp/cycle09_stage4_state_displacement/cells/llama/seqkd/step_040/E_if.L14.main.direction.pt,activation_conditioned_update_displacement_singular_values,128,0.007989050662414983,0.010179150920259374,0.002010949337585017,0.00017915092025937336,0.00017915092025937336,1.2786382653919321,3.2530315180157197,0.782082021996641,0.9266770282446387,0,PASS
llama,seqkd,40,E_if,14,mlp.up_proj,0.025,21,displacement_rank,/root/autodl-tmp/cycle09_stage4_state_displacement/cells/llama/seqkd/step_040/E_if.L14.main.direction.pt,activation_conditioned_update_displacement_singular_values,128,0.02348204422628497,0.026589318074783166,0.001517955773715031,0.001589318074783165,0.001517955773715031,1.2786382653919321,3.2530315180157197,0.782082021996641,0.9266770282446387,0,PASS
llama,seqkd,40,E_if,14,mlp.up_proj,0.05,14,displacement_rank,/root/autodl-tmp/cycle09_stage4_state_displacement/cells/llama/seqkd/step_040/E_if.L14.main.direction.pt,activation_conditioned_update_displacement_singular_values,128,0.04994143897756248,0.0545847648519636,5.85610224375227e-05,0.004584764851963595,5.85610224375227e-05,1.2786382653919321,3.2530315180157197,0.782082021996641,0.9266770282446387,0,PASS
llama,seqkd,40,E_if,14,mlp.up_proj,0.1,7,displacement_rank,/root/autodl-tmp/cycle09_stage4_state_displacement/cells/llama/seqkd/step_040/E_if.L14.main.direction.pt,activation_conditioned_update_displacement_singular_values,128,0.09931511089251592,0.11060700720752119,0.0006848891074840852,0.010607007207521182,0.0006848891074840852,1.2786382653919321,3.2530315180157197,0.782082021996641,0.9266770282446387,0,PASS
llama,seqkd,40,E_if,14,mlp.down_proj,0.01,24,displacement_rank,/root/autodl-tmp/cycle09_stage4_state_displacement/cells/llama/seqkd/step_040/E_if.L14.main.direction.pt,activation_conditioned_update_displacement_singular_values,128,0.00989896082460329,0.01164013202718962,0.00010103917539670999,0.0016401320271896194,0.00010103917539670999,1.155559332289765,2.2443834326276493,0.865381787033366,0.9509987628909841,0,PASS
llama,seqkd,40,E_if,14,mlp.down_proj,0.025,17,displacement_rank,/root/autodl-tmp/cycle09_stage4_state_displacement/cells/llama/seqkd/step_040/E_if.L14.main.direction.pt,activation_conditioned_update_displacement_singular_values,128,0.02463496675219498,0.027321082110070415,0.0003650332478050203,0.002321082110070413,0.0003650332478050203,1.155559332289765,2.2443834326276493,0.865381787033366,0.9509987628909841,0,PASS
llama,seqkd,40,E_if,14,mlp.down_proj,0.05,10,displacement_rank,/root/autodl-tmp/cycle09_stage4_state_displacement/cells/llama/seqkd/step_040/E_if.L14.main.direction.pt,activation_conditioned_update_displacement_singular_values,128,0.04900123710901589,0.053857625298656855,0.0009987628909841131,0.0038576252986568527,0.0009987628909841131,1.155559332289765,2.2443834326276493,0.865381787033366,0.9509987628909841,0,PASS
llama,seqkd,40,E_if,14,mlp.down_proj,0.1,3,displacement_rank,/root/autodl-tmp/cycle09_stage4_state_displacement/cells/llama/seqkd/step_040/E_if.L14.main.direction.pt,activation_conditioned_update_displacement_singular_values,128,0.09983015380062604,0.11640715966973526,0.00016984619937396306,0.016407159669735258,0.00016984619937396306,1.155559332289765,2.2443834326276493,0.865381787033366,0.9509987628909841,0,PASS
llama,seqkd,80,E_general,14,self_attn.q_proj,0.01,29,displacement_rank,/root/autodl-tmp/cycle09_stage4_state_displacement/cells/llama/seqkd/step_080/E_general.L14.main.direction.pt,activation_conditioned_update_displacement_singular_values,128,0.007465950116424793,0.010250436177673215,0.002534049883575207,0.0002504361776732144,0.0002504361776732144,1.9422515439835581,7.922848185548926,0.5148663689302571,0.861348446013698,0,PASS
llama,seqkd,80,E_general,14,self_attn.q_proj,0.025,25,displacement_rank,/root/autodl-tmp/cycle09_stage4_state_displacement/cells/llama/seqkd/step_080/E_general.L14.main.direction.pt,activation_conditioned_update_displacement_singular_values,128,0.021239479185034164,0.025675222859608656,0.0037605208149658377,0.0006752228596086547,0.0006752228596086547,1.9422515439835581,7.922848185548926,0.5148663689302571,0.861348446013698,0,PASS
llama,seqkd,80,E_general,14,self_attn.q_proj,0.05,20,displacement_rank,/root/autodl-tmp/cycle09_stage4_state_displacement/cells/llama/seqkd/step_080/E_general.L14.main.direction.pt,activation_conditioned_update_displacement_singular_values,128,0.04656212596989062,0.05279843246036887,0.0034378740301093808,0.0027984324603688646,0.0027984324603688646,1.9422515439835581,7.922848185548926,0.5148663689302571,0.861348446013698,0,PASS
llama,seqkd,80,E_general,14,self_attn.q_proj,0.1,14,displacement_rank,/root/autodl-tmp/cycle09_stage4_state_displacement/cells/llama/seqkd/step_080/E_general.L14.main.direction.pt,activation_conditioned_update_displacement_singular_values,128,0.09118330139500871,0.10141913247363507,0.008816698604991291,0.0014191324736350652,0.0014191324736350652,1.9422515439835581,7.922848185548926,0.5148663689302571,0.861348446013698,0,PASS
llama,seqkd,80,E_general,14,self_attn.k_proj,0.01,29,displacement_rank,/root/autodl-tmp/cycle09_stage4_state_displacement/cells/llama/seqkd/step_080/E_general.L14.main.direction.pt,activation_conditioned_update_displacement_singular_values,128,0.007276505773464874,0.010268127151720872,0.0027234942265351265,0.0002681271517208719,0.0002681271517208719,1.5554932339379401,5.867616074691915,0.6428828992514263,0.8606002011989651,0,PASS
llama,seqkd,80,E_general,14,self_attn.k_proj,0.025,24,displacement_rank,/root/autodl-tmp/cycle09_stage4_state_displacement/cells/llama/seqkd/step_080/E_general.L14.main.direction.pt,activation_conditioned_update_displacement_singular_values,128,0.024613309445744504,0.029276514305026605,0.0003866905542554977,0.004276514305026603,0.0003866905542554977,1.5554932339379401,5.867616074691915,0.6428828992514263,0.8606002011989651,0,PASS
llama,seqkd,80,E_general,14,self_attn.k_proj,0.05,20,displacement_rank,/root/autodl-tmp/cycle09_stage4_state_displacement/cells/llama/seqkd/step_080/E_general.L14.main.direction.pt,activation_conditioned_update_displacement_singular_values,128,0.045377829517942316,0.05132411685964694,0.004622170482057687,0.0013241168596469371,0.0013241168596469371,1.5554932339379401,5.867616074691915,0.6428828992514263,0.8606002011989651,0,PASS
llama,seqkd,80,E_general,14,self_attn.k_proj,0.1,14,displacement_rank,/root/autodl-tmp/cycle09_stage4_state_displacement/cells/llama/seqkd/step_080/E_general.L14.main.direction.pt,activation_conditioned_update_displacement_singular_values,128,0.09131033559895037,0.10140132715570932,0.008689664401049638,0.0014013271557093143,0.0014013271557093143,1.5554932339379401,5.867616074691915,0.6428828992514263,0.8606002011989651,0,PASS
llama,seqkd,80,E_general,14,self_attn.v_proj,0.01,27,displacement_rank,/root/autodl-tmp/cycle09_stage4_state_displacement/cells/llama/seqkd/step_080/E_general.L14.main.direction.pt,activation_conditioned_update_displacement_singular_values,128,0.007832812304792809,0.010066808628070753,0.0021671876952071914,6.680862807075319e-05,6.680862807075319e-05,1.4160788738678298,4.2089077146794995,0.7061753539678436,0.9193935921153645,0,PASS
llama,seqkd,80,E_general,14,self_attn.v_proj,0.025,21,displacement_rank,/root/autodl-tmp/cycle09_stage4_state_displacement/cells/llama/seqkd/step_080/E_general.L14.main.direction.pt,activation_conditioned_update_displacement_singular_values,128,0.02314158109016343,0.026397296220734133,0.0018584189098365712,0.0013972962207341316,0.0013972962207341316,1.4160788738678298,4.2089077146794995,0.7061753539678436,0.9193935921153645,0,PASS
llama,seqkd,80,E_general,14,self_attn.v_proj,0.05,15,displacement_rank,/root/autodl-tmp/cycle09_stage4_state_displacement/cells/llama/seqkd/step_080/E_general.L14.main.direction.pt,activation_conditioned_update_displacement_singular_values,128,0.04721087456215936,0.05238854426074147,0.002789125437840642,0.0023885442607414695,0.0023885442607414695,1.4160788738678298,4.2089077146794995,0.7061753539678436,0.9193935921153645,0,PASS
llama,seqkd,80,E_general,14,self_attn.v_proj,0.1,8,displacement_rank,/root/autodl-tmp/cycle09_stage4_state_displacement/cells/llama/seqkd/step_080/E_general.L14.main.direction.pt,activation_conditioned_update_displacement_singular_values,128,0.09859130489306261,0.10914191677114211,0.001408695106937391,0.009141916771142108,0.001408695106937391,1.4160788738678298,4.2089077146794995,0.7061753539678436,0.9193935921153645,0,PASS
llama,seqkd,80,E_general,14,self_attn.o_proj,0.01,29,displacement_rank,/root/autodl-tmp/cycle09_stage4_state_displacement/cells/llama/seqkd/step_080/E_general.L14.main.direction.pt,activation_conditioned_update_displacement_singular_values,128,0.0075710283591513584,0.010777189032434431,0.0024289716408486418,0.0007771890324344312,0.0007771890324344312,2.269480356027329,10.174617972431292,0.4406295024075362,0.830101551320057,0,PASS
llama,seqkd,80,E_general,14,self_attn.o_proj,0.025,25,displacement_rank,/root/autodl-tmp/cycle09_stage4_state_displacement/cells/llama/seqkd/step_080/E_general.L14.main.direction.pt,activation_conditioned_update_displacement_singular_values,128,0.023763771917093064,0.028725426924634326,0.0012362280829069372,0.0037254269246343244,0.0012362280829069372,2.269480356027329,10.174617972431292,0.4406295024075362,0.830101551320057,0,PASS
llama,seqkd,80,E_general,14,self_attn.o_proj,0.05,21,displacement_rank,/root/autodl-tmp/cycle09_stage4_state_displacement/cells/llama/seqkd/step_080/E_general.L14.main.direction.pt,activation_conditioned_update_displacement_singular_values,128,0.04594045381982542,0.052778541395234364,0.004059546180174581,0.0027785413952343616,0.0027785413952343616,2.269480356027329,10.174617972431292,0.4406295024075362,0.830101551320057,0,PASS
llama,seqkd,80,E_general,14,self_attn.o_proj,0.1,15,displacement_rank,/root/autodl-tmp/cycle09_stage4_state_displacement/cells/llama/seqkd/step_080/E_general.L14.main.direction.pt,activation_conditioned_update_displacement_singular_values,128,0.09486486744158844,0.10612936990598343,0.005135132558411568,0.006129369905983423,0.005135132558411568,2.269480356027329,10.174617972431292,0.4406295024075362,0.830101551320057,0,PASS
llama,seqkd,80,E_general,14,mlp.gate_proj,0.01,21,displacement_rank,/root/autodl-tmp/cycle09_stage4_state_displacement/cells/llama/seqkd/step_080/E_general.L14.main.direction.pt,activation_conditioned_update_displacement_singular_values,128,0.009610093048484595,0.010930477723776444,0.0003899069515154053,0.000930477723776444,0.0003899069515154053,1.0836117425826763,1.6670486202019894,0.9228397595771743,0.9702980665933618,0,PASS
llama,seqkd,80,E_general,14,mlp.gate_proj,0.025,12,displacement_rank,/root/autodl-tmp/cycle09_stage4_state_displacement/cells/llama/seqkd/step_080/E_general.L14.main.direction.pt,activation_conditioned_update_displacement_singular_values,128,0.024926210328851412,0.02720137099983413,7.378967114858928e-05,0.00220137099983413,7.378967114858928e-05,1.0836117425826763,1.6670486202019894,0.9228397595771743,0.9702980665933618,0,PASS
llama,seqkd,80,E_general,14,mlp.gate_proj,0.05,5,displacement_rank,/root/autodl-tmp/cycle09_stage4_state_displacement/cells/llama/seqkd/step_080/E_general.L14.main.direction.pt,activation_conditioned_update_displacement_singular_values,128,0.04642530660763392,0.051206510874121904,0.003574693392366081,0.0012065108741219008,0.0012065108741219008,1.0836117425826763,1.6670486202019894,0.9228397595771743,0.9702980665933618,0,PASS
llama,seqkd,80,E_general,14,mlp.gate_proj,0.1,1,displacement_rank,/root/autodl-tmp/cycle09_stage4_state_displacement/cells/llama/seqkd/step_080/E_general.L14.main.direction.pt,activation_conditioned_update_displacement_singular_values,128,0.07716024042282586,1.0000000000000004,0.022839759577174143,0.9000000000000005,0.022839759577174143,1.0836117425826763,1.6670486202019894,0.9228397595771743,0.9702980665933618,0,PASS
llama,seqkd,80,E_general,14,mlp.up_proj,0.01,28,displacement_rank,/root/autodl-tmp/cycle09_stage4_state_displacement/cells/llama/seqkd/step_080/E_general.L14.main.direction.pt,activation_conditioned_update_displacement_singular_values,128,0.009540382608017518,0.012736958897799121,0.0004596173919824819,0.002736958897799121,0.0004596173919824819,1.4706078153259747,4.980151737984116,0.6799909463138138,0.8837587099073932,0,PASS
llama,seqkd,80,E_general,14,mlp.up_proj,0.025,24,displacement_rank,/root/autodl-tmp/cycle09_stage4_state_displacement/cells/llama/seqkd/step_080/E_general.L14.main.direction.pt,activation_conditioned_update_displacement_singular_values,128,0.023815426841467056,0.027855931392216947,0.001184573158532945,0.0028559313922169455,0.001184573158532945,1.4706078153259747,4.980151737984116,0.6799909463138138,0.8837587099073932,0,PASS
llama,seqkd,80,E_general,14,mlp.up_proj,0.05,19,displacement_rank,/root/autodl-tmp/cycle09_stage4_state_displacement/cells/llama/seqkd/step_080/E_general.L14.main.direction.pt,activation_conditioned_update_displacement_singular_values,128,0.047564441504422905,0.053262970569656884,0.0024355584955770976,0.003262970569656881,0.0024355584955770976,1.4706078153259747,4.980151737984116,0.6799909463138138,0.8837587099073932,0,PASS
llama,seqkd,80,E_general,14,mlp.up_proj,0.1,12,displacement_rank,/root/autodl-tmp/cycle09_stage4_state_displacement/cells/llama/seqkd/step_080/E_general.L14.main.direction.pt,activation_conditioned_update_displacement_singular_values,128,0.09642457354743741,0.10580775382079967,0.003575426452562591,0.005807753820799663,0.003575426452562591,1.4706078153259747,4.980151737984116,0.6799909463138138,0.8837587099073932,0,PASS
llama,seqkd,80,E_general,14,mlp.down_proj,0.01,29,displacement_rank,/root/autodl-tmp/cycle09_stage4_state_displacement/cells/llama/seqkd/step_080/E_general.L14.main.direction.pt,activation_conditioned_update_displacement_singular_values,128,0.009915759720182967,0.013644428779423276,8.424027981703344e-05,0.003644428779423276,8.424027981703344e-05,1.6812885480181816,6.874839654073491,0.5947819017614494,0.8481641041357364,0,PASS
llama,seqkd,80,E_general,14,mlp.down_proj,0.025,26,displacement_rank,/root/autodl-tmp/cycle09_stage4_state_displacement/cells/llama/seqkd/step_080/E_general.L14.main.direction.pt,activation_conditioned_update_displacement_singular_values,128,0.022331454901137245,0.027206485952113134,0.002668545098862756,0.0022064859521131325,0.0022064859521131325,1.6812885480181816,6.874839654073491,0.5947819017614494,0.8481641041357364,0,PASS
llama,seqkd,80,E_general,14,mlp.down_proj,0.05,21,displacement_rank,/root/autodl-tmp/cycle09_stage4_state_displacement/cells/llama/seqkd/step_080/E_general.L14.main.direction.pt,activation_conditioned_update_displacement_singular_values,128,0.04874908189055957,0.055246515130713034,0.0012509181094404326,0.005246515130713031,0.0012509181094404326,1.6812885480181816,6.874839654073491,0.5947819017614494,0.8481641041357364,0,PASS
llama,seqkd,80,E_general,14,mlp.down_proj,0.1,15,displacement_rank,/root/autodl-tmp/cycle09_stage4_state_displacement/cells/llama/seqkd/step_080/E_general.L14.main.direction.pt,activation_conditioned_update_displacement_singular_values,128,0.09443953148177262,0.1047254459432475,0.0055604685182273905,0.004725445943247489,0.004725445943247489,1.6812885480181816,6.874839654073491,0.5947819017614494,0.8481641041357364,0,PASS
llama,seqkd,80,E_math,14,self_attn.q_proj,0.01,26,displacement_rank,/root/autodl-tmp/cycle09_stage4_state_displacement/cells/llama/seqkd/step_080/E_math.L14.main.direction.pt,activation_conditioned_update_displacement_singular_values,128,0.00971986077384792,0.012081831053509857,0.00028013922615208013,0.0020818310535098573,0.00028013922615208013,1.5158570765822086,4.859876229249613,0.6596928004945508,0.9115727287012984,0,PASS
llama,seqkd,80,E_math,14,self_attn.q_proj,0.025,21,displacement_rank,/root/autodl-tmp/cycle09_stage4_state_displacement/cells/llama/seqkd/step_080/E_math.L14.main.direction.pt,activation_conditioned_update_displacement_singular_values,128,0.023303432955318403,0.026700967826068678,0.0016965670446815982,0.0017009678260686764,0.0016965670446815982,1.5158570765822086,4.859876229249613,0.6596928004945508,0.9115727287012984,0,PASS
llama,seqkd,80,E_math,14,self_attn.q_proj,0.05,15,displacement_rank,/root/autodl-tmp/cycle09_stage4_state_displacement/cells/llama/seqkd/step_080/E_math.L14.main.direction.pt,activation_conditioned_update_displacement_singular_values,128,0.04948570262429056,0.05505318878368966,0.0005142973757094396,0.005053188783689655,0.0005142973757094396,1.5158570765822086,4.859876229249613,0.6596928004945508,0.9115727287012984,0,PASS
llama,seqkd,80,E_math,14,self_attn.q_proj,0.1,9,displacement_rank,/root/autodl-tmp/cycle09_stage4_state_displacement/cells/llama/seqkd/step_080/E_math.L14.main.direction.pt,activation_conditioned_update_displacement_singular_values,128,0.09897889284703844,0.11101304364470584,0.0010211071529615673,0.01101304364470583,0.0010211071529615673,1.5158570765822086,4.859876229249613,0.6596928004945508,0.9115727287012984,0,PASS
llama,seqkd,80,E_math,14,self_attn.k_proj,0.01,27,displacement_rank,/root/autodl-tmp/cycle09_stage4_state_displacement/cells/llama/seqkd/step_080/E_math.L14.main.direction.pt,activation_conditioned_update_displacement_singular_values,128,0.00835843598124587,0.010497202227181247,0.00164156401875413,0.0004972022271812464,0.0004972022271812464,1.357960729560354,4.000409499282859,0.736398320092625,0.9042504295341431,0,PASS
llama,seqkd,80,E_math,14,self_attn.k_proj,0.025,22,displacement_rank,/root/autodl-tmp/cycle09_stage4_state_displacement/cells/llama/seqkd/step_080/E_math.L14.main.direction.pt,activation_conditioned_update_displacement_singular_values,128,0.021920083776653682,0.025484333111894426,0.003079916223346319,0.00048433311189442427,0.00048433311189442427,1.357960729560354,4.000409499282859,0.736398320092625,0.9042504295341431,0,PASS
llama,seqkd,80,E_math,14,self_attn.k_proj,0.05,16,displacement_rank,/root/autodl-tmp/cycle09_stage4_state_displacement/cells/llama/seqkd/step_080/E_math.L14.main.direction.pt,activation_conditioned_update_displacement_singular_values,128,0.04933030060977192,0.05556945422237413,0.0006696993902280818,0.0055694542223741275,0.0006696993902280818,1.357960729560354,4.000409499282859,0.736398320092625,0.9042504295341431,0,PASS
llama,seqkd,80,E_math,14,self_attn.k_proj,0.1,10,displacement_rank,/root/autodl-tmp/cycle09_stage4_state_displacement/cells/llama/seqkd/step_080/E_math.L14.main.direction.pt,activation_conditioned_update_displacement_singular_values,128,0.09574957046585666,0.10689803850252629,0.004250429534143341,0.00689803850252628,0.004250429534143341,1.357960729560354,4.000409499282859,0.736398320092625,0.9042504295341431,0,PASS
llama,seqkd,80,E_math,14,self_attn.v_proj,0.01,22,displacement_rank,/root/autodl-tmp/cycle09_stage4_state_displacement/cells/llama/seqkd/step_080/E_math.L14.main.direction.pt,activation_conditioned_update_displacement_singular_values,128,0.00968968622694939,0.01132202435063797,0.00031031377305061093,0.0013220243506379698,0.00031031377305061093,1.2340876241240926,2.718941684193447,0.8103152324453144,0.9565194202544299,0,PASS
llama,seqkd,80,E_math,14,self_attn.v_proj,0.025,15,displacement_rank,/root/autodl-tmp/cycle09_stage4_state_displacement/cells/llama/seqkd/step_080/E_math.L14.main.direction.pt,activation_conditioned_update_displacement_singular_values,128,0.024396864520048772,0.027365349231289793,0.0006031354799512292,0.002365349231289792,0.0006031354799512292,1.2340876241240926,2.718941684193447,0.8103152324453144,0.9565194202544299,0,PASS
llama,seqkd,80,E_math,14,self_attn.v_proj,0.05,9,displacement_rank,/root/autodl-tmp/cycle09_stage4_state_displacement/cells/llama/seqkd/step_080/E_math.L14.main.direction.pt,activation_conditioned_update_displacement_singular_values,128,0.04850864967630363,0.05442486037234258,0.0014913503236963707,0.004424860372342576,0.0014913503236963707,1.2340876241240926,2.718941684193447,0.8103152324453144,0.9565194202544299,0,PASS
llama,seqkd,80,E_math,14,self_attn.v_proj,0.1,4,displacement_rank,/root/autodl-tmp/cycle09_stage4_state_displacement/cells/llama/seqkd/step_080/E_math.L14.main.direction.pt,activation_conditioned_update_displacement_singular_values,128,0.09650925999507705,0.11679883692004221,0.003490740004922957,0.016798836920042207,0.003490740004922957,1.2340876241240926,2.718941684193447,0.8103152324453144,0.9565194202544299,0,PASS
llama,seqkd,80,E_math,14,self_attn.o_proj,0.01,25,displacement_rank,/root/autodl-tmp/cycle09_stage4_state_displacement/cells/llama/seqkd/step_080/E_math.L14.main.direction.pt,activation_conditioned_update_displacement_singular_values,128,0.009675366022465593,0.011776399763835781,0.0003246339775344071,0.0017763997638357808,0.0003246339775344071,1.5187591894373558,4.80073282234352,0.6584322300433046,0.9197903368658621,0,PASS
llama,seqkd,80,E_math,14,self_attn.o_proj,0.025,20,displacement_rank,/root/autodl-tmp/cycle09_stage4_state_displacement/cells/llama/seqkd/step_080/E_math.L14.main.direction.pt,activation_conditioned_update_displacement_singular_values,128,0.022437115256157814,0.02581393390951963,0.002562884743842187,0.0008139339095196291,0.0008139339095196291,1.5187591894373558,4.80073282234352,0.6584322300433046,0.9197903368658621,0,PASS
llama,seqkd,80,E_math,14,self_attn.o_proj,0.05,14,displacement_rank,/root/autodl-tmp/cycle09_stage4_state_displacement/cells/llama/seqkd/step_080/E_math.L14.main.direction.pt,activation_conditioned_update_displacement_singular_values,128,0.048446998473545375,0.054826397889547226,0.0015530015264546282,0.004826397889547224,0.0015530015264546282,1.5187591894373558,4.80073282234352,0.6584322300433046,0.9197903368658621,0,PASS
llama,seqkd,80,E_math,14,self_attn.o_proj,0.1,9,displacement_rank,/root/autodl-tmp/cycle09_stage4_state_displacement/cells/llama/seqkd/step_080/E_math.L14.main.direction.pt,activation_conditioned_update_displacement_singular_values,128,0.09156992818946244,0.10376149165369083,0.008430071810537565,0.0037614916536908294,0.0037614916536908294,1.5187591894373558,4.80073282234352,0.6584322300433046,0.9197903368658621,0,PASS
llama,seqkd,80,E_math,14,mlp.gate_proj,0.01,10,displacement_rank,/root/autodl-tmp/cycle09_stage4_state_displacement/cells/llama/seqkd/step_080/E_math.L14.main.direction.pt,activation_conditioned_update_displacement_singular_values,128,0.00917508660988602,0.010102917221744875,0.0008249133901139794,0.00010291722174487518,0.00010291722174487518,1.031517765506468,1.2528487883231403,0.9694452518798908,0.9908249133901141,0,PASS
llama,seqkd,80,E_math,14,mlp.gate_proj,0.025,2,displacement_rank,/root/autodl-tmp/cycle09_stage4_state_displacement/cells/llama/seqkd/step_080/E_math.L14.main.direction.pt,activation_conditioned_update_displacement_singular_values,128,0.023978010650147045,0.03055474812010929,0.0010219893498529566,0.005554748120109289,0.0010219893498529566,1.031517765506468,1.2528487883231403,0.9694452518798908,0.9908249133901141,0,PASS
llama,seqkd,80,E_math,14,mlp.gate_proj,0.05,1,displacement_rank,/root/autodl-tmp/cycle09_stage4_state_displacement/cells/llama/seqkd/step_080/E_math.L14.main.direction.pt,activation_conditioned_update_displacement_singular_values,128,0.03055474812010929,1.0,0.019445251879890713,0.95,0.019445251879890713,1.031517765506468,1.2528487883231403,0.9694452518798908,0.9908249133901141,0,PASS
llama,seqkd,80,E_math,14,mlp.gate_proj,0.1,1,displacement_rank,/root/autodl-tmp/cycle09_stage4_state_displacement/cells/llama/seqkd/step_080/E_math.L14.main.direction.pt,activation_conditioned_update_displacement_singular_values,128,0.03055474812010929,1.0,0.06944525187989072,0.9,0.06944525187989072,1.031517765506468,1.2528487883231403,0.9694452518798908,0.9908249133901141,0,PASS
llama,seqkd,80,E_math,14,mlp.up_proj,0.01,23,displacement_rank,/root/autodl-tmp/cycle09_stage4_state_displacement/cells/llama/seqkd/step_080/E_math.L14.main.direction.pt,activation_conditioned_update_displacement_singular_values,128,0.009387454016309823,0.01089197501159899,0.000612545983690177,0.0008919750115989906,0.000612545983690177,1.190075622370652,2.4233971765553473,0.8402827359894846,0.9563596299172603,0,PASS
llama,seqkd,80,E_math,14,mlp.up_proj,0.025,16,displacement_rank,/root/autodl-tmp/cycle09_stage4_state_displacement/cells/llama/seqkd/step_080/E_math.L14.main.direction.pt,activation_conditioned_update_displacement_singular_values,128,0.02317980436565266,0.025846157322931464,0.0018201956343473422,0.000846157322931463,0.000846157322931463,1.190075622370652,2.4233971765553473,0.8402827359894846,0.9563596299172603,0,PASS
llama,seqkd,80,E_math,14,mlp.up_proj,0.05,9,displacement_rank,/root/autodl-tmp/cycle09_stage4_state_displacement/cells/llama/seqkd/step_080/E_math.L14.main.direction.pt,activation_conditioned_update_displacement_singular_values,128,0.04880212837713966,0.054290712819464695,0.0011978716228603428,0.004290712819464693,0.0011978716228603428,1.190075622370652,2.4233971765553473,0.8402827359894846,0.9563596299172603,0,PASS
llama,seqkd,80,E_math,14,mlp.up_proj,0.1,3,displacement_rank,/root/autodl-tmp/cycle09_stage4_state_displacement/cells/llama/seqkd/step_080/E_math.L14.main.direction.pt,activation_conditioned_update_displacement_singular_values,128,0.09968186314755156,0.11823173767176481,0.0003181368524484418,0.01823173767176481,0.0003181368524484418,1.190075622370652,2.4233971765553473,0.8402827359894846,0.9563596299172603,0,PASS
llama,seqkd,80,E_math,14,mlp.down_proj,0.01,25,displacement_rank,/root/autodl-tmp/cycle09_stage4_state_displacement/cells/llama/seqkd/step_080/E_math.L14.main.direction.pt,activation_conditioned_update_displacement_singular_values,128,0.008683766023181624,0.010425120152461727,0.0013162339768183762,0.0004251201524617266,0.0004251201524617266,1.2681437410194125,3.0102634291563217,0.7885541422900041,0.9415855495409835,0,PASS
llama,seqkd,80,E_math,14,mlp.down_proj,0.025,18,displacement_rank,/root/autodl-tmp/cycle09_stage4_state_displacement/cells/llama/seqkd/step_080/E_math.L14.main.direction.pt,activation_conditioned_update_displacement_singular_values,128,0.024958773197877822,0.027950487310923908,4.122680212217955e-05,0.0029504873109239063,4.122680212217955e-05,1.2681437410194125,3.0102634291563217,0.7885541422900041,0.9415855495409835,0,PASS
llama,seqkd,80,E_math,14,mlp.down_proj,0.05,12,displacement_rank,/root/autodl-tmp/cycle09_stage4_state_displacement/cells/llama/seqkd/step_080/E_math.L14.main.direction.pt,activation_conditioned_update_displacement_singular_values,128,0.04776794769946299,0.05289018677258912,0.00223205230053701,0.0028901867725891206,0.00223205230053701,1.2681437410194125,3.0102634291563217,0.7885541422900041,0.9415855495409835,0,PASS
llama,seqkd,80,E_math,14,mlp.down_proj,0.1,5,displacement_rank,/root/autodl-tmp/cycle09_stage4_state_displacement/cells/llama/seqkd/step_080/E_math.L14.main.direction.pt,activation_conditioned_update_displacement_singular_values,128,0.09990093461840918,0.11161201366933486,9.906538159082379e-05,0.011612013669334856,9.906538159082379e-05,1.2681437410194125,3.0102634291563217,0.7885541422900041,0.9415855495409835,0,PASS
llama,seqkd,80,E_ood,14,self_attn.q_proj,0.01,27,displacement_rank,/root/autodl-tmp/cycle09_stage4_state_displacement/cells/llama/seqkd/step_080/E_ood.L14.main.direction.pt,activation_conditioned_update_displacement_singular_values,128,0.009457228896818942,0.01190263713171543,0.0005427711031810584,0.0019026371317154307,0.0005427711031810584,1.6919291920282906,5.942968895288567,0.5910412827626649,0.8978466233348286,0,PASS
llama,seqkd,80,E_ood,14,self_attn.q_proj,0.025,22,displacement_rank,/root/autodl-tmp/cycle09_stage4_state_displacement/cells/llama/seqkd/step_080/E_ood.L14.main.direction.pt,activation_conditioned_update_displacement_singular_values,128,0.024225422290074038,0.0282451427690548,0.0007745777099259638,0.0032451427690547985,0.0007745777099259638,1.6919291920282906,5.942968895288567,0.5910412827626649,0.8978466233348286,0,PASS
llama,seqkd,80,E_ood,14,self_attn.q_proj,0.05,17,displacement_rank,/root/autodl-tmp/cycle09_stage4_state_displacement/cells/llama/seqkd/step_080/E_ood.L14.main.direction.pt,activation_conditioned_update_displacement_singular_values,128,0.04701643606418117,0.052725410644734544,0.0029835639358188337,0.002725410644734541,0.002725410644734541,1.6919291920282906,5.942968895288567,0.5910412827626649,0.8978466233348286,0,PASS
llama,seqkd,80,E_ood,14,self_attn.q_proj,0.1,11,displacement_rank,/root/autodl-tmp/cycle09_stage4_state_displacement/cells/llama/seqkd/step_080/E_ood.L14.main.direction.pt,activation_conditioned_update_displacement_singular_values,128,0.09143923188134284,0.10215337666517163,0.008560768118657164,0.0021533766651716246,0.0021533766651716246,1.6919291920282906,5.942968895288567,0.5910412827626649,0.8978466233348286,0,PASS
llama,seqkd,80,E_ood,14,self_attn.k_proj,0.01,27,displacement_rank,/root/autodl-tmp/cycle09_stage4_state_displacement/cells/llama/seqkd/step_080/E_ood.L14.main.direction.pt,activation_conditioned_update_displacement_singular_values,128,0.008519889580388042,0.010948743188925948,0.0014801104196119578,0.000948743188925948,0.000948743188925948,1.3584113368062998,3.9885183973357603,0.7361540447321762,0.9055826570083577,0,PASS
llama,seqkd,80,E_ood,14,self_attn.k_proj,0.025,22,displacement_rank,/root/autodl-tmp/cycle09_stage4_state_displacement/cells/llama/seqkd/step_080/E_ood.L14.main.direction.pt,activation_conditioned_update_displacement_singular_values,128,0.022421430367819118,0.0259404188611669,0.0025785696321808833,0.0009404188611669001,0.0009404188611669001,1.3584113368062998,3.9885183973357603,0.7361540447321762,0.9055826570083577,0,PASS
llama,seqkd,80,E_ood,14,self_attn.k_proj,0.05,16,displacement_rank,/root/autodl-tmp/cycle09_stage4_state_displacement/cells/llama/seqkd/step_080/E_ood.L14.main.direction.pt,activation_conditioned_update_displacement_singular_values,128,0.04828429048438902,0.054151608235178283,0.0017157095156109803,0.004151608235178281,0.0017157095156109803,1.3584113368062998,3.9885183973357603,0.7361540447321762,0.9055826570083577,0,PASS
llama,seqkd,80,E_ood,14,self_attn.k_proj,0.1,10,displacement_rank,/root/autodl-tmp/cycle09_stage4_state_displacement/cells/llama/seqkd/step_080/E_ood.L14.main.direction.pt,activation_conditioned_update_displacement_singular_values,128,0.09441734299164226,0.1053115419856554,0.00558265700835775,0.005311541985655394,0.005311541985655394,1.3584113368062998,3.9885183973357603,0.7361540447321762,0.9055826570083577,0,PASS
llama,seqkd,80,E_ood,14,self_attn.v_proj,0.01,25,displacement_rank,/root/autodl-tmp/cycle09_stage4_state_displacement/cells/llama/seqkd/step_080/E_ood.L14.main.direction.pt,activation_conditioned_update_displacement_singular_values,128,0.009067701135670543,0.010922219397704352,0.0009322988643294568,0.0009222193977043523,0.0009222193977043523,1.3988692487542087,3.9269855827744515,0.7148630945247887,0.9336937806304219,0,PASS
llama,seqkd,80,E_ood,14,self_attn.v_proj,0.025,19,displacement_rank,/root/autodl-tmp/cycle09_stage4_state_displacement/cells/llama/seqkd/step_080/E_ood.L14.main.direction.pt,activation_conditioned_update_displacement_singular_values,128,0.023407540551607386,0.026503034210218268,0.0015924594483926156,0.0015030342102182667,0.0015030342102182667,1.3988692487542087,3.9269855827744515,0.7148630945247887,0.9336937806304219,0,PASS
llama,seqkd,80,E_ood,14,self_attn.v_proj,0.05,13,displacement_rank,/root/autodl-tmp/cycle09_stage4_state_displacement/cells/llama/seqkd/step_080/E_ood.L14.main.direction.pt,activation_conditioned_update_displacement_singular_values,128,0.047439914675712874,0.05348490009909408,0.0025600853242871285,0.0034849000990940793,0.0025600853242871285,1.3988692487542087,3.9269855827744515,0.7148630945247887,0.9336937806304219,0,PASS
llama,seqkd,80,E_ood,14,self_attn.v_proj,0.1,7,displacement_rank,/root/autodl-tmp/cycle09_stage4_state_displacement/cells/llama/seqkd/step_080/E_ood.L14.main.direction.pt,activation_conditioned_update_displacement_singular_values,128,0.09080872758450124,0.10174850646232783,0.00919127241549876,0.0017485064623278257,0.0017485064623278257,1.3988692487542087,3.9269855827744515,0.7148630945247887,0.9336937806304219,0,PASS
llama,seqkd,80,E_ood,14,self_attn.o_proj,0.01,27,displacement_rank,/root/autodl-tmp/cycle09_stage4_state_displacement/cells/llama/seqkd/step_080/E_ood.L14.main.direction.pt,activation_conditioned_update_displacement_singular_values,128,0.008205136447835331,0.010612226881206345,0.0017948635521646689,0.0006122268812063444,0.0006122268812063444,1.5823614087859488,5.488266188927801,0.6319668783929963,0.8953260822626542,0,PASS
llama,seqkd,80,E_ood,14,self_attn.o_proj,0.025,22,displacement_rank,/root/autodl-tmp/cycle09_stage4_state_displacement/cells/llama/seqkd/step_080/E_ood.L14.main.direction.pt,activation_conditioned_update_displacement_singular_values,128,0.023761860044516834,0.02785381950596725,0.0012381399554831675,0.0028538195059672478,0.0012381399554831675,1.5823614087859488,5.488266188927801,0.6319668783929963,0.8953260822626542,0,PASS
llama,seqkd,80,E_ood,14,self_attn.o_proj,0.05,17,displacement_rank,/root/autodl-tmp/cycle09_stage4_state_displacement/cells/llama/seqkd/step_080/E_ood.L14.main.direction.pt,activation_conditioned_update_displacement_singular_values,128,0.046776751899016075,0.05231636722521049,0.0032232481009839276,0.002316367225210489,0.002316367225210489,1.5823614087859488,5.488266188927801,0.6319668783929963,0.8953260822626542,0,PASS
llama,seqkd,80,E_ood,14,self_attn.o_proj,0.1,11,displacement_rank,/root/autodl-tmp/cycle09_stage4_state_displacement/cells/llama/seqkd/step_080/E_ood.L14.main.direction.pt,activation_conditioned_update_displacement_singular_values,128,0.0945456927203007,0.104673917737346,0.005454307279699311,0.0046739177373459895,0.0046739177373459895,1.5823614087859488,5.488266188927801,0.6319668783929963,0.8953260822626542,0,PASS
llama,seqkd,80,E_ood,14,mlp.gate_proj,0.01,15,displacement_rank,/root/autodl-tmp/cycle09_stage4_state_displacement/cells/llama/seqkd/step_080/E_ood.L14.main.direction.pt,activation_conditioned_update_displacement_singular_values,128,0.009205500062310041,0.010114418432901623,0.0007944999376899593,0.00011441843290162235,0.00011441843290162235,1.0478673216610777,1.376972313982318,0.9543192915061056,0.9852352755216184,0,PASS
llama,seqkd,80,E_ood,14,mlp.gate_proj,0.025,5,displacement_rank,/root/autodl-tmp/cycle09_stage4_state_displacement/cells/llama/seqkd/step_080/E_ood.L14.main.direction.pt,activation_conditioned_update_displacement_singular_values,128,0.02365635049889754,0.02661982984818998,0.0013436495011024605,0.0016198298481899798,0.0013436495011024605,1.0478673216610777,1.376972313982318,0.9543192915061056,0.9852352755216184,0,PASS
llama,seqkd,80,E_ood,14,mlp.gate_proj,0.05,1,displacement_rank,/root/autodl-tmp/cycle09_stage4_state_displacement/cells/llama/seqkd/step_080/E_ood.L14.main.direction.pt,activation_conditioned_update_displacement_singular_values,128,0.04568070849389446,1.0,0.004319291506105542,0.95,0.004319291506105542,1.0478673216610777,1.376972313982318,0.9543192915061056,0.9852352755216184,0,PASS
llama,seqkd,80,E_ood,14,mlp.gate_proj,0.1,1,displacement_rank,/root/autodl-tmp/cycle09_stage4_state_displacement/cells/llama/seqkd/step_080/E_ood.L14.main.direction.pt,activation_conditioned_update_displacement_singular_values,128,0.04568070849389446,1.0,0.054319291506105545,0.9,0.054319291506105545,1.0478673216610777,1.376972313982318,0.9543192915061056,0.9852352755216184,0,PASS
llama,seqkd,80,E_ood,14,mlp.up_proj,0.01,27,displacement_rank,/root/autodl-tmp/cycle09_stage4_state_displacement/cells/llama/seqkd/step_080/E_ood.L14.main.direction.pt,activation_conditioned_update_displacement_singular_values,128,0.008122236209936743,0.01037999319301193,0.0018777637900632572,0.0003799931930119297,0.0003799931930119297,1.3481728387110503,3.7327419218507667,0.7417446571287339,0.9220473202558556,0,PASS
llama,seqkd,80,E_ood,14,mlp.up_proj,0.025,21,displacement_rank,/root/autodl-tmp/cycle09_stage4_state_displacement/cells/llama/seqkd/step_080/E_ood.L14.main.direction.pt,activation_conditioned_update_displacement_singular_values,128,0.02405900573935943,0.02738403165845842,0.0009409942606405722,0.002384031658458418,0.0009409942606405722,1.3481728387110503,3.7327419218507667,0.7417446571287339,0.9220473202558556,0,PASS
llama,seqkd,80,E_ood,14,mlp.up_proj,0.05,15,displacement_rank,/root/autodl-tmp/cycle09_stage4_state_displacement/cells/llama/seqkd/step_080/E_ood.L14.main.direction.pt,activation_conditioned_update_displacement_singular_values,128,0.047724865886159755,0.05256539977411696,0.002275134113840248,0.002565399774116954,0.002275134113840248,1.3481728387110503,3.7327419218507667,0.7417446571287339,0.9220473202558556,0,PASS
llama,seqkd,80,E_ood,14,mlp.up_proj,0.1,8,displacement_rank,/root/autodl-tmp/cycle09_stage4_state_displacement/cells/llama/seqkd/step_080/E_ood.L14.main.direction.pt,activation_conditioned_update_displacement_singular_values,128,0.09468358171337894,0.10568353851080498,0.0053164182866210635,0.00568353851080497,0.0053164182866210635,1.3481728387110503,3.7327419218507667,0.7417446571287339,0.9220473202558556,0,PASS
llama,seqkd,80,E_ood,14,mlp.down_proj,0.01,26,displacement_rank,/root/autodl-tmp/cycle09_stage4_state_displacement/cells/llama/seqkd/step_080/E_ood.L14.main.direction.pt,activation_conditioned_update_displacement_singular_values,128,0.00963815484369117,0.011828324109111974,0.00036184515630883,0.0018283241091119739,0.00036184515630883,1.2667125087259956,3.136328853865028,0.7894451133239038,0.9296958020538594,0,PASS
llama,seqkd,80,E_ood,14,mlp.down_proj,0.025,20,displacement_rank,/root/autodl-tmp/cycle09_stage4_state_displacement/cells/llama/seqkd/step_080/E_ood.L14.main.direction.pt,activation_conditioned_update_displacement_singular_values,128,0.024862051551236573,0.028092464957020214,0.00013794844876342804,0.0030924649570202127,0.00013794844876342804,1.2667125087259956,3.136328853865028,0.7894451133239038,0.9296958020538594,0,PASS
llama,seqkd,80,E_ood,14,mlp.down_proj,0.05,14,displacement_rank,/root/autodl-tmp/cycle09_stage4_state_displacement/cells/llama/seqkd/step_080/E_ood.L14.main.direction.pt,activation_conditioned_update_displacement_singular_values,128,0.047747132261841484,0.05256454505733063,0.002252867738158519,0.0025645450573306278,0.002252867738158519,1.2667125087259956,3.136328853865028,0.7894451133239038,0.9296958020538594,0,PASS
llama,seqkd,80,E_ood,14,mlp.down_proj,0.1,7,displacement_rank,/root/autodl-tmp/cycle09_stage4_state_displacement/cells/llama/seqkd/step_080/E_ood.L14.main.direction.pt,activation_conditioned_update_displacement_singular_values,128,0.09339150709902111,0.1040067147566334,0.006608492900978896,0.004006714756633389,0.004006714756633389,1.2667125087259956,3.136328853865028,0.7894451133239038,0.9296958020538594,0,PASS
llama,seqkd,80,E_if,14,self_attn.q_proj,0.01,28,displacement_rank,/root/autodl-tmp/cycle09_stage4_state_displacement/cells/llama/seqkd/step_080/E_if.L14.main.direction.pt,activation_conditioned_update_displacement_singular_values,128,0.0076091415062701775,0.010132931931210754,0.0023908584937298227,0.00013293193121075367,0.00013293193121075367,1.5891033388908842,5.488615509171111,0.6292856956036293,0.8989101187411636,0,PASS
llama,seqkd,80,E_if,14,self_attn.q_proj,0.025,23,displacement_rank,/root/autodl-tmp/cycle09_stage4_state_displacement/cells/llama/seqkd/step_080/E_if.L14.main.direction.pt,activation_conditioned_update_displacement_singular_values,128,0.022534861103171665,0.02602657556690816,0.002465138896828336,0.0010265755669081576,0.0010265755669081576,1.5891033388908842,5.488615509171111,0.6292856956036293,0.8989101187411636,0,PASS
llama,seqkd,80,E_if,14,self_attn.q_proj,0.05,17,displacement_rank,/root/autodl-tmp/cycle09_stage4_state_displacement/cells/llama/seqkd/step_080/E_if.L14.main.direction.pt,activation_conditioned_update_displacement_singular_values,128,0.04900804986803884,0.05479230332875852,0.0009919501319611626,0.004792303328758518,0.0009919501319611626,1.5891033388908842,5.488615509171111,0.6292856956036293,0.8989101187411636,0,PASS
llama,seqkd,80,E_if,14,self_attn.q_proj,0.1,11,displacement_rank,/root/autodl-tmp/cycle09_stage4_state_displacement/cells/llama/seqkd/step_080/E_if.L14.main.direction.pt,activation_conditioned_update_displacement_singular_values,128,0.09090094985677244,0.10108988125883654,0.009099050143227566,0.0010898812588365364,0.0010898812588365364,1.5891033388908842,5.488615509171111,0.6292856956036293,0.8989101187411636,0,PASS
llama,seqkd,80,E_if,14,self_attn.k_proj,0.01,28,displacement_rank,/root/autodl-tmp/cycle09_stage4_state_displacement/cells/llama/seqkd/step_080/E_if.L14.main.direction.pt,activation_conditioned_update_displacement_singular_values,128,0.007664417049639172,0.010323572821124779,0.0023355829503608283,0.0003235728211247787,0.0003235728211247787,1.407401267720238,4.508847478766625,0.7105294154096066,0.8870237976694476,0,PASS
llama,seqkd,80,E_if,14,self_attn.k_proj,0.025,23,displacement_rank,/root/autodl-tmp/cycle09_stage4_state_displacement/cells/llama/seqkd/step_080/E_if.L14.main.direction.pt,activation_conditioned_update_displacement_singular_values,128,0.023303978659928795,0.02716629113613339,0.0016960213400712063,0.00216629113613339,0.0016960213400712063,1.407401267720238,4.508847478766625,0.7105294154096066,0.8870237976694476,0,PASS
llama,seqkd,80,E_if,14,self_attn.k_proj,0.05,18,displacement_rank,/root/autodl-tmp/cycle09_stage4_state_displacement/cells/llama/seqkd/step_080/E_if.L14.main.direction.pt,activation_conditioned_update_displacement_singular_values,128,0.04646108080280956,0.052322350530731594,0.003538919197190446,0.0023223505307315914,0.0023223505307315914,1.407401267720238,4.508847478766625,0.7105294154096066,0.8870237976694476,0,PASS
llama,seqkd,80,E_if,14,self_attn.k_proj,0.1,12,displacement_rank,/root/autodl-tmp/cycle09_stage4_state_displacement/cells/llama/seqkd/step_080/E_if.L14.main.direction.pt,activation_conditioned_update_displacement_singular_values,128,0.09096260188124536,0.10157263445499032,0.009037398118754647,0.0015726344549903126,0.0015726344549903126,1.407401267720238,4.508847478766625,0.7105294154096066,0.8870237976694476,0,PASS
llama,seqkd,80,E_if,14,self_attn.v_proj,0.01,24,displacement_rank,/root/autodl-tmp/cycle09_stage4_state_displacement/cells/llama/seqkd/step_080/E_if.L14.main.direction.pt,activation_conditioned_update_displacement_singular_values,128,0.009579698894752839,0.01147615502063375,0.00042030110524716134,0.0014761550206337497,0.00042030110524716134,1.2632096812478455,3.0037550967329096,0.7916342115207373,0.9427587590894851,0,PASS
llama,seqkd,80,E_if,14,self_attn.v_proj,0.025,18,displacement_rank,/root/autodl-tmp/cycle09_stage4_state_displacement/cells/llama/seqkd/step_080/E_if.L14.main.direction.pt,activation_conditioned_update_displacement_singular_values,128,0.022902597600152782,0.025751418736491304,0.0020974023998472195,0.0007514187364913022,0.0007514187364913022,1.2632096812478455,3.0037550967329096,0.7916342115207373,0.9427587590894851,0,PASS
llama,seqkd,80,E_if,14,self_attn.v_proj,0.05,12,displacement_rank,/root/autodl-tmp/cycle09_stage4_state_displacement/cells/llama/seqkd/step_080/E_if.L14.main.direction.pt,activation_conditioned_update_displacement_singular_values,128,0.04565052386179401,0.051301073692116284,0.004349476138205993,0.0013010736921162808,0.0013010736921162808,1.2632096812478455,3.0037550967329096,0.7916342115207373,0.9427587590894851,0,PASS
llama,seqkd,80,E_if,14,self_attn.v_proj,0.1,5,displacement_rank,/root/autodl-tmp/cycle09_stage4_state_displacement/cells/llama/seqkd/step_080/E_if.L14.main.direction.pt,activation_conditioned_update_displacement_singular_values,128,0.09764591589871553,0.1138816238030826,0.002354084101284473,0.013881623803082596,0.002354084101284473,1.2632096812478455,3.0037550967329096,0.7916342115207373,0.9427587590894851,0,PASS
llama,seqkd,80,E_if,14,self_attn.o_proj,0.01,28,displacement_rank,/root/autodl-tmp/cycle09_stage4_state_displacement/cells/llama/seqkd/step_080/E_if.L14.main.direction.pt,activation_conditioned_update_displacement_singular_values,128,0.009654525738043556,0.012728674784696883,0.0003454742619564445,0.0027286747846968825,0.0003454742619564445,2.578386760752952,9.901147517293808,0.3878394099836192,0.8456628830858705,0,PASS
llama,seqkd,80,E_if,14,self_attn.o_proj,0.025,25,displacement_rank,/root/autodl-tmp/cycle09_stage4_state_displacement/cells/llama/seqkd/step_080/E_if.L14.main.direction.pt,activation_conditioned_update_displacement_singular_values,128,0.021280599085347258,0.0259774729833349,0.0037194009146527436,0.0009774729833348997,0.0009774729833348997,2.578386760752952,9.901147517293808,0.3878394099836192,0.8456628830858705,0,PASS
llama,seqkd,80,E_if,14,self_attn.o_proj,0.05,20,displacement_rank,/root/autodl-tmp/cycle09_stage4_state_displacement/cells/llama/seqkd/step_080/E_if.L14.main.direction.pt,activation_conditioned_update_displacement_singular_values,128,0.04841914892350169,0.05506531730220784,0.0015808510764983158,0.005065317302207835,0.0015808510764983158,2.578386760752952,9.901147517293808,0.3878394099836192,0.8456628830858705,0,PASS
llama,seqkd,80,E_if,14,self_attn.o_proj,0.1,14,displacement_rank,/root/autodl-tmp/cycle09_stage4_state_displacement/cells/llama/seqkd/step_080/E_if.L14.main.direction.pt,activation_conditioned_update_displacement_singular_values,128,0.09718774306905045,0.11028667719322295,0.0028122569309495526,0.010286677193222946,0.0028122569309495526,2.578386760752952,9.901147517293808,0.3878394099836192,0.8456628830858705,0,PASS
llama,seqkd,80,E_if,14,mlp.gate_proj,0.01,16,displacement_rank,/root/autodl-tmp/cycle09_stage4_state_displacement/cells/llama/seqkd/step_080/E_if.L14.main.direction.pt,activation_conditioned_update_displacement_singular_values,128,0.009034498422021264,0.0100346080373856,0.0009655015779787366,3.460803738560003e-05,3.460803738560003e-05,1.0490279090420154,1.3924953290200202,0.9532634845847063,0.9837273447616961,0,PASS
llama,seqkd,80,E_if,14,mlp.gate_proj,0.025,6,displacement_rank,/root/autodl-tmp/cycle09_stage4_state_displacement/cells/llama/seqkd/step_080/E_if.L14.main.direction.pt,activation_conditioned_update_displacement_singular_values,128,0.02397707086619232,0.026869951896625482,0.0010229291338076825,0.0018699518966254804,0.0010229291338076825,1.0490279090420154,1.3924953290200202,0.9532634845847063,0.9837273447616961,0,PASS
llama,seqkd,80,E_if,14,mlp.gate_proj,0.05,1,displacement_rank,/root/autodl-tmp/cycle09_stage4_state_displacement/cells/llama/seqkd/step_080/E_if.L14.main.direction.pt,activation_conditioned_update_displacement_singular_values,128,0.046736515415293715,1.0,0.0032634845847062874,0.95,0.0032634845847062874,1.0490279090420154,1.3924953290200202,0.9532634845847063,0.9837273447616961,0,PASS
llama,seqkd,80,E_if,14,mlp.gate_proj,0.1,1,displacement_rank,/root/autodl-tmp/cycle09_stage4_state_displacement/cells/llama/seqkd/step_080/E_if.L14.main.direction.pt,activation_conditioned_update_displacement_singular_values,128,0.046736515415293715,1.0,0.05326348458470629,0.9,0.05326348458470629,1.0490279090420154,1.3924953290200202,0.9532634845847063,0.9837273447616961,0,PASS
llama,seqkd,80,E_if,14,mlp.up_proj,0.01,26,displacement_rank,/root/autodl-tmp/cycle09_stage4_state_displacement/cells/llama/seqkd/step_080/E_if.L14.main.direction.pt,activation_conditioned_update_displacement_singular_values,128,0.008660607713073948,0.010680348178402431,0.0013393922869260524,0.0006803481784024307,0.0006803481784024307,1.233248937946322,2.869385341715941,0.810866297331063,0.9354304846427767,0,PASS
llama,seqkd,80,E_if,14,mlp.up_proj,0.025,20,displacement_rank,/root/autodl-tmp/cycle09_stage4_state_displacement/cells/llama/seqkd/step_080/E_if.L14.main.direction.pt,activation_conditioned_update_displacement_singular_values,128,0.023245131628058774,0.026181695085695185,0.0017548683719412275,0.0011816950856951836,0.0011816950856951836,1.233248937946322,2.869385341715941,0.810866297331063,0.9354304846427767,0,PASS
llama,seqkd,80,E_if,14,mlp.up_proj,0.05,13,displacement_rank,/root/autodl-tmp/cycle09_stage4_state_displacement/cells/llama/seqkd/step_080/E_if.L14.main.direction.pt,activation_conditioned_update_displacement_singular_values,128,0.04816958835433909,0.052608997803539614,0.0018304116456609107,0.0026089978035396116,0.0018304116456609107,1.233248937946322,2.869385341715941,0.810866297331063,0.9354304846427767,0,PASS
llama,seqkd,80,E_if,14,mlp.up_proj,0.1,6,displacement_rank,/root/autodl-tmp/cycle09_stage4_state_displacement/cells/llama/seqkd/step_080/E_if.L14.main.direction.pt,activation_conditioned_update_displacement_singular_values,128,0.09657582475319437,0.10653144249497688,0.003424175246805633,0.006531442494976877,0.003424175246805633,1.233248937946322,2.869385341715941,0.810866297331063,0.9354304846427767,0,PASS
llama,seqkd,80,E_if,14,mlp.down_proj,0.01,25,displacement_rank,/root/autodl-tmp/cycle09_stage4_state_displacement/cells/llama/seqkd/step_080/E_if.L14.main.direction.pt,activation_conditioned_update_displacement_singular_values,128,0.009527283249190503,0.011354012732032525,0.00047271675080949767,0.0013540127320325248,0.00047271675080949767,1.187514034755018,2.5034734238567613,0.8420953106514638,0.9436507327492492,0,PASS
llama,seqkd,80,E_if,14,mlp.down_proj,0.025,18,displacement_rank,/root/autodl-tmp/cycle09_stage4_state_displacement/cells/llama/seqkd/step_080/E_if.L14.main.direction.pt,activation_conditioned_update_displacement_singular_values,128,0.02470745967507673,0.027473485120795137,0.0002925403249232697,0.0024734851207951353,0.0002925403249232697,1.187514034755018,2.5034734238567613,0.8420953106514638,0.9436507327492492,0,PASS
llama,seqkd,80,E_if,14,mlp.down_proj,0.05,12,displacement_rank,/root/autodl-tmp/cycle09_stage4_state_displacement/cells/llama/seqkd/step_080/E_if.L14.main.direction.pt,activation_conditioned_update_displacement_singular_values,128,0.046326408918600626,0.05107471759886696,0.003673591081399377,0.0010747175988669588,0.0010747175988669588,1.187514034755018,2.5034734238567613,0.8420953106514638,0.9436507327492492,0,PASS
llama,seqkd,80,E_if,14,mlp.down_proj,0.1,5,displacement_rank,/root/autodl-tmp/cycle09_stage4_state_displacement/cells/llama/seqkd/step_080/E_if.L14.main.direction.pt,activation_conditioned_update_displacement_singular_values,128,0.09059580160874953,0.10092061601295552,0.009404198391250479,0.0009206160129555108,0.0009206160129555108,1.187514034755018,2.5034734238567613,0.8420953106514638,0.9436507327492492,0,PASS
