analysis,formal_use_class,source_table,metric,metric_direction,module_filter,model,checkpoint,probe_name,module,epsilon,best_value,best_arms,opd_among_best,opd_strict_deepest,opd_tied_deepest,offline_strictly_deeper,opd_value,nearest_offline_value,opd_minus_nearest_offline_margin,arm_values_json
uncentered_r_epsilon,formal_rr2s_llama_state_spectrum,RR2S_llama_state_spectrum_module.csv,absolute_contraction,max_is_deepest,all,llama,20,E_general,mlp.down_proj,0.01,7.0,opd,True,True,False,False,7.0,2.0,5.0,"{""offkd"": 1.0, ""opd"": 7.0, ""seqkd"": 0.0, ""sft"": 2.0}"
uncentered_r_epsilon,formal_rr2s_llama_state_spectrum,RR2S_llama_state_spectrum_module.csv,absolute_contraction,max_is_deepest,all,llama,20,E_general,mlp.down_proj,0.025,10.0,opd,True,True,False,False,10.0,3.0,7.0,"{""offkd"": 1.0, ""opd"": 10.0, ""seqkd"": 0.0, ""sft"": 3.0}"
uncentered_r_epsilon,formal_rr2s_llama_state_spectrum,RR2S_llama_state_spectrum_module.csv,absolute_contraction,max_is_deepest,all,llama,20,E_general,mlp.down_proj,0.05,12.0,opd,True,True,False,False,12.0,4.0,8.0,"{""offkd"": 1.0, ""opd"": 12.0, ""seqkd"": 0.0, ""sft"": 4.0}"
uncentered_r_epsilon,formal_rr2s_llama_state_spectrum,RR2S_llama_state_spectrum_module.csv,absolute_contraction,max_is_deepest,all,llama,20,E_general,mlp.down_proj,0.1,13.0,opd,True,True,False,False,13.0,5.0,8.0,"{""offkd"": 1.0, ""opd"": 13.0, ""seqkd"": 0.0, ""sft"": 5.0}"
uncentered_r_epsilon,formal_rr2s_llama_state_spectrum,RR2S_llama_state_spectrum_module.csv,absolute_contraction,max_is_deepest,all,llama,20,E_general,mlp.gate_proj,0.01,19.0,opd,True,True,False,False,19.0,8.0,11.0,"{""offkd"": 2.0, ""opd"": 19.0, ""seqkd"": -1.0, ""sft"": 8.0}"
uncentered_r_epsilon,formal_rr2s_llama_state_spectrum,RR2S_llama_state_spectrum_module.csv,absolute_contraction,max_is_deepest,all,llama,20,E_general,mlp.gate_proj,0.025,17.0,opd,True,True,False,False,17.0,7.0,10.0,"{""offkd"": 2.0, ""opd"": 17.0, ""seqkd"": 0.0, ""sft"": 7.0}"
uncentered_r_epsilon,formal_rr2s_llama_state_spectrum,RR2S_llama_state_spectrum_module.csv,absolute_contraction,max_is_deepest,all,llama,20,E_general,mlp.gate_proj,0.05,12.0,opd,True,True,False,False,12.0,5.0,7.0,"{""offkd"": 2.0, ""opd"": 12.0, ""seqkd"": 0.0, ""sft"": 5.0}"
uncentered_r_epsilon,formal_rr2s_llama_state_spectrum,RR2S_llama_state_spectrum_module.csv,absolute_contraction,max_is_deepest,all,llama,20,E_general,mlp.gate_proj,0.1,4.0,opd,True,True,False,False,4.0,2.0,2.0,"{""offkd"": 1.0, ""opd"": 4.0, ""seqkd"": 0.0, ""sft"": 2.0}"
uncentered_r_epsilon,formal_rr2s_llama_state_spectrum,RR2S_llama_state_spectrum_module.csv,absolute_contraction,max_is_deepest,all,llama,20,E_general,mlp.up_proj,0.01,11.0,opd,True,True,False,False,11.0,5.0,6.0,"{""offkd"": 0.0, ""opd"": 11.0, ""seqkd"": -1.0, ""sft"": 5.0}"
uncentered_r_epsilon,formal_rr2s_llama_state_spectrum,RR2S_llama_state_spectrum_module.csv,absolute_contraction,max_is_deepest,all,llama,20,E_general,mlp.up_proj,0.025,14.0,opd,True,True,False,False,14.0,7.0,7.0,"{""offkd"": 1.0, ""opd"": 14.0, ""seqkd"": -1.0, ""sft"": 7.0}"
uncentered_r_epsilon,formal_rr2s_llama_state_spectrum,RR2S_llama_state_spectrum_module.csv,absolute_contraction,max_is_deepest,all,llama,20,E_general,mlp.up_proj,0.05,14.0,opd,True,True,False,False,14.0,7.0,7.0,"{""offkd"": 1.0, ""opd"": 14.0, ""seqkd"": -2.0, ""sft"": 7.0}"
uncentered_r_epsilon,formal_rr2s_llama_state_spectrum,RR2S_llama_state_spectrum_module.csv,absolute_contraction,max_is_deepest,all,llama,20,E_general,mlp.up_proj,0.1,14.0,opd,True,True,False,False,14.0,7.0,7.0,"{""offkd"": 1.0, ""opd"": 14.0, ""seqkd"": -1.0, ""sft"": 7.0}"
uncentered_r_epsilon,formal_rr2s_llama_state_spectrum,RR2S_llama_state_spectrum_module.csv,absolute_contraction,max_is_deepest,all,llama,20,E_general,self_attn.k_proj,0.01,3.0,opd,True,True,False,False,3.0,2.0,1.0,"{""offkd"": 2.0, ""opd"": 3.0, ""seqkd"": 2.0, ""sft"": 0.0}"
uncentered_r_epsilon,formal_rr2s_llama_state_spectrum,RR2S_llama_state_spectrum_module.csv,absolute_contraction,max_is_deepest,all,llama,20,E_general,self_attn.k_proj,0.025,3.0,opd,True,True,False,False,3.0,2.0,1.0,"{""offkd"": 2.0, ""opd"": 3.0, ""seqkd"": 2.0, ""sft"": 0.0}"
uncentered_r_epsilon,formal_rr2s_llama_state_spectrum,RR2S_llama_state_spectrum_module.csv,absolute_contraction,max_is_deepest,all,llama,20,E_general,self_attn.k_proj,0.05,1.0,opd,True,True,False,False,1.0,0.0,1.0,"{""offkd"": 0.0, ""opd"": 1.0, ""seqkd"": 0.0, ""sft"": -1.0}"
uncentered_r_epsilon,formal_rr2s_llama_state_spectrum,RR2S_llama_state_spectrum_module.csv,absolute_contraction,max_is_deepest,all,llama,20,E_general,self_attn.k_proj,0.1,1.0,opd,True,True,False,False,1.0,0.0,1.0,"{""offkd"": 0.0, ""opd"": 1.0, ""seqkd"": 0.0, ""sft"": -1.0}"
uncentered_r_epsilon,formal_rr2s_llama_state_spectrum,RR2S_llama_state_spectrum_module.csv,absolute_contraction,max_is_deepest,all,llama,20,E_general,self_attn.o_proj,0.01,21.0,opd,True,True,False,False,21.0,3.0,18.0,"{""offkd"": 0.0, ""opd"": 21.0, ""seqkd"": -3.0, ""sft"": 3.0}"
uncentered_r_epsilon,formal_rr2s_llama_state_spectrum,RR2S_llama_state_spectrum_module.csv,absolute_contraction,max_is_deepest,all,llama,20,E_general,self_attn.o_proj,0.025,19.0,opd,True,True,False,False,19.0,3.0,16.0,"{""offkd"": -1.0, ""opd"": 19.0, ""seqkd"": -3.0, ""sft"": 3.0}"
uncentered_r_epsilon,formal_rr2s_llama_state_spectrum,RR2S_llama_state_spectrum_module.csv,absolute_contraction,max_is_deepest,all,llama,20,E_general,self_attn.o_proj,0.05,18.0,opd,True,True,False,False,18.0,3.0,15.0,"{""offkd"": -1.0, ""opd"": 18.0, ""seqkd"": -3.0, ""sft"": 3.0}"
uncentered_r_epsilon,formal_rr2s_llama_state_spectrum,RR2S_llama_state_spectrum_module.csv,absolute_contraction,max_is_deepest,all,llama,20,E_general,self_attn.o_proj,0.1,17.0,opd,True,True,False,False,17.0,4.0,13.0,"{""offkd"": 0.0, ""opd"": 17.0, ""seqkd"": -2.0, ""sft"": 4.0}"
uncentered_r_epsilon,formal_rr2s_llama_state_spectrum,RR2S_llama_state_spectrum_module.csv,absolute_contraction,max_is_deepest,all,llama,20,E_general,self_attn.q_proj,0.01,4.0,opd,True,True,False,False,4.0,3.0,1.0,"{""offkd"": 3.0, ""opd"": 4.0, ""seqkd"": 2.0, ""sft"": 0.0}"
uncentered_r_epsilon,formal_rr2s_llama_state_spectrum,RR2S_llama_state_spectrum_module.csv,absolute_contraction,max_is_deepest,all,llama,20,E_general,self_attn.q_proj,0.025,3.0,opd,True,True,False,False,3.0,2.0,1.0,"{""offkd"": 2.0, ""opd"": 3.0, ""seqkd"": 2.0, ""sft"": 0.0}"
uncentered_r_epsilon,formal_rr2s_llama_state_spectrum,RR2S_llama_state_spectrum_module.csv,absolute_contraction,max_is_deepest,all,llama,20,E_general,self_attn.q_proj,0.05,2.0,opd,True,True,False,False,2.0,1.0,1.0,"{""offkd"": 1.0, ""opd"": 2.0, ""seqkd"": 1.0, ""sft"": 0.0}"
uncentered_r_epsilon,formal_rr2s_llama_state_spectrum,RR2S_llama_state_spectrum_module.csv,absolute_contraction,max_is_deepest,all,llama,20,E_general,self_attn.q_proj,0.1,1.0,"offkd,opd,seqkd",True,False,True,False,1.0,1.0,0.0,"{""offkd"": 1.0, ""opd"": 1.0, ""seqkd"": 1.0, ""sft"": 0.0}"
uncentered_r_epsilon,formal_rr2s_llama_state_spectrum,RR2S_llama_state_spectrum_module.csv,absolute_contraction,max_is_deepest,all,llama,20,E_general,self_attn.v_proj,0.01,2.0,opd,True,True,False,False,2.0,1.0,1.0,"{""offkd"": 0.0, ""opd"": 2.0, ""seqkd"": -1.0, ""sft"": 1.0}"
uncentered_r_epsilon,formal_rr2s_llama_state_spectrum,RR2S_llama_state_spectrum_module.csv,absolute_contraction,max_is_deepest,all,llama,20,E_general,self_attn.v_proj,0.025,4.0,opd,True,True,False,False,4.0,2.0,2.0,"{""offkd"": 0.0, ""opd"": 4.0, ""seqkd"": 0.0, ""sft"": 2.0}"
uncentered_r_epsilon,formal_rr2s_llama_state_spectrum,RR2S_llama_state_spectrum_module.csv,absolute_contraction,max_is_deepest,all,llama,20,E_general,self_attn.v_proj,0.05,4.0,opd,True,True,False,False,4.0,2.0,2.0,"{""offkd"": 0.0, ""opd"": 4.0, ""seqkd"": 0.0, ""sft"": 2.0}"
uncentered_r_epsilon,formal_rr2s_llama_state_spectrum,RR2S_llama_state_spectrum_module.csv,absolute_contraction,max_is_deepest,all,llama,20,E_general,self_attn.v_proj,0.1,5.0,opd,True,True,False,False,5.0,2.0,3.0,"{""offkd"": 0.0, ""opd"": 5.0, ""seqkd"": 0.0, ""sft"": 2.0}"
uncentered_r_epsilon,formal_rr2s_llama_state_spectrum,RR2S_llama_state_spectrum_module.csv,absolute_contraction,max_is_deepest,all,llama,20,E_if,mlp.down_proj,0.01,17.0,opd,True,True,False,False,17.0,11.0,6.0,"{""offkd"": 11.0, ""opd"": 17.0, ""seqkd"": 11.0, ""sft"": 7.0}"
uncentered_r_epsilon,formal_rr2s_llama_state_spectrum,RR2S_llama_state_spectrum_module.csv,absolute_contraction,max_is_deepest,all,llama,20,E_if,mlp.down_proj,0.025,23.0,opd,True,True,False,False,23.0,15.0,8.0,"{""offkd"": 15.0, ""opd"": 23.0, ""seqkd"": 15.0, ""sft"": 11.0}"
uncentered_r_epsilon,formal_rr2s_llama_state_spectrum,RR2S_llama_state_spectrum_module.csv,absolute_contraction,max_is_deepest,all,llama,20,E_if,mlp.down_proj,0.05,26.0,opd,True,True,False,False,26.0,17.0,9.0,"{""offkd"": 16.0, ""opd"": 26.0, ""seqkd"": 17.0, ""sft"": 12.0}"
uncentered_r_epsilon,formal_rr2s_llama_state_spectrum,RR2S_llama_state_spectrum_module.csv,absolute_contraction,max_is_deepest,all,llama,20,E_if,mlp.down_proj,0.1,27.0,opd,True,True,False,False,27.0,18.0,9.0,"{""offkd"": 17.0, ""opd"": 27.0, ""seqkd"": 18.0, ""sft"": 13.0}"
uncentered_r_epsilon,formal_rr2s_llama_state_spectrum,RR2S_llama_state_spectrum_module.csv,absolute_contraction,max_is_deepest,all,llama,20,E_if,mlp.gate_proj,0.01,41.0,opd,True,True,False,False,41.0,15.0,26.0,"{""offkd"": 15.0, ""opd"": 41.0, ""seqkd"": 14.0, ""sft"": 15.0}"
uncentered_r_epsilon,formal_rr2s_llama_state_spectrum,RR2S_llama_state_spectrum_module.csv,absolute_contraction,max_is_deepest,all,llama,20,E_if,mlp.gate_proj,0.025,35.0,opd,True,True,False,False,35.0,13.0,22.0,"{""offkd"": 13.0, ""opd"": 35.0, ""seqkd"": 13.0, ""sft"": 12.0}"
uncentered_r_epsilon,formal_rr2s_llama_state_spectrum,RR2S_llama_state_spectrum_module.csv,absolute_contraction,max_is_deepest,all,llama,20,E_if,mlp.gate_proj,0.05,23.0,opd,True,True,False,False,23.0,9.0,14.0,"{""offkd"": 9.0, ""opd"": 23.0, ""seqkd"": 9.0, ""sft"": 8.0}"
uncentered_r_epsilon,formal_rr2s_llama_state_spectrum,RR2S_llama_state_spectrum_module.csv,absolute_contraction,max_is_deepest,all,llama,20,E_if,mlp.gate_proj,0.1,10.0,opd,True,True,False,False,10.0,4.0,6.0,"{""offkd"": 4.0, ""opd"": 10.0, ""seqkd"": 4.0, ""sft"": 3.0}"
uncentered_r_epsilon,formal_rr2s_llama_state_spectrum,RR2S_llama_state_spectrum_module.csv,absolute_contraction,max_is_deepest,all,llama,20,E_if,mlp.up_proj,0.01,21.0,opd,True,True,False,False,21.0,12.0,9.0,"{""offkd"": 11.0, ""opd"": 21.0, ""seqkd"": 10.0, ""sft"": 12.0}"
uncentered_r_epsilon,formal_rr2s_llama_state_spectrum,RR2S_llama_state_spectrum_module.csv,absolute_contraction,max_is_deepest,all,llama,20,E_if,mlp.up_proj,0.025,24.0,opd,True,True,False,False,24.0,14.0,10.0,"{""offkd"": 13.0, ""opd"": 24.0, ""seqkd"": 12.0, ""sft"": 14.0}"
uncentered_r_epsilon,formal_rr2s_llama_state_spectrum,RR2S_llama_state_spectrum_module.csv,absolute_contraction,max_is_deepest,all,llama,20,E_if,mlp.up_proj,0.05,25.0,opd,True,True,False,False,25.0,15.0,10.0,"{""offkd"": 14.0, ""opd"": 25.0, ""seqkd"": 13.0, ""sft"": 15.0}"
uncentered_r_epsilon,formal_rr2s_llama_state_spectrum,RR2S_llama_state_spectrum_module.csv,absolute_contraction,max_is_deepest,all,llama,20,E_if,mlp.up_proj,0.1,22.0,opd,True,True,False,False,22.0,13.0,9.0,"{""offkd"": 13.0, ""opd"": 22.0, ""seqkd"": 12.0, ""sft"": 13.0}"
uncentered_r_epsilon,formal_rr2s_llama_state_spectrum,RR2S_llama_state_spectrum_module.csv,absolute_contraction,max_is_deepest,all,llama,20,E_if,self_attn.k_proj,0.01,5.0,opd,True,True,False,False,5.0,4.0,1.0,"{""offkd"": 4.0, ""opd"": 5.0, ""seqkd"": 4.0, ""sft"": 2.0}"
uncentered_r_epsilon,formal_rr2s_llama_state_spectrum,RR2S_llama_state_spectrum_module.csv,absolute_contraction,max_is_deepest,all,llama,20,E_if,self_attn.k_proj,0.025,3.0,opd,True,True,False,False,3.0,2.0,1.0,"{""offkd"": 2.0, ""opd"": 3.0, ""seqkd"": 2.0, ""sft"": 0.0}"
uncentered_r_epsilon,formal_rr2s_llama_state_spectrum,RR2S_llama_state_spectrum_module.csv,absolute_contraction,max_is_deepest,all,llama,20,E_if,self_attn.k_proj,0.05,3.0,opd,True,True,False,False,3.0,2.0,1.0,"{""offkd"": 1.0, ""opd"": 3.0, ""seqkd"": 2.0, ""sft"": 0.0}"
uncentered_r_epsilon,formal_rr2s_llama_state_spectrum,RR2S_llama_state_spectrum_module.csv,absolute_contraction,max_is_deepest,all,llama,20,E_if,self_attn.k_proj,0.1,1.0,opd,True,True,False,False,1.0,0.0,1.0,"{""offkd"": 0.0, ""opd"": 1.0, ""seqkd"": 0.0, ""sft"": 0.0}"
uncentered_r_epsilon,formal_rr2s_llama_state_spectrum,RR2S_llama_state_spectrum_module.csv,absolute_contraction,max_is_deepest,all,llama,20,E_if,self_attn.o_proj,0.01,29.0,opd,True,True,False,False,29.0,4.0,25.0,"{""offkd"": 2.0, ""opd"": 29.0, ""seqkd"": 0.0, ""sft"": 4.0}"
uncentered_r_epsilon,formal_rr2s_llama_state_spectrum,RR2S_llama_state_spectrum_module.csv,absolute_contraction,max_is_deepest,all,llama,20,E_if,self_attn.o_proj,0.025,27.0,opd,True,True,False,False,27.0,5.0,22.0,"{""offkd"": 3.0, ""opd"": 27.0, ""seqkd"": 1.0, ""sft"": 5.0}"
uncentered_r_epsilon,formal_rr2s_llama_state_spectrum,RR2S_llama_state_spectrum_module.csv,absolute_contraction,max_is_deepest,all,llama,20,E_if,self_attn.o_proj,0.05,26.0,opd,True,True,False,False,26.0,6.0,20.0,"{""offkd"": 3.0, ""opd"": 26.0, ""seqkd"": 2.0, ""sft"": 6.0}"
uncentered_r_epsilon,formal_rr2s_llama_state_spectrum,RR2S_llama_state_spectrum_module.csv,absolute_contraction,max_is_deepest,all,llama,20,E_if,self_attn.o_proj,0.1,22.0,opd,True,True,False,False,22.0,6.0,16.0,"{""offkd"": 4.0, ""opd"": 22.0, ""seqkd"": 2.0, ""sft"": 6.0}"
uncentered_r_epsilon,formal_rr2s_llama_state_spectrum,RR2S_llama_state_spectrum_module.csv,absolute_contraction,max_is_deepest,all,llama,20,E_if,self_attn.q_proj,0.01,10.0,seqkd,False,False,False,True,7.0,10.0,-3.0,"{""offkd"": 9.0, ""opd"": 7.0, ""seqkd"": 10.0, ""sft"": 4.0}"
uncentered_r_epsilon,formal_rr2s_llama_state_spectrum,RR2S_llama_state_spectrum_module.csv,absolute_contraction,max_is_deepest,all,llama,20,E_if,self_attn.q_proj,0.025,7.0,seqkd,False,False,False,True,5.0,7.0,-2.0,"{""offkd"": 6.0, ""opd"": 5.0, ""seqkd"": 7.0, ""sft"": 3.0}"
uncentered_r_epsilon,formal_rr2s_llama_state_spectrum,RR2S_llama_state_spectrum_module.csv,absolute_contraction,max_is_deepest,all,llama,20,E_if,self_attn.q_proj,0.05,3.0,"offkd,seqkd",False,False,False,True,2.0,3.0,-1.0,"{""offkd"": 3.0, ""opd"": 2.0, ""seqkd"": 3.0, ""sft"": 1.0}"
uncentered_r_epsilon,formal_rr2s_llama_state_spectrum,RR2S_llama_state_spectrum_module.csv,absolute_contraction,max_is_deepest,all,llama,20,E_if,self_attn.q_proj,0.1,1.0,"offkd,opd,seqkd",True,False,True,False,1.0,1.0,0.0,"{""offkd"": 1.0, ""opd"": 1.0, ""seqkd"": 1.0, ""sft"": 0.0}"
uncentered_r_epsilon,formal_rr2s_llama_state_spectrum,RR2S_llama_state_spectrum_module.csv,absolute_contraction,max_is_deepest,all,llama,20,E_if,self_attn.v_proj,0.01,4.0,opd,True,True,False,False,4.0,3.0,1.0,"{""offkd"": 2.0, ""opd"": 4.0, ""seqkd"": 2.0, ""sft"": 3.0}"
uncentered_r_epsilon,formal_rr2s_llama_state_spectrum,RR2S_llama_state_spectrum_module.csv,absolute_contraction,max_is_deepest,all,llama,20,E_if,self_attn.v_proj,0.025,6.0,opd,True,True,False,False,6.0,3.0,3.0,"{""offkd"": 2.0, ""opd"": 6.0, ""seqkd"": 2.0, ""sft"": 3.0}"
uncentered_r_epsilon,formal_rr2s_llama_state_spectrum,RR2S_llama_state_spectrum_module.csv,absolute_contraction,max_is_deepest,all,llama,20,E_if,self_attn.v_proj,0.05,7.0,opd,True,True,False,False,7.0,4.0,3.0,"{""offkd"": 3.0, ""opd"": 7.0, ""seqkd"": 3.0, ""sft"": 4.0}"
uncentered_r_epsilon,formal_rr2s_llama_state_spectrum,RR2S_llama_state_spectrum_module.csv,absolute_contraction,max_is_deepest,all,llama,20,E_if,self_attn.v_proj,0.1,7.0,opd,True,True,False,False,7.0,3.0,4.0,"{""offkd"": 3.0, ""opd"": 7.0, ""seqkd"": 2.0, ""sft"": 3.0}"
uncentered_r_epsilon,formal_rr2s_llama_state_spectrum,RR2S_llama_state_spectrum_module.csv,absolute_contraction,max_is_deepest,all,llama,20,E_math,mlp.down_proj,0.01,17.0,opd,True,True,False,False,17.0,7.0,10.0,"{""offkd"": 3.0, ""opd"": 17.0, ""seqkd"": 2.0, ""sft"": 7.0}"
uncentered_r_epsilon,formal_rr2s_llama_state_spectrum,RR2S_llama_state_spectrum_module.csv,absolute_contraction,max_is_deepest,all,llama,20,E_math,mlp.down_proj,0.025,18.0,opd,True,True,False,False,18.0,8.0,10.0,"{""offkd"": 4.0, ""opd"": 18.0, ""seqkd"": 2.0, ""sft"": 8.0}"
uncentered_r_epsilon,formal_rr2s_llama_state_spectrum,RR2S_llama_state_spectrum_module.csv,absolute_contraction,max_is_deepest,all,llama,20,E_math,mlp.down_proj,0.05,17.0,opd,True,True,False,False,17.0,7.0,10.0,"{""offkd"": 3.0, ""opd"": 17.0, ""seqkd"": 2.0, ""sft"": 7.0}"
uncentered_r_epsilon,formal_rr2s_llama_state_spectrum,RR2S_llama_state_spectrum_module.csv,absolute_contraction,max_is_deepest,all,llama,20,E_math,mlp.down_proj,0.1,15.0,opd,True,True,False,False,15.0,6.0,9.0,"{""offkd"": 2.0, ""opd"": 15.0, ""seqkd"": 1.0, ""sft"": 6.0}"
uncentered_r_epsilon,formal_rr2s_llama_state_spectrum,RR2S_llama_state_spectrum_module.csv,absolute_contraction,max_is_deepest,all,llama,20,E_math,mlp.gate_proj,0.01,24.0,opd,True,True,False,False,24.0,8.0,16.0,"{""offkd"": 3.0, ""opd"": 24.0, ""seqkd"": 1.0, ""sft"": 8.0}"
uncentered_r_epsilon,formal_rr2s_llama_state_spectrum,RR2S_llama_state_spectrum_module.csv,absolute_contraction,max_is_deepest,all,llama,20,E_math,mlp.gate_proj,0.025,19.0,opd,True,True,False,False,19.0,6.0,13.0,"{""offkd"": 2.0, ""opd"": 19.0, ""seqkd"": 1.0, ""sft"": 6.0}"
uncentered_r_epsilon,formal_rr2s_llama_state_spectrum,RR2S_llama_state_spectrum_module.csv,absolute_contraction,max_is_deepest,all,llama,20,E_math,mlp.gate_proj,0.05,13.0,opd,True,True,False,False,13.0,4.0,9.0,"{""offkd"": 2.0, ""opd"": 13.0, ""seqkd"": 1.0, ""sft"": 4.0}"
uncentered_r_epsilon,formal_rr2s_llama_state_spectrum,RR2S_llama_state_spectrum_module.csv,absolute_contraction,max_is_deepest,all,llama,20,E_math,mlp.gate_proj,0.1,6.0,opd,True,True,False,False,6.0,2.0,4.0,"{""offkd"": 1.0, ""opd"": 6.0, ""seqkd"": 1.0, ""sft"": 2.0}"
uncentered_r_epsilon,formal_rr2s_llama_state_spectrum,RR2S_llama_state_spectrum_module.csv,absolute_contraction,max_is_deepest,all,llama,20,E_math,mlp.up_proj,0.01,18.0,opd,True,True,False,False,18.0,10.0,8.0,"{""offkd"": 4.0, ""opd"": 18.0, ""seqkd"": 2.0, ""sft"": 10.0}"
uncentered_r_epsilon,formal_rr2s_llama_state_spectrum,RR2S_llama_state_spectrum_module.csv,absolute_contraction,max_is_deepest,all,llama,20,E_math,mlp.up_proj,0.025,18.0,opd,True,True,False,False,18.0,9.0,9.0,"{""offkd"": 3.0, ""opd"": 18.0, ""seqkd"": 1.0, ""sft"": 9.0}"
uncentered_r_epsilon,formal_rr2s_llama_state_spectrum,RR2S_llama_state_spectrum_module.csv,absolute_contraction,max_is_deepest,all,llama,20,E_math,mlp.up_proj,0.05,15.0,opd,True,True,False,False,15.0,8.0,7.0,"{""offkd"": 2.0, ""opd"": 15.0, ""seqkd"": 0.0, ""sft"": 8.0}"
uncentered_r_epsilon,formal_rr2s_llama_state_spectrum,RR2S_llama_state_spectrum_module.csv,absolute_contraction,max_is_deepest,all,llama,20,E_math,mlp.up_proj,0.1,12.0,opd,True,True,False,False,12.0,6.0,6.0,"{""offkd"": 1.0, ""opd"": 12.0, ""seqkd"": 0.0, ""sft"": 6.0}"
uncentered_r_epsilon,formal_rr2s_llama_state_spectrum,RR2S_llama_state_spectrum_module.csv,absolute_contraction,max_is_deepest,all,llama,20,E_math,self_attn.k_proj,0.01,5.0,opd,True,True,False,False,5.0,1.0,4.0,"{""offkd"": 1.0, ""opd"": 5.0, ""seqkd"": 1.0, ""sft"": 1.0}"
uncentered_r_epsilon,formal_rr2s_llama_state_spectrum,RR2S_llama_state_spectrum_module.csv,absolute_contraction,max_is_deepest,all,llama,20,E_math,self_attn.k_proj,0.025,4.0,opd,True,True,False,False,4.0,1.0,3.0,"{""offkd"": 1.0, ""opd"": 4.0, ""seqkd"": 0.0, ""sft"": 0.0}"
uncentered_r_epsilon,formal_rr2s_llama_state_spectrum,RR2S_llama_state_spectrum_module.csv,absolute_contraction,max_is_deepest,all,llama,20,E_math,self_attn.k_proj,0.05,3.0,opd,True,True,False,False,3.0,1.0,2.0,"{""offkd"": 1.0, ""opd"": 3.0, ""seqkd"": 1.0, ""sft"": 1.0}"
uncentered_r_epsilon,formal_rr2s_llama_state_spectrum,RR2S_llama_state_spectrum_module.csv,absolute_contraction,max_is_deepest,all,llama,20,E_math,self_attn.k_proj,0.1,1.0,opd,True,True,False,False,1.0,0.0,1.0,"{""offkd"": 0.0, ""opd"": 1.0, ""seqkd"": 0.0, ""sft"": 0.0}"
uncentered_r_epsilon,formal_rr2s_llama_state_spectrum,RR2S_llama_state_spectrum_module.csv,absolute_contraction,max_is_deepest,all,llama,20,E_math,self_attn.o_proj,0.01,23.0,opd,True,True,False,False,23.0,6.0,17.0,"{""offkd"": -2.0, ""opd"": 23.0, ""seqkd"": -4.0, ""sft"": 6.0}"
uncentered_r_epsilon,formal_rr2s_llama_state_spectrum,RR2S_llama_state_spectrum_module.csv,absolute_contraction,max_is_deepest,all,llama,20,E_math,self_attn.o_proj,0.025,21.0,opd,True,True,False,False,21.0,6.0,15.0,"{""offkd"": -3.0, ""opd"": 21.0, ""seqkd"": -4.0, ""sft"": 6.0}"
uncentered_r_epsilon,formal_rr2s_llama_state_spectrum,RR2S_llama_state_spectrum_module.csv,absolute_contraction,max_is_deepest,all,llama,20,E_math,self_attn.o_proj,0.05,18.0,opd,True,True,False,False,18.0,5.0,13.0,"{""offkd"": -3.0, ""opd"": 18.0, ""seqkd"": -4.0, ""sft"": 5.0}"
uncentered_r_epsilon,formal_rr2s_llama_state_spectrum,RR2S_llama_state_spectrum_module.csv,absolute_contraction,max_is_deepest,all,llama,20,E_math,self_attn.o_proj,0.1,15.0,opd,True,True,False,False,15.0,5.0,10.0,"{""offkd"": -2.0, ""opd"": 15.0, ""seqkd"": -3.0, ""sft"": 5.0}"
uncentered_r_epsilon,formal_rr2s_llama_state_spectrum,RR2S_llama_state_spectrum_module.csv,absolute_contraction,max_is_deepest,all,llama,20,E_math,self_attn.q_proj,0.01,9.0,opd,True,True,False,False,9.0,4.0,5.0,"{""offkd"": 4.0, ""opd"": 9.0, ""seqkd"": 3.0, ""sft"": 4.0}"
uncentered_r_epsilon,formal_rr2s_llama_state_spectrum,RR2S_llama_state_spectrum_module.csv,absolute_contraction,max_is_deepest,all,llama,20,E_math,self_attn.q_proj,0.025,7.0,opd,True,True,False,False,7.0,3.0,4.0,"{""offkd"": 3.0, ""opd"": 7.0, ""seqkd"": 2.0, ""sft"": 3.0}"
uncentered_r_epsilon,formal_rr2s_llama_state_spectrum,RR2S_llama_state_spectrum_module.csv,absolute_contraction,max_is_deepest,all,llama,20,E_math,self_attn.q_proj,0.05,5.0,opd,True,True,False,False,5.0,2.0,3.0,"{""offkd"": 2.0, ""opd"": 5.0, ""seqkd"": 2.0, ""sft"": 2.0}"
uncentered_r_epsilon,formal_rr2s_llama_state_spectrum,RR2S_llama_state_spectrum_module.csv,absolute_contraction,max_is_deepest,all,llama,20,E_math,self_attn.q_proj,0.1,1.0,opd,True,True,False,False,1.0,0.0,1.0,"{""offkd"": 0.0, ""opd"": 1.0, ""seqkd"": 0.0, ""sft"": 0.0}"
uncentered_r_epsilon,formal_rr2s_llama_state_spectrum,RR2S_llama_state_spectrum_module.csv,absolute_contraction,max_is_deepest,all,llama,20,E_math,self_attn.v_proj,0.01,9.0,opd,True,True,False,False,9.0,5.0,4.0,"{""offkd"": 1.0, ""opd"": 9.0, ""seqkd"": 1.0, ""sft"": 5.0}"
uncentered_r_epsilon,formal_rr2s_llama_state_spectrum,RR2S_llama_state_spectrum_module.csv,absolute_contraction,max_is_deepest,all,llama,20,E_math,self_attn.v_proj,0.025,9.0,opd,True,True,False,False,9.0,4.0,5.0,"{""offkd"": 1.0, ""opd"": 9.0, ""seqkd"": 0.0, ""sft"": 4.0}"
uncentered_r_epsilon,formal_rr2s_llama_state_spectrum,RR2S_llama_state_spectrum_module.csv,absolute_contraction,max_is_deepest,all,llama,20,E_math,self_attn.v_proj,0.05,10.0,opd,True,True,False,False,10.0,5.0,5.0,"{""offkd"": 1.0, ""opd"": 10.0, ""seqkd"": 0.0, ""sft"": 5.0}"
uncentered_r_epsilon,formal_rr2s_llama_state_spectrum,RR2S_llama_state_spectrum_module.csv,absolute_contraction,max_is_deepest,all,llama,20,E_math,self_attn.v_proj,0.1,9.0,opd,True,True,False,False,9.0,4.0,5.0,"{""offkd"": 1.0, ""opd"": 9.0, ""seqkd"": 0.0, ""sft"": 4.0}"
uncentered_r_epsilon,formal_rr2s_llama_state_spectrum,RR2S_llama_state_spectrum_module.csv,absolute_contraction,max_is_deepest,all,llama,20,E_ood,mlp.down_proj,0.01,13.0,opd,True,True,False,False,13.0,5.0,8.0,"{""offkd"": 3.0, ""opd"": 13.0, ""seqkd"": 2.0, ""sft"": 5.0}"
uncentered_r_epsilon,formal_rr2s_llama_state_spectrum,RR2S_llama_state_spectrum_module.csv,absolute_contraction,max_is_deepest,all,llama,20,E_ood,mlp.down_proj,0.025,19.0,opd,True,True,False,False,19.0,7.0,12.0,"{""offkd"": 4.0, ""opd"": 19.0, ""seqkd"": 3.0, ""sft"": 7.0}"
uncentered_r_epsilon,formal_rr2s_llama_state_spectrum,RR2S_llama_state_spectrum_module.csv,absolute_contraction,max_is_deepest,all,llama,20,E_ood,mlp.down_proj,0.05,21.0,opd,True,True,False,False,21.0,8.0,13.0,"{""offkd"": 5.0, ""opd"": 21.0, ""seqkd"": 4.0, ""sft"": 8.0}"
uncentered_r_epsilon,formal_rr2s_llama_state_spectrum,RR2S_llama_state_spectrum_module.csv,absolute_contraction,max_is_deepest,all,llama,20,E_ood,mlp.down_proj,0.1,22.0,opd,True,True,False,False,22.0,8.0,14.0,"{""offkd"": 5.0, ""opd"": 22.0, ""seqkd"": 4.0, ""sft"": 8.0}"
uncentered_r_epsilon,formal_rr2s_llama_state_spectrum,RR2S_llama_state_spectrum_module.csv,absolute_contraction,max_is_deepest,all,llama,20,E_ood,mlp.gate_proj,0.01,42.0,opd,True,True,False,False,42.0,15.0,27.0,"{""offkd"": 5.0, ""opd"": 42.0, ""seqkd"": 1.0, ""sft"": 15.0}"
uncentered_r_epsilon,formal_rr2s_llama_state_spectrum,RR2S_llama_state_spectrum_module.csv,absolute_contraction,max_is_deepest,all,llama,20,E_ood,mlp.gate_proj,0.025,38.0,opd,True,True,False,False,38.0,13.0,25.0,"{""offkd"": 5.0, ""opd"": 38.0, ""seqkd"": 1.0, ""sft"": 13.0}"
uncentered_r_epsilon,formal_rr2s_llama_state_spectrum,RR2S_llama_state_spectrum_module.csv,absolute_contraction,max_is_deepest,all,llama,20,E_ood,mlp.gate_proj,0.05,25.0,opd,True,True,False,False,25.0,8.0,17.0,"{""offkd"": 3.0, ""opd"": 25.0, ""seqkd"": 1.0, ""sft"": 8.0}"
uncentered_r_epsilon,formal_rr2s_llama_state_spectrum,RR2S_llama_state_spectrum_module.csv,absolute_contraction,max_is_deepest,all,llama,20,E_ood,mlp.gate_proj,0.1,9.0,opd,True,True,False,False,9.0,2.0,7.0,"{""offkd"": 2.0, ""opd"": 9.0, ""seqkd"": 1.0, ""sft"": 2.0}"
uncentered_r_epsilon,formal_rr2s_llama_state_spectrum,RR2S_llama_state_spectrum_module.csv,absolute_contraction,max_is_deepest,all,llama,20,E_ood,mlp.up_proj,0.01,22.0,opd,True,True,False,False,22.0,11.0,11.0,"{""offkd"": 4.0, ""opd"": 22.0, ""seqkd"": 2.0, ""sft"": 11.0}"
uncentered_r_epsilon,formal_rr2s_llama_state_spectrum,RR2S_llama_state_spectrum_module.csv,absolute_contraction,max_is_deepest,all,llama,20,E_ood,mlp.up_proj,0.025,28.0,opd,True,True,False,False,28.0,14.0,14.0,"{""offkd"": 5.0, ""opd"": 28.0, ""seqkd"": 2.0, ""sft"": 14.0}"
uncentered_r_epsilon,formal_rr2s_llama_state_spectrum,RR2S_llama_state_spectrum_module.csv,absolute_contraction,max_is_deepest,all,llama,20,E_ood,mlp.up_proj,0.05,29.0,opd,True,True,False,False,29.0,14.0,15.0,"{""offkd"": 5.0, ""opd"": 29.0, ""seqkd"": 2.0, ""sft"": 14.0}"
uncentered_r_epsilon,formal_rr2s_llama_state_spectrum,RR2S_llama_state_spectrum_module.csv,absolute_contraction,max_is_deepest,all,llama,20,E_ood,mlp.up_proj,0.1,27.0,opd,True,True,False,False,27.0,13.0,14.0,"{""offkd"": 4.0, ""opd"": 27.0, ""seqkd"": 1.0, ""sft"": 13.0}"
uncentered_r_epsilon,formal_rr2s_llama_state_spectrum,RR2S_llama_state_spectrum_module.csv,absolute_contraction,max_is_deepest,all,llama,20,E_ood,self_attn.k_proj,0.01,4.0,opd,True,True,False,False,4.0,3.0,1.0,"{""offkd"": 3.0, ""opd"": 4.0, ""seqkd"": 3.0, ""sft"": 1.0}"
uncentered_r_epsilon,formal_rr2s_llama_state_spectrum,RR2S_llama_state_spectrum_module.csv,absolute_contraction,max_is_deepest,all,llama,20,E_ood,self_attn.k_proj,0.025,3.0,opd,True,True,False,False,3.0,2.0,1.0,"{""offkd"": 2.0, ""opd"": 3.0, ""seqkd"": 2.0, ""sft"": 0.0}"
uncentered_r_epsilon,formal_rr2s_llama_state_spectrum,RR2S_llama_state_spectrum_module.csv,absolute_contraction,max_is_deepest,all,llama,20,E_ood,self_attn.k_proj,0.05,2.0,opd,True,True,False,False,2.0,1.0,1.0,"{""offkd"": 1.0, ""opd"": 2.0, ""seqkd"": 1.0, ""sft"": -1.0}"
uncentered_r_epsilon,formal_rr2s_llama_state_spectrum,RR2S_llama_state_spectrum_module.csv,absolute_contraction,max_is_deepest,all,llama,20,E_ood,self_attn.k_proj,0.1,0.0,"offkd,opd,seqkd",True,False,True,False,0.0,0.0,0.0,"{""offkd"": 0.0, ""opd"": 0.0, ""seqkd"": 0.0, ""sft"": -1.0}"
uncentered_r_epsilon,formal_rr2s_llama_state_spectrum,RR2S_llama_state_spectrum_module.csv,absolute_contraction,max_is_deepest,all,llama,20,E_ood,self_attn.o_proj,0.01,25.0,opd,True,True,False,False,25.0,7.0,18.0,"{""offkd"": -1.0, ""opd"": 25.0, ""seqkd"": -1.0, ""sft"": 7.0}"
uncentered_r_epsilon,formal_rr2s_llama_state_spectrum,RR2S_llama_state_spectrum_module.csv,absolute_contraction,max_is_deepest,all,llama,20,E_ood,self_attn.o_proj,0.025,24.0,opd,True,True,False,False,24.0,8.0,16.0,"{""offkd"": 0.0, ""opd"": 24.0, ""seqkd"": 0.0, ""sft"": 8.0}"
uncentered_r_epsilon,formal_rr2s_llama_state_spectrum,RR2S_llama_state_spectrum_module.csv,absolute_contraction,max_is_deepest,all,llama,20,E_ood,self_attn.o_proj,0.05,22.0,opd,True,True,False,False,22.0,8.0,14.0,"{""offkd"": -1.0, ""opd"": 22.0, ""seqkd"": 0.0, ""sft"": 8.0}"
uncentered_r_epsilon,formal_rr2s_llama_state_spectrum,RR2S_llama_state_spectrum_module.csv,absolute_contraction,max_is_deepest,all,llama,20,E_ood,self_attn.o_proj,0.1,18.0,opd,True,True,False,False,18.0,7.0,11.0,"{""offkd"": -1.0, ""opd"": 18.0, ""seqkd"": 0.0, ""sft"": 7.0}"
uncentered_r_epsilon,formal_rr2s_llama_state_spectrum,RR2S_llama_state_spectrum_module.csv,absolute_contraction,max_is_deepest,all,llama,20,E_ood,self_attn.q_proj,0.01,5.0,"offkd,seqkd",False,False,False,True,4.0,5.0,-1.0,"{""offkd"": 5.0, ""opd"": 4.0, ""seqkd"": 5.0, ""sft"": -2.0}"
uncentered_r_epsilon,formal_rr2s_llama_state_spectrum,RR2S_llama_state_spectrum_module.csv,absolute_contraction,max_is_deepest,all,llama,20,E_ood,self_attn.q_proj,0.025,3.0,"offkd,opd,seqkd",True,False,True,False,3.0,3.0,0.0,"{""offkd"": 3.0, ""opd"": 3.0, ""seqkd"": 3.0, ""sft"": -2.0}"
uncentered_r_epsilon,formal_rr2s_llama_state_spectrum,RR2S_llama_state_spectrum_module.csv,absolute_contraction,max_is_deepest,all,llama,20,E_ood,self_attn.q_proj,0.05,3.0,opd,True,True,False,False,3.0,2.0,1.0,"{""offkd"": 2.0, ""opd"": 3.0, ""seqkd"": 2.0, ""sft"": -1.0}"
uncentered_r_epsilon,formal_rr2s_llama_state_spectrum,RR2S_llama_state_spectrum_module.csv,absolute_contraction,max_is_deepest,all,llama,20,E_ood,self_attn.q_proj,0.1,1.0,"offkd,opd,seqkd",True,False,True,False,1.0,1.0,0.0,"{""offkd"": 1.0, ""opd"": 1.0, ""seqkd"": 1.0, ""sft"": -1.0}"
uncentered_r_epsilon,formal_rr2s_llama_state_spectrum,RR2S_llama_state_spectrum_module.csv,absolute_contraction,max_is_deepest,all,llama,20,E_ood,self_attn.v_proj,0.01,5.0,opd,True,True,False,False,5.0,2.0,3.0,"{""offkd"": 1.0, ""opd"": 5.0, ""seqkd"": 0.0, ""sft"": 2.0}"
uncentered_r_epsilon,formal_rr2s_llama_state_spectrum,RR2S_llama_state_spectrum_module.csv,absolute_contraction,max_is_deepest,all,llama,20,E_ood,self_attn.v_proj,0.025,7.0,opd,True,True,False,False,7.0,3.0,4.0,"{""offkd"": 1.0, ""opd"": 7.0, ""seqkd"": 1.0, ""sft"": 3.0}"
uncentered_r_epsilon,formal_rr2s_llama_state_spectrum,RR2S_llama_state_spectrum_module.csv,absolute_contraction,max_is_deepest,all,llama,20,E_ood,self_attn.v_proj,0.05,8.0,opd,True,True,False,False,8.0,3.0,5.0,"{""offkd"": 1.0, ""opd"": 8.0, ""seqkd"": 0.0, ""sft"": 3.0}"
uncentered_r_epsilon,formal_rr2s_llama_state_spectrum,RR2S_llama_state_spectrum_module.csv,absolute_contraction,max_is_deepest,all,llama,20,E_ood,self_attn.v_proj,0.1,10.0,opd,True,True,False,False,10.0,4.0,6.0,"{""offkd"": 2.0, ""opd"": 10.0, ""seqkd"": 1.0, ""sft"": 4.0}"
uncentered_r_epsilon,formal_rr2s_llama_state_spectrum,RR2S_llama_state_spectrum_module.csv,absolute_contraction,max_is_deepest,all,llama,40,E_general,mlp.down_proj,0.01,8.0,opd,True,True,False,False,8.0,2.0,6.0,"{""offkd"": 1.0, ""opd"": 8.0, ""seqkd"": 0.0, ""sft"": 2.0}"
uncentered_r_epsilon,formal_rr2s_llama_state_spectrum,RR2S_llama_state_spectrum_module.csv,absolute_contraction,max_is_deepest,all,llama,40,E_general,mlp.down_proj,0.025,11.0,opd,True,True,False,False,11.0,4.0,7.0,"{""offkd"": 2.0, ""opd"": 11.0, ""seqkd"": 0.0, ""sft"": 4.0}"
uncentered_r_epsilon,formal_rr2s_llama_state_spectrum,RR2S_llama_state_spectrum_module.csv,absolute_contraction,max_is_deepest,all,llama,40,E_general,mlp.down_proj,0.05,14.0,opd,True,True,False,False,14.0,5.0,9.0,"{""offkd"": 2.0, ""opd"": 14.0, ""seqkd"": 1.0, ""sft"": 5.0}"
uncentered_r_epsilon,formal_rr2s_llama_state_spectrum,RR2S_llama_state_spectrum_module.csv,absolute_contraction,max_is_deepest,all,llama,40,E_general,mlp.down_proj,0.1,14.0,opd,True,True,False,False,14.0,5.0,9.0,"{""offkd"": 2.0, ""opd"": 14.0, ""seqkd"": 0.0, ""sft"": 5.0}"
uncentered_r_epsilon,formal_rr2s_llama_state_spectrum,RR2S_llama_state_spectrum_module.csv,absolute_contraction,max_is_deepest,all,llama,40,E_general,mlp.gate_proj,0.01,26.0,opd,True,True,False,False,26.0,9.0,17.0,"{""offkd"": 5.0, ""opd"": 26.0, ""seqkd"": 1.0, ""sft"": 9.0}"
uncentered_r_epsilon,formal_rr2s_llama_state_spectrum,RR2S_llama_state_spectrum_module.csv,absolute_contraction,max_is_deepest,all,llama,40,E_general,mlp.gate_proj,0.025,23.0,opd,True,True,False,False,23.0,7.0,16.0,"{""offkd"": 5.0, ""opd"": 23.0, ""seqkd"": 1.0, ""sft"": 7.0}"
uncentered_r_epsilon,formal_rr2s_llama_state_spectrum,RR2S_llama_state_spectrum_module.csv,absolute_contraction,max_is_deepest,all,llama,40,E_general,mlp.gate_proj,0.05,16.0,opd,True,True,False,False,16.0,5.0,11.0,"{""offkd"": 5.0, ""opd"": 16.0, ""seqkd"": 2.0, ""sft"": 5.0}"
uncentered_r_epsilon,formal_rr2s_llama_state_spectrum,RR2S_llama_state_spectrum_module.csv,absolute_contraction,max_is_deepest,all,llama,40,E_general,mlp.gate_proj,0.1,5.0,opd,True,True,False,False,5.0,2.0,3.0,"{""offkd"": 2.0, ""opd"": 5.0, ""seqkd"": 1.0, ""sft"": 2.0}"
uncentered_r_epsilon,formal_rr2s_llama_state_spectrum,RR2S_llama_state_spectrum_module.csv,absolute_contraction,max_is_deepest,all,llama,40,E_general,mlp.up_proj,0.01,15.0,opd,True,True,False,False,15.0,6.0,9.0,"{""offkd"": 1.0, ""opd"": 15.0, ""seqkd"": -1.0, ""sft"": 6.0}"
uncentered_r_epsilon,formal_rr2s_llama_state_spectrum,RR2S_llama_state_spectrum_module.csv,absolute_contraction,max_is_deepest,all,llama,40,E_general,mlp.up_proj,0.025,19.0,opd,True,True,False,False,19.0,7.0,12.0,"{""offkd"": 2.0, ""opd"": 19.0, ""seqkd"": -2.0, ""sft"": 7.0}"
uncentered_r_epsilon,formal_rr2s_llama_state_spectrum,RR2S_llama_state_spectrum_module.csv,absolute_contraction,max_is_deepest,all,llama,40,E_general,mlp.up_proj,0.05,20.0,opd,True,True,False,False,20.0,8.0,12.0,"{""offkd"": 2.0, ""opd"": 20.0, ""seqkd"": -2.0, ""sft"": 8.0}"
uncentered_r_epsilon,formal_rr2s_llama_state_spectrum,RR2S_llama_state_spectrum_module.csv,absolute_contraction,max_is_deepest,all,llama,40,E_general,mlp.up_proj,0.1,20.0,opd,True,True,False,False,20.0,8.0,12.0,"{""offkd"": 2.0, ""opd"": 20.0, ""seqkd"": -2.0, ""sft"": 8.0}"
uncentered_r_epsilon,formal_rr2s_llama_state_spectrum,RR2S_llama_state_spectrum_module.csv,absolute_contraction,max_is_deepest,all,llama,40,E_general,self_attn.k_proj,0.01,4.0,opd,True,True,False,False,4.0,3.0,1.0,"{""offkd"": 3.0, ""opd"": 4.0, ""seqkd"": 3.0, ""sft"": 0.0}"
uncentered_r_epsilon,formal_rr2s_llama_state_spectrum,RR2S_llama_state_spectrum_module.csv,absolute_contraction,max_is_deepest,all,llama,40,E_general,self_attn.k_proj,0.025,3.0,"offkd,opd",True,False,True,False,3.0,3.0,0.0,"{""offkd"": 3.0, ""opd"": 3.0, ""seqkd"": 2.0, ""sft"": 0.0}"
uncentered_r_epsilon,formal_rr2s_llama_state_spectrum,RR2S_llama_state_spectrum_module.csv,absolute_contraction,max_is_deepest,all,llama,40,E_general,self_attn.k_proj,0.05,2.0,opd,True,True,False,False,2.0,1.0,1.0,"{""offkd"": 1.0, ""opd"": 2.0, ""seqkd"": 1.0, ""sft"": -1.0}"
uncentered_r_epsilon,formal_rr2s_llama_state_spectrum,RR2S_llama_state_spectrum_module.csv,absolute_contraction,max_is_deepest,all,llama,40,E_general,self_attn.k_proj,0.1,1.0,opd,True,True,False,False,1.0,0.0,1.0,"{""offkd"": 0.0, ""opd"": 1.0, ""seqkd"": 0.0, ""sft"": -1.0}"
uncentered_r_epsilon,formal_rr2s_llama_state_spectrum,RR2S_llama_state_spectrum_module.csv,absolute_contraction,max_is_deepest,all,llama,40,E_general,self_attn.o_proj,0.01,23.0,opd,True,True,False,False,23.0,6.0,17.0,"{""offkd"": -1.0, ""opd"": 23.0, ""seqkd"": -5.0, ""sft"": 6.0}"
uncentered_r_epsilon,formal_rr2s_llama_state_spectrum,RR2S_llama_state_spectrum_module.csv,absolute_contraction,max_is_deepest,all,llama,40,E_general,self_attn.o_proj,0.025,21.0,opd,True,True,False,False,21.0,6.0,15.0,"{""offkd"": -2.0, ""opd"": 21.0, ""seqkd"": -6.0, ""sft"": 6.0}"
uncentered_r_epsilon,formal_rr2s_llama_state_spectrum,RR2S_llama_state_spectrum_module.csv,absolute_contraction,max_is_deepest,all,llama,40,E_general,self_attn.o_proj,0.05,20.0,opd,True,True,False,False,20.0,6.0,14.0,"{""offkd"": -2.0, ""opd"": 20.0, ""seqkd"": -6.0, ""sft"": 6.0}"
uncentered_r_epsilon,formal_rr2s_llama_state_spectrum,RR2S_llama_state_spectrum_module.csv,absolute_contraction,max_is_deepest,all,llama,40,E_general,self_attn.o_proj,0.1,19.0,opd,True,True,False,False,19.0,7.0,12.0,"{""offkd"": -1.0, ""opd"": 19.0, ""seqkd"": -4.0, ""sft"": 7.0}"
uncentered_r_epsilon,formal_rr2s_llama_state_spectrum,RR2S_llama_state_spectrum_module.csv,absolute_contraction,max_is_deepest,all,llama,40,E_general,self_attn.q_proj,0.01,7.0,opd,True,True,False,False,7.0,4.0,3.0,"{""offkd"": 4.0, ""opd"": 7.0, ""seqkd"": 4.0, ""sft"": 1.0}"
uncentered_r_epsilon,formal_rr2s_llama_state_spectrum,RR2S_llama_state_spectrum_module.csv,absolute_contraction,max_is_deepest,all,llama,40,E_general,self_attn.q_proj,0.025,5.0,opd,True,True,False,False,5.0,4.0,1.0,"{""offkd"": 4.0, ""opd"": 5.0, ""seqkd"": 3.0, ""sft"": 1.0}"
uncentered_r_epsilon,formal_rr2s_llama_state_spectrum,RR2S_llama_state_spectrum_module.csv,absolute_contraction,max_is_deepest,all,llama,40,E_general,self_attn.q_proj,0.05,3.0,opd,True,True,False,False,3.0,2.0,1.0,"{""offkd"": 2.0, ""opd"": 3.0, ""seqkd"": 2.0, ""sft"": 0.0}"
uncentered_r_epsilon,formal_rr2s_llama_state_spectrum,RR2S_llama_state_spectrum_module.csv,absolute_contraction,max_is_deepest,all,llama,40,E_general,self_attn.q_proj,0.1,1.0,"offkd,opd,seqkd",True,False,True,False,1.0,1.0,0.0,"{""offkd"": 1.0, ""opd"": 1.0, ""seqkd"": 1.0, ""sft"": 0.0}"
uncentered_r_epsilon,formal_rr2s_llama_state_spectrum,RR2S_llama_state_spectrum_module.csv,absolute_contraction,max_is_deepest,all,llama,40,E_general,self_attn.v_proj,0.01,3.0,opd,True,True,False,False,3.0,1.0,2.0,"{""offkd"": 0.0, ""opd"": 3.0, ""seqkd"": -1.0, ""sft"": 1.0}"
uncentered_r_epsilon,formal_rr2s_llama_state_spectrum,RR2S_llama_state_spectrum_module.csv,absolute_contraction,max_is_deepest,all,llama,40,E_general,self_attn.v_proj,0.025,5.0,opd,True,True,False,False,5.0,2.0,3.0,"{""offkd"": 0.0, ""opd"": 5.0, ""seqkd"": 0.0, ""sft"": 2.0}"
uncentered_r_epsilon,formal_rr2s_llama_state_spectrum,RR2S_llama_state_spectrum_module.csv,absolute_contraction,max_is_deepest,all,llama,40,E_general,self_attn.v_proj,0.05,6.0,opd,True,True,False,False,6.0,2.0,4.0,"{""offkd"": 0.0, ""opd"": 6.0, ""seqkd"": -1.0, ""sft"": 2.0}"
uncentered_r_epsilon,formal_rr2s_llama_state_spectrum,RR2S_llama_state_spectrum_module.csv,absolute_contraction,max_is_deepest,all,llama,40,E_general,self_attn.v_proj,0.1,7.0,opd,True,True,False,False,7.0,2.0,5.0,"{""offkd"": 0.0, ""opd"": 7.0, ""seqkd"": -1.0, ""sft"": 2.0}"
uncentered_r_epsilon,formal_rr2s_llama_state_spectrum,RR2S_llama_state_spectrum_module.csv,absolute_contraction,max_is_deepest,all,llama,40,E_if,mlp.down_proj,0.01,23.0,opd,True,True,False,False,23.0,11.0,12.0,"{""offkd"": 11.0, ""opd"": 23.0, ""seqkd"": 11.0, ""sft"": 9.0}"
uncentered_r_epsilon,formal_rr2s_llama_state_spectrum,RR2S_llama_state_spectrum_module.csv,absolute_contraction,max_is_deepest,all,llama,40,E_if,mlp.down_proj,0.025,31.0,opd,True,True,False,False,31.0,15.0,16.0,"{""offkd"": 15.0, ""opd"": 31.0, ""seqkd"": 15.0, ""sft"": 13.0}"
uncentered_r_epsilon,formal_rr2s_llama_state_spectrum,RR2S_llama_state_spectrum_module.csv,absolute_contraction,max_is_deepest,all,llama,40,E_if,mlp.down_proj,0.05,35.0,opd,True,True,False,False,35.0,17.0,18.0,"{""offkd"": 17.0, ""opd"": 35.0, ""seqkd"": 17.0, ""sft"": 15.0}"
uncentered_r_epsilon,formal_rr2s_llama_state_spectrum,RR2S_llama_state_spectrum_module.csv,absolute_contraction,max_is_deepest,all,llama,40,E_if,mlp.down_proj,0.1,36.0,opd,True,True,False,False,36.0,18.0,18.0,"{""offkd"": 17.0, ""opd"": 36.0, ""seqkd"": 18.0, ""sft"": 16.0}"
uncentered_r_epsilon,formal_rr2s_llama_state_spectrum,RR2S_llama_state_spectrum_module.csv,absolute_contraction,max_is_deepest,all,llama,40,E_if,mlp.gate_proj,0.01,53.0,opd,True,True,False,False,53.0,17.0,36.0,"{""offkd"": 17.0, ""opd"": 53.0, ""seqkd"": 15.0, ""sft"": 15.0}"
uncentered_r_epsilon,formal_rr2s_llama_state_spectrum,RR2S_llama_state_spectrum_module.csv,absolute_contraction,max_is_deepest,all,llama,40,E_if,mlp.gate_proj,0.025,45.0,opd,True,True,False,False,45.0,15.0,30.0,"{""offkd"": 15.0, ""opd"": 45.0, ""seqkd"": 14.0, ""sft"": 12.0}"
uncentered_r_epsilon,formal_rr2s_llama_state_spectrum,RR2S_llama_state_spectrum_module.csv,absolute_contraction,max_is_deepest,all,llama,40,E_if,mlp.gate_proj,0.05,29.0,opd,True,True,False,False,29.0,10.0,19.0,"{""offkd"": 10.0, ""opd"": 29.0, ""seqkd"": 10.0, ""sft"": 8.0}"
uncentered_r_epsilon,formal_rr2s_llama_state_spectrum,RR2S_llama_state_spectrum_module.csv,absolute_contraction,max_is_deepest,all,llama,40,E_if,mlp.gate_proj,0.1,11.0,opd,True,True,False,False,11.0,4.0,7.0,"{""offkd"": 4.0, ""opd"": 11.0, ""seqkd"": 4.0, ""sft"": 3.0}"
uncentered_r_epsilon,formal_rr2s_llama_state_spectrum,RR2S_llama_state_spectrum_module.csv,absolute_contraction,max_is_deepest,all,llama,40,E_if,mlp.up_proj,0.01,31.0,opd,True,True,False,False,31.0,13.0,18.0,"{""offkd"": 11.0, ""opd"": 31.0, ""seqkd"": 9.0, ""sft"": 13.0}"
uncentered_r_epsilon,formal_rr2s_llama_state_spectrum,RR2S_llama_state_spectrum_module.csv,absolute_contraction,max_is_deepest,all,llama,40,E_if,mlp.up_proj,0.025,38.0,opd,True,True,False,False,38.0,16.0,22.0,"{""offkd"": 14.0, ""opd"": 38.0, ""seqkd"": 12.0, ""sft"": 16.0}"
uncentered_r_epsilon,formal_rr2s_llama_state_spectrum,RR2S_llama_state_spectrum_module.csv,absolute_contraction,max_is_deepest,all,llama,40,E_if,mlp.up_proj,0.05,39.0,opd,True,True,False,False,39.0,17.0,22.0,"{""offkd"": 15.0, ""opd"": 39.0, ""seqkd"": 13.0, ""sft"": 17.0}"
uncentered_r_epsilon,formal_rr2s_llama_state_spectrum,RR2S_llama_state_spectrum_module.csv,absolute_contraction,max_is_deepest,all,llama,40,E_if,mlp.up_proj,0.1,34.0,opd,True,True,False,False,34.0,15.0,19.0,"{""offkd"": 13.0, ""opd"": 34.0, ""seqkd"": 12.0, ""sft"": 15.0}"
uncentered_r_epsilon,formal_rr2s_llama_state_spectrum,RR2S_llama_state_spectrum_module.csv,absolute_contraction,max_is_deepest,all,llama,40,E_if,self_attn.k_proj,0.01,7.0,opd,True,True,False,False,7.0,5.0,2.0,"{""offkd"": 4.0, ""opd"": 7.0, ""seqkd"": 5.0, ""sft"": 1.0}"
uncentered_r_epsilon,formal_rr2s_llama_state_spectrum,RR2S_llama_state_spectrum_module.csv,absolute_contraction,max_is_deepest,all,llama,40,E_if,self_attn.k_proj,0.025,4.0,opd,True,True,False,False,4.0,2.0,2.0,"{""offkd"": 2.0, ""opd"": 4.0, ""seqkd"": 2.0, ""sft"": -1.0}"
uncentered_r_epsilon,formal_rr2s_llama_state_spectrum,RR2S_llama_state_spectrum_module.csv,absolute_contraction,max_is_deepest,all,llama,40,E_if,self_attn.k_proj,0.05,3.0,opd,True,True,False,False,3.0,2.0,1.0,"{""offkd"": 2.0, ""opd"": 3.0, ""seqkd"": 2.0, ""sft"": 0.0}"
uncentered_r_epsilon,formal_rr2s_llama_state_spectrum,RR2S_llama_state_spectrum_module.csv,absolute_contraction,max_is_deepest,all,llama,40,E_if,self_attn.k_proj,0.1,1.0,opd,True,True,False,False,1.0,0.0,1.0,"{""offkd"": 0.0, ""opd"": 1.0, ""seqkd"": 0.0, ""sft"": -1.0}"
uncentered_r_epsilon,formal_rr2s_llama_state_spectrum,RR2S_llama_state_spectrum_module.csv,absolute_contraction,max_is_deepest,all,llama,40,E_if,self_attn.o_proj,0.01,31.0,opd,True,True,False,False,31.0,8.0,23.0,"{""offkd"": 1.0, ""opd"": 31.0, ""seqkd"": -3.0, ""sft"": 8.0}"
uncentered_r_epsilon,formal_rr2s_llama_state_spectrum,RR2S_llama_state_spectrum_module.csv,absolute_contraction,max_is_deepest,all,llama,40,E_if,self_attn.o_proj,0.025,30.0,opd,True,True,False,False,30.0,9.0,21.0,"{""offkd"": 1.0, ""opd"": 30.0, ""seqkd"": -3.0, ""sft"": 9.0}"
uncentered_r_epsilon,formal_rr2s_llama_state_spectrum,RR2S_llama_state_spectrum_module.csv,absolute_contraction,max_is_deepest,all,llama,40,E_if,self_attn.o_proj,0.05,28.0,opd,True,True,False,False,28.0,9.0,19.0,"{""offkd"": 2.0, ""opd"": 28.0, ""seqkd"": -2.0, ""sft"": 9.0}"
uncentered_r_epsilon,formal_rr2s_llama_state_spectrum,RR2S_llama_state_spectrum_module.csv,absolute_contraction,max_is_deepest,all,llama,40,E_if,self_attn.o_proj,0.1,25.0,opd,True,True,False,False,25.0,9.0,16.0,"{""offkd"": 2.0, ""opd"": 25.0, ""seqkd"": 0.0, ""sft"": 9.0}"
uncentered_r_epsilon,formal_rr2s_llama_state_spectrum,RR2S_llama_state_spectrum_module.csv,absolute_contraction,max_is_deepest,all,llama,40,E_if,self_attn.q_proj,0.01,13.0,opd,True,True,False,False,13.0,10.0,3.0,"{""offkd"": 10.0, ""opd"": 13.0, ""seqkd"": 10.0, ""sft"": 6.0}"
uncentered_r_epsilon,formal_rr2s_llama_state_spectrum,RR2S_llama_state_spectrum_module.csv,absolute_contraction,max_is_deepest,all,llama,40,E_if,self_attn.q_proj,0.025,9.0,opd,True,True,False,False,9.0,7.0,2.0,"{""offkd"": 7.0, ""opd"": 9.0, ""seqkd"": 7.0, ""sft"": 4.0}"
uncentered_r_epsilon,formal_rr2s_llama_state_spectrum,RR2S_llama_state_spectrum_module.csv,absolute_contraction,max_is_deepest,all,llama,40,E_if,self_attn.q_proj,0.05,5.0,opd,True,True,False,False,5.0,3.0,2.0,"{""offkd"": 3.0, ""opd"": 5.0, ""seqkd"": 3.0, ""sft"": 1.0}"
uncentered_r_epsilon,formal_rr2s_llama_state_spectrum,RR2S_llama_state_spectrum_module.csv,absolute_contraction,max_is_deepest,all,llama,40,E_if,self_attn.q_proj,0.1,2.0,opd,True,True,False,False,2.0,1.0,1.0,"{""offkd"": 1.0, ""opd"": 2.0, ""seqkd"": 1.0, ""sft"": 0.0}"
uncentered_r_epsilon,formal_rr2s_llama_state_spectrum,RR2S_llama_state_spectrum_module.csv,absolute_contraction,max_is_deepest,all,llama,40,E_if,self_attn.v_proj,0.01,7.0,opd,True,True,False,False,7.0,3.0,4.0,"{""offkd"": 2.0, ""opd"": 7.0, ""seqkd"": 1.0, ""sft"": 3.0}"
uncentered_r_epsilon,formal_rr2s_llama_state_spectrum,RR2S_llama_state_spectrum_module.csv,absolute_contraction,max_is_deepest,all,llama,40,E_if,self_attn.v_proj,0.025,9.0,opd,True,True,False,False,9.0,3.0,6.0,"{""offkd"": 2.0, ""opd"": 9.0, ""seqkd"": 2.0, ""sft"": 3.0}"
uncentered_r_epsilon,formal_rr2s_llama_state_spectrum,RR2S_llama_state_spectrum_module.csv,absolute_contraction,max_is_deepest,all,llama,40,E_if,self_attn.v_proj,0.05,11.0,opd,True,True,False,False,11.0,4.0,7.0,"{""offkd"": 3.0, ""opd"": 11.0, ""seqkd"": 2.0, ""sft"": 4.0}"
uncentered_r_epsilon,formal_rr2s_llama_state_spectrum,RR2S_llama_state_spectrum_module.csv,absolute_contraction,max_is_deepest,all,llama,40,E_if,self_attn.v_proj,0.1,11.0,opd,True,True,False,False,11.0,3.0,8.0,"{""offkd"": 2.0, ""opd"": 11.0, ""seqkd"": 2.0, ""sft"": 3.0}"
uncentered_r_epsilon,formal_rr2s_llama_state_spectrum,RR2S_llama_state_spectrum_module.csv,absolute_contraction,max_is_deepest,all,llama,40,E_math,mlp.down_proj,0.01,21.0,opd,True,True,False,False,21.0,8.0,13.0,"{""offkd"": 4.0, ""opd"": 21.0, ""seqkd"": 2.0, ""sft"": 8.0}"
uncentered_r_epsilon,formal_rr2s_llama_state_spectrum,RR2S_llama_state_spectrum_module.csv,absolute_contraction,max_is_deepest,all,llama,40,E_math,mlp.down_proj,0.025,22.0,opd,True,True,False,False,22.0,9.0,13.0,"{""offkd"": 5.0, ""opd"": 22.0, ""seqkd"": 3.0, ""sft"": 9.0}"
uncentered_r_epsilon,formal_rr2s_llama_state_spectrum,RR2S_llama_state_spectrum_module.csv,absolute_contraction,max_is_deepest,all,llama,40,E_math,mlp.down_proj,0.05,20.0,opd,True,True,False,False,20.0,8.0,12.0,"{""offkd"": 4.0, ""opd"": 20.0, ""seqkd"": 2.0, ""sft"": 8.0}"
uncentered_r_epsilon,formal_rr2s_llama_state_spectrum,RR2S_llama_state_spectrum_module.csv,absolute_contraction,max_is_deepest,all,llama,40,E_math,mlp.down_proj,0.1,17.0,opd,True,True,False,False,17.0,7.0,10.0,"{""offkd"": 3.0, ""opd"": 17.0, ""seqkd"": 2.0, ""sft"": 7.0}"
uncentered_r_epsilon,formal_rr2s_llama_state_spectrum,RR2S_llama_state_spectrum_module.csv,absolute_contraction,max_is_deepest,all,llama,40,E_math,mlp.gate_proj,0.01,30.0,opd,True,True,False,False,30.0,9.0,21.0,"{""offkd"": 5.0, ""opd"": 30.0, ""seqkd"": 2.0, ""sft"": 9.0}"
uncentered_r_epsilon,formal_rr2s_llama_state_spectrum,RR2S_llama_state_spectrum_module.csv,absolute_contraction,max_is_deepest,all,llama,40,E_math,mlp.gate_proj,0.025,22.0,opd,True,True,False,False,22.0,7.0,15.0,"{""offkd"": 4.0, ""opd"": 22.0, ""seqkd"": 2.0, ""sft"": 7.0}"
uncentered_r_epsilon,formal_rr2s_llama_state_spectrum,RR2S_llama_state_spectrum_module.csv,absolute_contraction,max_is_deepest,all,llama,40,E_math,mlp.gate_proj,0.05,14.0,opd,True,True,False,False,14.0,4.0,10.0,"{""offkd"": 3.0, ""opd"": 14.0, ""seqkd"": 2.0, ""sft"": 4.0}"
uncentered_r_epsilon,formal_rr2s_llama_state_spectrum,RR2S_llama_state_spectrum_module.csv,absolute_contraction,max_is_deepest,all,llama,40,E_math,mlp.gate_proj,0.1,6.0,opd,True,True,False,False,6.0,2.0,4.0,"{""offkd"": 2.0, ""opd"": 6.0, ""seqkd"": 1.0, ""sft"": 2.0}"
uncentered_r_epsilon,formal_rr2s_llama_state_spectrum,RR2S_llama_state_spectrum_module.csv,absolute_contraction,max_is_deepest,all,llama,40,E_math,mlp.up_proj,0.01,25.0,opd,True,True,False,False,25.0,11.0,14.0,"{""offkd"": 5.0, ""opd"": 25.0, ""seqkd"": 2.0, ""sft"": 11.0}"
uncentered_r_epsilon,formal_rr2s_llama_state_spectrum,RR2S_llama_state_spectrum_module.csv,absolute_contraction,max_is_deepest,all,llama,40,E_math,mlp.up_proj,0.025,25.0,opd,True,True,False,False,25.0,11.0,14.0,"{""offkd"": 5.0, ""opd"": 25.0, ""seqkd"": 2.0, ""sft"": 11.0}"
uncentered_r_epsilon,formal_rr2s_llama_state_spectrum,RR2S_llama_state_spectrum_module.csv,absolute_contraction,max_is_deepest,all,llama,40,E_math,mlp.up_proj,0.05,21.0,opd,True,True,False,False,21.0,9.0,12.0,"{""offkd"": 3.0, ""opd"": 21.0, ""seqkd"": 1.0, ""sft"": 9.0}"
uncentered_r_epsilon,formal_rr2s_llama_state_spectrum,RR2S_llama_state_spectrum_module.csv,absolute_contraction,max_is_deepest,all,llama,40,E_math,mlp.up_proj,0.1,16.0,opd,True,True,False,False,16.0,7.0,9.0,"{""offkd"": 2.0, ""opd"": 16.0, ""seqkd"": 0.0, ""sft"": 7.0}"
uncentered_r_epsilon,formal_rr2s_llama_state_spectrum,RR2S_llama_state_spectrum_module.csv,absolute_contraction,max_is_deepest,all,llama,40,E_math,self_attn.k_proj,0.01,5.0,opd,True,True,False,False,5.0,2.0,3.0,"{""offkd"": 2.0, ""opd"": 5.0, ""seqkd"": 1.0, ""sft"": 2.0}"
uncentered_r_epsilon,formal_rr2s_llama_state_spectrum,RR2S_llama_state_spectrum_module.csv,absolute_contraction,max_is_deepest,all,llama,40,E_math,self_attn.k_proj,0.025,3.0,opd,True,True,False,False,3.0,1.0,2.0,"{""offkd"": 1.0, ""opd"": 3.0, ""seqkd"": 1.0, ""sft"": 1.0}"
uncentered_r_epsilon,formal_rr2s_llama_state_spectrum,RR2S_llama_state_spectrum_module.csv,absolute_contraction,max_is_deepest,all,llama,40,E_math,self_attn.k_proj,0.05,3.0,opd,True,True,False,False,3.0,1.0,2.0,"{""offkd"": 1.0, ""opd"": 3.0, ""seqkd"": 1.0, ""sft"": 1.0}"
uncentered_r_epsilon,formal_rr2s_llama_state_spectrum,RR2S_llama_state_spectrum_module.csv,absolute_contraction,max_is_deepest,all,llama,40,E_math,self_attn.k_proj,0.1,1.0,opd,True,True,False,False,1.0,0.0,1.0,"{""offkd"": 0.0, ""opd"": 1.0, ""seqkd"": 0.0, ""sft"": 0.0}"
uncentered_r_epsilon,formal_rr2s_llama_state_spectrum,RR2S_llama_state_spectrum_module.csv,absolute_contraction,max_is_deepest,all,llama,40,E_math,self_attn.o_proj,0.01,23.0,opd,True,True,False,False,23.0,7.0,16.0,"{""offkd"": -5.0, ""opd"": 23.0, ""seqkd"": -8.0, ""sft"": 7.0}"
uncentered_r_epsilon,formal_rr2s_llama_state_spectrum,RR2S_llama_state_spectrum_module.csv,absolute_contraction,max_is_deepest,all,llama,40,E_math,self_attn.o_proj,0.025,21.0,opd,True,True,False,False,21.0,6.0,15.0,"{""offkd"": -6.0, ""opd"": 21.0, ""seqkd"": -8.0, ""sft"": 6.0}"
uncentered_r_epsilon,formal_rr2s_llama_state_spectrum,RR2S_llama_state_spectrum_module.csv,absolute_contraction,max_is_deepest,all,llama,40,E_math,self_attn.o_proj,0.05,18.0,opd,True,True,False,False,18.0,5.0,13.0,"{""offkd"": -6.0, ""opd"": 18.0, ""seqkd"": -8.0, ""sft"": 5.0}"
uncentered_r_epsilon,formal_rr2s_llama_state_spectrum,RR2S_llama_state_spectrum_module.csv,absolute_contraction,max_is_deepest,all,llama,40,E_math,self_attn.o_proj,0.1,15.0,opd,True,True,False,False,15.0,5.0,10.0,"{""offkd"": -4.0, ""opd"": 15.0, ""seqkd"": -6.0, ""sft"": 5.0}"
uncentered_r_epsilon,formal_rr2s_llama_state_spectrum,RR2S_llama_state_spectrum_module.csv,absolute_contraction,max_is_deepest,all,llama,40,E_math,self_attn.q_proj,0.01,11.0,opd,True,True,False,False,11.0,7.0,4.0,"{""offkd"": 5.0, ""opd"": 11.0, ""seqkd"": 4.0, ""sft"": 7.0}"
uncentered_r_epsilon,formal_rr2s_llama_state_spectrum,RR2S_llama_state_spectrum_module.csv,absolute_contraction,max_is_deepest,all,llama,40,E_math,self_attn.q_proj,0.025,8.0,opd,True,True,False,False,8.0,5.0,3.0,"{""offkd"": 3.0, ""opd"": 8.0, ""seqkd"": 3.0, ""sft"": 5.0}"
uncentered_r_epsilon,formal_rr2s_llama_state_spectrum,RR2S_llama_state_spectrum_module.csv,absolute_contraction,max_is_deepest,all,llama,40,E_math,self_attn.q_proj,0.05,5.0,opd,True,True,False,False,5.0,3.0,2.0,"{""offkd"": 2.0, ""opd"": 5.0, ""seqkd"": 2.0, ""sft"": 3.0}"
uncentered_r_epsilon,formal_rr2s_llama_state_spectrum,RR2S_llama_state_spectrum_module.csv,absolute_contraction,max_is_deepest,all,llama,40,E_math,self_attn.q_proj,0.1,2.0,opd,True,True,False,False,2.0,1.0,1.0,"{""offkd"": 0.0, ""opd"": 2.0, ""seqkd"": 0.0, ""sft"": 1.0}"
uncentered_r_epsilon,formal_rr2s_llama_state_spectrum,RR2S_llama_state_spectrum_module.csv,absolute_contraction,max_is_deepest,all,llama,40,E_math,self_attn.v_proj,0.01,12.0,opd,True,True,False,False,12.0,5.0,7.0,"{""offkd"": 2.0, ""opd"": 12.0, ""seqkd"": 1.0, ""sft"": 5.0}"
uncentered_r_epsilon,formal_rr2s_llama_state_spectrum,RR2S_llama_state_spectrum_module.csv,absolute_contraction,max_is_deepest,all,llama,40,E_math,self_attn.v_proj,0.025,12.0,opd,True,True,False,False,12.0,5.0,7.0,"{""offkd"": 1.0, ""opd"": 12.0, ""seqkd"": 0.0, ""sft"": 5.0}"
uncentered_r_epsilon,formal_rr2s_llama_state_spectrum,RR2S_llama_state_spectrum_module.csv,absolute_contraction,max_is_deepest,all,llama,40,E_math,self_attn.v_proj,0.05,13.0,opd,True,True,False,False,13.0,5.0,8.0,"{""offkd"": 2.0, ""opd"": 13.0, ""seqkd"": 1.0, ""sft"": 5.0}"
uncentered_r_epsilon,formal_rr2s_llama_state_spectrum,RR2S_llama_state_spectrum_module.csv,absolute_contraction,max_is_deepest,all,llama,40,E_math,self_attn.v_proj,0.1,11.0,opd,True,True,False,False,11.0,4.0,7.0,"{""offkd"": 1.0, ""opd"": 11.0, ""seqkd"": 0.0, ""sft"": 4.0}"
uncentered_r_epsilon,formal_rr2s_llama_state_spectrum,RR2S_llama_state_spectrum_module.csv,absolute_contraction,max_is_deepest,all,llama,40,E_ood,mlp.down_proj,0.01,17.0,opd,True,True,False,False,17.0,5.0,12.0,"{""offkd"": 5.0, ""opd"": 17.0, ""seqkd"": 4.0, ""sft"": 5.0}"
uncentered_r_epsilon,formal_rr2s_llama_state_spectrum,RR2S_llama_state_spectrum_module.csv,absolute_contraction,max_is_deepest,all,llama,40,E_ood,mlp.down_proj,0.025,23.0,opd,True,True,False,False,23.0,7.0,16.0,"{""offkd"": 7.0, ""opd"": 23.0, ""seqkd"": 6.0, ""sft"": 7.0}"
uncentered_r_epsilon,formal_rr2s_llama_state_spectrum,RR2S_llama_state_spectrum_module.csv,absolute_contraction,max_is_deepest,all,llama,40,E_ood,mlp.down_proj,0.05,26.0,opd,True,True,False,False,26.0,9.0,17.0,"{""offkd"": 8.0, ""opd"": 26.0, ""seqkd"": 6.0, ""sft"": 9.0}"
uncentered_r_epsilon,formal_rr2s_llama_state_spectrum,RR2S_llama_state_spectrum_module.csv,absolute_contraction,max_is_deepest,all,llama,40,E_ood,mlp.down_proj,0.1,26.0,opd,True,True,False,False,26.0,9.0,17.0,"{""offkd"": 8.0, ""opd"": 26.0, ""seqkd"": 6.0, ""sft"": 9.0}"
uncentered_r_epsilon,formal_rr2s_llama_state_spectrum,RR2S_llama_state_spectrum_module.csv,absolute_contraction,max_is_deepest,all,llama,40,E_ood,mlp.gate_proj,0.01,55.0,opd,True,True,False,False,55.0,15.0,40.0,"{""offkd"": 12.0, ""opd"": 55.0, ""seqkd"": 6.0, ""sft"": 15.0}"
uncentered_r_epsilon,formal_rr2s_llama_state_spectrum,RR2S_llama_state_spectrum_module.csv,absolute_contraction,max_is_deepest,all,llama,40,E_ood,mlp.gate_proj,0.025,47.0,opd,True,True,False,False,47.0,13.0,34.0,"{""offkd"": 11.0, ""opd"": 47.0, ""seqkd"": 5.0, ""sft"": 13.0}"
uncentered_r_epsilon,formal_rr2s_llama_state_spectrum,RR2S_llama_state_spectrum_module.csv,absolute_contraction,max_is_deepest,all,llama,40,E_ood,mlp.gate_proj,0.05,30.0,opd,True,True,False,False,30.0,8.0,22.0,"{""offkd"": 7.0, ""opd"": 30.0, ""seqkd"": 4.0, ""sft"": 8.0}"
uncentered_r_epsilon,formal_rr2s_llama_state_spectrum,RR2S_llama_state_spectrum_module.csv,absolute_contraction,max_is_deepest,all,llama,40,E_ood,mlp.gate_proj,0.1,10.0,opd,True,True,False,False,10.0,3.0,7.0,"{""offkd"": 3.0, ""opd"": 10.0, ""seqkd"": 2.0, ""sft"": 2.0}"
uncentered_r_epsilon,formal_rr2s_llama_state_spectrum,RR2S_llama_state_spectrum_module.csv,absolute_contraction,max_is_deepest,all,llama,40,E_ood,mlp.up_proj,0.01,31.0,opd,True,True,False,False,31.0,12.0,19.0,"{""offkd"": 8.0, ""opd"": 31.0, ""seqkd"": 4.0, ""sft"": 12.0}"
uncentered_r_epsilon,formal_rr2s_llama_state_spectrum,RR2S_llama_state_spectrum_module.csv,absolute_contraction,max_is_deepest,all,llama,40,E_ood,mlp.up_proj,0.025,39.0,opd,True,True,False,False,39.0,15.0,24.0,"{""offkd"": 10.0, ""opd"": 39.0, ""seqkd"": 5.0, ""sft"": 15.0}"
uncentered_r_epsilon,formal_rr2s_llama_state_spectrum,RR2S_llama_state_spectrum_module.csv,absolute_contraction,max_is_deepest,all,llama,40,E_ood,mlp.up_proj,0.05,41.0,opd,True,True,False,False,41.0,15.0,26.0,"{""offkd"": 10.0, ""opd"": 41.0, ""seqkd"": 5.0, ""sft"": 15.0}"
uncentered_r_epsilon,formal_rr2s_llama_state_spectrum,RR2S_llama_state_spectrum_module.csv,absolute_contraction,max_is_deepest,all,llama,40,E_ood,mlp.up_proj,0.1,38.0,opd,True,True,False,False,38.0,14.0,24.0,"{""offkd"": 9.0, ""opd"": 38.0, ""seqkd"": 4.0, ""sft"": 14.0}"
uncentered_r_epsilon,formal_rr2s_llama_state_spectrum,RR2S_llama_state_spectrum_module.csv,absolute_contraction,max_is_deepest,all,llama,40,E_ood,self_attn.k_proj,0.01,5.0,opd,True,True,False,False,5.0,4.0,1.0,"{""offkd"": 4.0, ""opd"": 5.0, ""seqkd"": 4.0, ""sft"": 0.0}"
uncentered_r_epsilon,formal_rr2s_llama_state_spectrum,RR2S_llama_state_spectrum_module.csv,absolute_contraction,max_is_deepest,all,llama,40,E_ood,self_attn.k_proj,0.025,4.0,opd,True,True,False,False,4.0,3.0,1.0,"{""offkd"": 3.0, ""opd"": 4.0, ""seqkd"": 3.0, ""sft"": -1.0}"
uncentered_r_epsilon,formal_rr2s_llama_state_spectrum,RR2S_llama_state_spectrum_module.csv,absolute_contraction,max_is_deepest,all,llama,40,E_ood,self_attn.k_proj,0.05,2.0,"offkd,opd",True,False,True,False,2.0,2.0,0.0,"{""offkd"": 2.0, ""opd"": 2.0, ""seqkd"": 1.0, ""sft"": -1.0}"
uncentered_r_epsilon,formal_rr2s_llama_state_spectrum,RR2S_llama_state_spectrum_module.csv,absolute_contraction,max_is_deepest,all,llama,40,E_ood,self_attn.k_proj,0.1,0.0,"offkd,opd,seqkd",True,False,True,False,0.0,0.0,0.0,"{""offkd"": 0.0, ""opd"": 0.0, ""seqkd"": 0.0, ""sft"": -1.0}"
uncentered_r_epsilon,formal_rr2s_llama_state_spectrum,RR2S_llama_state_spectrum_module.csv,absolute_contraction,max_is_deepest,all,llama,40,E_ood,self_attn.o_proj,0.01,30.0,opd,True,True,False,False,30.0,7.0,23.0,"{""offkd"": 1.0, ""opd"": 30.0, ""seqkd"": -1.0, ""sft"": 7.0}"
uncentered_r_epsilon,formal_rr2s_llama_state_spectrum,RR2S_llama_state_spectrum_module.csv,absolute_contraction,max_is_deepest,all,llama,40,E_ood,self_attn.o_proj,0.025,31.0,opd,True,True,False,False,31.0,7.0,24.0,"{""offkd"": 1.0, ""opd"": 31.0, ""seqkd"": 0.0, ""sft"": 7.0}"
uncentered_r_epsilon,formal_rr2s_llama_state_spectrum,RR2S_llama_state_spectrum_module.csv,absolute_contraction,max_is_deepest,all,llama,40,E_ood,self_attn.o_proj,0.05,28.0,opd,True,True,False,False,28.0,7.0,21.0,"{""offkd"": 1.0, ""opd"": 28.0, ""seqkd"": 0.0, ""sft"": 7.0}"
uncentered_r_epsilon,formal_rr2s_llama_state_spectrum,RR2S_llama_state_spectrum_module.csv,absolute_contraction,max_is_deepest,all,llama,40,E_ood,self_attn.o_proj,0.1,24.0,opd,True,True,False,False,24.0,6.0,18.0,"{""offkd"": 1.0, ""opd"": 24.0, ""seqkd"": 0.0, ""sft"": 6.0}"
uncentered_r_epsilon,formal_rr2s_llama_state_spectrum,RR2S_llama_state_spectrum_module.csv,absolute_contraction,max_is_deepest,all,llama,40,E_ood,self_attn.q_proj,0.01,9.0,opd,True,True,False,False,9.0,7.0,2.0,"{""offkd"": 7.0, ""opd"": 9.0, ""seqkd"": 7.0, ""sft"": 0.0}"
uncentered_r_epsilon,formal_rr2s_llama_state_spectrum,RR2S_llama_state_spectrum_module.csv,absolute_contraction,max_is_deepest,all,llama,40,E_ood,self_attn.q_proj,0.025,6.0,opd,True,True,False,False,6.0,5.0,1.0,"{""offkd"": 5.0, ""opd"": 6.0, ""seqkd"": 5.0, ""sft"": -1.0}"
uncentered_r_epsilon,formal_rr2s_llama_state_spectrum,RR2S_llama_state_spectrum_module.csv,absolute_contraction,max_is_deepest,all,llama,40,E_ood,self_attn.q_proj,0.05,4.0,opd,True,True,False,False,4.0,3.0,1.0,"{""offkd"": 3.0, ""opd"": 4.0, ""seqkd"": 3.0, ""sft"": 0.0}"
uncentered_r_epsilon,formal_rr2s_llama_state_spectrum,RR2S_llama_state_spectrum_module.csv,absolute_contraction,max_is_deepest,all,llama,40,E_ood,self_attn.q_proj,0.1,1.0,"offkd,opd,seqkd",True,False,True,False,1.0,1.0,0.0,"{""offkd"": 1.0, ""opd"": 1.0, ""seqkd"": 1.0, ""sft"": 0.0}"
uncentered_r_epsilon,formal_rr2s_llama_state_spectrum,RR2S_llama_state_spectrum_module.csv,absolute_contraction,max_is_deepest,all,llama,40,E_ood,self_attn.v_proj,0.01,7.0,opd,True,True,False,False,7.0,2.0,5.0,"{""offkd"": 1.0, ""opd"": 7.0, ""seqkd"": 1.0, ""sft"": 2.0}"
uncentered_r_epsilon,formal_rr2s_llama_state_spectrum,RR2S_llama_state_spectrum_module.csv,absolute_contraction,max_is_deepest,all,llama,40,E_ood,self_attn.v_proj,0.025,10.0,opd,True,True,False,False,10.0,3.0,7.0,"{""offkd"": 2.0, ""opd"": 10.0, ""seqkd"": 1.0, ""sft"": 3.0}"
uncentered_r_epsilon,formal_rr2s_llama_state_spectrum,RR2S_llama_state_spectrum_module.csv,absolute_contraction,max_is_deepest,all,llama,40,E_ood,self_attn.v_proj,0.05,11.0,opd,True,True,False,False,11.0,3.0,8.0,"{""offkd"": 2.0, ""opd"": 11.0, ""seqkd"": 1.0, ""sft"": 3.0}"
uncentered_r_epsilon,formal_rr2s_llama_state_spectrum,RR2S_llama_state_spectrum_module.csv,absolute_contraction,max_is_deepest,all,llama,40,E_ood,self_attn.v_proj,0.1,13.0,opd,True,True,False,False,13.0,4.0,9.0,"{""offkd"": 3.0, ""opd"": 13.0, ""seqkd"": 2.0, ""sft"": 4.0}"
uncentered_r_epsilon,formal_rr2s_llama_state_spectrum,RR2S_llama_state_spectrum_module.csv,absolute_contraction,max_is_deepest,all,llama,80,E_general,mlp.down_proj,0.01,10.0,opd,True,True,False,False,10.0,3.0,7.0,"{""offkd"": 2.0, ""opd"": 10.0, ""seqkd"": 1.0, ""sft"": 3.0}"
uncentered_r_epsilon,formal_rr2s_llama_state_spectrum,RR2S_llama_state_spectrum_module.csv,absolute_contraction,max_is_deepest,all,llama,80,E_general,mlp.down_proj,0.025,13.0,opd,True,True,False,False,13.0,5.0,8.0,"{""offkd"": 3.0, ""opd"": 13.0, ""seqkd"": 1.0, ""sft"": 5.0}"
uncentered_r_epsilon,formal_rr2s_llama_state_spectrum,RR2S_llama_state_spectrum_module.csv,absolute_contraction,max_is_deepest,all,llama,80,E_general,mlp.down_proj,0.05,16.0,opd,True,True,False,False,16.0,6.0,10.0,"{""offkd"": 4.0, ""opd"": 16.0, ""seqkd"": 2.0, ""sft"": 6.0}"
uncentered_r_epsilon,formal_rr2s_llama_state_spectrum,RR2S_llama_state_spectrum_module.csv,absolute_contraction,max_is_deepest,all,llama,80,E_general,mlp.down_proj,0.1,17.0,opd,True,True,False,False,17.0,6.0,11.0,"{""offkd"": 4.0, ""opd"": 17.0, ""seqkd"": 1.0, ""sft"": 6.0}"
uncentered_r_epsilon,formal_rr2s_llama_state_spectrum,RR2S_llama_state_spectrum_module.csv,absolute_contraction,max_is_deepest,all,llama,80,E_general,mlp.gate_proj,0.01,30.0,opd,True,True,False,False,30.0,13.0,17.0,"{""offkd"": 7.0, ""opd"": 30.0, ""seqkd"": 1.0, ""sft"": 13.0}"
uncentered_r_epsilon,formal_rr2s_llama_state_spectrum,RR2S_llama_state_spectrum_module.csv,absolute_contraction,max_is_deepest,all,llama,80,E_general,mlp.gate_proj,0.025,26.0,opd,True,True,False,False,26.0,12.0,14.0,"{""offkd"": 7.0, ""opd"": 26.0, ""seqkd"": 2.0, ""sft"": 12.0}"
uncentered_r_epsilon,formal_rr2s_llama_state_spectrum,RR2S_llama_state_spectrum_module.csv,absolute_contraction,max_is_deepest,all,llama,80,E_general,mlp.gate_proj,0.05,18.0,opd,True,True,False,False,18.0,9.0,9.0,"{""offkd"": 6.0, ""opd"": 18.0, ""seqkd"": 2.0, ""sft"": 9.0}"
uncentered_r_epsilon,formal_rr2s_llama_state_spectrum,RR2S_llama_state_spectrum_module.csv,absolute_contraction,max_is_deepest,all,llama,80,E_general,mlp.gate_proj,0.1,6.0,opd,True,True,False,False,6.0,3.0,3.0,"{""offkd"": 3.0, ""opd"": 6.0, ""seqkd"": 1.0, ""sft"": 3.0}"
uncentered_r_epsilon,formal_rr2s_llama_state_spectrum,RR2S_llama_state_spectrum_module.csv,absolute_contraction,max_is_deepest,all,llama,80,E_general,mlp.up_proj,0.01,17.0,opd,True,True,False,False,17.0,7.0,10.0,"{""offkd"": 1.0, ""opd"": 17.0, ""seqkd"": -2.0, ""sft"": 7.0}"
uncentered_r_epsilon,formal_rr2s_llama_state_spectrum,RR2S_llama_state_spectrum_module.csv,absolute_contraction,max_is_deepest,all,llama,80,E_general,mlp.up_proj,0.025,22.0,opd,True,True,False,False,22.0,9.0,13.0,"{""offkd"": 2.0, ""opd"": 22.0, ""seqkd"": -3.0, ""sft"": 9.0}"
uncentered_r_epsilon,formal_rr2s_llama_state_spectrum,RR2S_llama_state_spectrum_module.csv,absolute_contraction,max_is_deepest,all,llama,80,E_general,mlp.up_proj,0.05,23.0,opd,True,True,False,False,23.0,10.0,13.0,"{""offkd"": 2.0, ""opd"": 23.0, ""seqkd"": -3.0, ""sft"": 10.0}"
uncentered_r_epsilon,formal_rr2s_llama_state_spectrum,RR2S_llama_state_spectrum_module.csv,absolute_contraction,max_is_deepest,all,llama,80,E_general,mlp.up_proj,0.1,22.0,opd,True,True,False,False,22.0,10.0,12.0,"{""offkd"": 2.0, ""opd"": 22.0, ""seqkd"": -3.0, ""sft"": 10.0}"
uncentered_r_epsilon,formal_rr2s_llama_state_spectrum,RR2S_llama_state_spectrum_module.csv,absolute_contraction,max_is_deepest,all,llama,80,E_general,self_attn.k_proj,0.01,5.0,"offkd,opd",True,False,True,False,5.0,5.0,0.0,"{""offkd"": 5.0, ""opd"": 5.0, ""seqkd"": 4.0, ""sft"": 1.0}"
uncentered_r_epsilon,formal_rr2s_llama_state_spectrum,RR2S_llama_state_spectrum_module.csv,absolute_contraction,max_is_deepest,all,llama,80,E_general,self_attn.k_proj,0.025,4.0,"offkd,opd,seqkd",True,False,True,False,4.0,4.0,0.0,"{""offkd"": 4.0, ""opd"": 4.0, ""seqkd"": 4.0, ""sft"": 0.0}"
uncentered_r_epsilon,formal_rr2s_llama_state_spectrum,RR2S_llama_state_spectrum_module.csv,absolute_contraction,max_is_deepest,all,llama,80,E_general,self_attn.k_proj,0.05,2.0,"offkd,opd,seqkd",True,False,True,False,2.0,2.0,0.0,"{""offkd"": 2.0, ""opd"": 2.0, ""seqkd"": 2.0, ""sft"": -1.0}"
uncentered_r_epsilon,formal_rr2s_llama_state_spectrum,RR2S_llama_state_spectrum_module.csv,absolute_contraction,max_is_deepest,all,llama,80,E_general,self_attn.k_proj,0.1,1.0,opd,True,True,False,False,1.0,0.0,1.0,"{""offkd"": 0.0, ""opd"": 1.0, ""seqkd"": 0.0, ""sft"": 0.0}"
uncentered_r_epsilon,formal_rr2s_llama_state_spectrum,RR2S_llama_state_spectrum_module.csv,absolute_contraction,max_is_deepest,all,llama,80,E_general,self_attn.o_proj,0.01,24.0,opd,True,True,False,False,24.0,8.0,16.0,"{""offkd"": -2.0, ""opd"": 24.0, ""seqkd"": -8.0, ""sft"": 8.0}"
uncentered_r_epsilon,formal_rr2s_llama_state_spectrum,RR2S_llama_state_spectrum_module.csv,absolute_contraction,max_is_deepest,all,llama,80,E_general,self_attn.o_proj,0.025,23.0,opd,True,True,False,False,23.0,9.0,14.0,"{""offkd"": -3.0, ""opd"": 23.0, ""seqkd"": -9.0, ""sft"": 9.0}"
uncentered_r_epsilon,formal_rr2s_llama_state_spectrum,RR2S_llama_state_spectrum_module.csv,absolute_contraction,max_is_deepest,all,llama,80,E_general,self_attn.o_proj,0.05,21.0,opd,True,True,False,False,21.0,9.0,12.0,"{""offkd"": -3.0, ""opd"": 21.0, ""seqkd"": -8.0, ""sft"": 9.0}"
uncentered_r_epsilon,formal_rr2s_llama_state_spectrum,RR2S_llama_state_spectrum_module.csv,absolute_contraction,max_is_deepest,all,llama,80,E_general,self_attn.o_proj,0.1,20.0,opd,True,True,False,False,20.0,10.0,10.0,"{""offkd"": -2.0, ""opd"": 20.0, ""seqkd"": -7.0, ""sft"": 10.0}"
uncentered_r_epsilon,formal_rr2s_llama_state_spectrum,RR2S_llama_state_spectrum_module.csv,absolute_contraction,max_is_deepest,all,llama,80,E_general,self_attn.q_proj,0.01,9.0,opd,True,True,False,False,9.0,7.0,2.0,"{""offkd"": 7.0, ""opd"": 9.0, ""seqkd"": 5.0, ""sft"": 4.0}"
uncentered_r_epsilon,formal_rr2s_llama_state_spectrum,RR2S_llama_state_spectrum_module.csv,absolute_contraction,max_is_deepest,all,llama,80,E_general,self_attn.q_proj,0.025,7.0,opd,True,True,False,False,7.0,5.0,2.0,"{""offkd"": 5.0, ""opd"": 7.0, ""seqkd"": 4.0, ""sft"": 3.0}"
uncentered_r_epsilon,formal_rr2s_llama_state_spectrum,RR2S_llama_state_spectrum_module.csv,absolute_contraction,max_is_deepest,all,llama,80,E_general,self_attn.q_proj,0.05,4.0,opd,True,True,False,False,4.0,3.0,1.0,"{""offkd"": 3.0, ""opd"": 4.0, ""seqkd"": 3.0, ""sft"": 1.0}"
uncentered_r_epsilon,formal_rr2s_llama_state_spectrum,RR2S_llama_state_spectrum_module.csv,absolute_contraction,max_is_deepest,all,llama,80,E_general,self_attn.q_proj,0.1,2.0,opd,True,True,False,False,2.0,1.0,1.0,"{""offkd"": 1.0, ""opd"": 2.0, ""seqkd"": 1.0, ""sft"": 1.0}"
uncentered_r_epsilon,formal_rr2s_llama_state_spectrum,RR2S_llama_state_spectrum_module.csv,absolute_contraction,max_is_deepest,all,llama,80,E_general,self_attn.v_proj,0.01,3.0,opd,True,True,False,False,3.0,1.0,2.0,"{""offkd"": -1.0, ""opd"": 3.0, ""seqkd"": -1.0, ""sft"": 1.0}"
uncentered_r_epsilon,formal_rr2s_llama_state_spectrum,RR2S_llama_state_spectrum_module.csv,absolute_contraction,max_is_deepest,all,llama,80,E_general,self_attn.v_proj,0.025,6.0,opd,True,True,False,False,6.0,2.0,4.0,"{""offkd"": 0.0, ""opd"": 6.0, ""seqkd"": -1.0, ""sft"": 2.0}"
uncentered_r_epsilon,formal_rr2s_llama_state_spectrum,RR2S_llama_state_spectrum_module.csv,absolute_contraction,max_is_deepest,all,llama,80,E_general,self_attn.v_proj,0.05,7.0,opd,True,True,False,False,7.0,2.0,5.0,"{""offkd"": 0.0, ""opd"": 7.0, ""seqkd"": -1.0, ""sft"": 2.0}"
uncentered_r_epsilon,formal_rr2s_llama_state_spectrum,RR2S_llama_state_spectrum_module.csv,absolute_contraction,max_is_deepest,all,llama,80,E_general,self_attn.v_proj,0.1,8.0,opd,True,True,False,False,8.0,3.0,5.0,"{""offkd"": 0.0, ""opd"": 8.0, ""seqkd"": -1.0, ""sft"": 3.0}"
uncentered_r_epsilon,formal_rr2s_llama_state_spectrum,RR2S_llama_state_spectrum_module.csv,absolute_contraction,max_is_deepest,all,llama,80,E_if,mlp.down_proj,0.01,27.0,opd,True,True,False,False,27.0,14.0,13.0,"{""offkd"": 14.0, ""opd"": 27.0, ""seqkd"": 12.0, ""sft"": 14.0}"
uncentered_r_epsilon,formal_rr2s_llama_state_spectrum,RR2S_llama_state_spectrum_module.csv,absolute_contraction,max_is_deepest,all,llama,80,E_if,mlp.down_proj,0.025,36.0,opd,True,True,False,False,36.0,20.0,16.0,"{""offkd"": 19.0, ""opd"": 36.0, ""seqkd"": 17.0, ""sft"": 20.0}"
uncentered_r_epsilon,formal_rr2s_llama_state_spectrum,RR2S_llama_state_spectrum_module.csv,absolute_contraction,max_is_deepest,all,llama,80,E_if,mlp.down_proj,0.05,41.0,opd,True,True,False,False,41.0,23.0,18.0,"{""offkd"": 21.0, ""opd"": 41.0, ""seqkd"": 19.0, ""sft"": 23.0}"
uncentered_r_epsilon,formal_rr2s_llama_state_spectrum,RR2S_llama_state_spectrum_module.csv,absolute_contraction,max_is_deepest,all,llama,80,E_if,mlp.down_proj,0.1,42.0,opd,True,True,False,False,42.0,24.0,18.0,"{""offkd"": 22.0, ""opd"": 42.0, ""seqkd"": 20.0, ""sft"": 24.0}"
uncentered_r_epsilon,formal_rr2s_llama_state_spectrum,RR2S_llama_state_spectrum_module.csv,absolute_contraction,max_is_deepest,all,llama,80,E_if,mlp.gate_proj,0.01,58.0,opd,True,True,False,False,58.0,31.0,27.0,"{""offkd"": 24.0, ""opd"": 58.0, ""seqkd"": 15.0, ""sft"": 31.0}"
uncentered_r_epsilon,formal_rr2s_llama_state_spectrum,RR2S_llama_state_spectrum_module.csv,absolute_contraction,max_is_deepest,all,llama,80,E_if,mlp.gate_proj,0.025,49.0,opd,True,True,False,False,49.0,26.0,23.0,"{""offkd"": 22.0, ""opd"": 49.0, ""seqkd"": 15.0, ""sft"": 26.0}"
uncentered_r_epsilon,formal_rr2s_llama_state_spectrum,RR2S_llama_state_spectrum_module.csv,absolute_contraction,max_is_deepest,all,llama,80,E_if,mlp.gate_proj,0.05,31.0,opd,True,True,False,False,31.0,17.0,14.0,"{""offkd"": 15.0, ""opd"": 31.0, ""seqkd"": 10.0, ""sft"": 17.0}"
uncentered_r_epsilon,formal_rr2s_llama_state_spectrum,RR2S_llama_state_spectrum_module.csv,absolute_contraction,max_is_deepest,all,llama,80,E_if,mlp.gate_proj,0.1,12.0,opd,True,True,False,False,12.0,6.0,6.0,"{""offkd"": 6.0, ""opd"": 12.0, ""seqkd"": 4.0, ""sft"": 6.0}"
uncentered_r_epsilon,formal_rr2s_llama_state_spectrum,RR2S_llama_state_spectrum_module.csv,absolute_contraction,max_is_deepest,all,llama,80,E_if,mlp.up_proj,0.01,37.0,opd,True,True,False,False,37.0,20.0,17.0,"{""offkd"": 13.0, ""opd"": 37.0, ""seqkd"": 8.0, ""sft"": 20.0}"
uncentered_r_epsilon,formal_rr2s_llama_state_spectrum,RR2S_llama_state_spectrum_module.csv,absolute_contraction,max_is_deepest,all,llama,80,E_if,mlp.up_proj,0.025,45.0,opd,True,True,False,False,45.0,25.0,20.0,"{""offkd"": 16.0, ""opd"": 45.0, ""seqkd"": 10.0, ""sft"": 25.0}"
uncentered_r_epsilon,formal_rr2s_llama_state_spectrum,RR2S_llama_state_spectrum_module.csv,absolute_contraction,max_is_deepest,all,llama,80,E_if,mlp.up_proj,0.05,46.0,opd,True,True,False,False,46.0,26.0,20.0,"{""offkd"": 17.0, ""opd"": 46.0, ""seqkd"": 11.0, ""sft"": 26.0}"
uncentered_r_epsilon,formal_rr2s_llama_state_spectrum,RR2S_llama_state_spectrum_module.csv,absolute_contraction,max_is_deepest,all,llama,80,E_if,mlp.up_proj,0.1,40.0,opd,True,True,False,False,40.0,23.0,17.0,"{""offkd"": 15.0, ""opd"": 40.0, ""seqkd"": 10.0, ""sft"": 23.0}"
uncentered_r_epsilon,formal_rr2s_llama_state_spectrum,RR2S_llama_state_spectrum_module.csv,absolute_contraction,max_is_deepest,all,llama,80,E_if,self_attn.k_proj,0.01,8.0,opd,True,True,False,False,8.0,6.0,2.0,"{""offkd"": 6.0, ""opd"": 8.0, ""seqkd"": 6.0, ""sft"": 3.0}"
uncentered_r_epsilon,formal_rr2s_llama_state_spectrum,RR2S_llama_state_spectrum_module.csv,absolute_contraction,max_is_deepest,all,llama,80,E_if,self_attn.k_proj,0.025,5.0,opd,True,True,False,False,5.0,4.0,1.0,"{""offkd"": 4.0, ""opd"": 5.0, ""seqkd"": 3.0, ""sft"": 1.0}"
uncentered_r_epsilon,formal_rr2s_llama_state_spectrum,RR2S_llama_state_spectrum_module.csv,absolute_contraction,max_is_deepest,all,llama,80,E_if,self_attn.k_proj,0.05,3.0,"offkd,opd",True,False,True,False,3.0,3.0,0.0,"{""offkd"": 3.0, ""opd"": 3.0, ""seqkd"": 2.0, ""sft"": 1.0}"
uncentered_r_epsilon,formal_rr2s_llama_state_spectrum,RR2S_llama_state_spectrum_module.csv,absolute_contraction,max_is_deepest,all,llama,80,E_if,self_attn.k_proj,0.1,1.0,opd,True,True,False,False,1.0,0.0,1.0,"{""offkd"": 0.0, ""opd"": 1.0, ""seqkd"": 0.0, ""sft"": 0.0}"
uncentered_r_epsilon,formal_rr2s_llama_state_spectrum,RR2S_llama_state_spectrum_module.csv,absolute_contraction,max_is_deepest,all,llama,80,E_if,self_attn.o_proj,0.01,31.0,opd,True,True,False,False,31.0,12.0,19.0,"{""offkd"": 0.0, ""opd"": 31.0, ""seqkd"": -6.0, ""sft"": 12.0}"
uncentered_r_epsilon,formal_rr2s_llama_state_spectrum,RR2S_llama_state_spectrum_module.csv,absolute_contraction,max_is_deepest,all,llama,80,E_if,self_attn.o_proj,0.025,29.0,opd,True,True,False,False,29.0,13.0,16.0,"{""offkd"": 0.0, ""opd"": 29.0, ""seqkd"": -6.0, ""sft"": 13.0}"
uncentered_r_epsilon,formal_rr2s_llama_state_spectrum,RR2S_llama_state_spectrum_module.csv,absolute_contraction,max_is_deepest,all,llama,80,E_if,self_attn.o_proj,0.05,27.0,opd,True,True,False,False,27.0,14.0,13.0,"{""offkd"": 1.0, ""opd"": 27.0, ""seqkd"": -5.0, ""sft"": 14.0}"
uncentered_r_epsilon,formal_rr2s_llama_state_spectrum,RR2S_llama_state_spectrum_module.csv,absolute_contraction,max_is_deepest,all,llama,80,E_if,self_attn.o_proj,0.1,23.0,opd,True,True,False,False,23.0,13.0,10.0,"{""offkd"": 2.0, ""opd"": 23.0, ""seqkd"": -3.0, ""sft"": 13.0}"
uncentered_r_epsilon,formal_rr2s_llama_state_spectrum,RR2S_llama_state_spectrum_module.csv,absolute_contraction,max_is_deepest,all,llama,80,E_if,self_attn.q_proj,0.01,17.0,opd,True,True,False,False,17.0,13.0,4.0,"{""offkd"": 12.0, ""opd"": 17.0, ""seqkd"": 10.0, ""sft"": 13.0}"
uncentered_r_epsilon,formal_rr2s_llama_state_spectrum,RR2S_llama_state_spectrum_module.csv,absolute_contraction,max_is_deepest,all,llama,80,E_if,self_attn.q_proj,0.025,11.0,opd,True,True,False,False,11.0,9.0,2.0,"{""offkd"": 8.0, ""opd"": 11.0, ""seqkd"": 7.0, ""sft"": 9.0}"
uncentered_r_epsilon,formal_rr2s_llama_state_spectrum,RR2S_llama_state_spectrum_module.csv,absolute_contraction,max_is_deepest,all,llama,80,E_if,self_attn.q_proj,0.05,6.0,opd,True,True,False,False,6.0,4.0,2.0,"{""offkd"": 4.0, ""opd"": 6.0, ""seqkd"": 3.0, ""sft"": 4.0}"
uncentered_r_epsilon,formal_rr2s_llama_state_spectrum,RR2S_llama_state_spectrum_module.csv,absolute_contraction,max_is_deepest,all,llama,80,E_if,self_attn.q_proj,0.1,2.0,opd,True,True,False,False,2.0,1.0,1.0,"{""offkd"": 1.0, ""opd"": 2.0, ""seqkd"": 1.0, ""sft"": 1.0}"
uncentered_r_epsilon,formal_rr2s_llama_state_spectrum,RR2S_llama_state_spectrum_module.csv,absolute_contraction,max_is_deepest,all,llama,80,E_if,self_attn.v_proj,0.01,8.0,opd,True,True,False,False,8.0,4.0,4.0,"{""offkd"": 1.0, ""opd"": 8.0, ""seqkd"": 1.0, ""sft"": 4.0}"
uncentered_r_epsilon,formal_rr2s_llama_state_spectrum,RR2S_llama_state_spectrum_module.csv,absolute_contraction,max_is_deepest,all,llama,80,E_if,self_attn.v_proj,0.025,11.0,opd,True,True,False,False,11.0,5.0,6.0,"{""offkd"": 2.0, ""opd"": 11.0, ""seqkd"": 1.0, ""sft"": 5.0}"
uncentered_r_epsilon,formal_rr2s_llama_state_spectrum,RR2S_llama_state_spectrum_module.csv,absolute_contraction,max_is_deepest,all,llama,80,E_if,self_attn.v_proj,0.05,13.0,opd,True,True,False,False,13.0,6.0,7.0,"{""offkd"": 3.0, ""opd"": 13.0, ""seqkd"": 1.0, ""sft"": 6.0}"
uncentered_r_epsilon,formal_rr2s_llama_state_spectrum,RR2S_llama_state_spectrum_module.csv,absolute_contraction,max_is_deepest,all,llama,80,E_if,self_attn.v_proj,0.1,13.0,opd,True,True,False,False,13.0,6.0,7.0,"{""offkd"": 2.0, ""opd"": 13.0, ""seqkd"": 1.0, ""sft"": 6.0}"
uncentered_r_epsilon,formal_rr2s_llama_state_spectrum,RR2S_llama_state_spectrum_module.csv,absolute_contraction,max_is_deepest,all,llama,80,E_math,mlp.down_proj,0.01,22.0,opd,True,True,False,False,22.0,11.0,11.0,"{""offkd"": 7.0, ""opd"": 22.0, ""seqkd"": 5.0, ""sft"": 11.0}"
uncentered_r_epsilon,formal_rr2s_llama_state_spectrum,RR2S_llama_state_spectrum_module.csv,absolute_contraction,max_is_deepest,all,llama,80,E_math,mlp.down_proj,0.025,23.0,opd,True,True,False,False,23.0,12.0,11.0,"{""offkd"": 8.0, ""opd"": 23.0, ""seqkd"": 6.0, ""sft"": 12.0}"
uncentered_r_epsilon,formal_rr2s_llama_state_spectrum,RR2S_llama_state_spectrum_module.csv,absolute_contraction,max_is_deepest,all,llama,80,E_math,mlp.down_proj,0.05,21.0,opd,True,True,False,False,21.0,12.0,9.0,"{""offkd"": 8.0, ""opd"": 21.0, ""seqkd"": 5.0, ""sft"": 12.0}"
uncentered_r_epsilon,formal_rr2s_llama_state_spectrum,RR2S_llama_state_spectrum_module.csv,absolute_contraction,max_is_deepest,all,llama,80,E_math,mlp.down_proj,0.1,18.0,opd,True,True,False,False,18.0,11.0,7.0,"{""offkd"": 7.0, ""opd"": 18.0, ""seqkd"": 5.0, ""sft"": 11.0}"
uncentered_r_epsilon,formal_rr2s_llama_state_spectrum,RR2S_llama_state_spectrum_module.csv,absolute_contraction,max_is_deepest,all,llama,80,E_math,mlp.gate_proj,0.01,30.0,opd,True,True,False,False,30.0,17.0,13.0,"{""offkd"": 11.0, ""opd"": 30.0, ""seqkd"": 6.0, ""sft"": 17.0}"
uncentered_r_epsilon,formal_rr2s_llama_state_spectrum,RR2S_llama_state_spectrum_module.csv,absolute_contraction,max_is_deepest,all,llama,80,E_math,mlp.gate_proj,0.025,22.0,opd,True,True,False,False,22.0,13.0,9.0,"{""offkd"": 9.0, ""opd"": 22.0, ""seqkd"": 6.0, ""sft"": 13.0}"
uncentered_r_epsilon,formal_rr2s_llama_state_spectrum,RR2S_llama_state_spectrum_module.csv,absolute_contraction,max_is_deepest,all,llama,80,E_math,mlp.gate_proj,0.05,14.0,opd,True,True,False,False,14.0,9.0,5.0,"{""offkd"": 7.0, ""opd"": 14.0, ""seqkd"": 4.0, ""sft"": 9.0}"
uncentered_r_epsilon,formal_rr2s_llama_state_spectrum,RR2S_llama_state_spectrum_module.csv,absolute_contraction,max_is_deepest,all,llama,80,E_math,mlp.gate_proj,0.1,6.0,opd,True,True,False,False,6.0,4.0,2.0,"{""offkd"": 3.0, ""opd"": 6.0, ""seqkd"": 3.0, ""sft"": 4.0}"
uncentered_r_epsilon,formal_rr2s_llama_state_spectrum,RR2S_llama_state_spectrum_module.csv,absolute_contraction,max_is_deepest,all,llama,80,E_math,mlp.up_proj,0.01,27.0,opd,True,True,False,False,27.0,15.0,12.0,"{""offkd"": 8.0, ""opd"": 27.0, ""seqkd"": 4.0, ""sft"": 15.0}"
uncentered_r_epsilon,formal_rr2s_llama_state_spectrum,RR2S_llama_state_spectrum_module.csv,absolute_contraction,max_is_deepest,all,llama,80,E_math,mlp.up_proj,0.025,27.0,opd,True,True,False,False,27.0,15.0,12.0,"{""offkd"": 8.0, ""opd"": 27.0, ""seqkd"": 4.0, ""sft"": 15.0}"
uncentered_r_epsilon,formal_rr2s_llama_state_spectrum,RR2S_llama_state_spectrum_module.csv,absolute_contraction,max_is_deepest,all,llama,80,E_math,mlp.up_proj,0.05,23.0,opd,True,True,False,False,23.0,13.0,10.0,"{""offkd"": 6.0, ""opd"": 23.0, ""seqkd"": 3.0, ""sft"": 13.0}"
uncentered_r_epsilon,formal_rr2s_llama_state_spectrum,RR2S_llama_state_spectrum_module.csv,absolute_contraction,max_is_deepest,all,llama,80,E_math,mlp.up_proj,0.1,17.0,opd,True,True,False,False,17.0,10.0,7.0,"{""offkd"": 4.0, ""opd"": 17.0, ""seqkd"": 2.0, ""sft"": 10.0}"
uncentered_r_epsilon,formal_rr2s_llama_state_spectrum,RR2S_llama_state_spectrum_module.csv,absolute_contraction,max_is_deepest,all,llama,80,E_math,self_attn.k_proj,0.01,6.0,opd,True,True,False,False,6.0,4.0,2.0,"{""offkd"": 4.0, ""opd"": 6.0, ""seqkd"": 3.0, ""sft"": 4.0}"
uncentered_r_epsilon,formal_rr2s_llama_state_spectrum,RR2S_llama_state_spectrum_module.csv,absolute_contraction,max_is_deepest,all,llama,80,E_math,self_attn.k_proj,0.025,4.0,opd,True,True,False,False,4.0,2.0,2.0,"{""offkd"": 2.0, ""opd"": 4.0, ""seqkd"": 2.0, ""sft"": 2.0}"
uncentered_r_epsilon,formal_rr2s_llama_state_spectrum,RR2S_llama_state_spectrum_module.csv,absolute_contraction,max_is_deepest,all,llama,80,E_math,self_attn.k_proj,0.05,3.0,opd,True,True,False,False,3.0,2.0,1.0,"{""offkd"": 2.0, ""opd"": 3.0, ""seqkd"": 1.0, ""sft"": 2.0}"
uncentered_r_epsilon,formal_rr2s_llama_state_spectrum,RR2S_llama_state_spectrum_module.csv,absolute_contraction,max_is_deepest,all,llama,80,E_math,self_attn.k_proj,0.1,1.0,"opd,sft",True,False,True,False,1.0,1.0,0.0,"{""offkd"": 0.0, ""opd"": 1.0, ""seqkd"": 0.0, ""sft"": 1.0}"
uncentered_r_epsilon,formal_rr2s_llama_state_spectrum,RR2S_llama_state_spectrum_module.csv,absolute_contraction,max_is_deepest,all,llama,80,E_math,self_attn.o_proj,0.01,22.0,opd,True,True,False,False,22.0,11.0,11.0,"{""offkd"": -6.0, ""opd"": 22.0, ""seqkd"": -10.0, ""sft"": 11.0}"
uncentered_r_epsilon,formal_rr2s_llama_state_spectrum,RR2S_llama_state_spectrum_module.csv,absolute_contraction,max_is_deepest,all,llama,80,E_math,self_attn.o_proj,0.025,19.0,opd,True,True,False,False,19.0,10.0,9.0,"{""offkd"": -7.0, ""opd"": 19.0, ""seqkd"": -10.0, ""sft"": 10.0}"
uncentered_r_epsilon,formal_rr2s_llama_state_spectrum,RR2S_llama_state_spectrum_module.csv,absolute_contraction,max_is_deepest,all,llama,80,E_math,self_attn.o_proj,0.05,17.0,opd,True,True,False,False,17.0,9.0,8.0,"{""offkd"": -6.0, ""opd"": 17.0, ""seqkd"": -9.0, ""sft"": 9.0}"
uncentered_r_epsilon,formal_rr2s_llama_state_spectrum,RR2S_llama_state_spectrum_module.csv,absolute_contraction,max_is_deepest,all,llama,80,E_math,self_attn.o_proj,0.1,14.0,opd,True,True,False,False,14.0,8.0,6.0,"{""offkd"": -4.0, ""opd"": 14.0, ""seqkd"": -7.0, ""sft"": 8.0}"
uncentered_r_epsilon,formal_rr2s_llama_state_spectrum,RR2S_llama_state_spectrum_module.csv,absolute_contraction,max_is_deepest,all,llama,80,E_math,self_attn.q_proj,0.01,14.0,opd,True,True,False,False,14.0,11.0,3.0,"{""offkd"": 7.0, ""opd"": 14.0, ""seqkd"": 5.0, ""sft"": 11.0}"
uncentered_r_epsilon,formal_rr2s_llama_state_spectrum,RR2S_llama_state_spectrum_module.csv,absolute_contraction,max_is_deepest,all,llama,80,E_math,self_attn.q_proj,0.025,10.0,opd,True,True,False,False,10.0,8.0,2.0,"{""offkd"": 5.0, ""opd"": 10.0, ""seqkd"": 4.0, ""sft"": 8.0}"
uncentered_r_epsilon,formal_rr2s_llama_state_spectrum,RR2S_llama_state_spectrum_module.csv,absolute_contraction,max_is_deepest,all,llama,80,E_math,self_attn.q_proj,0.05,6.0,opd,True,True,False,False,6.0,5.0,1.0,"{""offkd"": 3.0, ""opd"": 6.0, ""seqkd"": 2.0, ""sft"": 5.0}"
uncentered_r_epsilon,formal_rr2s_llama_state_spectrum,RR2S_llama_state_spectrum_module.csv,absolute_contraction,max_is_deepest,all,llama,80,E_math,self_attn.q_proj,0.1,2.0,"opd,sft",True,False,True,False,2.0,2.0,0.0,"{""offkd"": 0.0, ""opd"": 2.0, ""seqkd"": 0.0, ""sft"": 2.0}"
uncentered_r_epsilon,formal_rr2s_llama_state_spectrum,RR2S_llama_state_spectrum_module.csv,absolute_contraction,max_is_deepest,all,llama,80,E_math,self_attn.v_proj,0.01,14.0,opd,True,True,False,False,14.0,7.0,7.0,"{""offkd"": 3.0, ""opd"": 14.0, ""seqkd"": 1.0, ""sft"": 7.0}"
uncentered_r_epsilon,formal_rr2s_llama_state_spectrum,RR2S_llama_state_spectrum_module.csv,absolute_contraction,max_is_deepest,all,llama,80,E_math,self_attn.v_proj,0.025,14.0,opd,True,True,False,False,14.0,7.0,7.0,"{""offkd"": 2.0, ""opd"": 14.0, ""seqkd"": 1.0, ""sft"": 7.0}"
uncentered_r_epsilon,formal_rr2s_llama_state_spectrum,RR2S_llama_state_spectrum_module.csv,absolute_contraction,max_is_deepest,all,llama,80,E_math,self_attn.v_proj,0.05,14.0,opd,True,True,False,False,14.0,7.0,7.0,"{""offkd"": 3.0, ""opd"": 14.0, ""seqkd"": 1.0, ""sft"": 7.0}"
uncentered_r_epsilon,formal_rr2s_llama_state_spectrum,RR2S_llama_state_spectrum_module.csv,absolute_contraction,max_is_deepest,all,llama,80,E_math,self_attn.v_proj,0.1,12.0,opd,True,True,False,False,12.0,6.0,6.0,"{""offkd"": 2.0, ""opd"": 12.0, ""seqkd"": 0.0, ""sft"": 6.0}"
uncentered_r_epsilon,formal_rr2s_llama_state_spectrum,RR2S_llama_state_spectrum_module.csv,absolute_contraction,max_is_deepest,all,llama,80,E_ood,mlp.down_proj,0.01,21.0,opd,True,True,False,False,21.0,8.0,13.0,"{""offkd"": 8.0, ""opd"": 21.0, ""seqkd"": 6.0, ""sft"": 8.0}"
uncentered_r_epsilon,formal_rr2s_llama_state_spectrum,RR2S_llama_state_spectrum_module.csv,absolute_contraction,max_is_deepest,all,llama,80,E_ood,mlp.down_proj,0.025,29.0,opd,True,True,False,False,29.0,12.0,17.0,"{""offkd"": 11.0, ""opd"": 29.0, ""seqkd"": 9.0, ""sft"": 12.0}"
uncentered_r_epsilon,formal_rr2s_llama_state_spectrum,RR2S_llama_state_spectrum_module.csv,absolute_contraction,max_is_deepest,all,llama,80,E_ood,mlp.down_proj,0.05,33.0,opd,True,True,False,False,33.0,14.0,19.0,"{""offkd"": 13.0, ""opd"": 33.0, ""seqkd"": 10.0, ""sft"": 14.0}"
uncentered_r_epsilon,formal_rr2s_llama_state_spectrum,RR2S_llama_state_spectrum_module.csv,absolute_contraction,max_is_deepest,all,llama,80,E_ood,mlp.down_proj,0.1,34.0,opd,True,True,False,False,34.0,15.0,19.0,"{""offkd"": 14.0, ""opd"": 34.0, ""seqkd"": 11.0, ""sft"": 15.0}"
uncentered_r_epsilon,formal_rr2s_llama_state_spectrum,RR2S_llama_state_spectrum_module.csv,absolute_contraction,max_is_deepest,all,llama,80,E_ood,mlp.gate_proj,0.01,65.0,opd,True,True,False,False,65.0,24.0,41.0,"{""offkd"": 19.0, ""opd"": 65.0, ""seqkd"": 9.0, ""sft"": 24.0}"
uncentered_r_epsilon,formal_rr2s_llama_state_spectrum,RR2S_llama_state_spectrum_module.csv,absolute_contraction,max_is_deepest,all,llama,80,E_ood,mlp.gate_proj,0.025,56.0,opd,True,True,False,False,56.0,21.0,35.0,"{""offkd"": 18.0, ""opd"": 56.0, ""seqkd"": 9.0, ""sft"": 21.0}"
uncentered_r_epsilon,formal_rr2s_llama_state_spectrum,RR2S_llama_state_spectrum_module.csv,absolute_contraction,max_is_deepest,all,llama,80,E_ood,mlp.gate_proj,0.05,35.0,opd,True,True,False,False,35.0,13.0,22.0,"{""offkd"": 12.0, ""opd"": 35.0, ""seqkd"": 7.0, ""sft"": 13.0}"
uncentered_r_epsilon,formal_rr2s_llama_state_spectrum,RR2S_llama_state_spectrum_module.csv,absolute_contraction,max_is_deepest,all,llama,80,E_ood,mlp.gate_proj,0.1,11.0,opd,True,True,False,False,11.0,5.0,6.0,"{""offkd"": 5.0, ""opd"": 11.0, ""seqkd"": 3.0, ""sft"": 5.0}"
uncentered_r_epsilon,formal_rr2s_llama_state_spectrum,RR2S_llama_state_spectrum_module.csv,absolute_contraction,max_is_deepest,all,llama,80,E_ood,mlp.up_proj,0.01,39.0,opd,True,True,False,False,39.0,16.0,23.0,"{""offkd"": 11.0, ""opd"": 39.0, ""seqkd"": 6.0, ""sft"": 16.0}"
uncentered_r_epsilon,formal_rr2s_llama_state_spectrum,RR2S_llama_state_spectrum_module.csv,absolute_contraction,max_is_deepest,all,llama,80,E_ood,mlp.up_proj,0.025,49.0,opd,True,True,False,False,49.0,20.0,29.0,"{""offkd"": 14.0, ""opd"": 49.0, ""seqkd"": 8.0, ""sft"": 20.0}"
uncentered_r_epsilon,formal_rr2s_llama_state_spectrum,RR2S_llama_state_spectrum_module.csv,absolute_contraction,max_is_deepest,all,llama,80,E_ood,mlp.up_proj,0.05,52.0,opd,True,True,False,False,52.0,21.0,31.0,"{""offkd"": 14.0, ""opd"": 52.0, ""seqkd"": 8.0, ""sft"": 21.0}"
uncentered_r_epsilon,formal_rr2s_llama_state_spectrum,RR2S_llama_state_spectrum_module.csv,absolute_contraction,max_is_deepest,all,llama,80,E_ood,mlp.up_proj,0.1,47.0,opd,True,True,False,False,47.0,19.0,28.0,"{""offkd"": 13.0, ""opd"": 47.0, ""seqkd"": 7.0, ""sft"": 19.0}"
uncentered_r_epsilon,formal_rr2s_llama_state_spectrum,RR2S_llama_state_spectrum_module.csv,absolute_contraction,max_is_deepest,all,llama,80,E_ood,self_attn.k_proj,0.01,7.0,"offkd,opd",True,False,True,False,7.0,7.0,0.0,"{""offkd"": 7.0, ""opd"": 7.0, ""seqkd"": 6.0, ""sft"": 2.0}"
uncentered_r_epsilon,formal_rr2s_llama_state_spectrum,RR2S_llama_state_spectrum_module.csv,absolute_contraction,max_is_deepest,all,llama,80,E_ood,self_attn.k_proj,0.025,5.0,"offkd,seqkd",False,False,False,True,4.0,5.0,-1.0,"{""offkd"": 5.0, ""opd"": 4.0, ""seqkd"": 5.0, ""sft"": 0.0}"
uncentered_r_epsilon,formal_rr2s_llama_state_spectrum,RR2S_llama_state_spectrum_module.csv,absolute_contraction,max_is_deepest,all,llama,80,E_ood,self_attn.k_proj,0.05,3.0,offkd,False,False,False,True,2.0,3.0,-1.0,"{""offkd"": 3.0, ""opd"": 2.0, ""seqkd"": 2.0, ""sft"": -1.0}"
uncentered_r_epsilon,formal_rr2s_llama_state_spectrum,RR2S_llama_state_spectrum_module.csv,absolute_contraction,max_is_deepest,all,llama,80,E_ood,self_attn.k_proj,0.1,0.0,"offkd,opd,seqkd",True,False,True,False,0.0,0.0,0.0,"{""offkd"": 0.0, ""opd"": 0.0, ""seqkd"": 0.0, ""sft"": -1.0}"
uncentered_r_epsilon,formal_rr2s_llama_state_spectrum,RR2S_llama_state_spectrum_module.csv,absolute_contraction,max_is_deepest,all,llama,80,E_ood,self_attn.o_proj,0.01,34.0,opd,True,True,False,False,34.0,13.0,21.0,"{""offkd"": 3.0, ""opd"": 34.0, ""seqkd"": -2.0, ""sft"": 13.0}"
uncentered_r_epsilon,formal_rr2s_llama_state_spectrum,RR2S_llama_state_spectrum_module.csv,absolute_contraction,max_is_deepest,all,llama,80,E_ood,self_attn.o_proj,0.025,34.0,opd,True,True,False,False,34.0,14.0,20.0,"{""offkd"": 3.0, ""opd"": 34.0, ""seqkd"": -1.0, ""sft"": 14.0}"
uncentered_r_epsilon,formal_rr2s_llama_state_spectrum,RR2S_llama_state_spectrum_module.csv,absolute_contraction,max_is_deepest,all,llama,80,E_ood,self_attn.o_proj,0.05,32.0,opd,True,True,False,False,32.0,14.0,18.0,"{""offkd"": 3.0, ""opd"": 32.0, ""seqkd"": -1.0, ""sft"": 14.0}"
uncentered_r_epsilon,formal_rr2s_llama_state_spectrum,RR2S_llama_state_spectrum_module.csv,absolute_contraction,max_is_deepest,all,llama,80,E_ood,self_attn.o_proj,0.1,27.0,opd,True,True,False,False,27.0,13.0,14.0,"{""offkd"": 3.0, ""opd"": 27.0, ""seqkd"": 0.0, ""sft"": 13.0}"
uncentered_r_epsilon,formal_rr2s_llama_state_spectrum,RR2S_llama_state_spectrum_module.csv,absolute_contraction,max_is_deepest,all,llama,80,E_ood,self_attn.q_proj,0.01,13.0,opd,True,True,False,False,13.0,9.0,4.0,"{""offkd"": 9.0, ""opd"": 13.0, ""seqkd"": 8.0, ""sft"": 4.0}"
uncentered_r_epsilon,formal_rr2s_llama_state_spectrum,RR2S_llama_state_spectrum_module.csv,absolute_contraction,max_is_deepest,all,llama,80,E_ood,self_attn.q_proj,0.025,9.0,opd,True,True,False,False,9.0,6.0,3.0,"{""offkd"": 6.0, ""opd"": 9.0, ""seqkd"": 6.0, ""sft"": 2.0}"
uncentered_r_epsilon,formal_rr2s_llama_state_spectrum,RR2S_llama_state_spectrum_module.csv,absolute_contraction,max_is_deepest,all,llama,80,E_ood,self_attn.q_proj,0.05,5.0,opd,True,True,False,False,5.0,4.0,1.0,"{""offkd"": 4.0, ""opd"": 5.0, ""seqkd"": 4.0, ""sft"": 1.0}"
uncentered_r_epsilon,formal_rr2s_llama_state_spectrum,RR2S_llama_state_spectrum_module.csv,absolute_contraction,max_is_deepest,all,llama,80,E_ood,self_attn.q_proj,0.1,1.0,"offkd,opd,seqkd",True,False,True,False,1.0,1.0,0.0,"{""offkd"": 1.0, ""opd"": 1.0, ""seqkd"": 1.0, ""sft"": 0.0}"
uncentered_r_epsilon,formal_rr2s_llama_state_spectrum,RR2S_llama_state_spectrum_module.csv,absolute_contraction,max_is_deepest,all,llama,80,E_ood,self_attn.v_proj,0.01,8.0,opd,True,True,False,False,8.0,3.0,5.0,"{""offkd"": 1.0, ""opd"": 8.0, ""seqkd"": 1.0, ""sft"": 3.0}"
uncentered_r_epsilon,formal_rr2s_llama_state_spectrum,RR2S_llama_state_spectrum_module.csv,absolute_contraction,max_is_deepest,all,llama,80,E_ood,self_attn.v_proj,0.025,12.0,opd,True,True,False,False,12.0,4.0,8.0,"{""offkd"": 2.0, ""opd"": 12.0, ""seqkd"": 1.0, ""sft"": 4.0}"
uncentered_r_epsilon,formal_rr2s_llama_state_spectrum,RR2S_llama_state_spectrum_module.csv,absolute_contraction,max_is_deepest,all,llama,80,E_ood,self_attn.v_proj,0.05,14.0,opd,True,True,False,False,14.0,5.0,9.0,"{""offkd"": 3.0, ""opd"": 14.0, ""seqkd"": 1.0, ""sft"": 5.0}"
uncentered_r_epsilon,formal_rr2s_llama_state_spectrum,RR2S_llama_state_spectrum_module.csv,absolute_contraction,max_is_deepest,all,llama,80,E_ood,self_attn.v_proj,0.1,16.0,opd,True,True,False,False,16.0,6.0,10.0,"{""offkd"": 4.0, ""opd"": 16.0, ""seqkd"": 2.0, ""sft"": 6.0}"
uncentered_stable_rank,formal_rr2s_llama_state_spectrum,RR2S_llama_state_spectrum_module.csv,stable_rank_contraction,max_is_deepest,all,llama,20,E_general,mlp.down_proj,0.01,1.2637763072535328,opd,True,True,False,False,1.2637763072535328,0.533137490654358,0.7306388165991748,"{""offkd"": 0.2124836932671456, ""opd"": 1.2637763072535328, ""seqkd"": 0.0943850724939689, ""sft"": 0.533137490654358}"
uncentered_stable_rank,formal_rr2s_llama_state_spectrum,RR2S_llama_state_spectrum_module.csv,stable_rank_contraction,max_is_deepest,all,llama,20,E_general,mlp.down_proj,0.025,1.2637763072535328,opd,True,True,False,False,1.2637763072535328,0.533137490654358,0.7306388165991748,"{""offkd"": 0.2124836932671456, ""opd"": 1.2637763072535328, ""seqkd"": 0.0943850724939689, ""sft"": 0.533137490654358}"
uncentered_stable_rank,formal_rr2s_llama_state_spectrum,RR2S_llama_state_spectrum_module.csv,stable_rank_contraction,max_is_deepest,all,llama,20,E_general,mlp.down_proj,0.05,1.2637763072535328,opd,True,True,False,False,1.2637763072535328,0.533137490654358,0.7306388165991748,"{""offkd"": 0.2124836932671456, ""opd"": 1.2637763072535328, ""seqkd"": 0.0943850724939689, ""sft"": 0.533137490654358}"
uncentered_stable_rank,formal_rr2s_llama_state_spectrum,RR2S_llama_state_spectrum_module.csv,stable_rank_contraction,max_is_deepest,all,llama,20,E_general,mlp.down_proj,0.1,1.2637763072535328,opd,True,True,False,False,1.2637763072535328,0.533137490654358,0.7306388165991748,"{""offkd"": 0.2124836932671456, ""opd"": 1.2637763072535328, ""seqkd"": 0.0943850724939689, ""sft"": 0.533137490654358}"
uncentered_stable_rank,formal_rr2s_llama_state_spectrum,RR2S_llama_state_spectrum_module.csv,stable_rank_contraction,max_is_deepest,all,llama,20,E_general,mlp.gate_proj,0.01,0.0043929780894051,opd,True,True,False,False,0.0043929780894051,0.0014198006059287,0.0029731774834764,"{""offkd"": 0.0014198006059287, ""opd"": 0.0043929780894051, ""seqkd"": 0.0012169243273794, ""sft"": 0.0009482099259623}"
uncentered_stable_rank,formal_rr2s_llama_state_spectrum,RR2S_llama_state_spectrum_module.csv,stable_rank_contraction,max_is_deepest,all,llama,20,E_general,mlp.gate_proj,0.025,0.0043929780894051,opd,True,True,False,False,0.0043929780894051,0.0014198006059287,0.0029731774834764,"{""offkd"": 0.0014198006059287, ""opd"": 0.0043929780894051, ""seqkd"": 0.0012169243273794, ""sft"": 0.0009482099259623}"
uncentered_stable_rank,formal_rr2s_llama_state_spectrum,RR2S_llama_state_spectrum_module.csv,stable_rank_contraction,max_is_deepest,all,llama,20,E_general,mlp.gate_proj,0.05,0.0043929780894051,opd,True,True,False,False,0.0043929780894051,0.0014198006059287,0.0029731774834764,"{""offkd"": 0.0014198006059287, ""opd"": 0.0043929780894051, ""seqkd"": 0.0012169243273794, ""sft"": 0.0009482099259623}"
uncentered_stable_rank,formal_rr2s_llama_state_spectrum,RR2S_llama_state_spectrum_module.csv,stable_rank_contraction,max_is_deepest,all,llama,20,E_general,mlp.gate_proj,0.1,0.0043929780894051,opd,True,True,False,False,0.0043929780894051,0.0014198006059287,0.0029731774834764,"{""offkd"": 0.0014198006059287, ""opd"": 0.0043929780894051, ""seqkd"": 0.0012169243273794, ""sft"": 0.0009482099259623}"
uncentered_stable_rank,formal_rr2s_llama_state_spectrum,RR2S_llama_state_spectrum_module.csv,stable_rank_contraction,max_is_deepest,all,llama,20,E_general,mlp.up_proj,0.01,0.2203567509253181,opd,True,True,False,False,0.2203567509253181,0.0433381941964468,0.1770185567288713,"{""offkd"": 0.0315819790997746, ""opd"": 0.2203567509253181, ""seqkd"": 0.0071068639970048, ""sft"": 0.0433381941964468}"
uncentered_stable_rank,formal_rr2s_llama_state_spectrum,RR2S_llama_state_spectrum_module.csv,stable_rank_contraction,max_is_deepest,all,llama,20,E_general,mlp.up_proj,0.025,0.2203567509253181,opd,True,True,False,False,0.2203567509253181,0.0433381941964468,0.1770185567288713,"{""offkd"": 0.0315819790997746, ""opd"": 0.2203567509253181, ""seqkd"": 0.0071068639970048, ""sft"": 0.0433381941964468}"
uncentered_stable_rank,formal_rr2s_llama_state_spectrum,RR2S_llama_state_spectrum_module.csv,stable_rank_contraction,max_is_deepest,all,llama,20,E_general,mlp.up_proj,0.05,0.2203567509253181,opd,True,True,False,False,0.2203567509253181,0.0433381941964468,0.1770185567288713,"{""offkd"": 0.0315819790997746, ""opd"": 0.2203567509253181, ""seqkd"": 0.0071068639970048, ""sft"": 0.0433381941964468}"
uncentered_stable_rank,formal_rr2s_llama_state_spectrum,RR2S_llama_state_spectrum_module.csv,stable_rank_contraction,max_is_deepest,all,llama,20,E_general,mlp.up_proj,0.1,0.2203567509253181,opd,True,True,False,False,0.2203567509253181,0.0433381941964468,0.1770185567288713,"{""offkd"": 0.0315819790997746, ""opd"": 0.2203567509253181, ""seqkd"": 0.0071068639970048, ""sft"": 0.0433381941964468}"
uncentered_stable_rank,formal_rr2s_llama_state_spectrum,RR2S_llama_state_spectrum_module.csv,stable_rank_contraction,max_is_deepest,all,llama,20,E_general,self_attn.k_proj,0.01,0.0049480983553753,opd,True,True,False,False,0.0049480983553753,-0.0023365007763682,0.0072845991317435,"{""offkd"": -0.0023365007763682, ""opd"": 0.0049480983553753, ""seqkd"": -0.0023460965558441, ""sft"": -0.0116510645637877}"
uncentered_stable_rank,formal_rr2s_llama_state_spectrum,RR2S_llama_state_spectrum_module.csv,stable_rank_contraction,max_is_deepest,all,llama,20,E_general,self_attn.k_proj,0.025,0.0049480983553753,opd,True,True,False,False,0.0049480983553753,-0.0023365007763682,0.0072845991317435,"{""offkd"": -0.0023365007763682, ""opd"": 0.0049480983553753, ""seqkd"": -0.0023460965558441, ""sft"": -0.0116510645637877}"
uncentered_stable_rank,formal_rr2s_llama_state_spectrum,RR2S_llama_state_spectrum_module.csv,stable_rank_contraction,max_is_deepest,all,llama,20,E_general,self_attn.k_proj,0.05,0.0049480983553753,opd,True,True,False,False,0.0049480983553753,-0.0023365007763682,0.0072845991317435,"{""offkd"": -0.0023365007763682, ""opd"": 0.0049480983553753, ""seqkd"": -0.0023460965558441, ""sft"": -0.0116510645637877}"
uncentered_stable_rank,formal_rr2s_llama_state_spectrum,RR2S_llama_state_spectrum_module.csv,stable_rank_contraction,max_is_deepest,all,llama,20,E_general,self_attn.k_proj,0.1,0.0049480983553753,opd,True,True,False,False,0.0049480983553753,-0.0023365007763682,0.0072845991317435,"{""offkd"": -0.0023365007763682, ""opd"": 0.0049480983553753, ""seqkd"": -0.0023460965558441, ""sft"": -0.0116510645637877}"
uncentered_stable_rank,formal_rr2s_llama_state_spectrum,RR2S_llama_state_spectrum_module.csv,stable_rank_contraction,max_is_deepest,all,llama,20,E_general,self_attn.o_proj,0.01,1.3455417692951048,opd,True,True,False,False,1.3455417692951048,0.2501894570327252,1.0953523122623796,"{""offkd"": 0.0864041373100992, ""opd"": 1.3455417692951048, ""seqkd"": 0.0043449137208249, ""sft"": 0.2501894570327252}"
uncentered_stable_rank,formal_rr2s_llama_state_spectrum,RR2S_llama_state_spectrum_module.csv,stable_rank_contraction,max_is_deepest,all,llama,20,E_general,self_attn.o_proj,0.025,1.3455417692951048,opd,True,True,False,False,1.3455417692951048,0.2501894570327252,1.0953523122623796,"{""offkd"": 0.0864041373100992, ""opd"": 1.3455417692951048, ""seqkd"": 0.0043449137208249, ""sft"": 0.2501894570327252}"
uncentered_stable_rank,formal_rr2s_llama_state_spectrum,RR2S_llama_state_spectrum_module.csv,stable_rank_contraction,max_is_deepest,all,llama,20,E_general,self_attn.o_proj,0.05,1.3455417692951048,opd,True,True,False,False,1.3455417692951048,0.2501894570327252,1.0953523122623796,"{""offkd"": 0.0864041373100992, ""opd"": 1.3455417692951048, ""seqkd"": 0.0043449137208249, ""sft"": 0.2501894570327252}"
uncentered_stable_rank,formal_rr2s_llama_state_spectrum,RR2S_llama_state_spectrum_module.csv,stable_rank_contraction,max_is_deepest,all,llama,20,E_general,self_attn.o_proj,0.1,1.3455417692951048,opd,True,True,False,False,1.3455417692951048,0.2501894570327252,1.0953523122623796,"{""offkd"": 0.0864041373100992, ""opd"": 1.3455417692951048, ""seqkd"": 0.0043449137208249, ""sft"": 0.2501894570327252}"
uncentered_stable_rank,formal_rr2s_llama_state_spectrum,RR2S_llama_state_spectrum_module.csv,stable_rank_contraction,max_is_deepest,all,llama,20,E_general,self_attn.q_proj,0.01,0.0029442150209417,opd,True,True,False,False,0.0029442150209417,0.0010268038318692,0.0019174111890724998,"{""offkd"": 0.0004447703463665, ""opd"": 0.0029442150209417, ""seqkd"": 0.0010268038318692, ""sft"": -0.0053427510658516}"
uncentered_stable_rank,formal_rr2s_llama_state_spectrum,RR2S_llama_state_spectrum_module.csv,stable_rank_contraction,max_is_deepest,all,llama,20,E_general,self_attn.q_proj,0.025,0.0029442150209417,opd,True,True,False,False,0.0029442150209417,0.0010268038318692,0.0019174111890724998,"{""offkd"": 0.0004447703463665, ""opd"": 0.0029442150209417, ""seqkd"": 0.0010268038318692, ""sft"": -0.0053427510658516}"
uncentered_stable_rank,formal_rr2s_llama_state_spectrum,RR2S_llama_state_spectrum_module.csv,stable_rank_contraction,max_is_deepest,all,llama,20,E_general,self_attn.q_proj,0.05,0.0029442150209417,opd,True,True,False,False,0.0029442150209417,0.0010268038318692,0.0019174111890724998,"{""offkd"": 0.0004447703463665, ""opd"": 0.0029442150209417, ""seqkd"": 0.0010268038318692, ""sft"": -0.0053427510658516}"
uncentered_stable_rank,formal_rr2s_llama_state_spectrum,RR2S_llama_state_spectrum_module.csv,stable_rank_contraction,max_is_deepest,all,llama,20,E_general,self_attn.q_proj,0.1,0.0029442150209417,opd,True,True,False,False,0.0029442150209417,0.0010268038318692,0.0019174111890724998,"{""offkd"": 0.0004447703463665, ""opd"": 0.0029442150209417, ""seqkd"": 0.0010268038318692, ""sft"": -0.0053427510658516}"
uncentered_stable_rank,formal_rr2s_llama_state_spectrum,RR2S_llama_state_spectrum_module.csv,stable_rank_contraction,max_is_deepest,all,llama,20,E_general,self_attn.v_proj,0.01,0.6597725868125455,opd,True,True,False,False,0.6597725868125455,0.2159589283117302,0.4438136585008153,"{""offkd"": -0.0267927535743517, ""opd"": 0.6597725868125455, ""seqkd"": -0.1161275128385028, ""sft"": 0.2159589283117302}"
uncentered_stable_rank,formal_rr2s_llama_state_spectrum,RR2S_llama_state_spectrum_module.csv,stable_rank_contraction,max_is_deepest,all,llama,20,E_general,self_attn.v_proj,0.025,0.6597725868125455,opd,True,True,False,False,0.6597725868125455,0.2159589283117302,0.4438136585008153,"{""offkd"": -0.0267927535743517, ""opd"": 0.6597725868125455, ""seqkd"": -0.1161275128385028, ""sft"": 0.2159589283117302}"
uncentered_stable_rank,formal_rr2s_llama_state_spectrum,RR2S_llama_state_spectrum_module.csv,stable_rank_contraction,max_is_deepest,all,llama,20,E_general,self_attn.v_proj,0.05,0.6597725868125455,opd,True,True,False,False,0.6597725868125455,0.2159589283117302,0.4438136585008153,"{""offkd"": -0.0267927535743517, ""opd"": 0.6597725868125455, ""seqkd"": -0.1161275128385028, ""sft"": 0.2159589283117302}"
uncentered_stable_rank,formal_rr2s_llama_state_spectrum,RR2S_llama_state_spectrum_module.csv,stable_rank_contraction,max_is_deepest,all,llama,20,E_general,self_attn.v_proj,0.1,0.6597725868125455,opd,True,True,False,False,0.6597725868125455,0.2159589283117302,0.4438136585008153,"{""offkd"": -0.0267927535743517, ""opd"": 0.6597725868125455, ""seqkd"": -0.1161275128385028, ""sft"": 0.2159589283117302}"
uncentered_stable_rank,formal_rr2s_llama_state_spectrum,RR2S_llama_state_spectrum_module.csv,stable_rank_contraction,max_is_deepest,all,llama,20,E_if,mlp.down_proj,0.01,0.8660660524213846,opd,True,True,False,False,0.8660660524213846,0.2053300950812566,0.6607359573401279,"{""offkd"": 0.0229999088998038, ""opd"": 0.8660660524213846, ""seqkd"": -0.022017498010598, ""sft"": 0.2053300950812566}"
uncentered_stable_rank,formal_rr2s_llama_state_spectrum,RR2S_llama_state_spectrum_module.csv,stable_rank_contraction,max_is_deepest,all,llama,20,E_if,mlp.down_proj,0.025,0.8660660524213846,opd,True,True,False,False,0.8660660524213846,0.2053300950812566,0.6607359573401279,"{""offkd"": 0.0229999088998038, ""opd"": 0.8660660524213846, ""seqkd"": -0.022017498010598, ""sft"": 0.2053300950812566}"
uncentered_stable_rank,formal_rr2s_llama_state_spectrum,RR2S_llama_state_spectrum_module.csv,stable_rank_contraction,max_is_deepest,all,llama,20,E_if,mlp.down_proj,0.05,0.8660660524213846,opd,True,True,False,False,0.8660660524213846,0.2053300950812566,0.6607359573401279,"{""offkd"": 0.0229999088998038, ""opd"": 0.8660660524213846, ""seqkd"": -0.022017498010598, ""sft"": 0.2053300950812566}"
uncentered_stable_rank,formal_rr2s_llama_state_spectrum,RR2S_llama_state_spectrum_module.csv,stable_rank_contraction,max_is_deepest,all,llama,20,E_if,mlp.down_proj,0.1,0.8660660524213846,opd,True,True,False,False,0.8660660524213846,0.2053300950812566,0.6607359573401279,"{""offkd"": 0.0229999088998038, ""opd"": 0.8660660524213846, ""seqkd"": -0.022017498010598, ""sft"": 0.2053300950812566}"
uncentered_stable_rank,formal_rr2s_llama_state_spectrum,RR2S_llama_state_spectrum_module.csv,stable_rank_contraction,max_is_deepest,all,llama,20,E_if,mlp.gate_proj,0.01,0.0190554088472942,opd,True,True,False,False,0.0190554088472942,0.0061636671151932,0.012891741732101,"{""offkd"": 0.0058332915485466, ""opd"": 0.0190554088472942, ""seqkd"": 0.0061636671151932, ""sft"": 0.0029546643884252}"
uncentered_stable_rank,formal_rr2s_llama_state_spectrum,RR2S_llama_state_spectrum_module.csv,stable_rank_contraction,max_is_deepest,all,llama,20,E_if,mlp.gate_proj,0.025,0.0190554088472942,opd,True,True,False,False,0.0190554088472942,0.0061636671151932,0.012891741732101,"{""offkd"": 0.0058332915485466, ""opd"": 0.0190554088472942, ""seqkd"": 0.0061636671151932, ""sft"": 0.0029546643884252}"
uncentered_stable_rank,formal_rr2s_llama_state_spectrum,RR2S_llama_state_spectrum_module.csv,stable_rank_contraction,max_is_deepest,all,llama,20,E_if,mlp.gate_proj,0.05,0.0190554088472942,opd,True,True,False,False,0.0190554088472942,0.0061636671151932,0.012891741732101,"{""offkd"": 0.0058332915485466, ""opd"": 0.0190554088472942, ""seqkd"": 0.0061636671151932, ""sft"": 0.0029546643884252}"
uncentered_stable_rank,formal_rr2s_llama_state_spectrum,RR2S_llama_state_spectrum_module.csv,stable_rank_contraction,max_is_deepest,all,llama,20,E_if,mlp.gate_proj,0.1,0.0190554088472942,opd,True,True,False,False,0.0190554088472942,0.0061636671151932,0.012891741732101,"{""offkd"": 0.0058332915485466, ""opd"": 0.0190554088472942, ""seqkd"": 0.0061636671151932, ""sft"": 0.0029546643884252}"
uncentered_stable_rank,formal_rr2s_llama_state_spectrum,RR2S_llama_state_spectrum_module.csv,stable_rank_contraction,max_is_deepest,all,llama,20,E_if,mlp.up_proj,0.01,0.1893515435836681,opd,True,True,False,False,0.1893515435836681,0.0929486218068627,0.0964029217768054,"{""offkd"": 0.0929486218068627, ""opd"": 0.1893515435836681, ""seqkd"": 0.0904959781162437, ""sft"": 0.064281131403094}"
uncentered_stable_rank,formal_rr2s_llama_state_spectrum,RR2S_llama_state_spectrum_module.csv,stable_rank_contraction,max_is_deepest,all,llama,20,E_if,mlp.up_proj,0.025,0.1893515435836681,opd,True,True,False,False,0.1893515435836681,0.0929486218068627,0.0964029217768054,"{""offkd"": 0.0929486218068627, ""opd"": 0.1893515435836681, ""seqkd"": 0.0904959781162437, ""sft"": 0.064281131403094}"
uncentered_stable_rank,formal_rr2s_llama_state_spectrum,RR2S_llama_state_spectrum_module.csv,stable_rank_contraction,max_is_deepest,all,llama,20,E_if,mlp.up_proj,0.05,0.1893515435836681,opd,True,True,False,False,0.1893515435836681,0.0929486218068627,0.0964029217768054,"{""offkd"": 0.0929486218068627, ""opd"": 0.1893515435836681, ""seqkd"": 0.0904959781162437, ""sft"": 0.064281131403094}"
uncentered_stable_rank,formal_rr2s_llama_state_spectrum,RR2S_llama_state_spectrum_module.csv,stable_rank_contraction,max_is_deepest,all,llama,20,E_if,mlp.up_proj,0.1,0.1893515435836681,opd,True,True,False,False,0.1893515435836681,0.0929486218068627,0.0964029217768054,"{""offkd"": 0.0929486218068627, ""opd"": 0.1893515435836681, ""seqkd"": 0.0904959781162437, ""sft"": 0.064281131403094}"
uncentered_stable_rank,formal_rr2s_llama_state_spectrum,RR2S_llama_state_spectrum_module.csv,stable_rank_contraction,max_is_deepest,all,llama,20,E_if,self_attn.k_proj,0.01,0.0079667581242037,opd,True,True,False,False,0.0079667581242037,-0.002471237881876,0.0104379960060797,"{""offkd"": -0.0033459323590461, ""opd"": 0.0079667581242037, ""seqkd"": -0.002471237881876, ""sft"": -0.0085113701320655}"
uncentered_stable_rank,formal_rr2s_llama_state_spectrum,RR2S_llama_state_spectrum_module.csv,stable_rank_contraction,max_is_deepest,all,llama,20,E_if,self_attn.k_proj,0.025,0.0079667581242037,opd,True,True,False,False,0.0079667581242037,-0.002471237881876,0.0104379960060797,"{""offkd"": -0.0033459323590461, ""opd"": 0.0079667581242037, ""seqkd"": -0.002471237881876, ""sft"": -0.0085113701320655}"
uncentered_stable_rank,formal_rr2s_llama_state_spectrum,RR2S_llama_state_spectrum_module.csv,stable_rank_contraction,max_is_deepest,all,llama,20,E_if,self_attn.k_proj,0.05,0.0079667581242037,opd,True,True,False,False,0.0079667581242037,-0.002471237881876,0.0104379960060797,"{""offkd"": -0.0033459323590461, ""opd"": 0.0079667581242037, ""seqkd"": -0.002471237881876, ""sft"": -0.0085113701320655}"
uncentered_stable_rank,formal_rr2s_llama_state_spectrum,RR2S_llama_state_spectrum_module.csv,stable_rank_contraction,max_is_deepest,all,llama,20,E_if,self_attn.k_proj,0.1,0.0079667581242037,opd,True,True,False,False,0.0079667581242037,-0.002471237881876,0.0104379960060797,"{""offkd"": -0.0033459323590461, ""opd"": 0.0079667581242037, ""seqkd"": -0.002471237881876, ""sft"": -0.0085113701320655}"
uncentered_stable_rank,formal_rr2s_llama_state_spectrum,RR2S_llama_state_spectrum_module.csv,stable_rank_contraction,max_is_deepest,all,llama,20,E_if,self_attn.o_proj,0.01,0.502272419550045,opd,True,True,False,False,0.502272419550045,0.1877571078457292,0.3145153117043158,"{""offkd"": 0.1143606706920881, ""opd"": 0.502272419550045, ""seqkd"": 0.1148672300176718, ""sft"": 0.1877571078457292}"
uncentered_stable_rank,formal_rr2s_llama_state_spectrum,RR2S_llama_state_spectrum_module.csv,stable_rank_contraction,max_is_deepest,all,llama,20,E_if,self_attn.o_proj,0.025,0.502272419550045,opd,True,True,False,False,0.502272419550045,0.1877571078457292,0.3145153117043158,"{""offkd"": 0.1143606706920881, ""opd"": 0.502272419550045, ""seqkd"": 0.1148672300176718, ""sft"": 0.1877571078457292}"
uncentered_stable_rank,formal_rr2s_llama_state_spectrum,RR2S_llama_state_spectrum_module.csv,stable_rank_contraction,max_is_deepest,all,llama,20,E_if,self_attn.o_proj,0.05,0.502272419550045,opd,True,True,False,False,0.502272419550045,0.1877571078457292,0.3145153117043158,"{""offkd"": 0.1143606706920881, ""opd"": 0.502272419550045, ""seqkd"": 0.1148672300176718, ""sft"": 0.1877571078457292}"
uncentered_stable_rank,formal_rr2s_llama_state_spectrum,RR2S_llama_state_spectrum_module.csv,stable_rank_contraction,max_is_deepest,all,llama,20,E_if,self_attn.o_proj,0.1,0.502272419550045,opd,True,True,False,False,0.502272419550045,0.1877571078457292,0.3145153117043158,"{""offkd"": 0.1143606706920881, ""opd"": 0.502272419550045, ""seqkd"": 0.1148672300176718, ""sft"": 0.1877571078457292}"
uncentered_stable_rank,formal_rr2s_llama_state_spectrum,RR2S_llama_state_spectrum_module.csv,stable_rank_contraction,max_is_deepest,all,llama,20,E_if,self_attn.q_proj,0.01,0.0035145437429739,opd,True,True,False,False,0.0035145437429739,0.0015185801840484,0.0019959635589255,"{""offkd"": 0.0002972130804377, ""opd"": 0.0035145437429739, ""seqkd"": 0.0015185801840484, ""sft"": -0.0041710346281629}"
uncentered_stable_rank,formal_rr2s_llama_state_spectrum,RR2S_llama_state_spectrum_module.csv,stable_rank_contraction,max_is_deepest,all,llama,20,E_if,self_attn.q_proj,0.025,0.0035145437429739,opd,True,True,False,False,0.0035145437429739,0.0015185801840484,0.0019959635589255,"{""offkd"": 0.0002972130804377, ""opd"": 0.0035145437429739, ""seqkd"": 0.0015185801840484, ""sft"": -0.0041710346281629}"
uncentered_stable_rank,formal_rr2s_llama_state_spectrum,RR2S_llama_state_spectrum_module.csv,stable_rank_contraction,max_is_deepest,all,llama,20,E_if,self_attn.q_proj,0.05,0.0035145437429739,opd,True,True,False,False,0.0035145437429739,0.0015185801840484,0.0019959635589255,"{""offkd"": 0.0002972130804377, ""opd"": 0.0035145437429739, ""seqkd"": 0.0015185801840484, ""sft"": -0.0041710346281629}"
uncentered_stable_rank,formal_rr2s_llama_state_spectrum,RR2S_llama_state_spectrum_module.csv,stable_rank_contraction,max_is_deepest,all,llama,20,E_if,self_attn.q_proj,0.1,0.0035145437429739,opd,True,True,False,False,0.0035145437429739,0.0015185801840484,0.0019959635589255,"{""offkd"": 0.0002972130804377, ""opd"": 0.0035145437429739, ""seqkd"": 0.0015185801840484, ""sft"": -0.0041710346281629}"
uncentered_stable_rank,formal_rr2s_llama_state_spectrum,RR2S_llama_state_spectrum_module.csv,stable_rank_contraction,max_is_deepest,all,llama,20,E_if,self_attn.v_proj,0.01,0.5242447893318012,opd,True,True,False,False,0.5242447893318012,0.1001221153105884,0.4241226740212128,"{""offkd"": 0.0506817012360265, ""opd"": 0.5242447893318012, ""seqkd"": 0.0168680460593044, ""sft"": 0.1001221153105884}"
uncentered_stable_rank,formal_rr2s_llama_state_spectrum,RR2S_llama_state_spectrum_module.csv,stable_rank_contraction,max_is_deepest,all,llama,20,E_if,self_attn.v_proj,0.025,0.5242447893318012,opd,True,True,False,False,0.5242447893318012,0.1001221153105884,0.4241226740212128,"{""offkd"": 0.0506817012360265, ""opd"": 0.5242447893318012, ""seqkd"": 0.0168680460593044, ""sft"": 0.1001221153105884}"
uncentered_stable_rank,formal_rr2s_llama_state_spectrum,RR2S_llama_state_spectrum_module.csv,stable_rank_contraction,max_is_deepest,all,llama,20,E_if,self_attn.v_proj,0.05,0.5242447893318012,opd,True,True,False,False,0.5242447893318012,0.1001221153105884,0.4241226740212128,"{""offkd"": 0.0506817012360265, ""opd"": 0.5242447893318012, ""seqkd"": 0.0168680460593044, ""sft"": 0.1001221153105884}"
uncentered_stable_rank,formal_rr2s_llama_state_spectrum,RR2S_llama_state_spectrum_module.csv,stable_rank_contraction,max_is_deepest,all,llama,20,E_if,self_attn.v_proj,0.1,0.5242447893318012,opd,True,True,False,False,0.5242447893318012,0.1001221153105884,0.4241226740212128,"{""offkd"": 0.0506817012360265, ""opd"": 0.5242447893318012, ""seqkd"": 0.0168680460593044, ""sft"": 0.1001221153105884}"
uncentered_stable_rank,formal_rr2s_llama_state_spectrum,RR2S_llama_state_spectrum_module.csv,stable_rank_contraction,max_is_deepest,all,llama,20,E_math,mlp.down_proj,0.01,0.8297165543936185,opd,True,True,False,False,0.8297165543936185,0.3434556750021293,0.48626087939148915,"{""offkd"": 0.2069054534416636, ""opd"": 0.8297165543936185, ""seqkd"": 0.1766571742089286, ""sft"": 0.3434556750021293}"
uncentered_stable_rank,formal_rr2s_llama_state_spectrum,RR2S_llama_state_spectrum_module.csv,stable_rank_contraction,max_is_deepest,all,llama,20,E_math,mlp.down_proj,0.025,0.8297165543936185,opd,True,True,False,False,0.8297165543936185,0.3434556750021293,0.48626087939148915,"{""offkd"": 0.2069054534416636, ""opd"": 0.8297165543936185, ""seqkd"": 0.1766571742089286, ""sft"": 0.3434556750021293}"
uncentered_stable_rank,formal_rr2s_llama_state_spectrum,RR2S_llama_state_spectrum_module.csv,stable_rank_contraction,max_is_deepest,all,llama,20,E_math,mlp.down_proj,0.05,0.8297165543936185,opd,True,True,False,False,0.8297165543936185,0.3434556750021293,0.48626087939148915,"{""offkd"": 0.2069054534416636, ""opd"": 0.8297165543936185, ""seqkd"": 0.1766571742089286, ""sft"": 0.3434556750021293}"
uncentered_stable_rank,formal_rr2s_llama_state_spectrum,RR2S_llama_state_spectrum_module.csv,stable_rank_contraction,max_is_deepest,all,llama,20,E_math,mlp.down_proj,0.1,0.8297165543936185,opd,True,True,False,False,0.8297165543936185,0.3434556750021293,0.48626087939148915,"{""offkd"": 0.2069054534416636, ""opd"": 0.8297165543936185, ""seqkd"": 0.1766571742089286, ""sft"": 0.3434556750021293}"
uncentered_stable_rank,formal_rr2s_llama_state_spectrum,RR2S_llama_state_spectrum_module.csv,stable_rank_contraction,max_is_deepest,all,llama,20,E_math,mlp.gate_proj,0.01,0.0136395859411337,opd,True,True,False,False,0.0136395859411337,0.0022444912802039,0.0113950946609298,"{""offkd"": 0.0022444912802039, ""opd"": 0.0136395859411337, ""seqkd"": 0.0020883515128156, ""sft"": 0.0018540721521822}"
uncentered_stable_rank,formal_rr2s_llama_state_spectrum,RR2S_llama_state_spectrum_module.csv,stable_rank_contraction,max_is_deepest,all,llama,20,E_math,mlp.gate_proj,0.025,0.0136395859411337,opd,True,True,False,False,0.0136395859411337,0.0022444912802039,0.0113950946609298,"{""offkd"": 0.0022444912802039, ""opd"": 0.0136395859411337, ""seqkd"": 0.0020883515128156, ""sft"": 0.0018540721521822}"
uncentered_stable_rank,formal_rr2s_llama_state_spectrum,RR2S_llama_state_spectrum_module.csv,stable_rank_contraction,max_is_deepest,all,llama,20,E_math,mlp.gate_proj,0.05,0.0136395859411337,opd,True,True,False,False,0.0136395859411337,0.0022444912802039,0.0113950946609298,"{""offkd"": 0.0022444912802039, ""opd"": 0.0136395859411337, ""seqkd"": 0.0020883515128156, ""sft"": 0.0018540721521822}"
uncentered_stable_rank,formal_rr2s_llama_state_spectrum,RR2S_llama_state_spectrum_module.csv,stable_rank_contraction,max_is_deepest,all,llama,20,E_math,mlp.gate_proj,0.1,0.0136395859411337,opd,True,True,False,False,0.0136395859411337,0.0022444912802039,0.0113950946609298,"{""offkd"": 0.0022444912802039, ""opd"": 0.0136395859411337, ""seqkd"": 0.0020883515128156, ""sft"": 0.0018540721521822}"
uncentered_stable_rank,formal_rr2s_llama_state_spectrum,RR2S_llama_state_spectrum_module.csv,stable_rank_contraction,max_is_deepest,all,llama,20,E_math,mlp.up_proj,0.01,0.1544536946534851,opd,True,True,False,False,0.1544536946534851,0.0358824210142749,0.1185712736392102,"{""offkd"": 0.029806001330769, ""opd"": 0.1544536946534851, ""seqkd"": 0.0181114598762675, ""sft"": 0.0358824210142749}"
uncentered_stable_rank,formal_rr2s_llama_state_spectrum,RR2S_llama_state_spectrum_module.csv,stable_rank_contraction,max_is_deepest,all,llama,20,E_math,mlp.up_proj,0.025,0.1544536946534851,opd,True,True,False,False,0.1544536946534851,0.0358824210142749,0.1185712736392102,"{""offkd"": 0.029806001330769, ""opd"": 0.1544536946534851, ""seqkd"": 0.0181114598762675, ""sft"": 0.0358824210142749}"
uncentered_stable_rank,formal_rr2s_llama_state_spectrum,RR2S_llama_state_spectrum_module.csv,stable_rank_contraction,max_is_deepest,all,llama,20,E_math,mlp.up_proj,0.05,0.1544536946534851,opd,True,True,False,False,0.1544536946534851,0.0358824210142749,0.1185712736392102,"{""offkd"": 0.029806001330769, ""opd"": 0.1544536946534851, ""seqkd"": 0.0181114598762675, ""sft"": 0.0358824210142749}"
uncentered_stable_rank,formal_rr2s_llama_state_spectrum,RR2S_llama_state_spectrum_module.csv,stable_rank_contraction,max_is_deepest,all,llama,20,E_math,mlp.up_proj,0.1,0.1544536946534851,opd,True,True,False,False,0.1544536946534851,0.0358824210142749,0.1185712736392102,"{""offkd"": 0.029806001330769, ""opd"": 0.1544536946534851, ""seqkd"": 0.0181114598762675, ""sft"": 0.0358824210142749}"
uncentered_stable_rank,formal_rr2s_llama_state_spectrum,RR2S_llama_state_spectrum_module.csv,stable_rank_contraction,max_is_deepest,all,llama,20,E_math,self_attn.k_proj,0.01,0.0081969800630938,opd,True,True,False,False,0.0081969800630938,-0.0062274160429691,0.0144243961060629,"{""offkd"": -0.0068119835917619, ""opd"": 0.0081969800630938, ""seqkd"": -0.0062274160429691, ""sft"": -0.0110127022893307}"
uncentered_stable_rank,formal_rr2s_llama_state_spectrum,RR2S_llama_state_spectrum_module.csv,stable_rank_contraction,max_is_deepest,all,llama,20,E_math,self_attn.k_proj,0.025,0.0081969800630938,opd,True,True,False,False,0.0081969800630938,-0.0062274160429691,0.0144243961060629,"{""offkd"": -0.0068119835917619, ""opd"": 0.0081969800630938, ""seqkd"": -0.0062274160429691, ""sft"": -0.0110127022893307}"
uncentered_stable_rank,formal_rr2s_llama_state_spectrum,RR2S_llama_state_spectrum_module.csv,stable_rank_contraction,max_is_deepest,all,llama,20,E_math,self_attn.k_proj,0.05,0.0081969800630938,opd,True,True,False,False,0.0081969800630938,-0.0062274160429691,0.0144243961060629,"{""offkd"": -0.0068119835917619, ""opd"": 0.0081969800630938, ""seqkd"": -0.0062274160429691, ""sft"": -0.0110127022893307}"
uncentered_stable_rank,formal_rr2s_llama_state_spectrum,RR2S_llama_state_spectrum_module.csv,stable_rank_contraction,max_is_deepest,all,llama,20,E_math,self_attn.k_proj,0.1,0.0081969800630938,opd,True,True,False,False,0.0081969800630938,-0.0062274160429691,0.0144243961060629,"{""offkd"": -0.0068119835917619, ""opd"": 0.0081969800630938, ""seqkd"": -0.0062274160429691, ""sft"": -0.0110127022893307}"
uncentered_stable_rank,formal_rr2s_llama_state_spectrum,RR2S_llama_state_spectrum_module.csv,stable_rank_contraction,max_is_deepest,all,llama,20,E_math,self_attn.o_proj,0.01,1.1846728005545852,opd,True,True,False,False,1.1846728005545852,0.2467653804184415,0.9379074201361437,"{""offkd"": -0.0242828588028185, ""opd"": 1.1846728005545852, ""seqkd"": -0.081638941676136, ""sft"": 0.2467653804184415}"
uncentered_stable_rank,formal_rr2s_llama_state_spectrum,RR2S_llama_state_spectrum_module.csv,stable_rank_contraction,max_is_deepest,all,llama,20,E_math,self_attn.o_proj,0.025,1.1846728005545852,opd,True,True,False,False,1.1846728005545852,0.2467653804184415,0.9379074201361437,"{""offkd"": -0.0242828588028185, ""opd"": 1.1846728005545852, ""seqkd"": -0.081638941676136, ""sft"": 0.2467653804184415}"
uncentered_stable_rank,formal_rr2s_llama_state_spectrum,RR2S_llama_state_spectrum_module.csv,stable_rank_contraction,max_is_deepest,all,llama,20,E_math,self_attn.o_proj,0.05,1.1846728005545852,opd,True,True,False,False,1.1846728005545852,0.2467653804184415,0.9379074201361437,"{""offkd"": -0.0242828588028185, ""opd"": 1.1846728005545852, ""seqkd"": -0.081638941676136, ""sft"": 0.2467653804184415}"
uncentered_stable_rank,formal_rr2s_llama_state_spectrum,RR2S_llama_state_spectrum_module.csv,stable_rank_contraction,max_is_deepest,all,llama,20,E_math,self_attn.o_proj,0.1,1.1846728005545852,opd,True,True,False,False,1.1846728005545852,0.2467653804184415,0.9379074201361437,"{""offkd"": -0.0242828588028185, ""opd"": 1.1846728005545852, ""seqkd"": -0.081638941676136, ""sft"": 0.2467653804184415}"
uncentered_stable_rank,formal_rr2s_llama_state_spectrum,RR2S_llama_state_spectrum_module.csv,stable_rank_contraction,max_is_deepest,all,llama,20,E_math,self_attn.q_proj,0.01,0.0079707551870731,opd,True,True,False,False,0.0079707551870731,0.0022147584713263,0.0057559967157468,"{""offkd"": 0.0011025878942962, ""opd"": 0.0079707551870731, ""seqkd"": 0.0022147584713263, ""sft"": -0.0010441478607989}"
uncentered_stable_rank,formal_rr2s_llama_state_spectrum,RR2S_llama_state_spectrum_module.csv,stable_rank_contraction,max_is_deepest,all,llama,20,E_math,self_attn.q_proj,0.025,0.0079707551870731,opd,True,True,False,False,0.0079707551870731,0.0022147584713263,0.0057559967157468,"{""offkd"": 0.0011025878942962, ""opd"": 0.0079707551870731, ""seqkd"": 0.0022147584713263, ""sft"": -0.0010441478607989}"
uncentered_stable_rank,formal_rr2s_llama_state_spectrum,RR2S_llama_state_spectrum_module.csv,stable_rank_contraction,max_is_deepest,all,llama,20,E_math,self_attn.q_proj,0.05,0.0079707551870731,opd,True,True,False,False,0.0079707551870731,0.0022147584713263,0.0057559967157468,"{""offkd"": 0.0011025878942962, ""opd"": 0.0079707551870731, ""seqkd"": 0.0022147584713263, ""sft"": -0.0010441478607989}"
uncentered_stable_rank,formal_rr2s_llama_state_spectrum,RR2S_llama_state_spectrum_module.csv,stable_rank_contraction,max_is_deepest,all,llama,20,E_math,self_attn.q_proj,0.1,0.0079707551870731,opd,True,True,False,False,0.0079707551870731,0.0022147584713263,0.0057559967157468,"{""offkd"": 0.0011025878942962, ""opd"": 0.0079707551870731, ""seqkd"": 0.0022147584713263, ""sft"": -0.0010441478607989}"
uncentered_stable_rank,formal_rr2s_llama_state_spectrum,RR2S_llama_state_spectrum_module.csv,stable_rank_contraction,max_is_deepest,all,llama,20,E_math,self_attn.v_proj,0.01,0.7991402369750471,opd,True,True,False,False,0.7991402369750471,0.23162091578269,0.567519321192357,"{""offkd"": -0.078596782118824, ""opd"": 0.7991402369750471, ""seqkd"": -0.1313006207066553, ""sft"": 0.23162091578269}"
uncentered_stable_rank,formal_rr2s_llama_state_spectrum,RR2S_llama_state_spectrum_module.csv,stable_rank_contraction,max_is_deepest,all,llama,20,E_math,self_attn.v_proj,0.025,0.7991402369750471,opd,True,True,False,False,0.7991402369750471,0.23162091578269,0.567519321192357,"{""offkd"": -0.078596782118824, ""opd"": 0.7991402369750471, ""seqkd"": -0.1313006207066553, ""sft"": 0.23162091578269}"
uncentered_stable_rank,formal_rr2s_llama_state_spectrum,RR2S_llama_state_spectrum_module.csv,stable_rank_contraction,max_is_deepest,all,llama,20,E_math,self_attn.v_proj,0.05,0.7991402369750471,opd,True,True,False,False,0.7991402369750471,0.23162091578269,0.567519321192357,"{""offkd"": -0.078596782118824, ""opd"": 0.7991402369750471, ""seqkd"": -0.1313006207066553, ""sft"": 0.23162091578269}"
uncentered_stable_rank,formal_rr2s_llama_state_spectrum,RR2S_llama_state_spectrum_module.csv,stable_rank_contraction,max_is_deepest,all,llama,20,E_math,self_attn.v_proj,0.1,0.7991402369750471,opd,True,True,False,False,0.7991402369750471,0.23162091578269,0.567519321192357,"{""offkd"": -0.078596782118824, ""opd"": 0.7991402369750471, ""seqkd"": -0.1313006207066553, ""sft"": 0.23162091578269}"
uncentered_stable_rank,formal_rr2s_llama_state_spectrum,RR2S_llama_state_spectrum_module.csv,stable_rank_contraction,max_is_deepest,all,llama,20,E_ood,mlp.down_proj,0.01,1.1484513707790764,opd,True,True,False,False,1.1484513707790764,0.4755350140078427,0.6729163567712337,"{""offkd"": 0.314109519191506, ""opd"": 1.1484513707790764, ""seqkd"": 0.2079007461594209, ""sft"": 0.4755350140078427}"
uncentered_stable_rank,formal_rr2s_llama_state_spectrum,RR2S_llama_state_spectrum_module.csv,stable_rank_contraction,max_is_deepest,all,llama,20,E_ood,mlp.down_proj,0.025,1.1484513707790764,opd,True,True,False,False,1.1484513707790764,0.4755350140078427,0.6729163567712337,"{""offkd"": 0.314109519191506, ""opd"": 1.1484513707790764, ""seqkd"": 0.2079007461594209, ""sft"": 0.4755350140078427}"
uncentered_stable_rank,formal_rr2s_llama_state_spectrum,RR2S_llama_state_spectrum_module.csv,stable_rank_contraction,max_is_deepest,all,llama,20,E_ood,mlp.down_proj,0.05,1.1484513707790764,opd,True,True,False,False,1.1484513707790764,0.4755350140078427,0.6729163567712337,"{""offkd"": 0.314109519191506, ""opd"": 1.1484513707790764, ""seqkd"": 0.2079007461594209, ""sft"": 0.4755350140078427}"
uncentered_stable_rank,formal_rr2s_llama_state_spectrum,RR2S_llama_state_spectrum_module.csv,stable_rank_contraction,max_is_deepest,all,llama,20,E_ood,mlp.down_proj,0.1,1.1484513707790764,opd,True,True,False,False,1.1484513707790764,0.4755350140078427,0.6729163567712337,"{""offkd"": 0.314109519191506, ""opd"": 1.1484513707790764, ""seqkd"": 0.2079007461594209, ""sft"": 0.4755350140078427}"
uncentered_stable_rank,formal_rr2s_llama_state_spectrum,RR2S_llama_state_spectrum_module.csv,stable_rank_contraction,max_is_deepest,all,llama,20,E_ood,mlp.gate_proj,0.01,0.0119829624376881,opd,True,True,False,False,0.0119829624376881,0.0012541928959062,0.010728769541781901,"{""offkd"": 0.0012541928959062, ""opd"": 0.0119829624376881, ""seqkd"": 0.0010215804330033, ""sft"": 0.000926549423911}"
uncentered_stable_rank,formal_rr2s_llama_state_spectrum,RR2S_llama_state_spectrum_module.csv,stable_rank_contraction,max_is_deepest,all,llama,20,E_ood,mlp.gate_proj,0.025,0.0119829624376881,opd,True,True,False,False,0.0119829624376881,0.0012541928959062,0.010728769541781901,"{""offkd"": 0.0012541928959062, ""opd"": 0.0119829624376881, ""seqkd"": 0.0010215804330033, ""sft"": 0.000926549423911}"
uncentered_stable_rank,formal_rr2s_llama_state_spectrum,RR2S_llama_state_spectrum_module.csv,stable_rank_contraction,max_is_deepest,all,llama,20,E_ood,mlp.gate_proj,0.05,0.0119829624376881,opd,True,True,False,False,0.0119829624376881,0.0012541928959062,0.010728769541781901,"{""offkd"": 0.0012541928959062, ""opd"": 0.0119829624376881, ""seqkd"": 0.0010215804330033, ""sft"": 0.000926549423911}"
uncentered_stable_rank,formal_rr2s_llama_state_spectrum,RR2S_llama_state_spectrum_module.csv,stable_rank_contraction,max_is_deepest,all,llama,20,E_ood,mlp.gate_proj,0.1,0.0119829624376881,opd,True,True,False,False,0.0119829624376881,0.0012541928959062,0.010728769541781901,"{""offkd"": 0.0012541928959062, ""opd"": 0.0119829624376881, ""seqkd"": 0.0010215804330033, ""sft"": 0.000926549423911}"
uncentered_stable_rank,formal_rr2s_llama_state_spectrum,RR2S_llama_state_spectrum_module.csv,stable_rank_contraction,max_is_deepest,all,llama,20,E_ood,mlp.up_proj,0.01,0.2433818988097913,opd,True,True,False,False,0.2433818988097913,0.0447242653082575,0.19865763350153381,"{""offkd"": 0.0447242653082575, ""opd"": 0.2433818988097913, ""seqkd"": 0.0347724832413085, ""sft"": 0.022928456454351}"
uncentered_stable_rank,formal_rr2s_llama_state_spectrum,RR2S_llama_state_spectrum_module.csv,stable_rank_contraction,max_is_deepest,all,llama,20,E_ood,mlp.up_proj,0.025,0.2433818988097913,opd,True,True,False,False,0.2433818988097913,0.0447242653082575,0.19865763350153381,"{""offkd"": 0.0447242653082575, ""opd"": 0.2433818988097913, ""seqkd"": 0.0347724832413085, ""sft"": 0.022928456454351}"
uncentered_stable_rank,formal_rr2s_llama_state_spectrum,RR2S_llama_state_spectrum_module.csv,stable_rank_contraction,max_is_deepest,all,llama,20,E_ood,mlp.up_proj,0.05,0.2433818988097913,opd,True,True,False,False,0.2433818988097913,0.0447242653082575,0.19865763350153381,"{""offkd"": 0.0447242653082575, ""opd"": 0.2433818988097913, ""seqkd"": 0.0347724832413085, ""sft"": 0.022928456454351}"
uncentered_stable_rank,formal_rr2s_llama_state_spectrum,RR2S_llama_state_spectrum_module.csv,stable_rank_contraction,max_is_deepest,all,llama,20,E_ood,mlp.up_proj,0.1,0.2433818988097913,opd,True,True,False,False,0.2433818988097913,0.0447242653082575,0.19865763350153381,"{""offkd"": 0.0447242653082575, ""opd"": 0.2433818988097913, ""seqkd"": 0.0347724832413085, ""sft"": 0.022928456454351}"
uncentered_stable_rank,formal_rr2s_llama_state_spectrum,RR2S_llama_state_spectrum_module.csv,stable_rank_contraction,max_is_deepest,all,llama,20,E_ood,self_attn.k_proj,0.01,0.0034576781746162,opd,True,True,False,False,0.0034576781746162,-0.0022361944648232,0.0056938726394394,"{""offkd"": -0.0022361944648232, ""opd"": 0.0034576781746162, ""seqkd"": -0.002851138352204, ""sft"": -0.0155837030159404}"
uncentered_stable_rank,formal_rr2s_llama_state_spectrum,RR2S_llama_state_spectrum_module.csv,stable_rank_contraction,max_is_deepest,all,llama,20,E_ood,self_attn.k_proj,0.025,0.0034576781746162,opd,True,True,False,False,0.0034576781746162,-0.0022361944648232,0.0056938726394394,"{""offkd"": -0.0022361944648232, ""opd"": 0.0034576781746162, ""seqkd"": -0.002851138352204, ""sft"": -0.0155837030159404}"
uncentered_stable_rank,formal_rr2s_llama_state_spectrum,RR2S_llama_state_spectrum_module.csv,stable_rank_contraction,max_is_deepest,all,llama,20,E_ood,self_attn.k_proj,0.05,0.0034576781746162,opd,True,True,False,False,0.0034576781746162,-0.0022361944648232,0.0056938726394394,"{""offkd"": -0.0022361944648232, ""opd"": 0.0034576781746162, ""seqkd"": -0.002851138352204, ""sft"": -0.0155837030159404}"
uncentered_stable_rank,formal_rr2s_llama_state_spectrum,RR2S_llama_state_spectrum_module.csv,stable_rank_contraction,max_is_deepest,all,llama,20,E_ood,self_attn.k_proj,0.1,0.0034576781746162,opd,True,True,False,False,0.0034576781746162,-0.0022361944648232,0.0056938726394394,"{""offkd"": -0.0022361944648232, ""opd"": 0.0034576781746162, ""seqkd"": -0.002851138352204, ""sft"": -0.0155837030159404}"
uncentered_stable_rank,formal_rr2s_llama_state_spectrum,RR2S_llama_state_spectrum_module.csv,stable_rank_contraction,max_is_deepest,all,llama,20,E_ood,self_attn.o_proj,0.01,0.5327110978172414,opd,True,True,False,False,0.5327110978172414,-0.0452332292696464,0.5779443270868878,"{""offkd"": -0.1545539112120408, ""opd"": 0.5327110978172414, ""seqkd"": -0.0452332292696464, ""sft"": -0.1220722071291806}"
uncentered_stable_rank,formal_rr2s_llama_state_spectrum,RR2S_llama_state_spectrum_module.csv,stable_rank_contraction,max_is_deepest,all,llama,20,E_ood,self_attn.o_proj,0.025,0.5327110978172414,opd,True,True,False,False,0.5327110978172414,-0.0452332292696464,0.5779443270868878,"{""offkd"": -0.1545539112120408, ""opd"": 0.5327110978172414, ""seqkd"": -0.0452332292696464, ""sft"": -0.1220722071291806}"
uncentered_stable_rank,formal_rr2s_llama_state_spectrum,RR2S_llama_state_spectrum_module.csv,stable_rank_contraction,max_is_deepest,all,llama,20,E_ood,self_attn.o_proj,0.05,0.5327110978172414,opd,True,True,False,False,0.5327110978172414,-0.0452332292696464,0.5779443270868878,"{""offkd"": -0.1545539112120408, ""opd"": 0.5327110978172414, ""seqkd"": -0.0452332292696464, ""sft"": -0.1220722071291806}"
uncentered_stable_rank,formal_rr2s_llama_state_spectrum,RR2S_llama_state_spectrum_module.csv,stable_rank_contraction,max_is_deepest,all,llama,20,E_ood,self_attn.o_proj,0.1,0.5327110978172414,opd,True,True,False,False,0.5327110978172414,-0.0452332292696464,0.5779443270868878,"{""offkd"": -0.1545539112120408, ""opd"": 0.5327110978172414, ""seqkd"": -0.0452332292696464, ""sft"": -0.1220722071291806}"
uncentered_stable_rank,formal_rr2s_llama_state_spectrum,RR2S_llama_state_spectrum_module.csv,stable_rank_contraction,max_is_deepest,all,llama,20,E_ood,self_attn.q_proj,0.01,0.0057111671217069,opd,True,True,False,False,0.0057111671217069,0.002539747480202,0.0031714196415049004,"{""offkd"": 0.0019397887796961, ""opd"": 0.0057111671217069, ""seqkd"": 0.002539747480202, ""sft"": -0.0090929765714671}"
uncentered_stable_rank,formal_rr2s_llama_state_spectrum,RR2S_llama_state_spectrum_module.csv,stable_rank_contraction,max_is_deepest,all,llama,20,E_ood,self_attn.q_proj,0.025,0.0057111671217069,opd,True,True,False,False,0.0057111671217069,0.002539747480202,0.0031714196415049004,"{""offkd"": 0.0019397887796961, ""opd"": 0.0057111671217069, ""seqkd"": 0.002539747480202, ""sft"": -0.0090929765714671}"
uncentered_stable_rank,formal_rr2s_llama_state_spectrum,RR2S_llama_state_spectrum_module.csv,stable_rank_contraction,max_is_deepest,all,llama,20,E_ood,self_attn.q_proj,0.05,0.0057111671217069,opd,True,True,False,False,0.0057111671217069,0.002539747480202,0.0031714196415049004,"{""offkd"": 0.0019397887796961, ""opd"": 0.0057111671217069, ""seqkd"": 0.002539747480202, ""sft"": -0.0090929765714671}"
uncentered_stable_rank,formal_rr2s_llama_state_spectrum,RR2S_llama_state_spectrum_module.csv,stable_rank_contraction,max_is_deepest,all,llama,20,E_ood,self_attn.q_proj,0.1,0.0057111671217069,opd,True,True,False,False,0.0057111671217069,0.002539747480202,0.0031714196415049004,"{""offkd"": 0.0019397887796961, ""opd"": 0.0057111671217069, ""seqkd"": 0.002539747480202, ""sft"": -0.0090929765714671}"
uncentered_stable_rank,formal_rr2s_llama_state_spectrum,RR2S_llama_state_spectrum_module.csv,stable_rank_contraction,max_is_deepest,all,llama,20,E_ood,self_attn.v_proj,0.01,0.7635058572289406,opd,True,True,False,False,0.7635058572289406,0.2014462179568745,0.562059639272066,"{""offkd"": 0.0698212307400858, ""opd"": 0.7635058572289406, ""seqkd"": 0.011142980004271, ""sft"": 0.2014462179568745}"
uncentered_stable_rank,formal_rr2s_llama_state_spectrum,RR2S_llama_state_spectrum_module.csv,stable_rank_contraction,max_is_deepest,all,llama,20,E_ood,self_attn.v_proj,0.025,0.7635058572289406,opd,True,True,False,False,0.7635058572289406,0.2014462179568745,0.562059639272066,"{""offkd"": 0.0698212307400858, ""opd"": 0.7635058572289406, ""seqkd"": 0.011142980004271, ""sft"": 0.2014462179568745}"
uncentered_stable_rank,formal_rr2s_llama_state_spectrum,RR2S_llama_state_spectrum_module.csv,stable_rank_contraction,max_is_deepest,all,llama,20,E_ood,self_attn.v_proj,0.05,0.7635058572289406,opd,True,True,False,False,0.7635058572289406,0.2014462179568745,0.562059639272066,"{""offkd"": 0.0698212307400858, ""opd"": 0.7635058572289406, ""seqkd"": 0.011142980004271, ""sft"": 0.2014462179568745}"
uncentered_stable_rank,formal_rr2s_llama_state_spectrum,RR2S_llama_state_spectrum_module.csv,stable_rank_contraction,max_is_deepest,all,llama,20,E_ood,self_attn.v_proj,0.1,0.7635058572289406,opd,True,True,False,False,0.7635058572289406,0.2014462179568745,0.562059639272066,"{""offkd"": 0.0698212307400858, ""opd"": 0.7635058572289406, ""seqkd"": 0.011142980004271, ""sft"": 0.2014462179568745}"
uncentered_stable_rank,formal_rr2s_llama_state_spectrum,RR2S_llama_state_spectrum_module.csv,stable_rank_contraction,max_is_deepest,all,llama,40,E_general,mlp.down_proj,0.01,0.9629564842935548,opd,True,True,False,False,0.9629564842935548,0.7885280614032624,0.17442842289029248,"{""offkd"": 0.205430991056593, ""opd"": 0.9629564842935548, ""seqkd"": -0.0307641959598754, ""sft"": 0.7885280614032624}"
uncentered_stable_rank,formal_rr2s_llama_state_spectrum,RR2S_llama_state_spectrum_module.csv,stable_rank_contraction,max_is_deepest,all,llama,40,E_general,mlp.down_proj,0.025,0.9629564842935548,opd,True,True,False,False,0.9629564842935548,0.7885280614032624,0.17442842289029248,"{""offkd"": 0.205430991056593, ""opd"": 0.9629564842935548, ""seqkd"": -0.0307641959598754, ""sft"": 0.7885280614032624}"
uncentered_stable_rank,formal_rr2s_llama_state_spectrum,RR2S_llama_state_spectrum_module.csv,stable_rank_contraction,max_is_deepest,all,llama,40,E_general,mlp.down_proj,0.05,0.9629564842935548,opd,True,True,False,False,0.9629564842935548,0.7885280614032624,0.17442842289029248,"{""offkd"": 0.205430991056593, ""opd"": 0.9629564842935548, ""seqkd"": -0.0307641959598754, ""sft"": 0.7885280614032624}"
uncentered_stable_rank,formal_rr2s_llama_state_spectrum,RR2S_llama_state_spectrum_module.csv,stable_rank_contraction,max_is_deepest,all,llama,40,E_general,mlp.down_proj,0.1,0.9629564842935548,opd,True,True,False,False,0.9629564842935548,0.7885280614032624,0.17442842289029248,"{""offkd"": 0.205430991056593, ""opd"": 0.9629564842935548, ""seqkd"": -0.0307641959598754, ""sft"": 0.7885280614032624}"
uncentered_stable_rank,formal_rr2s_llama_state_spectrum,RR2S_llama_state_spectrum_module.csv,stable_rank_contraction,max_is_deepest,all,llama,40,E_general,mlp.gate_proj,0.01,0.004735874960291,opd,True,True,False,False,0.004735874960291,0.0031657745833468,0.0015701003769441999,"{""offkd"": 0.0031657745833468, ""opd"": 0.004735874960291, ""seqkd"": 0.0025844904985243, ""sft"": 0.0011487773081293}"
uncentered_stable_rank,formal_rr2s_llama_state_spectrum,RR2S_llama_state_spectrum_module.csv,stable_rank_contraction,max_is_deepest,all,llama,40,E_general,mlp.gate_proj,0.025,0.004735874960291,opd,True,True,False,False,0.004735874960291,0.0031657745833468,0.0015701003769441999,"{""offkd"": 0.0031657745833468, ""opd"": 0.004735874960291, ""seqkd"": 0.0025844904985243, ""sft"": 0.0011487773081293}"
uncentered_stable_rank,formal_rr2s_llama_state_spectrum,RR2S_llama_state_spectrum_module.csv,stable_rank_contraction,max_is_deepest,all,llama,40,E_general,mlp.gate_proj,0.05,0.004735874960291,opd,True,True,False,False,0.004735874960291,0.0031657745833468,0.0015701003769441999,"{""offkd"": 0.0031657745833468, ""opd"": 0.004735874960291, ""seqkd"": 0.0025844904985243, ""sft"": 0.0011487773081293}"
uncentered_stable_rank,formal_rr2s_llama_state_spectrum,RR2S_llama_state_spectrum_module.csv,stable_rank_contraction,max_is_deepest,all,llama,40,E_general,mlp.gate_proj,0.1,0.004735874960291,opd,True,True,False,False,0.004735874960291,0.0031657745833468,0.0015701003769441999,"{""offkd"": 0.0031657745833468, ""opd"": 0.004735874960291, ""seqkd"": 0.0025844904985243, ""sft"": 0.0011487773081293}"
uncentered_stable_rank,formal_rr2s_llama_state_spectrum,RR2S_llama_state_spectrum_module.csv,stable_rank_contraction,max_is_deepest,all,llama,40,E_general,mlp.up_proj,0.01,0.2204031304427616,opd,True,True,False,False,0.2204031304427616,0.0653807413023601,0.1550223891404015,"{""offkd"": 0.0439912236206394, ""opd"": 0.2204031304427616, ""seqkd"": 0.004229209204583, ""sft"": 0.0653807413023601}"
uncentered_stable_rank,formal_rr2s_llama_state_spectrum,RR2S_llama_state_spectrum_module.csv,stable_rank_contraction,max_is_deepest,all,llama,40,E_general,mlp.up_proj,0.025,0.2204031304427616,opd,True,True,False,False,0.2204031304427616,0.0653807413023601,0.1550223891404015,"{""offkd"": 0.0439912236206394, ""opd"": 0.2204031304427616, ""seqkd"": 0.004229209204583, ""sft"": 0.0653807413023601}"
uncentered_stable_rank,formal_rr2s_llama_state_spectrum,RR2S_llama_state_spectrum_module.csv,stable_rank_contraction,max_is_deepest,all,llama,40,E_general,mlp.up_proj,0.05,0.2204031304427616,opd,True,True,False,False,0.2204031304427616,0.0653807413023601,0.1550223891404015,"{""offkd"": 0.0439912236206394, ""opd"": 0.2204031304427616, ""seqkd"": 0.004229209204583, ""sft"": 0.0653807413023601}"
uncentered_stable_rank,formal_rr2s_llama_state_spectrum,RR2S_llama_state_spectrum_module.csv,stable_rank_contraction,max_is_deepest,all,llama,40,E_general,mlp.up_proj,0.1,0.2204031304427616,opd,True,True,False,False,0.2204031304427616,0.0653807413023601,0.1550223891404015,"{""offkd"": 0.0439912236206394, ""opd"": 0.2204031304427616, ""seqkd"": 0.004229209204583, ""sft"": 0.0653807413023601}"
uncentered_stable_rank,formal_rr2s_llama_state_spectrum,RR2S_llama_state_spectrum_module.csv,stable_rank_contraction,max_is_deepest,all,llama,40,E_general,self_attn.k_proj,0.01,0.0051233156081316,opd,True,True,False,False,0.0051233156081316,-0.0038113985452981,0.0089347141534297,"{""offkd"": -0.0038113985452981, ""opd"": 0.0051233156081316, ""seqkd"": -0.0047329895505394, ""sft"": -0.013847578028677}"
uncentered_stable_rank,formal_rr2s_llama_state_spectrum,RR2S_llama_state_spectrum_module.csv,stable_rank_contraction,max_is_deepest,all,llama,40,E_general,self_attn.k_proj,0.025,0.0051233156081316,opd,True,True,False,False,0.0051233156081316,-0.0038113985452981,0.0089347141534297,"{""offkd"": -0.0038113985452981, ""opd"": 0.0051233156081316, ""seqkd"": -0.0047329895505394, ""sft"": -0.013847578028677}"
uncentered_stable_rank,formal_rr2s_llama_state_spectrum,RR2S_llama_state_spectrum_module.csv,stable_rank_contraction,max_is_deepest,all,llama,40,E_general,self_attn.k_proj,0.05,0.0051233156081316,opd,True,True,False,False,0.0051233156081316,-0.0038113985452981,0.0089347141534297,"{""offkd"": -0.0038113985452981, ""opd"": 0.0051233156081316, ""seqkd"": -0.0047329895505394, ""sft"": -0.013847578028677}"
uncentered_stable_rank,formal_rr2s_llama_state_spectrum,RR2S_llama_state_spectrum_module.csv,stable_rank_contraction,max_is_deepest,all,llama,40,E_general,self_attn.k_proj,0.1,0.0051233156081316,opd,True,True,False,False,0.0051233156081316,-0.0038113985452981,0.0089347141534297,"{""offkd"": -0.0038113985452981, ""opd"": 0.0051233156081316, ""seqkd"": -0.0047329895505394, ""sft"": -0.013847578028677}"
uncentered_stable_rank,formal_rr2s_llama_state_spectrum,RR2S_llama_state_spectrum_module.csv,stable_rank_contraction,max_is_deepest,all,llama,40,E_general,self_attn.o_proj,0.01,1.320053561431738,opd,True,True,False,False,1.320053561431738,0.4157618018452975,0.9042917595864404,"{""offkd"": 0.1706345898829262, ""opd"": 1.320053561431738, ""seqkd"": 0.0107116855931614, ""sft"": 0.4157618018452975}"
uncentered_stable_rank,formal_rr2s_llama_state_spectrum,RR2S_llama_state_spectrum_module.csv,stable_rank_contraction,max_is_deepest,all,llama,40,E_general,self_attn.o_proj,0.025,1.320053561431738,opd,True,True,False,False,1.320053561431738,0.4157618018452975,0.9042917595864404,"{""offkd"": 0.1706345898829262, ""opd"": 1.320053561431738, ""seqkd"": 0.0107116855931614, ""sft"": 0.4157618018452975}"
uncentered_stable_rank,formal_rr2s_llama_state_spectrum,RR2S_llama_state_spectrum_module.csv,stable_rank_contraction,max_is_deepest,all,llama,40,E_general,self_attn.o_proj,0.05,1.320053561431738,opd,True,True,False,False,1.320053561431738,0.4157618018452975,0.9042917595864404,"{""offkd"": 0.1706345898829262, ""opd"": 1.320053561431738, ""seqkd"": 0.0107116855931614, ""sft"": 0.4157618018452975}"
uncentered_stable_rank,formal_rr2s_llama_state_spectrum,RR2S_llama_state_spectrum_module.csv,stable_rank_contraction,max_is_deepest,all,llama,40,E_general,self_attn.o_proj,0.1,1.320053561431738,opd,True,True,False,False,1.320053561431738,0.4157618018452975,0.9042917595864404,"{""offkd"": 0.1706345898829262, ""opd"": 1.320053561431738, ""seqkd"": 0.0107116855931614, ""sft"": 0.4157618018452975}"
uncentered_stable_rank,formal_rr2s_llama_state_spectrum,RR2S_llama_state_spectrum_module.csv,stable_rank_contraction,max_is_deepest,all,llama,40,E_general,self_attn.q_proj,0.01,0.0026702672490912,opd,True,True,False,False,0.0026702672490912,-9.99513854651468e-05,0.0027702186345563468,"{""offkd"": -9.99513854651468e-05, ""opd"": 0.0026702672490912, ""seqkd"": -0.0002164317041764, ""sft"": -0.0045538543158023}"
uncentered_stable_rank,formal_rr2s_llama_state_spectrum,RR2S_llama_state_spectrum_module.csv,stable_rank_contraction,max_is_deepest,all,llama,40,E_general,self_attn.q_proj,0.025,0.0026702672490912,opd,True,True,False,False,0.0026702672490912,-9.99513854651468e-05,0.0027702186345563468,"{""offkd"": -9.99513854651468e-05, ""opd"": 0.0026702672490912, ""seqkd"": -0.0002164317041764, ""sft"": -0.0045538543158023}"
uncentered_stable_rank,formal_rr2s_llama_state_spectrum,RR2S_llama_state_spectrum_module.csv,stable_rank_contraction,max_is_deepest,all,llama,40,E_general,self_attn.q_proj,0.05,0.0026702672490912,opd,True,True,False,False,0.0026702672490912,-9.99513854651468e-05,0.0027702186345563468,"{""offkd"": -9.99513854651468e-05, ""opd"": 0.0026702672490912, ""seqkd"": -0.0002164317041764, ""sft"": -0.0045538543158023}"
uncentered_stable_rank,formal_rr2s_llama_state_spectrum,RR2S_llama_state_spectrum_module.csv,stable_rank_contraction,max_is_deepest,all,llama,40,E_general,self_attn.q_proj,0.1,0.0026702672490912,opd,True,True,False,False,0.0026702672490912,-9.99513854651468e-05,0.0027702186345563468,"{""offkd"": -9.99513854651468e-05, ""opd"": 0.0026702672490912, ""seqkd"": -0.0002164317041764, ""sft"": -0.0045538543158023}"
uncentered_stable_rank,formal_rr2s_llama_state_spectrum,RR2S_llama_state_spectrum_module.csv,stable_rank_contraction,max_is_deepest,all,llama,40,E_general,self_attn.v_proj,0.01,0.7940384763775175,opd,True,True,False,False,0.7940384763775175,0.3361182051449969,0.45792027123252055,"{""offkd"": -0.0608386655727883, ""opd"": 0.7940384763775175, ""seqkd"": -0.1756713902087838, ""sft"": 0.3361182051449969}"
uncentered_stable_rank,formal_rr2s_llama_state_spectrum,RR2S_llama_state_spectrum_module.csv,stable_rank_contraction,max_is_deepest,all,llama,40,E_general,self_attn.v_proj,0.025,0.7940384763775175,opd,True,True,False,False,0.7940384763775175,0.3361182051449969,0.45792027123252055,"{""offkd"": -0.0608386655727883, ""opd"": 0.7940384763775175, ""seqkd"": -0.1756713902087838, ""sft"": 0.3361182051449969}"
uncentered_stable_rank,formal_rr2s_llama_state_spectrum,RR2S_llama_state_spectrum_module.csv,stable_rank_contraction,max_is_deepest,all,llama,40,E_general,self_attn.v_proj,0.05,0.7940384763775175,opd,True,True,False,False,0.7940384763775175,0.3361182051449969,0.45792027123252055,"{""offkd"": -0.0608386655727883, ""opd"": 0.7940384763775175, ""seqkd"": -0.1756713902087838, ""sft"": 0.3361182051449969}"
uncentered_stable_rank,formal_rr2s_llama_state_spectrum,RR2S_llama_state_spectrum_module.csv,stable_rank_contraction,max_is_deepest,all,llama,40,E_general,self_attn.v_proj,0.1,0.7940384763775175,opd,True,True,False,False,0.7940384763775175,0.3361182051449969,0.45792027123252055,"{""offkd"": -0.0608386655727883, ""opd"": 0.7940384763775175, ""seqkd"": -0.1756713902087838, ""sft"": 0.3361182051449969}"
uncentered_stable_rank,formal_rr2s_llama_state_spectrum,RR2S_llama_state_spectrum_module.csv,stable_rank_contraction,max_is_deepest,all,llama,40,E_if,mlp.down_proj,0.01,0.7070586724410912,opd,True,True,False,False,0.7070586724410912,0.3367373047552284,0.3703213676858628,"{""offkd"": -0.0285808409691128, ""opd"": 0.7070586724410912, ""seqkd"": -0.1387285054989817, ""sft"": 0.3367373047552284}"
uncentered_stable_rank,formal_rr2s_llama_state_spectrum,RR2S_llama_state_spectrum_module.csv,stable_rank_contraction,max_is_deepest,all,llama,40,E_if,mlp.down_proj,0.025,0.7070586724410912,opd,True,True,False,False,0.7070586724410912,0.3367373047552284,0.3703213676858628,"{""offkd"": -0.0285808409691128, ""opd"": 0.7070586724410912, ""seqkd"": -0.1387285054989817, ""sft"": 0.3367373047552284}"
uncentered_stable_rank,formal_rr2s_llama_state_spectrum,RR2S_llama_state_spectrum_module.csv,stable_rank_contraction,max_is_deepest,all,llama,40,E_if,mlp.down_proj,0.05,0.7070586724410912,opd,True,True,False,False,0.7070586724410912,0.3367373047552284,0.3703213676858628,"{""offkd"": -0.0285808409691128, ""opd"": 0.7070586724410912, ""seqkd"": -0.1387285054989817, ""sft"": 0.3367373047552284}"
uncentered_stable_rank,formal_rr2s_llama_state_spectrum,RR2S_llama_state_spectrum_module.csv,stable_rank_contraction,max_is_deepest,all,llama,40,E_if,mlp.down_proj,0.1,0.7070586724410912,opd,True,True,False,False,0.7070586724410912,0.3367373047552284,0.3703213676858628,"{""offkd"": -0.0285808409691128, ""opd"": 0.7070586724410912, ""seqkd"": -0.1387285054989817, ""sft"": 0.3367373047552284}"
uncentered_stable_rank,formal_rr2s_llama_state_spectrum,RR2S_llama_state_spectrum_module.csv,stable_rank_contraction,max_is_deepest,all,llama,40,E_if,mlp.gate_proj,0.01,0.0195790876261168,opd,True,True,False,False,0.0195790876261168,0.0067861187518944,0.0127929688742224,"{""offkd"": 0.0064034903396499, ""opd"": 0.0195790876261168, ""seqkd"": 0.0067861187518944, ""sft"": 0.0025613846807825}"
uncentered_stable_rank,formal_rr2s_llama_state_spectrum,RR2S_llama_state_spectrum_module.csv,stable_rank_contraction,max_is_deepest,all,llama,40,E_if,mlp.gate_proj,0.025,0.0195790876261168,opd,True,True,False,False,0.0195790876261168,0.0067861187518944,0.0127929688742224,"{""offkd"": 0.0064034903396499, ""opd"": 0.0195790876261168, ""seqkd"": 0.0067861187518944, ""sft"": 0.0025613846807825}"
uncentered_stable_rank,formal_rr2s_llama_state_spectrum,RR2S_llama_state_spectrum_module.csv,stable_rank_contraction,max_is_deepest,all,llama,40,E_if,mlp.gate_proj,0.05,0.0195790876261168,opd,True,True,False,False,0.0195790876261168,0.0067861187518944,0.0127929688742224,"{""offkd"": 0.0064034903396499, ""opd"": 0.0195790876261168, ""seqkd"": 0.0067861187518944, ""sft"": 0.0025613846807825}"
uncentered_stable_rank,formal_rr2s_llama_state_spectrum,RR2S_llama_state_spectrum_module.csv,stable_rank_contraction,max_is_deepest,all,llama,40,E_if,mlp.gate_proj,0.1,0.0195790876261168,opd,True,True,False,False,0.0195790876261168,0.0067861187518944,0.0127929688742224,"{""offkd"": 0.0064034903396499, ""opd"": 0.0195790876261168, ""seqkd"": 0.0067861187518944, ""sft"": 0.0025613846807825}"
uncentered_stable_rank,formal_rr2s_llama_state_spectrum,RR2S_llama_state_spectrum_module.csv,stable_rank_contraction,max_is_deepest,all,llama,40,E_if,mlp.up_proj,0.01,0.2249922636802299,opd,True,True,False,False,0.2249922636802299,0.0763550422138736,0.1486372214663563,"{""offkd"": 0.0763550422138736, ""opd"": 0.2249922636802299, ""seqkd"": 0.0753838420082866, ""sft"": 0.0746412309401955}"
uncentered_stable_rank,formal_rr2s_llama_state_spectrum,RR2S_llama_state_spectrum_module.csv,stable_rank_contraction,max_is_deepest,all,llama,40,E_if,mlp.up_proj,0.025,0.2249922636802299,opd,True,True,False,False,0.2249922636802299,0.0763550422138736,0.1486372214663563,"{""offkd"": 0.0763550422138736, ""opd"": 0.2249922636802299, ""seqkd"": 0.0753838420082866, ""sft"": 0.0746412309401955}"
uncentered_stable_rank,formal_rr2s_llama_state_spectrum,RR2S_llama_state_spectrum_module.csv,stable_rank_contraction,max_is_deepest,all,llama,40,E_if,mlp.up_proj,0.05,0.2249922636802299,opd,True,True,False,False,0.2249922636802299,0.0763550422138736,0.1486372214663563,"{""offkd"": 0.0763550422138736, ""opd"": 0.2249922636802299, ""seqkd"": 0.0753838420082866, ""sft"": 0.0746412309401955}"
uncentered_stable_rank,formal_rr2s_llama_state_spectrum,RR2S_llama_state_spectrum_module.csv,stable_rank_contraction,max_is_deepest,all,llama,40,E_if,mlp.up_proj,0.1,0.2249922636802299,opd,True,True,False,False,0.2249922636802299,0.0763550422138736,0.1486372214663563,"{""offkd"": 0.0763550422138736, ""opd"": 0.2249922636802299, ""seqkd"": 0.0753838420082866, ""sft"": 0.0746412309401955}"
uncentered_stable_rank,formal_rr2s_llama_state_spectrum,RR2S_llama_state_spectrum_module.csv,stable_rank_contraction,max_is_deepest,all,llama,40,E_if,self_attn.k_proj,0.01,0.0046127685347214,opd,True,True,False,False,0.0046127685347214,-0.0062839950070663,0.0108967635417877,"{""offkd"": -0.0062839950070663, ""opd"": 0.0046127685347214, ""seqkd"": -0.0065317834960472, ""sft"": -0.0118842090915773}"
uncentered_stable_rank,formal_rr2s_llama_state_spectrum,RR2S_llama_state_spectrum_module.csv,stable_rank_contraction,max_is_deepest,all,llama,40,E_if,self_attn.k_proj,0.025,0.0046127685347214,opd,True,True,False,False,0.0046127685347214,-0.0062839950070663,0.0108967635417877,"{""offkd"": -0.0062839950070663, ""opd"": 0.0046127685347214, ""seqkd"": -0.0065317834960472, ""sft"": -0.0118842090915773}"
uncentered_stable_rank,formal_rr2s_llama_state_spectrum,RR2S_llama_state_spectrum_module.csv,stable_rank_contraction,max_is_deepest,all,llama,40,E_if,self_attn.k_proj,0.05,0.0046127685347214,opd,True,True,False,False,0.0046127685347214,-0.0062839950070663,0.0108967635417877,"{""offkd"": -0.0062839950070663, ""opd"": 0.0046127685347214, ""seqkd"": -0.0065317834960472, ""sft"": -0.0118842090915773}"
uncentered_stable_rank,formal_rr2s_llama_state_spectrum,RR2S_llama_state_spectrum_module.csv,stable_rank_contraction,max_is_deepest,all,llama,40,E_if,self_attn.k_proj,0.1,0.0046127685347214,opd,True,True,False,False,0.0046127685347214,-0.0062839950070663,0.0108967635417877,"{""offkd"": -0.0062839950070663, ""opd"": 0.0046127685347214, ""seqkd"": -0.0065317834960472, ""sft"": -0.0118842090915773}"
uncentered_stable_rank,formal_rr2s_llama_state_spectrum,RR2S_llama_state_spectrum_module.csv,stable_rank_contraction,max_is_deepest,all,llama,40,E_if,self_attn.o_proj,0.01,0.4510120038534024,opd,True,True,False,False,0.4510120038534024,0.2662734366982935,0.1847385671551089,"{""offkd"": 0.085493287683346, ""opd"": 0.4510120038534024, ""seqkd"": 0.0596553237991983, ""sft"": 0.2662734366982935}"
uncentered_stable_rank,formal_rr2s_llama_state_spectrum,RR2S_llama_state_spectrum_module.csv,stable_rank_contraction,max_is_deepest,all,llama,40,E_if,self_attn.o_proj,0.025,0.4510120038534024,opd,True,True,False,False,0.4510120038534024,0.2662734366982935,0.1847385671551089,"{""offkd"": 0.085493287683346, ""opd"": 0.4510120038534024, ""seqkd"": 0.0596553237991983, ""sft"": 0.2662734366982935}"
uncentered_stable_rank,formal_rr2s_llama_state_spectrum,RR2S_llama_state_spectrum_module.csv,stable_rank_contraction,max_is_deepest,all,llama,40,E_if,self_attn.o_proj,0.05,0.4510120038534024,opd,True,True,False,False,0.4510120038534024,0.2662734366982935,0.1847385671551089,"{""offkd"": 0.085493287683346, ""opd"": 0.4510120038534024, ""seqkd"": 0.0596553237991983, ""sft"": 0.2662734366982935}"
uncentered_stable_rank,formal_rr2s_llama_state_spectrum,RR2S_llama_state_spectrum_module.csv,stable_rank_contraction,max_is_deepest,all,llama,40,E_if,self_attn.o_proj,0.1,0.4510120038534024,opd,True,True,False,False,0.4510120038534024,0.2662734366982935,0.1847385671551089,"{""offkd"": 0.085493287683346, ""opd"": 0.4510120038534024, ""seqkd"": 0.0596553237991983, ""sft"": 0.2662734366982935}"
uncentered_stable_rank,formal_rr2s_llama_state_spectrum,RR2S_llama_state_spectrum_module.csv,stable_rank_contraction,max_is_deepest,all,llama,40,E_if,self_attn.q_proj,0.01,0.0022810123457774,opd,True,True,False,False,0.0022810123457774,-0.0014966147447532,0.0037776270905306,"{""offkd"": -0.0018361657363845, ""opd"": 0.0022810123457774, ""seqkd"": -0.0014966147447532, ""sft"": -0.0031067167127931}"
uncentered_stable_rank,formal_rr2s_llama_state_spectrum,RR2S_llama_state_spectrum_module.csv,stable_rank_contraction,max_is_deepest,all,llama,40,E_if,self_attn.q_proj,0.025,0.0022810123457774,opd,True,True,False,False,0.0022810123457774,-0.0014966147447532,0.0037776270905306,"{""offkd"": -0.0018361657363845, ""opd"": 0.0022810123457774, ""seqkd"": -0.0014966147447532, ""sft"": -0.0031067167127931}"
uncentered_stable_rank,formal_rr2s_llama_state_spectrum,RR2S_llama_state_spectrum_module.csv,stable_rank_contraction,max_is_deepest,all,llama,40,E_if,self_attn.q_proj,0.05,0.0022810123457774,opd,True,True,False,False,0.0022810123457774,-0.0014966147447532,0.0037776270905306,"{""offkd"": -0.0018361657363845, ""opd"": 0.0022810123457774, ""seqkd"": -0.0014966147447532, ""sft"": -0.0031067167127931}"
uncentered_stable_rank,formal_rr2s_llama_state_spectrum,RR2S_llama_state_spectrum_module.csv,stable_rank_contraction,max_is_deepest,all,llama,40,E_if,self_attn.q_proj,0.1,0.0022810123457774,opd,True,True,False,False,0.0022810123457774,-0.0014966147447532,0.0037776270905306,"{""offkd"": -0.0018361657363845, ""opd"": 0.0022810123457774, ""seqkd"": -0.0014966147447532, ""sft"": -0.0031067167127931}"
uncentered_stable_rank,formal_rr2s_llama_state_spectrum,RR2S_llama_state_spectrum_module.csv,stable_rank_contraction,max_is_deepest,all,llama,40,E_if,self_attn.v_proj,0.01,0.6817739628979478,opd,True,True,False,False,0.6817739628979478,0.1667176635084697,0.5150562993894781,"{""offkd"": 0.0185190975217999, ""opd"": 0.6817739628979478, ""seqkd"": -0.025729762603202, ""sft"": 0.1667176635084697}"
uncentered_stable_rank,formal_rr2s_llama_state_spectrum,RR2S_llama_state_spectrum_module.csv,stable_rank_contraction,max_is_deepest,all,llama,40,E_if,self_attn.v_proj,0.025,0.6817739628979478,opd,True,True,False,False,0.6817739628979478,0.1667176635084697,0.5150562993894781,"{""offkd"": 0.0185190975217999, ""opd"": 0.6817739628979478, ""seqkd"": -0.025729762603202, ""sft"": 0.1667176635084697}"
uncentered_stable_rank,formal_rr2s_llama_state_spectrum,RR2S_llama_state_spectrum_module.csv,stable_rank_contraction,max_is_deepest,all,llama,40,E_if,self_attn.v_proj,0.05,0.6817739628979478,opd,True,True,False,False,0.6817739628979478,0.1667176635084697,0.5150562993894781,"{""offkd"": 0.0185190975217999, ""opd"": 0.6817739628979478, ""seqkd"": -0.025729762603202, ""sft"": 0.1667176635084697}"
uncentered_stable_rank,formal_rr2s_llama_state_spectrum,RR2S_llama_state_spectrum_module.csv,stable_rank_contraction,max_is_deepest,all,llama,40,E_if,self_attn.v_proj,0.1,0.6817739628979478,opd,True,True,False,False,0.6817739628979478,0.1667176635084697,0.5150562993894781,"{""offkd"": 0.0185190975217999, ""opd"": 0.6817739628979478, ""seqkd"": -0.025729762603202, ""sft"": 0.1667176635084697}"
uncentered_stable_rank,formal_rr2s_llama_state_spectrum,RR2S_llama_state_spectrum_module.csv,stable_rank_contraction,max_is_deepest,all,llama,40,E_math,mlp.down_proj,0.01,0.5247434277608942,opd,True,True,False,False,0.5247434277608942,0.5195542852341895,0.005189142526704771,"{""offkd"": 0.253604241920133, ""opd"": 0.5247434277608942, ""seqkd"": 0.2172388915340217, ""sft"": 0.5195542852341895}"
uncentered_stable_rank,formal_rr2s_llama_state_spectrum,RR2S_llama_state_spectrum_module.csv,stable_rank_contraction,max_is_deepest,all,llama,40,E_math,mlp.down_proj,0.025,0.5247434277608942,opd,True,True,False,False,0.5247434277608942,0.5195542852341895,0.005189142526704771,"{""offkd"": 0.253604241920133, ""opd"": 0.5247434277608942, ""seqkd"": 0.2172388915340217, ""sft"": 0.5195542852341895}"
uncentered_stable_rank,formal_rr2s_llama_state_spectrum,RR2S_llama_state_spectrum_module.csv,stable_rank_contraction,max_is_deepest,all,llama,40,E_math,mlp.down_proj,0.05,0.5247434277608942,opd,True,True,False,False,0.5247434277608942,0.5195542852341895,0.005189142526704771,"{""offkd"": 0.253604241920133, ""opd"": 0.5247434277608942, ""seqkd"": 0.2172388915340217, ""sft"": 0.5195542852341895}"
uncentered_stable_rank,formal_rr2s_llama_state_spectrum,RR2S_llama_state_spectrum_module.csv,stable_rank_contraction,max_is_deepest,all,llama,40,E_math,mlp.down_proj,0.1,0.5247434277608942,opd,True,True,False,False,0.5247434277608942,0.5195542852341895,0.005189142526704771,"{""offkd"": 0.253604241920133, ""opd"": 0.5247434277608942, ""seqkd"": 0.2172388915340217, ""sft"": 0.5195542852341895}"
uncentered_stable_rank,formal_rr2s_llama_state_spectrum,RR2S_llama_state_spectrum_module.csv,stable_rank_contraction,max_is_deepest,all,llama,40,E_math,mlp.gate_proj,0.01,0.013444486339857,opd,True,True,False,False,0.013444486339857,0.003865099007779,0.009579387332078,"{""offkd"": 0.003865099007779, ""opd"": 0.013444486339857, ""seqkd"": 0.0038220545439671, ""sft"": 0.0029207506663508}"
uncentered_stable_rank,formal_rr2s_llama_state_spectrum,RR2S_llama_state_spectrum_module.csv,stable_rank_contraction,max_is_deepest,all,llama,40,E_math,mlp.gate_proj,0.025,0.013444486339857,opd,True,True,False,False,0.013444486339857,0.003865099007779,0.009579387332078,"{""offkd"": 0.003865099007779, ""opd"": 0.013444486339857, ""seqkd"": 0.0038220545439671, ""sft"": 0.0029207506663508}"
uncentered_stable_rank,formal_rr2s_llama_state_spectrum,RR2S_llama_state_spectrum_module.csv,stable_rank_contraction,max_is_deepest,all,llama,40,E_math,mlp.gate_proj,0.05,0.013444486339857,opd,True,True,False,False,0.013444486339857,0.003865099007779,0.009579387332078,"{""offkd"": 0.003865099007779, ""opd"": 0.013444486339857, ""seqkd"": 0.0038220545439671, ""sft"": 0.0029207506663508}"
uncentered_stable_rank,formal_rr2s_llama_state_spectrum,RR2S_llama_state_spectrum_module.csv,stable_rank_contraction,max_is_deepest,all,llama,40,E_math,mlp.gate_proj,0.1,0.013444486339857,opd,True,True,False,False,0.013444486339857,0.003865099007779,0.009579387332078,"{""offkd"": 0.003865099007779, ""opd"": 0.013444486339857, ""seqkd"": 0.0038220545439671, ""sft"": 0.0029207506663508}"
uncentered_stable_rank,formal_rr2s_llama_state_spectrum,RR2S_llama_state_spectrum_module.csv,stable_rank_contraction,max_is_deepest,all,llama,40,E_math,mlp.up_proj,0.01,0.1499535571323149,opd,True,True,False,False,0.1499535571323149,0.0522568255675115,0.0976967315648034,"{""offkd"": 0.0365215852426694, ""opd"": 0.1499535571323149, ""seqkd"": 0.0316826759231796, ""sft"": 0.0522568255675115}"
uncentered_stable_rank,formal_rr2s_llama_state_spectrum,RR2S_llama_state_spectrum_module.csv,stable_rank_contraction,max_is_deepest,all,llama,40,E_math,mlp.up_proj,0.025,0.1499535571323149,opd,True,True,False,False,0.1499535571323149,0.0522568255675115,0.0976967315648034,"{""offkd"": 0.0365215852426694, ""opd"": 0.1499535571323149, ""seqkd"": 0.0316826759231796, ""sft"": 0.0522568255675115}"
uncentered_stable_rank,formal_rr2s_llama_state_spectrum,RR2S_llama_state_spectrum_module.csv,stable_rank_contraction,max_is_deepest,all,llama,40,E_math,mlp.up_proj,0.05,0.1499535571323149,opd,True,True,False,False,0.1499535571323149,0.0522568255675115,0.0976967315648034,"{""offkd"": 0.0365215852426694, ""opd"": 0.1499535571323149, ""seqkd"": 0.0316826759231796, ""sft"": 0.0522568255675115}"
uncentered_stable_rank,formal_rr2s_llama_state_spectrum,RR2S_llama_state_spectrum_module.csv,stable_rank_contraction,max_is_deepest,all,llama,40,E_math,mlp.up_proj,0.1,0.1499535571323149,opd,True,True,False,False,0.1499535571323149,0.0522568255675115,0.0976967315648034,"{""offkd"": 0.0365215852426694, ""opd"": 0.1499535571323149, ""seqkd"": 0.0316826759231796, ""sft"": 0.0522568255675115}"
uncentered_stable_rank,formal_rr2s_llama_state_spectrum,RR2S_llama_state_spectrum_module.csv,stable_rank_contraction,max_is_deepest,all,llama,40,E_math,self_attn.k_proj,0.01,0.0024403233111554,opd,True,True,False,False,0.0024403233111554,-0.0115432865619016,0.013983609873057,"{""offkd"": -0.0127542772787352, ""opd"": 0.0024403233111554, ""seqkd"": -0.0126401036874883, ""sft"": -0.0115432865619016}"
uncentered_stable_rank,formal_rr2s_llama_state_spectrum,RR2S_llama_state_spectrum_module.csv,stable_rank_contraction,max_is_deepest,all,llama,40,E_math,self_attn.k_proj,0.025,0.0024403233111554,opd,True,True,False,False,0.0024403233111554,-0.0115432865619016,0.013983609873057,"{""offkd"": -0.0127542772787352, ""opd"": 0.0024403233111554, ""seqkd"": -0.0126401036874883, ""sft"": -0.0115432865619016}"
uncentered_stable_rank,formal_rr2s_llama_state_spectrum,RR2S_llama_state_spectrum_module.csv,stable_rank_contraction,max_is_deepest,all,llama,40,E_math,self_attn.k_proj,0.05,0.0024403233111554,opd,True,True,False,False,0.0024403233111554,-0.0115432865619016,0.013983609873057,"{""offkd"": -0.0127542772787352, ""opd"": 0.0024403233111554, ""seqkd"": -0.0126401036874883, ""sft"": -0.0115432865619016}"
uncentered_stable_rank,formal_rr2s_llama_state_spectrum,RR2S_llama_state_spectrum_module.csv,stable_rank_contraction,max_is_deepest,all,llama,40,E_math,self_attn.k_proj,0.1,0.0024403233111554,opd,True,True,False,False,0.0024403233111554,-0.0115432865619016,0.013983609873057,"{""offkd"": -0.0127542772787352, ""opd"": 0.0024403233111554, ""seqkd"": -0.0126401036874883, ""sft"": -0.0115432865619016}"
uncentered_stable_rank,formal_rr2s_llama_state_spectrum,RR2S_llama_state_spectrum_module.csv,stable_rank_contraction,max_is_deepest,all,llama,40,E_math,self_attn.o_proj,0.01,0.9119684623030162,opd,True,True,False,False,0.9119684623030162,0.2975243832328251,0.614444079070191,"{""offkd"": 0.0157973367649457, ""opd"": 0.9119684623030162, ""seqkd"": -0.0745444044937126, ""sft"": 0.2975243832328251}"
uncentered_stable_rank,formal_rr2s_llama_state_spectrum,RR2S_llama_state_spectrum_module.csv,stable_rank_contraction,max_is_deepest,all,llama,40,E_math,self_attn.o_proj,0.025,0.9119684623030162,opd,True,True,False,False,0.9119684623030162,0.2975243832328251,0.614444079070191,"{""offkd"": 0.0157973367649457, ""opd"": 0.9119684623030162, ""seqkd"": -0.0745444044937126, ""sft"": 0.2975243832328251}"
uncentered_stable_rank,formal_rr2s_llama_state_spectrum,RR2S_llama_state_spectrum_module.csv,stable_rank_contraction,max_is_deepest,all,llama,40,E_math,self_attn.o_proj,0.05,0.9119684623030162,opd,True,True,False,False,0.9119684623030162,0.2975243832328251,0.614444079070191,"{""offkd"": 0.0157973367649457, ""opd"": 0.9119684623030162, ""seqkd"": -0.0745444044937126, ""sft"": 0.2975243832328251}"
uncentered_stable_rank,formal_rr2s_llama_state_spectrum,RR2S_llama_state_spectrum_module.csv,stable_rank_contraction,max_is_deepest,all,llama,40,E_math,self_attn.o_proj,0.1,0.9119684623030162,opd,True,True,False,False,0.9119684623030162,0.2975243832328251,0.614444079070191,"{""offkd"": 0.0157973367649457, ""opd"": 0.9119684623030162, ""seqkd"": -0.0745444044937126, ""sft"": 0.2975243832328251}"
uncentered_stable_rank,formal_rr2s_llama_state_spectrum,RR2S_llama_state_spectrum_module.csv,stable_rank_contraction,max_is_deepest,all,llama,40,E_math,self_attn.q_proj,0.01,0.0050535232549357,opd,True,True,False,False,0.0050535232549357,0.0035368325087907,0.0015166907461450002,"{""offkd"": -0.001612637778126, ""opd"": 0.0050535232549357, ""seqkd"": -0.001035346803061, ""sft"": 0.0035368325087907}"
uncentered_stable_rank,formal_rr2s_llama_state_spectrum,RR2S_llama_state_spectrum_module.csv,stable_rank_contraction,max_is_deepest,all,llama,40,E_math,self_attn.q_proj,0.025,0.0050535232549357,opd,True,True,False,False,0.0050535232549357,0.0035368325087907,0.0015166907461450002,"{""offkd"": -0.001612637778126, ""opd"": 0.0050535232549357, ""seqkd"": -0.001035346803061, ""sft"": 0.0035368325087907}"
uncentered_stable_rank,formal_rr2s_llama_state_spectrum,RR2S_llama_state_spectrum_module.csv,stable_rank_contraction,max_is_deepest,all,llama,40,E_math,self_attn.q_proj,0.05,0.0050535232549357,opd,True,True,False,False,0.0050535232549357,0.0035368325087907,0.0015166907461450002,"{""offkd"": -0.001612637778126, ""opd"": 0.0050535232549357, ""seqkd"": -0.001035346803061, ""sft"": 0.0035368325087907}"
uncentered_stable_rank,formal_rr2s_llama_state_spectrum,RR2S_llama_state_spectrum_module.csv,stable_rank_contraction,max_is_deepest,all,llama,40,E_math,self_attn.q_proj,0.1,0.0050535232549357,opd,True,True,False,False,0.0050535232549357,0.0035368325087907,0.0015166907461450002,"{""offkd"": -0.001612637778126, ""opd"": 0.0050535232549357, ""seqkd"": -0.001035346803061, ""sft"": 0.0035368325087907}"
uncentered_stable_rank,formal_rr2s_llama_state_spectrum,RR2S_llama_state_spectrum_module.csv,stable_rank_contraction,max_is_deepest,all,llama,40,E_math,self_attn.v_proj,0.01,0.7655047927943048,opd,True,True,False,False,0.7655047927943048,0.2685879145048258,0.49691687828947906,"{""offkd"": -0.0722801121235754, ""opd"": 0.7655047927943048, ""seqkd"": -0.1036265361898234, ""sft"": 0.2685879145048258}"
uncentered_stable_rank,formal_rr2s_llama_state_spectrum,RR2S_llama_state_spectrum_module.csv,stable_rank_contraction,max_is_deepest,all,llama,40,E_math,self_attn.v_proj,0.025,0.7655047927943048,opd,True,True,False,False,0.7655047927943048,0.2685879145048258,0.49691687828947906,"{""offkd"": -0.0722801121235754, ""opd"": 0.7655047927943048, ""seqkd"": -0.1036265361898234, ""sft"": 0.2685879145048258}"
uncentered_stable_rank,formal_rr2s_llama_state_spectrum,RR2S_llama_state_spectrum_module.csv,stable_rank_contraction,max_is_deepest,all,llama,40,E_math,self_attn.v_proj,0.05,0.7655047927943048,opd,True,True,False,False,0.7655047927943048,0.2685879145048258,0.49691687828947906,"{""offkd"": -0.0722801121235754, ""opd"": 0.7655047927943048, ""seqkd"": -0.1036265361898234, ""sft"": 0.2685879145048258}"
uncentered_stable_rank,formal_rr2s_llama_state_spectrum,RR2S_llama_state_spectrum_module.csv,stable_rank_contraction,max_is_deepest,all,llama,40,E_math,self_attn.v_proj,0.1,0.7655047927943048,opd,True,True,False,False,0.7655047927943048,0.2685879145048258,0.49691687828947906,"{""offkd"": -0.0722801121235754, ""opd"": 0.7655047927943048, ""seqkd"": -0.1036265361898234, ""sft"": 0.2685879145048258}"
uncentered_stable_rank,formal_rr2s_llama_state_spectrum,RR2S_llama_state_spectrum_module.csv,stable_rank_contraction,max_is_deepest,all,llama,40,E_ood,mlp.down_proj,0.01,0.8199546320766249,opd,True,True,False,False,0.8199546320766249,0.7008223904270103,0.11913224164961456,"{""offkd"": 0.4507698184137716, ""opd"": 0.8199546320766249, ""seqkd"": 0.3235575843529616, ""sft"": 0.7008223904270103}"
uncentered_stable_rank,formal_rr2s_llama_state_spectrum,RR2S_llama_state_spectrum_module.csv,stable_rank_contraction,max_is_deepest,all,llama,40,E_ood,mlp.down_proj,0.025,0.8199546320766249,opd,True,True,False,False,0.8199546320766249,0.7008223904270103,0.11913224164961456,"{""offkd"": 0.4507698184137716, ""opd"": 0.8199546320766249, ""seqkd"": 0.3235575843529616, ""sft"": 0.7008223904270103}"
uncentered_stable_rank,formal_rr2s_llama_state_spectrum,RR2S_llama_state_spectrum_module.csv,stable_rank_contraction,max_is_deepest,all,llama,40,E_ood,mlp.down_proj,0.05,0.8199546320766249,opd,True,True,False,False,0.8199546320766249,0.7008223904270103,0.11913224164961456,"{""offkd"": 0.4507698184137716, ""opd"": 0.8199546320766249, ""seqkd"": 0.3235575843529616, ""sft"": 0.7008223904270103}"
uncentered_stable_rank,formal_rr2s_llama_state_spectrum,RR2S_llama_state_spectrum_module.csv,stable_rank_contraction,max_is_deepest,all,llama,40,E_ood,mlp.down_proj,0.1,0.8199546320766249,opd,True,True,False,False,0.8199546320766249,0.7008223904270103,0.11913224164961456,"{""offkd"": 0.4507698184137716, ""opd"": 0.8199546320766249, ""seqkd"": 0.3235575843529616, ""sft"": 0.7008223904270103}"
uncentered_stable_rank,formal_rr2s_llama_state_spectrum,RR2S_llama_state_spectrum_module.csv,stable_rank_contraction,max_is_deepest,all,llama,40,E_ood,mlp.gate_proj,0.01,0.0109121142240902,opd,True,True,False,False,0.0109121142240902,0.0024719302312163,0.0084401839928739,"{""offkd"": 0.0024719302312163, ""opd"": 0.0109121142240902, ""seqkd"": 0.0018059456125147, ""sft"": 0.0008305744279422}"
uncentered_stable_rank,formal_rr2s_llama_state_spectrum,RR2S_llama_state_spectrum_module.csv,stable_rank_contraction,max_is_deepest,all,llama,40,E_ood,mlp.gate_proj,0.025,0.0109121142240902,opd,True,True,False,False,0.0109121142240902,0.0024719302312163,0.0084401839928739,"{""offkd"": 0.0024719302312163, ""opd"": 0.0109121142240902, ""seqkd"": 0.0018059456125147, ""sft"": 0.0008305744279422}"
uncentered_stable_rank,formal_rr2s_llama_state_spectrum,RR2S_llama_state_spectrum_module.csv,stable_rank_contraction,max_is_deepest,all,llama,40,E_ood,mlp.gate_proj,0.05,0.0109121142240902,opd,True,True,False,False,0.0109121142240902,0.0024719302312163,0.0084401839928739,"{""offkd"": 0.0024719302312163, ""opd"": 0.0109121142240902, ""seqkd"": 0.0018059456125147, ""sft"": 0.0008305744279422}"
uncentered_stable_rank,formal_rr2s_llama_state_spectrum,RR2S_llama_state_spectrum_module.csv,stable_rank_contraction,max_is_deepest,all,llama,40,E_ood,mlp.gate_proj,0.1,0.0109121142240902,opd,True,True,False,False,0.0109121142240902,0.0024719302312163,0.0084401839928739,"{""offkd"": 0.0024719302312163, ""opd"": 0.0109121142240902, ""seqkd"": 0.0018059456125147, ""sft"": 0.0008305744279422}"
uncentered_stable_rank,formal_rr2s_llama_state_spectrum,RR2S_llama_state_spectrum_module.csv,stable_rank_contraction,max_is_deepest,all,llama,40,E_ood,mlp.up_proj,0.01,0.2275384530421211,opd,True,True,False,False,0.2275384530421211,0.0586088047111177,0.1689296483310034,"{""offkd"": 0.0586088047111177, ""opd"": 0.2275384530421211, ""seqkd"": 0.0414775290847879, ""sft"": 0.0385322761022886}"
uncentered_stable_rank,formal_rr2s_llama_state_spectrum,RR2S_llama_state_spectrum_module.csv,stable_rank_contraction,max_is_deepest,all,llama,40,E_ood,mlp.up_proj,0.025,0.2275384530421211,opd,True,True,False,False,0.2275384530421211,0.0586088047111177,0.1689296483310034,"{""offkd"": 0.0586088047111177, ""opd"": 0.2275384530421211, ""seqkd"": 0.0414775290847879, ""sft"": 0.0385322761022886}"
uncentered_stable_rank,formal_rr2s_llama_state_spectrum,RR2S_llama_state_spectrum_module.csv,stable_rank_contraction,max_is_deepest,all,llama,40,E_ood,mlp.up_proj,0.05,0.2275384530421211,opd,True,True,False,False,0.2275384530421211,0.0586088047111177,0.1689296483310034,"{""offkd"": 0.0586088047111177, ""opd"": 0.2275384530421211, ""seqkd"": 0.0414775290847879, ""sft"": 0.0385322761022886}"
uncentered_stable_rank,formal_rr2s_llama_state_spectrum,RR2S_llama_state_spectrum_module.csv,stable_rank_contraction,max_is_deepest,all,llama,40,E_ood,mlp.up_proj,0.1,0.2275384530421211,opd,True,True,False,False,0.2275384530421211,0.0586088047111177,0.1689296483310034,"{""offkd"": 0.0586088047111177, ""opd"": 0.2275384530421211, ""seqkd"": 0.0414775290847879, ""sft"": 0.0385322761022886}"
uncentered_stable_rank,formal_rr2s_llama_state_spectrum,RR2S_llama_state_spectrum_module.csv,stable_rank_contraction,max_is_deepest,all,llama,40,E_ood,self_attn.k_proj,0.01,0.0025964173216721,opd,True,True,False,False,0.0025964173216721,-0.0049258290055846,0.007522246327256701,"{""offkd"": -0.0049258290055846, ""opd"": 0.0025964173216721, ""seqkd"": -0.006299361160992, ""sft"": -0.0188926810842711}"
uncentered_stable_rank,formal_rr2s_llama_state_spectrum,RR2S_llama_state_spectrum_module.csv,stable_rank_contraction,max_is_deepest,all,llama,40,E_ood,self_attn.k_proj,0.025,0.0025964173216721,opd,True,True,False,False,0.0025964173216721,-0.0049258290055846,0.007522246327256701,"{""offkd"": -0.0049258290055846, ""opd"": 0.0025964173216721, ""seqkd"": -0.006299361160992, ""sft"": -0.0188926810842711}"
uncentered_stable_rank,formal_rr2s_llama_state_spectrum,RR2S_llama_state_spectrum_module.csv,stable_rank_contraction,max_is_deepest,all,llama,40,E_ood,self_attn.k_proj,0.05,0.0025964173216721,opd,True,True,False,False,0.0025964173216721,-0.0049258290055846,0.007522246327256701,"{""offkd"": -0.0049258290055846, ""opd"": 0.0025964173216721, ""seqkd"": -0.006299361160992, ""sft"": -0.0188926810842711}"
uncentered_stable_rank,formal_rr2s_llama_state_spectrum,RR2S_llama_state_spectrum_module.csv,stable_rank_contraction,max_is_deepest,all,llama,40,E_ood,self_attn.k_proj,0.1,0.0025964173216721,opd,True,True,False,False,0.0025964173216721,-0.0049258290055846,0.007522246327256701,"{""offkd"": -0.0049258290055846, ""opd"": 0.0025964173216721, ""seqkd"": -0.006299361160992, ""sft"": -0.0188926810842711}"
uncentered_stable_rank,formal_rr2s_llama_state_spectrum,RR2S_llama_state_spectrum_module.csv,stable_rank_contraction,max_is_deepest,all,llama,40,E_ood,self_attn.o_proj,0.01,0.4841444295753137,opd,True,True,False,False,0.4841444295753137,-0.0700107614079286,0.5541551909832423,"{""offkd"": -0.1561783437380555, ""opd"": 0.4841444295753137, ""seqkd"": -0.0700107614079286, ""sft"": -0.1382188583926957}"
uncentered_stable_rank,formal_rr2s_llama_state_spectrum,RR2S_llama_state_spectrum_module.csv,stable_rank_contraction,max_is_deepest,all,llama,40,E_ood,self_attn.o_proj,0.025,0.4841444295753137,opd,True,True,False,False,0.4841444295753137,-0.0700107614079286,0.5541551909832423,"{""offkd"": -0.1561783437380555, ""opd"": 0.4841444295753137, ""seqkd"": -0.0700107614079286, ""sft"": -0.1382188583926957}"
uncentered_stable_rank,formal_rr2s_llama_state_spectrum,RR2S_llama_state_spectrum_module.csv,stable_rank_contraction,max_is_deepest,all,llama,40,E_ood,self_attn.o_proj,0.05,0.4841444295753137,opd,True,True,False,False,0.4841444295753137,-0.0700107614079286,0.5541551909832423,"{""offkd"": -0.1561783437380555, ""opd"": 0.4841444295753137, ""seqkd"": -0.0700107614079286, ""sft"": -0.1382188583926957}"
uncentered_stable_rank,formal_rr2s_llama_state_spectrum,RR2S_llama_state_spectrum_module.csv,stable_rank_contraction,max_is_deepest,all,llama,40,E_ood,self_attn.o_proj,0.1,0.4841444295753137,opd,True,True,False,False,0.4841444295753137,-0.0700107614079286,0.5541551909832423,"{""offkd"": -0.1561783437380555, ""opd"": 0.4841444295753137, ""seqkd"": -0.0700107614079286, ""sft"": -0.1382188583926957}"
uncentered_stable_rank,formal_rr2s_llama_state_spectrum,RR2S_llama_state_spectrum_module.csv,stable_rank_contraction,max_is_deepest,all,llama,40,E_ood,self_attn.q_proj,0.01,0.0031203022851595,opd,True,True,False,False,0.0031203022851595,0.0003321341476296,0.0027881681375299,"{""offkd"": 0.0001395938935488, ""opd"": 0.0031203022851595, ""seqkd"": 0.0003321341476296, ""sft"": -0.0063126634159387}"
uncentered_stable_rank,formal_rr2s_llama_state_spectrum,RR2S_llama_state_spectrum_module.csv,stable_rank_contraction,max_is_deepest,all,llama,40,E_ood,self_attn.q_proj,0.025,0.0031203022851595,opd,True,True,False,False,0.0031203022851595,0.0003321341476296,0.0027881681375299,"{""offkd"": 0.0001395938935488, ""opd"": 0.0031203022851595, ""seqkd"": 0.0003321341476296, ""sft"": -0.0063126634159387}"
uncentered_stable_rank,formal_rr2s_llama_state_spectrum,RR2S_llama_state_spectrum_module.csv,stable_rank_contraction,max_is_deepest,all,llama,40,E_ood,self_attn.q_proj,0.05,0.0031203022851595,opd,True,True,False,False,0.0031203022851595,0.0003321341476296,0.0027881681375299,"{""offkd"": 0.0001395938935488, ""opd"": 0.0031203022851595, ""seqkd"": 0.0003321341476296, ""sft"": -0.0063126634159387}"
uncentered_stable_rank,formal_rr2s_llama_state_spectrum,RR2S_llama_state_spectrum_module.csv,stable_rank_contraction,max_is_deepest,all,llama,40,E_ood,self_attn.q_proj,0.1,0.0031203022851595,opd,True,True,False,False,0.0031203022851595,0.0003321341476296,0.0027881681375299,"{""offkd"": 0.0001395938935488, ""opd"": 0.0031203022851595, ""seqkd"": 0.0003321341476296, ""sft"": -0.0063126634159387}"
uncentered_stable_rank,formal_rr2s_llama_state_spectrum,RR2S_llama_state_spectrum_module.csv,stable_rank_contraction,max_is_deepest,all,llama,40,E_ood,self_attn.v_proj,0.01,0.7170071352145282,opd,True,True,False,False,0.7170071352145282,0.2334659689774536,0.4835411662370746,"{""offkd"": 0.1700606719812842, ""opd"": 0.7170071352145282, ""seqkd"": 0.0904201787652354, ""sft"": 0.2334659689774536}"
uncentered_stable_rank,formal_rr2s_llama_state_spectrum,RR2S_llama_state_spectrum_module.csv,stable_rank_contraction,max_is_deepest,all,llama,40,E_ood,self_attn.v_proj,0.025,0.7170071352145282,opd,True,True,False,False,0.7170071352145282,0.2334659689774536,0.4835411662370746,"{""offkd"": 0.1700606719812842, ""opd"": 0.7170071352145282, ""seqkd"": 0.0904201787652354, ""sft"": 0.2334659689774536}"
uncentered_stable_rank,formal_rr2s_llama_state_spectrum,RR2S_llama_state_spectrum_module.csv,stable_rank_contraction,max_is_deepest,all,llama,40,E_ood,self_attn.v_proj,0.05,0.7170071352145282,opd,True,True,False,False,0.7170071352145282,0.2334659689774536,0.4835411662370746,"{""offkd"": 0.1700606719812842, ""opd"": 0.7170071352145282, ""seqkd"": 0.0904201787652354, ""sft"": 0.2334659689774536}"
uncentered_stable_rank,formal_rr2s_llama_state_spectrum,RR2S_llama_state_spectrum_module.csv,stable_rank_contraction,max_is_deepest,all,llama,40,E_ood,self_attn.v_proj,0.1,0.7170071352145282,opd,True,True,False,False,0.7170071352145282,0.2334659689774536,0.4835411662370746,"{""offkd"": 0.1700606719812842, ""opd"": 0.7170071352145282, ""seqkd"": 0.0904201787652354, ""sft"": 0.2334659689774536}"
uncentered_stable_rank,formal_rr2s_llama_state_spectrum,RR2S_llama_state_spectrum_module.csv,stable_rank_contraction,max_is_deepest,all,llama,80,E_general,mlp.down_proj,0.01,0.9207963676586796,opd,True,True,False,False,0.9207963676586796,0.8468562670892403,0.07394010056943923,"{""offkd"": 0.3811162433134019, ""opd"": 0.9207963676586796, ""seqkd"": 0.1785122940643866, ""sft"": 0.8468562670892403}"
uncentered_stable_rank,formal_rr2s_llama_state_spectrum,RR2S_llama_state_spectrum_module.csv,stable_rank_contraction,max_is_deepest,all,llama,80,E_general,mlp.down_proj,0.025,0.9207963676586796,opd,True,True,False,False,0.9207963676586796,0.8468562670892403,0.07394010056943923,"{""offkd"": 0.3811162433134019, ""opd"": 0.9207963676586796, ""seqkd"": 0.1785122940643866, ""sft"": 0.8468562670892403}"
uncentered_stable_rank,formal_rr2s_llama_state_spectrum,RR2S_llama_state_spectrum_module.csv,stable_rank_contraction,max_is_deepest,all,llama,80,E_general,mlp.down_proj,0.05,0.9207963676586796,opd,True,True,False,False,0.9207963676586796,0.8468562670892403,0.07394010056943923,"{""offkd"": 0.3811162433134019, ""opd"": 0.9207963676586796, ""seqkd"": 0.1785122940643866, ""sft"": 0.8468562670892403}"
uncentered_stable_rank,formal_rr2s_llama_state_spectrum,RR2S_llama_state_spectrum_module.csv,stable_rank_contraction,max_is_deepest,all,llama,80,E_general,mlp.down_proj,0.1,0.9207963676586796,opd,True,True,False,False,0.9207963676586796,0.8468562670892403,0.07394010056943923,"{""offkd"": 0.3811162433134019, ""opd"": 0.9207963676586796, ""seqkd"": 0.1785122940643866, ""sft"": 0.8468562670892403}"
uncentered_stable_rank,formal_rr2s_llama_state_spectrum,RR2S_llama_state_spectrum_module.csv,stable_rank_contraction,max_is_deepest,all,llama,80,E_general,mlp.gate_proj,0.01,0.0054627189087228,opd,True,True,False,False,0.0054627189087228,0.0045402346188894,0.0009224842898333998,"{""offkd"": 0.0045402346188894, ""opd"": 0.0054627189087228, ""seqkd"": 0.0036316184204225, ""sft"": 0.0027312783096169}"
uncentered_stable_rank,formal_rr2s_llama_state_spectrum,RR2S_llama_state_spectrum_module.csv,stable_rank_contraction,max_is_deepest,all,llama,80,E_general,mlp.gate_proj,0.025,0.0054627189087228,opd,True,True,False,False,0.0054627189087228,0.0045402346188894,0.0009224842898333998,"{""offkd"": 0.0045402346188894, ""opd"": 0.0054627189087228, ""seqkd"": 0.0036316184204225, ""sft"": 0.0027312783096169}"
uncentered_stable_rank,formal_rr2s_llama_state_spectrum,RR2S_llama_state_spectrum_module.csv,stable_rank_contraction,max_is_deepest,all,llama,80,E_general,mlp.gate_proj,0.05,0.0054627189087228,opd,True,True,False,False,0.0054627189087228,0.0045402346188894,0.0009224842898333998,"{""offkd"": 0.0045402346188894, ""opd"": 0.0054627189087228, ""seqkd"": 0.0036316184204225, ""sft"": 0.0027312783096169}"
uncentered_stable_rank,formal_rr2s_llama_state_spectrum,RR2S_llama_state_spectrum_module.csv,stable_rank_contraction,max_is_deepest,all,llama,80,E_general,mlp.gate_proj,0.1,0.0054627189087228,opd,True,True,False,False,0.0054627189087228,0.0045402346188894,0.0009224842898333998,"{""offkd"": 0.0045402346188894, ""opd"": 0.0054627189087228, ""seqkd"": 0.0036316184204225, ""sft"": 0.0027312783096169}"
uncentered_stable_rank,formal_rr2s_llama_state_spectrum,RR2S_llama_state_spectrum_module.csv,stable_rank_contraction,max_is_deepest,all,llama,80,E_general,mlp.up_proj,0.01,0.2186327584640945,opd,True,True,False,False,0.2186327584640945,0.0841832261735646,0.13444953229052992,"{""offkd"": 0.0662161816477455, ""opd"": 0.2186327584640945, ""seqkd"": 0.0231917100768566, ""sft"": 0.0841832261735646}"
uncentered_stable_rank,formal_rr2s_llama_state_spectrum,RR2S_llama_state_spectrum_module.csv,stable_rank_contraction,max_is_deepest,all,llama,80,E_general,mlp.up_proj,0.025,0.2186327584640945,opd,True,True,False,False,0.2186327584640945,0.0841832261735646,0.13444953229052992,"{""offkd"": 0.0662161816477455, ""opd"": 0.2186327584640945, ""seqkd"": 0.0231917100768566, ""sft"": 0.0841832261735646}"
uncentered_stable_rank,formal_rr2s_llama_state_spectrum,RR2S_llama_state_spectrum_module.csv,stable_rank_contraction,max_is_deepest,all,llama,80,E_general,mlp.up_proj,0.05,0.2186327584640945,opd,True,True,False,False,0.2186327584640945,0.0841832261735646,0.13444953229052992,"{""offkd"": 0.0662161816477455, ""opd"": 0.2186327584640945, ""seqkd"": 0.0231917100768566, ""sft"": 0.0841832261735646}"
uncentered_stable_rank,formal_rr2s_llama_state_spectrum,RR2S_llama_state_spectrum_module.csv,stable_rank_contraction,max_is_deepest,all,llama,80,E_general,mlp.up_proj,0.1,0.2186327584640945,opd,True,True,False,False,0.2186327584640945,0.0841832261735646,0.13444953229052992,"{""offkd"": 0.0662161816477455, ""opd"": 0.2186327584640945, ""seqkd"": 0.0231917100768566, ""sft"": 0.0841832261735646}"
uncentered_stable_rank,formal_rr2s_llama_state_spectrum,RR2S_llama_state_spectrum_module.csv,stable_rank_contraction,max_is_deepest,all,llama,80,E_general,self_attn.k_proj,0.01,0.0021080371999737,opd,True,True,False,False,0.0021080371999737,-0.0051698212146906,0.0072778584146643,"{""offkd"": -0.0051698212146906, ""opd"": 0.0021080371999737, ""seqkd"": -0.0065708091118674, ""sft"": -0.0146112033576781}"
uncentered_stable_rank,formal_rr2s_llama_state_spectrum,RR2S_llama_state_spectrum_module.csv,stable_rank_contraction,max_is_deepest,all,llama,80,E_general,self_attn.k_proj,0.025,0.0021080371999737,opd,True,True,False,False,0.0021080371999737,-0.0051698212146906,0.0072778584146643,"{""offkd"": -0.0051698212146906, ""opd"": 0.0021080371999737, ""seqkd"": -0.0065708091118674, ""sft"": -0.0146112033576781}"
uncentered_stable_rank,formal_rr2s_llama_state_spectrum,RR2S_llama_state_spectrum_module.csv,stable_rank_contraction,max_is_deepest,all,llama,80,E_general,self_attn.k_proj,0.05,0.0021080371999737,opd,True,True,False,False,0.0021080371999737,-0.0051698212146906,0.0072778584146643,"{""offkd"": -0.0051698212146906, ""opd"": 0.0021080371999737, ""seqkd"": -0.0065708091118674, ""sft"": -0.0146112033576781}"
uncentered_stable_rank,formal_rr2s_llama_state_spectrum,RR2S_llama_state_spectrum_module.csv,stable_rank_contraction,max_is_deepest,all,llama,80,E_general,self_attn.k_proj,0.1,0.0021080371999737,opd,True,True,False,False,0.0021080371999737,-0.0051698212146906,0.0072778584146643,"{""offkd"": -0.0051698212146906, ""opd"": 0.0021080371999737, ""seqkd"": -0.0065708091118674, ""sft"": -0.0146112033576781}"
uncentered_stable_rank,formal_rr2s_llama_state_spectrum,RR2S_llama_state_spectrum_module.csv,stable_rank_contraction,max_is_deepest,all,llama,80,E_general,self_attn.o_proj,0.01,1.2344621588137077,opd,True,True,False,False,1.2344621588137077,0.5812764358914677,0.65318572292224,"{""offkd"": 0.2912112887081797, ""opd"": 1.2344621588137077, ""seqkd"": 0.1876270213560147, ""sft"": 0.5812764358914677}"
uncentered_stable_rank,formal_rr2s_llama_state_spectrum,RR2S_llama_state_spectrum_module.csv,stable_rank_contraction,max_is_deepest,all,llama,80,E_general,self_attn.o_proj,0.025,1.2344621588137077,opd,True,True,False,False,1.2344621588137077,0.5812764358914677,0.65318572292224,"{""offkd"": 0.2912112887081797, ""opd"": 1.2344621588137077, ""seqkd"": 0.1876270213560147, ""sft"": 0.5812764358914677}"
uncentered_stable_rank,formal_rr2s_llama_state_spectrum,RR2S_llama_state_spectrum_module.csv,stable_rank_contraction,max_is_deepest,all,llama,80,E_general,self_attn.o_proj,0.05,1.2344621588137077,opd,True,True,False,False,1.2344621588137077,0.5812764358914677,0.65318572292224,"{""offkd"": 0.2912112887081797, ""opd"": 1.2344621588137077, ""seqkd"": 0.1876270213560147, ""sft"": 0.5812764358914677}"
uncentered_stable_rank,formal_rr2s_llama_state_spectrum,RR2S_llama_state_spectrum_module.csv,stable_rank_contraction,max_is_deepest,all,llama,80,E_general,self_attn.o_proj,0.1,1.2344621588137077,opd,True,True,False,False,1.2344621588137077,0.5812764358914677,0.65318572292224,"{""offkd"": 0.2912112887081797, ""opd"": 1.2344621588137077, ""seqkd"": 0.1876270213560147, ""sft"": 0.5812764358914677}"
uncentered_stable_rank,formal_rr2s_llama_state_spectrum,RR2S_llama_state_spectrum_module.csv,stable_rank_contraction,max_is_deepest,all,llama,80,E_general,self_attn.q_proj,0.01,0.00279784075738,opd,True,True,False,False,0.00279784075738,-0.0003884277147465,0.0031862684721265,"{""offkd"": -0.0003884277147465, ""opd"": 0.00279784075738, ""seqkd"": -0.0010343052190198, ""sft"": -0.0047203255836727}"
uncentered_stable_rank,formal_rr2s_llama_state_spectrum,RR2S_llama_state_spectrum_module.csv,stable_rank_contraction,max_is_deepest,all,llama,80,E_general,self_attn.q_proj,0.025,0.00279784075738,opd,True,True,False,False,0.00279784075738,-0.0003884277147465,0.0031862684721265,"{""offkd"": -0.0003884277147465, ""opd"": 0.00279784075738, ""seqkd"": -0.0010343052190198, ""sft"": -0.0047203255836727}"
uncentered_stable_rank,formal_rr2s_llama_state_spectrum,RR2S_llama_state_spectrum_module.csv,stable_rank_contraction,max_is_deepest,all,llama,80,E_general,self_attn.q_proj,0.05,0.00279784075738,opd,True,True,False,False,0.00279784075738,-0.0003884277147465,0.0031862684721265,"{""offkd"": -0.0003884277147465, ""opd"": 0.00279784075738, ""seqkd"": -0.0010343052190198, ""sft"": -0.0047203255836727}"
uncentered_stable_rank,formal_rr2s_llama_state_spectrum,RR2S_llama_state_spectrum_module.csv,stable_rank_contraction,max_is_deepest,all,llama,80,E_general,self_attn.q_proj,0.1,0.00279784075738,opd,True,True,False,False,0.00279784075738,-0.0003884277147465,0.0031862684721265,"{""offkd"": -0.0003884277147465, ""opd"": 0.00279784075738, ""seqkd"": -0.0010343052190198, ""sft"": -0.0047203255836727}"
uncentered_stable_rank,formal_rr2s_llama_state_spectrum,RR2S_llama_state_spectrum_module.csv,stable_rank_contraction,max_is_deepest,all,llama,80,E_general,self_attn.v_proj,0.01,0.8782337491915477,opd,True,True,False,False,0.8782337491915477,0.4780391873365168,0.40019456185503094,"{""offkd"": -0.0855644687878829, ""opd"": 0.8782337491915477, ""seqkd"": -0.2335605878046571, ""sft"": 0.4780391873365168}"
uncentered_stable_rank,formal_rr2s_llama_state_spectrum,RR2S_llama_state_spectrum_module.csv,stable_rank_contraction,max_is_deepest,all,llama,80,E_general,self_attn.v_proj,0.025,0.8782337491915477,opd,True,True,False,False,0.8782337491915477,0.4780391873365168,0.40019456185503094,"{""offkd"": -0.0855644687878829, ""opd"": 0.8782337491915477, ""seqkd"": -0.2335605878046571, ""sft"": 0.4780391873365168}"
uncentered_stable_rank,formal_rr2s_llama_state_spectrum,RR2S_llama_state_spectrum_module.csv,stable_rank_contraction,max_is_deepest,all,llama,80,E_general,self_attn.v_proj,0.05,0.8782337491915477,opd,True,True,False,False,0.8782337491915477,0.4780391873365168,0.40019456185503094,"{""offkd"": -0.0855644687878829, ""opd"": 0.8782337491915477, ""seqkd"": -0.2335605878046571, ""sft"": 0.4780391873365168}"
uncentered_stable_rank,formal_rr2s_llama_state_spectrum,RR2S_llama_state_spectrum_module.csv,stable_rank_contraction,max_is_deepest,all,llama,80,E_general,self_attn.v_proj,0.1,0.8782337491915477,opd,True,True,False,False,0.8782337491915477,0.4780391873365168,0.40019456185503094,"{""offkd"": -0.0855644687878829, ""opd"": 0.8782337491915477, ""seqkd"": -0.2335605878046571, ""sft"": 0.4780391873365168}"
uncentered_stable_rank,formal_rr2s_llama_state_spectrum,RR2S_llama_state_spectrum_module.csv,stable_rank_contraction,max_is_deepest,all,llama,80,E_if,mlp.down_proj,0.01,0.6434374276091983,opd,True,True,False,False,0.6434374276091983,0.4716447068606939,0.17179272074850443,"{""offkd"": 0.1256207512405804, ""opd"": 0.6434374276091983, ""seqkd"": -0.0396775678943921, ""sft"": 0.4716447068606939}"
uncentered_stable_rank,formal_rr2s_llama_state_spectrum,RR2S_llama_state_spectrum_module.csv,stable_rank_contraction,max_is_deepest,all,llama,80,E_if,mlp.down_proj,0.025,0.6434374276091983,opd,True,True,False,False,0.6434374276091983,0.4716447068606939,0.17179272074850443,"{""offkd"": 0.1256207512405804, ""opd"": 0.6434374276091983, ""seqkd"": -0.0396775678943921, ""sft"": 0.4716447068606939}"
uncentered_stable_rank,formal_rr2s_llama_state_spectrum,RR2S_llama_state_spectrum_module.csv,stable_rank_contraction,max_is_deepest,all,llama,80,E_if,mlp.down_proj,0.05,0.6434374276091983,opd,True,True,False,False,0.6434374276091983,0.4716447068606939,0.17179272074850443,"{""offkd"": 0.1256207512405804, ""opd"": 0.6434374276091983, ""seqkd"": -0.0396775678943921, ""sft"": 0.4716447068606939}"
uncentered_stable_rank,formal_rr2s_llama_state_spectrum,RR2S_llama_state_spectrum_module.csv,stable_rank_contraction,max_is_deepest,all,llama,80,E_if,mlp.down_proj,0.1,0.6434374276091983,opd,True,True,False,False,0.6434374276091983,0.4716447068606939,0.17179272074850443,"{""offkd"": 0.1256207512405804, ""opd"": 0.6434374276091983, ""seqkd"": -0.0396775678943921, ""sft"": 0.4716447068606939}"
uncentered_stable_rank,formal_rr2s_llama_state_spectrum,RR2S_llama_state_spectrum_module.csv,stable_rank_contraction,max_is_deepest,all,llama,80,E_if,mlp.gate_proj,0.01,0.0202321905225293,opd,True,True,False,False,0.0202321905225293,0.0107243511895185,0.009507839333010802,"{""offkd"": 0.0107243511895185, ""opd"": 0.0202321905225293, ""seqkd"": 0.0080605698584521, ""sft"": 0.0090763182439963}"
uncentered_stable_rank,formal_rr2s_llama_state_spectrum,RR2S_llama_state_spectrum_module.csv,stable_rank_contraction,max_is_deepest,all,llama,80,E_if,mlp.gate_proj,0.025,0.0202321905225293,opd,True,True,False,False,0.0202321905225293,0.0107243511895185,0.009507839333010802,"{""offkd"": 0.0107243511895185, ""opd"": 0.0202321905225293, ""seqkd"": 0.0080605698584521, ""sft"": 0.0090763182439963}"
uncentered_stable_rank,formal_rr2s_llama_state_spectrum,RR2S_llama_state_spectrum_module.csv,stable_rank_contraction,max_is_deepest,all,llama,80,E_if,mlp.gate_proj,0.05,0.0202321905225293,opd,True,True,False,False,0.0202321905225293,0.0107243511895185,0.009507839333010802,"{""offkd"": 0.0107243511895185, ""opd"": 0.0202321905225293, ""seqkd"": 0.0080605698584521, ""sft"": 0.0090763182439963}"
uncentered_stable_rank,formal_rr2s_llama_state_spectrum,RR2S_llama_state_spectrum_module.csv,stable_rank_contraction,max_is_deepest,all,llama,80,E_if,mlp.gate_proj,0.1,0.0202321905225293,opd,True,True,False,False,0.0202321905225293,0.0107243511895185,0.009507839333010802,"{""offkd"": 0.0107243511895185, ""opd"": 0.0202321905225293, ""seqkd"": 0.0080605698584521, ""sft"": 0.0090763182439963}"
uncentered_stable_rank,formal_rr2s_llama_state_spectrum,RR2S_llama_state_spectrum_module.csv,stable_rank_contraction,max_is_deepest,all,llama,80,E_if,mlp.up_proj,0.01,0.2461303053133789,opd,True,True,False,False,0.2461303053133789,0.133850828039975,0.1122794772734039,"{""offkd"": 0.085169814541679, ""opd"": 0.2461303053133789, ""seqkd"": 0.0666753720138171, ""sft"": 0.133850828039975}"
uncentered_stable_rank,formal_rr2s_llama_state_spectrum,RR2S_llama_state_spectrum_module.csv,stable_rank_contraction,max_is_deepest,all,llama,80,E_if,mlp.up_proj,0.025,0.2461303053133789,opd,True,True,False,False,0.2461303053133789,0.133850828039975,0.1122794772734039,"{""offkd"": 0.085169814541679, ""opd"": 0.2461303053133789, ""seqkd"": 0.0666753720138171, ""sft"": 0.133850828039975}"
uncentered_stable_rank,formal_rr2s_llama_state_spectrum,RR2S_llama_state_spectrum_module.csv,stable_rank_contraction,max_is_deepest,all,llama,80,E_if,mlp.up_proj,0.05,0.2461303053133789,opd,True,True,False,False,0.2461303053133789,0.133850828039975,0.1122794772734039,"{""offkd"": 0.085169814541679, ""opd"": 0.2461303053133789, ""seqkd"": 0.0666753720138171, ""sft"": 0.133850828039975}"
uncentered_stable_rank,formal_rr2s_llama_state_spectrum,RR2S_llama_state_spectrum_module.csv,stable_rank_contraction,max_is_deepest,all,llama,80,E_if,mlp.up_proj,0.1,0.2461303053133789,opd,True,True,False,False,0.2461303053133789,0.133850828039975,0.1122794772734039,"{""offkd"": 0.085169814541679, ""opd"": 0.2461303053133789, ""seqkd"": 0.0666753720138171, ""sft"": 0.133850828039975}"
uncentered_stable_rank,formal_rr2s_llama_state_spectrum,RR2S_llama_state_spectrum_module.csv,stable_rank_contraction,max_is_deepest,all,llama,80,E_if,self_attn.k_proj,0.01,-0.0030608253575239,opd,True,True,False,False,-0.0030608253575239,-0.0082913224186724,0.005230497061148501,"{""offkd"": -0.0082913224186724, ""opd"": -0.0030608253575239, ""seqkd"": -0.0103218877416251, ""sft"": -0.0127234741086197}"
uncentered_stable_rank,formal_rr2s_llama_state_spectrum,RR2S_llama_state_spectrum_module.csv,stable_rank_contraction,max_is_deepest,all,llama,80,E_if,self_attn.k_proj,0.025,-0.0030608253575239,opd,True,True,False,False,-0.0030608253575239,-0.0082913224186724,0.005230497061148501,"{""offkd"": -0.0082913224186724, ""opd"": -0.0030608253575239, ""seqkd"": -0.0103218877416251, ""sft"": -0.0127234741086197}"
uncentered_stable_rank,formal_rr2s_llama_state_spectrum,RR2S_llama_state_spectrum_module.csv,stable_rank_contraction,max_is_deepest,all,llama,80,E_if,self_attn.k_proj,0.05,-0.0030608253575239,opd,True,True,False,False,-0.0030608253575239,-0.0082913224186724,0.005230497061148501,"{""offkd"": -0.0082913224186724, ""opd"": -0.0030608253575239, ""seqkd"": -0.0103218877416251, ""sft"": -0.0127234741086197}"
uncentered_stable_rank,formal_rr2s_llama_state_spectrum,RR2S_llama_state_spectrum_module.csv,stable_rank_contraction,max_is_deepest,all,llama,80,E_if,self_attn.k_proj,0.1,-0.0030608253575239,opd,True,True,False,False,-0.0030608253575239,-0.0082913224186724,0.005230497061148501,"{""offkd"": -0.0082913224186724, ""opd"": -0.0030608253575239, ""seqkd"": -0.0103218877416251, ""sft"": -0.0127234741086197}"
uncentered_stable_rank,formal_rr2s_llama_state_spectrum,RR2S_llama_state_spectrum_module.csv,stable_rank_contraction,max_is_deepest,all,llama,80,E_if,self_attn.o_proj,0.01,0.3536924700115591,sft,False,False,False,True,0.3344449912163529,0.3536924700115591,-0.01924747879520622,"{""offkd"": 0.1602945282546422, ""opd"": 0.3344449912163529, ""seqkd"": 0.1221918513071429, ""sft"": 0.3536924700115591}"
uncentered_stable_rank,formal_rr2s_llama_state_spectrum,RR2S_llama_state_spectrum_module.csv,stable_rank_contraction,max_is_deepest,all,llama,80,E_if,self_attn.o_proj,0.025,0.3536924700115591,sft,False,False,False,True,0.3344449912163529,0.3536924700115591,-0.01924747879520622,"{""offkd"": 0.1602945282546422, ""opd"": 0.3344449912163529, ""seqkd"": 0.1221918513071429, ""sft"": 0.3536924700115591}"
uncentered_stable_rank,formal_rr2s_llama_state_spectrum,RR2S_llama_state_spectrum_module.csv,stable_rank_contraction,max_is_deepest,all,llama,80,E_if,self_attn.o_proj,0.05,0.3536924700115591,sft,False,False,False,True,0.3344449912163529,0.3536924700115591,-0.01924747879520622,"{""offkd"": 0.1602945282546422, ""opd"": 0.3344449912163529, ""seqkd"": 0.1221918513071429, ""sft"": 0.3536924700115591}"
uncentered_stable_rank,formal_rr2s_llama_state_spectrum,RR2S_llama_state_spectrum_module.csv,stable_rank_contraction,max_is_deepest,all,llama,80,E_if,self_attn.o_proj,0.1,0.3536924700115591,sft,False,False,False,True,0.3344449912163529,0.3536924700115591,-0.01924747879520622,"{""offkd"": 0.1602945282546422, ""opd"": 0.3344449912163529, ""seqkd"": 0.1221918513071429, ""sft"": 0.3536924700115591}"
uncentered_stable_rank,formal_rr2s_llama_state_spectrum,RR2S_llama_state_spectrum_module.csv,stable_rank_contraction,max_is_deepest,all,llama,80,E_if,self_attn.q_proj,0.01,0.0002015918328654,opd,True,True,False,False,0.0002015918328654,-0.0026655937603712,0.0028671855932366,"{""offkd"": -0.0029858144867742, ""opd"": 0.0002015918328654, ""seqkd"": -0.0040032746629714, ""sft"": -0.0026655937603712}"
uncentered_stable_rank,formal_rr2s_llama_state_spectrum,RR2S_llama_state_spectrum_module.csv,stable_rank_contraction,max_is_deepest,all,llama,80,E_if,self_attn.q_proj,0.025,0.0002015918328654,opd,True,True,False,False,0.0002015918328654,-0.0026655937603712,0.0028671855932366,"{""offkd"": -0.0029858144867742, ""opd"": 0.0002015918328654, ""seqkd"": -0.0040032746629714, ""sft"": -0.0026655937603712}"
uncentered_stable_rank,formal_rr2s_llama_state_spectrum,RR2S_llama_state_spectrum_module.csv,stable_rank_contraction,max_is_deepest,all,llama,80,E_if,self_attn.q_proj,0.05,0.0002015918328654,opd,True,True,False,False,0.0002015918328654,-0.0026655937603712,0.0028671855932366,"{""offkd"": -0.0029858144867742, ""opd"": 0.0002015918328654, ""seqkd"": -0.0040032746629714, ""sft"": -0.0026655937603712}"
uncentered_stable_rank,formal_rr2s_llama_state_spectrum,RR2S_llama_state_spectrum_module.csv,stable_rank_contraction,max_is_deepest,all,llama,80,E_if,self_attn.q_proj,0.1,0.0002015918328654,opd,True,True,False,False,0.0002015918328654,-0.0026655937603712,0.0028671855932366,"{""offkd"": -0.0029858144867742, ""opd"": 0.0002015918328654, ""seqkd"": -0.0040032746629714, ""sft"": -0.0026655937603712}"
uncentered_stable_rank,formal_rr2s_llama_state_spectrum,RR2S_llama_state_spectrum_module.csv,stable_rank_contraction,max_is_deepest,all,llama,80,E_if,self_attn.v_proj,0.01,0.7319760604080887,opd,True,True,False,False,0.7319760604080887,0.3453550732702215,0.3866209871378672,"{""offkd"": 0.0763430137164071, ""opd"": 0.7319760604080887, ""seqkd"": 0.0014339545289523, ""sft"": 0.3453550732702215}"
uncentered_stable_rank,formal_rr2s_llama_state_spectrum,RR2S_llama_state_spectrum_module.csv,stable_rank_contraction,max_is_deepest,all,llama,80,E_if,self_attn.v_proj,0.025,0.7319760604080887,opd,True,True,False,False,0.7319760604080887,0.3453550732702215,0.3866209871378672,"{""offkd"": 0.0763430137164071, ""opd"": 0.7319760604080887, ""seqkd"": 0.0014339545289523, ""sft"": 0.3453550732702215}"
uncentered_stable_rank,formal_rr2s_llama_state_spectrum,RR2S_llama_state_spectrum_module.csv,stable_rank_contraction,max_is_deepest,all,llama,80,E_if,self_attn.v_proj,0.05,0.7319760604080887,opd,True,True,False,False,0.7319760604080887,0.3453550732702215,0.3866209871378672,"{""offkd"": 0.0763430137164071, ""opd"": 0.7319760604080887, ""seqkd"": 0.0014339545289523, ""sft"": 0.3453550732702215}"
uncentered_stable_rank,formal_rr2s_llama_state_spectrum,RR2S_llama_state_spectrum_module.csv,stable_rank_contraction,max_is_deepest,all,llama,80,E_if,self_attn.v_proj,0.1,0.7319760604080887,opd,True,True,False,False,0.7319760604080887,0.3453550732702215,0.3866209871378672,"{""offkd"": 0.0763430137164071, ""opd"": 0.7319760604080887, ""seqkd"": 0.0014339545289523, ""sft"": 0.3453550732702215}"
uncentered_stable_rank,formal_rr2s_llama_state_spectrum,RR2S_llama_state_spectrum_module.csv,stable_rank_contraction,max_is_deepest,all,llama,80,E_math,mlp.down_proj,0.01,0.7256720460180901,sft,False,False,False,True,0.5872346770735817,0.7256720460180901,-0.13843736894450842,"{""offkd"": 0.4589103033227815, ""opd"": 0.5872346770735817, ""seqkd"": 0.4398631918962508, ""sft"": 0.7256720460180901}"
uncentered_stable_rank,formal_rr2s_llama_state_spectrum,RR2S_llama_state_spectrum_module.csv,stable_rank_contraction,max_is_deepest,all,llama,80,E_math,mlp.down_proj,0.025,0.7256720460180901,sft,False,False,False,True,0.5872346770735817,0.7256720460180901,-0.13843736894450842,"{""offkd"": 0.4589103033227815, ""opd"": 0.5872346770735817, ""seqkd"": 0.4398631918962508, ""sft"": 0.7256720460180901}"
uncentered_stable_rank,formal_rr2s_llama_state_spectrum,RR2S_llama_state_spectrum_module.csv,stable_rank_contraction,max_is_deepest,all,llama,80,E_math,mlp.down_proj,0.05,0.7256720460180901,sft,False,False,False,True,0.5872346770735817,0.7256720460180901,-0.13843736894450842,"{""offkd"": 0.4589103033227815, ""opd"": 0.5872346770735817, ""seqkd"": 0.4398631918962508, ""sft"": 0.7256720460180901}"
uncentered_stable_rank,formal_rr2s_llama_state_spectrum,RR2S_llama_state_spectrum_module.csv,stable_rank_contraction,max_is_deepest,all,llama,80,E_math,mlp.down_proj,0.1,0.7256720460180901,sft,False,False,False,True,0.5872346770735817,0.7256720460180901,-0.13843736894450842,"{""offkd"": 0.4589103033227815, ""opd"": 0.5872346770735817, ""seqkd"": 0.4398631918962508, ""sft"": 0.7256720460180901}"
uncentered_stable_rank,formal_rr2s_llama_state_spectrum,RR2S_llama_state_spectrum_module.csv,stable_rank_contraction,max_is_deepest,all,llama,80,E_math,mlp.gate_proj,0.01,0.013010028397558,opd,True,True,False,False,0.013010028397558,0.0091323030204024,0.0038777253771556004,"{""offkd"": 0.0091323030204024, ""opd"": 0.013010028397558, ""seqkd"": 0.0079939593437956, ""sft"": 0.0089863646853689}"
uncentered_stable_rank,formal_rr2s_llama_state_spectrum,RR2S_llama_state_spectrum_module.csv,stable_rank_contraction,max_is_deepest,all,llama,80,E_math,mlp.gate_proj,0.025,0.013010028397558,opd,True,True,False,False,0.013010028397558,0.0091323030204024,0.0038777253771556004,"{""offkd"": 0.0091323030204024, ""opd"": 0.013010028397558, ""seqkd"": 0.0079939593437956, ""sft"": 0.0089863646853689}"
uncentered_stable_rank,formal_rr2s_llama_state_spectrum,RR2S_llama_state_spectrum_module.csv,stable_rank_contraction,max_is_deepest,all,llama,80,E_math,mlp.gate_proj,0.05,0.013010028397558,opd,True,True,False,False,0.013010028397558,0.0091323030204024,0.0038777253771556004,"{""offkd"": 0.0091323030204024, ""opd"": 0.013010028397558, ""seqkd"": 0.0079939593437956, ""sft"": 0.0089863646853689}"
uncentered_stable_rank,formal_rr2s_llama_state_spectrum,RR2S_llama_state_spectrum_module.csv,stable_rank_contraction,max_is_deepest,all,llama,80,E_math,mlp.gate_proj,0.1,0.013010028397558,opd,True,True,False,False,0.013010028397558,0.0091323030204024,0.0038777253771556004,"{""offkd"": 0.0091323030204024, ""opd"": 0.013010028397558, ""seqkd"": 0.0079939593437956, ""sft"": 0.0089863646853689}"
uncentered_stable_rank,formal_rr2s_llama_state_spectrum,RR2S_llama_state_spectrum_module.csv,stable_rank_contraction,max_is_deepest,all,llama,80,E_math,mlp.up_proj,0.01,0.1390526979202722,opd,True,True,False,False,0.1390526979202722,0.103146434907495,0.03590626301277719,"{""offkd"": 0.0692142364002603, ""opd"": 0.1390526979202722, ""seqkd"": 0.0628479173955889, ""sft"": 0.103146434907495}"
uncentered_stable_rank,formal_rr2s_llama_state_spectrum,RR2S_llama_state_spectrum_module.csv,stable_rank_contraction,max_is_deepest,all,llama,80,E_math,mlp.up_proj,0.025,0.1390526979202722,opd,True,True,False,False,0.1390526979202722,0.103146434907495,0.03590626301277719,"{""offkd"": 0.0692142364002603, ""opd"": 0.1390526979202722, ""seqkd"": 0.0628479173955889, ""sft"": 0.103146434907495}"
uncentered_stable_rank,formal_rr2s_llama_state_spectrum,RR2S_llama_state_spectrum_module.csv,stable_rank_contraction,max_is_deepest,all,llama,80,E_math,mlp.up_proj,0.05,0.1390526979202722,opd,True,True,False,False,0.1390526979202722,0.103146434907495,0.03590626301277719,"{""offkd"": 0.0692142364002603, ""opd"": 0.1390526979202722, ""seqkd"": 0.0628479173955889, ""sft"": 0.103146434907495}"
uncentered_stable_rank,formal_rr2s_llama_state_spectrum,RR2S_llama_state_spectrum_module.csv,stable_rank_contraction,max_is_deepest,all,llama,80,E_math,mlp.up_proj,0.1,0.1390526979202722,opd,True,True,False,False,0.1390526979202722,0.103146434907495,0.03590626301277719,"{""offkd"": 0.0692142364002603, ""opd"": 0.1390526979202722, ""seqkd"": 0.0628479173955889, ""sft"": 0.103146434907495}"
uncentered_stable_rank,formal_rr2s_llama_state_spectrum,RR2S_llama_state_spectrum_module.csv,stable_rank_contraction,max_is_deepest,all,llama,80,E_math,self_attn.k_proj,0.01,-0.0083824790645683,opd,True,True,False,False,-0.0083824790645683,-0.0131641491997533,0.004781670135185,"{""offkd"": -0.0165656488911909, ""opd"": -0.0083824790645683, ""seqkd"": -0.0169544756939146, ""sft"": -0.0131641491997533}"
uncentered_stable_rank,formal_rr2s_llama_state_spectrum,RR2S_llama_state_spectrum_module.csv,stable_rank_contraction,max_is_deepest,all,llama,80,E_math,self_attn.k_proj,0.025,-0.0083824790645683,opd,True,True,False,False,-0.0083824790645683,-0.0131641491997533,0.004781670135185,"{""offkd"": -0.0165656488911909, ""opd"": -0.0083824790645683, ""seqkd"": -0.0169544756939146, ""sft"": -0.0131641491997533}"
uncentered_stable_rank,formal_rr2s_llama_state_spectrum,RR2S_llama_state_spectrum_module.csv,stable_rank_contraction,max_is_deepest,all,llama,80,E_math,self_attn.k_proj,0.05,-0.0083824790645683,opd,True,True,False,False,-0.0083824790645683,-0.0131641491997533,0.004781670135185,"{""offkd"": -0.0165656488911909, ""opd"": -0.0083824790645683, ""seqkd"": -0.0169544756939146, ""sft"": -0.0131641491997533}"
uncentered_stable_rank,formal_rr2s_llama_state_spectrum,RR2S_llama_state_spectrum_module.csv,stable_rank_contraction,max_is_deepest,all,llama,80,E_math,self_attn.k_proj,0.1,-0.0083824790645683,opd,True,True,False,False,-0.0083824790645683,-0.0131641491997533,0.004781670135185,"{""offkd"": -0.0165656488911909, ""opd"": -0.0083824790645683, ""seqkd"": -0.0169544756939146, ""sft"": -0.0131641491997533}"
uncentered_stable_rank,formal_rr2s_llama_state_spectrum,RR2S_llama_state_spectrum_module.csv,stable_rank_contraction,max_is_deepest,all,llama,80,E_math,self_attn.o_proj,0.01,0.8333633062271932,opd,True,True,False,False,0.8333633062271932,0.5021833683914982,0.331179937835695,"{""offkd"": 0.1596231896227902, ""opd"": 0.8333633062271932, ""seqkd"": 0.0802333386968889, ""sft"": 0.5021833683914982}"
uncentered_stable_rank,formal_rr2s_llama_state_spectrum,RR2S_llama_state_spectrum_module.csv,stable_rank_contraction,max_is_deepest,all,llama,80,E_math,self_attn.o_proj,0.025,0.8333633062271932,opd,True,True,False,False,0.8333633062271932,0.5021833683914982,0.331179937835695,"{""offkd"": 0.1596231896227902, ""opd"": 0.8333633062271932, ""seqkd"": 0.0802333386968889, ""sft"": 0.5021833683914982}"
uncentered_stable_rank,formal_rr2s_llama_state_spectrum,RR2S_llama_state_spectrum_module.csv,stable_rank_contraction,max_is_deepest,all,llama,80,E_math,self_attn.o_proj,0.05,0.8333633062271932,opd,True,True,False,False,0.8333633062271932,0.5021833683914982,0.331179937835695,"{""offkd"": 0.1596231896227902, ""opd"": 0.8333633062271932, ""seqkd"": 0.0802333386968889, ""sft"": 0.5021833683914982}"
uncentered_stable_rank,formal_rr2s_llama_state_spectrum,RR2S_llama_state_spectrum_module.csv,stable_rank_contraction,max_is_deepest,all,llama,80,E_math,self_attn.o_proj,0.1,0.8333633062271932,opd,True,True,False,False,0.8333633062271932,0.5021833683914982,0.331179937835695,"{""offkd"": 0.1596231896227902, ""opd"": 0.8333633062271932, ""seqkd"": 0.0802333386968889, ""sft"": 0.5021833683914982}"
uncentered_stable_rank,formal_rr2s_llama_state_spectrum,RR2S_llama_state_spectrum_module.csv,stable_rank_contraction,max_is_deepest,all,llama,80,E_math,self_attn.q_proj,0.01,0.0048113801032856,opd,True,True,False,False,0.0048113801032856,0.0034181412740226,0.001393238829263,"{""offkd"": -0.0030042777392436, ""opd"": 0.0048113801032856, ""seqkd"": -0.0032147880638311, ""sft"": 0.0034181412740226}"
uncentered_stable_rank,formal_rr2s_llama_state_spectrum,RR2S_llama_state_spectrum_module.csv,stable_rank_contraction,max_is_deepest,all,llama,80,E_math,self_attn.q_proj,0.025,0.0048113801032856,opd,True,True,False,False,0.0048113801032856,0.0034181412740226,0.001393238829263,"{""offkd"": -0.0030042777392436, ""opd"": 0.0048113801032856, ""seqkd"": -0.0032147880638311, ""sft"": 0.0034181412740226}"
uncentered_stable_rank,formal_rr2s_llama_state_spectrum,RR2S_llama_state_spectrum_module.csv,stable_rank_contraction,max_is_deepest,all,llama,80,E_math,self_attn.q_proj,0.05,0.0048113801032856,opd,True,True,False,False,0.0048113801032856,0.0034181412740226,0.001393238829263,"{""offkd"": -0.0030042777392436, ""opd"": 0.0048113801032856, ""seqkd"": -0.0032147880638311, ""sft"": 0.0034181412740226}"
uncentered_stable_rank,formal_rr2s_llama_state_spectrum,RR2S_llama_state_spectrum_module.csv,stable_rank_contraction,max_is_deepest,all,llama,80,E_math,self_attn.q_proj,0.1,0.0048113801032856,opd,True,True,False,False,0.0048113801032856,0.0034181412740226,0.001393238829263,"{""offkd"": -0.0030042777392436, ""opd"": 0.0048113801032856, ""seqkd"": -0.0032147880638311, ""sft"": 0.0034181412740226}"
uncentered_stable_rank,formal_rr2s_llama_state_spectrum,RR2S_llama_state_spectrum_module.csv,stable_rank_contraction,max_is_deepest,all,llama,80,E_math,self_attn.v_proj,0.01,0.6800172689443347,opd,True,True,False,False,0.6800172689443347,0.4784950971168058,0.20152217182752885,"{""offkd"": 0.0802481966684833, ""opd"": 0.6800172689443347, ""seqkd"": 0.0466583040931585, ""sft"": 0.4784950971168058}"
uncentered_stable_rank,formal_rr2s_llama_state_spectrum,RR2S_llama_state_spectrum_module.csv,stable_rank_contraction,max_is_deepest,all,llama,80,E_math,self_attn.v_proj,0.025,0.6800172689443347,opd,True,True,False,False,0.6800172689443347,0.4784950971168058,0.20152217182752885,"{""offkd"": 0.0802481966684833, ""opd"": 0.6800172689443347, ""seqkd"": 0.0466583040931585, ""sft"": 0.4784950971168058}"
uncentered_stable_rank,formal_rr2s_llama_state_spectrum,RR2S_llama_state_spectrum_module.csv,stable_rank_contraction,max_is_deepest,all,llama,80,E_math,self_attn.v_proj,0.05,0.6800172689443347,opd,True,True,False,False,0.6800172689443347,0.4784950971168058,0.20152217182752885,"{""offkd"": 0.0802481966684833, ""opd"": 0.6800172689443347, ""seqkd"": 0.0466583040931585, ""sft"": 0.4784950971168058}"
uncentered_stable_rank,formal_rr2s_llama_state_spectrum,RR2S_llama_state_spectrum_module.csv,stable_rank_contraction,max_is_deepest,all,llama,80,E_math,self_attn.v_proj,0.1,0.6800172689443347,opd,True,True,False,False,0.6800172689443347,0.4784950971168058,0.20152217182752885,"{""offkd"": 0.0802481966684833, ""opd"": 0.6800172689443347, ""seqkd"": 0.0466583040931585, ""sft"": 0.4784950971168058}"
uncentered_stable_rank,formal_rr2s_llama_state_spectrum,RR2S_llama_state_spectrum_module.csv,stable_rank_contraction,max_is_deepest,all,llama,80,E_ood,mlp.down_proj,0.01,1.0885419500789446,opd,True,True,False,False,1.0885419500789446,0.8836416559757971,0.20490029410314747,"{""offkd"": 0.6882070126339617, ""opd"": 1.0885419500789446, ""seqkd"": 0.6055837671577127, ""sft"": 0.8836416559757971}"
uncentered_stable_rank,formal_rr2s_llama_state_spectrum,RR2S_llama_state_spectrum_module.csv,stable_rank_contraction,max_is_deepest,all,llama,80,E_ood,mlp.down_proj,0.025,1.0885419500789446,opd,True,True,False,False,1.0885419500789446,0.8836416559757971,0.20490029410314747,"{""offkd"": 0.6882070126339617, ""opd"": 1.0885419500789446, ""seqkd"": 0.6055837671577127, ""sft"": 0.8836416559757971}"
uncentered_stable_rank,formal_rr2s_llama_state_spectrum,RR2S_llama_state_spectrum_module.csv,stable_rank_contraction,max_is_deepest,all,llama,80,E_ood,mlp.down_proj,0.05,1.0885419500789446,opd,True,True,False,False,1.0885419500789446,0.8836416559757971,0.20490029410314747,"{""offkd"": 0.6882070126339617, ""opd"": 1.0885419500789446, ""seqkd"": 0.6055837671577127, ""sft"": 0.8836416559757971}"
uncentered_stable_rank,formal_rr2s_llama_state_spectrum,RR2S_llama_state_spectrum_module.csv,stable_rank_contraction,max_is_deepest,all,llama,80,E_ood,mlp.down_proj,0.1,1.0885419500789446,opd,True,True,False,False,1.0885419500789446,0.8836416559757971,0.20490029410314747,"{""offkd"": 0.6882070126339617, ""opd"": 1.0885419500789446, ""seqkd"": 0.6055837671577127, ""sft"": 0.8836416559757971}"
uncentered_stable_rank,formal_rr2s_llama_state_spectrum,RR2S_llama_state_spectrum_module.csv,stable_rank_contraction,max_is_deepest,all,llama,80,E_ood,mlp.gate_proj,0.01,0.0114521299265419,opd,True,True,False,False,0.0114521299265419,0.0050716263388574,0.006380503587684501,"{""offkd"": 0.0050716263388574, ""opd"": 0.0114521299265419, ""seqkd"": 0.0035275253932252, ""sft"": 0.0043005409500322}"
uncentered_stable_rank,formal_rr2s_llama_state_spectrum,RR2S_llama_state_spectrum_module.csv,stable_rank_contraction,max_is_deepest,all,llama,80,E_ood,mlp.gate_proj,0.025,0.0114521299265419,opd,True,True,False,False,0.0114521299265419,0.0050716263388574,0.006380503587684501,"{""offkd"": 0.0050716263388574, ""opd"": 0.0114521299265419, ""seqkd"": 0.0035275253932252, ""sft"": 0.0043005409500322}"
uncentered_stable_rank,formal_rr2s_llama_state_spectrum,RR2S_llama_state_spectrum_module.csv,stable_rank_contraction,max_is_deepest,all,llama,80,E_ood,mlp.gate_proj,0.05,0.0114521299265419,opd,True,True,False,False,0.0114521299265419,0.0050716263388574,0.006380503587684501,"{""offkd"": 0.0050716263388574, ""opd"": 0.0114521299265419, ""seqkd"": 0.0035275253932252, ""sft"": 0.0043005409500322}"
uncentered_stable_rank,formal_rr2s_llama_state_spectrum,RR2S_llama_state_spectrum_module.csv,stable_rank_contraction,max_is_deepest,all,llama,80,E_ood,mlp.gate_proj,0.1,0.0114521299265419,opd,True,True,False,False,0.0114521299265419,0.0050716263388574,0.006380503587684501,"{""offkd"": 0.0050716263388574, ""opd"": 0.0114521299265419, ""seqkd"": 0.0035275253932252, ""sft"": 0.0043005409500322}"
uncentered_stable_rank,formal_rr2s_llama_state_spectrum,RR2S_llama_state_spectrum_module.csv,stable_rank_contraction,max_is_deepest,all,llama,80,E_ood,mlp.up_proj,0.01,0.2453631046540119,opd,True,True,False,False,0.2453631046540119,0.0969119659210022,0.1484511387330097,"{""offkd"": 0.0969119659210022, ""opd"": 0.2453631046540119, ""seqkd"": 0.0770831184921343, ""sft"": 0.0827021636547922}"
uncentered_stable_rank,formal_rr2s_llama_state_spectrum,RR2S_llama_state_spectrum_module.csv,stable_rank_contraction,max_is_deepest,all,llama,80,E_ood,mlp.up_proj,0.025,0.2453631046540119,opd,True,True,False,False,0.2453631046540119,0.0969119659210022,0.1484511387330097,"{""offkd"": 0.0969119659210022, ""opd"": 0.2453631046540119, ""seqkd"": 0.0770831184921343, ""sft"": 0.0827021636547922}"
uncentered_stable_rank,formal_rr2s_llama_state_spectrum,RR2S_llama_state_spectrum_module.csv,stable_rank_contraction,max_is_deepest,all,llama,80,E_ood,mlp.up_proj,0.05,0.2453631046540119,opd,True,True,False,False,0.2453631046540119,0.0969119659210022,0.1484511387330097,"{""offkd"": 0.0969119659210022, ""opd"": 0.2453631046540119, ""seqkd"": 0.0770831184921343, ""sft"": 0.0827021636547922}"
uncentered_stable_rank,formal_rr2s_llama_state_spectrum,RR2S_llama_state_spectrum_module.csv,stable_rank_contraction,max_is_deepest,all,llama,80,E_ood,mlp.up_proj,0.1,0.2453631046540119,opd,True,True,False,False,0.2453631046540119,0.0969119659210022,0.1484511387330097,"{""offkd"": 0.0969119659210022, ""opd"": 0.2453631046540119, ""seqkd"": 0.0770831184921343, ""sft"": 0.0827021636547922}"
uncentered_stable_rank,formal_rr2s_llama_state_spectrum,RR2S_llama_state_spectrum_module.csv,stable_rank_contraction,max_is_deepest,all,llama,80,E_ood,self_attn.k_proj,0.01,-0.0047874089911308,opd,True,True,False,False,-0.0047874089911308,-0.0089778185676907,0.0041904095765599005,"{""offkd"": -0.0089778185676907, ""opd"": -0.0047874089911308, ""seqkd"": -0.0091191549827598, ""sft"": -0.0229990482012292}"
uncentered_stable_rank,formal_rr2s_llama_state_spectrum,RR2S_llama_state_spectrum_module.csv,stable_rank_contraction,max_is_deepest,all,llama,80,E_ood,self_attn.k_proj,0.025,-0.0047874089911308,opd,True,True,False,False,-0.0047874089911308,-0.0089778185676907,0.0041904095765599005,"{""offkd"": -0.0089778185676907, ""opd"": -0.0047874089911308, ""seqkd"": -0.0091191549827598, ""sft"": -0.0229990482012292}"
uncentered_stable_rank,formal_rr2s_llama_state_spectrum,RR2S_llama_state_spectrum_module.csv,stable_rank_contraction,max_is_deepest,all,llama,80,E_ood,self_attn.k_proj,0.05,-0.0047874089911308,opd,True,True,False,False,-0.0047874089911308,-0.0089778185676907,0.0041904095765599005,"{""offkd"": -0.0089778185676907, ""opd"": -0.0047874089911308, ""seqkd"": -0.0091191549827598, ""sft"": -0.0229990482012292}"
uncentered_stable_rank,formal_rr2s_llama_state_spectrum,RR2S_llama_state_spectrum_module.csv,stable_rank_contraction,max_is_deepest,all,llama,80,E_ood,self_attn.k_proj,0.1,-0.0047874089911308,opd,True,True,False,False,-0.0047874089911308,-0.0089778185676907,0.0041904095765599005,"{""offkd"": -0.0089778185676907, ""opd"": -0.0047874089911308, ""seqkd"": -0.0091191549827598, ""sft"": -0.0229990482012292}"
uncentered_stable_rank,formal_rr2s_llama_state_spectrum,RR2S_llama_state_spectrum_module.csv,stable_rank_contraction,max_is_deepest,all,llama,80,E_ood,self_attn.o_proj,0.01,0.4823572894991255,opd,True,True,False,False,0.4823572894991255,0.1339889355633525,0.348368353935773,"{""offkd"": -0.031725284670582, ""opd"": 0.4823572894991255, ""seqkd"": -0.0006639525454872, ""sft"": 0.1339889355633525}"
uncentered_stable_rank,formal_rr2s_llama_state_spectrum,RR2S_llama_state_spectrum_module.csv,stable_rank_contraction,max_is_deepest,all,llama,80,E_ood,self_attn.o_proj,0.025,0.4823572894991255,opd,True,True,False,False,0.4823572894991255,0.1339889355633525,0.348368353935773,"{""offkd"": -0.031725284670582, ""opd"": 0.4823572894991255, ""seqkd"": -0.0006639525454872, ""sft"": 0.1339889355633525}"
uncentered_stable_rank,formal_rr2s_llama_state_spectrum,RR2S_llama_state_spectrum_module.csv,stable_rank_contraction,max_is_deepest,all,llama,80,E_ood,self_attn.o_proj,0.05,0.4823572894991255,opd,True,True,False,False,0.4823572894991255,0.1339889355633525,0.348368353935773,"{""offkd"": -0.031725284670582, ""opd"": 0.4823572894991255, ""seqkd"": -0.0006639525454872, ""sft"": 0.1339889355633525}"
uncentered_stable_rank,formal_rr2s_llama_state_spectrum,RR2S_llama_state_spectrum_module.csv,stable_rank_contraction,max_is_deepest,all,llama,80,E_ood,self_attn.o_proj,0.1,0.4823572894991255,opd,True,True,False,False,0.4823572894991255,0.1339889355633525,0.348368353935773,"{""offkd"": -0.031725284670582, ""opd"": 0.4823572894991255, ""seqkd"": -0.0006639525454872, ""sft"": 0.1339889355633525}"
uncentered_stable_rank,formal_rr2s_llama_state_spectrum,RR2S_llama_state_spectrum_module.csv,stable_rank_contraction,max_is_deepest,all,llama,80,E_ood,self_attn.q_proj,0.01,0.0016049443369015,opd,True,True,False,False,0.0016049443369015,-0.0017028371350269,0.0033077814719284,"{""offkd"": -0.0017028371350269, ""opd"": 0.0016049443369015, ""seqkd"": -0.001895760028854, ""sft"": -0.0067051504828179}"
uncentered_stable_rank,formal_rr2s_llama_state_spectrum,RR2S_llama_state_spectrum_module.csv,stable_rank_contraction,max_is_deepest,all,llama,80,E_ood,self_attn.q_proj,0.025,0.0016049443369015,opd,True,True,False,False,0.0016049443369015,-0.0017028371350269,0.0033077814719284,"{""offkd"": -0.0017028371350269, ""opd"": 0.0016049443369015, ""seqkd"": -0.001895760028854, ""sft"": -0.0067051504828179}"
uncentered_stable_rank,formal_rr2s_llama_state_spectrum,RR2S_llama_state_spectrum_module.csv,stable_rank_contraction,max_is_deepest,all,llama,80,E_ood,self_attn.q_proj,0.05,0.0016049443369015,opd,True,True,False,False,0.0016049443369015,-0.0017028371350269,0.0033077814719284,"{""offkd"": -0.0017028371350269, ""opd"": 0.0016049443369015, ""seqkd"": -0.001895760028854, ""sft"": -0.0067051504828179}"
uncentered_stable_rank,formal_rr2s_llama_state_spectrum,RR2S_llama_state_spectrum_module.csv,stable_rank_contraction,max_is_deepest,all,llama,80,E_ood,self_attn.q_proj,0.1,0.0016049443369015,opd,True,True,False,False,0.0016049443369015,-0.0017028371350269,0.0033077814719284,"{""offkd"": -0.0017028371350269, ""opd"": 0.0016049443369015, ""seqkd"": -0.001895760028854, ""sft"": -0.0067051504828179}"
uncentered_stable_rank,formal_rr2s_llama_state_spectrum,RR2S_llama_state_spectrum_module.csv,stable_rank_contraction,max_is_deepest,all,llama,80,E_ood,self_attn.v_proj,0.01,0.8959697675266476,opd,True,True,False,False,0.8959697675266476,0.3697190045365239,0.5262507629901236,"{""offkd"": 0.2768593425526067, ""opd"": 0.8959697675266476, ""seqkd"": 0.2166042772633254, ""sft"": 0.3697190045365239}"
uncentered_stable_rank,formal_rr2s_llama_state_spectrum,RR2S_llama_state_spectrum_module.csv,stable_rank_contraction,max_is_deepest,all,llama,80,E_ood,self_attn.v_proj,0.025,0.8959697675266476,opd,True,True,False,False,0.8959697675266476,0.3697190045365239,0.5262507629901236,"{""offkd"": 0.2768593425526067, ""opd"": 0.8959697675266476, ""seqkd"": 0.2166042772633254, ""sft"": 0.3697190045365239}"
uncentered_stable_rank,formal_rr2s_llama_state_spectrum,RR2S_llama_state_spectrum_module.csv,stable_rank_contraction,max_is_deepest,all,llama,80,E_ood,self_attn.v_proj,0.05,0.8959697675266476,opd,True,True,False,False,0.8959697675266476,0.3697190045365239,0.5262507629901236,"{""offkd"": 0.2768593425526067, ""opd"": 0.8959697675266476, ""seqkd"": 0.2166042772633254, ""sft"": 0.3697190045365239}"
uncentered_stable_rank,formal_rr2s_llama_state_spectrum,RR2S_llama_state_spectrum_module.csv,stable_rank_contraction,max_is_deepest,all,llama,80,E_ood,self_attn.v_proj,0.1,0.8959697675266476,opd,True,True,False,False,0.8959697675266476,0.3697190045365239,0.5262507629901236,"{""offkd"": 0.2768593425526067, ""opd"": 0.8959697675266476, ""seqkd"": 0.2166042772633254, ""sft"": 0.3697190045365239}"
uncentered_entropy_effective_rank,formal_rr2s_llama_state_spectrum,RR2S_llama_state_spectrum_module.csv,entropy_effective_rank_contraction,max_is_deepest,all,llama,20,E_general,mlp.down_proj,0.01,33.96893064373751,opd,True,True,False,False,33.96893064373751,13.234350637330069,20.73458000640744,"{""offkd"": 1.4640213550277394, ""opd"": 33.96893064373751, ""seqkd"": -1.1622565619347824, ""sft"": 13.234350637330069}"
uncentered_entropy_effective_rank,formal_rr2s_llama_state_spectrum,RR2S_llama_state_spectrum_module.csv,entropy_effective_rank_contraction,max_is_deepest,all,llama,20,E_general,mlp.down_proj,0.025,33.96893064373751,opd,True,True,False,False,33.96893064373751,13.234350637330069,20.73458000640744,"{""offkd"": 1.4640213550277394, ""opd"": 33.96893064373751, ""seqkd"": -1.1622565619347824, ""sft"": 13.234350637330069}"
uncentered_entropy_effective_rank,formal_rr2s_llama_state_spectrum,RR2S_llama_state_spectrum_module.csv,entropy_effective_rank_contraction,max_is_deepest,all,llama,20,E_general,mlp.down_proj,0.05,33.96893064373751,opd,True,True,False,False,33.96893064373751,13.234350637330069,20.73458000640744,"{""offkd"": 1.4640213550277394, ""opd"": 33.96893064373751, ""seqkd"": -1.1622565619347824, ""sft"": 13.234350637330069}"
uncentered_entropy_effective_rank,formal_rr2s_llama_state_spectrum,RR2S_llama_state_spectrum_module.csv,entropy_effective_rank_contraction,max_is_deepest,all,llama,20,E_general,mlp.down_proj,0.1,33.96893064373751,opd,True,True,False,False,33.96893064373751,13.234350637330069,20.73458000640744,"{""offkd"": 1.4640213550277394, ""opd"": 33.96893064373751, ""seqkd"": -1.1622565619347824, ""sft"": 13.234350637330069}"
uncentered_entropy_effective_rank,formal_rr2s_llama_state_spectrum,RR2S_llama_state_spectrum_module.csv,entropy_effective_rank_contraction,max_is_deepest,all,llama,20,E_general,mlp.gate_proj,0.01,0.1813038471294046,opd,True,True,False,False,0.1813038471294046,0.0487113972421866,0.132592449887218,"{""offkd"": 0.046445645392648, ""opd"": 0.1813038471294046, ""seqkd"": 0.0309998569023193, ""sft"": 0.0487113972421866}"
uncentered_entropy_effective_rank,formal_rr2s_llama_state_spectrum,RR2S_llama_state_spectrum_module.csv,entropy_effective_rank_contraction,max_is_deepest,all,llama,20,E_general,mlp.gate_proj,0.025,0.1813038471294046,opd,True,True,False,False,0.1813038471294046,0.0487113972421866,0.132592449887218,"{""offkd"": 0.046445645392648, ""opd"": 0.1813038471294046, ""seqkd"": 0.0309998569023193, ""sft"": 0.0487113972421866}"
uncentered_entropy_effective_rank,formal_rr2s_llama_state_spectrum,RR2S_llama_state_spectrum_module.csv,entropy_effective_rank_contraction,max_is_deepest,all,llama,20,E_general,mlp.gate_proj,0.05,0.1813038471294046,opd,True,True,False,False,0.1813038471294046,0.0487113972421866,0.132592449887218,"{""offkd"": 0.046445645392648, ""opd"": 0.1813038471294046, ""seqkd"": 0.0309998569023193, ""sft"": 0.0487113972421866}"
uncentered_entropy_effective_rank,formal_rr2s_llama_state_spectrum,RR2S_llama_state_spectrum_module.csv,entropy_effective_rank_contraction,max_is_deepest,all,llama,20,E_general,mlp.gate_proj,0.1,0.1813038471294046,opd,True,True,False,False,0.1813038471294046,0.0487113972421866,0.132592449887218,"{""offkd"": 0.046445645392648, ""opd"": 0.1813038471294046, ""seqkd"": 0.0309998569023193, ""sft"": 0.0487113972421866}"
uncentered_entropy_effective_rank,formal_rr2s_llama_state_spectrum,RR2S_llama_state_spectrum_module.csv,entropy_effective_rank_contraction,max_is_deepest,all,llama,20,E_general,mlp.up_proj,0.01,12.175229605727964,opd,True,True,False,False,12.175229605727964,3.754246211192026,8.420983394535938,"{""offkd"": 0.8410364391488088, ""opd"": 12.175229605727964, ""seqkd"": -0.848577838526694, ""sft"": 3.754246211192026}"
uncentered_entropy_effective_rank,formal_rr2s_llama_state_spectrum,RR2S_llama_state_spectrum_module.csv,entropy_effective_rank_contraction,max_is_deepest,all,llama,20,E_general,mlp.up_proj,0.025,12.175229605727964,opd,True,True,False,False,12.175229605727964,3.754246211192026,8.420983394535938,"{""offkd"": 0.8410364391488088, ""opd"": 12.175229605727964, ""seqkd"": -0.848577838526694, ""sft"": 3.754246211192026}"
uncentered_entropy_effective_rank,formal_rr2s_llama_state_spectrum,RR2S_llama_state_spectrum_module.csv,entropy_effective_rank_contraction,max_is_deepest,all,llama,20,E_general,mlp.up_proj,0.05,12.175229605727964,opd,True,True,False,False,12.175229605727964,3.754246211192026,8.420983394535938,"{""offkd"": 0.8410364391488088, ""opd"": 12.175229605727964, ""seqkd"": -0.848577838526694, ""sft"": 3.754246211192026}"
uncentered_entropy_effective_rank,formal_rr2s_llama_state_spectrum,RR2S_llama_state_spectrum_module.csv,entropy_effective_rank_contraction,max_is_deepest,all,llama,20,E_general,mlp.up_proj,0.1,12.175229605727964,opd,True,True,False,False,12.175229605727964,3.754246211192026,8.420983394535938,"{""offkd"": 0.8410364391488088, ""opd"": 12.175229605727964, ""seqkd"": -0.848577838526694, ""sft"": 3.754246211192026}"
uncentered_entropy_effective_rank,formal_rr2s_llama_state_spectrum,RR2S_llama_state_spectrum_module.csv,entropy_effective_rank_contraction,max_is_deepest,all,llama,20,E_general,self_attn.k_proj,0.01,0.1391560512995546,opd,True,True,False,False,0.1391560512995546,-0.04289279090837,0.1820488422079246,"{""offkd"": -0.04289279090837, ""opd"": 0.1391560512995546, ""seqkd"": -0.0467556743951043, ""sft"": -0.2500957626847651}"
uncentered_entropy_effective_rank,formal_rr2s_llama_state_spectrum,RR2S_llama_state_spectrum_module.csv,entropy_effective_rank_contraction,max_is_deepest,all,llama,20,E_general,self_attn.k_proj,0.025,0.1391560512995546,opd,True,True,False,False,0.1391560512995546,-0.04289279090837,0.1820488422079246,"{""offkd"": -0.04289279090837, ""opd"": 0.1391560512995546, ""seqkd"": -0.0467556743951043, ""sft"": -0.2500957626847651}"
uncentered_entropy_effective_rank,formal_rr2s_llama_state_spectrum,RR2S_llama_state_spectrum_module.csv,entropy_effective_rank_contraction,max_is_deepest,all,llama,20,E_general,self_attn.k_proj,0.05,0.1391560512995546,opd,True,True,False,False,0.1391560512995546,-0.04289279090837,0.1820488422079246,"{""offkd"": -0.04289279090837, ""opd"": 0.1391560512995546, ""seqkd"": -0.0467556743951043, ""sft"": -0.2500957626847651}"
uncentered_entropy_effective_rank,formal_rr2s_llama_state_spectrum,RR2S_llama_state_spectrum_module.csv,entropy_effective_rank_contraction,max_is_deepest,all,llama,20,E_general,self_attn.k_proj,0.1,0.1391560512995546,opd,True,True,False,False,0.1391560512995546,-0.04289279090837,0.1820488422079246,"{""offkd"": -0.04289279090837, ""opd"": 0.1391560512995546, ""seqkd"": -0.0467556743951043, ""sft"": -0.2500957626847651}"
uncentered_entropy_effective_rank,formal_rr2s_llama_state_spectrum,RR2S_llama_state_spectrum_module.csv,entropy_effective_rank_contraction,max_is_deepest,all,llama,20,E_general,self_attn.o_proj,0.01,24.390928272774037,opd,True,True,False,False,24.390928272774037,4.625607955298506,19.76532031747553,"{""offkd"": -0.8852773872081343, ""opd"": 24.390928272774037, ""seqkd"": -2.578512302491447, ""sft"": 4.625607955298506}"
uncentered_entropy_effective_rank,formal_rr2s_llama_state_spectrum,RR2S_llama_state_spectrum_module.csv,entropy_effective_rank_contraction,max_is_deepest,all,llama,20,E_general,self_attn.o_proj,0.025,24.390928272774037,opd,True,True,False,False,24.390928272774037,4.625607955298506,19.76532031747553,"{""offkd"": -0.8852773872081343, ""opd"": 24.390928272774037, ""seqkd"": -2.578512302491447, ""sft"": 4.625607955298506}"
uncentered_entropy_effective_rank,formal_rr2s_llama_state_spectrum,RR2S_llama_state_spectrum_module.csv,entropy_effective_rank_contraction,max_is_deepest,all,llama,20,E_general,self_attn.o_proj,0.05,24.390928272774037,opd,True,True,False,False,24.390928272774037,4.625607955298506,19.76532031747553,"{""offkd"": -0.8852773872081343, ""opd"": 24.390928272774037, ""seqkd"": -2.578512302491447, ""sft"": 4.625607955298506}"
uncentered_entropy_effective_rank,formal_rr2s_llama_state_spectrum,RR2S_llama_state_spectrum_module.csv,entropy_effective_rank_contraction,max_is_deepest,all,llama,20,E_general,self_attn.o_proj,0.1,24.390928272774037,opd,True,True,False,False,24.390928272774037,4.625607955298506,19.76532031747553,"{""offkd"": -0.8852773872081343, ""opd"": 24.390928272774037, ""seqkd"": -2.578512302491447, ""sft"": 4.625607955298506}"
uncentered_entropy_effective_rank,formal_rr2s_llama_state_spectrum,RR2S_llama_state_spectrum_module.csv,entropy_effective_rank_contraction,max_is_deepest,all,llama,20,E_general,self_attn.q_proj,0.01,0.0897015145794366,opd,True,True,False,False,0.0897015145794366,0.035590213269355,0.05411130131008161,"{""offkd"": 0.0250694628406726, ""opd"": 0.0897015145794366, ""seqkd"": 0.035590213269355, ""sft"": -0.1126610277689348}"
uncentered_entropy_effective_rank,formal_rr2s_llama_state_spectrum,RR2S_llama_state_spectrum_module.csv,entropy_effective_rank_contraction,max_is_deepest,all,llama,20,E_general,self_attn.q_proj,0.025,0.0897015145794366,opd,True,True,False,False,0.0897015145794366,0.035590213269355,0.05411130131008161,"{""offkd"": 0.0250694628406726, ""opd"": 0.0897015145794366, ""seqkd"": 0.035590213269355, ""sft"": -0.1126610277689348}"
uncentered_entropy_effective_rank,formal_rr2s_llama_state_spectrum,RR2S_llama_state_spectrum_module.csv,entropy_effective_rank_contraction,max_is_deepest,all,llama,20,E_general,self_attn.q_proj,0.05,0.0897015145794366,opd,True,True,False,False,0.0897015145794366,0.035590213269355,0.05411130131008161,"{""offkd"": 0.0250694628406726, ""opd"": 0.0897015145794366, ""seqkd"": 0.035590213269355, ""sft"": -0.1126610277689348}"
uncentered_entropy_effective_rank,formal_rr2s_llama_state_spectrum,RR2S_llama_state_spectrum_module.csv,entropy_effective_rank_contraction,max_is_deepest,all,llama,20,E_general,self_attn.q_proj,0.1,0.0897015145794366,opd,True,True,False,False,0.0897015145794366,0.035590213269355,0.05411130131008161,"{""offkd"": 0.0250694628406726, ""opd"": 0.0897015145794366, ""seqkd"": 0.035590213269355, ""sft"": -0.1126610277689348}"
uncentered_entropy_effective_rank,formal_rr2s_llama_state_spectrum,RR2S_llama_state_spectrum_module.csv,entropy_effective_rank_contraction,max_is_deepest,all,llama,20,E_general,self_attn.v_proj,0.01,8.21992554416471,opd,True,True,False,False,8.21992554416471,2.271693471256242,5.948232072908468,"{""offkd"": 0.3153213793235636, ""opd"": 8.21992554416471, ""seqkd"": -0.7762026487397975, ""sft"": 2.271693471256242}"
uncentered_entropy_effective_rank,formal_rr2s_llama_state_spectrum,RR2S_llama_state_spectrum_module.csv,entropy_effective_rank_contraction,max_is_deepest,all,llama,20,E_general,self_attn.v_proj,0.025,8.21992554416471,opd,True,True,False,False,8.21992554416471,2.271693471256242,5.948232072908468,"{""offkd"": 0.3153213793235636, ""opd"": 8.21992554416471, ""seqkd"": -0.7762026487397975, ""sft"": 2.271693471256242}"
uncentered_entropy_effective_rank,formal_rr2s_llama_state_spectrum,RR2S_llama_state_spectrum_module.csv,entropy_effective_rank_contraction,max_is_deepest,all,llama,20,E_general,self_attn.v_proj,0.05,8.21992554416471,opd,True,True,False,False,8.21992554416471,2.271693471256242,5.948232072908468,"{""offkd"": 0.3153213793235636, ""opd"": 8.21992554416471, ""seqkd"": -0.7762026487397975, ""sft"": 2.271693471256242}"
uncentered_entropy_effective_rank,formal_rr2s_llama_state_spectrum,RR2S_llama_state_spectrum_module.csv,entropy_effective_rank_contraction,max_is_deepest,all,llama,20,E_general,self_attn.v_proj,0.1,8.21992554416471,opd,True,True,False,False,8.21992554416471,2.271693471256242,5.948232072908468,"{""offkd"": 0.3153213793235636, ""opd"": 8.21992554416471, ""seqkd"": -0.7762026487397975, ""sft"": 2.271693471256242}"
uncentered_entropy_effective_rank,formal_rr2s_llama_state_spectrum,RR2S_llama_state_spectrum_module.csv,entropy_effective_rank_contraction,max_is_deepest,all,llama,20,E_if,mlp.down_proj,0.01,45.6746365913973,opd,True,True,False,False,45.6746365913973,16.056779352980357,29.617857238416946,"{""offkd"": 14.8434709621705, ""opd"": 45.6746365913973, ""seqkd"": 15.18915110294256, ""sft"": 16.056779352980357}"
uncentered_entropy_effective_rank,formal_rr2s_llama_state_spectrum,RR2S_llama_state_spectrum_module.csv,entropy_effective_rank_contraction,max_is_deepest,all,llama,20,E_if,mlp.down_proj,0.025,45.6746365913973,opd,True,True,False,False,45.6746365913973,16.056779352980357,29.617857238416946,"{""offkd"": 14.8434709621705, ""opd"": 45.6746365913973, ""seqkd"": 15.18915110294256, ""sft"": 16.056779352980357}"
uncentered_entropy_effective_rank,formal_rr2s_llama_state_spectrum,RR2S_llama_state_spectrum_module.csv,entropy_effective_rank_contraction,max_is_deepest,all,llama,20,E_if,mlp.down_proj,0.05,45.6746365913973,opd,True,True,False,False,45.6746365913973,16.056779352980357,29.617857238416946,"{""offkd"": 14.8434709621705, ""opd"": 45.6746365913973, ""seqkd"": 15.18915110294256, ""sft"": 16.056779352980357}"
uncentered_entropy_effective_rank,formal_rr2s_llama_state_spectrum,RR2S_llama_state_spectrum_module.csv,entropy_effective_rank_contraction,max_is_deepest,all,llama,20,E_if,mlp.down_proj,0.1,45.6746365913973,opd,True,True,False,False,45.6746365913973,16.056779352980357,29.617857238416946,"{""offkd"": 14.8434709621705, ""opd"": 45.6746365913973, ""seqkd"": 15.18915110294256, ""sft"": 16.056779352980357}"
uncentered_entropy_effective_rank,formal_rr2s_llama_state_spectrum,RR2S_llama_state_spectrum_module.csv,entropy_effective_rank_contraction,max_is_deepest,all,llama,20,E_if,mlp.gate_proj,0.01,0.6431123875494329,opd,True,True,False,False,0.6431123875494329,0.2224332018609427,0.42067918568849016,"{""offkd"": 0.2149511522273872, ""opd"": 0.6431123875494329, ""seqkd"": 0.2224332018609427, ""sft"": 0.1258327503970111}"
uncentered_entropy_effective_rank,formal_rr2s_llama_state_spectrum,RR2S_llama_state_spectrum_module.csv,entropy_effective_rank_contraction,max_is_deepest,all,llama,20,E_if,mlp.gate_proj,0.025,0.6431123875494329,opd,True,True,False,False,0.6431123875494329,0.2224332018609427,0.42067918568849016,"{""offkd"": 0.2149511522273872, ""opd"": 0.6431123875494329, ""seqkd"": 0.2224332018609427, ""sft"": 0.1258327503970111}"
uncentered_entropy_effective_rank,formal_rr2s_llama_state_spectrum,RR2S_llama_state_spectrum_module.csv,entropy_effective_rank_contraction,max_is_deepest,all,llama,20,E_if,mlp.gate_proj,0.05,0.6431123875494329,opd,True,True,False,False,0.6431123875494329,0.2224332018609427,0.42067918568849016,"{""offkd"": 0.2149511522273872, ""opd"": 0.6431123875494329, ""seqkd"": 0.2224332018609427, ""sft"": 0.1258327503970111}"
uncentered_entropy_effective_rank,formal_rr2s_llama_state_spectrum,RR2S_llama_state_spectrum_module.csv,entropy_effective_rank_contraction,max_is_deepest,all,llama,20,E_if,mlp.gate_proj,0.1,0.6431123875494329,opd,True,True,False,False,0.6431123875494329,0.2224332018609427,0.42067918568849016,"{""offkd"": 0.2149511522273872, ""opd"": 0.6431123875494329, ""seqkd"": 0.2224332018609427, ""sft"": 0.1258327503970111}"
uncentered_entropy_effective_rank,formal_rr2s_llama_state_spectrum,RR2S_llama_state_spectrum_module.csv,entropy_effective_rank_contraction,max_is_deepest,all,llama,20,E_if,mlp.up_proj,0.01,12.615481794621305,opd,True,True,False,False,12.615481794621305,6.6910813017888415,5.924400492832463,"{""offkd"": 6.6910813017888415, ""opd"": 12.615481794621305, ""seqkd"": 6.436630193092213, ""sft"": 5.306147704668064}"
uncentered_entropy_effective_rank,formal_rr2s_llama_state_spectrum,RR2S_llama_state_spectrum_module.csv,entropy_effective_rank_contraction,max_is_deepest,all,llama,20,E_if,mlp.up_proj,0.025,12.615481794621305,opd,True,True,False,False,12.615481794621305,6.6910813017888415,5.924400492832463,"{""offkd"": 6.6910813017888415, ""opd"": 12.615481794621305, ""seqkd"": 6.436630193092213, ""sft"": 5.306147704668064}"
uncentered_entropy_effective_rank,formal_rr2s_llama_state_spectrum,RR2S_llama_state_spectrum_module.csv,entropy_effective_rank_contraction,max_is_deepest,all,llama,20,E_if,mlp.up_proj,0.05,12.615481794621305,opd,True,True,False,False,12.615481794621305,6.6910813017888415,5.924400492832463,"{""offkd"": 6.6910813017888415, ""opd"": 12.615481794621305, ""seqkd"": 6.436630193092213, ""sft"": 5.306147704668064}"
uncentered_entropy_effective_rank,formal_rr2s_llama_state_spectrum,RR2S_llama_state_spectrum_module.csv,entropy_effective_rank_contraction,max_is_deepest,all,llama,20,E_if,mlp.up_proj,0.1,12.615481794621305,opd,True,True,False,False,12.615481794621305,6.6910813017888415,5.924400492832463,"{""offkd"": 6.6910813017888415, ""opd"": 12.615481794621305, ""seqkd"": 6.436630193092213, ""sft"": 5.306147704668064}"
uncentered_entropy_effective_rank,formal_rr2s_llama_state_spectrum,RR2S_llama_state_spectrum_module.csv,entropy_effective_rank_contraction,max_is_deepest,all,llama,20,E_if,self_attn.k_proj,0.01,0.1914610326921826,opd,True,True,False,False,0.1914610326921826,-0.0250368664080102,0.2164978991001928,"{""offkd"": -0.0416853258817528, ""opd"": 0.1914610326921826, ""seqkd"": -0.0250368664080102, ""sft"": -0.1565949867922516}"
uncentered_entropy_effective_rank,formal_rr2s_llama_state_spectrum,RR2S_llama_state_spectrum_module.csv,entropy_effective_rank_contraction,max_is_deepest,all,llama,20,E_if,self_attn.k_proj,0.025,0.1914610326921826,opd,True,True,False,False,0.1914610326921826,-0.0250368664080102,0.2164978991001928,"{""offkd"": -0.0416853258817528, ""opd"": 0.1914610326921826, ""seqkd"": -0.0250368664080102, ""sft"": -0.1565949867922516}"
uncentered_entropy_effective_rank,formal_rr2s_llama_state_spectrum,RR2S_llama_state_spectrum_module.csv,entropy_effective_rank_contraction,max_is_deepest,all,llama,20,E_if,self_attn.k_proj,0.05,0.1914610326921826,opd,True,True,False,False,0.1914610326921826,-0.0250368664080102,0.2164978991001928,"{""offkd"": -0.0416853258817528, ""opd"": 0.1914610326921826, ""seqkd"": -0.0250368664080102, ""sft"": -0.1565949867922516}"
uncentered_entropy_effective_rank,formal_rr2s_llama_state_spectrum,RR2S_llama_state_spectrum_module.csv,entropy_effective_rank_contraction,max_is_deepest,all,llama,20,E_if,self_attn.k_proj,0.1,0.1914610326921826,opd,True,True,False,False,0.1914610326921826,-0.0250368664080102,0.2164978991001928,"{""offkd"": -0.0416853258817528, ""opd"": 0.1914610326921826, ""seqkd"": -0.0250368664080102, ""sft"": -0.1565949867922516}"
uncentered_entropy_effective_rank,formal_rr2s_llama_state_spectrum,RR2S_llama_state_spectrum_module.csv,entropy_effective_rank_contraction,max_is_deepest,all,llama,20,E_if,self_attn.o_proj,0.01,22.786707979227657,opd,True,True,False,False,22.786707979227657,6.729956281475779,16.056751697751878,"{""offkd"": 4.372285091217918, ""opd"": 22.786707979227657, ""seqkd"": 3.69642983200049, ""sft"": 6.729956281475779}"
uncentered_entropy_effective_rank,formal_rr2s_llama_state_spectrum,RR2S_llama_state_spectrum_module.csv,entropy_effective_rank_contraction,max_is_deepest,all,llama,20,E_if,self_attn.o_proj,0.025,22.786707979227657,opd,True,True,False,False,22.786707979227657,6.729956281475779,16.056751697751878,"{""offkd"": 4.372285091217918, ""opd"": 22.786707979227657, ""seqkd"": 3.69642983200049, ""sft"": 6.729956281475779}"
uncentered_entropy_effective_rank,formal_rr2s_llama_state_spectrum,RR2S_llama_state_spectrum_module.csv,entropy_effective_rank_contraction,max_is_deepest,all,llama,20,E_if,self_attn.o_proj,0.05,22.786707979227657,opd,True,True,False,False,22.786707979227657,6.729956281475779,16.056751697751878,"{""offkd"": 4.372285091217918, ""opd"": 22.786707979227657, ""seqkd"": 3.69642983200049, ""sft"": 6.729956281475779}"
uncentered_entropy_effective_rank,formal_rr2s_llama_state_spectrum,RR2S_llama_state_spectrum_module.csv,entropy_effective_rank_contraction,max_is_deepest,all,llama,20,E_if,self_attn.o_proj,0.1,22.786707979227657,opd,True,True,False,False,22.786707979227657,6.729956281475779,16.056751697751878,"{""offkd"": 4.372285091217918, ""opd"": 22.786707979227657, ""seqkd"": 3.69642983200049, ""sft"": 6.729956281475779}"
uncentered_entropy_effective_rank,formal_rr2s_llama_state_spectrum,RR2S_llama_state_spectrum_module.csv,entropy_effective_rank_contraction,max_is_deepest,all,llama,20,E_if,self_attn.q_proj,0.01,0.1060396230393481,opd,True,True,False,False,0.1060396230393481,0.0781747455257217,0.027864877513626388,"{""offkd"": 0.0518544386380153, ""opd"": 0.1060396230393481, ""seqkd"": 0.0781747455257217, ""sft"": -0.0586344900805588}"
uncentered_entropy_effective_rank,formal_rr2s_llama_state_spectrum,RR2S_llama_state_spectrum_module.csv,entropy_effective_rank_contraction,max_is_deepest,all,llama,20,E_if,self_attn.q_proj,0.025,0.1060396230393481,opd,True,True,False,False,0.1060396230393481,0.0781747455257217,0.027864877513626388,"{""offkd"": 0.0518544386380153, ""opd"": 0.1060396230393481, ""seqkd"": 0.0781747455257217, ""sft"": -0.0586344900805588}"
uncentered_entropy_effective_rank,formal_rr2s_llama_state_spectrum,RR2S_llama_state_spectrum_module.csv,entropy_effective_rank_contraction,max_is_deepest,all,llama,20,E_if,self_attn.q_proj,0.05,0.1060396230393481,opd,True,True,False,False,0.1060396230393481,0.0781747455257217,0.027864877513626388,"{""offkd"": 0.0518544386380153, ""opd"": 0.1060396230393481, ""seqkd"": 0.0781747455257217, ""sft"": -0.0586344900805588}"
uncentered_entropy_effective_rank,formal_rr2s_llama_state_spectrum,RR2S_llama_state_spectrum_module.csv,entropy_effective_rank_contraction,max_is_deepest,all,llama,20,E_if,self_attn.q_proj,0.1,0.1060396230393481,opd,True,True,False,False,0.1060396230393481,0.0781747455257217,0.027864877513626388,"{""offkd"": 0.0518544386380153, ""opd"": 0.1060396230393481, ""seqkd"": 0.0781747455257217, ""sft"": -0.0586344900805588}"
uncentered_entropy_effective_rank,formal_rr2s_llama_state_spectrum,RR2S_llama_state_spectrum_module.csv,entropy_effective_rank_contraction,max_is_deepest,all,llama,20,E_if,self_attn.v_proj,0.01,10.024995787042258,opd,True,True,False,False,10.024995787042258,3.1384693500854155,6.886526436956842,"{""offkd"": 2.705473227056075, ""opd"": 10.024995787042258, ""seqkd"": 2.177529361999092, ""sft"": 3.1384693500854155}"
uncentered_entropy_effective_rank,formal_rr2s_llama_state_spectrum,RR2S_llama_state_spectrum_module.csv,entropy_effective_rank_contraction,max_is_deepest,all,llama,20,E_if,self_attn.v_proj,0.025,10.024995787042258,opd,True,True,False,False,10.024995787042258,3.1384693500854155,6.886526436956842,"{""offkd"": 2.705473227056075, ""opd"": 10.024995787042258, ""seqkd"": 2.177529361999092, ""sft"": 3.1384693500854155}"
uncentered_entropy_effective_rank,formal_rr2s_llama_state_spectrum,RR2S_llama_state_spectrum_module.csv,entropy_effective_rank_contraction,max_is_deepest,all,llama,20,E_if,self_attn.v_proj,0.05,10.024995787042258,opd,True,True,False,False,10.024995787042258,3.1384693500854155,6.886526436956842,"{""offkd"": 2.705473227056075, ""opd"": 10.024995787042258, ""seqkd"": 2.177529361999092, ""sft"": 3.1384693500854155}"
uncentered_entropy_effective_rank,formal_rr2s_llama_state_spectrum,RR2S_llama_state_spectrum_module.csv,entropy_effective_rank_contraction,max_is_deepest,all,llama,20,E_if,self_attn.v_proj,0.1,10.024995787042258,opd,True,True,False,False,10.024995787042258,3.1384693500854155,6.886526436956842,"{""offkd"": 2.705473227056075, ""opd"": 10.024995787042258, ""seqkd"": 2.177529361999092, ""sft"": 3.1384693500854155}"
uncentered_entropy_effective_rank,formal_rr2s_llama_state_spectrum,RR2S_llama_state_spectrum_module.csv,entropy_effective_rank_contraction,max_is_deepest,all,llama,20,E_math,mlp.down_proj,0.01,20.851885126822992,opd,True,True,False,False,20.851885126822992,8.799779140683142,12.05210598613985,"{""offkd"": 3.9210262505645233, ""opd"": 20.851885126822992, ""seqkd"": 2.6184987391184222, ""sft"": 8.799779140683142}"
uncentered_entropy_effective_rank,formal_rr2s_llama_state_spectrum,RR2S_llama_state_spectrum_module.csv,entropy_effective_rank_contraction,max_is_deepest,all,llama,20,E_math,mlp.down_proj,0.025,20.851885126822992,opd,True,True,False,False,20.851885126822992,8.799779140683142,12.05210598613985,"{""offkd"": 3.9210262505645233, ""opd"": 20.851885126822992, ""seqkd"": 2.6184987391184222, ""sft"": 8.799779140683142}"
uncentered_entropy_effective_rank,formal_rr2s_llama_state_spectrum,RR2S_llama_state_spectrum_module.csv,entropy_effective_rank_contraction,max_is_deepest,all,llama,20,E_math,mlp.down_proj,0.05,20.851885126822992,opd,True,True,False,False,20.851885126822992,8.799779140683142,12.05210598613985,"{""offkd"": 3.9210262505645233, ""opd"": 20.851885126822992, ""seqkd"": 2.6184987391184222, ""sft"": 8.799779140683142}"
uncentered_entropy_effective_rank,formal_rr2s_llama_state_spectrum,RR2S_llama_state_spectrum_module.csv,entropy_effective_rank_contraction,max_is_deepest,all,llama,20,E_math,mlp.down_proj,0.1,20.851885126822992,opd,True,True,False,False,20.851885126822992,8.799779140683142,12.05210598613985,"{""offkd"": 3.9210262505645233, ""opd"": 20.851885126822992, ""seqkd"": 2.6184987391184222, ""sft"": 8.799779140683142}"
uncentered_entropy_effective_rank,formal_rr2s_llama_state_spectrum,RR2S_llama_state_spectrum_module.csv,entropy_effective_rank_contraction,max_is_deepest,all,llama,20,E_math,mlp.gate_proj,0.01,0.3719893952428457,opd,True,True,False,False,0.3719893952428457,0.061405090299587,0.31058430494325867,"{""offkd"": 0.0529881513947643, ""opd"": 0.3719893952428457, ""seqkd"": 0.0410517665416572, ""sft"": 0.061405090299587}"
uncentered_entropy_effective_rank,formal_rr2s_llama_state_spectrum,RR2S_llama_state_spectrum_module.csv,entropy_effective_rank_contraction,max_is_deepest,all,llama,20,E_math,mlp.gate_proj,0.025,0.3719893952428457,opd,True,True,False,False,0.3719893952428457,0.061405090299587,0.31058430494325867,"{""offkd"": 0.0529881513947643, ""opd"": 0.3719893952428457, ""seqkd"": 0.0410517665416572, ""sft"": 0.061405090299587}"
uncentered_entropy_effective_rank,formal_rr2s_llama_state_spectrum,RR2S_llama_state_spectrum_module.csv,entropy_effective_rank_contraction,max_is_deepest,all,llama,20,E_math,mlp.gate_proj,0.05,0.3719893952428457,opd,True,True,False,False,0.3719893952428457,0.061405090299587,0.31058430494325867,"{""offkd"": 0.0529881513947643, ""opd"": 0.3719893952428457, ""seqkd"": 0.0410517665416572, ""sft"": 0.061405090299587}"
uncentered_entropy_effective_rank,formal_rr2s_llama_state_spectrum,RR2S_llama_state_spectrum_module.csv,entropy_effective_rank_contraction,max_is_deepest,all,llama,20,E_math,mlp.gate_proj,0.1,0.3719893952428457,opd,True,True,False,False,0.3719893952428457,0.061405090299587,0.31058430494325867,"{""offkd"": 0.0529881513947643, ""opd"": 0.3719893952428457, ""seqkd"": 0.0410517665416572, ""sft"": 0.061405090299587}"
uncentered_entropy_effective_rank,formal_rr2s_llama_state_spectrum,RR2S_llama_state_spectrum_module.csv,entropy_effective_rank_contraction,max_is_deepest,all,llama,20,E_math,mlp.up_proj,0.01,7.51880108273312,opd,True,True,False,False,7.51880108273312,2.5293561477535604,4.989444934979559,"{""offkd"": 1.1692156582436295, ""opd"": 7.51880108273312, ""seqkd"": 0.4416661346553354, ""sft"": 2.5293561477535604}"
uncentered_entropy_effective_rank,formal_rr2s_llama_state_spectrum,RR2S_llama_state_spectrum_module.csv,entropy_effective_rank_contraction,max_is_deepest,all,llama,20,E_math,mlp.up_proj,0.025,7.51880108273312,opd,True,True,False,False,7.51880108273312,2.5293561477535604,4.989444934979559,"{""offkd"": 1.1692156582436295, ""opd"": 7.51880108273312, ""seqkd"": 0.4416661346553354, ""sft"": 2.5293561477535604}"
uncentered_entropy_effective_rank,formal_rr2s_llama_state_spectrum,RR2S_llama_state_spectrum_module.csv,entropy_effective_rank_contraction,max_is_deepest,all,llama,20,E_math,mlp.up_proj,0.05,7.51880108273312,opd,True,True,False,False,7.51880108273312,2.5293561477535604,4.989444934979559,"{""offkd"": 1.1692156582436295, ""opd"": 7.51880108273312, ""seqkd"": 0.4416661346553354, ""sft"": 2.5293561477535604}"
uncentered_entropy_effective_rank,formal_rr2s_llama_state_spectrum,RR2S_llama_state_spectrum_module.csv,entropy_effective_rank_contraction,max_is_deepest,all,llama,20,E_math,mlp.up_proj,0.1,7.51880108273312,opd,True,True,False,False,7.51880108273312,2.5293561477535604,4.989444934979559,"{""offkd"": 1.1692156582436295, ""opd"": 7.51880108273312, ""seqkd"": 0.4416661346553354, ""sft"": 2.5293561477535604}"
uncentered_entropy_effective_rank,formal_rr2s_llama_state_spectrum,RR2S_llama_state_spectrum_module.csv,entropy_effective_rank_contraction,max_is_deepest,all,llama,20,E_math,self_attn.k_proj,0.01,0.2060582395674473,opd,True,True,False,False,0.2060582395674473,-0.1089629968093692,0.3150212363768165,"{""offkd"": -0.1132213711150651, ""opd"": 0.2060582395674473, ""seqkd"": -0.1089629968093692, ""sft"": -0.1780584271990033}"
uncentered_entropy_effective_rank,formal_rr2s_llama_state_spectrum,RR2S_llama_state_spectrum_module.csv,entropy_effective_rank_contraction,max_is_deepest,all,llama,20,E_math,self_attn.k_proj,0.025,0.2060582395674473,opd,True,True,False,False,0.2060582395674473,-0.1089629968093692,0.3150212363768165,"{""offkd"": -0.1132213711150651, ""opd"": 0.2060582395674473, ""seqkd"": -0.1089629968093692, ""sft"": -0.1780584271990033}"
uncentered_entropy_effective_rank,formal_rr2s_llama_state_spectrum,RR2S_llama_state_spectrum_module.csv,entropy_effective_rank_contraction,max_is_deepest,all,llama,20,E_math,self_attn.k_proj,0.05,0.2060582395674473,opd,True,True,False,False,0.2060582395674473,-0.1089629968093692,0.3150212363768165,"{""offkd"": -0.1132213711150651, ""opd"": 0.2060582395674473, ""seqkd"": -0.1089629968093692, ""sft"": -0.1780584271990033}"
uncentered_entropy_effective_rank,formal_rr2s_llama_state_spectrum,RR2S_llama_state_spectrum_module.csv,entropy_effective_rank_contraction,max_is_deepest,all,llama,20,E_math,self_attn.k_proj,0.1,0.2060582395674473,opd,True,True,False,False,0.2060582395674473,-0.1089629968093692,0.3150212363768165,"{""offkd"": -0.1132213711150651, ""opd"": 0.2060582395674473, ""seqkd"": -0.1089629968093692, ""sft"": -0.1780584271990033}"
uncentered_entropy_effective_rank,formal_rr2s_llama_state_spectrum,RR2S_llama_state_spectrum_module.csv,entropy_effective_rank_contraction,max_is_deepest,all,llama,20,E_math,self_attn.o_proj,0.01,21.71204526440124,opd,True,True,False,False,21.71204526440124,4.845496538033217,16.866548726368023,"{""offkd"": -2.2531197481234813, ""opd"": 21.71204526440124, ""seqkd"": -3.021990099834426, ""sft"": 4.845496538033217}"
uncentered_entropy_effective_rank,formal_rr2s_llama_state_spectrum,RR2S_llama_state_spectrum_module.csv,entropy_effective_rank_contraction,max_is_deepest,all,llama,20,E_math,self_attn.o_proj,0.025,21.71204526440124,opd,True,True,False,False,21.71204526440124,4.845496538033217,16.866548726368023,"{""offkd"": -2.2531197481234813, ""opd"": 21.71204526440124, ""seqkd"": -3.021990099834426, ""sft"": 4.845496538033217}"
uncentered_entropy_effective_rank,formal_rr2s_llama_state_spectrum,RR2S_llama_state_spectrum_module.csv,entropy_effective_rank_contraction,max_is_deepest,all,llama,20,E_math,self_attn.o_proj,0.05,21.71204526440124,opd,True,True,False,False,21.71204526440124,4.845496538033217,16.866548726368023,"{""offkd"": -2.2531197481234813, ""opd"": 21.71204526440124, ""seqkd"": -3.021990099834426, ""sft"": 4.845496538033217}"
uncentered_entropy_effective_rank,formal_rr2s_llama_state_spectrum,RR2S_llama_state_spectrum_module.csv,entropy_effective_rank_contraction,max_is_deepest,all,llama,20,E_math,self_attn.o_proj,0.1,21.71204526440124,opd,True,True,False,False,21.71204526440124,4.845496538033217,16.866548726368023,"{""offkd"": -2.2531197481234813, ""opd"": 21.71204526440124, ""seqkd"": -3.021990099834426, ""sft"": 4.845496538033217}"
uncentered_entropy_effective_rank,formal_rr2s_llama_state_spectrum,RR2S_llama_state_spectrum_module.csv,entropy_effective_rank_contraction,max_is_deepest,all,llama,20,E_math,self_attn.q_proj,0.01,0.2073824316288011,opd,True,True,False,False,0.2073824316288011,0.0542989851503881,0.153083446478413,"{""offkd"": 0.0369896674064165, ""opd"": 0.2073824316288011, ""seqkd"": 0.0542989851503881, ""sft"": 0.0040618961030105}"
uncentered_entropy_effective_rank,formal_rr2s_llama_state_spectrum,RR2S_llama_state_spectrum_module.csv,entropy_effective_rank_contraction,max_is_deepest,all,llama,20,E_math,self_attn.q_proj,0.025,0.2073824316288011,opd,True,True,False,False,0.2073824316288011,0.0542989851503881,0.153083446478413,"{""offkd"": 0.0369896674064165, ""opd"": 0.2073824316288011, ""seqkd"": 0.0542989851503881, ""sft"": 0.0040618961030105}"
uncentered_entropy_effective_rank,formal_rr2s_llama_state_spectrum,RR2S_llama_state_spectrum_module.csv,entropy_effective_rank_contraction,max_is_deepest,all,llama,20,E_math,self_attn.q_proj,0.05,0.2073824316288011,opd,True,True,False,False,0.2073824316288011,0.0542989851503881,0.153083446478413,"{""offkd"": 0.0369896674064165, ""opd"": 0.2073824316288011, ""seqkd"": 0.0542989851503881, ""sft"": 0.0040618961030105}"
uncentered_entropy_effective_rank,formal_rr2s_llama_state_spectrum,RR2S_llama_state_spectrum_module.csv,entropy_effective_rank_contraction,max_is_deepest,all,llama,20,E_math,self_attn.q_proj,0.1,0.2073824316288011,opd,True,True,False,False,0.2073824316288011,0.0542989851503881,0.153083446478413,"{""offkd"": 0.0369896674064165, ""opd"": 0.2073824316288011, ""seqkd"": 0.0542989851503881, ""sft"": 0.0040618961030105}"
uncentered_entropy_effective_rank,formal_rr2s_llama_state_spectrum,RR2S_llama_state_spectrum_module.csv,entropy_effective_rank_contraction,max_is_deepest,all,llama,20,E_math,self_attn.v_proj,0.01,12.075337876090458,opd,True,True,False,False,12.075337876090458,4.415282493713903,7.660055382376555,"{""offkd"": -0.1727447794850434, ""opd"": 12.075337876090458, ""seqkd"": -1.1292253177436749, ""sft"": 4.415282493713903}"
uncentered_entropy_effective_rank,formal_rr2s_llama_state_spectrum,RR2S_llama_state_spectrum_module.csv,entropy_effective_rank_contraction,max_is_deepest,all,llama,20,E_math,self_attn.v_proj,0.025,12.075337876090458,opd,True,True,False,False,12.075337876090458,4.415282493713903,7.660055382376555,"{""offkd"": -0.1727447794850434, ""opd"": 12.075337876090458, ""seqkd"": -1.1292253177436749, ""sft"": 4.415282493713903}"
uncentered_entropy_effective_rank,formal_rr2s_llama_state_spectrum,RR2S_llama_state_spectrum_module.csv,entropy_effective_rank_contraction,max_is_deepest,all,llama,20,E_math,self_attn.v_proj,0.05,12.075337876090458,opd,True,True,False,False,12.075337876090458,4.415282493713903,7.660055382376555,"{""offkd"": -0.1727447794850434, ""opd"": 12.075337876090458, ""seqkd"": -1.1292253177436749, ""sft"": 4.415282493713903}"
uncentered_entropy_effective_rank,formal_rr2s_llama_state_spectrum,RR2S_llama_state_spectrum_module.csv,entropy_effective_rank_contraction,max_is_deepest,all,llama,20,E_math,self_attn.v_proj,0.1,12.075337876090458,opd,True,True,False,False,12.075337876090458,4.415282493713903,7.660055382376555,"{""offkd"": -0.1727447794850434, ""opd"": 12.075337876090458, ""seqkd"": -1.1292253177436749, ""sft"": 4.415282493713903}"
uncentered_entropy_effective_rank,formal_rr2s_llama_state_spectrum,RR2S_llama_state_spectrum_module.csv,entropy_effective_rank_contraction,max_is_deepest,all,llama,20,E_ood,mlp.down_proj,0.01,37.64901130513147,opd,True,True,False,False,37.64901130513147,11.428608166477716,26.22040313865375,"{""offkd"": 7.99521971396257, ""opd"": 37.64901130513147, ""seqkd"": 5.42844938517112, ""sft"": 11.428608166477716}"
uncentered_entropy_effective_rank,formal_rr2s_llama_state_spectrum,RR2S_llama_state_spectrum_module.csv,entropy_effective_rank_contraction,max_is_deepest,all,llama,20,E_ood,mlp.down_proj,0.025,37.64901130513147,opd,True,True,False,False,37.64901130513147,11.428608166477716,26.22040313865375,"{""offkd"": 7.99521971396257, ""opd"": 37.64901130513147, ""seqkd"": 5.42844938517112, ""sft"": 11.428608166477716}"
uncentered_entropy_effective_rank,formal_rr2s_llama_state_spectrum,RR2S_llama_state_spectrum_module.csv,entropy_effective_rank_contraction,max_is_deepest,all,llama,20,E_ood,mlp.down_proj,0.05,37.64901130513147,opd,True,True,False,False,37.64901130513147,11.428608166477716,26.22040313865375,"{""offkd"": 7.99521971396257, ""opd"": 37.64901130513147, ""seqkd"": 5.42844938517112, ""sft"": 11.428608166477716}"
uncentered_entropy_effective_rank,formal_rr2s_llama_state_spectrum,RR2S_llama_state_spectrum_module.csv,entropy_effective_rank_contraction,max_is_deepest,all,llama,20,E_ood,mlp.down_proj,0.1,37.64901130513147,opd,True,True,False,False,37.64901130513147,11.428608166477716,26.22040313865375,"{""offkd"": 7.99521971396257, ""opd"": 37.64901130513147, ""seqkd"": 5.42844938517112, ""sft"": 11.428608166477716}"
uncentered_entropy_effective_rank,formal_rr2s_llama_state_spectrum,RR2S_llama_state_spectrum_module.csv,entropy_effective_rank_contraction,max_is_deepest,all,llama,20,E_ood,mlp.gate_proj,0.01,0.4062524930310447,opd,True,True,False,False,0.4062524930310447,0.0601196964120642,0.3461327966189805,"{""offkd"": 0.0518155736638803, ""opd"": 0.4062524930310447, ""seqkd"": 0.0313256656706304, ""sft"": 0.0601196964120642}"
uncentered_entropy_effective_rank,formal_rr2s_llama_state_spectrum,RR2S_llama_state_spectrum_module.csv,entropy_effective_rank_contraction,max_is_deepest,all,llama,20,E_ood,mlp.gate_proj,0.025,0.4062524930310447,opd,True,True,False,False,0.4062524930310447,0.0601196964120642,0.3461327966189805,"{""offkd"": 0.0518155736638803, ""opd"": 0.4062524930310447, ""seqkd"": 0.0313256656706304, ""sft"": 0.0601196964120642}"
uncentered_entropy_effective_rank,formal_rr2s_llama_state_spectrum,RR2S_llama_state_spectrum_module.csv,entropy_effective_rank_contraction,max_is_deepest,all,llama,20,E_ood,mlp.gate_proj,0.05,0.4062524930310447,opd,True,True,False,False,0.4062524930310447,0.0601196964120642,0.3461327966189805,"{""offkd"": 0.0518155736638803, ""opd"": 0.4062524930310447, ""seqkd"": 0.0313256656706304, ""sft"": 0.0601196964120642}"
uncentered_entropy_effective_rank,formal_rr2s_llama_state_spectrum,RR2S_llama_state_spectrum_module.csv,entropy_effective_rank_contraction,max_is_deepest,all,llama,20,E_ood,mlp.gate_proj,0.1,0.4062524930310447,opd,True,True,False,False,0.4062524930310447,0.0601196964120642,0.3461327966189805,"{""offkd"": 0.0518155736638803, ""opd"": 0.4062524930310447, ""seqkd"": 0.0313256656706304, ""sft"": 0.0601196964120642}"
uncentered_entropy_effective_rank,formal_rr2s_llama_state_spectrum,RR2S_llama_state_spectrum_module.csv,entropy_effective_rank_contraction,max_is_deepest,all,llama,20,E_ood,mlp.up_proj,0.01,15.816307075409384,opd,True,True,False,False,15.816307075409384,4.025040175511464,11.79126689989792,"{""offkd"": 2.7941306784755966, ""opd"": 15.816307075409384, ""seqkd"": 1.5729483968588909, ""sft"": 4.025040175511464}"
uncentered_entropy_effective_rank,formal_rr2s_llama_state_spectrum,RR2S_llama_state_spectrum_module.csv,entropy_effective_rank_contraction,max_is_deepest,all,llama,20,E_ood,mlp.up_proj,0.025,15.816307075409384,opd,True,True,False,False,15.816307075409384,4.025040175511464,11.79126689989792,"{""offkd"": 2.7941306784755966, ""opd"": 15.816307075409384, ""seqkd"": 1.5729483968588909, ""sft"": 4.025040175511464}"
uncentered_entropy_effective_rank,formal_rr2s_llama_state_spectrum,RR2S_llama_state_spectrum_module.csv,entropy_effective_rank_contraction,max_is_deepest,all,llama,20,E_ood,mlp.up_proj,0.05,15.816307075409384,opd,True,True,False,False,15.816307075409384,4.025040175511464,11.79126689989792,"{""offkd"": 2.7941306784755966, ""opd"": 15.816307075409384, ""seqkd"": 1.5729483968588909, ""sft"": 4.025040175511464}"
uncentered_entropy_effective_rank,formal_rr2s_llama_state_spectrum,RR2S_llama_state_spectrum_module.csv,entropy_effective_rank_contraction,max_is_deepest,all,llama,20,E_ood,mlp.up_proj,0.1,15.816307075409384,opd,True,True,False,False,15.816307075409384,4.025040175511464,11.79126689989792,"{""offkd"": 2.7941306784755966, ""opd"": 15.816307075409384, ""seqkd"": 1.5729483968588909, ""sft"": 4.025040175511464}"
uncentered_entropy_effective_rank,formal_rr2s_llama_state_spectrum,RR2S_llama_state_spectrum_module.csv,entropy_effective_rank_contraction,max_is_deepest,all,llama,20,E_ood,self_attn.k_proj,0.01,0.0766590439478918,opd,True,True,False,False,0.0766590439478918,-0.0232359118587446,0.0998949558066364,"{""offkd"": -0.0232359118587446, ""opd"": 0.0766590439478918, ""seqkd"": -0.0355275432640915, ""sft"": -0.283229490141009}"
uncentered_entropy_effective_rank,formal_rr2s_llama_state_spectrum,RR2S_llama_state_spectrum_module.csv,entropy_effective_rank_contraction,max_is_deepest,all,llama,20,E_ood,self_attn.k_proj,0.025,0.0766590439478918,opd,True,True,False,False,0.0766590439478918,-0.0232359118587446,0.0998949558066364,"{""offkd"": -0.0232359118587446, ""opd"": 0.0766590439478918, ""seqkd"": -0.0355275432640915, ""sft"": -0.283229490141009}"
uncentered_entropy_effective_rank,formal_rr2s_llama_state_spectrum,RR2S_llama_state_spectrum_module.csv,entropy_effective_rank_contraction,max_is_deepest,all,llama,20,E_ood,self_attn.k_proj,0.05,0.0766590439478918,opd,True,True,False,False,0.0766590439478918,-0.0232359118587446,0.0998949558066364,"{""offkd"": -0.0232359118587446, ""opd"": 0.0766590439478918, ""seqkd"": -0.0355275432640915, ""sft"": -0.283229490141009}"
uncentered_entropy_effective_rank,formal_rr2s_llama_state_spectrum,RR2S_llama_state_spectrum_module.csv,entropy_effective_rank_contraction,max_is_deepest,all,llama,20,E_ood,self_attn.k_proj,0.1,0.0766590439478918,opd,True,True,False,False,0.0766590439478918,-0.0232359118587446,0.0998949558066364,"{""offkd"": -0.0232359118587446, ""opd"": 0.0766590439478918, ""seqkd"": -0.0355275432640915, ""sft"": -0.283229490141009}"
uncentered_entropy_effective_rank,formal_rr2s_llama_state_spectrum,RR2S_llama_state_spectrum_module.csv,entropy_effective_rank_contraction,max_is_deepest,all,llama,20,E_ood,self_attn.o_proj,0.01,15.95311355936576,opd,True,True,False,False,15.95311355936576,1.2388299113166568,14.714283648049102,"{""offkd"": -3.4819463604932253, ""opd"": 15.95311355936576, ""seqkd"": -0.559351013048456, ""sft"": 1.2388299113166568}"
uncentered_entropy_effective_rank,formal_rr2s_llama_state_spectrum,RR2S_llama_state_spectrum_module.csv,entropy_effective_rank_contraction,max_is_deepest,all,llama,20,E_ood,self_attn.o_proj,0.025,15.95311355936576,opd,True,True,False,False,15.95311355936576,1.2388299113166568,14.714283648049102,"{""offkd"": -3.4819463604932253, ""opd"": 15.95311355936576, ""seqkd"": -0.559351013048456, ""sft"": 1.2388299113166568}"
uncentered_entropy_effective_rank,formal_rr2s_llama_state_spectrum,RR2S_llama_state_spectrum_module.csv,entropy_effective_rank_contraction,max_is_deepest,all,llama,20,E_ood,self_attn.o_proj,0.05,15.95311355936576,opd,True,True,False,False,15.95311355936576,1.2388299113166568,14.714283648049102,"{""offkd"": -3.4819463604932253, ""opd"": 15.95311355936576, ""seqkd"": -0.559351013048456, ""sft"": 1.2388299113166568}"
uncentered_entropy_effective_rank,formal_rr2s_llama_state_spectrum,RR2S_llama_state_spectrum_module.csv,entropy_effective_rank_contraction,max_is_deepest,all,llama,20,E_ood,self_attn.o_proj,0.1,15.95311355936576,opd,True,True,False,False,15.95311355936576,1.2388299113166568,14.714283648049102,"{""offkd"": -3.4819463604932253, ""opd"": 15.95311355936576, ""seqkd"": -0.559351013048456, ""sft"": 1.2388299113166568}"
uncentered_entropy_effective_rank,formal_rr2s_llama_state_spectrum,RR2S_llama_state_spectrum_module.csv,entropy_effective_rank_contraction,max_is_deepest,all,llama,20,E_ood,self_attn.q_proj,0.01,0.1043826011319239,opd,True,True,False,False,0.1043826011319239,0.0690613720077975,0.0353212291241264,"{""offkd"": 0.0507793042951982, ""opd"": 0.1043826011319239, ""seqkd"": 0.0690613720077975, ""sft"": -0.18269031280008}"
uncentered_entropy_effective_rank,formal_rr2s_llama_state_spectrum,RR2S_llama_state_spectrum_module.csv,entropy_effective_rank_contraction,max_is_deepest,all,llama,20,E_ood,self_attn.q_proj,0.025,0.1043826011319239,opd,True,True,False,False,0.1043826011319239,0.0690613720077975,0.0353212291241264,"{""offkd"": 0.0507793042951982, ""opd"": 0.1043826011319239, ""seqkd"": 0.0690613720077975, ""sft"": -0.18269031280008}"
uncentered_entropy_effective_rank,formal_rr2s_llama_state_spectrum,RR2S_llama_state_spectrum_module.csv,entropy_effective_rank_contraction,max_is_deepest,all,llama,20,E_ood,self_attn.q_proj,0.05,0.1043826011319239,opd,True,True,False,False,0.1043826011319239,0.0690613720077975,0.0353212291241264,"{""offkd"": 0.0507793042951982, ""opd"": 0.1043826011319239, ""seqkd"": 0.0690613720077975, ""sft"": -0.18269031280008}"
uncentered_entropy_effective_rank,formal_rr2s_llama_state_spectrum,RR2S_llama_state_spectrum_module.csv,entropy_effective_rank_contraction,max_is_deepest,all,llama,20,E_ood,self_attn.q_proj,0.1,0.1043826011319239,opd,True,True,False,False,0.1043826011319239,0.0690613720077975,0.0353212291241264,"{""offkd"": 0.0507793042951982, ""opd"": 0.1043826011319239, ""seqkd"": 0.0690613720077975, ""sft"": -0.18269031280008}"
uncentered_entropy_effective_rank,formal_rr2s_llama_state_spectrum,RR2S_llama_state_spectrum_module.csv,entropy_effective_rank_contraction,max_is_deepest,all,llama,20,E_ood,self_attn.v_proj,0.01,14.527781878433132,opd,True,True,False,False,14.527781878433132,4.5165823607540005,10.011199517679131,"{""offkd"": 2.0194417998786207, ""opd"": 14.527781878433132, ""seqkd"": 0.7492136878993847, ""sft"": 4.5165823607540005}"
uncentered_entropy_effective_rank,formal_rr2s_llama_state_spectrum,RR2S_llama_state_spectrum_module.csv,entropy_effective_rank_contraction,max_is_deepest,all,llama,20,E_ood,self_attn.v_proj,0.025,14.527781878433132,opd,True,True,False,False,14.527781878433132,4.5165823607540005,10.011199517679131,"{""offkd"": 2.0194417998786207, ""opd"": 14.527781878433132, ""seqkd"": 0.7492136878993847, ""sft"": 4.5165823607540005}"
uncentered_entropy_effective_rank,formal_rr2s_llama_state_spectrum,RR2S_llama_state_spectrum_module.csv,entropy_effective_rank_contraction,max_is_deepest,all,llama,20,E_ood,self_attn.v_proj,0.05,14.527781878433132,opd,True,True,False,False,14.527781878433132,4.5165823607540005,10.011199517679131,"{""offkd"": 2.0194417998786207, ""opd"": 14.527781878433132, ""seqkd"": 0.7492136878993847, ""sft"": 4.5165823607540005}"
uncentered_entropy_effective_rank,formal_rr2s_llama_state_spectrum,RR2S_llama_state_spectrum_module.csv,entropy_effective_rank_contraction,max_is_deepest,all,llama,20,E_ood,self_attn.v_proj,0.1,14.527781878433132,opd,True,True,False,False,14.527781878433132,4.5165823607540005,10.011199517679131,"{""offkd"": 2.0194417998786207, ""opd"": 14.527781878433132, ""seqkd"": 0.7492136878993847, ""sft"": 4.5165823607540005}"
uncentered_entropy_effective_rank,formal_rr2s_llama_state_spectrum,RR2S_llama_state_spectrum_module.csv,entropy_effective_rank_contraction,max_is_deepest,all,llama,40,E_general,mlp.down_proj,0.01,30.34235127214663,opd,True,True,False,False,30.34235127214663,16.933312653156577,13.409038618990053,"{""offkd"": 1.0259927798979334, ""opd"": 30.34235127214663, ""seqkd"": -3.876212006001424, ""sft"": 16.933312653156577}"
uncentered_entropy_effective_rank,formal_rr2s_llama_state_spectrum,RR2S_llama_state_spectrum_module.csv,entropy_effective_rank_contraction,max_is_deepest,all,llama,40,E_general,mlp.down_proj,0.025,30.34235127214663,opd,True,True,False,False,30.34235127214663,16.933312653156577,13.409038618990053,"{""offkd"": 1.0259927798979334, ""opd"": 30.34235127214663, ""seqkd"": -3.876212006001424, ""sft"": 16.933312653156577}"
uncentered_entropy_effective_rank,formal_rr2s_llama_state_spectrum,RR2S_llama_state_spectrum_module.csv,entropy_effective_rank_contraction,max_is_deepest,all,llama,40,E_general,mlp.down_proj,0.05,30.34235127214663,opd,True,True,False,False,30.34235127214663,16.933312653156577,13.409038618990053,"{""offkd"": 1.0259927798979334, ""opd"": 30.34235127214663, ""seqkd"": -3.876212006001424, ""sft"": 16.933312653156577}"
uncentered_entropy_effective_rank,formal_rr2s_llama_state_spectrum,RR2S_llama_state_spectrum_module.csv,entropy_effective_rank_contraction,max_is_deepest,all,llama,40,E_general,mlp.down_proj,0.1,30.34235127214663,opd,True,True,False,False,30.34235127214663,16.933312653156577,13.409038618990053,"{""offkd"": 1.0259927798979334, ""opd"": 30.34235127214663, ""seqkd"": -3.876212006001424, ""sft"": 16.933312653156577}"
uncentered_entropy_effective_rank,formal_rr2s_llama_state_spectrum,RR2S_llama_state_spectrum_module.csv,entropy_effective_rank_contraction,max_is_deepest,all,llama,40,E_general,mlp.gate_proj,0.01,0.2070976460304994,opd,True,True,False,False,0.2070976460304994,0.1042024803233356,0.10289516570716381,"{""offkd"": 0.1042024803233356, ""opd"": 0.2070976460304994, ""seqkd"": 0.074202131555026, ""sft"": 0.0560251377159612}"
uncentered_entropy_effective_rank,formal_rr2s_llama_state_spectrum,RR2S_llama_state_spectrum_module.csv,entropy_effective_rank_contraction,max_is_deepest,all,llama,40,E_general,mlp.gate_proj,0.025,0.2070976460304994,opd,True,True,False,False,0.2070976460304994,0.1042024803233356,0.10289516570716381,"{""offkd"": 0.1042024803233356, ""opd"": 0.2070976460304994, ""seqkd"": 0.074202131555026, ""sft"": 0.0560251377159612}"
uncentered_entropy_effective_rank,formal_rr2s_llama_state_spectrum,RR2S_llama_state_spectrum_module.csv,entropy_effective_rank_contraction,max_is_deepest,all,llama,40,E_general,mlp.gate_proj,0.05,0.2070976460304994,opd,True,True,False,False,0.2070976460304994,0.1042024803233356,0.10289516570716381,"{""offkd"": 0.1042024803233356, ""opd"": 0.2070976460304994, ""seqkd"": 0.074202131555026, ""sft"": 0.0560251377159612}"
uncentered_entropy_effective_rank,formal_rr2s_llama_state_spectrum,RR2S_llama_state_spectrum_module.csv,entropy_effective_rank_contraction,max_is_deepest,all,llama,40,E_general,mlp.gate_proj,0.1,0.2070976460304994,opd,True,True,False,False,0.2070976460304994,0.1042024803233356,0.10289516570716381,"{""offkd"": 0.1042024803233356, ""opd"": 0.2070976460304994, ""seqkd"": 0.074202131555026, ""sft"": 0.0560251377159612}"
uncentered_entropy_effective_rank,formal_rr2s_llama_state_spectrum,RR2S_llama_state_spectrum_module.csv,entropy_effective_rank_contraction,max_is_deepest,all,llama,40,E_general,mlp.up_proj,0.01,14.038441402659885,opd,True,True,False,False,14.038441402659885,4.629084738563279,9.409356664096606,"{""offkd"": 1.3014823847201455, ""opd"": 14.038441402659885, ""seqkd"": -1.2549960730686394, ""sft"": 4.629084738563279}"
uncentered_entropy_effective_rank,formal_rr2s_llama_state_spectrum,RR2S_llama_state_spectrum_module.csv,entropy_effective_rank_contraction,max_is_deepest,all,llama,40,E_general,mlp.up_proj,0.025,14.038441402659885,opd,True,True,False,False,14.038441402659885,4.629084738563279,9.409356664096606,"{""offkd"": 1.3014823847201455, ""opd"": 14.038441402659885, ""seqkd"": -1.2549960730686394, ""sft"": 4.629084738563279}"
uncentered_entropy_effective_rank,formal_rr2s_llama_state_spectrum,RR2S_llama_state_spectrum_module.csv,entropy_effective_rank_contraction,max_is_deepest,all,llama,40,E_general,mlp.up_proj,0.05,14.038441402659885,opd,True,True,False,False,14.038441402659885,4.629084738563279,9.409356664096606,"{""offkd"": 1.3014823847201455, ""opd"": 14.038441402659885, ""seqkd"": -1.2549960730686394, ""sft"": 4.629084738563279}"
uncentered_entropy_effective_rank,formal_rr2s_llama_state_spectrum,RR2S_llama_state_spectrum_module.csv,entropy_effective_rank_contraction,max_is_deepest,all,llama,40,E_general,mlp.up_proj,0.1,14.038441402659885,opd,True,True,False,False,14.038441402659885,4.629084738563279,9.409356664096606,"{""offkd"": 1.3014823847201455, ""opd"": 14.038441402659885, ""seqkd"": -1.2549960730686394, ""sft"": 4.629084738563279}"
uncentered_entropy_effective_rank,formal_rr2s_llama_state_spectrum,RR2S_llama_state_spectrum_module.csv,entropy_effective_rank_contraction,max_is_deepest,all,llama,40,E_general,self_attn.k_proj,0.01,0.1529107707880648,opd,True,True,False,False,0.1529107707880648,-0.0707410206110648,0.2236517913991296,"{""offkd"": -0.0707410206110648, ""opd"": 0.1529107707880648, ""seqkd"": -0.0966691106119679, ""sft"": -0.2928701116994325}"
uncentered_entropy_effective_rank,formal_rr2s_llama_state_spectrum,RR2S_llama_state_spectrum_module.csv,entropy_effective_rank_contraction,max_is_deepest,all,llama,40,E_general,self_attn.k_proj,0.025,0.1529107707880648,opd,True,True,False,False,0.1529107707880648,-0.0707410206110648,0.2236517913991296,"{""offkd"": -0.0707410206110648, ""opd"": 0.1529107707880648, ""seqkd"": -0.0966691106119679, ""sft"": -0.2928701116994325}"
uncentered_entropy_effective_rank,formal_rr2s_llama_state_spectrum,RR2S_llama_state_spectrum_module.csv,entropy_effective_rank_contraction,max_is_deepest,all,llama,40,E_general,self_attn.k_proj,0.05,0.1529107707880648,opd,True,True,False,False,0.1529107707880648,-0.0707410206110648,0.2236517913991296,"{""offkd"": -0.0707410206110648, ""opd"": 0.1529107707880648, ""seqkd"": -0.0966691106119679, ""sft"": -0.2928701116994325}"
uncentered_entropy_effective_rank,formal_rr2s_llama_state_spectrum,RR2S_llama_state_spectrum_module.csv,entropy_effective_rank_contraction,max_is_deepest,all,llama,40,E_general,self_attn.k_proj,0.1,0.1529107707880648,opd,True,True,False,False,0.1529107707880648,-0.0707410206110648,0.2236517913991296,"{""offkd"": -0.0707410206110648, ""opd"": 0.1529107707880648, ""seqkd"": -0.0966691106119679, ""sft"": -0.2928701116994325}"
uncentered_entropy_effective_rank,formal_rr2s_llama_state_spectrum,RR2S_llama_state_spectrum_module.csv,entropy_effective_rank_contraction,max_is_deepest,all,llama,40,E_general,self_attn.o_proj,0.01,25.045824335759846,opd,True,True,False,False,25.045824335759846,7.396534676864803,17.649289658895043,"{""offkd"": -1.7123867127056087, ""opd"": 25.045824335759846, ""seqkd"": -4.726825273628094, ""sft"": 7.396534676864803}"
uncentered_entropy_effective_rank,formal_rr2s_llama_state_spectrum,RR2S_llama_state_spectrum_module.csv,entropy_effective_rank_contraction,max_is_deepest,all,llama,40,E_general,self_attn.o_proj,0.025,25.045824335759846,opd,True,True,False,False,25.045824335759846,7.396534676864803,17.649289658895043,"{""offkd"": -1.7123867127056087, ""opd"": 25.045824335759846, ""seqkd"": -4.726825273628094, ""sft"": 7.396534676864803}"
uncentered_entropy_effective_rank,formal_rr2s_llama_state_spectrum,RR2S_llama_state_spectrum_module.csv,entropy_effective_rank_contraction,max_is_deepest,all,llama,40,E_general,self_attn.o_proj,0.05,25.045824335759846,opd,True,True,False,False,25.045824335759846,7.396534676864803,17.649289658895043,"{""offkd"": -1.7123867127056087, ""opd"": 25.045824335759846, ""seqkd"": -4.726825273628094, ""sft"": 7.396534676864803}"
uncentered_entropy_effective_rank,formal_rr2s_llama_state_spectrum,RR2S_llama_state_spectrum_module.csv,entropy_effective_rank_contraction,max_is_deepest,all,llama,40,E_general,self_attn.o_proj,0.1,25.045824335759846,opd,True,True,False,False,25.045824335759846,7.396534676864803,17.649289658895043,"{""offkd"": -1.7123867127056087, ""opd"": 25.045824335759846, ""seqkd"": -4.726825273628094, ""sft"": 7.396534676864803}"
uncentered_entropy_effective_rank,formal_rr2s_llama_state_spectrum,RR2S_llama_state_spectrum_module.csv,entropy_effective_rank_contraction,max_is_deepest,all,llama,40,E_general,self_attn.q_proj,0.01,0.0980147857898288,opd,True,True,False,False,0.0980147857898288,0.0232378986803674,0.0747768871094614,"{""offkd"": 0.0232378986803674, ""opd"": 0.0980147857898288, ""seqkd"": 0.0186777568409119, ""sft"": -0.0901637324778175}"
uncentered_entropy_effective_rank,formal_rr2s_llama_state_spectrum,RR2S_llama_state_spectrum_module.csv,entropy_effective_rank_contraction,max_is_deepest,all,llama,40,E_general,self_attn.q_proj,0.025,0.0980147857898288,opd,True,True,False,False,0.0980147857898288,0.0232378986803674,0.0747768871094614,"{""offkd"": 0.0232378986803674, ""opd"": 0.0980147857898288, ""seqkd"": 0.0186777568409119, ""sft"": -0.0901637324778175}"
uncentered_entropy_effective_rank,formal_rr2s_llama_state_spectrum,RR2S_llama_state_spectrum_module.csv,entropy_effective_rank_contraction,max_is_deepest,all,llama,40,E_general,self_attn.q_proj,0.05,0.0980147857898288,opd,True,True,False,False,0.0980147857898288,0.0232378986803674,0.0747768871094614,"{""offkd"": 0.0232378986803674, ""opd"": 0.0980147857898288, ""seqkd"": 0.0186777568409119, ""sft"": -0.0901637324778175}"
uncentered_entropy_effective_rank,formal_rr2s_llama_state_spectrum,RR2S_llama_state_spectrum_module.csv,entropy_effective_rank_contraction,max_is_deepest,all,llama,40,E_general,self_attn.q_proj,0.1,0.0980147857898288,opd,True,True,False,False,0.0980147857898288,0.0232378986803674,0.0747768871094614,"{""offkd"": 0.0232378986803674, ""opd"": 0.0980147857898288, ""seqkd"": 0.0186777568409119, ""sft"": -0.0901637324778175}"
uncentered_entropy_effective_rank,formal_rr2s_llama_state_spectrum,RR2S_llama_state_spectrum_module.csv,entropy_effective_rank_contraction,max_is_deepest,all,llama,40,E_general,self_attn.v_proj,0.01,10.32081908352643,opd,True,True,False,False,10.32081908352643,2.7644919587443155,7.556327124782115,"{""offkd"": 0.0612652523307701, ""opd"": 10.32081908352643, ""seqkd"": -1.24583016891404, ""sft"": 2.7644919587443155}"
uncentered_entropy_effective_rank,formal_rr2s_llama_state_spectrum,RR2S_llama_state_spectrum_module.csv,entropy_effective_rank_contraction,max_is_deepest,all,llama,40,E_general,self_attn.v_proj,0.025,10.32081908352643,opd,True,True,False,False,10.32081908352643,2.7644919587443155,7.556327124782115,"{""offkd"": 0.0612652523307701, ""opd"": 10.32081908352643, ""seqkd"": -1.24583016891404, ""sft"": 2.7644919587443155}"
uncentered_entropy_effective_rank,formal_rr2s_llama_state_spectrum,RR2S_llama_state_spectrum_module.csv,entropy_effective_rank_contraction,max_is_deepest,all,llama,40,E_general,self_attn.v_proj,0.05,10.32081908352643,opd,True,True,False,False,10.32081908352643,2.7644919587443155,7.556327124782115,"{""offkd"": 0.0612652523307701, ""opd"": 10.32081908352643, ""seqkd"": -1.24583016891404, ""sft"": 2.7644919587443155}"
uncentered_entropy_effective_rank,formal_rr2s_llama_state_spectrum,RR2S_llama_state_spectrum_module.csv,entropy_effective_rank_contraction,max_is_deepest,all,llama,40,E_general,self_attn.v_proj,0.1,10.32081908352643,opd,True,True,False,False,10.32081908352643,2.7644919587443155,7.556327124782115,"{""offkd"": 0.0612652523307701, ""opd"": 10.32081908352643, ""seqkd"": -1.24583016891404, ""sft"": 2.7644919587443155}"
uncentered_entropy_effective_rank,formal_rr2s_llama_state_spectrum,RR2S_llama_state_spectrum_module.csv,entropy_effective_rank_contraction,max_is_deepest,all,llama,40,E_if,mlp.down_proj,0.01,47.36253576779791,opd,True,True,False,False,47.36253576779791,23.648823576447967,23.71371219134994,"{""offkd"": 13.07182822714242, ""opd"": 47.36253576779791, ""seqkd"": 12.542017697439292, ""sft"": 23.648823576447967}"
uncentered_entropy_effective_rank,formal_rr2s_llama_state_spectrum,RR2S_llama_state_spectrum_module.csv,entropy_effective_rank_contraction,max_is_deepest,all,llama,40,E_if,mlp.down_proj,0.025,47.36253576779791,opd,True,True,False,False,47.36253576779791,23.648823576447967,23.71371219134994,"{""offkd"": 13.07182822714242, ""opd"": 47.36253576779791, ""seqkd"": 12.542017697439292, ""sft"": 23.648823576447967}"
uncentered_entropy_effective_rank,formal_rr2s_llama_state_spectrum,RR2S_llama_state_spectrum_module.csv,entropy_effective_rank_contraction,max_is_deepest,all,llama,40,E_if,mlp.down_proj,0.05,47.36253576779791,opd,True,True,False,False,47.36253576779791,23.648823576447967,23.71371219134994,"{""offkd"": 13.07182822714242, ""opd"": 47.36253576779791, ""seqkd"": 12.542017697439292, ""sft"": 23.648823576447967}"
uncentered_entropy_effective_rank,formal_rr2s_llama_state_spectrum,RR2S_llama_state_spectrum_module.csv,entropy_effective_rank_contraction,max_is_deepest,all,llama,40,E_if,mlp.down_proj,0.1,47.36253576779791,opd,True,True,False,False,47.36253576779791,23.648823576447967,23.71371219134994,"{""offkd"": 13.07182822714242, ""opd"": 47.36253576779791, ""seqkd"": 12.542017697439292, ""sft"": 23.648823576447967}"
uncentered_entropy_effective_rank,formal_rr2s_llama_state_spectrum,RR2S_llama_state_spectrum_module.csv,entropy_effective_rank_contraction,max_is_deepest,all,llama,40,E_if,mlp.gate_proj,0.01,0.6922431626373804,opd,True,True,False,False,0.6922431626373804,0.2445772167408897,0.44766594589649067,"{""offkd"": 0.2381718623509137, ""opd"": 0.6922431626373804, ""seqkd"": 0.2445772167408897, ""sft"": 0.1223056658599972}"
uncentered_entropy_effective_rank,formal_rr2s_llama_state_spectrum,RR2S_llama_state_spectrum_module.csv,entropy_effective_rank_contraction,max_is_deepest,all,llama,40,E_if,mlp.gate_proj,0.025,0.6922431626373804,opd,True,True,False,False,0.6922431626373804,0.2445772167408897,0.44766594589649067,"{""offkd"": 0.2381718623509137, ""opd"": 0.6922431626373804, ""seqkd"": 0.2445772167408897, ""sft"": 0.1223056658599972}"
uncentered_entropy_effective_rank,formal_rr2s_llama_state_spectrum,RR2S_llama_state_spectrum_module.csv,entropy_effective_rank_contraction,max_is_deepest,all,llama,40,E_if,mlp.gate_proj,0.05,0.6922431626373804,opd,True,True,False,False,0.6922431626373804,0.2445772167408897,0.44766594589649067,"{""offkd"": 0.2381718623509137, ""opd"": 0.6922431626373804, ""seqkd"": 0.2445772167408897, ""sft"": 0.1223056658599972}"
uncentered_entropy_effective_rank,formal_rr2s_llama_state_spectrum,RR2S_llama_state_spectrum_module.csv,entropy_effective_rank_contraction,max_is_deepest,all,llama,40,E_if,mlp.gate_proj,0.1,0.6922431626373804,opd,True,True,False,False,0.6922431626373804,0.2445772167408897,0.44766594589649067,"{""offkd"": 0.2381718623509137, ""opd"": 0.6922431626373804, ""seqkd"": 0.2445772167408897, ""sft"": 0.1223056658599972}"
uncentered_entropy_effective_rank,formal_rr2s_llama_state_spectrum,RR2S_llama_state_spectrum_module.csv,entropy_effective_rank_contraction,max_is_deepest,all,llama,40,E_if,mlp.up_proj,0.01,16.778206305681152,opd,True,True,False,False,16.778206305681152,6.37150496922979,10.406701336451363,"{""offkd"": 6.064420285031247, ""opd"": 16.778206305681152, ""seqkd"": 5.760366727862618, ""sft"": 6.37150496922979}"
uncentered_entropy_effective_rank,formal_rr2s_llama_state_spectrum,RR2S_llama_state_spectrum_module.csv,entropy_effective_rank_contraction,max_is_deepest,all,llama,40,E_if,mlp.up_proj,0.025,16.778206305681152,opd,True,True,False,False,16.778206305681152,6.37150496922979,10.406701336451363,"{""offkd"": 6.064420285031247, ""opd"": 16.778206305681152, ""seqkd"": 5.760366727862618, ""sft"": 6.37150496922979}"
uncentered_entropy_effective_rank,formal_rr2s_llama_state_spectrum,RR2S_llama_state_spectrum_module.csv,entropy_effective_rank_contraction,max_is_deepest,all,llama,40,E_if,mlp.up_proj,0.05,16.778206305681152,opd,True,True,False,False,16.778206305681152,6.37150496922979,10.406701336451363,"{""offkd"": 6.064420285031247, ""opd"": 16.778206305681152, ""seqkd"": 5.760366727862618, ""sft"": 6.37150496922979}"
uncentered_entropy_effective_rank,formal_rr2s_llama_state_spectrum,RR2S_llama_state_spectrum_module.csv,entropy_effective_rank_contraction,max_is_deepest,all,llama,40,E_if,mlp.up_proj,0.1,16.778206305681152,opd,True,True,False,False,16.778206305681152,6.37150496922979,10.406701336451363,"{""offkd"": 6.064420285031247, ""opd"": 16.778206305681152, ""seqkd"": 5.760366727862618, ""sft"": 6.37150496922979}"
uncentered_entropy_effective_rank,formal_rr2s_llama_state_spectrum,RR2S_llama_state_spectrum_module.csv,entropy_effective_rank_contraction,max_is_deepest,all,llama,40,E_if,self_attn.k_proj,0.01,0.1516737751204733,opd,True,True,False,False,0.1516737751204733,-0.0989871721696378,0.2506609472901111,"{""offkd"": -0.0989871721696378, ""opd"": 0.1516737751204733, ""seqkd"": -0.1036787656156548, ""sft"": -0.2182577737727342}"
uncentered_entropy_effective_rank,formal_rr2s_llama_state_spectrum,RR2S_llama_state_spectrum_module.csv,entropy_effective_rank_contraction,max_is_deepest,all,llama,40,E_if,self_attn.k_proj,0.025,0.1516737751204733,opd,True,True,False,False,0.1516737751204733,-0.0989871721696378,0.2506609472901111,"{""offkd"": -0.0989871721696378, ""opd"": 0.1516737751204733, ""seqkd"": -0.1036787656156548, ""sft"": -0.2182577737727342}"
uncentered_entropy_effective_rank,formal_rr2s_llama_state_spectrum,RR2S_llama_state_spectrum_module.csv,entropy_effective_rank_contraction,max_is_deepest,all,llama,40,E_if,self_attn.k_proj,0.05,0.1516737751204733,opd,True,True,False,False,0.1516737751204733,-0.0989871721696378,0.2506609472901111,"{""offkd"": -0.0989871721696378, ""opd"": 0.1516737751204733, ""seqkd"": -0.1036787656156548, ""sft"": -0.2182577737727342}"
uncentered_entropy_effective_rank,formal_rr2s_llama_state_spectrum,RR2S_llama_state_spectrum_module.csv,entropy_effective_rank_contraction,max_is_deepest,all,llama,40,E_if,self_attn.k_proj,0.1,0.1516737751204733,opd,True,True,False,False,0.1516737751204733,-0.0989871721696378,0.2506609472901111,"{""offkd"": -0.0989871721696378, ""opd"": 0.1516737751204733, ""seqkd"": -0.1036787656156548, ""sft"": -0.2182577737727342}"
uncentered_entropy_effective_rank,formal_rr2s_llama_state_spectrum,RR2S_llama_state_spectrum_module.csv,entropy_effective_rank_contraction,max_is_deepest,all,llama,40,E_if,self_attn.o_proj,0.01,23.212211270175345,opd,True,True,False,False,23.212211270175345,10.10374493665185,13.108466333523495,"{""offkd"": 2.834280992766139, ""opd"": 23.212211270175345, ""seqkd"": 1.0929790388074707, ""sft"": 10.10374493665185}"
uncentered_entropy_effective_rank,formal_rr2s_llama_state_spectrum,RR2S_llama_state_spectrum_module.csv,entropy_effective_rank_contraction,max_is_deepest,all,llama,40,E_if,self_attn.o_proj,0.025,23.212211270175345,opd,True,True,False,False,23.212211270175345,10.10374493665185,13.108466333523495,"{""offkd"": 2.834280992766139, ""opd"": 23.212211270175345, ""seqkd"": 1.0929790388074707, ""sft"": 10.10374493665185}"
uncentered_entropy_effective_rank,formal_rr2s_llama_state_spectrum,RR2S_llama_state_spectrum_module.csv,entropy_effective_rank_contraction,max_is_deepest,all,llama,40,E_if,self_attn.o_proj,0.05,23.212211270175345,opd,True,True,False,False,23.212211270175345,10.10374493665185,13.108466333523495,"{""offkd"": 2.834280992766139, ""opd"": 23.212211270175345, ""seqkd"": 1.0929790388074707, ""sft"": 10.10374493665185}"
uncentered_entropy_effective_rank,formal_rr2s_llama_state_spectrum,RR2S_llama_state_spectrum_module.csv,entropy_effective_rank_contraction,max_is_deepest,all,llama,40,E_if,self_attn.o_proj,0.1,23.212211270175345,opd,True,True,False,False,23.212211270175345,10.10374493665185,13.108466333523495,"{""offkd"": 2.834280992766139, ""opd"": 23.212211270175345, ""seqkd"": 1.0929790388074707, ""sft"": 10.10374493665185}"
uncentered_entropy_effective_rank,formal_rr2s_llama_state_spectrum,RR2S_llama_state_spectrum_module.csv,entropy_effective_rank_contraction,max_is_deepest,all,llama,40,E_if,self_attn.q_proj,0.01,0.1172507431202287,opd,True,True,False,False,0.1172507431202287,0.0253768734992592,0.09187386962096951,"{""offkd"": 0.0142481848977711, ""opd"": 0.1172507431202287, ""seqkd"": 0.0253768734992592, ""sft"": -0.0249248667704744}"
uncentered_entropy_effective_rank,formal_rr2s_llama_state_spectrum,RR2S_llama_state_spectrum_module.csv,entropy_effective_rank_contraction,max_is_deepest,all,llama,40,E_if,self_attn.q_proj,0.025,0.1172507431202287,opd,True,True,False,False,0.1172507431202287,0.0253768734992592,0.09187386962096951,"{""offkd"": 0.0142481848977711, ""opd"": 0.1172507431202287, ""seqkd"": 0.0253768734992592, ""sft"": -0.0249248667704744}"
uncentered_entropy_effective_rank,formal_rr2s_llama_state_spectrum,RR2S_llama_state_spectrum_module.csv,entropy_effective_rank_contraction,max_is_deepest,all,llama,40,E_if,self_attn.q_proj,0.05,0.1172507431202287,opd,True,True,False,False,0.1172507431202287,0.0253768734992592,0.09187386962096951,"{""offkd"": 0.0142481848977711, ""opd"": 0.1172507431202287, ""seqkd"": 0.0253768734992592, ""sft"": -0.0249248667704744}"
uncentered_entropy_effective_rank,formal_rr2s_llama_state_spectrum,RR2S_llama_state_spectrum_module.csv,entropy_effective_rank_contraction,max_is_deepest,all,llama,40,E_if,self_attn.q_proj,0.1,0.1172507431202287,opd,True,True,False,False,0.1172507431202287,0.0253768734992592,0.09187386962096951,"{""offkd"": 0.0142481848977711, ""opd"": 0.1172507431202287, ""seqkd"": 0.0253768734992592, ""sft"": -0.0249248667704744}"
uncentered_entropy_effective_rank,formal_rr2s_llama_state_spectrum,RR2S_llama_state_spectrum_module.csv,entropy_effective_rank_contraction,max_is_deepest,all,llama,40,E_if,self_attn.v_proj,0.01,14.375806306570922,opd,True,True,False,False,14.375806306570922,3.9356490323479534,10.440157274222969,"{""offkd"": 2.085896529331933, ""opd"": 14.375806306570922, ""seqkd"": 1.503764081117282, ""sft"": 3.9356490323479534}"
uncentered_entropy_effective_rank,formal_rr2s_llama_state_spectrum,RR2S_llama_state_spectrum_module.csv,entropy_effective_rank_contraction,max_is_deepest,all,llama,40,E_if,self_attn.v_proj,0.025,14.375806306570922,opd,True,True,False,False,14.375806306570922,3.9356490323479534,10.440157274222969,"{""offkd"": 2.085896529331933, ""opd"": 14.375806306570922, ""seqkd"": 1.503764081117282, ""sft"": 3.9356490323479534}"
uncentered_entropy_effective_rank,formal_rr2s_llama_state_spectrum,RR2S_llama_state_spectrum_module.csv,entropy_effective_rank_contraction,max_is_deepest,all,llama,40,E_if,self_attn.v_proj,0.05,14.375806306570922,opd,True,True,False,False,14.375806306570922,3.9356490323479534,10.440157274222969,"{""offkd"": 2.085896529331933, ""opd"": 14.375806306570922, ""seqkd"": 1.503764081117282, ""sft"": 3.9356490323479534}"
uncentered_entropy_effective_rank,formal_rr2s_llama_state_spectrum,RR2S_llama_state_spectrum_module.csv,entropy_effective_rank_contraction,max_is_deepest,all,llama,40,E_if,self_attn.v_proj,0.1,14.375806306570922,opd,True,True,False,False,14.375806306570922,3.9356490323479534,10.440157274222969,"{""offkd"": 2.085896529331933, ""opd"": 14.375806306570922, ""seqkd"": 1.503764081117282, ""sft"": 3.9356490323479534}"
uncentered_entropy_effective_rank,formal_rr2s_llama_state_spectrum,RR2S_llama_state_spectrum_module.csv,entropy_effective_rank_contraction,max_is_deepest,all,llama,40,E_math,mlp.down_proj,0.01,18.25355099258292,opd,True,True,False,False,18.25355099258292,12.135314157164204,6.118236835418715,"{""offkd"": 4.663438384418782, ""opd"": 18.25355099258292, ""seqkd"": 3.288492442899837, ""sft"": 12.135314157164204}"
uncentered_entropy_effective_rank,formal_rr2s_llama_state_spectrum,RR2S_llama_state_spectrum_module.csv,entropy_effective_rank_contraction,max_is_deepest,all,llama,40,E_math,mlp.down_proj,0.025,18.25355099258292,opd,True,True,False,False,18.25355099258292,12.135314157164204,6.118236835418715,"{""offkd"": 4.663438384418782, ""opd"": 18.25355099258292, ""seqkd"": 3.288492442899837, ""sft"": 12.135314157164204}"
uncentered_entropy_effective_rank,formal_rr2s_llama_state_spectrum,RR2S_llama_state_spectrum_module.csv,entropy_effective_rank_contraction,max_is_deepest,all,llama,40,E_math,mlp.down_proj,0.05,18.25355099258292,opd,True,True,False,False,18.25355099258292,12.135314157164204,6.118236835418715,"{""offkd"": 4.663438384418782, ""opd"": 18.25355099258292, ""seqkd"": 3.288492442899837, ""sft"": 12.135314157164204}"
uncentered_entropy_effective_rank,formal_rr2s_llama_state_spectrum,RR2S_llama_state_spectrum_module.csv,entropy_effective_rank_contraction,max_is_deepest,all,llama,40,E_math,mlp.down_proj,0.1,18.25355099258292,opd,True,True,False,False,18.25355099258292,12.135314157164204,6.118236835418715,"{""offkd"": 4.663438384418782, ""opd"": 18.25355099258292, ""seqkd"": 3.288492442899837, ""sft"": 12.135314157164204}"
uncentered_entropy_effective_rank,formal_rr2s_llama_state_spectrum,RR2S_llama_state_spectrum_module.csv,entropy_effective_rank_contraction,max_is_deepest,all,llama,40,E_math,mlp.gate_proj,0.01,0.3796583169068199,opd,True,True,False,False,0.3796583169068199,0.0957844284028581,0.2838738885039618,"{""offkd"": 0.0957844284028581, ""opd"": 0.3796583169068199, ""seqkd"": 0.0837932786018225, ""sft"": 0.0899601015893738}"
uncentered_entropy_effective_rank,formal_rr2s_llama_state_spectrum,RR2S_llama_state_spectrum_module.csv,entropy_effective_rank_contraction,max_is_deepest,all,llama,40,E_math,mlp.gate_proj,0.025,0.3796583169068199,opd,True,True,False,False,0.3796583169068199,0.0957844284028581,0.2838738885039618,"{""offkd"": 0.0957844284028581, ""opd"": 0.3796583169068199, ""seqkd"": 0.0837932786018225, ""sft"": 0.0899601015893738}"
uncentered_entropy_effective_rank,formal_rr2s_llama_state_spectrum,RR2S_llama_state_spectrum_module.csv,entropy_effective_rank_contraction,max_is_deepest,all,llama,40,E_math,mlp.gate_proj,0.05,0.3796583169068199,opd,True,True,False,False,0.3796583169068199,0.0957844284028581,0.2838738885039618,"{""offkd"": 0.0957844284028581, ""opd"": 0.3796583169068199, ""seqkd"": 0.0837932786018225, ""sft"": 0.0899601015893738}"
uncentered_entropy_effective_rank,formal_rr2s_llama_state_spectrum,RR2S_llama_state_spectrum_module.csv,entropy_effective_rank_contraction,max_is_deepest,all,llama,40,E_math,mlp.gate_proj,0.1,0.3796583169068199,opd,True,True,False,False,0.3796583169068199,0.0957844284028581,0.2838738885039618,"{""offkd"": 0.0957844284028581, ""opd"": 0.3796583169068199, ""seqkd"": 0.0837932786018225, ""sft"": 0.0899601015893738}"
uncentered_entropy_effective_rank,formal_rr2s_llama_state_spectrum,RR2S_llama_state_spectrum_module.csv,entropy_effective_rank_contraction,max_is_deepest,all,llama,40,E_math,mlp.up_proj,0.01,8.471230938208919,opd,True,True,False,False,8.471230938208919,3.530496909957293,4.940734028251626,"{""offkd"": 1.5651315605629463, ""opd"": 8.471230938208919, ""seqkd"": 0.9166528116936092, ""sft"": 3.530496909957293}"
uncentered_entropy_effective_rank,formal_rr2s_llama_state_spectrum,RR2S_llama_state_spectrum_module.csv,entropy_effective_rank_contraction,max_is_deepest,all,llama,40,E_math,mlp.up_proj,0.025,8.471230938208919,opd,True,True,False,False,8.471230938208919,3.530496909957293,4.940734028251626,"{""offkd"": 1.5651315605629463, ""opd"": 8.471230938208919, ""seqkd"": 0.9166528116936092, ""sft"": 3.530496909957293}"
uncentered_entropy_effective_rank,formal_rr2s_llama_state_spectrum,RR2S_llama_state_spectrum_module.csv,entropy_effective_rank_contraction,max_is_deepest,all,llama,40,E_math,mlp.up_proj,0.05,8.471230938208919,opd,True,True,False,False,8.471230938208919,3.530496909957293,4.940734028251626,"{""offkd"": 1.5651315605629463, ""opd"": 8.471230938208919, ""seqkd"": 0.9166528116936092, ""sft"": 3.530496909957293}"
uncentered_entropy_effective_rank,formal_rr2s_llama_state_spectrum,RR2S_llama_state_spectrum_module.csv,entropy_effective_rank_contraction,max_is_deepest,all,llama,40,E_math,mlp.up_proj,0.1,8.471230938208919,opd,True,True,False,False,8.471230938208919,3.530496909957293,4.940734028251626,"{""offkd"": 1.5651315605629463, ""opd"": 8.471230938208919, ""seqkd"": 0.9166528116936092, ""sft"": 3.530496909957293}"
uncentered_entropy_effective_rank,formal_rr2s_llama_state_spectrum,RR2S_llama_state_spectrum_module.csv,entropy_effective_rank_contraction,max_is_deepest,all,llama,40,E_math,self_attn.k_proj,0.01,0.1195675841643506,opd,True,True,False,False,0.1195675841643506,-0.166183348134469,0.2857509322988196,"{""offkd"": -0.2145670277861668, ""opd"": 0.1195675841643506, ""seqkd"": -0.2211460082389678, ""sft"": -0.166183348134469}"
uncentered_entropy_effective_rank,formal_rr2s_llama_state_spectrum,RR2S_llama_state_spectrum_module.csv,entropy_effective_rank_contraction,max_is_deepest,all,llama,40,E_math,self_attn.k_proj,0.025,0.1195675841643506,opd,True,True,False,False,0.1195675841643506,-0.166183348134469,0.2857509322988196,"{""offkd"": -0.2145670277861668, ""opd"": 0.1195675841643506, ""seqkd"": -0.2211460082389678, ""sft"": -0.166183348134469}"
uncentered_entropy_effective_rank,formal_rr2s_llama_state_spectrum,RR2S_llama_state_spectrum_module.csv,entropy_effective_rank_contraction,max_is_deepest,all,llama,40,E_math,self_attn.k_proj,0.05,0.1195675841643506,opd,True,True,False,False,0.1195675841643506,-0.166183348134469,0.2857509322988196,"{""offkd"": -0.2145670277861668, ""opd"": 0.1195675841643506, ""seqkd"": -0.2211460082389678, ""sft"": -0.166183348134469}"
uncentered_entropy_effective_rank,formal_rr2s_llama_state_spectrum,RR2S_llama_state_spectrum_module.csv,entropy_effective_rank_contraction,max_is_deepest,all,llama,40,E_math,self_attn.k_proj,0.1,0.1195675841643506,opd,True,True,False,False,0.1195675841643506,-0.166183348134469,0.2857509322988196,"{""offkd"": -0.2145670277861668, ""opd"": 0.1195675841643506, ""seqkd"": -0.2211460082389678, ""sft"": -0.166183348134469}"
uncentered_entropy_effective_rank,formal_rr2s_llama_state_spectrum,RR2S_llama_state_spectrum_module.csv,entropy_effective_rank_contraction,max_is_deepest,all,llama,40,E_math,self_attn.o_proj,0.01,18.264253765170565,opd,True,True,False,False,18.264253765170565,5.531030284734811,12.733223480435754,"{""offkd"": -3.329157053344602, ""opd"": 18.264253765170565, ""seqkd"": -4.899341380912034, ""sft"": 5.531030284734811}"
uncentered_entropy_effective_rank,formal_rr2s_llama_state_spectrum,RR2S_llama_state_spectrum_module.csv,entropy_effective_rank_contraction,max_is_deepest,all,llama,40,E_math,self_attn.o_proj,0.025,18.264253765170565,opd,True,True,False,False,18.264253765170565,5.531030284734811,12.733223480435754,"{""offkd"": -3.329157053344602, ""opd"": 18.264253765170565, ""seqkd"": -4.899341380912034, ""sft"": 5.531030284734811}"
uncentered_entropy_effective_rank,formal_rr2s_llama_state_spectrum,RR2S_llama_state_spectrum_module.csv,entropy_effective_rank_contraction,max_is_deepest,all,llama,40,E_math,self_attn.o_proj,0.05,18.264253765170565,opd,True,True,False,False,18.264253765170565,5.531030284734811,12.733223480435754,"{""offkd"": -3.329157053344602, ""opd"": 18.264253765170565, ""seqkd"": -4.899341380912034, ""sft"": 5.531030284734811}"
uncentered_entropy_effective_rank,formal_rr2s_llama_state_spectrum,RR2S_llama_state_spectrum_module.csv,entropy_effective_rank_contraction,max_is_deepest,all,llama,40,E_math,self_attn.o_proj,0.1,18.264253765170565,opd,True,True,False,False,18.264253765170565,5.531030284734811,12.733223480435754,"{""offkd"": -3.329157053344602, ""opd"": 18.264253765170565, ""seqkd"": -4.899341380912034, ""sft"": 5.531030284734811}"
uncentered_entropy_effective_rank,formal_rr2s_llama_state_spectrum,RR2S_llama_state_spectrum_module.csv,entropy_effective_rank_contraction,max_is_deepest,all,llama,40,E_math,self_attn.q_proj,0.01,0.1723285195385449,opd,True,True,False,False,0.1723285195385449,0.1152053233780963,0.057123196160448586,"{""offkd"": 0.0009129074642926, ""opd"": 0.1723285195385449, ""seqkd"": 0.0083594904584476, ""sft"": 0.1152053233780963}"
uncentered_entropy_effective_rank,formal_rr2s_llama_state_spectrum,RR2S_llama_state_spectrum_module.csv,entropy_effective_rank_contraction,max_is_deepest,all,llama,40,E_math,self_attn.q_proj,0.025,0.1723285195385449,opd,True,True,False,False,0.1723285195385449,0.1152053233780963,0.057123196160448586,"{""offkd"": 0.0009129074642926, ""opd"": 0.1723285195385449, ""seqkd"": 0.0083594904584476, ""sft"": 0.1152053233780963}"
uncentered_entropy_effective_rank,formal_rr2s_llama_state_spectrum,RR2S_llama_state_spectrum_module.csv,entropy_effective_rank_contraction,max_is_deepest,all,llama,40,E_math,self_attn.q_proj,0.05,0.1723285195385449,opd,True,True,False,False,0.1723285195385449,0.1152053233780963,0.057123196160448586,"{""offkd"": 0.0009129074642926, ""opd"": 0.1723285195385449, ""seqkd"": 0.0083594904584476, ""sft"": 0.1152053233780963}"
uncentered_entropy_effective_rank,formal_rr2s_llama_state_spectrum,RR2S_llama_state_spectrum_module.csv,entropy_effective_rank_contraction,max_is_deepest,all,llama,40,E_math,self_attn.q_proj,0.1,0.1723285195385449,opd,True,True,False,False,0.1723285195385449,0.1152053233780963,0.057123196160448586,"{""offkd"": 0.0009129074642926, ""opd"": 0.1723285195385449, ""seqkd"": 0.0083594904584476, ""sft"": 0.1152053233780963}"
uncentered_entropy_effective_rank,formal_rr2s_llama_state_spectrum,RR2S_llama_state_spectrum_module.csv,entropy_effective_rank_contraction,max_is_deepest,all,llama,40,E_math,self_attn.v_proj,0.01,13.385812305966454,opd,True,True,False,False,13.385812305966454,5.22881080460607,8.157001501360384,"{""offkd"": 0.0578828077770765, ""opd"": 13.385812305966454, ""seqkd"": -0.8881726792849065, ""sft"": 5.22881080460607}"
uncentered_entropy_effective_rank,formal_rr2s_llama_state_spectrum,RR2S_llama_state_spectrum_module.csv,entropy_effective_rank_contraction,max_is_deepest,all,llama,40,E_math,self_attn.v_proj,0.025,13.385812305966454,opd,True,True,False,False,13.385812305966454,5.22881080460607,8.157001501360384,"{""offkd"": 0.0578828077770765, ""opd"": 13.385812305966454, ""seqkd"": -0.8881726792849065, ""sft"": 5.22881080460607}"
uncentered_entropy_effective_rank,formal_rr2s_llama_state_spectrum,RR2S_llama_state_spectrum_module.csv,entropy_effective_rank_contraction,max_is_deepest,all,llama,40,E_math,self_attn.v_proj,0.05,13.385812305966454,opd,True,True,False,False,13.385812305966454,5.22881080460607,8.157001501360384,"{""offkd"": 0.0578828077770765, ""opd"": 13.385812305966454, ""seqkd"": -0.8881726792849065, ""sft"": 5.22881080460607}"
uncentered_entropy_effective_rank,formal_rr2s_llama_state_spectrum,RR2S_llama_state_spectrum_module.csv,entropy_effective_rank_contraction,max_is_deepest,all,llama,40,E_math,self_attn.v_proj,0.1,13.385812305966454,opd,True,True,False,False,13.385812305966454,5.22881080460607,8.157001501360384,"{""offkd"": 0.0578828077770765, ""opd"": 13.385812305966454, ""seqkd"": -0.8881726792849065, ""sft"": 5.22881080460607}"
uncentered_entropy_effective_rank,formal_rr2s_llama_state_spectrum,RR2S_llama_state_spectrum_module.csv,entropy_effective_rank_contraction,max_is_deepest,all,llama,40,E_ood,mlp.down_proj,0.01,36.05202285995267,opd,True,True,False,False,36.05202285995267,16.62796393219503,19.424058927757642,"{""offkd"": 11.76003765209498, ""opd"": 36.05202285995267, ""seqkd"": 8.012287793808014, ""sft"": 16.62796393219503}"
uncentered_entropy_effective_rank,formal_rr2s_llama_state_spectrum,RR2S_llama_state_spectrum_module.csv,entropy_effective_rank_contraction,max_is_deepest,all,llama,40,E_ood,mlp.down_proj,0.025,36.05202285995267,opd,True,True,False,False,36.05202285995267,16.62796393219503,19.424058927757642,"{""offkd"": 11.76003765209498, ""opd"": 36.05202285995267, ""seqkd"": 8.012287793808014, ""sft"": 16.62796393219503}"
uncentered_entropy_effective_rank,formal_rr2s_llama_state_spectrum,RR2S_llama_state_spectrum_module.csv,entropy_effective_rank_contraction,max_is_deepest,all,llama,40,E_ood,mlp.down_proj,0.05,36.05202285995267,opd,True,True,False,False,36.05202285995267,16.62796393219503,19.424058927757642,"{""offkd"": 11.76003765209498, ""opd"": 36.05202285995267, ""seqkd"": 8.012287793808014, ""sft"": 16.62796393219503}"
uncentered_entropy_effective_rank,formal_rr2s_llama_state_spectrum,RR2S_llama_state_spectrum_module.csv,entropy_effective_rank_contraction,max_is_deepest,all,llama,40,E_ood,mlp.down_proj,0.1,36.05202285995267,opd,True,True,False,False,36.05202285995267,16.62796393219503,19.424058927757642,"{""offkd"": 11.76003765209498, ""opd"": 36.05202285995267, ""seqkd"": 8.012287793808014, ""sft"": 16.62796393219503}"
uncentered_entropy_effective_rank,formal_rr2s_llama_state_spectrum,RR2S_llama_state_spectrum_module.csv,entropy_effective_rank_contraction,max_is_deepest,all,llama,40,E_ood,mlp.gate_proj,0.01,0.418927768446065,opd,True,True,False,False,0.418927768446065,0.1078499256590408,0.3110778427870242,"{""offkd"": 0.1078499256590408, ""opd"": 0.418927768446065, ""seqkd"": 0.0717554309727042, ""sft"": 0.0610468607652077}"
uncentered_entropy_effective_rank,formal_rr2s_llama_state_spectrum,RR2S_llama_state_spectrum_module.csv,entropy_effective_rank_contraction,max_is_deepest,all,llama,40,E_ood,mlp.gate_proj,0.025,0.418927768446065,opd,True,True,False,False,0.418927768446065,0.1078499256590408,0.3110778427870242,"{""offkd"": 0.1078499256590408, ""opd"": 0.418927768446065, ""seqkd"": 0.0717554309727042, ""sft"": 0.0610468607652077}"
uncentered_entropy_effective_rank,formal_rr2s_llama_state_spectrum,RR2S_llama_state_spectrum_module.csv,entropy_effective_rank_contraction,max_is_deepest,all,llama,40,E_ood,mlp.gate_proj,0.05,0.418927768446065,opd,True,True,False,False,0.418927768446065,0.1078499256590408,0.3110778427870242,"{""offkd"": 0.1078499256590408, ""opd"": 0.418927768446065, ""seqkd"": 0.0717554309727042, ""sft"": 0.0610468607652077}"
uncentered_entropy_effective_rank,formal_rr2s_llama_state_spectrum,RR2S_llama_state_spectrum_module.csv,entropy_effective_rank_contraction,max_is_deepest,all,llama,40,E_ood,mlp.gate_proj,0.1,0.418927768446065,opd,True,True,False,False,0.418927768446065,0.1078499256590408,0.3110778427870242,"{""offkd"": 0.1078499256590408, ""opd"": 0.418927768446065, ""seqkd"": 0.0717554309727042, ""sft"": 0.0610468607652077}"
uncentered_entropy_effective_rank,formal_rr2s_llama_state_spectrum,RR2S_llama_state_spectrum_module.csv,entropy_effective_rank_contraction,max_is_deepest,all,llama,40,E_ood,mlp.up_proj,0.01,18.036146736786435,opd,True,True,False,False,18.036146736786435,5.223670064190202,12.812476672596233,"{""offkd"": 4.411073370431524, ""opd"": 18.036146736786435, ""seqkd"": 2.5751763804347547, ""sft"": 5.223670064190202}"
uncentered_entropy_effective_rank,formal_rr2s_llama_state_spectrum,RR2S_llama_state_spectrum_module.csv,entropy_effective_rank_contraction,max_is_deepest,all,llama,40,E_ood,mlp.up_proj,0.025,18.036146736786435,opd,True,True,False,False,18.036146736786435,5.223670064190202,12.812476672596233,"{""offkd"": 4.411073370431524, ""opd"": 18.036146736786435, ""seqkd"": 2.5751763804347547, ""sft"": 5.223670064190202}"
uncentered_entropy_effective_rank,formal_rr2s_llama_state_spectrum,RR2S_llama_state_spectrum_module.csv,entropy_effective_rank_contraction,max_is_deepest,all,llama,40,E_ood,mlp.up_proj,0.05,18.036146736786435,opd,True,True,False,False,18.036146736786435,5.223670064190202,12.812476672596233,"{""offkd"": 4.411073370431524, ""opd"": 18.036146736786435, ""seqkd"": 2.5751763804347547, ""sft"": 5.223670064190202}"
uncentered_entropy_effective_rank,formal_rr2s_llama_state_spectrum,RR2S_llama_state_spectrum_module.csv,entropy_effective_rank_contraction,max_is_deepest,all,llama,40,E_ood,mlp.up_proj,0.1,18.036146736786435,opd,True,True,False,False,18.036146736786435,5.223670064190202,12.812476672596233,"{""offkd"": 4.411073370431524, ""opd"": 18.036146736786435, ""seqkd"": 2.5751763804347547, ""sft"": 5.223670064190202}"
uncentered_entropy_effective_rank,formal_rr2s_llama_state_spectrum,RR2S_llama_state_spectrum_module.csv,entropy_effective_rank_contraction,max_is_deepest,all,llama,40,E_ood,self_attn.k_proj,0.01,0.0932904969666132,opd,True,True,False,False,0.0932904969666132,-0.0565916548727809,0.1498821518393941,"{""offkd"": -0.0565916548727809, ""opd"": 0.0932904969666132, ""seqkd"": -0.0826744595240267, ""sft"": -0.3368890734815366}"
uncentered_entropy_effective_rank,formal_rr2s_llama_state_spectrum,RR2S_llama_state_spectrum_module.csv,entropy_effective_rank_contraction,max_is_deepest,all,llama,40,E_ood,self_attn.k_proj,0.025,0.0932904969666132,opd,True,True,False,False,0.0932904969666132,-0.0565916548727809,0.1498821518393941,"{""offkd"": -0.0565916548727809, ""opd"": 0.0932904969666132, ""seqkd"": -0.0826744595240267, ""sft"": -0.3368890734815366}"
uncentered_entropy_effective_rank,formal_rr2s_llama_state_spectrum,RR2S_llama_state_spectrum_module.csv,entropy_effective_rank_contraction,max_is_deepest,all,llama,40,E_ood,self_attn.k_proj,0.05,0.0932904969666132,opd,True,True,False,False,0.0932904969666132,-0.0565916548727809,0.1498821518393941,"{""offkd"": -0.0565916548727809, ""opd"": 0.0932904969666132, ""seqkd"": -0.0826744595240267, ""sft"": -0.3368890734815366}"
uncentered_entropy_effective_rank,formal_rr2s_llama_state_spectrum,RR2S_llama_state_spectrum_module.csv,entropy_effective_rank_contraction,max_is_deepest,all,llama,40,E_ood,self_attn.k_proj,0.1,0.0932904969666132,opd,True,True,False,False,0.0932904969666132,-0.0565916548727809,0.1498821518393941,"{""offkd"": -0.0565916548727809, ""opd"": 0.0932904969666132, ""seqkd"": -0.0826744595240267, ""sft"": -0.3368890734815366}"
uncentered_entropy_effective_rank,formal_rr2s_llama_state_spectrum,RR2S_llama_state_spectrum_module.csv,entropy_effective_rank_contraction,max_is_deepest,all,llama,40,E_ood,self_attn.o_proj,0.01,18.004417397562634,opd,True,True,False,False,18.004417397562634,1.176912036632018,16.827505360930616,"{""offkd"": -3.2387199109165863, ""opd"": 18.004417397562634, ""seqkd"": -1.4676191464379826, ""sft"": 1.176912036632018}"
uncentered_entropy_effective_rank,formal_rr2s_llama_state_spectrum,RR2S_llama_state_spectrum_module.csv,entropy_effective_rank_contraction,max_is_deepest,all,llama,40,E_ood,self_attn.o_proj,0.025,18.004417397562634,opd,True,True,False,False,18.004417397562634,1.176912036632018,16.827505360930616,"{""offkd"": -3.2387199109165863, ""opd"": 18.004417397562634, ""seqkd"": -1.4676191464379826, ""sft"": 1.176912036632018}"
uncentered_entropy_effective_rank,formal_rr2s_llama_state_spectrum,RR2S_llama_state_spectrum_module.csv,entropy_effective_rank_contraction,max_is_deepest,all,llama,40,E_ood,self_attn.o_proj,0.05,18.004417397562634,opd,True,True,False,False,18.004417397562634,1.176912036632018,16.827505360930616,"{""offkd"": -3.2387199109165863, ""opd"": 18.004417397562634, ""seqkd"": -1.4676191464379826, ""sft"": 1.176912036632018}"
uncentered_entropy_effective_rank,formal_rr2s_llama_state_spectrum,RR2S_llama_state_spectrum_module.csv,entropy_effective_rank_contraction,max_is_deepest,all,llama,40,E_ood,self_attn.o_proj,0.1,18.004417397562634,opd,True,True,False,False,18.004417397562634,1.176912036632018,16.827505360930616,"{""offkd"": -3.2387199109165863, ""opd"": 18.004417397562634, ""seqkd"": -1.4676191464379826, ""sft"": 1.176912036632018}"
uncentered_entropy_effective_rank,formal_rr2s_llama_state_spectrum,RR2S_llama_state_spectrum_module.csv,entropy_effective_rank_contraction,max_is_deepest,all,llama,40,E_ood,self_attn.q_proj,0.01,0.0966173234292719,opd,True,True,False,False,0.0966173234292719,0.0429396425230681,0.0536776809062038,"{""offkd"": 0.0296008971205647, ""opd"": 0.0966173234292719, ""seqkd"": 0.0429396425230681, ""sft"": -0.1208284888963282}"
uncentered_entropy_effective_rank,formal_rr2s_llama_state_spectrum,RR2S_llama_state_spectrum_module.csv,entropy_effective_rank_contraction,max_is_deepest,all,llama,40,E_ood,self_attn.q_proj,0.025,0.0966173234292719,opd,True,True,False,False,0.0966173234292719,0.0429396425230681,0.0536776809062038,"{""offkd"": 0.0296008971205647, ""opd"": 0.0966173234292719, ""seqkd"": 0.0429396425230681, ""sft"": -0.1208284888963282}"
uncentered_entropy_effective_rank,formal_rr2s_llama_state_spectrum,RR2S_llama_state_spectrum_module.csv,entropy_effective_rank_contraction,max_is_deepest,all,llama,40,E_ood,self_attn.q_proj,0.05,0.0966173234292719,opd,True,True,False,False,0.0966173234292719,0.0429396425230681,0.0536776809062038,"{""offkd"": 0.0296008971205647, ""opd"": 0.0966173234292719, ""seqkd"": 0.0429396425230681, ""sft"": -0.1208284888963282}"
uncentered_entropy_effective_rank,formal_rr2s_llama_state_spectrum,RR2S_llama_state_spectrum_module.csv,entropy_effective_rank_contraction,max_is_deepest,all,llama,40,E_ood,self_attn.q_proj,0.1,0.0966173234292719,opd,True,True,False,False,0.0966173234292719,0.0429396425230681,0.0536776809062038,"{""offkd"": 0.0296008971205647, ""opd"": 0.0966173234292719, ""seqkd"": 0.0429396425230681, ""sft"": -0.1208284888963282}"
uncentered_entropy_effective_rank,formal_rr2s_llama_state_spectrum,RR2S_llama_state_spectrum_module.csv,entropy_effective_rank_contraction,max_is_deepest,all,llama,40,E_ood,self_attn.v_proj,0.01,16.528005974313714,opd,True,True,False,False,16.528005974313714,5.124897411239317,11.403108563074397,"{""offkd"": 3.653205538793884, ""opd"": 16.528005974313714, ""seqkd"": 2.1973420208528296, ""sft"": 5.124897411239317}"
uncentered_entropy_effective_rank,formal_rr2s_llama_state_spectrum,RR2S_llama_state_spectrum_module.csv,entropy_effective_rank_contraction,max_is_deepest,all,llama,40,E_ood,self_attn.v_proj,0.025,16.528005974313714,opd,True,True,False,False,16.528005974313714,5.124897411239317,11.403108563074397,"{""offkd"": 3.653205538793884, ""opd"": 16.528005974313714, ""seqkd"": 2.1973420208528296, ""sft"": 5.124897411239317}"
uncentered_entropy_effective_rank,formal_rr2s_llama_state_spectrum,RR2S_llama_state_spectrum_module.csv,entropy_effective_rank_contraction,max_is_deepest,all,llama,40,E_ood,self_attn.v_proj,0.05,16.528005974313714,opd,True,True,False,False,16.528005974313714,5.124897411239317,11.403108563074397,"{""offkd"": 3.653205538793884, ""opd"": 16.528005974313714, ""seqkd"": 2.1973420208528296, ""sft"": 5.124897411239317}"
uncentered_entropy_effective_rank,formal_rr2s_llama_state_spectrum,RR2S_llama_state_spectrum_module.csv,entropy_effective_rank_contraction,max_is_deepest,all,llama,40,E_ood,self_attn.v_proj,0.1,16.528005974313714,opd,True,True,False,False,16.528005974313714,5.124897411239317,11.403108563074397,"{""offkd"": 3.653205538793884, ""opd"": 16.528005974313714, ""seqkd"": 2.1973420208528296, ""sft"": 5.124897411239317}"
uncentered_entropy_effective_rank,formal_rr2s_llama_state_spectrum,RR2S_llama_state_spectrum_module.csv,entropy_effective_rank_contraction,max_is_deepest,all,llama,80,E_general,mlp.down_proj,0.01,32.534864245952235,opd,True,True,False,False,32.534864245952235,20.394098133494825,12.14076611245741,"{""offkd"": 5.507830772369857, ""opd"": 32.534864245952235, ""seqkd"": 0.0879708792921292, ""sft"": 20.394098133494825}"
uncentered_entropy_effective_rank,formal_rr2s_llama_state_spectrum,RR2S_llama_state_spectrum_module.csv,entropy_effective_rank_contraction,max_is_deepest,all,llama,80,E_general,mlp.down_proj,0.025,32.534864245952235,opd,True,True,False,False,32.534864245952235,20.394098133494825,12.14076611245741,"{""offkd"": 5.507830772369857, ""opd"": 32.534864245952235, ""seqkd"": 0.0879708792921292, ""sft"": 20.394098133494825}"
uncentered_entropy_effective_rank,formal_rr2s_llama_state_spectrum,RR2S_llama_state_spectrum_module.csv,entropy_effective_rank_contraction,max_is_deepest,all,llama,80,E_general,mlp.down_proj,0.05,32.534864245952235,opd,True,True,False,False,32.534864245952235,20.394098133494825,12.14076611245741,"{""offkd"": 5.507830772369857, ""opd"": 32.534864245952235, ""seqkd"": 0.0879708792921292, ""sft"": 20.394098133494825}"
uncentered_entropy_effective_rank,formal_rr2s_llama_state_spectrum,RR2S_llama_state_spectrum_module.csv,entropy_effective_rank_contraction,max_is_deepest,all,llama,80,E_general,mlp.down_proj,0.1,32.534864245952235,opd,True,True,False,False,32.534864245952235,20.394098133494825,12.14076611245741,"{""offkd"": 5.507830772369857, ""opd"": 32.534864245952235, ""seqkd"": 0.0879708792921292, ""sft"": 20.394098133494825}"
uncentered_entropy_effective_rank,formal_rr2s_llama_state_spectrum,RR2S_llama_state_spectrum_module.csv,entropy_effective_rank_contraction,max_is_deepest,all,llama,80,E_general,mlp.gate_proj,0.01,0.2367675173726482,opd,True,True,False,False,0.2367675173726482,0.1490098677294646,0.08775764964318361,"{""offkd"": 0.1490098677294646, ""opd"": 0.2367675173726482, ""seqkd"": 0.1031965864848825, ""sft"": 0.1207317721153025}"
uncentered_entropy_effective_rank,formal_rr2s_llama_state_spectrum,RR2S_llama_state_spectrum_module.csv,entropy_effective_rank_contraction,max_is_deepest,all,llama,80,E_general,mlp.gate_proj,0.025,0.2367675173726482,opd,True,True,False,False,0.2367675173726482,0.1490098677294646,0.08775764964318361,"{""offkd"": 0.1490098677294646, ""opd"": 0.2367675173726482, ""seqkd"": 0.1031965864848825, ""sft"": 0.1207317721153025}"
uncentered_entropy_effective_rank,formal_rr2s_llama_state_spectrum,RR2S_llama_state_spectrum_module.csv,entropy_effective_rank_contraction,max_is_deepest,all,llama,80,E_general,mlp.gate_proj,0.05,0.2367675173726482,opd,True,True,False,False,0.2367675173726482,0.1490098677294646,0.08775764964318361,"{""offkd"": 0.1490098677294646, ""opd"": 0.2367675173726482, ""seqkd"": 0.1031965864848825, ""sft"": 0.1207317721153025}"
uncentered_entropy_effective_rank,formal_rr2s_llama_state_spectrum,RR2S_llama_state_spectrum_module.csv,entropy_effective_rank_contraction,max_is_deepest,all,llama,80,E_general,mlp.gate_proj,0.1,0.2367675173726482,opd,True,True,False,False,0.2367675173726482,0.1490098677294646,0.08775764964318361,"{""offkd"": 0.1490098677294646, ""opd"": 0.2367675173726482, ""seqkd"": 0.1031965864848825, ""sft"": 0.1207317721153025}"
uncentered_entropy_effective_rank,formal_rr2s_llama_state_spectrum,RR2S_llama_state_spectrum_module.csv,entropy_effective_rank_contraction,max_is_deepest,all,llama,80,E_general,mlp.up_proj,0.01,14.864006489290716,opd,True,True,False,False,14.864006489290716,6.457068277867279,8.406938211423437,"{""offkd"": 1.8206811418702389, ""opd"": 14.864006489290716, ""seqkd"": -1.4493094866127765, ""sft"": 6.457068277867279}"
uncentered_entropy_effective_rank,formal_rr2s_llama_state_spectrum,RR2S_llama_state_spectrum_module.csv,entropy_effective_rank_contraction,max_is_deepest,all,llama,80,E_general,mlp.up_proj,0.025,14.864006489290716,opd,True,True,False,False,14.864006489290716,6.457068277867279,8.406938211423437,"{""offkd"": 1.8206811418702389, ""opd"": 14.864006489290716, ""seqkd"": -1.4493094866127765, ""sft"": 6.457068277867279}"
uncentered_entropy_effective_rank,formal_rr2s_llama_state_spectrum,RR2S_llama_state_spectrum_module.csv,entropy_effective_rank_contraction,max_is_deepest,all,llama,80,E_general,mlp.up_proj,0.05,14.864006489290716,opd,True,True,False,False,14.864006489290716,6.457068277867279,8.406938211423437,"{""offkd"": 1.8206811418702389, ""opd"": 14.864006489290716, ""seqkd"": -1.4493094866127765, ""sft"": 6.457068277867279}"
uncentered_entropy_effective_rank,formal_rr2s_llama_state_spectrum,RR2S_llama_state_spectrum_module.csv,entropy_effective_rank_contraction,max_is_deepest,all,llama,80,E_general,mlp.up_proj,0.1,14.864006489290716,opd,True,True,False,False,14.864006489290716,6.457068277867279,8.406938211423437,"{""offkd"": 1.8206811418702389, ""opd"": 14.864006489290716, ""seqkd"": -1.4493094866127765, ""sft"": 6.457068277867279}"
uncentered_entropy_effective_rank,formal_rr2s_llama_state_spectrum,RR2S_llama_state_spectrum_module.csv,entropy_effective_rank_contraction,max_is_deepest,all,llama,80,E_general,self_attn.k_proj,0.01,0.093239991511556,opd,True,True,False,False,0.093239991511556,-0.087981635287198,0.181221626798754,"{""offkd"": -0.087981635287198, ""opd"": 0.093239991511556, ""seqkd"": -0.1275770787759089, ""sft"": -0.2923306638227476}"
uncentered_entropy_effective_rank,formal_rr2s_llama_state_spectrum,RR2S_llama_state_spectrum_module.csv,entropy_effective_rank_contraction,max_is_deepest,all,llama,80,E_general,self_attn.k_proj,0.025,0.093239991511556,opd,True,True,False,False,0.093239991511556,-0.087981635287198,0.181221626798754,"{""offkd"": -0.087981635287198, ""opd"": 0.093239991511556, ""seqkd"": -0.1275770787759089, ""sft"": -0.2923306638227476}"
uncentered_entropy_effective_rank,formal_rr2s_llama_state_spectrum,RR2S_llama_state_spectrum_module.csv,entropy_effective_rank_contraction,max_is_deepest,all,llama,80,E_general,self_attn.k_proj,0.05,0.093239991511556,opd,True,True,False,False,0.093239991511556,-0.087981635287198,0.181221626798754,"{""offkd"": -0.087981635287198, ""opd"": 0.093239991511556, ""seqkd"": -0.1275770787759089, ""sft"": -0.2923306638227476}"
uncentered_entropy_effective_rank,formal_rr2s_llama_state_spectrum,RR2S_llama_state_spectrum_module.csv,entropy_effective_rank_contraction,max_is_deepest,all,llama,80,E_general,self_attn.k_proj,0.1,0.093239991511556,opd,True,True,False,False,0.093239991511556,-0.087981635287198,0.181221626798754,"{""offkd"": -0.087981635287198, ""opd"": 0.093239991511556, ""seqkd"": -0.1275770787759089, ""sft"": -0.2923306638227476}"
uncentered_entropy_effective_rank,formal_rr2s_llama_state_spectrum,RR2S_llama_state_spectrum_module.csv,entropy_effective_rank_contraction,max_is_deepest,all,llama,80,E_general,self_attn.o_proj,0.01,25.639068290611878,opd,True,True,False,False,25.639068290611878,12.824757123792438,12.81431116681944,"{""offkd"": -1.6987705206382202, ""opd"": 25.639068290611878, ""seqkd"": -5.42430830412394, ""sft"": 12.824757123792438}"
uncentered_entropy_effective_rank,formal_rr2s_llama_state_spectrum,RR2S_llama_state_spectrum_module.csv,entropy_effective_rank_contraction,max_is_deepest,all,llama,80,E_general,self_attn.o_proj,0.025,25.639068290611878,opd,True,True,False,False,25.639068290611878,12.824757123792438,12.81431116681944,"{""offkd"": -1.6987705206382202, ""opd"": 25.639068290611878, ""seqkd"": -5.42430830412394, ""sft"": 12.824757123792438}"
uncentered_entropy_effective_rank,formal_rr2s_llama_state_spectrum,RR2S_llama_state_spectrum_module.csv,entropy_effective_rank_contraction,max_is_deepest,all,llama,80,E_general,self_attn.o_proj,0.05,25.639068290611878,opd,True,True,False,False,25.639068290611878,12.824757123792438,12.81431116681944,"{""offkd"": -1.6987705206382202, ""opd"": 25.639068290611878, ""seqkd"": -5.42430830412394, ""sft"": 12.824757123792438}"
uncentered_entropy_effective_rank,formal_rr2s_llama_state_spectrum,RR2S_llama_state_spectrum_module.csv,entropy_effective_rank_contraction,max_is_deepest,all,llama,80,E_general,self_attn.o_proj,0.1,25.639068290611878,opd,True,True,False,False,25.639068290611878,12.824757123792438,12.81431116681944,"{""offkd"": -1.6987705206382202, ""opd"": 25.639068290611878, ""seqkd"": -5.42430830412394, ""sft"": 12.824757123792438}"
uncentered_entropy_effective_rank,formal_rr2s_llama_state_spectrum,RR2S_llama_state_spectrum_module.csv,entropy_effective_rank_contraction,max_is_deepest,all,llama,80,E_general,self_attn.q_proj,0.01,0.1091645911375565,opd,True,True,False,False,0.1091645911375565,0.0292109684883303,0.0799536226492262,"{""offkd"": 0.0292109684883303, ""opd"": 0.1091645911375565, ""seqkd"": 0.0092979141718689, ""sft"": -0.0778938993739988}"
uncentered_entropy_effective_rank,formal_rr2s_llama_state_spectrum,RR2S_llama_state_spectrum_module.csv,entropy_effective_rank_contraction,max_is_deepest,all,llama,80,E_general,self_attn.q_proj,0.025,0.1091645911375565,opd,True,True,False,False,0.1091645911375565,0.0292109684883303,0.0799536226492262,"{""offkd"": 0.0292109684883303, ""opd"": 0.1091645911375565, ""seqkd"": 0.0092979141718689, ""sft"": -0.0778938993739988}"
uncentered_entropy_effective_rank,formal_rr2s_llama_state_spectrum,RR2S_llama_state_spectrum_module.csv,entropy_effective_rank_contraction,max_is_deepest,all,llama,80,E_general,self_attn.q_proj,0.05,0.1091645911375565,opd,True,True,False,False,0.1091645911375565,0.0292109684883303,0.0799536226492262,"{""offkd"": 0.0292109684883303, ""opd"": 0.1091645911375565, ""seqkd"": 0.0092979141718689, ""sft"": -0.0778938993739988}"
uncentered_entropy_effective_rank,formal_rr2s_llama_state_spectrum,RR2S_llama_state_spectrum_module.csv,entropy_effective_rank_contraction,max_is_deepest,all,llama,80,E_general,self_attn.q_proj,0.1,0.1091645911375565,opd,True,True,False,False,0.1091645911375565,0.0292109684883303,0.0799536226492262,"{""offkd"": 0.0292109684883303, ""opd"": 0.1091645911375565, ""seqkd"": 0.0092979141718689, ""sft"": -0.0778938993739988}"
uncentered_entropy_effective_rank,formal_rr2s_llama_state_spectrum,RR2S_llama_state_spectrum_module.csv,entropy_effective_rank_contraction,max_is_deepest,all,llama,80,E_general,self_attn.v_proj,0.01,11.541021922549646,opd,True,True,False,False,11.541021922549646,4.567760747543218,6.973261175006428,"{""offkd"": -0.2112135865012305, ""opd"": 11.541021922549646, ""seqkd"": -2.0474612959046112, ""sft"": 4.567760747543218}"
uncentered_entropy_effective_rank,formal_rr2s_llama_state_spectrum,RR2S_llama_state_spectrum_module.csv,entropy_effective_rank_contraction,max_is_deepest,all,llama,80,E_general,self_attn.v_proj,0.025,11.541021922549646,opd,True,True,False,False,11.541021922549646,4.567760747543218,6.973261175006428,"{""offkd"": -0.2112135865012305, ""opd"": 11.541021922549646, ""seqkd"": -2.0474612959046112, ""sft"": 4.567760747543218}"
uncentered_entropy_effective_rank,formal_rr2s_llama_state_spectrum,RR2S_llama_state_spectrum_module.csv,entropy_effective_rank_contraction,max_is_deepest,all,llama,80,E_general,self_attn.v_proj,0.05,11.541021922549646,opd,True,True,False,False,11.541021922549646,4.567760747543218,6.973261175006428,"{""offkd"": -0.2112135865012305, ""opd"": 11.541021922549646, ""seqkd"": -2.0474612959046112, ""sft"": 4.567760747543218}"
uncentered_entropy_effective_rank,formal_rr2s_llama_state_spectrum,RR2S_llama_state_spectrum_module.csv,entropy_effective_rank_contraction,max_is_deepest,all,llama,80,E_general,self_attn.v_proj,0.1,11.541021922549646,opd,True,True,False,False,11.541021922549646,4.567760747543218,6.973261175006428,"{""offkd"": -0.2112135865012305, ""opd"": 11.541021922549646, ""seqkd"": -2.0474612959046112, ""sft"": 4.567760747543218}"
uncentered_entropy_effective_rank,formal_rr2s_llama_state_spectrum,RR2S_llama_state_spectrum_module.csv,entropy_effective_rank_contraction,max_is_deepest,all,llama,80,E_if,mlp.down_proj,0.01,50.38362914259619,opd,True,True,False,False,50.38362914259619,34.8942699667424,15.489359175853792,"{""offkd"": 20.720537673088188, ""opd"": 50.38362914259619, ""seqkd"": 16.91983737773853, ""sft"": 34.8942699667424}"
uncentered_entropy_effective_rank,formal_rr2s_llama_state_spectrum,RR2S_llama_state_spectrum_module.csv,entropy_effective_rank_contraction,max_is_deepest,all,llama,80,E_if,mlp.down_proj,0.025,50.38362914259619,opd,True,True,False,False,50.38362914259619,34.8942699667424,15.489359175853792,"{""offkd"": 20.720537673088188, ""opd"": 50.38362914259619, ""seqkd"": 16.91983737773853, ""sft"": 34.8942699667424}"
uncentered_entropy_effective_rank,formal_rr2s_llama_state_spectrum,RR2S_llama_state_spectrum_module.csv,entropy_effective_rank_contraction,max_is_deepest,all,llama,80,E_if,mlp.down_proj,0.05,50.38362914259619,opd,True,True,False,False,50.38362914259619,34.8942699667424,15.489359175853792,"{""offkd"": 20.720537673088188, ""opd"": 50.38362914259619, ""seqkd"": 16.91983737773853, ""sft"": 34.8942699667424}"
uncentered_entropy_effective_rank,formal_rr2s_llama_state_spectrum,RR2S_llama_state_spectrum_module.csv,entropy_effective_rank_contraction,max_is_deepest,all,llama,80,E_if,mlp.down_proj,0.1,50.38362914259619,opd,True,True,False,False,50.38362914259619,34.8942699667424,15.489359175853792,"{""offkd"": 20.720537673088188, ""opd"": 50.38362914259619, ""seqkd"": 16.91983737773853, ""sft"": 34.8942699667424}"
uncentered_entropy_effective_rank,formal_rr2s_llama_state_spectrum,RR2S_llama_state_spectrum_module.csv,entropy_effective_rank_contraction,max_is_deepest,all,llama,80,E_if,mlp.gate_proj,0.01,0.7236286050309442,opd,True,True,False,False,0.7236286050309442,0.3824729284243062,0.341155676606638,"{""offkd"": 0.3824729284243062, ""opd"": 0.7236286050309442, ""seqkd"": 0.2839754944945376, ""sft"": 0.3538447999317267}"
uncentered_entropy_effective_rank,formal_rr2s_llama_state_spectrum,RR2S_llama_state_spectrum_module.csv,entropy_effective_rank_contraction,max_is_deepest,all,llama,80,E_if,mlp.gate_proj,0.025,0.7236286050309442,opd,True,True,False,False,0.7236286050309442,0.3824729284243062,0.341155676606638,"{""offkd"": 0.3824729284243062, ""opd"": 0.7236286050309442, ""seqkd"": 0.2839754944945376, ""sft"": 0.3538447999317267}"
uncentered_entropy_effective_rank,formal_rr2s_llama_state_spectrum,RR2S_llama_state_spectrum_module.csv,entropy_effective_rank_contraction,max_is_deepest,all,llama,80,E_if,mlp.gate_proj,0.05,0.7236286050309442,opd,True,True,False,False,0.7236286050309442,0.3824729284243062,0.341155676606638,"{""offkd"": 0.3824729284243062, ""opd"": 0.7236286050309442, ""seqkd"": 0.2839754944945376, ""sft"": 0.3538447999317267}"
uncentered_entropy_effective_rank,formal_rr2s_llama_state_spectrum,RR2S_llama_state_spectrum_module.csv,entropy_effective_rank_contraction,max_is_deepest,all,llama,80,E_if,mlp.gate_proj,0.1,0.7236286050309442,opd,True,True,False,False,0.7236286050309442,0.3824729284243062,0.341155676606638,"{""offkd"": 0.3824729284243062, ""opd"": 0.7236286050309442, ""seqkd"": 0.2839754944945376, ""sft"": 0.3538447999317267}"
uncentered_entropy_effective_rank,formal_rr2s_llama_state_spectrum,RR2S_llama_state_spectrum_module.csv,entropy_effective_rank_contraction,max_is_deepest,all,llama,80,E_if,mlp.up_proj,0.01,19.004373981306315,opd,True,True,False,False,19.004373981306315,11.003634199854275,8.00073978145204,"{""offkd"": 7.021295378238449, ""opd"": 19.004373981306315, ""seqkd"": 5.091745069626995, ""sft"": 11.003634199854275}"
uncentered_entropy_effective_rank,formal_rr2s_llama_state_spectrum,RR2S_llama_state_spectrum_module.csv,entropy_effective_rank_contraction,max_is_deepest,all,llama,80,E_if,mlp.up_proj,0.025,19.004373981306315,opd,True,True,False,False,19.004373981306315,11.003634199854275,8.00073978145204,"{""offkd"": 7.021295378238449, ""opd"": 19.004373981306315, ""seqkd"": 5.091745069626995, ""sft"": 11.003634199854275}"
uncentered_entropy_effective_rank,formal_rr2s_llama_state_spectrum,RR2S_llama_state_spectrum_module.csv,entropy_effective_rank_contraction,max_is_deepest,all,llama,80,E_if,mlp.up_proj,0.05,19.004373981306315,opd,True,True,False,False,19.004373981306315,11.003634199854275,8.00073978145204,"{""offkd"": 7.021295378238449, ""opd"": 19.004373981306315, ""seqkd"": 5.091745069626995, ""sft"": 11.003634199854275}"
uncentered_entropy_effective_rank,formal_rr2s_llama_state_spectrum,RR2S_llama_state_spectrum_module.csv,entropy_effective_rank_contraction,max_is_deepest,all,llama,80,E_if,mlp.up_proj,0.1,19.004373981306315,opd,True,True,False,False,19.004373981306315,11.003634199854275,8.00073978145204,"{""offkd"": 7.021295378238449, ""opd"": 19.004373981306315, ""seqkd"": 5.091745069626995, ""sft"": 11.003634199854275}"
uncentered_entropy_effective_rank,formal_rr2s_llama_state_spectrum,RR2S_llama_state_spectrum_module.csv,entropy_effective_rank_contraction,max_is_deepest,all,llama,80,E_if,self_attn.k_proj,0.01,0.0192276811930032,opd,True,True,False,False,0.0192276811930032,-0.1244349442582422,0.1436626254512454,"{""offkd"": -0.1244349442582422, ""opd"": 0.0192276811930032, ""seqkd"": -0.1695222620557732, ""sft"": -0.2077758374887182}"
uncentered_entropy_effective_rank,formal_rr2s_llama_state_spectrum,RR2S_llama_state_spectrum_module.csv,entropy_effective_rank_contraction,max_is_deepest,all,llama,80,E_if,self_attn.k_proj,0.025,0.0192276811930032,opd,True,True,False,False,0.0192276811930032,-0.1244349442582422,0.1436626254512454,"{""offkd"": -0.1244349442582422, ""opd"": 0.0192276811930032, ""seqkd"": -0.1695222620557732, ""sft"": -0.2077758374887182}"
uncentered_entropy_effective_rank,formal_rr2s_llama_state_spectrum,RR2S_llama_state_spectrum_module.csv,entropy_effective_rank_contraction,max_is_deepest,all,llama,80,E_if,self_attn.k_proj,0.05,0.0192276811930032,opd,True,True,False,False,0.0192276811930032,-0.1244349442582422,0.1436626254512454,"{""offkd"": -0.1244349442582422, ""opd"": 0.0192276811930032, ""seqkd"": -0.1695222620557732, ""sft"": -0.2077758374887182}"
uncentered_entropy_effective_rank,formal_rr2s_llama_state_spectrum,RR2S_llama_state_spectrum_module.csv,entropy_effective_rank_contraction,max_is_deepest,all,llama,80,E_if,self_attn.k_proj,0.1,0.0192276811930032,opd,True,True,False,False,0.0192276811930032,-0.1244349442582422,0.1436626254512454,"{""offkd"": -0.1244349442582422, ""opd"": 0.0192276811930032, ""seqkd"": -0.1695222620557732, ""sft"": -0.2077758374887182}"
uncentered_entropy_effective_rank,formal_rr2s_llama_state_spectrum,RR2S_llama_state_spectrum_module.csv,entropy_effective_rank_contraction,max_is_deepest,all,llama,80,E_if,self_attn.o_proj,0.01,20.795589810845115,opd,True,True,False,False,20.795589810845115,15.19499994048391,5.600589870361205,"{""offkd"": 4.344479450477422, ""opd"": 20.795589810845115, ""seqkd"": 1.153048870054306, ""sft"": 15.19499994048391}"
uncentered_entropy_effective_rank,formal_rr2s_llama_state_spectrum,RR2S_llama_state_spectrum_module.csv,entropy_effective_rank_contraction,max_is_deepest,all,llama,80,E_if,self_attn.o_proj,0.025,20.795589810845115,opd,True,True,False,False,20.795589810845115,15.19499994048391,5.600589870361205,"{""offkd"": 4.344479450477422, ""opd"": 20.795589810845115, ""seqkd"": 1.153048870054306, ""sft"": 15.19499994048391}"
uncentered_entropy_effective_rank,formal_rr2s_llama_state_spectrum,RR2S_llama_state_spectrum_module.csv,entropy_effective_rank_contraction,max_is_deepest,all,llama,80,E_if,self_attn.o_proj,0.05,20.795589810845115,opd,True,True,False,False,20.795589810845115,15.19499994048391,5.600589870361205,"{""offkd"": 4.344479450477422, ""opd"": 20.795589810845115, ""seqkd"": 1.153048870054306, ""sft"": 15.19499994048391}"
uncentered_entropy_effective_rank,formal_rr2s_llama_state_spectrum,RR2S_llama_state_spectrum_module.csv,entropy_effective_rank_contraction,max_is_deepest,all,llama,80,E_if,self_attn.o_proj,0.1,20.795589810845115,opd,True,True,False,False,20.795589810845115,15.19499994048391,5.600589870361205,"{""offkd"": 4.344479450477422, ""opd"": 20.795589810845115, ""seqkd"": 1.153048870054306, ""sft"": 15.19499994048391}"
uncentered_entropy_effective_rank,formal_rr2s_llama_state_spectrum,RR2S_llama_state_spectrum_module.csv,entropy_effective_rank_contraction,max_is_deepest,all,llama,80,E_if,self_attn.q_proj,0.01,0.0969066570164987,opd,True,True,False,False,0.0969066570164987,0.0198553748453189,0.07705128217117979,"{""offkd"": 0.0056408838749293, ""opd"": 0.0969066570164987, ""seqkd"": -0.0186596771938756, ""sft"": 0.0198553748453189}"
uncentered_entropy_effective_rank,formal_rr2s_llama_state_spectrum,RR2S_llama_state_spectrum_module.csv,entropy_effective_rank_contraction,max_is_deepest,all,llama,80,E_if,self_attn.q_proj,0.025,0.0969066570164987,opd,True,True,False,False,0.0969066570164987,0.0198553748453189,0.07705128217117979,"{""offkd"": 0.0056408838749293, ""opd"": 0.0969066570164987, ""seqkd"": -0.0186596771938756, ""sft"": 0.0198553748453189}"
uncentered_entropy_effective_rank,formal_rr2s_llama_state_spectrum,RR2S_llama_state_spectrum_module.csv,entropy_effective_rank_contraction,max_is_deepest,all,llama,80,E_if,self_attn.q_proj,0.05,0.0969066570164987,opd,True,True,False,False,0.0969066570164987,0.0198553748453189,0.07705128217117979,"{""offkd"": 0.0056408838749293, ""opd"": 0.0969066570164987, ""seqkd"": -0.0186596771938756, ""sft"": 0.0198553748453189}"
uncentered_entropy_effective_rank,formal_rr2s_llama_state_spectrum,RR2S_llama_state_spectrum_module.csv,entropy_effective_rank_contraction,max_is_deepest,all,llama,80,E_if,self_attn.q_proj,0.1,0.0969066570164987,opd,True,True,False,False,0.0969066570164987,0.0198553748453189,0.07705128217117979,"{""offkd"": 0.0056408838749293, ""opd"": 0.0969066570164987, ""seqkd"": -0.0186596771938756, ""sft"": 0.0198553748453189}"
uncentered_entropy_effective_rank,formal_rr2s_llama_state_spectrum,RR2S_llama_state_spectrum_module.csv,entropy_effective_rank_contraction,max_is_deepest,all,llama,80,E_if,self_attn.v_proj,0.01,16.353286497391196,opd,True,True,False,False,16.353286497391196,7.793780013069522,8.559506484321673,"{""offkd"": 2.825517839026759, ""opd"": 16.353286497391196, ""seqkd"": 1.2609252021117072, ""sft"": 7.793780013069522}"
uncentered_entropy_effective_rank,formal_rr2s_llama_state_spectrum,RR2S_llama_state_spectrum_module.csv,entropy_effective_rank_contraction,max_is_deepest,all,llama,80,E_if,self_attn.v_proj,0.025,16.353286497391196,opd,True,True,False,False,16.353286497391196,7.793780013069522,8.559506484321673,"{""offkd"": 2.825517839026759, ""opd"": 16.353286497391196, ""seqkd"": 1.2609252021117072, ""sft"": 7.793780013069522}"
uncentered_entropy_effective_rank,formal_rr2s_llama_state_spectrum,RR2S_llama_state_spectrum_module.csv,entropy_effective_rank_contraction,max_is_deepest,all,llama,80,E_if,self_attn.v_proj,0.05,16.353286497391196,opd,True,True,False,False,16.353286497391196,7.793780013069522,8.559506484321673,"{""offkd"": 2.825517839026759, ""opd"": 16.353286497391196, ""seqkd"": 1.2609252021117072, ""sft"": 7.793780013069522}"
uncentered_entropy_effective_rank,formal_rr2s_llama_state_spectrum,RR2S_llama_state_spectrum_module.csv,entropy_effective_rank_contraction,max_is_deepest,all,llama,80,E_if,self_attn.v_proj,0.1,16.353286497391196,opd,True,True,False,False,16.353286497391196,7.793780013069522,8.559506484321673,"{""offkd"": 2.825517839026759, ""opd"": 16.353286497391196, ""seqkd"": 1.2609252021117072, ""sft"": 7.793780013069522}"
uncentered_entropy_effective_rank,formal_rr2s_llama_state_spectrum,RR2S_llama_state_spectrum_module.csv,entropy_effective_rank_contraction,max_is_deepest,all,llama,80,E_math,mlp.down_proj,0.01,19.549101858456996,opd,True,True,False,False,19.549101858456996,17.778337601163344,1.7707642572936528,"{""offkd"": 10.017987981626618, ""opd"": 19.549101858456996, ""seqkd"": 8.629371059007042, ""sft"": 17.778337601163344}"
uncentered_entropy_effective_rank,formal_rr2s_llama_state_spectrum,RR2S_llama_state_spectrum_module.csv,entropy_effective_rank_contraction,max_is_deepest,all,llama,80,E_math,mlp.down_proj,0.025,19.549101858456996,opd,True,True,False,False,19.549101858456996,17.778337601163344,1.7707642572936528,"{""offkd"": 10.017987981626618, ""opd"": 19.549101858456996, ""seqkd"": 8.629371059007042, ""sft"": 17.778337601163344}"
uncentered_entropy_effective_rank,formal_rr2s_llama_state_spectrum,RR2S_llama_state_spectrum_module.csv,entropy_effective_rank_contraction,max_is_deepest,all,llama,80,E_math,mlp.down_proj,0.05,19.549101858456996,opd,True,True,False,False,19.549101858456996,17.778337601163344,1.7707642572936528,"{""offkd"": 10.017987981626618, ""opd"": 19.549101858456996, ""seqkd"": 8.629371059007042, ""sft"": 17.778337601163344}"
uncentered_entropy_effective_rank,formal_rr2s_llama_state_spectrum,RR2S_llama_state_spectrum_module.csv,entropy_effective_rank_contraction,max_is_deepest,all,llama,80,E_math,mlp.down_proj,0.1,19.549101858456996,opd,True,True,False,False,19.549101858456996,17.778337601163344,1.7707642572936528,"{""offkd"": 10.017987981626618, ""opd"": 19.549101858456996, ""seqkd"": 8.629371059007042, ""sft"": 17.778337601163344}"
uncentered_entropy_effective_rank,formal_rr2s_llama_state_spectrum,RR2S_llama_state_spectrum_module.csv,entropy_effective_rank_contraction,max_is_deepest,all,llama,80,E_math,mlp.gate_proj,0.01,0.365676196161913,opd,True,True,False,False,0.365676196161913,0.245063090889988,0.12061310527192498,"{""offkd"": 0.2300622025495124, ""opd"": 0.365676196161913, ""seqkd"": 0.1869519458421535, ""sft"": 0.245063090889988}"
uncentered_entropy_effective_rank,formal_rr2s_llama_state_spectrum,RR2S_llama_state_spectrum_module.csv,entropy_effective_rank_contraction,max_is_deepest,all,llama,80,E_math,mlp.gate_proj,0.025,0.365676196161913,opd,True,True,False,False,0.365676196161913,0.245063090889988,0.12061310527192498,"{""offkd"": 0.2300622025495124, ""opd"": 0.365676196161913, ""seqkd"": 0.1869519458421535, ""sft"": 0.245063090889988}"
uncentered_entropy_effective_rank,formal_rr2s_llama_state_spectrum,RR2S_llama_state_spectrum_module.csv,entropy_effective_rank_contraction,max_is_deepest,all,llama,80,E_math,mlp.gate_proj,0.05,0.365676196161913,opd,True,True,False,False,0.365676196161913,0.245063090889988,0.12061310527192498,"{""offkd"": 0.2300622025495124, ""opd"": 0.365676196161913, ""seqkd"": 0.1869519458421535, ""sft"": 0.245063090889988}"
uncentered_entropy_effective_rank,formal_rr2s_llama_state_spectrum,RR2S_llama_state_spectrum_module.csv,entropy_effective_rank_contraction,max_is_deepest,all,llama,80,E_math,mlp.gate_proj,0.1,0.365676196161913,opd,True,True,False,False,0.365676196161913,0.245063090889988,0.12061310527192498,"{""offkd"": 0.2300622025495124, ""opd"": 0.365676196161913, ""seqkd"": 0.1869519458421535, ""sft"": 0.245063090889988}"
uncentered_entropy_effective_rank,formal_rr2s_llama_state_spectrum,RR2S_llama_state_spectrum_module.csv,entropy_effective_rank_contraction,max_is_deepest,all,llama,80,E_math,mlp.up_proj,0.01,8.321144650356743,opd,True,True,False,False,8.321144650356743,6.129400966434758,2.1917436839219846,"{""offkd"": 3.346276654139757, ""opd"": 8.321144650356743, ""seqkd"": 2.391872378269511, ""sft"": 6.129400966434758}"
uncentered_entropy_effective_rank,formal_rr2s_llama_state_spectrum,RR2S_llama_state_spectrum_module.csv,entropy_effective_rank_contraction,max_is_deepest,all,llama,80,E_math,mlp.up_proj,0.025,8.321144650356743,opd,True,True,False,False,8.321144650356743,6.129400966434758,2.1917436839219846,"{""offkd"": 3.346276654139757, ""opd"": 8.321144650356743, ""seqkd"": 2.391872378269511, ""sft"": 6.129400966434758}"
uncentered_entropy_effective_rank,formal_rr2s_llama_state_spectrum,RR2S_llama_state_spectrum_module.csv,entropy_effective_rank_contraction,max_is_deepest,all,llama,80,E_math,mlp.up_proj,0.05,8.321144650356743,opd,True,True,False,False,8.321144650356743,6.129400966434758,2.1917436839219846,"{""offkd"": 3.346276654139757, ""opd"": 8.321144650356743, ""seqkd"": 2.391872378269511, ""sft"": 6.129400966434758}"
uncentered_entropy_effective_rank,formal_rr2s_llama_state_spectrum,RR2S_llama_state_spectrum_module.csv,entropy_effective_rank_contraction,max_is_deepest,all,llama,80,E_math,mlp.up_proj,0.1,8.321144650356743,opd,True,True,False,False,8.321144650356743,6.129400966434758,2.1917436839219846,"{""offkd"": 3.346276654139757, ""opd"": 8.321144650356743, ""seqkd"": 2.391872378269511, ""sft"": 6.129400966434758}"
uncentered_entropy_effective_rank,formal_rr2s_llama_state_spectrum,RR2S_llama_state_spectrum_module.csv,entropy_effective_rank_contraction,max_is_deepest,all,llama,80,E_math,self_attn.k_proj,0.01,-0.0643287000970982,opd,True,True,False,False,-0.0643287000970982,-0.1627289848023938,0.09840028470529562,"{""offkd"": -0.2576143122732457, ""opd"": -0.0643287000970982, ""seqkd"": -0.2812283101629322, ""sft"": -0.1627289848023938}"
uncentered_entropy_effective_rank,formal_rr2s_llama_state_spectrum,RR2S_llama_state_spectrum_module.csv,entropy_effective_rank_contraction,max_is_deepest,all,llama,80,E_math,self_attn.k_proj,0.025,-0.0643287000970982,opd,True,True,False,False,-0.0643287000970982,-0.1627289848023938,0.09840028470529562,"{""offkd"": -0.2576143122732457, ""opd"": -0.0643287000970982, ""seqkd"": -0.2812283101629322, ""sft"": -0.1627289848023938}"
uncentered_entropy_effective_rank,formal_rr2s_llama_state_spectrum,RR2S_llama_state_spectrum_module.csv,entropy_effective_rank_contraction,max_is_deepest,all,llama,80,E_math,self_attn.k_proj,0.05,-0.0643287000970982,opd,True,True,False,False,-0.0643287000970982,-0.1627289848023938,0.09840028470529562,"{""offkd"": -0.2576143122732457, ""opd"": -0.0643287000970982, ""seqkd"": -0.2812283101629322, ""sft"": -0.1627289848023938}"
uncentered_entropy_effective_rank,formal_rr2s_llama_state_spectrum,RR2S_llama_state_spectrum_module.csv,entropy_effective_rank_contraction,max_is_deepest,all,llama,80,E_math,self_attn.k_proj,0.1,-0.0643287000970982,opd,True,True,False,False,-0.0643287000970982,-0.1627289848023938,0.09840028470529562,"{""offkd"": -0.2576143122732457, ""opd"": -0.0643287000970982, ""seqkd"": -0.2812283101629322, ""sft"": -0.1627289848023938}"
uncentered_entropy_effective_rank,formal_rr2s_llama_state_spectrum,RR2S_llama_state_spectrum_module.csv,entropy_effective_rank_contraction,max_is_deepest,all,llama,80,E_math,self_attn.o_proj,0.01,17.142505019466967,opd,True,True,False,False,17.142505019466967,9.664218438476098,7.4782865809908685,"{""offkd"": -1.9578949545039563, ""opd"": 17.142505019466967, ""seqkd"": -4.033667702982825, ""sft"": 9.664218438476098}"
uncentered_entropy_effective_rank,formal_rr2s_llama_state_spectrum,RR2S_llama_state_spectrum_module.csv,entropy_effective_rank_contraction,max_is_deepest,all,llama,80,E_math,self_attn.o_proj,0.025,17.142505019466967,opd,True,True,False,False,17.142505019466967,9.664218438476098,7.4782865809908685,"{""offkd"": -1.9578949545039563, ""opd"": 17.142505019466967, ""seqkd"": -4.033667702982825, ""sft"": 9.664218438476098}"
uncentered_entropy_effective_rank,formal_rr2s_llama_state_spectrum,RR2S_llama_state_spectrum_module.csv,entropy_effective_rank_contraction,max_is_deepest,all,llama,80,E_math,self_attn.o_proj,0.05,17.142505019466967,opd,True,True,False,False,17.142505019466967,9.664218438476098,7.4782865809908685,"{""offkd"": -1.9578949545039563, ""opd"": 17.142505019466967, ""seqkd"": -4.033667702982825, ""sft"": 9.664218438476098}"
uncentered_entropy_effective_rank,formal_rr2s_llama_state_spectrum,RR2S_llama_state_spectrum_module.csv,entropy_effective_rank_contraction,max_is_deepest,all,llama,80,E_math,self_attn.o_proj,0.1,17.142505019466967,opd,True,True,False,False,17.142505019466967,9.664218438476098,7.4782865809908685,"{""offkd"": -1.9578949545039563, ""opd"": 17.142505019466967, ""seqkd"": -4.033667702982825, ""sft"": 9.664218438476098}"
uncentered_entropy_effective_rank,formal_rr2s_llama_state_spectrum,RR2S_llama_state_spectrum_module.csv,entropy_effective_rank_contraction,max_is_deepest,all,llama,80,E_math,self_attn.q_proj,0.01,0.1797552498118459,opd,True,True,False,False,0.1797552498118459,0.1429632668710265,0.036791982940819395,"{""offkd"": -0.0041150340092368, ""opd"": 0.1797552498118459, ""seqkd"": -0.021291003509515, ""sft"": 0.1429632668710265}"
uncentered_entropy_effective_rank,formal_rr2s_llama_state_spectrum,RR2S_llama_state_spectrum_module.csv,entropy_effective_rank_contraction,max_is_deepest,all,llama,80,E_math,self_attn.q_proj,0.025,0.1797552498118459,opd,True,True,False,False,0.1797552498118459,0.1429632668710265,0.036791982940819395,"{""offkd"": -0.0041150340092368, ""opd"": 0.1797552498118459, ""seqkd"": -0.021291003509515, ""sft"": 0.1429632668710265}"
uncentered_entropy_effective_rank,formal_rr2s_llama_state_spectrum,RR2S_llama_state_spectrum_module.csv,entropy_effective_rank_contraction,max_is_deepest,all,llama,80,E_math,self_attn.q_proj,0.05,0.1797552498118459,opd,True,True,False,False,0.1797552498118459,0.1429632668710265,0.036791982940819395,"{""offkd"": -0.0041150340092368, ""opd"": 0.1797552498118459, ""seqkd"": -0.021291003509515, ""sft"": 0.1429632668710265}"
uncentered_entropy_effective_rank,formal_rr2s_llama_state_spectrum,RR2S_llama_state_spectrum_module.csv,entropy_effective_rank_contraction,max_is_deepest,all,llama,80,E_math,self_attn.q_proj,0.1,0.1797552498118459,opd,True,True,False,False,0.1797552498118459,0.1429632668710265,0.036791982940819395,"{""offkd"": -0.0041150340092368, ""opd"": 0.1797552498118459, ""seqkd"": -0.021291003509515, ""sft"": 0.1429632668710265}"
uncentered_entropy_effective_rank,formal_rr2s_llama_state_spectrum,RR2S_llama_state_spectrum_module.csv,entropy_effective_rank_contraction,max_is_deepest,all,llama,80,E_math,self_attn.v_proj,0.01,13.38575740114095,opd,True,True,False,False,13.38575740114095,8.584548041154363,4.801209359986586,"{""offkd"": 2.157699642712288, ""opd"": 13.38575740114095, ""seqkd"": 0.8471939976192289, ""sft"": 8.584548041154363}"
uncentered_entropy_effective_rank,formal_rr2s_llama_state_spectrum,RR2S_llama_state_spectrum_module.csv,entropy_effective_rank_contraction,max_is_deepest,all,llama,80,E_math,self_attn.v_proj,0.025,13.38575740114095,opd,True,True,False,False,13.38575740114095,8.584548041154363,4.801209359986586,"{""offkd"": 2.157699642712288, ""opd"": 13.38575740114095, ""seqkd"": 0.8471939976192289, ""sft"": 8.584548041154363}"
uncentered_entropy_effective_rank,formal_rr2s_llama_state_spectrum,RR2S_llama_state_spectrum_module.csv,entropy_effective_rank_contraction,max_is_deepest,all,llama,80,E_math,self_attn.v_proj,0.05,13.38575740114095,opd,True,True,False,False,13.38575740114095,8.584548041154363,4.801209359986586,"{""offkd"": 2.157699642712288, ""opd"": 13.38575740114095, ""seqkd"": 0.8471939976192289, ""sft"": 8.584548041154363}"
uncentered_entropy_effective_rank,formal_rr2s_llama_state_spectrum,RR2S_llama_state_spectrum_module.csv,entropy_effective_rank_contraction,max_is_deepest,all,llama,80,E_math,self_attn.v_proj,0.1,13.38575740114095,opd,True,True,False,False,13.38575740114095,8.584548041154363,4.801209359986586,"{""offkd"": 2.157699642712288, ""opd"": 13.38575740114095, ""seqkd"": 0.8471939976192289, ""sft"": 8.584548041154363}"
uncentered_entropy_effective_rank,formal_rr2s_llama_state_spectrum,RR2S_llama_state_spectrum_module.csv,entropy_effective_rank_contraction,max_is_deepest,all,llama,80,E_ood,mlp.down_proj,0.01,44.76511962186771,opd,True,True,False,False,44.76511962186771,25.48939003831981,19.2757295835479,"{""offkd"": 21.919903734321565, ""opd"": 44.76511962186771, ""seqkd"": 17.90276140148012, ""sft"": 25.48939003831981}"
uncentered_entropy_effective_rank,formal_rr2s_llama_state_spectrum,RR2S_llama_state_spectrum_module.csv,entropy_effective_rank_contraction,max_is_deepest,all,llama,80,E_ood,mlp.down_proj,0.025,44.76511962186771,opd,True,True,False,False,44.76511962186771,25.48939003831981,19.2757295835479,"{""offkd"": 21.919903734321565, ""opd"": 44.76511962186771, ""seqkd"": 17.90276140148012, ""sft"": 25.48939003831981}"
uncentered_entropy_effective_rank,formal_rr2s_llama_state_spectrum,RR2S_llama_state_spectrum_module.csv,entropy_effective_rank_contraction,max_is_deepest,all,llama,80,E_ood,mlp.down_proj,0.05,44.76511962186771,opd,True,True,False,False,44.76511962186771,25.48939003831981,19.2757295835479,"{""offkd"": 21.919903734321565, ""opd"": 44.76511962186771, ""seqkd"": 17.90276140148012, ""sft"": 25.48939003831981}"
uncentered_entropy_effective_rank,formal_rr2s_llama_state_spectrum,RR2S_llama_state_spectrum_module.csv,entropy_effective_rank_contraction,max_is_deepest,all,llama,80,E_ood,mlp.down_proj,0.1,44.76511962186771,opd,True,True,False,False,44.76511962186771,25.48939003831981,19.2757295835479,"{""offkd"": 21.919903734321565, ""opd"": 44.76511962186771, ""seqkd"": 17.90276140148012, ""sft"": 25.48939003831981}"
uncentered_entropy_effective_rank,formal_rr2s_llama_state_spectrum,RR2S_llama_state_spectrum_module.csv,entropy_effective_rank_contraction,max_is_deepest,all,llama,80,E_ood,mlp.gate_proj,0.01,0.4598497506373027,opd,True,True,False,False,0.4598497506373027,0.2012510510038145,0.25859869963348825,"{""offkd"": 0.2012510510038145, ""opd"": 0.4598497506373027, ""seqkd"": 0.1357784535141046, ""sft"": 0.1757633042807445}"
uncentered_entropy_effective_rank,formal_rr2s_llama_state_spectrum,RR2S_llama_state_spectrum_module.csv,entropy_effective_rank_contraction,max_is_deepest,all,llama,80,E_ood,mlp.gate_proj,0.025,0.4598497506373027,opd,True,True,False,False,0.4598497506373027,0.2012510510038145,0.25859869963348825,"{""offkd"": 0.2012510510038145, ""opd"": 0.4598497506373027, ""seqkd"": 0.1357784535141046, ""sft"": 0.1757633042807445}"
uncentered_entropy_effective_rank,formal_rr2s_llama_state_spectrum,RR2S_llama_state_spectrum_module.csv,entropy_effective_rank_contraction,max_is_deepest,all,llama,80,E_ood,mlp.gate_proj,0.05,0.4598497506373027,opd,True,True,False,False,0.4598497506373027,0.2012510510038145,0.25859869963348825,"{""offkd"": 0.2012510510038145, ""opd"": 0.4598497506373027, ""seqkd"": 0.1357784535141046, ""sft"": 0.1757633042807445}"
uncentered_entropy_effective_rank,formal_rr2s_llama_state_spectrum,RR2S_llama_state_spectrum_module.csv,entropy_effective_rank_contraction,max_is_deepest,all,llama,80,E_ood,mlp.gate_proj,0.1,0.4598497506373027,opd,True,True,False,False,0.4598497506373027,0.2012510510038145,0.25859869963348825,"{""offkd"": 0.2012510510038145, ""opd"": 0.4598497506373027, ""seqkd"": 0.1357784535141046, ""sft"": 0.1757633042807445}"
uncentered_entropy_effective_rank,formal_rr2s_llama_state_spectrum,RR2S_llama_state_spectrum_module.csv,entropy_effective_rank_contraction,max_is_deepest,all,llama,80,E_ood,mlp.up_proj,0.01,20.99907923538271,opd,True,True,False,False,20.99907923538271,8.680064436024253,12.319014799358456,"{""offkd"": 7.167049680047171, ""opd"": 20.99907923538271, ""seqkd"": 4.695662926544316, ""sft"": 8.680064436024253}"
uncentered_entropy_effective_rank,formal_rr2s_llama_state_spectrum,RR2S_llama_state_spectrum_module.csv,entropy_effective_rank_contraction,max_is_deepest,all,llama,80,E_ood,mlp.up_proj,0.025,20.99907923538271,opd,True,True,False,False,20.99907923538271,8.680064436024253,12.319014799358456,"{""offkd"": 7.167049680047171, ""opd"": 20.99907923538271, ""seqkd"": 4.695662926544316, ""sft"": 8.680064436024253}"
uncentered_entropy_effective_rank,formal_rr2s_llama_state_spectrum,RR2S_llama_state_spectrum_module.csv,entropy_effective_rank_contraction,max_is_deepest,all,llama,80,E_ood,mlp.up_proj,0.05,20.99907923538271,opd,True,True,False,False,20.99907923538271,8.680064436024253,12.319014799358456,"{""offkd"": 7.167049680047171, ""opd"": 20.99907923538271, ""seqkd"": 4.695662926544316, ""sft"": 8.680064436024253}"
uncentered_entropy_effective_rank,formal_rr2s_llama_state_spectrum,RR2S_llama_state_spectrum_module.csv,entropy_effective_rank_contraction,max_is_deepest,all,llama,80,E_ood,mlp.up_proj,0.1,20.99907923538271,opd,True,True,False,False,20.99907923538271,8.680064436024253,12.319014799358456,"{""offkd"": 7.167049680047171, ""opd"": 20.99907923538271, ""seqkd"": 4.695662926544316, ""sft"": 8.680064436024253}"
uncentered_entropy_effective_rank,formal_rr2s_llama_state_spectrum,RR2S_llama_state_spectrum_module.csv,entropy_effective_rank_contraction,max_is_deepest,all,llama,80,E_ood,self_attn.k_proj,0.01,-0.0129940137702746,opd,True,True,False,False,-0.0129940137702746,-0.096877818955793,0.08388380518551841,"{""offkd"": -0.096877818955793, ""opd"": -0.0129940137702746, ""seqkd"": -0.1049780106081073, ""sft"": -0.3828499417057003}"
uncentered_entropy_effective_rank,formal_rr2s_llama_state_spectrum,RR2S_llama_state_spectrum_module.csv,entropy_effective_rank_contraction,max_is_deepest,all,llama,80,E_ood,self_attn.k_proj,0.025,-0.0129940137702746,opd,True,True,False,False,-0.0129940137702746,-0.096877818955793,0.08388380518551841,"{""offkd"": -0.096877818955793, ""opd"": -0.0129940137702746, ""seqkd"": -0.1049780106081073, ""sft"": -0.3828499417057003}"
uncentered_entropy_effective_rank,formal_rr2s_llama_state_spectrum,RR2S_llama_state_spectrum_module.csv,entropy_effective_rank_contraction,max_is_deepest,all,llama,80,E_ood,self_attn.k_proj,0.05,-0.0129940137702746,opd,True,True,False,False,-0.0129940137702746,-0.096877818955793,0.08388380518551841,"{""offkd"": -0.096877818955793, ""opd"": -0.0129940137702746, ""seqkd"": -0.1049780106081073, ""sft"": -0.3828499417057003}"
uncentered_entropy_effective_rank,formal_rr2s_llama_state_spectrum,RR2S_llama_state_spectrum_module.csv,entropy_effective_rank_contraction,max_is_deepest,all,llama,80,E_ood,self_attn.k_proj,0.1,-0.0129940137702746,opd,True,True,False,False,-0.0129940137702746,-0.096877818955793,0.08388380518551841,"{""offkd"": -0.096877818955793, ""opd"": -0.0129940137702746, ""seqkd"": -0.1049780106081073, ""sft"": -0.3828499417057003}"
uncentered_entropy_effective_rank,formal_rr2s_llama_state_spectrum,RR2S_llama_state_spectrum_module.csv,entropy_effective_rank_contraction,max_is_deepest,all,llama,80,E_ood,self_attn.o_proj,0.01,19.33119165637106,opd,True,True,False,False,19.33119165637106,9.123652559340655,10.207539097030406,"{""offkd"": 0.3352627023147647, ""opd"": 19.33119165637106, ""seqkd"": -0.258821372975774, ""sft"": 9.123652559340655}"
uncentered_entropy_effective_rank,formal_rr2s_llama_state_spectrum,RR2S_llama_state_spectrum_module.csv,entropy_effective_rank_contraction,max_is_deepest,all,llama,80,E_ood,self_attn.o_proj,0.025,19.33119165637106,opd,True,True,False,False,19.33119165637106,9.123652559340655,10.207539097030406,"{""offkd"": 0.3352627023147647, ""opd"": 19.33119165637106, ""seqkd"": -0.258821372975774, ""sft"": 9.123652559340655}"
uncentered_entropy_effective_rank,formal_rr2s_llama_state_spectrum,RR2S_llama_state_spectrum_module.csv,entropy_effective_rank_contraction,max_is_deepest,all,llama,80,E_ood,self_attn.o_proj,0.05,19.33119165637106,opd,True,True,False,False,19.33119165637106,9.123652559340655,10.207539097030406,"{""offkd"": 0.3352627023147647, ""opd"": 19.33119165637106, ""seqkd"": -0.258821372975774, ""sft"": 9.123652559340655}"
uncentered_entropy_effective_rank,formal_rr2s_llama_state_spectrum,RR2S_llama_state_spectrum_module.csv,entropy_effective_rank_contraction,max_is_deepest,all,llama,80,E_ood,self_attn.o_proj,0.1,19.33119165637106,opd,True,True,False,False,19.33119165637106,9.123652559340655,10.207539097030406,"{""offkd"": 0.3352627023147647, ""opd"": 19.33119165637106, ""seqkd"": -0.258821372975774, ""sft"": 9.123652559340655}"
uncentered_entropy_effective_rank,formal_rr2s_llama_state_spectrum,RR2S_llama_state_spectrum_module.csv,entropy_effective_rank_contraction,max_is_deepest,all,llama,80,E_ood,self_attn.q_proj,0.01,0.0933881640163631,opd,True,True,False,False,0.0933881640163631,0.0212841501526197,0.0721040138637434,"{""offkd"": 0.0187150988156465, ""opd"": 0.0933881640163631, ""seqkd"": 0.0212841501526197, ""sft"": -0.1060612778620777}"
uncentered_entropy_effective_rank,formal_rr2s_llama_state_spectrum,RR2S_llama_state_spectrum_module.csv,entropy_effective_rank_contraction,max_is_deepest,all,llama,80,E_ood,self_attn.q_proj,0.025,0.0933881640163631,opd,True,True,False,False,0.0933881640163631,0.0212841501526197,0.0721040138637434,"{""offkd"": 0.0187150988156465, ""opd"": 0.0933881640163631, ""seqkd"": 0.0212841501526197, ""sft"": -0.1060612778620777}"
uncentered_entropy_effective_rank,formal_rr2s_llama_state_spectrum,RR2S_llama_state_spectrum_module.csv,entropy_effective_rank_contraction,max_is_deepest,all,llama,80,E_ood,self_attn.q_proj,0.05,0.0933881640163631,opd,True,True,False,False,0.0933881640163631,0.0212841501526197,0.0721040138637434,"{""offkd"": 0.0187150988156465, ""opd"": 0.0933881640163631, ""seqkd"": 0.0212841501526197, ""sft"": -0.1060612778620777}"
uncentered_entropy_effective_rank,formal_rr2s_llama_state_spectrum,RR2S_llama_state_spectrum_module.csv,entropy_effective_rank_contraction,max_is_deepest,all,llama,80,E_ood,self_attn.q_proj,0.1,0.0933881640163631,opd,True,True,False,False,0.0933881640163631,0.0212841501526197,0.0721040138637434,"{""offkd"": 0.0187150988156465, ""opd"": 0.0933881640163631, ""seqkd"": 0.0212841501526197, ""sft"": -0.1060612778620777}"
uncentered_entropy_effective_rank,formal_rr2s_llama_state_spectrum,RR2S_llama_state_spectrum_module.csv,entropy_effective_rank_contraction,max_is_deepest,all,llama,80,E_ood,self_attn.v_proj,0.01,20.514025311371483,opd,True,True,False,False,20.514025311371483,8.258461603703495,12.255563707667989,"{""offkd"": 5.28293577874706, ""opd"": 20.514025311371483, ""seqkd"": 3.4938963442418185, ""sft"": 8.258461603703495}"
uncentered_entropy_effective_rank,formal_rr2s_llama_state_spectrum,RR2S_llama_state_spectrum_module.csv,entropy_effective_rank_contraction,max_is_deepest,all,llama,80,E_ood,self_attn.v_proj,0.025,20.514025311371483,opd,True,True,False,False,20.514025311371483,8.258461603703495,12.255563707667989,"{""offkd"": 5.28293577874706, ""opd"": 20.514025311371483, ""seqkd"": 3.4938963442418185, ""sft"": 8.258461603703495}"
uncentered_entropy_effective_rank,formal_rr2s_llama_state_spectrum,RR2S_llama_state_spectrum_module.csv,entropy_effective_rank_contraction,max_is_deepest,all,llama,80,E_ood,self_attn.v_proj,0.05,20.514025311371483,opd,True,True,False,False,20.514025311371483,8.258461603703495,12.255563707667989,"{""offkd"": 5.28293577874706, ""opd"": 20.514025311371483, ""seqkd"": 3.4938963442418185, ""sft"": 8.258461603703495}"
uncentered_entropy_effective_rank,formal_rr2s_llama_state_spectrum,RR2S_llama_state_spectrum_module.csv,entropy_effective_rank_contraction,max_is_deepest,all,llama,80,E_ood,self_attn.v_proj,0.1,20.514025311371483,opd,True,True,False,False,20.514025311371483,8.258461603703495,12.255563707667989,"{""offkd"": 5.28293577874706, ""opd"": 20.514025311371483, ""seqkd"": 3.4938963442418185, ""sft"": 8.258461603703495}"
centered_r_epsilon,formal_rr3_llama_centered_audit,RR3_llama_centered_module.csv,centered_absolute_contraction,max_is_deepest,all,llama,20,E_general,mlp.down_proj,0.01,5.0,opd,True,True,False,False,5.0,2.0,3.0,"{""offkd"": 1.0, ""opd"": 5.0, ""seqkd"": 0.0, ""sft"": 2.0}"
centered_r_epsilon,formal_rr3_llama_centered_audit,RR3_llama_centered_module.csv,centered_absolute_contraction,max_is_deepest,all,llama,20,E_general,mlp.down_proj,0.025,7.0,opd,True,True,False,False,7.0,2.0,5.0,"{""offkd"": 0.0, ""opd"": 7.0, ""seqkd"": 0.0, ""sft"": 2.0}"
centered_r_epsilon,formal_rr3_llama_centered_audit,RR3_llama_centered_module.csv,centered_absolute_contraction,max_is_deepest,all,llama,20,E_general,mlp.down_proj,0.05,9.0,opd,True,True,False,False,9.0,3.0,6.0,"{""offkd"": 1.0, ""opd"": 9.0, ""seqkd"": 0.0, ""sft"": 3.0}"
centered_r_epsilon,formal_rr3_llama_centered_audit,RR3_llama_centered_module.csv,centered_absolute_contraction,max_is_deepest,all,llama,20,E_general,mlp.down_proj,0.1,9.0,opd,True,True,False,False,9.0,3.0,6.0,"{""offkd"": 0.0, ""opd"": 9.0, ""seqkd"": -1.0, ""sft"": 3.0}"
centered_r_epsilon,formal_rr3_llama_centered_audit,RR3_llama_centered_module.csv,centered_absolute_contraction,max_is_deepest,all,llama,20,E_general,mlp.gate_proj,0.01,12.0,opd,True,True,False,False,12.0,6.0,6.0,"{""offkd"": 0.0, ""opd"": 12.0, ""seqkd"": -2.0, ""sft"": 6.0}"
centered_r_epsilon,formal_rr3_llama_centered_audit,RR3_llama_centered_module.csv,centered_absolute_contraction,max_is_deepest,all,llama,20,E_general,mlp.gate_proj,0.025,13.0,opd,True,True,False,False,13.0,7.0,6.0,"{""offkd"": 0.0, ""opd"": 13.0, ""seqkd"": -2.0, ""sft"": 7.0}"
centered_r_epsilon,formal_rr3_llama_centered_audit,RR3_llama_centered_module.csv,centered_absolute_contraction,max_is_deepest,all,llama,20,E_general,mlp.gate_proj,0.05,12.0,opd,True,True,False,False,12.0,7.0,5.0,"{""offkd"": 0.0, ""opd"": 12.0, ""seqkd"": -3.0, ""sft"": 7.0}"
centered_r_epsilon,formal_rr3_llama_centered_audit,RR3_llama_centered_module.csv,centered_absolute_contraction,max_is_deepest,all,llama,20,E_general,mlp.gate_proj,0.1,11.0,opd,True,True,False,False,11.0,6.0,5.0,"{""offkd"": 1.0, ""opd"": 11.0, ""seqkd"": -2.0, ""sft"": 6.0}"
centered_r_epsilon,formal_rr3_llama_centered_audit,RR3_llama_centered_module.csv,centered_absolute_contraction,max_is_deepest,all,llama,20,E_general,mlp.up_proj,0.01,8.0,opd,True,True,False,False,8.0,4.0,4.0,"{""offkd"": 0.0, ""opd"": 8.0, ""seqkd"": -2.0, ""sft"": 4.0}"
centered_r_epsilon,formal_rr3_llama_centered_audit,RR3_llama_centered_module.csv,centered_absolute_contraction,max_is_deepest,all,llama,20,E_general,mlp.up_proj,0.025,10.0,opd,True,True,False,False,10.0,6.0,4.0,"{""offkd"": 0.0, ""opd"": 10.0, ""seqkd"": -2.0, ""sft"": 6.0}"
centered_r_epsilon,formal_rr3_llama_centered_audit,RR3_llama_centered_module.csv,centered_absolute_contraction,max_is_deepest,all,llama,20,E_general,mlp.up_proj,0.05,11.0,opd,True,True,False,False,11.0,7.0,4.0,"{""offkd"": 0.0, ""opd"": 11.0, ""seqkd"": -2.0, ""sft"": 7.0}"
centered_r_epsilon,formal_rr3_llama_centered_audit,RR3_llama_centered_module.csv,centered_absolute_contraction,max_is_deepest,all,llama,20,E_general,mlp.up_proj,0.1,11.0,opd,True,True,False,False,11.0,7.0,4.0,"{""offkd"": 1.0, ""opd"": 11.0, ""seqkd"": -1.0, ""sft"": 7.0}"
centered_r_epsilon,formal_rr3_llama_centered_audit,RR3_llama_centered_module.csv,centered_absolute_contraction,max_is_deepest,all,llama,20,E_general,self_attn.k_proj,0.01,3.0,"seqkd,sft",False,False,False,True,2.0,3.0,-1.0,"{""offkd"": 2.0, ""opd"": 2.0, ""seqkd"": 3.0, ""sft"": 3.0}"
centered_r_epsilon,formal_rr3_llama_centered_audit,RR3_llama_centered_module.csv,centered_absolute_contraction,max_is_deepest,all,llama,20,E_general,self_attn.k_proj,0.025,3.0,sft,False,False,False,True,2.0,3.0,-1.0,"{""offkd"": 2.0, ""opd"": 2.0, ""seqkd"": 2.0, ""sft"": 3.0}"
centered_r_epsilon,formal_rr3_llama_centered_audit,RR3_llama_centered_module.csv,centered_absolute_contraction,max_is_deepest,all,llama,20,E_general,self_attn.k_proj,0.05,2.0,"offkd,opd,seqkd,sft",True,False,True,False,2.0,2.0,0.0,"{""offkd"": 2.0, ""opd"": 2.0, ""seqkd"": 2.0, ""sft"": 2.0}"
centered_r_epsilon,formal_rr3_llama_centered_audit,RR3_llama_centered_module.csv,centered_absolute_contraction,max_is_deepest,all,llama,20,E_general,self_attn.k_proj,0.1,2.0,"offkd,seqkd,sft",False,False,False,True,1.0,2.0,-1.0,"{""offkd"": 2.0, ""opd"": 1.0, ""seqkd"": 2.0, ""sft"": 2.0}"
centered_r_epsilon,formal_rr3_llama_centered_audit,RR3_llama_centered_module.csv,centered_absolute_contraction,max_is_deepest,all,llama,20,E_general,self_attn.o_proj,0.01,17.0,opd,True,True,False,False,17.0,2.0,15.0,"{""offkd"": 0.0, ""opd"": 17.0, ""seqkd"": -3.0, ""sft"": 2.0}"
centered_r_epsilon,formal_rr3_llama_centered_audit,RR3_llama_centered_module.csv,centered_absolute_contraction,max_is_deepest,all,llama,20,E_general,self_attn.o_proj,0.025,15.0,opd,True,True,False,False,15.0,2.0,13.0,"{""offkd"": -1.0, ""opd"": 15.0, ""seqkd"": -3.0, ""sft"": 2.0}"
centered_r_epsilon,formal_rr3_llama_centered_audit,RR3_llama_centered_module.csv,centered_absolute_contraction,max_is_deepest,all,llama,20,E_general,self_attn.o_proj,0.05,14.0,opd,True,True,False,False,14.0,3.0,11.0,"{""offkd"": -1.0, ""opd"": 14.0, ""seqkd"": -3.0, ""sft"": 3.0}"
centered_r_epsilon,formal_rr3_llama_centered_audit,RR3_llama_centered_module.csv,centered_absolute_contraction,max_is_deepest,all,llama,20,E_general,self_attn.o_proj,0.1,13.0,opd,True,True,False,False,13.0,4.0,9.0,"{""offkd"": 0.0, ""opd"": 13.0, ""seqkd"": -3.0, ""sft"": 4.0}"
centered_r_epsilon,formal_rr3_llama_centered_audit,RR3_llama_centered_module.csv,centered_absolute_contraction,max_is_deepest,all,llama,20,E_general,self_attn.q_proj,0.01,4.0,sft,False,False,False,True,2.0,4.0,-2.0,"{""offkd"": 2.0, ""opd"": 2.0, ""seqkd"": 2.0, ""sft"": 4.0}"
centered_r_epsilon,formal_rr3_llama_centered_audit,RR3_llama_centered_module.csv,centered_absolute_contraction,max_is_deepest,all,llama,20,E_general,self_attn.q_proj,0.025,4.0,sft,False,False,False,True,2.0,4.0,-2.0,"{""offkd"": 2.0, ""opd"": 2.0, ""seqkd"": 2.0, ""sft"": 4.0}"
centered_r_epsilon,formal_rr3_llama_centered_audit,RR3_llama_centered_module.csv,centered_absolute_contraction,max_is_deepest,all,llama,20,E_general,self_attn.q_proj,0.05,3.0,sft,False,False,False,True,2.0,3.0,-1.0,"{""offkd"": 2.0, ""opd"": 2.0, ""seqkd"": 2.0, ""sft"": 3.0}"
centered_r_epsilon,formal_rr3_llama_centered_audit,RR3_llama_centered_module.csv,centered_absolute_contraction,max_is_deepest,all,llama,20,E_general,self_attn.q_proj,0.1,2.0,"offkd,opd,sft",True,False,True,False,2.0,2.0,0.0,"{""offkd"": 2.0, ""opd"": 2.0, ""seqkd"": 1.0, ""sft"": 2.0}"
centered_r_epsilon,formal_rr3_llama_centered_audit,RR3_llama_centered_module.csv,centered_absolute_contraction,max_is_deepest,all,llama,20,E_general,self_attn.v_proj,0.01,2.0,opd,True,True,False,False,2.0,1.0,1.0,"{""offkd"": 0.0, ""opd"": 2.0, ""seqkd"": 0.0, ""sft"": 1.0}"
centered_r_epsilon,formal_rr3_llama_centered_audit,RR3_llama_centered_module.csv,centered_absolute_contraction,max_is_deepest,all,llama,20,E_general,self_attn.v_proj,0.025,2.0,opd,True,True,False,False,2.0,1.0,1.0,"{""offkd"": 0.0, ""opd"": 2.0, ""seqkd"": -1.0, ""sft"": 1.0}"
centered_r_epsilon,formal_rr3_llama_centered_audit,RR3_llama_centered_module.csv,centered_absolute_contraction,max_is_deepest,all,llama,20,E_general,self_attn.v_proj,0.05,3.0,opd,True,True,False,False,3.0,1.0,2.0,"{""offkd"": 0.0, ""opd"": 3.0, ""seqkd"": -1.0, ""sft"": 1.0}"
centered_r_epsilon,formal_rr3_llama_centered_audit,RR3_llama_centered_module.csv,centered_absolute_contraction,max_is_deepest,all,llama,20,E_general,self_attn.v_proj,0.1,4.0,opd,True,True,False,False,4.0,2.0,2.0,"{""offkd"": 0.0, ""opd"": 4.0, ""seqkd"": 0.0, ""sft"": 2.0}"
centered_r_epsilon,formal_rr3_llama_centered_audit,RR3_llama_centered_module.csv,centered_absolute_contraction,max_is_deepest,all,llama,20,E_if,mlp.down_proj,0.01,11.0,opd,True,True,False,False,11.0,10.0,1.0,"{""offkd"": 9.0, ""opd"": 11.0, ""seqkd"": 10.0, ""sft"": 6.0}"
centered_r_epsilon,formal_rr3_llama_centered_audit,RR3_llama_centered_module.csv,centered_absolute_contraction,max_is_deepest,all,llama,20,E_if,mlp.down_proj,0.025,15.0,opd,True,True,False,False,15.0,14.0,1.0,"{""offkd"": 13.0, ""opd"": 15.0, ""seqkd"": 14.0, ""sft"": 8.0}"
centered_r_epsilon,formal_rr3_llama_centered_audit,RR3_llama_centered_module.csv,centered_absolute_contraction,max_is_deepest,all,llama,20,E_if,mlp.down_proj,0.05,17.0,"opd,seqkd",True,False,True,False,17.0,17.0,0.0,"{""offkd"": 16.0, ""opd"": 17.0, ""seqkd"": 17.0, ""sft"": 10.0}"
centered_r_epsilon,formal_rr3_llama_centered_audit,RR3_llama_centered_module.csv,centered_absolute_contraction,max_is_deepest,all,llama,20,E_if,mlp.down_proj,0.1,17.0,"opd,seqkd",True,False,True,False,17.0,17.0,0.0,"{""offkd"": 16.0, ""opd"": 17.0, ""seqkd"": 17.0, ""sft"": 10.0}"
centered_r_epsilon,formal_rr3_llama_centered_audit,RR3_llama_centered_module.csv,centered_absolute_contraction,max_is_deepest,all,llama,20,E_if,mlp.gate_proj,0.01,17.0,opd,True,True,False,False,17.0,10.0,7.0,"{""offkd"": 6.0, ""opd"": 17.0, ""seqkd"": 5.0, ""sft"": 10.0}"
centered_r_epsilon,formal_rr3_llama_centered_audit,RR3_llama_centered_module.csv,centered_absolute_contraction,max_is_deepest,all,llama,20,E_if,mlp.gate_proj,0.025,19.0,opd,True,True,False,False,19.0,11.0,8.0,"{""offkd"": 8.0, ""opd"": 19.0, ""seqkd"": 7.0, ""sft"": 11.0}"
centered_r_epsilon,formal_rr3_llama_centered_audit,RR3_llama_centered_module.csv,centered_absolute_contraction,max_is_deepest,all,llama,20,E_if,mlp.gate_proj,0.05,17.0,opd,True,True,False,False,17.0,10.0,7.0,"{""offkd"": 7.0, ""opd"": 17.0, ""seqkd"": 6.0, ""sft"": 10.0}"
centered_r_epsilon,formal_rr3_llama_centered_audit,RR3_llama_centered_module.csv,centered_absolute_contraction,max_is_deepest,all,llama,20,E_if,mlp.gate_proj,0.1,13.0,opd,True,True,False,False,13.0,8.0,5.0,"{""offkd"": 5.0, ""opd"": 13.0, ""seqkd"": 5.0, ""sft"": 8.0}"
centered_r_epsilon,formal_rr3_llama_centered_audit,RR3_llama_centered_module.csv,centered_absolute_contraction,max_is_deepest,all,llama,20,E_if,mlp.up_proj,0.01,14.0,opd,True,True,False,False,14.0,8.0,6.0,"{""offkd"": 7.0, ""opd"": 14.0, ""seqkd"": 6.0, ""sft"": 8.0}"
centered_r_epsilon,formal_rr3_llama_centered_audit,RR3_llama_centered_module.csv,centered_absolute_contraction,max_is_deepest,all,llama,20,E_if,mlp.up_proj,0.025,17.0,opd,True,True,False,False,17.0,12.0,5.0,"{""offkd"": 10.0, ""opd"": 17.0, ""seqkd"": 9.0, ""sft"": 12.0}"
centered_r_epsilon,formal_rr3_llama_centered_audit,RR3_llama_centered_module.csv,centered_absolute_contraction,max_is_deepest,all,llama,20,E_if,mlp.up_proj,0.05,17.0,opd,True,True,False,False,17.0,12.0,5.0,"{""offkd"": 10.0, ""opd"": 17.0, ""seqkd"": 9.0, ""sft"": 12.0}"
centered_r_epsilon,formal_rr3_llama_centered_audit,RR3_llama_centered_module.csv,centered_absolute_contraction,max_is_deepest,all,llama,20,E_if,mlp.up_proj,0.1,15.0,opd,True,True,False,False,15.0,11.0,4.0,"{""offkd"": 9.0, ""opd"": 15.0, ""seqkd"": 8.0, ""sft"": 11.0}"
centered_r_epsilon,formal_rr3_llama_centered_audit,RR3_llama_centered_module.csv,centered_absolute_contraction,max_is_deepest,all,llama,20,E_if,self_attn.k_proj,0.01,4.0,"offkd,seqkd",False,False,False,True,3.0,4.0,-1.0,"{""offkd"": 4.0, ""opd"": 3.0, ""seqkd"": 4.0, ""sft"": 3.0}"
centered_r_epsilon,formal_rr3_llama_centered_audit,RR3_llama_centered_module.csv,centered_absolute_contraction,max_is_deepest,all,llama,20,E_if,self_attn.k_proj,0.025,5.0,seqkd,False,False,False,True,4.0,5.0,-1.0,"{""offkd"": 4.0, ""opd"": 4.0, ""seqkd"": 5.0, ""sft"": 4.0}"
centered_r_epsilon,formal_rr3_llama_centered_audit,RR3_llama_centered_module.csv,centered_absolute_contraction,max_is_deepest,all,llama,20,E_if,self_attn.k_proj,0.05,4.0,"offkd,seqkd",False,False,False,True,3.0,4.0,-1.0,"{""offkd"": 4.0, ""opd"": 3.0, ""seqkd"": 4.0, ""sft"": 3.0}"
centered_r_epsilon,formal_rr3_llama_centered_audit,RR3_llama_centered_module.csv,centered_absolute_contraction,max_is_deepest,all,llama,20,E_if,self_attn.k_proj,0.1,2.0,"offkd,seqkd",False,False,False,True,1.0,2.0,-1.0,"{""offkd"": 2.0, ""opd"": 1.0, ""seqkd"": 2.0, ""sft"": 1.0}"
centered_r_epsilon,formal_rr3_llama_centered_audit,RR3_llama_centered_module.csv,centered_absolute_contraction,max_is_deepest,all,llama,20,E_if,self_attn.o_proj,0.01,24.0,opd,True,True,False,False,24.0,2.0,22.0,"{""offkd"": 1.0, ""opd"": 24.0, ""seqkd"": -1.0, ""sft"": 2.0}"
centered_r_epsilon,formal_rr3_llama_centered_audit,RR3_llama_centered_module.csv,centered_absolute_contraction,max_is_deepest,all,llama,20,E_if,self_attn.o_proj,0.025,21.0,opd,True,True,False,False,21.0,3.0,18.0,"{""offkd"": 1.0, ""opd"": 21.0, ""seqkd"": -1.0, ""sft"": 3.0}"
centered_r_epsilon,formal_rr3_llama_centered_audit,RR3_llama_centered_module.csv,centered_absolute_contraction,max_is_deepest,all,llama,20,E_if,self_attn.o_proj,0.05,20.0,opd,True,True,False,False,20.0,4.0,16.0,"{""offkd"": 2.0, ""opd"": 20.0, ""seqkd"": 0.0, ""sft"": 4.0}"
centered_r_epsilon,formal_rr3_llama_centered_audit,RR3_llama_centered_module.csv,centered_absolute_contraction,max_is_deepest,all,llama,20,E_if,self_attn.o_proj,0.1,17.0,opd,True,True,False,False,17.0,4.0,13.0,"{""offkd"": 3.0, ""opd"": 17.0, ""seqkd"": 1.0, ""sft"": 4.0}"
centered_r_epsilon,formal_rr3_llama_centered_audit,RR3_llama_centered_module.csv,centered_absolute_contraction,max_is_deepest,all,llama,20,E_if,self_attn.q_proj,0.01,10.0,"offkd,seqkd",False,False,False,True,5.0,10.0,-5.0,"{""offkd"": 10.0, ""opd"": 5.0, ""seqkd"": 10.0, ""sft"": 7.0}"
centered_r_epsilon,formal_rr3_llama_centered_audit,RR3_llama_centered_module.csv,centered_absolute_contraction,max_is_deepest,all,llama,20,E_if,self_attn.q_proj,0.025,9.0,"offkd,seqkd",False,False,False,True,4.0,9.0,-5.0,"{""offkd"": 9.0, ""opd"": 4.0, ""seqkd"": 9.0, ""sft"": 6.0}"
centered_r_epsilon,formal_rr3_llama_centered_audit,RR3_llama_centered_module.csv,centered_absolute_contraction,max_is_deepest,all,llama,20,E_if,self_attn.q_proj,0.05,7.0,"offkd,seqkd",False,False,False,True,3.0,7.0,-4.0,"{""offkd"": 7.0, ""opd"": 3.0, ""seqkd"": 7.0, ""sft"": 5.0}"
centered_r_epsilon,formal_rr3_llama_centered_audit,RR3_llama_centered_module.csv,centered_absolute_contraction,max_is_deepest,all,llama,20,E_if,self_attn.q_proj,0.1,5.0,"offkd,seqkd",False,False,False,True,3.0,5.0,-2.0,"{""offkd"": 5.0, ""opd"": 3.0, ""seqkd"": 5.0, ""sft"": 4.0}"
centered_r_epsilon,formal_rr3_llama_centered_audit,RR3_llama_centered_module.csv,centered_absolute_contraction,max_is_deepest,all,llama,20,E_if,self_attn.v_proj,0.01,3.0,opd,True,True,False,False,3.0,2.0,1.0,"{""offkd"": 1.0, ""opd"": 3.0, ""seqkd"": 1.0, ""sft"": 2.0}"
centered_r_epsilon,formal_rr3_llama_centered_audit,RR3_llama_centered_module.csv,centered_absolute_contraction,max_is_deepest,all,llama,20,E_if,self_attn.v_proj,0.025,4.0,opd,True,True,False,False,4.0,3.0,1.0,"{""offkd"": 2.0, ""opd"": 4.0, ""seqkd"": 2.0, ""sft"": 3.0}"
centered_r_epsilon,formal_rr3_llama_centered_audit,RR3_llama_centered_module.csv,centered_absolute_contraction,max_is_deepest,all,llama,20,E_if,self_attn.v_proj,0.05,5.0,opd,True,True,False,False,5.0,3.0,2.0,"{""offkd"": 3.0, ""opd"": 5.0, ""seqkd"": 2.0, ""sft"": 3.0}"
centered_r_epsilon,formal_rr3_llama_centered_audit,RR3_llama_centered_module.csv,centered_absolute_contraction,max_is_deepest,all,llama,20,E_if,self_attn.v_proj,0.1,6.0,opd,True,True,False,False,6.0,3.0,3.0,"{""offkd"": 3.0, ""opd"": 6.0, ""seqkd"": 3.0, ""sft"": 3.0}"
centered_r_epsilon,formal_rr3_llama_centered_audit,RR3_llama_centered_module.csv,centered_absolute_contraction,max_is_deepest,all,llama,20,E_math,mlp.down_proj,0.01,13.0,opd,True,True,False,False,13.0,6.0,7.0,"{""offkd"": 2.0, ""opd"": 13.0, ""seqkd"": 1.0, ""sft"": 6.0}"
centered_r_epsilon,formal_rr3_llama_centered_audit,RR3_llama_centered_module.csv,centered_absolute_contraction,max_is_deepest,all,llama,20,E_math,mlp.down_proj,0.025,14.0,opd,True,True,False,False,14.0,6.0,8.0,"{""offkd"": 2.0, ""opd"": 14.0, ""seqkd"": 1.0, ""sft"": 6.0}"
centered_r_epsilon,formal_rr3_llama_centered_audit,RR3_llama_centered_module.csv,centered_absolute_contraction,max_is_deepest,all,llama,20,E_math,mlp.down_proj,0.05,13.0,opd,True,True,False,False,13.0,6.0,7.0,"{""offkd"": 2.0, ""opd"": 13.0, ""seqkd"": 1.0, ""sft"": 6.0}"
centered_r_epsilon,formal_rr3_llama_centered_audit,RR3_llama_centered_module.csv,centered_absolute_contraction,max_is_deepest,all,llama,20,E_math,mlp.down_proj,0.1,12.0,opd,True,True,False,False,12.0,6.0,6.0,"{""offkd"": 2.0, ""opd"": 12.0, ""seqkd"": 1.0, ""sft"": 6.0}"
centered_r_epsilon,formal_rr3_llama_centered_audit,RR3_llama_centered_module.csv,centered_absolute_contraction,max_is_deepest,all,llama,20,E_math,mlp.gate_proj,0.01,17.0,opd,True,True,False,False,17.0,8.0,9.0,"{""offkd"": 2.0, ""opd"": 17.0, ""seqkd"": 0.0, ""sft"": 8.0}"
centered_r_epsilon,formal_rr3_llama_centered_audit,RR3_llama_centered_module.csv,centered_absolute_contraction,max_is_deepest,all,llama,20,E_math,mlp.gate_proj,0.025,16.0,opd,True,True,False,False,16.0,7.0,9.0,"{""offkd"": 1.0, ""opd"": 16.0, ""seqkd"": -1.0, ""sft"": 7.0}"
centered_r_epsilon,formal_rr3_llama_centered_audit,RR3_llama_centered_module.csv,centered_absolute_contraction,max_is_deepest,all,llama,20,E_math,mlp.gate_proj,0.05,15.0,opd,True,True,False,False,15.0,7.0,8.0,"{""offkd"": 1.0, ""opd"": 15.0, ""seqkd"": 0.0, ""sft"": 7.0}"
centered_r_epsilon,formal_rr3_llama_centered_audit,RR3_llama_centered_module.csv,centered_absolute_contraction,max_is_deepest,all,llama,20,E_math,mlp.gate_proj,0.1,10.0,opd,True,True,False,False,10.0,4.0,6.0,"{""offkd"": 0.0, ""opd"": 10.0, ""seqkd"": -1.0, ""sft"": 4.0}"
centered_r_epsilon,formal_rr3_llama_centered_audit,RR3_llama_centered_module.csv,centered_absolute_contraction,max_is_deepest,all,llama,20,E_math,mlp.up_proj,0.01,13.0,opd,True,True,False,False,13.0,8.0,5.0,"{""offkd"": 2.0, ""opd"": 13.0, ""seqkd"": 0.0, ""sft"": 8.0}"
centered_r_epsilon,formal_rr3_llama_centered_audit,RR3_llama_centered_module.csv,centered_absolute_contraction,max_is_deepest,all,llama,20,E_math,mlp.up_proj,0.025,13.0,opd,True,True,False,False,13.0,8.0,5.0,"{""offkd"": 2.0, ""opd"": 13.0, ""seqkd"": 0.0, ""sft"": 8.0}"
centered_r_epsilon,formal_rr3_llama_centered_audit,RR3_llama_centered_module.csv,centered_absolute_contraction,max_is_deepest,all,llama,20,E_math,mlp.up_proj,0.05,12.0,opd,True,True,False,False,12.0,7.0,5.0,"{""offkd"": 2.0, ""opd"": 12.0, ""seqkd"": 0.0, ""sft"": 7.0}"
centered_r_epsilon,formal_rr3_llama_centered_audit,RR3_llama_centered_module.csv,centered_absolute_contraction,max_is_deepest,all,llama,20,E_math,mlp.up_proj,0.1,10.0,opd,True,True,False,False,10.0,6.0,4.0,"{""offkd"": 1.0, ""opd"": 10.0, ""seqkd"": 0.0, ""sft"": 6.0}"
centered_r_epsilon,formal_rr3_llama_centered_audit,RR3_llama_centered_module.csv,centered_absolute_contraction,max_is_deepest,all,llama,20,E_math,self_attn.k_proj,0.01,4.0,"opd,sft",True,False,True,False,4.0,4.0,0.0,"{""offkd"": 3.0, ""opd"": 4.0, ""seqkd"": 2.0, ""sft"": 4.0}"
centered_r_epsilon,formal_rr3_llama_centered_audit,RR3_llama_centered_module.csv,centered_absolute_contraction,max_is_deepest,all,llama,20,E_math,self_attn.k_proj,0.025,4.0,opd,True,True,False,False,4.0,3.0,1.0,"{""offkd"": 2.0, ""opd"": 4.0, ""seqkd"": 2.0, ""sft"": 3.0}"
centered_r_epsilon,formal_rr3_llama_centered_audit,RR3_llama_centered_module.csv,centered_absolute_contraction,max_is_deepest,all,llama,20,E_math,self_attn.k_proj,0.05,3.0,"opd,sft",True,False,True,False,3.0,3.0,0.0,"{""offkd"": 2.0, ""opd"": 3.0, ""seqkd"": 2.0, ""sft"": 3.0}"
centered_r_epsilon,formal_rr3_llama_centered_audit,RR3_llama_centered_module.csv,centered_absolute_contraction,max_is_deepest,all,llama,20,E_math,self_attn.k_proj,0.1,2.0,"opd,sft",True,False,True,False,2.0,2.0,0.0,"{""offkd"": 1.0, ""opd"": 2.0, ""seqkd"": 1.0, ""sft"": 2.0}"
centered_r_epsilon,formal_rr3_llama_centered_audit,RR3_llama_centered_module.csv,centered_absolute_contraction,max_is_deepest,all,llama,20,E_math,self_attn.o_proj,0.01,17.0,opd,True,True,False,False,17.0,6.0,11.0,"{""offkd"": -2.0, ""opd"": 17.0, ""seqkd"": -3.0, ""sft"": 6.0}"
centered_r_epsilon,formal_rr3_llama_centered_audit,RR3_llama_centered_module.csv,centered_absolute_contraction,max_is_deepest,all,llama,20,E_math,self_attn.o_proj,0.025,15.0,opd,True,True,False,False,15.0,5.0,10.0,"{""offkd"": -3.0, ""opd"": 15.0, ""seqkd"": -4.0, ""sft"": 5.0}"
centered_r_epsilon,formal_rr3_llama_centered_audit,RR3_llama_centered_module.csv,centered_absolute_contraction,max_is_deepest,all,llama,20,E_math,self_attn.o_proj,0.05,13.0,opd,True,True,False,False,13.0,5.0,8.0,"{""offkd"": -3.0, ""opd"": 13.0, ""seqkd"": -4.0, ""sft"": 5.0}"
centered_r_epsilon,formal_rr3_llama_centered_audit,RR3_llama_centered_module.csv,centered_absolute_contraction,max_is_deepest,all,llama,20,E_math,self_attn.o_proj,0.1,10.0,opd,True,True,False,False,10.0,4.0,6.0,"{""offkd"": -2.0, ""opd"": 10.0, ""seqkd"": -3.0, ""sft"": 4.0}"
centered_r_epsilon,formal_rr3_llama_centered_audit,RR3_llama_centered_module.csv,centered_absolute_contraction,max_is_deepest,all,llama,20,E_math,self_attn.q_proj,0.01,8.0,opd,True,True,False,False,8.0,5.0,3.0,"{""offkd"": 3.0, ""opd"": 8.0, ""seqkd"": 2.0, ""sft"": 5.0}"
centered_r_epsilon,formal_rr3_llama_centered_audit,RR3_llama_centered_module.csv,centered_absolute_contraction,max_is_deepest,all,llama,20,E_math,self_attn.q_proj,0.025,6.0,opd,True,True,False,False,6.0,4.0,2.0,"{""offkd"": 3.0, ""opd"": 6.0, ""seqkd"": 2.0, ""sft"": 4.0}"
centered_r_epsilon,formal_rr3_llama_centered_audit,RR3_llama_centered_module.csv,centered_absolute_contraction,max_is_deepest,all,llama,20,E_math,self_attn.q_proj,0.05,5.0,opd,True,True,False,False,5.0,4.0,1.0,"{""offkd"": 3.0, ""opd"": 5.0, ""seqkd"": 2.0, ""sft"": 4.0}"
centered_r_epsilon,formal_rr3_llama_centered_audit,RR3_llama_centered_module.csv,centered_absolute_contraction,max_is_deepest,all,llama,20,E_math,self_attn.q_proj,0.1,3.0,opd,True,True,False,False,3.0,2.0,1.0,"{""offkd"": 1.0, ""opd"": 3.0, ""seqkd"": 1.0, ""sft"": 2.0}"
centered_r_epsilon,formal_rr3_llama_centered_audit,RR3_llama_centered_module.csv,centered_absolute_contraction,max_is_deepest,all,llama,20,E_math,self_attn.v_proj,0.01,7.0,opd,True,True,False,False,7.0,4.0,3.0,"{""offkd"": 1.0, ""opd"": 7.0, ""seqkd"": 0.0, ""sft"": 4.0}"
centered_r_epsilon,formal_rr3_llama_centered_audit,RR3_llama_centered_module.csv,centered_absolute_contraction,max_is_deepest,all,llama,20,E_math,self_attn.v_proj,0.025,7.0,opd,True,True,False,False,7.0,4.0,3.0,"{""offkd"": 1.0, ""opd"": 7.0, ""seqkd"": 0.0, ""sft"": 4.0}"
centered_r_epsilon,formal_rr3_llama_centered_audit,RR3_llama_centered_module.csv,centered_absolute_contraction,max_is_deepest,all,llama,20,E_math,self_attn.v_proj,0.05,7.0,opd,True,True,False,False,7.0,4.0,3.0,"{""offkd"": 1.0, ""opd"": 7.0, ""seqkd"": 0.0, ""sft"": 4.0}"
centered_r_epsilon,formal_rr3_llama_centered_audit,RR3_llama_centered_module.csv,centered_absolute_contraction,max_is_deepest,all,llama,20,E_math,self_attn.v_proj,0.1,6.0,opd,True,True,False,False,6.0,3.0,3.0,"{""offkd"": 1.0, ""opd"": 6.0, ""seqkd"": 0.0, ""sft"": 3.0}"
centered_r_epsilon,formal_rr3_llama_centered_audit,RR3_llama_centered_module.csv,centered_absolute_contraction,max_is_deepest,all,llama,20,E_ood,mlp.down_proj,0.01,10.0,opd,True,True,False,False,10.0,3.0,7.0,"{""offkd"": 2.0, ""opd"": 10.0, ""seqkd"": 1.0, ""sft"": 3.0}"
centered_r_epsilon,formal_rr3_llama_centered_audit,RR3_llama_centered_module.csv,centered_absolute_contraction,max_is_deepest,all,llama,20,E_ood,mlp.down_proj,0.025,14.0,opd,True,True,False,False,14.0,5.0,9.0,"{""offkd"": 3.0, ""opd"": 14.0, ""seqkd"": 3.0, ""sft"": 5.0}"
centered_r_epsilon,formal_rr3_llama_centered_audit,RR3_llama_centered_module.csv,centered_absolute_contraction,max_is_deepest,all,llama,20,E_ood,mlp.down_proj,0.05,15.0,opd,True,True,False,False,15.0,5.0,10.0,"{""offkd"": 3.0, ""opd"": 15.0, ""seqkd"": 3.0, ""sft"": 5.0}"
centered_r_epsilon,formal_rr3_llama_centered_audit,RR3_llama_centered_module.csv,centered_absolute_contraction,max_is_deepest,all,llama,20,E_ood,mlp.down_proj,0.1,16.0,opd,True,True,False,False,16.0,6.0,10.0,"{""offkd"": 3.0, ""opd"": 16.0, ""seqkd"": 3.0, ""sft"": 6.0}"
centered_r_epsilon,formal_rr3_llama_centered_audit,RR3_llama_centered_module.csv,centered_absolute_contraction,max_is_deepest,all,llama,20,E_ood,mlp.gate_proj,0.01,22.0,opd,True,True,False,False,22.0,12.0,10.0,"{""offkd"": 2.0, ""opd"": 22.0, ""seqkd"": 0.0, ""sft"": 12.0}"
centered_r_epsilon,formal_rr3_llama_centered_audit,RR3_llama_centered_module.csv,centered_absolute_contraction,max_is_deepest,all,llama,20,E_ood,mlp.gate_proj,0.025,26.0,opd,True,True,False,False,26.0,15.0,11.0,"{""offkd"": 3.0, ""opd"": 26.0, ""seqkd"": 0.0, ""sft"": 15.0}"
centered_r_epsilon,formal_rr3_llama_centered_audit,RR3_llama_centered_module.csv,centered_absolute_contraction,max_is_deepest,all,llama,20,E_ood,mlp.gate_proj,0.05,26.0,opd,True,True,False,False,26.0,14.0,12.0,"{""offkd"": 3.0, ""opd"": 26.0, ""seqkd"": 0.0, ""sft"": 14.0}"
centered_r_epsilon,formal_rr3_llama_centered_audit,RR3_llama_centered_module.csv,centered_absolute_contraction,max_is_deepest,all,llama,20,E_ood,mlp.gate_proj,0.1,21.0,opd,True,True,False,False,21.0,12.0,9.0,"{""offkd"": 3.0, ""opd"": 21.0, ""seqkd"": 0.0, ""sft"": 12.0}"
centered_r_epsilon,formal_rr3_llama_centered_audit,RR3_llama_centered_module.csv,centered_absolute_contraction,max_is_deepest,all,llama,20,E_ood,mlp.up_proj,0.01,16.0,opd,True,True,False,False,16.0,10.0,6.0,"{""offkd"": 3.0, ""opd"": 16.0, ""seqkd"": 1.0, ""sft"": 10.0}"
centered_r_epsilon,formal_rr3_llama_centered_audit,RR3_llama_centered_module.csv,centered_absolute_contraction,max_is_deepest,all,llama,20,E_ood,mlp.up_proj,0.025,19.0,opd,True,True,False,False,19.0,12.0,7.0,"{""offkd"": 3.0, ""opd"": 19.0, ""seqkd"": 1.0, ""sft"": 12.0}"
centered_r_epsilon,formal_rr3_llama_centered_audit,RR3_llama_centered_module.csv,centered_absolute_contraction,max_is_deepest,all,llama,20,E_ood,mlp.up_proj,0.05,21.0,opd,True,True,False,False,21.0,13.0,8.0,"{""offkd"": 3.0, ""opd"": 21.0, ""seqkd"": 1.0, ""sft"": 13.0}"
centered_r_epsilon,formal_rr3_llama_centered_audit,RR3_llama_centered_module.csv,centered_absolute_contraction,max_is_deepest,all,llama,20,E_ood,mlp.up_proj,0.1,20.0,opd,True,True,False,False,20.0,13.0,7.0,"{""offkd"": 3.0, ""opd"": 20.0, ""seqkd"": 1.0, ""sft"": 13.0}"
centered_r_epsilon,formal_rr3_llama_centered_audit,RR3_llama_centered_module.csv,centered_absolute_contraction,max_is_deepest,all,llama,20,E_ood,self_attn.k_proj,0.01,4.0,sft,False,False,False,True,3.0,4.0,-1.0,"{""offkd"": 3.0, ""opd"": 3.0, ""seqkd"": 3.0, ""sft"": 4.0}"
centered_r_epsilon,formal_rr3_llama_centered_audit,RR3_llama_centered_module.csv,centered_absolute_contraction,max_is_deepest,all,llama,20,E_ood,self_attn.k_proj,0.025,3.0,"offkd,seqkd,sft",False,False,False,True,2.0,3.0,-1.0,"{""offkd"": 3.0, ""opd"": 2.0, ""seqkd"": 3.0, ""sft"": 3.0}"
centered_r_epsilon,formal_rr3_llama_centered_audit,RR3_llama_centered_module.csv,centered_absolute_contraction,max_is_deepest,all,llama,20,E_ood,self_attn.k_proj,0.05,3.0,"offkd,seqkd,sft",False,False,False,True,2.0,3.0,-1.0,"{""offkd"": 3.0, ""opd"": 2.0, ""seqkd"": 3.0, ""sft"": 3.0}"
centered_r_epsilon,formal_rr3_llama_centered_audit,RR3_llama_centered_module.csv,centered_absolute_contraction,max_is_deepest,all,llama,20,E_ood,self_attn.k_proj,0.1,2.0,"offkd,seqkd,sft",False,False,False,True,1.0,2.0,-1.0,"{""offkd"": 2.0, ""opd"": 1.0, ""seqkd"": 2.0, ""sft"": 2.0}"
centered_r_epsilon,formal_rr3_llama_centered_audit,RR3_llama_centered_module.csv,centered_absolute_contraction,max_is_deepest,all,llama,20,E_ood,self_attn.o_proj,0.01,20.0,opd,True,True,False,False,20.0,8.0,12.0,"{""offkd"": 0.0, ""opd"": 20.0, ""seqkd"": 0.0, ""sft"": 8.0}"
centered_r_epsilon,formal_rr3_llama_centered_audit,RR3_llama_centered_module.csv,centered_absolute_contraction,max_is_deepest,all,llama,20,E_ood,self_attn.o_proj,0.025,18.0,opd,True,True,False,False,18.0,8.0,10.0,"{""offkd"": 0.0, ""opd"": 18.0, ""seqkd"": 0.0, ""sft"": 8.0}"
centered_r_epsilon,formal_rr3_llama_centered_audit,RR3_llama_centered_module.csv,centered_absolute_contraction,max_is_deepest,all,llama,20,E_ood,self_attn.o_proj,0.05,16.0,opd,True,True,False,False,16.0,8.0,8.0,"{""offkd"": 0.0, ""opd"": 16.0, ""seqkd"": 0.0, ""sft"": 8.0}"
centered_r_epsilon,formal_rr3_llama_centered_audit,RR3_llama_centered_module.csv,centered_absolute_contraction,max_is_deepest,all,llama,20,E_ood,self_attn.o_proj,0.1,12.0,opd,True,True,False,False,12.0,7.0,5.0,"{""offkd"": -1.0, ""opd"": 12.0, ""seqkd"": 0.0, ""sft"": 7.0}"
centered_r_epsilon,formal_rr3_llama_centered_audit,RR3_llama_centered_module.csv,centered_absolute_contraction,max_is_deepest,all,llama,20,E_ood,self_attn.q_proj,0.01,4.0,offkd,False,False,False,True,0.0,4.0,-4.0,"{""offkd"": 4.0, ""opd"": 0.0, ""seqkd"": 3.0, ""sft"": 3.0}"
centered_r_epsilon,formal_rr3_llama_centered_audit,RR3_llama_centered_module.csv,centered_absolute_contraction,max_is_deepest,all,llama,20,E_ood,self_attn.q_proj,0.025,3.0,"offkd,seqkd,sft",False,False,False,True,-1.0,3.0,-4.0,"{""offkd"": 3.0, ""opd"": -1.0, ""seqkd"": 3.0, ""sft"": 3.0}"
centered_r_epsilon,formal_rr3_llama_centered_audit,RR3_llama_centered_module.csv,centered_absolute_contraction,max_is_deepest,all,llama,20,E_ood,self_attn.q_proj,0.05,3.0,"offkd,seqkd,sft",False,False,False,True,0.0,3.0,-3.0,"{""offkd"": 3.0, ""opd"": 0.0, ""seqkd"": 3.0, ""sft"": 3.0}"
centered_r_epsilon,formal_rr3_llama_centered_audit,RR3_llama_centered_module.csv,centered_absolute_contraction,max_is_deepest,all,llama,20,E_ood,self_attn.q_proj,0.1,2.0,"offkd,seqkd",False,False,False,True,0.0,2.0,-2.0,"{""offkd"": 2.0, ""opd"": 0.0, ""seqkd"": 2.0, ""sft"": 1.0}"
centered_r_epsilon,formal_rr3_llama_centered_audit,RR3_llama_centered_module.csv,centered_absolute_contraction,max_is_deepest,all,llama,20,E_ood,self_attn.v_proj,0.01,4.0,opd,True,True,False,False,4.0,2.0,2.0,"{""offkd"": 1.0, ""opd"": 4.0, ""seqkd"": 0.0, ""sft"": 2.0}"
centered_r_epsilon,formal_rr3_llama_centered_audit,RR3_llama_centered_module.csv,centered_absolute_contraction,max_is_deepest,all,llama,20,E_ood,self_attn.v_proj,0.025,6.0,opd,True,True,False,False,6.0,3.0,3.0,"{""offkd"": 1.0, ""opd"": 6.0, ""seqkd"": 1.0, ""sft"": 3.0}"
centered_r_epsilon,formal_rr3_llama_centered_audit,RR3_llama_centered_module.csv,centered_absolute_contraction,max_is_deepest,all,llama,20,E_ood,self_attn.v_proj,0.05,7.0,opd,True,True,False,False,7.0,3.0,4.0,"{""offkd"": 2.0, ""opd"": 7.0, ""seqkd"": 1.0, ""sft"": 3.0}"
centered_r_epsilon,formal_rr3_llama_centered_audit,RR3_llama_centered_module.csv,centered_absolute_contraction,max_is_deepest,all,llama,20,E_ood,self_attn.v_proj,0.1,8.0,opd,True,True,False,False,8.0,4.0,4.0,"{""offkd"": 2.0, ""opd"": 8.0, ""seqkd"": 1.0, ""sft"": 4.0}"
centered_r_epsilon,formal_rr3_llama_centered_audit,RR3_llama_centered_module.csv,centered_absolute_contraction,max_is_deepest,all,llama,40,E_general,mlp.down_proj,0.01,7.0,opd,True,True,False,False,7.0,1.0,6.0,"{""offkd"": 1.0, ""opd"": 7.0, ""seqkd"": 0.0, ""sft"": 1.0}"
centered_r_epsilon,formal_rr3_llama_centered_audit,RR3_llama_centered_module.csv,centered_absolute_contraction,max_is_deepest,all,llama,40,E_general,mlp.down_proj,0.025,9.0,opd,True,True,False,False,9.0,2.0,7.0,"{""offkd"": 1.0, ""opd"": 9.0, ""seqkd"": 0.0, ""sft"": 2.0}"
centered_r_epsilon,formal_rr3_llama_centered_audit,RR3_llama_centered_module.csv,centered_absolute_contraction,max_is_deepest,all,llama,40,E_general,mlp.down_proj,0.05,11.0,opd,True,True,False,False,11.0,2.0,9.0,"{""offkd"": 1.0, ""opd"": 11.0, ""seqkd"": 0.0, ""sft"": 2.0}"
centered_r_epsilon,formal_rr3_llama_centered_audit,RR3_llama_centered_module.csv,centered_absolute_contraction,max_is_deepest,all,llama,40,E_general,mlp.down_proj,0.1,11.0,opd,True,True,False,False,11.0,2.0,9.0,"{""offkd"": 1.0, ""opd"": 11.0, ""seqkd"": 0.0, ""sft"": 2.0}"
centered_r_epsilon,formal_rr3_llama_centered_audit,RR3_llama_centered_module.csv,centered_absolute_contraction,max_is_deepest,all,llama,40,E_general,mlp.gate_proj,0.01,17.0,opd,True,True,False,False,17.0,6.0,11.0,"{""offkd"": 0.0, ""opd"": 17.0, ""seqkd"": -3.0, ""sft"": 6.0}"
centered_r_epsilon,formal_rr3_llama_centered_audit,RR3_llama_centered_module.csv,centered_absolute_contraction,max_is_deepest,all,llama,40,E_general,mlp.gate_proj,0.025,20.0,opd,True,True,False,False,20.0,7.0,13.0,"{""offkd"": 1.0, ""opd"": 20.0, ""seqkd"": -3.0, ""sft"": 7.0}"
centered_r_epsilon,formal_rr3_llama_centered_audit,RR3_llama_centered_module.csv,centered_absolute_contraction,max_is_deepest,all,llama,40,E_general,mlp.gate_proj,0.05,19.0,opd,True,True,False,False,19.0,7.0,12.0,"{""offkd"": 0.0, ""opd"": 19.0, ""seqkd"": -3.0, ""sft"": 7.0}"
centered_r_epsilon,formal_rr3_llama_centered_audit,RR3_llama_centered_module.csv,centered_absolute_contraction,max_is_deepest,all,llama,40,E_general,mlp.gate_proj,0.1,16.0,opd,True,True,False,False,16.0,6.0,10.0,"{""offkd"": 1.0, ""opd"": 16.0, ""seqkd"": -2.0, ""sft"": 6.0}"
centered_r_epsilon,formal_rr3_llama_centered_audit,RR3_llama_centered_module.csv,centered_absolute_contraction,max_is_deepest,all,llama,40,E_general,mlp.up_proj,0.01,12.0,opd,True,True,False,False,12.0,5.0,7.0,"{""offkd"": 0.0, ""opd"": 12.0, ""seqkd"": -2.0, ""sft"": 5.0}"
centered_r_epsilon,formal_rr3_llama_centered_audit,RR3_llama_centered_module.csv,centered_absolute_contraction,max_is_deepest,all,llama,40,E_general,mlp.up_proj,0.025,15.0,opd,True,True,False,False,15.0,6.0,9.0,"{""offkd"": 1.0, ""opd"": 15.0, ""seqkd"": -2.0, ""sft"": 6.0}"
centered_r_epsilon,formal_rr3_llama_centered_audit,RR3_llama_centered_module.csv,centered_absolute_contraction,max_is_deepest,all,llama,40,E_general,mlp.up_proj,0.05,17.0,opd,True,True,False,False,17.0,7.0,10.0,"{""offkd"": 1.0, ""opd"": 17.0, ""seqkd"": -2.0, ""sft"": 7.0}"
centered_r_epsilon,formal_rr3_llama_centered_audit,RR3_llama_centered_module.csv,centered_absolute_contraction,max_is_deepest,all,llama,40,E_general,mlp.up_proj,0.1,16.0,opd,True,True,False,False,16.0,7.0,9.0,"{""offkd"": 1.0, ""opd"": 16.0, ""seqkd"": -2.0, ""sft"": 7.0}"
centered_r_epsilon,formal_rr3_llama_centered_audit,RR3_llama_centered_module.csv,centered_absolute_contraction,max_is_deepest,all,llama,40,E_general,self_attn.k_proj,0.01,4.0,"offkd,seqkd,sft",False,False,False,True,3.0,4.0,-1.0,"{""offkd"": 4.0, ""opd"": 3.0, ""seqkd"": 4.0, ""sft"": 4.0}"
centered_r_epsilon,formal_rr3_llama_centered_audit,RR3_llama_centered_module.csv,centered_absolute_contraction,max_is_deepest,all,llama,40,E_general,self_attn.k_proj,0.025,4.0,"offkd,seqkd",False,False,False,True,3.0,4.0,-1.0,"{""offkd"": 4.0, ""opd"": 3.0, ""seqkd"": 4.0, ""sft"": 3.0}"
centered_r_epsilon,formal_rr3_llama_centered_audit,RR3_llama_centered_module.csv,centered_absolute_contraction,max_is_deepest,all,llama,40,E_general,self_attn.k_proj,0.05,3.0,"offkd,seqkd,sft",False,False,False,True,2.0,3.0,-1.0,"{""offkd"": 3.0, ""opd"": 2.0, ""seqkd"": 3.0, ""sft"": 3.0}"
centered_r_epsilon,formal_rr3_llama_centered_audit,RR3_llama_centered_module.csv,centered_absolute_contraction,max_is_deepest,all,llama,40,E_general,self_attn.k_proj,0.1,3.0,"offkd,seqkd",False,False,False,True,2.0,3.0,-1.0,"{""offkd"": 3.0, ""opd"": 2.0, ""seqkd"": 3.0, ""sft"": 2.0}"
centered_r_epsilon,formal_rr3_llama_centered_audit,RR3_llama_centered_module.csv,centered_absolute_contraction,max_is_deepest,all,llama,40,E_general,self_attn.o_proj,0.01,19.0,opd,True,True,False,False,19.0,5.0,14.0,"{""offkd"": -2.0, ""opd"": 19.0, ""seqkd"": -5.0, ""sft"": 5.0}"
centered_r_epsilon,formal_rr3_llama_centered_audit,RR3_llama_centered_module.csv,centered_absolute_contraction,max_is_deepest,all,llama,40,E_general,self_attn.o_proj,0.025,18.0,opd,True,True,False,False,18.0,5.0,13.0,"{""offkd"": -2.0, ""opd"": 18.0, ""seqkd"": -6.0, ""sft"": 5.0}"
centered_r_epsilon,formal_rr3_llama_centered_audit,RR3_llama_centered_module.csv,centered_absolute_contraction,max_is_deepest,all,llama,40,E_general,self_attn.o_proj,0.05,17.0,opd,True,True,False,False,17.0,5.0,12.0,"{""offkd"": -2.0, ""opd"": 17.0, ""seqkd"": -5.0, ""sft"": 5.0}"
centered_r_epsilon,formal_rr3_llama_centered_audit,RR3_llama_centered_module.csv,centered_absolute_contraction,max_is_deepest,all,llama,40,E_general,self_attn.o_proj,0.1,15.0,opd,True,True,False,False,15.0,6.0,9.0,"{""offkd"": -2.0, ""opd"": 15.0, ""seqkd"": -5.0, ""sft"": 6.0}"
centered_r_epsilon,formal_rr3_llama_centered_audit,RR3_llama_centered_module.csv,centered_absolute_contraction,max_is_deepest,all,llama,40,E_general,self_attn.q_proj,0.01,5.0,"offkd,opd",True,False,True,False,5.0,5.0,0.0,"{""offkd"": 5.0, ""opd"": 5.0, ""seqkd"": 4.0, ""sft"": 4.0}"
centered_r_epsilon,formal_rr3_llama_centered_audit,RR3_llama_centered_module.csv,centered_absolute_contraction,max_is_deepest,all,llama,40,E_general,self_attn.q_proj,0.025,5.0,opd,True,True,False,False,5.0,4.0,1.0,"{""offkd"": 4.0, ""opd"": 5.0, ""seqkd"": 4.0, ""sft"": 4.0}"
centered_r_epsilon,formal_rr3_llama_centered_audit,RR3_llama_centered_module.csv,centered_absolute_contraction,max_is_deepest,all,llama,40,E_general,self_attn.q_proj,0.05,4.0,"offkd,opd,seqkd,sft",True,False,True,False,4.0,4.0,0.0,"{""offkd"": 4.0, ""opd"": 4.0, ""seqkd"": 4.0, ""sft"": 4.0}"
centered_r_epsilon,formal_rr3_llama_centered_audit,RR3_llama_centered_module.csv,centered_absolute_contraction,max_is_deepest,all,llama,40,E_general,self_attn.q_proj,0.1,3.0,"offkd,opd,seqkd,sft",True,False,True,False,3.0,3.0,0.0,"{""offkd"": 3.0, ""opd"": 3.0, ""seqkd"": 3.0, ""sft"": 3.0}"
centered_r_epsilon,formal_rr3_llama_centered_audit,RR3_llama_centered_module.csv,centered_absolute_contraction,max_is_deepest,all,llama,40,E_general,self_attn.v_proj,0.01,3.0,opd,True,True,False,False,3.0,1.0,2.0,"{""offkd"": 0.0, ""opd"": 3.0, ""seqkd"": 0.0, ""sft"": 1.0}"
centered_r_epsilon,formal_rr3_llama_centered_audit,RR3_llama_centered_module.csv,centered_absolute_contraction,max_is_deepest,all,llama,40,E_general,self_attn.v_proj,0.025,4.0,opd,True,True,False,False,4.0,1.0,3.0,"{""offkd"": 0.0, ""opd"": 4.0, ""seqkd"": -1.0, ""sft"": 1.0}"
centered_r_epsilon,formal_rr3_llama_centered_audit,RR3_llama_centered_module.csv,centered_absolute_contraction,max_is_deepest,all,llama,40,E_general,self_attn.v_proj,0.05,5.0,opd,True,True,False,False,5.0,1.0,4.0,"{""offkd"": 0.0, ""opd"": 5.0, ""seqkd"": -1.0, ""sft"": 1.0}"
centered_r_epsilon,formal_rr3_llama_centered_audit,RR3_llama_centered_module.csv,centered_absolute_contraction,max_is_deepest,all,llama,40,E_general,self_attn.v_proj,0.1,6.0,opd,True,True,False,False,6.0,1.0,5.0,"{""offkd"": 0.0, ""opd"": 6.0, ""seqkd"": -1.0, ""sft"": 1.0}"
centered_r_epsilon,formal_rr3_llama_centered_audit,RR3_llama_centered_module.csv,centered_absolute_contraction,max_is_deepest,all,llama,40,E_if,mlp.down_proj,0.01,17.0,opd,True,True,False,False,17.0,11.0,6.0,"{""offkd"": 10.0, ""opd"": 17.0, ""seqkd"": 11.0, ""sft"": 7.0}"
centered_r_epsilon,formal_rr3_llama_centered_audit,RR3_llama_centered_module.csv,centered_absolute_contraction,max_is_deepest,all,llama,40,E_if,mlp.down_proj,0.025,24.0,opd,True,True,False,False,24.0,15.0,9.0,"{""offkd"": 14.0, ""opd"": 24.0, ""seqkd"": 15.0, ""sft"": 9.0}"
centered_r_epsilon,formal_rr3_llama_centered_audit,RR3_llama_centered_module.csv,centered_absolute_contraction,max_is_deepest,all,llama,40,E_if,mlp.down_proj,0.05,28.0,opd,True,True,False,False,28.0,18.0,10.0,"{""offkd"": 17.0, ""opd"": 28.0, ""seqkd"": 18.0, ""sft"": 11.0}"
centered_r_epsilon,formal_rr3_llama_centered_audit,RR3_llama_centered_module.csv,centered_absolute_contraction,max_is_deepest,all,llama,40,E_if,mlp.down_proj,0.1,28.0,opd,True,True,False,False,28.0,18.0,10.0,"{""offkd"": 17.0, ""opd"": 28.0, ""seqkd"": 18.0, ""sft"": 12.0}"
centered_r_epsilon,formal_rr3_llama_centered_audit,RR3_llama_centered_module.csv,centered_absolute_contraction,max_is_deepest,all,llama,40,E_if,mlp.gate_proj,0.01,27.0,opd,True,True,False,False,27.0,11.0,16.0,"{""offkd"": 6.0, ""opd"": 27.0, ""seqkd"": 5.0, ""sft"": 11.0}"
centered_r_epsilon,formal_rr3_llama_centered_audit,RR3_llama_centered_module.csv,centered_absolute_contraction,max_is_deepest,all,llama,40,E_if,mlp.gate_proj,0.025,31.0,opd,True,True,False,False,31.0,13.0,18.0,"{""offkd"": 9.0, ""opd"": 31.0, ""seqkd"": 7.0, ""sft"": 13.0}"
centered_r_epsilon,formal_rr3_llama_centered_audit,RR3_llama_centered_module.csv,centered_absolute_contraction,max_is_deepest,all,llama,40,E_if,mlp.gate_proj,0.05,28.0,opd,True,True,False,False,28.0,11.0,17.0,"{""offkd"": 8.0, ""opd"": 28.0, ""seqkd"": 6.0, ""sft"": 11.0}"
centered_r_epsilon,formal_rr3_llama_centered_audit,RR3_llama_centered_module.csv,centered_absolute_contraction,max_is_deepest,all,llama,40,E_if,mlp.gate_proj,0.1,21.0,opd,True,True,False,False,21.0,8.0,13.0,"{""offkd"": 6.0, ""opd"": 21.0, ""seqkd"": 5.0, ""sft"": 8.0}"
centered_r_epsilon,formal_rr3_llama_centered_audit,RR3_llama_centered_module.csv,centered_absolute_contraction,max_is_deepest,all,llama,40,E_if,mlp.up_proj,0.01,23.0,opd,True,True,False,False,23.0,10.0,13.0,"{""offkd"": 7.0, ""opd"": 23.0, ""seqkd"": 6.0, ""sft"": 10.0}"
centered_r_epsilon,formal_rr3_llama_centered_audit,RR3_llama_centered_module.csv,centered_absolute_contraction,max_is_deepest,all,llama,40,E_if,mlp.up_proj,0.025,29.0,opd,True,True,False,False,29.0,13.0,16.0,"{""offkd"": 11.0, ""opd"": 29.0, ""seqkd"": 9.0, ""sft"": 13.0}"
centered_r_epsilon,formal_rr3_llama_centered_audit,RR3_llama_centered_module.csv,centered_absolute_contraction,max_is_deepest,all,llama,40,E_if,mlp.up_proj,0.05,30.0,opd,True,True,False,False,30.0,14.0,16.0,"{""offkd"": 11.0, ""opd"": 30.0, ""seqkd"": 10.0, ""sft"": 14.0}"
centered_r_epsilon,formal_rr3_llama_centered_audit,RR3_llama_centered_module.csv,centered_absolute_contraction,max_is_deepest,all,llama,40,E_if,mlp.up_proj,0.1,26.0,opd,True,True,False,False,26.0,12.0,14.0,"{""offkd"": 10.0, ""opd"": 26.0, ""seqkd"": 8.0, ""sft"": 12.0}"
centered_r_epsilon,formal_rr3_llama_centered_audit,RR3_llama_centered_module.csv,centered_absolute_contraction,max_is_deepest,all,llama,40,E_if,self_attn.k_proj,0.01,6.0,"opd,seqkd",True,False,True,False,6.0,6.0,0.0,"{""offkd"": 5.0, ""opd"": 6.0, ""seqkd"": 6.0, ""sft"": 3.0}"
centered_r_epsilon,formal_rr3_llama_centered_audit,RR3_llama_centered_module.csv,centered_absolute_contraction,max_is_deepest,all,llama,40,E_if,self_attn.k_proj,0.025,6.0,"offkd,opd,seqkd",True,False,True,False,6.0,6.0,0.0,"{""offkd"": 6.0, ""opd"": 6.0, ""seqkd"": 6.0, ""sft"": 4.0}"
centered_r_epsilon,formal_rr3_llama_centered_audit,RR3_llama_centered_module.csv,centered_absolute_contraction,max_is_deepest,all,llama,40,E_if,self_attn.k_proj,0.05,5.0,"offkd,opd,seqkd",True,False,True,False,5.0,5.0,0.0,"{""offkd"": 5.0, ""opd"": 5.0, ""seqkd"": 5.0, ""sft"": 3.0}"
centered_r_epsilon,formal_rr3_llama_centered_audit,RR3_llama_centered_module.csv,centered_absolute_contraction,max_is_deepest,all,llama,40,E_if,self_attn.k_proj,0.1,3.0,"offkd,opd,seqkd",True,False,True,False,3.0,3.0,0.0,"{""offkd"": 3.0, ""opd"": 3.0, ""seqkd"": 3.0, ""sft"": 1.0}"
centered_r_epsilon,formal_rr3_llama_centered_audit,RR3_llama_centered_module.csv,centered_absolute_contraction,max_is_deepest,all,llama,40,E_if,self_attn.o_proj,0.01,25.0,opd,True,True,False,False,25.0,6.0,19.0,"{""offkd"": -1.0, ""opd"": 25.0, ""seqkd"": -4.0, ""sft"": 6.0}"
centered_r_epsilon,formal_rr3_llama_centered_audit,RR3_llama_centered_module.csv,centered_absolute_contraction,max_is_deepest,all,llama,40,E_if,self_attn.o_proj,0.025,24.0,opd,True,True,False,False,24.0,6.0,18.0,"{""offkd"": 0.0, ""opd"": 24.0, ""seqkd"": -4.0, ""sft"": 6.0}"
centered_r_epsilon,formal_rr3_llama_centered_audit,RR3_llama_centered_module.csv,centered_absolute_contraction,max_is_deepest,all,llama,40,E_if,self_attn.o_proj,0.05,23.0,opd,True,True,False,False,23.0,7.0,16.0,"{""offkd"": 1.0, ""opd"": 23.0, ""seqkd"": -2.0, ""sft"": 7.0}"
centered_r_epsilon,formal_rr3_llama_centered_audit,RR3_llama_centered_module.csv,centered_absolute_contraction,max_is_deepest,all,llama,40,E_if,self_attn.o_proj,0.1,20.0,opd,True,True,False,False,20.0,7.0,13.0,"{""offkd"": 1.0, ""opd"": 20.0, ""seqkd"": -1.0, ""sft"": 7.0}"
centered_r_epsilon,formal_rr3_llama_centered_audit,RR3_llama_centered_module.csv,centered_absolute_contraction,max_is_deepest,all,llama,40,E_if,self_attn.q_proj,0.01,13.0,"opd,seqkd",True,False,True,False,13.0,13.0,0.0,"{""offkd"": 12.0, ""opd"": 13.0, ""seqkd"": 13.0, ""sft"": 8.0}"
centered_r_epsilon,formal_rr3_llama_centered_audit,RR3_llama_centered_module.csv,centered_absolute_contraction,max_is_deepest,all,llama,40,E_if,self_attn.q_proj,0.025,12.0,opd,True,True,False,False,12.0,11.0,1.0,"{""offkd"": 10.0, ""opd"": 12.0, ""seqkd"": 11.0, ""sft"": 7.0}"
centered_r_epsilon,formal_rr3_llama_centered_audit,RR3_llama_centered_module.csv,centered_absolute_contraction,max_is_deepest,all,llama,40,E_if,self_attn.q_proj,0.05,10.0,opd,True,True,False,False,10.0,9.0,1.0,"{""offkd"": 8.0, ""opd"": 10.0, ""seqkd"": 9.0, ""sft"": 6.0}"
centered_r_epsilon,formal_rr3_llama_centered_audit,RR3_llama_centered_module.csv,centered_absolute_contraction,max_is_deepest,all,llama,40,E_if,self_attn.q_proj,0.1,7.0,"opd,seqkd",True,False,True,False,7.0,7.0,0.0,"{""offkd"": 6.0, ""opd"": 7.0, ""seqkd"": 7.0, ""sft"": 5.0}"
centered_r_epsilon,formal_rr3_llama_centered_audit,RR3_llama_centered_module.csv,centered_absolute_contraction,max_is_deepest,all,llama,40,E_if,self_attn.v_proj,0.01,5.0,opd,True,True,False,False,5.0,2.0,3.0,"{""offkd"": 1.0, ""opd"": 5.0, ""seqkd"": 1.0, ""sft"": 2.0}"
centered_r_epsilon,formal_rr3_llama_centered_audit,RR3_llama_centered_module.csv,centered_absolute_contraction,max_is_deepest,all,llama,40,E_if,self_attn.v_proj,0.025,7.0,opd,True,True,False,False,7.0,2.0,5.0,"{""offkd"": 2.0, ""opd"": 7.0, ""seqkd"": 2.0, ""sft"": 2.0}"
centered_r_epsilon,formal_rr3_llama_centered_audit,RR3_llama_centered_module.csv,centered_absolute_contraction,max_is_deepest,all,llama,40,E_if,self_attn.v_proj,0.05,9.0,opd,True,True,False,False,9.0,3.0,6.0,"{""offkd"": 2.0, ""opd"": 9.0, ""seqkd"": 2.0, ""sft"": 3.0}"
centered_r_epsilon,formal_rr3_llama_centered_audit,RR3_llama_centered_module.csv,centered_absolute_contraction,max_is_deepest,all,llama,40,E_if,self_attn.v_proj,0.1,10.0,opd,True,True,False,False,10.0,3.0,7.0,"{""offkd"": 3.0, ""opd"": 10.0, ""seqkd"": 2.0, ""sft"": 3.0}"
centered_r_epsilon,formal_rr3_llama_centered_audit,RR3_llama_centered_module.csv,centered_absolute_contraction,max_is_deepest,all,llama,40,E_math,mlp.down_proj,0.01,18.0,opd,True,True,False,False,18.0,6.0,12.0,"{""offkd"": 3.0, ""opd"": 18.0, ""seqkd"": 1.0, ""sft"": 6.0}"
centered_r_epsilon,formal_rr3_llama_centered_audit,RR3_llama_centered_module.csv,centered_absolute_contraction,max_is_deepest,all,llama,40,E_math,mlp.down_proj,0.025,19.0,opd,True,True,False,False,19.0,6.0,13.0,"{""offkd"": 3.0, ""opd"": 19.0, ""seqkd"": 1.0, ""sft"": 6.0}"
centered_r_epsilon,formal_rr3_llama_centered_audit,RR3_llama_centered_module.csv,centered_absolute_contraction,max_is_deepest,all,llama,40,E_math,mlp.down_proj,0.05,18.0,opd,True,True,False,False,18.0,6.0,12.0,"{""offkd"": 3.0, ""opd"": 18.0, ""seqkd"": 1.0, ""sft"": 6.0}"
centered_r_epsilon,formal_rr3_llama_centered_audit,RR3_llama_centered_module.csv,centered_absolute_contraction,max_is_deepest,all,llama,40,E_math,mlp.down_proj,0.1,16.0,opd,True,True,False,False,16.0,6.0,10.0,"{""offkd"": 3.0, ""opd"": 16.0, ""seqkd"": 2.0, ""sft"": 6.0}"
centered_r_epsilon,formal_rr3_llama_centered_audit,RR3_llama_centered_module.csv,centered_absolute_contraction,max_is_deepest,all,llama,40,E_math,mlp.gate_proj,0.01,24.0,opd,True,True,False,False,24.0,9.0,15.0,"{""offkd"": 3.0, ""opd"": 24.0, ""seqkd"": 0.0, ""sft"": 9.0}"
centered_r_epsilon,formal_rr3_llama_centered_audit,RR3_llama_centered_module.csv,centered_absolute_contraction,max_is_deepest,all,llama,40,E_math,mlp.gate_proj,0.025,22.0,opd,True,True,False,False,22.0,8.0,14.0,"{""offkd"": 2.0, ""opd"": 22.0, ""seqkd"": -1.0, ""sft"": 8.0}"
centered_r_epsilon,formal_rr3_llama_centered_audit,RR3_llama_centered_module.csv,centered_absolute_contraction,max_is_deepest,all,llama,40,E_math,mlp.gate_proj,0.05,19.0,opd,True,True,False,False,19.0,7.0,12.0,"{""offkd"": 2.0, ""opd"": 19.0, ""seqkd"": 0.0, ""sft"": 7.0}"
centered_r_epsilon,formal_rr3_llama_centered_audit,RR3_llama_centered_module.csv,centered_absolute_contraction,max_is_deepest,all,llama,40,E_math,mlp.gate_proj,0.1,13.0,opd,True,True,False,False,13.0,4.0,9.0,"{""offkd"": 1.0, ""opd"": 13.0, ""seqkd"": -1.0, ""sft"": 4.0}"
centered_r_epsilon,formal_rr3_llama_centered_audit,RR3_llama_centered_module.csv,centered_absolute_contraction,max_is_deepest,all,llama,40,E_math,mlp.up_proj,0.01,20.0,opd,True,True,False,False,20.0,9.0,11.0,"{""offkd"": 3.0, ""opd"": 20.0, ""seqkd"": 1.0, ""sft"": 9.0}"
centered_r_epsilon,formal_rr3_llama_centered_audit,RR3_llama_centered_module.csv,centered_absolute_contraction,max_is_deepest,all,llama,40,E_math,mlp.up_proj,0.025,20.0,opd,True,True,False,False,20.0,9.0,11.0,"{""offkd"": 3.0, ""opd"": 20.0, ""seqkd"": 0.0, ""sft"": 9.0}"
centered_r_epsilon,formal_rr3_llama_centered_audit,RR3_llama_centered_module.csv,centered_absolute_contraction,max_is_deepest,all,llama,40,E_math,mlp.up_proj,0.05,19.0,opd,True,True,False,False,19.0,8.0,11.0,"{""offkd"": 3.0, ""opd"": 19.0, ""seqkd"": 0.0, ""sft"": 8.0}"
centered_r_epsilon,formal_rr3_llama_centered_audit,RR3_llama_centered_module.csv,centered_absolute_contraction,max_is_deepest,all,llama,40,E_math,mlp.up_proj,0.1,15.0,opd,True,True,False,False,15.0,7.0,8.0,"{""offkd"": 2.0, ""opd"": 15.0, ""seqkd"": 0.0, ""sft"": 7.0}"
centered_r_epsilon,formal_rr3_llama_centered_audit,RR3_llama_centered_module.csv,centered_absolute_contraction,max_is_deepest,all,llama,40,E_math,self_attn.k_proj,0.01,6.0,opd,True,True,False,False,6.0,5.0,1.0,"{""offkd"": 4.0, ""opd"": 6.0, ""seqkd"": 4.0, ""sft"": 5.0}"
centered_r_epsilon,formal_rr3_llama_centered_audit,RR3_llama_centered_module.csv,centered_absolute_contraction,max_is_deepest,all,llama,40,E_math,self_attn.k_proj,0.025,5.0,opd,True,True,False,False,5.0,4.0,1.0,"{""offkd"": 4.0, ""opd"": 5.0, ""seqkd"": 3.0, ""sft"": 4.0}"
centered_r_epsilon,formal_rr3_llama_centered_audit,RR3_llama_centered_module.csv,centered_absolute_contraction,max_is_deepest,all,llama,40,E_math,self_attn.k_proj,0.05,4.0,opd,True,True,False,False,4.0,3.0,1.0,"{""offkd"": 3.0, ""opd"": 4.0, ""seqkd"": 3.0, ""sft"": 3.0}"
centered_r_epsilon,formal_rr3_llama_centered_audit,RR3_llama_centered_module.csv,centered_absolute_contraction,max_is_deepest,all,llama,40,E_math,self_attn.k_proj,0.1,3.0,opd,True,True,False,False,3.0,2.0,1.0,"{""offkd"": 2.0, ""opd"": 3.0, ""seqkd"": 2.0, ""sft"": 2.0}"
centered_r_epsilon,formal_rr3_llama_centered_audit,RR3_llama_centered_module.csv,centered_absolute_contraction,max_is_deepest,all,llama,40,E_math,self_attn.o_proj,0.01,19.0,opd,True,True,False,False,19.0,6.0,13.0,"{""offkd"": -5.0, ""opd"": 19.0, ""seqkd"": -7.0, ""sft"": 6.0}"
centered_r_epsilon,formal_rr3_llama_centered_audit,RR3_llama_centered_module.csv,centered_absolute_contraction,max_is_deepest,all,llama,40,E_math,self_attn.o_proj,0.025,17.0,opd,True,True,False,False,17.0,5.0,12.0,"{""offkd"": -5.0, ""opd"": 17.0, ""seqkd"": -8.0, ""sft"": 5.0}"
centered_r_epsilon,formal_rr3_llama_centered_audit,RR3_llama_centered_module.csv,centered_absolute_contraction,max_is_deepest,all,llama,40,E_math,self_attn.o_proj,0.05,14.0,opd,True,True,False,False,14.0,5.0,9.0,"{""offkd"": -5.0, ""opd"": 14.0, ""seqkd"": -7.0, ""sft"": 5.0}"
centered_r_epsilon,formal_rr3_llama_centered_audit,RR3_llama_centered_module.csv,centered_absolute_contraction,max_is_deepest,all,llama,40,E_math,self_attn.o_proj,0.1,11.0,opd,True,True,False,False,11.0,4.0,7.0,"{""offkd"": -4.0, ""opd"": 11.0, ""seqkd"": -6.0, ""sft"": 4.0}"
centered_r_epsilon,formal_rr3_llama_centered_audit,RR3_llama_centered_module.csv,centered_absolute_contraction,max_is_deepest,all,llama,40,E_math,self_attn.q_proj,0.01,12.0,opd,True,True,False,False,12.0,7.0,5.0,"{""offkd"": 6.0, ""opd"": 12.0, ""seqkd"": 4.0, ""sft"": 7.0}"
centered_r_epsilon,formal_rr3_llama_centered_audit,RR3_llama_centered_module.csv,centered_absolute_contraction,max_is_deepest,all,llama,40,E_math,self_attn.q_proj,0.025,10.0,opd,True,True,False,False,10.0,6.0,4.0,"{""offkd"": 5.0, ""opd"": 10.0, ""seqkd"": 4.0, ""sft"": 6.0}"
centered_r_epsilon,formal_rr3_llama_centered_audit,RR3_llama_centered_module.csv,centered_absolute_contraction,max_is_deepest,all,llama,40,E_math,self_attn.q_proj,0.05,8.0,opd,True,True,False,False,8.0,5.0,3.0,"{""offkd"": 4.0, ""opd"": 8.0, ""seqkd"": 3.0, ""sft"": 5.0}"
centered_r_epsilon,formal_rr3_llama_centered_audit,RR3_llama_centered_module.csv,centered_absolute_contraction,max_is_deepest,all,llama,40,E_math,self_attn.q_proj,0.1,5.0,opd,True,True,False,False,5.0,3.0,2.0,"{""offkd"": 2.0, ""opd"": 5.0, ""seqkd"": 2.0, ""sft"": 3.0}"
centered_r_epsilon,formal_rr3_llama_centered_audit,RR3_llama_centered_module.csv,centered_absolute_contraction,max_is_deepest,all,llama,40,E_math,self_attn.v_proj,0.01,10.0,opd,True,True,False,False,10.0,4.0,6.0,"{""offkd"": 1.0, ""opd"": 10.0, ""seqkd"": 1.0, ""sft"": 4.0}"
centered_r_epsilon,formal_rr3_llama_centered_audit,RR3_llama_centered_module.csv,centered_absolute_contraction,max_is_deepest,all,llama,40,E_math,self_attn.v_proj,0.025,10.0,opd,True,True,False,False,10.0,4.0,6.0,"{""offkd"": 2.0, ""opd"": 10.0, ""seqkd"": 0.0, ""sft"": 4.0}"
centered_r_epsilon,formal_rr3_llama_centered_audit,RR3_llama_centered_module.csv,centered_absolute_contraction,max_is_deepest,all,llama,40,E_math,self_attn.v_proj,0.05,11.0,opd,True,True,False,False,11.0,4.0,7.0,"{""offkd"": 2.0, ""opd"": 11.0, ""seqkd"": 1.0, ""sft"": 4.0}"
centered_r_epsilon,formal_rr3_llama_centered_audit,RR3_llama_centered_module.csv,centered_absolute_contraction,max_is_deepest,all,llama,40,E_math,self_attn.v_proj,0.1,9.0,opd,True,True,False,False,9.0,4.0,5.0,"{""offkd"": 1.0, ""opd"": 9.0, ""seqkd"": 0.0, ""sft"": 4.0}"
centered_r_epsilon,formal_rr3_llama_centered_audit,RR3_llama_centered_module.csv,centered_absolute_contraction,max_is_deepest,all,llama,40,E_ood,mlp.down_proj,0.01,14.0,opd,True,True,False,False,14.0,4.0,10.0,"{""offkd"": 4.0, ""opd"": 14.0, ""seqkd"": 3.0, ""sft"": 3.0}"
centered_r_epsilon,formal_rr3_llama_centered_audit,RR3_llama_centered_module.csv,centered_absolute_contraction,max_is_deepest,all,llama,40,E_ood,mlp.down_proj,0.025,20.0,opd,True,True,False,False,20.0,6.0,14.0,"{""offkd"": 6.0, ""opd"": 20.0, ""seqkd"": 5.0, ""sft"": 5.0}"
centered_r_epsilon,formal_rr3_llama_centered_audit,RR3_llama_centered_module.csv,centered_absolute_contraction,max_is_deepest,all,llama,40,E_ood,mlp.down_proj,0.05,22.0,opd,True,True,False,False,22.0,6.0,16.0,"{""offkd"": 6.0, ""opd"": 22.0, ""seqkd"": 5.0, ""sft"": 5.0}"
centered_r_epsilon,formal_rr3_llama_centered_audit,RR3_llama_centered_module.csv,centered_absolute_contraction,max_is_deepest,all,llama,40,E_ood,mlp.down_proj,0.1,23.0,opd,True,True,False,False,23.0,7.0,16.0,"{""offkd"": 7.0, ""opd"": 23.0, ""seqkd"": 5.0, ""sft"": 6.0}"
centered_r_epsilon,formal_rr3_llama_centered_audit,RR3_llama_centered_module.csv,centered_absolute_contraction,max_is_deepest,all,llama,40,E_ood,mlp.gate_proj,0.01,34.0,opd,True,True,False,False,34.0,12.0,22.0,"{""offkd"": 7.0, ""opd"": 34.0, ""seqkd"": 2.0, ""sft"": 12.0}"
centered_r_epsilon,formal_rr3_llama_centered_audit,RR3_llama_centered_module.csv,centered_absolute_contraction,max_is_deepest,all,llama,40,E_ood,mlp.gate_proj,0.025,40.0,opd,True,True,False,False,40.0,14.0,26.0,"{""offkd"": 8.0, ""opd"": 40.0, ""seqkd"": 3.0, ""sft"": 14.0}"
centered_r_epsilon,formal_rr3_llama_centered_audit,RR3_llama_centered_module.csv,centered_absolute_contraction,max_is_deepest,all,llama,40,E_ood,mlp.gate_proj,0.05,39.0,opd,True,True,False,False,39.0,14.0,25.0,"{""offkd"": 8.0, ""opd"": 39.0, ""seqkd"": 3.0, ""sft"": 14.0}"
centered_r_epsilon,formal_rr3_llama_centered_audit,RR3_llama_centered_module.csv,centered_absolute_contraction,max_is_deepest,all,llama,40,E_ood,mlp.gate_proj,0.1,32.0,opd,True,True,False,False,32.0,12.0,20.0,"{""offkd"": 7.0, ""opd"": 32.0, ""seqkd"": 3.0, ""sft"": 12.0}"
centered_r_epsilon,formal_rr3_llama_centered_audit,RR3_llama_centered_module.csv,centered_absolute_contraction,max_is_deepest,all,llama,40,E_ood,mlp.up_proj,0.01,25.0,opd,True,True,False,False,25.0,11.0,14.0,"{""offkd"": 7.0, ""opd"": 25.0, ""seqkd"": 4.0, ""sft"": 11.0}"
centered_r_epsilon,formal_rr3_llama_centered_audit,RR3_llama_centered_module.csv,centered_absolute_contraction,max_is_deepest,all,llama,40,E_ood,mlp.up_proj,0.025,31.0,opd,True,True,False,False,31.0,13.0,18.0,"{""offkd"": 8.0, ""opd"": 31.0, ""seqkd"": 4.0, ""sft"": 13.0}"
centered_r_epsilon,formal_rr3_llama_centered_audit,RR3_llama_centered_module.csv,centered_absolute_contraction,max_is_deepest,all,llama,40,E_ood,mlp.up_proj,0.05,33.0,opd,True,True,False,False,33.0,14.0,19.0,"{""offkd"": 8.0, ""opd"": 33.0, ""seqkd"": 4.0, ""sft"": 14.0}"
centered_r_epsilon,formal_rr3_llama_centered_audit,RR3_llama_centered_module.csv,centered_absolute_contraction,max_is_deepest,all,llama,40,E_ood,mlp.up_proj,0.1,32.0,opd,True,True,False,False,32.0,14.0,18.0,"{""offkd"": 8.0, ""opd"": 32.0, ""seqkd"": 4.0, ""sft"": 14.0}"
centered_r_epsilon,formal_rr3_llama_centered_audit,RR3_llama_centered_module.csv,centered_absolute_contraction,max_is_deepest,all,llama,40,E_ood,self_attn.k_proj,0.01,5.0,"offkd,opd,seqkd,sft",True,False,True,False,5.0,5.0,0.0,"{""offkd"": 5.0, ""opd"": 5.0, ""seqkd"": 5.0, ""sft"": 5.0}"
centered_r_epsilon,formal_rr3_llama_centered_audit,RR3_llama_centered_module.csv,centered_absolute_contraction,max_is_deepest,all,llama,40,E_ood,self_attn.k_proj,0.025,5.0,"offkd,seqkd",False,False,False,True,4.0,5.0,-1.0,"{""offkd"": 5.0, ""opd"": 4.0, ""seqkd"": 5.0, ""sft"": 3.0}"
centered_r_epsilon,formal_rr3_llama_centered_audit,RR3_llama_centered_module.csv,centered_absolute_contraction,max_is_deepest,all,llama,40,E_ood,self_attn.k_proj,0.05,4.0,"offkd,seqkd",False,False,False,True,3.0,4.0,-1.0,"{""offkd"": 4.0, ""opd"": 3.0, ""seqkd"": 4.0, ""sft"": 3.0}"
centered_r_epsilon,formal_rr3_llama_centered_audit,RR3_llama_centered_module.csv,centered_absolute_contraction,max_is_deepest,all,llama,40,E_ood,self_attn.k_proj,0.1,3.0,"offkd,seqkd",False,False,False,True,2.0,3.0,-1.0,"{""offkd"": 3.0, ""opd"": 2.0, ""seqkd"": 3.0, ""sft"": 2.0}"
centered_r_epsilon,formal_rr3_llama_centered_audit,RR3_llama_centered_module.csv,centered_absolute_contraction,max_is_deepest,all,llama,40,E_ood,self_attn.o_proj,0.01,27.0,opd,True,True,False,False,27.0,7.0,20.0,"{""offkd"": 2.0, ""opd"": 27.0, ""seqkd"": 0.0, ""sft"": 7.0}"
centered_r_epsilon,formal_rr3_llama_centered_audit,RR3_llama_centered_module.csv,centered_absolute_contraction,max_is_deepest,all,llama,40,E_ood,self_attn.o_proj,0.025,26.0,opd,True,True,False,False,26.0,7.0,19.0,"{""offkd"": 2.0, ""opd"": 26.0, ""seqkd"": 0.0, ""sft"": 7.0}"
centered_r_epsilon,formal_rr3_llama_centered_audit,RR3_llama_centered_module.csv,centered_absolute_contraction,max_is_deepest,all,llama,40,E_ood,self_attn.o_proj,0.05,24.0,opd,True,True,False,False,24.0,7.0,17.0,"{""offkd"": 2.0, ""opd"": 24.0, ""seqkd"": 1.0, ""sft"": 7.0}"
centered_r_epsilon,formal_rr3_llama_centered_audit,RR3_llama_centered_module.csv,centered_absolute_contraction,max_is_deepest,all,llama,40,E_ood,self_attn.o_proj,0.1,19.0,opd,True,True,False,False,19.0,6.0,13.0,"{""offkd"": 1.0, ""opd"": 19.0, ""seqkd"": 0.0, ""sft"": 6.0}"
centered_r_epsilon,formal_rr3_llama_centered_audit,RR3_llama_centered_module.csv,centered_absolute_contraction,max_is_deepest,all,llama,40,E_ood,self_attn.q_proj,0.01,7.0,"offkd,opd,seqkd",True,False,True,False,7.0,7.0,0.0,"{""offkd"": 7.0, ""opd"": 7.0, ""seqkd"": 7.0, ""sft"": 3.0}"
centered_r_epsilon,formal_rr3_llama_centered_audit,RR3_llama_centered_module.csv,centered_absolute_contraction,max_is_deepest,all,llama,40,E_ood,self_attn.q_proj,0.025,6.0,"offkd,opd,seqkd",True,False,True,False,6.0,6.0,0.0,"{""offkd"": 6.0, ""opd"": 6.0, ""seqkd"": 6.0, ""sft"": 2.0}"
centered_r_epsilon,formal_rr3_llama_centered_audit,RR3_llama_centered_module.csv,centered_absolute_contraction,max_is_deepest,all,llama,40,E_ood,self_attn.q_proj,0.05,6.0,"offkd,seqkd",False,False,False,True,5.0,6.0,-1.0,"{""offkd"": 6.0, ""opd"": 5.0, ""seqkd"": 6.0, ""sft"": 3.0}"
centered_r_epsilon,formal_rr3_llama_centered_audit,RR3_llama_centered_module.csv,centered_absolute_contraction,max_is_deepest,all,llama,40,E_ood,self_attn.q_proj,0.1,4.0,"offkd,seqkd",False,False,False,True,3.0,4.0,-1.0,"{""offkd"": 4.0, ""opd"": 3.0, ""seqkd"": 4.0, ""sft"": 1.0}"
centered_r_epsilon,formal_rr3_llama_centered_audit,RR3_llama_centered_module.csv,centered_absolute_contraction,max_is_deepest,all,llama,40,E_ood,self_attn.v_proj,0.01,6.0,opd,True,True,False,False,6.0,2.0,4.0,"{""offkd"": 1.0, ""opd"": 6.0, ""seqkd"": 1.0, ""sft"": 2.0}"
centered_r_epsilon,formal_rr3_llama_centered_audit,RR3_llama_centered_module.csv,centered_absolute_contraction,max_is_deepest,all,llama,40,E_ood,self_attn.v_proj,0.025,8.0,opd,True,True,False,False,8.0,3.0,5.0,"{""offkd"": 2.0, ""opd"": 8.0, ""seqkd"": 1.0, ""sft"": 3.0}"
centered_r_epsilon,formal_rr3_llama_centered_audit,RR3_llama_centered_module.csv,centered_absolute_contraction,max_is_deepest,all,llama,40,E_ood,self_attn.v_proj,0.05,10.0,opd,True,True,False,False,10.0,3.0,7.0,"{""offkd"": 2.0, ""opd"": 10.0, ""seqkd"": 2.0, ""sft"": 3.0}"
centered_r_epsilon,formal_rr3_llama_centered_audit,RR3_llama_centered_module.csv,centered_absolute_contraction,max_is_deepest,all,llama,40,E_ood,self_attn.v_proj,0.1,11.0,opd,True,True,False,False,11.0,3.0,8.0,"{""offkd"": 3.0, ""opd"": 11.0, ""seqkd"": 2.0, ""sft"": 3.0}"
centered_r_epsilon,formal_rr3_llama_centered_audit,RR3_llama_centered_module.csv,centered_absolute_contraction,max_is_deepest,all,llama,80,E_general,mlp.down_proj,0.01,8.0,opd,True,True,False,False,8.0,2.0,6.0,"{""offkd"": 2.0, ""opd"": 8.0, ""seqkd"": 1.0, ""sft"": 2.0}"
centered_r_epsilon,formal_rr3_llama_centered_audit,RR3_llama_centered_module.csv,centered_absolute_contraction,max_is_deepest,all,llama,80,E_general,mlp.down_proj,0.025,11.0,opd,True,True,False,False,11.0,3.0,8.0,"{""offkd"": 2.0, ""opd"": 11.0, ""seqkd"": 0.0, ""sft"": 3.0}"
centered_r_epsilon,formal_rr3_llama_centered_audit,RR3_llama_centered_module.csv,centered_absolute_contraction,max_is_deepest,all,llama,80,E_general,mlp.down_proj,0.05,13.0,opd,True,True,False,False,13.0,4.0,9.0,"{""offkd"": 3.0, ""opd"": 13.0, ""seqkd"": 1.0, ""sft"": 4.0}"
centered_r_epsilon,formal_rr3_llama_centered_audit,RR3_llama_centered_module.csv,centered_absolute_contraction,max_is_deepest,all,llama,80,E_general,mlp.down_proj,0.1,14.0,opd,True,True,False,False,14.0,3.0,11.0,"{""offkd"": 2.0, ""opd"": 14.0, ""seqkd"": 0.0, ""sft"": 3.0}"
centered_r_epsilon,formal_rr3_llama_centered_audit,RR3_llama_centered_module.csv,centered_absolute_contraction,max_is_deepest,all,llama,80,E_general,mlp.gate_proj,0.01,19.0,opd,True,True,False,False,19.0,8.0,11.0,"{""offkd"": 0.0, ""opd"": 19.0, ""seqkd"": -5.0, ""sft"": 8.0}"
centered_r_epsilon,formal_rr3_llama_centered_audit,RR3_llama_centered_module.csv,centered_absolute_contraction,max_is_deepest,all,llama,80,E_general,mlp.gate_proj,0.025,22.0,opd,True,True,False,False,22.0,9.0,13.0,"{""offkd"": 0.0, ""opd"": 22.0, ""seqkd"": -5.0, ""sft"": 9.0}"
centered_r_epsilon,formal_rr3_llama_centered_audit,RR3_llama_centered_module.csv,centered_absolute_contraction,max_is_deepest,all,llama,80,E_general,mlp.gate_proj,0.05,21.0,opd,True,True,False,False,21.0,9.0,12.0,"{""offkd"": 0.0, ""opd"": 21.0, ""seqkd"": -5.0, ""sft"": 9.0}"
centered_r_epsilon,formal_rr3_llama_centered_audit,RR3_llama_centered_module.csv,centered_absolute_contraction,max_is_deepest,all,llama,80,E_general,mlp.gate_proj,0.1,18.0,opd,True,True,False,False,18.0,8.0,10.0,"{""offkd"": 1.0, ""opd"": 18.0, ""seqkd"": -3.0, ""sft"": 8.0}"
centered_r_epsilon,formal_rr3_llama_centered_audit,RR3_llama_centered_module.csv,centered_absolute_contraction,max_is_deepest,all,llama,80,E_general,mlp.up_proj,0.01,14.0,opd,True,True,False,False,14.0,5.0,9.0,"{""offkd"": 0.0, ""opd"": 14.0, ""seqkd"": -3.0, ""sft"": 5.0}"
centered_r_epsilon,formal_rr3_llama_centered_audit,RR3_llama_centered_module.csv,centered_absolute_contraction,max_is_deepest,all,llama,80,E_general,mlp.up_proj,0.025,18.0,opd,True,True,False,False,18.0,7.0,11.0,"{""offkd"": 0.0, ""opd"": 18.0, ""seqkd"": -3.0, ""sft"": 7.0}"
centered_r_epsilon,formal_rr3_llama_centered_audit,RR3_llama_centered_module.csv,centered_absolute_contraction,max_is_deepest,all,llama,80,E_general,mlp.up_proj,0.05,20.0,opd,True,True,False,False,20.0,9.0,11.0,"{""offkd"": 1.0, ""opd"": 20.0, ""seqkd"": -3.0, ""sft"": 9.0}"
centered_r_epsilon,formal_rr3_llama_centered_audit,RR3_llama_centered_module.csv,centered_absolute_contraction,max_is_deepest,all,llama,80,E_general,mlp.up_proj,0.1,19.0,opd,True,True,False,False,19.0,9.0,10.0,"{""offkd"": 1.0, ""opd"": 19.0, ""seqkd"": -3.0, ""sft"": 9.0}"
centered_r_epsilon,formal_rr3_llama_centered_audit,RR3_llama_centered_module.csv,centered_absolute_contraction,max_is_deepest,all,llama,80,E_general,self_attn.k_proj,0.01,6.0,"offkd,seqkd",False,False,False,True,5.0,6.0,-1.0,"{""offkd"": 6.0, ""opd"": 5.0, ""seqkd"": 6.0, ""sft"": 5.0}"
centered_r_epsilon,formal_rr3_llama_centered_audit,RR3_llama_centered_module.csv,centered_absolute_contraction,max_is_deepest,all,llama,80,E_general,self_attn.k_proj,0.025,6.0,"offkd,seqkd",False,False,False,True,5.0,6.0,-1.0,"{""offkd"": 6.0, ""opd"": 5.0, ""seqkd"": 6.0, ""sft"": 4.0}"
centered_r_epsilon,formal_rr3_llama_centered_audit,RR3_llama_centered_module.csv,centered_absolute_contraction,max_is_deepest,all,llama,80,E_general,self_attn.k_proj,0.05,6.0,offkd,False,False,False,True,4.0,6.0,-2.0,"{""offkd"": 6.0, ""opd"": 4.0, ""seqkd"": 5.0, ""sft"": 3.0}"
centered_r_epsilon,formal_rr3_llama_centered_audit,RR3_llama_centered_module.csv,centered_absolute_contraction,max_is_deepest,all,llama,80,E_general,self_attn.k_proj,0.1,4.0,"offkd,seqkd",False,False,False,True,3.0,4.0,-1.0,"{""offkd"": 4.0, ""opd"": 3.0, ""seqkd"": 4.0, ""sft"": 2.0}"
centered_r_epsilon,formal_rr3_llama_centered_audit,RR3_llama_centered_module.csv,centered_absolute_contraction,max_is_deepest,all,llama,80,E_general,self_attn.o_proj,0.01,21.0,opd,True,True,False,False,21.0,7.0,14.0,"{""offkd"": -3.0, ""opd"": 21.0, ""seqkd"": -8.0, ""sft"": 7.0}"
centered_r_epsilon,formal_rr3_llama_centered_audit,RR3_llama_centered_module.csv,centered_absolute_contraction,max_is_deepest,all,llama,80,E_general,self_attn.o_proj,0.025,19.0,opd,True,True,False,False,19.0,7.0,12.0,"{""offkd"": -4.0, ""opd"": 19.0, ""seqkd"": -9.0, ""sft"": 7.0}"
centered_r_epsilon,formal_rr3_llama_centered_audit,RR3_llama_centered_module.csv,centered_absolute_contraction,max_is_deepest,all,llama,80,E_general,self_attn.o_proj,0.05,18.0,opd,True,True,False,False,18.0,8.0,10.0,"{""offkd"": -3.0, ""opd"": 18.0, ""seqkd"": -8.0, ""sft"": 8.0}"
centered_r_epsilon,formal_rr3_llama_centered_audit,RR3_llama_centered_module.csv,centered_absolute_contraction,max_is_deepest,all,llama,80,E_general,self_attn.o_proj,0.1,16.0,opd,True,True,False,False,16.0,8.0,8.0,"{""offkd"": -3.0, ""opd"": 16.0, ""seqkd"": -8.0, ""sft"": 8.0}"
centered_r_epsilon,formal_rr3_llama_centered_audit,RR3_llama_centered_module.csv,centered_absolute_contraction,max_is_deepest,all,llama,80,E_general,self_attn.q_proj,0.01,8.0,opd,True,True,False,False,8.0,7.0,1.0,"{""offkd"": 7.0, ""opd"": 8.0, ""seqkd"": 6.0, ""sft"": 7.0}"
centered_r_epsilon,formal_rr3_llama_centered_audit,RR3_llama_centered_module.csv,centered_absolute_contraction,max_is_deepest,all,llama,80,E_general,self_attn.q_proj,0.025,7.0,"offkd,opd,sft",True,False,True,False,7.0,7.0,0.0,"{""offkd"": 7.0, ""opd"": 7.0, ""seqkd"": 6.0, ""sft"": 7.0}"
centered_r_epsilon,formal_rr3_llama_centered_audit,RR3_llama_centered_module.csv,centered_absolute_contraction,max_is_deepest,all,llama,80,E_general,self_attn.q_proj,0.05,6.0,"offkd,opd,sft",True,False,True,False,6.0,6.0,0.0,"{""offkd"": 6.0, ""opd"": 6.0, ""seqkd"": 5.0, ""sft"": 6.0}"
centered_r_epsilon,formal_rr3_llama_centered_audit,RR3_llama_centered_module.csv,centered_absolute_contraction,max_is_deepest,all,llama,80,E_general,self_attn.q_proj,0.1,5.0,"offkd,opd,sft",True,False,True,False,5.0,5.0,0.0,"{""offkd"": 5.0, ""opd"": 5.0, ""seqkd"": 4.0, ""sft"": 5.0}"
centered_r_epsilon,formal_rr3_llama_centered_audit,RR3_llama_centered_module.csv,centered_absolute_contraction,max_is_deepest,all,llama,80,E_general,self_attn.v_proj,0.01,3.0,opd,True,True,False,False,3.0,1.0,2.0,"{""offkd"": 0.0, ""opd"": 3.0, ""seqkd"": -1.0, ""sft"": 1.0}"
centered_r_epsilon,formal_rr3_llama_centered_audit,RR3_llama_centered_module.csv,centered_absolute_contraction,max_is_deepest,all,llama,80,E_general,self_attn.v_proj,0.025,4.0,opd,True,True,False,False,4.0,1.0,3.0,"{""offkd"": -1.0, ""opd"": 4.0, ""seqkd"": -1.0, ""sft"": 1.0}"
centered_r_epsilon,formal_rr3_llama_centered_audit,RR3_llama_centered_module.csv,centered_absolute_contraction,max_is_deepest,all,llama,80,E_general,self_attn.v_proj,0.05,6.0,opd,True,True,False,False,6.0,2.0,4.0,"{""offkd"": -1.0, ""opd"": 6.0, ""seqkd"": -1.0, ""sft"": 2.0}"
centered_r_epsilon,formal_rr3_llama_centered_audit,RR3_llama_centered_module.csv,centered_absolute_contraction,max_is_deepest,all,llama,80,E_general,self_attn.v_proj,0.1,7.0,opd,True,True,False,False,7.0,2.0,5.0,"{""offkd"": 0.0, ""opd"": 7.0, ""seqkd"": -1.0, ""sft"": 2.0}"
centered_r_epsilon,formal_rr3_llama_centered_audit,RR3_llama_centered_module.csv,centered_absolute_contraction,max_is_deepest,all,llama,80,E_if,mlp.down_proj,0.01,22.0,opd,True,True,False,False,22.0,12.0,10.0,"{""offkd"": 12.0, ""opd"": 22.0, ""seqkd"": 11.0, ""sft"": 11.0}"
centered_r_epsilon,formal_rr3_llama_centered_audit,RR3_llama_centered_module.csv,centered_absolute_contraction,max_is_deepest,all,llama,80,E_if,mlp.down_proj,0.025,29.0,opd,True,True,False,False,29.0,16.0,13.0,"{""offkd"": 16.0, ""opd"": 29.0, ""seqkd"": 16.0, ""sft"": 15.0}"
centered_r_epsilon,formal_rr3_llama_centered_audit,RR3_llama_centered_module.csv,centered_absolute_contraction,max_is_deepest,all,llama,80,E_if,mlp.down_proj,0.05,34.0,opd,True,True,False,False,34.0,20.0,14.0,"{""offkd"": 20.0, ""opd"": 34.0, ""seqkd"": 19.0, ""sft"": 18.0}"
centered_r_epsilon,formal_rr3_llama_centered_audit,RR3_llama_centered_module.csv,centered_absolute_contraction,max_is_deepest,all,llama,80,E_if,mlp.down_proj,0.1,34.0,opd,True,True,False,False,34.0,20.0,14.0,"{""offkd"": 20.0, ""opd"": 34.0, ""seqkd"": 19.0, ""sft"": 19.0}"
centered_r_epsilon,formal_rr3_llama_centered_audit,RR3_llama_centered_module.csv,centered_absolute_contraction,max_is_deepest,all,llama,80,E_if,mlp.gate_proj,0.01,31.0,opd,True,True,False,False,31.0,17.0,14.0,"{""offkd"": 8.0, ""opd"": 31.0, ""seqkd"": 2.0, ""sft"": 17.0}"
centered_r_epsilon,formal_rr3_llama_centered_audit,RR3_llama_centered_module.csv,centered_absolute_contraction,max_is_deepest,all,llama,80,E_if,mlp.gate_proj,0.025,35.0,opd,True,True,False,False,35.0,20.0,15.0,"{""offkd"": 10.0, ""opd"": 35.0, ""seqkd"": 4.0, ""sft"": 20.0}"
centered_r_epsilon,formal_rr3_llama_centered_audit,RR3_llama_centered_module.csv,centered_absolute_contraction,max_is_deepest,all,llama,80,E_if,mlp.gate_proj,0.05,32.0,opd,True,True,False,False,32.0,19.0,13.0,"{""offkd"": 10.0, ""opd"": 32.0, ""seqkd"": 4.0, ""sft"": 19.0}"
centered_r_epsilon,formal_rr3_llama_centered_audit,RR3_llama_centered_module.csv,centered_absolute_contraction,max_is_deepest,all,llama,80,E_if,mlp.gate_proj,0.1,23.0,opd,True,True,False,False,23.0,14.0,9.0,"{""offkd"": 8.0, ""opd"": 23.0, ""seqkd"": 4.0, ""sft"": 14.0}"
centered_r_epsilon,formal_rr3_llama_centered_audit,RR3_llama_centered_module.csv,centered_absolute_contraction,max_is_deepest,all,llama,80,E_if,mlp.up_proj,0.01,27.0,opd,True,True,False,False,27.0,15.0,12.0,"{""offkd"": 9.0, ""opd"": 27.0, ""seqkd"": 5.0, ""sft"": 15.0}"
centered_r_epsilon,formal_rr3_llama_centered_audit,RR3_llama_centered_module.csv,centered_absolute_contraction,max_is_deepest,all,llama,80,E_if,mlp.up_proj,0.025,35.0,opd,True,True,False,False,35.0,20.0,15.0,"{""offkd"": 13.0, ""opd"": 35.0, ""seqkd"": 8.0, ""sft"": 20.0}"
centered_r_epsilon,formal_rr3_llama_centered_audit,RR3_llama_centered_module.csv,centered_absolute_contraction,max_is_deepest,all,llama,80,E_if,mlp.up_proj,0.05,36.0,opd,True,True,False,False,36.0,21.0,15.0,"{""offkd"": 13.0, ""opd"": 36.0, ""seqkd"": 8.0, ""sft"": 21.0}"
centered_r_epsilon,formal_rr3_llama_centered_audit,RR3_llama_centered_module.csv,centered_absolute_contraction,max_is_deepest,all,llama,80,E_if,mlp.up_proj,0.1,32.0,opd,True,True,False,False,32.0,18.0,14.0,"{""offkd"": 12.0, ""opd"": 32.0, ""seqkd"": 7.0, ""sft"": 18.0}"
centered_r_epsilon,formal_rr3_llama_centered_audit,RR3_llama_centered_module.csv,centered_absolute_contraction,max_is_deepest,all,llama,80,E_if,self_attn.k_proj,0.01,9.0,opd,True,True,False,False,9.0,8.0,1.0,"{""offkd"": 8.0, ""opd"": 9.0, ""seqkd"": 8.0, ""sft"": 6.0}"
centered_r_epsilon,formal_rr3_llama_centered_audit,RR3_llama_centered_module.csv,centered_absolute_contraction,max_is_deepest,all,llama,80,E_if,self_attn.k_proj,0.025,9.0,opd,True,True,False,False,9.0,8.0,1.0,"{""offkd"": 8.0, ""opd"": 9.0, ""seqkd"": 8.0, ""sft"": 6.0}"
centered_r_epsilon,formal_rr3_llama_centered_audit,RR3_llama_centered_module.csv,centered_absolute_contraction,max_is_deepest,all,llama,80,E_if,self_attn.k_proj,0.05,7.0,"offkd,opd,seqkd",True,False,True,False,7.0,7.0,0.0,"{""offkd"": 7.0, ""opd"": 7.0, ""seqkd"": 7.0, ""sft"": 5.0}"
centered_r_epsilon,formal_rr3_llama_centered_audit,RR3_llama_centered_module.csv,centered_absolute_contraction,max_is_deepest,all,llama,80,E_if,self_attn.k_proj,0.1,4.0,"offkd,opd,seqkd",True,False,True,False,4.0,4.0,0.0,"{""offkd"": 4.0, ""opd"": 4.0, ""seqkd"": 4.0, ""sft"": 3.0}"
centered_r_epsilon,formal_rr3_llama_centered_audit,RR3_llama_centered_module.csv,centered_absolute_contraction,max_is_deepest,all,llama,80,E_if,self_attn.o_proj,0.01,26.0,opd,True,True,False,False,26.0,8.0,18.0,"{""offkd"": -2.0, ""opd"": 26.0, ""seqkd"": -8.0, ""sft"": 8.0}"
centered_r_epsilon,formal_rr3_llama_centered_audit,RR3_llama_centered_module.csv,centered_absolute_contraction,max_is_deepest,all,llama,80,E_if,self_attn.o_proj,0.025,25.0,opd,True,True,False,False,25.0,9.0,16.0,"{""offkd"": -2.0, ""opd"": 25.0, ""seqkd"": -8.0, ""sft"": 9.0}"
centered_r_epsilon,formal_rr3_llama_centered_audit,RR3_llama_centered_module.csv,centered_absolute_contraction,max_is_deepest,all,llama,80,E_if,self_attn.o_proj,0.05,23.0,opd,True,True,False,False,23.0,10.0,13.0,"{""offkd"": 0.0, ""opd"": 23.0, ""seqkd"": -6.0, ""sft"": 10.0}"
centered_r_epsilon,formal_rr3_llama_centered_audit,RR3_llama_centered_module.csv,centered_absolute_contraction,max_is_deepest,all,llama,80,E_if,self_attn.o_proj,0.1,20.0,opd,True,True,False,False,20.0,10.0,10.0,"{""offkd"": 1.0, ""opd"": 20.0, ""seqkd"": -5.0, ""sft"": 10.0}"
centered_r_epsilon,formal_rr3_llama_centered_audit,RR3_llama_centered_module.csv,centered_absolute_contraction,max_is_deepest,all,llama,80,E_if,self_attn.q_proj,0.01,19.0,opd,True,True,False,False,19.0,16.0,3.0,"{""offkd"": 15.0, ""opd"": 19.0, ""seqkd"": 14.0, ""sft"": 16.0}"
centered_r_epsilon,formal_rr3_llama_centered_audit,RR3_llama_centered_module.csv,centered_absolute_contraction,max_is_deepest,all,llama,80,E_if,self_attn.q_proj,0.025,17.0,opd,True,True,False,False,17.0,14.0,3.0,"{""offkd"": 13.0, ""opd"": 17.0, ""seqkd"": 12.0, ""sft"": 14.0}"
centered_r_epsilon,formal_rr3_llama_centered_audit,RR3_llama_centered_module.csv,centered_absolute_contraction,max_is_deepest,all,llama,80,E_if,self_attn.q_proj,0.05,14.0,opd,True,True,False,False,14.0,12.0,2.0,"{""offkd"": 11.0, ""opd"": 14.0, ""seqkd"": 10.0, ""sft"": 12.0}"
centered_r_epsilon,formal_rr3_llama_centered_audit,RR3_llama_centered_module.csv,centered_absolute_contraction,max_is_deepest,all,llama,80,E_if,self_attn.q_proj,0.1,10.0,opd,True,True,False,False,10.0,9.0,1.0,"{""offkd"": 8.0, ""opd"": 10.0, ""seqkd"": 7.0, ""sft"": 9.0}"
centered_r_epsilon,formal_rr3_llama_centered_audit,RR3_llama_centered_module.csv,centered_absolute_contraction,max_is_deepest,all,llama,80,E_if,self_attn.v_proj,0.01,6.0,opd,True,True,False,False,6.0,3.0,3.0,"{""offkd"": 1.0, ""opd"": 6.0, ""seqkd"": 0.0, ""sft"": 3.0}"
centered_r_epsilon,formal_rr3_llama_centered_audit,RR3_llama_centered_module.csv,centered_absolute_contraction,max_is_deepest,all,llama,80,E_if,self_attn.v_proj,0.025,9.0,opd,True,True,False,False,9.0,4.0,5.0,"{""offkd"": 1.0, ""opd"": 9.0, ""seqkd"": 1.0, ""sft"": 4.0}"
centered_r_epsilon,formal_rr3_llama_centered_audit,RR3_llama_centered_module.csv,centered_absolute_contraction,max_is_deepest,all,llama,80,E_if,self_attn.v_proj,0.05,10.0,opd,True,True,False,False,10.0,5.0,5.0,"{""offkd"": 2.0, ""opd"": 10.0, ""seqkd"": 1.0, ""sft"": 5.0}"
centered_r_epsilon,formal_rr3_llama_centered_audit,RR3_llama_centered_module.csv,centered_absolute_contraction,max_is_deepest,all,llama,80,E_if,self_attn.v_proj,0.1,11.0,opd,True,True,False,False,11.0,5.0,6.0,"{""offkd"": 2.0, ""opd"": 11.0, ""seqkd"": 1.0, ""sft"": 5.0}"
centered_r_epsilon,formal_rr3_llama_centered_audit,RR3_llama_centered_module.csv,centered_absolute_contraction,max_is_deepest,all,llama,80,E_math,mlp.down_proj,0.01,19.0,opd,True,True,False,False,19.0,8.0,11.0,"{""offkd"": 5.0, ""opd"": 19.0, ""seqkd"": 3.0, ""sft"": 8.0}"
centered_r_epsilon,formal_rr3_llama_centered_audit,RR3_llama_centered_module.csv,centered_absolute_contraction,max_is_deepest,all,llama,80,E_math,mlp.down_proj,0.025,19.0,opd,True,True,False,False,19.0,8.0,11.0,"{""offkd"": 5.0, ""opd"": 19.0, ""seqkd"": 3.0, ""sft"": 8.0}"
centered_r_epsilon,formal_rr3_llama_centered_audit,RR3_llama_centered_module.csv,centered_absolute_contraction,max_is_deepest,all,llama,80,E_math,mlp.down_proj,0.05,19.0,opd,True,True,False,False,19.0,8.0,11.0,"{""offkd"": 6.0, ""opd"": 19.0, ""seqkd"": 3.0, ""sft"": 8.0}"
centered_r_epsilon,formal_rr3_llama_centered_audit,RR3_llama_centered_module.csv,centered_absolute_contraction,max_is_deepest,all,llama,80,E_math,mlp.down_proj,0.1,17.0,opd,True,True,False,False,17.0,8.0,9.0,"{""offkd"": 6.0, ""opd"": 17.0, ""seqkd"": 4.0, ""sft"": 8.0}"
centered_r_epsilon,formal_rr3_llama_centered_audit,RR3_llama_centered_module.csv,centered_absolute_contraction,max_is_deepest,all,llama,80,E_math,mlp.gate_proj,0.01,25.0,opd,True,True,False,False,25.0,13.0,12.0,"{""offkd"": 5.0, ""opd"": 25.0, ""seqkd"": 1.0, ""sft"": 13.0}"
centered_r_epsilon,formal_rr3_llama_centered_audit,RR3_llama_centered_module.csv,centered_absolute_contraction,max_is_deepest,all,llama,80,E_math,mlp.gate_proj,0.025,23.0,opd,True,True,False,False,23.0,12.0,11.0,"{""offkd"": 4.0, ""opd"": 23.0, ""seqkd"": 0.0, ""sft"": 12.0}"
centered_r_epsilon,formal_rr3_llama_centered_audit,RR3_llama_centered_module.csv,centered_absolute_contraction,max_is_deepest,all,llama,80,E_math,mlp.gate_proj,0.05,20.0,opd,True,True,False,False,20.0,11.0,9.0,"{""offkd"": 4.0, ""opd"": 20.0, ""seqkd"": 1.0, ""sft"": 11.0}"
centered_r_epsilon,formal_rr3_llama_centered_audit,RR3_llama_centered_module.csv,centered_absolute_contraction,max_is_deepest,all,llama,80,E_math,mlp.gate_proj,0.1,13.0,opd,True,True,False,False,13.0,7.0,6.0,"{""offkd"": 2.0, ""opd"": 13.0, ""seqkd"": 0.0, ""sft"": 7.0}"
centered_r_epsilon,formal_rr3_llama_centered_audit,RR3_llama_centered_module.csv,centered_absolute_contraction,max_is_deepest,all,llama,80,E_math,mlp.up_proj,0.01,23.0,opd,True,True,False,False,23.0,12.0,11.0,"{""offkd"": 5.0, ""opd"": 23.0, ""seqkd"": 1.0, ""sft"": 12.0}"
centered_r_epsilon,formal_rr3_llama_centered_audit,RR3_llama_centered_module.csv,centered_absolute_contraction,max_is_deepest,all,llama,80,E_math,mlp.up_proj,0.025,22.0,opd,True,True,False,False,22.0,12.0,10.0,"{""offkd"": 5.0, ""opd"": 22.0, ""seqkd"": 1.0, ""sft"": 12.0}"
centered_r_epsilon,formal_rr3_llama_centered_audit,RR3_llama_centered_module.csv,centered_absolute_contraction,max_is_deepest,all,llama,80,E_math,mlp.up_proj,0.05,21.0,opd,True,True,False,False,21.0,11.0,10.0,"{""offkd"": 5.0, ""opd"": 21.0, ""seqkd"": 1.0, ""sft"": 11.0}"
centered_r_epsilon,formal_rr3_llama_centered_audit,RR3_llama_centered_module.csv,centered_absolute_contraction,max_is_deepest,all,llama,80,E_math,mlp.up_proj,0.1,16.0,opd,True,True,False,False,16.0,10.0,6.0,"{""offkd"": 4.0, ""opd"": 16.0, ""seqkd"": 1.0, ""sft"": 10.0}"
centered_r_epsilon,formal_rr3_llama_centered_audit,RR3_llama_centered_module.csv,centered_absolute_contraction,max_is_deepest,all,llama,80,E_math,self_attn.k_proj,0.01,9.0,opd,True,True,False,False,9.0,7.0,2.0,"{""offkd"": 7.0, ""opd"": 9.0, ""seqkd"": 6.0, ""sft"": 7.0}"
centered_r_epsilon,formal_rr3_llama_centered_audit,RR3_llama_centered_module.csv,centered_absolute_contraction,max_is_deepest,all,llama,80,E_math,self_attn.k_proj,0.025,8.0,opd,True,True,False,False,8.0,6.0,2.0,"{""offkd"": 6.0, ""opd"": 8.0, ""seqkd"": 5.0, ""sft"": 6.0}"
centered_r_epsilon,formal_rr3_llama_centered_audit,RR3_llama_centered_module.csv,centered_absolute_contraction,max_is_deepest,all,llama,80,E_math,self_attn.k_proj,0.05,6.0,"offkd,opd",True,False,True,False,6.0,6.0,0.0,"{""offkd"": 6.0, ""opd"": 6.0, ""seqkd"": 5.0, ""sft"": 5.0}"
centered_r_epsilon,formal_rr3_llama_centered_audit,RR3_llama_centered_module.csv,centered_absolute_contraction,max_is_deepest,all,llama,80,E_math,self_attn.k_proj,0.1,4.0,"offkd,opd",True,False,True,False,4.0,4.0,0.0,"{""offkd"": 4.0, ""opd"": 4.0, ""seqkd"": 3.0, ""sft"": 3.0}"
centered_r_epsilon,formal_rr3_llama_centered_audit,RR3_llama_centered_module.csv,centered_absolute_contraction,max_is_deepest,all,llama,80,E_math,self_attn.o_proj,0.01,19.0,opd,True,True,False,False,19.0,9.0,10.0,"{""offkd"": -7.0, ""opd"": 19.0, ""seqkd"": -10.0, ""sft"": 9.0}"
centered_r_epsilon,formal_rr3_llama_centered_audit,RR3_llama_centered_module.csv,centered_absolute_contraction,max_is_deepest,all,llama,80,E_math,self_attn.o_proj,0.025,16.0,opd,True,True,False,False,16.0,8.0,8.0,"{""offkd"": -7.0, ""opd"": 16.0, ""seqkd"": -10.0, ""sft"": 8.0}"
centered_r_epsilon,formal_rr3_llama_centered_audit,RR3_llama_centered_module.csv,centered_absolute_contraction,max_is_deepest,all,llama,80,E_math,self_attn.o_proj,0.05,13.0,opd,True,True,False,False,13.0,7.0,6.0,"{""offkd"": -6.0, ""opd"": 13.0, ""seqkd"": -9.0, ""sft"": 7.0}"
centered_r_epsilon,formal_rr3_llama_centered_audit,RR3_llama_centered_module.csv,centered_absolute_contraction,max_is_deepest,all,llama,80,E_math,self_attn.o_proj,0.1,10.0,opd,True,True,False,False,10.0,6.0,4.0,"{""offkd"": -5.0, ""opd"": 10.0, ""seqkd"": -8.0, ""sft"": 6.0}"
centered_r_epsilon,formal_rr3_llama_centered_audit,RR3_llama_centered_module.csv,centered_absolute_contraction,max_is_deepest,all,llama,80,E_math,self_attn.q_proj,0.01,15.0,opd,True,True,False,False,15.0,11.0,4.0,"{""offkd"": 9.0, ""opd"": 15.0, ""seqkd"": 6.0, ""sft"": 11.0}"
centered_r_epsilon,formal_rr3_llama_centered_audit,RR3_llama_centered_module.csv,centered_absolute_contraction,max_is_deepest,all,llama,80,E_math,self_attn.q_proj,0.025,12.0,opd,True,True,False,False,12.0,10.0,2.0,"{""offkd"": 8.0, ""opd"": 12.0, ""seqkd"": 6.0, ""sft"": 10.0}"
centered_r_epsilon,formal_rr3_llama_centered_audit,RR3_llama_centered_module.csv,centered_absolute_contraction,max_is_deepest,all,llama,80,E_math,self_attn.q_proj,0.05,10.0,opd,True,True,False,False,10.0,8.0,2.0,"{""offkd"": 7.0, ""opd"": 10.0, ""seqkd"": 5.0, ""sft"": 8.0}"
centered_r_epsilon,formal_rr3_llama_centered_audit,RR3_llama_centered_module.csv,centered_absolute_contraction,max_is_deepest,all,llama,80,E_math,self_attn.q_proj,0.1,6.0,opd,True,True,False,False,6.0,5.0,1.0,"{""offkd"": 4.0, ""opd"": 6.0, ""seqkd"": 3.0, ""sft"": 5.0}"
centered_r_epsilon,formal_rr3_llama_centered_audit,RR3_llama_centered_module.csv,centered_absolute_contraction,max_is_deepest,all,llama,80,E_math,self_attn.v_proj,0.01,12.0,opd,True,True,False,False,12.0,6.0,6.0,"{""offkd"": 2.0, ""opd"": 12.0, ""seqkd"": 1.0, ""sft"": 6.0}"
centered_r_epsilon,formal_rr3_llama_centered_audit,RR3_llama_centered_module.csv,centered_absolute_contraction,max_is_deepest,all,llama,80,E_math,self_attn.v_proj,0.025,12.0,opd,True,True,False,False,12.0,6.0,6.0,"{""offkd"": 2.0, ""opd"": 12.0, ""seqkd"": 1.0, ""sft"": 6.0}"
centered_r_epsilon,formal_rr3_llama_centered_audit,RR3_llama_centered_module.csv,centered_absolute_contraction,max_is_deepest,all,llama,80,E_math,self_attn.v_proj,0.05,12.0,opd,True,True,False,False,12.0,6.0,6.0,"{""offkd"": 3.0, ""opd"": 12.0, ""seqkd"": 1.0, ""sft"": 6.0}"
centered_r_epsilon,formal_rr3_llama_centered_audit,RR3_llama_centered_module.csv,centered_absolute_contraction,max_is_deepest,all,llama,80,E_math,self_attn.v_proj,0.1,10.0,opd,True,True,False,False,10.0,5.0,5.0,"{""offkd"": 2.0, ""opd"": 10.0, ""seqkd"": 0.0, ""sft"": 5.0}"
centered_r_epsilon,formal_rr3_llama_centered_audit,RR3_llama_centered_module.csv,centered_absolute_contraction,max_is_deepest,all,llama,80,E_ood,mlp.down_proj,0.01,18.0,opd,True,True,False,False,18.0,6.0,12.0,"{""offkd"": 6.0, ""opd"": 18.0, ""seqkd"": 5.0, ""sft"": 6.0}"
centered_r_epsilon,formal_rr3_llama_centered_audit,RR3_llama_centered_module.csv,centered_absolute_contraction,max_is_deepest,all,llama,80,E_ood,mlp.down_proj,0.025,25.0,opd,True,True,False,False,25.0,9.0,16.0,"{""offkd"": 9.0, ""opd"": 25.0, ""seqkd"": 7.0, ""sft"": 8.0}"
centered_r_epsilon,formal_rr3_llama_centered_audit,RR3_llama_centered_module.csv,centered_absolute_contraction,max_is_deepest,all,llama,80,E_ood,mlp.down_proj,0.05,28.0,opd,True,True,False,False,28.0,10.0,18.0,"{""offkd"": 10.0, ""opd"": 28.0, ""seqkd"": 8.0, ""sft"": 10.0}"
centered_r_epsilon,formal_rr3_llama_centered_audit,RR3_llama_centered_module.csv,centered_absolute_contraction,max_is_deepest,all,llama,80,E_ood,mlp.down_proj,0.1,29.0,opd,True,True,False,False,29.0,11.0,18.0,"{""offkd"": 11.0, ""opd"": 29.0, ""seqkd"": 9.0, ""sft"": 11.0}"
centered_r_epsilon,formal_rr3_llama_centered_audit,RR3_llama_centered_module.csv,centered_absolute_contraction,max_is_deepest,all,llama,80,E_ood,mlp.gate_proj,0.01,43.0,opd,True,True,False,False,43.0,16.0,27.0,"{""offkd"": 9.0, ""opd"": 43.0, ""seqkd"": 3.0, ""sft"": 16.0}"
centered_r_epsilon,formal_rr3_llama_centered_audit,RR3_llama_centered_module.csv,centered_absolute_contraction,max_is_deepest,all,llama,80,E_ood,mlp.gate_proj,0.025,49.0,opd,True,True,False,False,49.0,18.0,31.0,"{""offkd"": 12.0, ""opd"": 49.0, ""seqkd"": 4.0, ""sft"": 18.0}"
centered_r_epsilon,formal_rr3_llama_centered_audit,RR3_llama_centered_module.csv,centered_absolute_contraction,max_is_deepest,all,llama,80,E_ood,mlp.gate_proj,0.05,48.0,opd,True,True,False,False,48.0,18.0,30.0,"{""offkd"": 12.0, ""opd"": 48.0, ""seqkd"": 4.0, ""sft"": 18.0}"
centered_r_epsilon,formal_rr3_llama_centered_audit,RR3_llama_centered_module.csv,centered_absolute_contraction,max_is_deepest,all,llama,80,E_ood,mlp.gate_proj,0.1,39.0,opd,True,True,False,False,39.0,15.0,24.0,"{""offkd"": 10.0, ""opd"": 39.0, ""seqkd"": 4.0, ""sft"": 15.0}"
centered_r_epsilon,formal_rr3_llama_centered_audit,RR3_llama_centered_module.csv,centered_absolute_contraction,max_is_deepest,all,llama,80,E_ood,mlp.up_proj,0.01,33.0,opd,True,True,False,False,33.0,13.0,20.0,"{""offkd"": 9.0, ""opd"": 33.0, ""seqkd"": 5.0, ""sft"": 13.0}"
centered_r_epsilon,formal_rr3_llama_centered_audit,RR3_llama_centered_module.csv,centered_absolute_contraction,max_is_deepest,all,llama,80,E_ood,mlp.up_proj,0.025,40.0,opd,True,True,False,False,40.0,17.0,23.0,"{""offkd"": 11.0, ""opd"": 40.0, ""seqkd"": 5.0, ""sft"": 17.0}"
centered_r_epsilon,formal_rr3_llama_centered_audit,RR3_llama_centered_module.csv,centered_absolute_contraction,max_is_deepest,all,llama,80,E_ood,mlp.up_proj,0.05,44.0,opd,True,True,False,False,44.0,18.0,26.0,"{""offkd"": 12.0, ""opd"": 44.0, ""seqkd"": 6.0, ""sft"": 18.0}"
centered_r_epsilon,formal_rr3_llama_centered_audit,RR3_llama_centered_module.csv,centered_absolute_contraction,max_is_deepest,all,llama,80,E_ood,mlp.up_proj,0.1,42.0,opd,True,True,False,False,42.0,18.0,24.0,"{""offkd"": 11.0, ""opd"": 42.0, ""seqkd"": 6.0, ""sft"": 18.0}"
centered_r_epsilon,formal_rr3_llama_centered_audit,RR3_llama_centered_module.csv,centered_absolute_contraction,max_is_deepest,all,llama,80,E_ood,self_attn.k_proj,0.01,9.0,offkd,False,False,False,True,8.0,9.0,-1.0,"{""offkd"": 9.0, ""opd"": 8.0, ""seqkd"": 8.0, ""sft"": 7.0}"
centered_r_epsilon,formal_rr3_llama_centered_audit,RR3_llama_centered_module.csv,centered_absolute_contraction,max_is_deepest,all,llama,80,E_ood,self_attn.k_proj,0.025,8.0,"offkd,seqkd",False,False,False,True,7.0,8.0,-1.0,"{""offkd"": 8.0, ""opd"": 7.0, ""seqkd"": 8.0, ""sft"": 6.0}"
centered_r_epsilon,formal_rr3_llama_centered_audit,RR3_llama_centered_module.csv,centered_absolute_contraction,max_is_deepest,all,llama,80,E_ood,self_attn.k_proj,0.05,7.0,"offkd,seqkd",False,False,False,True,6.0,7.0,-1.0,"{""offkd"": 7.0, ""opd"": 6.0, ""seqkd"": 7.0, ""sft"": 5.0}"
centered_r_epsilon,formal_rr3_llama_centered_audit,RR3_llama_centered_module.csv,centered_absolute_contraction,max_is_deepest,all,llama,80,E_ood,self_attn.k_proj,0.1,5.0,"offkd,seqkd",False,False,False,True,4.0,5.0,-1.0,"{""offkd"": 5.0, ""opd"": 4.0, ""seqkd"": 5.0, ""sft"": 3.0}"
centered_r_epsilon,formal_rr3_llama_centered_audit,RR3_llama_centered_module.csv,centered_absolute_contraction,max_is_deepest,all,llama,80,E_ood,self_attn.o_proj,0.01,31.0,opd,True,True,False,False,31.0,12.0,19.0,"{""offkd"": 4.0, ""opd"": 31.0, ""seqkd"": 0.0, ""sft"": 12.0}"
centered_r_epsilon,formal_rr3_llama_centered_audit,RR3_llama_centered_module.csv,centered_absolute_contraction,max_is_deepest,all,llama,80,E_ood,self_attn.o_proj,0.025,30.0,opd,True,True,False,False,30.0,13.0,17.0,"{""offkd"": 4.0, ""opd"": 30.0, ""seqkd"": -1.0, ""sft"": 13.0}"
centered_r_epsilon,formal_rr3_llama_centered_audit,RR3_llama_centered_module.csv,centered_absolute_contraction,max_is_deepest,all,llama,80,E_ood,self_attn.o_proj,0.05,27.0,opd,True,True,False,False,27.0,13.0,14.0,"{""offkd"": 4.0, ""opd"": 27.0, ""seqkd"": 0.0, ""sft"": 13.0}"
centered_r_epsilon,formal_rr3_llama_centered_audit,RR3_llama_centered_module.csv,centered_absolute_contraction,max_is_deepest,all,llama,80,E_ood,self_attn.o_proj,0.1,22.0,opd,True,True,False,False,22.0,11.0,11.0,"{""offkd"": 3.0, ""opd"": 22.0, ""seqkd"": 0.0, ""sft"": 11.0}"
centered_r_epsilon,formal_rr3_llama_centered_audit,RR3_llama_centered_module.csv,centered_absolute_contraction,max_is_deepest,all,llama,80,E_ood,self_attn.q_proj,0.01,13.0,opd,True,True,False,False,13.0,11.0,2.0,"{""offkd"": 11.0, ""opd"": 13.0, ""seqkd"": 10.0, ""sft"": 8.0}"
centered_r_epsilon,formal_rr3_llama_centered_audit,RR3_llama_centered_module.csv,centered_absolute_contraction,max_is_deepest,all,llama,80,E_ood,self_attn.q_proj,0.025,11.0,opd,True,True,False,False,11.0,10.0,1.0,"{""offkd"": 10.0, ""opd"": 11.0, ""seqkd"": 9.0, ""sft"": 7.0}"
centered_r_epsilon,formal_rr3_llama_centered_audit,RR3_llama_centered_module.csv,centered_absolute_contraction,max_is_deepest,all,llama,80,E_ood,self_attn.q_proj,0.05,9.0,"offkd,opd",True,False,True,False,9.0,9.0,0.0,"{""offkd"": 9.0, ""opd"": 9.0, ""seqkd"": 8.0, ""sft"": 6.0}"
centered_r_epsilon,formal_rr3_llama_centered_audit,RR3_llama_centered_module.csv,centered_absolute_contraction,max_is_deepest,all,llama,80,E_ood,self_attn.q_proj,0.1,6.0,"offkd,opd,seqkd",True,False,True,False,6.0,6.0,0.0,"{""offkd"": 6.0, ""opd"": 6.0, ""seqkd"": 6.0, ""sft"": 4.0}"
centered_r_epsilon,formal_rr3_llama_centered_audit,RR3_llama_centered_module.csv,centered_absolute_contraction,max_is_deepest,all,llama,80,E_ood,self_attn.v_proj,0.01,7.0,opd,True,True,False,False,7.0,3.0,4.0,"{""offkd"": 1.0, ""opd"": 7.0, ""seqkd"": 1.0, ""sft"": 3.0}"
centered_r_epsilon,formal_rr3_llama_centered_audit,RR3_llama_centered_module.csv,centered_absolute_contraction,max_is_deepest,all,llama,80,E_ood,self_attn.v_proj,0.025,10.0,opd,True,True,False,False,10.0,4.0,6.0,"{""offkd"": 2.0, ""opd"": 10.0, ""seqkd"": 1.0, ""sft"": 4.0}"
centered_r_epsilon,formal_rr3_llama_centered_audit,RR3_llama_centered_module.csv,centered_absolute_contraction,max_is_deepest,all,llama,80,E_ood,self_attn.v_proj,0.05,12.0,opd,True,True,False,False,12.0,4.0,8.0,"{""offkd"": 3.0, ""opd"": 12.0, ""seqkd"": 1.0, ""sft"": 4.0}"
centered_r_epsilon,formal_rr3_llama_centered_audit,RR3_llama_centered_module.csv,centered_absolute_contraction,max_is_deepest,all,llama,80,E_ood,self_attn.v_proj,0.1,14.0,opd,True,True,False,False,14.0,5.0,9.0,"{""offkd"": 3.0, ""opd"": 14.0, ""seqkd"": 2.0, ""sft"": 5.0}"
centered_r_epsilon_non_qk_modules,formal_rr3_llama_centered_audit,RR3_llama_centered_module.csv,centered_absolute_contraction,max_is_deepest,non_qk,llama,20,E_general,mlp.down_proj,0.01,5.0,opd,True,True,False,False,5.0,2.0,3.0,"{""offkd"": 1.0, ""opd"": 5.0, ""seqkd"": 0.0, ""sft"": 2.0}"
centered_r_epsilon_non_qk_modules,formal_rr3_llama_centered_audit,RR3_llama_centered_module.csv,centered_absolute_contraction,max_is_deepest,non_qk,llama,20,E_general,mlp.down_proj,0.025,7.0,opd,True,True,False,False,7.0,2.0,5.0,"{""offkd"": 0.0, ""opd"": 7.0, ""seqkd"": 0.0, ""sft"": 2.0}"
centered_r_epsilon_non_qk_modules,formal_rr3_llama_centered_audit,RR3_llama_centered_module.csv,centered_absolute_contraction,max_is_deepest,non_qk,llama,20,E_general,mlp.down_proj,0.05,9.0,opd,True,True,False,False,9.0,3.0,6.0,"{""offkd"": 1.0, ""opd"": 9.0, ""seqkd"": 0.0, ""sft"": 3.0}"
centered_r_epsilon_non_qk_modules,formal_rr3_llama_centered_audit,RR3_llama_centered_module.csv,centered_absolute_contraction,max_is_deepest,non_qk,llama,20,E_general,mlp.down_proj,0.1,9.0,opd,True,True,False,False,9.0,3.0,6.0,"{""offkd"": 0.0, ""opd"": 9.0, ""seqkd"": -1.0, ""sft"": 3.0}"
centered_r_epsilon_non_qk_modules,formal_rr3_llama_centered_audit,RR3_llama_centered_module.csv,centered_absolute_contraction,max_is_deepest,non_qk,llama,20,E_general,mlp.gate_proj,0.01,12.0,opd,True,True,False,False,12.0,6.0,6.0,"{""offkd"": 0.0, ""opd"": 12.0, ""seqkd"": -2.0, ""sft"": 6.0}"
centered_r_epsilon_non_qk_modules,formal_rr3_llama_centered_audit,RR3_llama_centered_module.csv,centered_absolute_contraction,max_is_deepest,non_qk,llama,20,E_general,mlp.gate_proj,0.025,13.0,opd,True,True,False,False,13.0,7.0,6.0,"{""offkd"": 0.0, ""opd"": 13.0, ""seqkd"": -2.0, ""sft"": 7.0}"
centered_r_epsilon_non_qk_modules,formal_rr3_llama_centered_audit,RR3_llama_centered_module.csv,centered_absolute_contraction,max_is_deepest,non_qk,llama,20,E_general,mlp.gate_proj,0.05,12.0,opd,True,True,False,False,12.0,7.0,5.0,"{""offkd"": 0.0, ""opd"": 12.0, ""seqkd"": -3.0, ""sft"": 7.0}"
centered_r_epsilon_non_qk_modules,formal_rr3_llama_centered_audit,RR3_llama_centered_module.csv,centered_absolute_contraction,max_is_deepest,non_qk,llama,20,E_general,mlp.gate_proj,0.1,11.0,opd,True,True,False,False,11.0,6.0,5.0,"{""offkd"": 1.0, ""opd"": 11.0, ""seqkd"": -2.0, ""sft"": 6.0}"
centered_r_epsilon_non_qk_modules,formal_rr3_llama_centered_audit,RR3_llama_centered_module.csv,centered_absolute_contraction,max_is_deepest,non_qk,llama,20,E_general,mlp.up_proj,0.01,8.0,opd,True,True,False,False,8.0,4.0,4.0,"{""offkd"": 0.0, ""opd"": 8.0, ""seqkd"": -2.0, ""sft"": 4.0}"
centered_r_epsilon_non_qk_modules,formal_rr3_llama_centered_audit,RR3_llama_centered_module.csv,centered_absolute_contraction,max_is_deepest,non_qk,llama,20,E_general,mlp.up_proj,0.025,10.0,opd,True,True,False,False,10.0,6.0,4.0,"{""offkd"": 0.0, ""opd"": 10.0, ""seqkd"": -2.0, ""sft"": 6.0}"
centered_r_epsilon_non_qk_modules,formal_rr3_llama_centered_audit,RR3_llama_centered_module.csv,centered_absolute_contraction,max_is_deepest,non_qk,llama,20,E_general,mlp.up_proj,0.05,11.0,opd,True,True,False,False,11.0,7.0,4.0,"{""offkd"": 0.0, ""opd"": 11.0, ""seqkd"": -2.0, ""sft"": 7.0}"
centered_r_epsilon_non_qk_modules,formal_rr3_llama_centered_audit,RR3_llama_centered_module.csv,centered_absolute_contraction,max_is_deepest,non_qk,llama,20,E_general,mlp.up_proj,0.1,11.0,opd,True,True,False,False,11.0,7.0,4.0,"{""offkd"": 1.0, ""opd"": 11.0, ""seqkd"": -1.0, ""sft"": 7.0}"
centered_r_epsilon_non_qk_modules,formal_rr3_llama_centered_audit,RR3_llama_centered_module.csv,centered_absolute_contraction,max_is_deepest,non_qk,llama,20,E_general,self_attn.o_proj,0.01,17.0,opd,True,True,False,False,17.0,2.0,15.0,"{""offkd"": 0.0, ""opd"": 17.0, ""seqkd"": -3.0, ""sft"": 2.0}"
centered_r_epsilon_non_qk_modules,formal_rr3_llama_centered_audit,RR3_llama_centered_module.csv,centered_absolute_contraction,max_is_deepest,non_qk,llama,20,E_general,self_attn.o_proj,0.025,15.0,opd,True,True,False,False,15.0,2.0,13.0,"{""offkd"": -1.0, ""opd"": 15.0, ""seqkd"": -3.0, ""sft"": 2.0}"
centered_r_epsilon_non_qk_modules,formal_rr3_llama_centered_audit,RR3_llama_centered_module.csv,centered_absolute_contraction,max_is_deepest,non_qk,llama,20,E_general,self_attn.o_proj,0.05,14.0,opd,True,True,False,False,14.0,3.0,11.0,"{""offkd"": -1.0, ""opd"": 14.0, ""seqkd"": -3.0, ""sft"": 3.0}"
centered_r_epsilon_non_qk_modules,formal_rr3_llama_centered_audit,RR3_llama_centered_module.csv,centered_absolute_contraction,max_is_deepest,non_qk,llama,20,E_general,self_attn.o_proj,0.1,13.0,opd,True,True,False,False,13.0,4.0,9.0,"{""offkd"": 0.0, ""opd"": 13.0, ""seqkd"": -3.0, ""sft"": 4.0}"
centered_r_epsilon_non_qk_modules,formal_rr3_llama_centered_audit,RR3_llama_centered_module.csv,centered_absolute_contraction,max_is_deepest,non_qk,llama,20,E_general,self_attn.v_proj,0.01,2.0,opd,True,True,False,False,2.0,1.0,1.0,"{""offkd"": 0.0, ""opd"": 2.0, ""seqkd"": 0.0, ""sft"": 1.0}"
centered_r_epsilon_non_qk_modules,formal_rr3_llama_centered_audit,RR3_llama_centered_module.csv,centered_absolute_contraction,max_is_deepest,non_qk,llama,20,E_general,self_attn.v_proj,0.025,2.0,opd,True,True,False,False,2.0,1.0,1.0,"{""offkd"": 0.0, ""opd"": 2.0, ""seqkd"": -1.0, ""sft"": 1.0}"
centered_r_epsilon_non_qk_modules,formal_rr3_llama_centered_audit,RR3_llama_centered_module.csv,centered_absolute_contraction,max_is_deepest,non_qk,llama,20,E_general,self_attn.v_proj,0.05,3.0,opd,True,True,False,False,3.0,1.0,2.0,"{""offkd"": 0.0, ""opd"": 3.0, ""seqkd"": -1.0, ""sft"": 1.0}"
centered_r_epsilon_non_qk_modules,formal_rr3_llama_centered_audit,RR3_llama_centered_module.csv,centered_absolute_contraction,max_is_deepest,non_qk,llama,20,E_general,self_attn.v_proj,0.1,4.0,opd,True,True,False,False,4.0,2.0,2.0,"{""offkd"": 0.0, ""opd"": 4.0, ""seqkd"": 0.0, ""sft"": 2.0}"
centered_r_epsilon_non_qk_modules,formal_rr3_llama_centered_audit,RR3_llama_centered_module.csv,centered_absolute_contraction,max_is_deepest,non_qk,llama,20,E_if,mlp.down_proj,0.01,11.0,opd,True,True,False,False,11.0,10.0,1.0,"{""offkd"": 9.0, ""opd"": 11.0, ""seqkd"": 10.0, ""sft"": 6.0}"
centered_r_epsilon_non_qk_modules,formal_rr3_llama_centered_audit,RR3_llama_centered_module.csv,centered_absolute_contraction,max_is_deepest,non_qk,llama,20,E_if,mlp.down_proj,0.025,15.0,opd,True,True,False,False,15.0,14.0,1.0,"{""offkd"": 13.0, ""opd"": 15.0, ""seqkd"": 14.0, ""sft"": 8.0}"
centered_r_epsilon_non_qk_modules,formal_rr3_llama_centered_audit,RR3_llama_centered_module.csv,centered_absolute_contraction,max_is_deepest,non_qk,llama,20,E_if,mlp.down_proj,0.05,17.0,"opd,seqkd",True,False,True,False,17.0,17.0,0.0,"{""offkd"": 16.0, ""opd"": 17.0, ""seqkd"": 17.0, ""sft"": 10.0}"
centered_r_epsilon_non_qk_modules,formal_rr3_llama_centered_audit,RR3_llama_centered_module.csv,centered_absolute_contraction,max_is_deepest,non_qk,llama,20,E_if,mlp.down_proj,0.1,17.0,"opd,seqkd",True,False,True,False,17.0,17.0,0.0,"{""offkd"": 16.0, ""opd"": 17.0, ""seqkd"": 17.0, ""sft"": 10.0}"
centered_r_epsilon_non_qk_modules,formal_rr3_llama_centered_audit,RR3_llama_centered_module.csv,centered_absolute_contraction,max_is_deepest,non_qk,llama,20,E_if,mlp.gate_proj,0.01,17.0,opd,True,True,False,False,17.0,10.0,7.0,"{""offkd"": 6.0, ""opd"": 17.0, ""seqkd"": 5.0, ""sft"": 10.0}"
centered_r_epsilon_non_qk_modules,formal_rr3_llama_centered_audit,RR3_llama_centered_module.csv,centered_absolute_contraction,max_is_deepest,non_qk,llama,20,E_if,mlp.gate_proj,0.025,19.0,opd,True,True,False,False,19.0,11.0,8.0,"{""offkd"": 8.0, ""opd"": 19.0, ""seqkd"": 7.0, ""sft"": 11.0}"
centered_r_epsilon_non_qk_modules,formal_rr3_llama_centered_audit,RR3_llama_centered_module.csv,centered_absolute_contraction,max_is_deepest,non_qk,llama,20,E_if,mlp.gate_proj,0.05,17.0,opd,True,True,False,False,17.0,10.0,7.0,"{""offkd"": 7.0, ""opd"": 17.0, ""seqkd"": 6.0, ""sft"": 10.0}"
centered_r_epsilon_non_qk_modules,formal_rr3_llama_centered_audit,RR3_llama_centered_module.csv,centered_absolute_contraction,max_is_deepest,non_qk,llama,20,E_if,mlp.gate_proj,0.1,13.0,opd,True,True,False,False,13.0,8.0,5.0,"{""offkd"": 5.0, ""opd"": 13.0, ""seqkd"": 5.0, ""sft"": 8.0}"
centered_r_epsilon_non_qk_modules,formal_rr3_llama_centered_audit,RR3_llama_centered_module.csv,centered_absolute_contraction,max_is_deepest,non_qk,llama,20,E_if,mlp.up_proj,0.01,14.0,opd,True,True,False,False,14.0,8.0,6.0,"{""offkd"": 7.0, ""opd"": 14.0, ""seqkd"": 6.0, ""sft"": 8.0}"
centered_r_epsilon_non_qk_modules,formal_rr3_llama_centered_audit,RR3_llama_centered_module.csv,centered_absolute_contraction,max_is_deepest,non_qk,llama,20,E_if,mlp.up_proj,0.025,17.0,opd,True,True,False,False,17.0,12.0,5.0,"{""offkd"": 10.0, ""opd"": 17.0, ""seqkd"": 9.0, ""sft"": 12.0}"
centered_r_epsilon_non_qk_modules,formal_rr3_llama_centered_audit,RR3_llama_centered_module.csv,centered_absolute_contraction,max_is_deepest,non_qk,llama,20,E_if,mlp.up_proj,0.05,17.0,opd,True,True,False,False,17.0,12.0,5.0,"{""offkd"": 10.0, ""opd"": 17.0, ""seqkd"": 9.0, ""sft"": 12.0}"
centered_r_epsilon_non_qk_modules,formal_rr3_llama_centered_audit,RR3_llama_centered_module.csv,centered_absolute_contraction,max_is_deepest,non_qk,llama,20,E_if,mlp.up_proj,0.1,15.0,opd,True,True,False,False,15.0,11.0,4.0,"{""offkd"": 9.0, ""opd"": 15.0, ""seqkd"": 8.0, ""sft"": 11.0}"
centered_r_epsilon_non_qk_modules,formal_rr3_llama_centered_audit,RR3_llama_centered_module.csv,centered_absolute_contraction,max_is_deepest,non_qk,llama,20,E_if,self_attn.o_proj,0.01,24.0,opd,True,True,False,False,24.0,2.0,22.0,"{""offkd"": 1.0, ""opd"": 24.0, ""seqkd"": -1.0, ""sft"": 2.0}"
centered_r_epsilon_non_qk_modules,formal_rr3_llama_centered_audit,RR3_llama_centered_module.csv,centered_absolute_contraction,max_is_deepest,non_qk,llama,20,E_if,self_attn.o_proj,0.025,21.0,opd,True,True,False,False,21.0,3.0,18.0,"{""offkd"": 1.0, ""opd"": 21.0, ""seqkd"": -1.0, ""sft"": 3.0}"
centered_r_epsilon_non_qk_modules,formal_rr3_llama_centered_audit,RR3_llama_centered_module.csv,centered_absolute_contraction,max_is_deepest,non_qk,llama,20,E_if,self_attn.o_proj,0.05,20.0,opd,True,True,False,False,20.0,4.0,16.0,"{""offkd"": 2.0, ""opd"": 20.0, ""seqkd"": 0.0, ""sft"": 4.0}"
centered_r_epsilon_non_qk_modules,formal_rr3_llama_centered_audit,RR3_llama_centered_module.csv,centered_absolute_contraction,max_is_deepest,non_qk,llama,20,E_if,self_attn.o_proj,0.1,17.0,opd,True,True,False,False,17.0,4.0,13.0,"{""offkd"": 3.0, ""opd"": 17.0, ""seqkd"": 1.0, ""sft"": 4.0}"
centered_r_epsilon_non_qk_modules,formal_rr3_llama_centered_audit,RR3_llama_centered_module.csv,centered_absolute_contraction,max_is_deepest,non_qk,llama,20,E_if,self_attn.v_proj,0.01,3.0,opd,True,True,False,False,3.0,2.0,1.0,"{""offkd"": 1.0, ""opd"": 3.0, ""seqkd"": 1.0, ""sft"": 2.0}"
centered_r_epsilon_non_qk_modules,formal_rr3_llama_centered_audit,RR3_llama_centered_module.csv,centered_absolute_contraction,max_is_deepest,non_qk,llama,20,E_if,self_attn.v_proj,0.025,4.0,opd,True,True,False,False,4.0,3.0,1.0,"{""offkd"": 2.0, ""opd"": 4.0, ""seqkd"": 2.0, ""sft"": 3.0}"
centered_r_epsilon_non_qk_modules,formal_rr3_llama_centered_audit,RR3_llama_centered_module.csv,centered_absolute_contraction,max_is_deepest,non_qk,llama,20,E_if,self_attn.v_proj,0.05,5.0,opd,True,True,False,False,5.0,3.0,2.0,"{""offkd"": 3.0, ""opd"": 5.0, ""seqkd"": 2.0, ""sft"": 3.0}"
centered_r_epsilon_non_qk_modules,formal_rr3_llama_centered_audit,RR3_llama_centered_module.csv,centered_absolute_contraction,max_is_deepest,non_qk,llama,20,E_if,self_attn.v_proj,0.1,6.0,opd,True,True,False,False,6.0,3.0,3.0,"{""offkd"": 3.0, ""opd"": 6.0, ""seqkd"": 3.0, ""sft"": 3.0}"
centered_r_epsilon_non_qk_modules,formal_rr3_llama_centered_audit,RR3_llama_centered_module.csv,centered_absolute_contraction,max_is_deepest,non_qk,llama,20,E_math,mlp.down_proj,0.01,13.0,opd,True,True,False,False,13.0,6.0,7.0,"{""offkd"": 2.0, ""opd"": 13.0, ""seqkd"": 1.0, ""sft"": 6.0}"
centered_r_epsilon_non_qk_modules,formal_rr3_llama_centered_audit,RR3_llama_centered_module.csv,centered_absolute_contraction,max_is_deepest,non_qk,llama,20,E_math,mlp.down_proj,0.025,14.0,opd,True,True,False,False,14.0,6.0,8.0,"{""offkd"": 2.0, ""opd"": 14.0, ""seqkd"": 1.0, ""sft"": 6.0}"
centered_r_epsilon_non_qk_modules,formal_rr3_llama_centered_audit,RR3_llama_centered_module.csv,centered_absolute_contraction,max_is_deepest,non_qk,llama,20,E_math,mlp.down_proj,0.05,13.0,opd,True,True,False,False,13.0,6.0,7.0,"{""offkd"": 2.0, ""opd"": 13.0, ""seqkd"": 1.0, ""sft"": 6.0}"
centered_r_epsilon_non_qk_modules,formal_rr3_llama_centered_audit,RR3_llama_centered_module.csv,centered_absolute_contraction,max_is_deepest,non_qk,llama,20,E_math,mlp.down_proj,0.1,12.0,opd,True,True,False,False,12.0,6.0,6.0,"{""offkd"": 2.0, ""opd"": 12.0, ""seqkd"": 1.0, ""sft"": 6.0}"
centered_r_epsilon_non_qk_modules,formal_rr3_llama_centered_audit,RR3_llama_centered_module.csv,centered_absolute_contraction,max_is_deepest,non_qk,llama,20,E_math,mlp.gate_proj,0.01,17.0,opd,True,True,False,False,17.0,8.0,9.0,"{""offkd"": 2.0, ""opd"": 17.0, ""seqkd"": 0.0, ""sft"": 8.0}"
centered_r_epsilon_non_qk_modules,formal_rr3_llama_centered_audit,RR3_llama_centered_module.csv,centered_absolute_contraction,max_is_deepest,non_qk,llama,20,E_math,mlp.gate_proj,0.025,16.0,opd,True,True,False,False,16.0,7.0,9.0,"{""offkd"": 1.0, ""opd"": 16.0, ""seqkd"": -1.0, ""sft"": 7.0}"
centered_r_epsilon_non_qk_modules,formal_rr3_llama_centered_audit,RR3_llama_centered_module.csv,centered_absolute_contraction,max_is_deepest,non_qk,llama,20,E_math,mlp.gate_proj,0.05,15.0,opd,True,True,False,False,15.0,7.0,8.0,"{""offkd"": 1.0, ""opd"": 15.0, ""seqkd"": 0.0, ""sft"": 7.0}"
centered_r_epsilon_non_qk_modules,formal_rr3_llama_centered_audit,RR3_llama_centered_module.csv,centered_absolute_contraction,max_is_deepest,non_qk,llama,20,E_math,mlp.gate_proj,0.1,10.0,opd,True,True,False,False,10.0,4.0,6.0,"{""offkd"": 0.0, ""opd"": 10.0, ""seqkd"": -1.0, ""sft"": 4.0}"
centered_r_epsilon_non_qk_modules,formal_rr3_llama_centered_audit,RR3_llama_centered_module.csv,centered_absolute_contraction,max_is_deepest,non_qk,llama,20,E_math,mlp.up_proj,0.01,13.0,opd,True,True,False,False,13.0,8.0,5.0,"{""offkd"": 2.0, ""opd"": 13.0, ""seqkd"": 0.0, ""sft"": 8.0}"
centered_r_epsilon_non_qk_modules,formal_rr3_llama_centered_audit,RR3_llama_centered_module.csv,centered_absolute_contraction,max_is_deepest,non_qk,llama,20,E_math,mlp.up_proj,0.025,13.0,opd,True,True,False,False,13.0,8.0,5.0,"{""offkd"": 2.0, ""opd"": 13.0, ""seqkd"": 0.0, ""sft"": 8.0}"
centered_r_epsilon_non_qk_modules,formal_rr3_llama_centered_audit,RR3_llama_centered_module.csv,centered_absolute_contraction,max_is_deepest,non_qk,llama,20,E_math,mlp.up_proj,0.05,12.0,opd,True,True,False,False,12.0,7.0,5.0,"{""offkd"": 2.0, ""opd"": 12.0, ""seqkd"": 0.0, ""sft"": 7.0}"
centered_r_epsilon_non_qk_modules,formal_rr3_llama_centered_audit,RR3_llama_centered_module.csv,centered_absolute_contraction,max_is_deepest,non_qk,llama,20,E_math,mlp.up_proj,0.1,10.0,opd,True,True,False,False,10.0,6.0,4.0,"{""offkd"": 1.0, ""opd"": 10.0, ""seqkd"": 0.0, ""sft"": 6.0}"
centered_r_epsilon_non_qk_modules,formal_rr3_llama_centered_audit,RR3_llama_centered_module.csv,centered_absolute_contraction,max_is_deepest,non_qk,llama,20,E_math,self_attn.o_proj,0.01,17.0,opd,True,True,False,False,17.0,6.0,11.0,"{""offkd"": -2.0, ""opd"": 17.0, ""seqkd"": -3.0, ""sft"": 6.0}"
centered_r_epsilon_non_qk_modules,formal_rr3_llama_centered_audit,RR3_llama_centered_module.csv,centered_absolute_contraction,max_is_deepest,non_qk,llama,20,E_math,self_attn.o_proj,0.025,15.0,opd,True,True,False,False,15.0,5.0,10.0,"{""offkd"": -3.0, ""opd"": 15.0, ""seqkd"": -4.0, ""sft"": 5.0}"
centered_r_epsilon_non_qk_modules,formal_rr3_llama_centered_audit,RR3_llama_centered_module.csv,centered_absolute_contraction,max_is_deepest,non_qk,llama,20,E_math,self_attn.o_proj,0.05,13.0,opd,True,True,False,False,13.0,5.0,8.0,"{""offkd"": -3.0, ""opd"": 13.0, ""seqkd"": -4.0, ""sft"": 5.0}"
centered_r_epsilon_non_qk_modules,formal_rr3_llama_centered_audit,RR3_llama_centered_module.csv,centered_absolute_contraction,max_is_deepest,non_qk,llama,20,E_math,self_attn.o_proj,0.1,10.0,opd,True,True,False,False,10.0,4.0,6.0,"{""offkd"": -2.0, ""opd"": 10.0, ""seqkd"": -3.0, ""sft"": 4.0}"
centered_r_epsilon_non_qk_modules,formal_rr3_llama_centered_audit,RR3_llama_centered_module.csv,centered_absolute_contraction,max_is_deepest,non_qk,llama,20,E_math,self_attn.v_proj,0.01,7.0,opd,True,True,False,False,7.0,4.0,3.0,"{""offkd"": 1.0, ""opd"": 7.0, ""seqkd"": 0.0, ""sft"": 4.0}"
centered_r_epsilon_non_qk_modules,formal_rr3_llama_centered_audit,RR3_llama_centered_module.csv,centered_absolute_contraction,max_is_deepest,non_qk,llama,20,E_math,self_attn.v_proj,0.025,7.0,opd,True,True,False,False,7.0,4.0,3.0,"{""offkd"": 1.0, ""opd"": 7.0, ""seqkd"": 0.0, ""sft"": 4.0}"
centered_r_epsilon_non_qk_modules,formal_rr3_llama_centered_audit,RR3_llama_centered_module.csv,centered_absolute_contraction,max_is_deepest,non_qk,llama,20,E_math,self_attn.v_proj,0.05,7.0,opd,True,True,False,False,7.0,4.0,3.0,"{""offkd"": 1.0, ""opd"": 7.0, ""seqkd"": 0.0, ""sft"": 4.0}"
centered_r_epsilon_non_qk_modules,formal_rr3_llama_centered_audit,RR3_llama_centered_module.csv,centered_absolute_contraction,max_is_deepest,non_qk,llama,20,E_math,self_attn.v_proj,0.1,6.0,opd,True,True,False,False,6.0,3.0,3.0,"{""offkd"": 1.0, ""opd"": 6.0, ""seqkd"": 0.0, ""sft"": 3.0}"
centered_r_epsilon_non_qk_modules,formal_rr3_llama_centered_audit,RR3_llama_centered_module.csv,centered_absolute_contraction,max_is_deepest,non_qk,llama,20,E_ood,mlp.down_proj,0.01,10.0,opd,True,True,False,False,10.0,3.0,7.0,"{""offkd"": 2.0, ""opd"": 10.0, ""seqkd"": 1.0, ""sft"": 3.0}"
centered_r_epsilon_non_qk_modules,formal_rr3_llama_centered_audit,RR3_llama_centered_module.csv,centered_absolute_contraction,max_is_deepest,non_qk,llama,20,E_ood,mlp.down_proj,0.025,14.0,opd,True,True,False,False,14.0,5.0,9.0,"{""offkd"": 3.0, ""opd"": 14.0, ""seqkd"": 3.0, ""sft"": 5.0}"
centered_r_epsilon_non_qk_modules,formal_rr3_llama_centered_audit,RR3_llama_centered_module.csv,centered_absolute_contraction,max_is_deepest,non_qk,llama,20,E_ood,mlp.down_proj,0.05,15.0,opd,True,True,False,False,15.0,5.0,10.0,"{""offkd"": 3.0, ""opd"": 15.0, ""seqkd"": 3.0, ""sft"": 5.0}"
centered_r_epsilon_non_qk_modules,formal_rr3_llama_centered_audit,RR3_llama_centered_module.csv,centered_absolute_contraction,max_is_deepest,non_qk,llama,20,E_ood,mlp.down_proj,0.1,16.0,opd,True,True,False,False,16.0,6.0,10.0,"{""offkd"": 3.0, ""opd"": 16.0, ""seqkd"": 3.0, ""sft"": 6.0}"
centered_r_epsilon_non_qk_modules,formal_rr3_llama_centered_audit,RR3_llama_centered_module.csv,centered_absolute_contraction,max_is_deepest,non_qk,llama,20,E_ood,mlp.gate_proj,0.01,22.0,opd,True,True,False,False,22.0,12.0,10.0,"{""offkd"": 2.0, ""opd"": 22.0, ""seqkd"": 0.0, ""sft"": 12.0}"
centered_r_epsilon_non_qk_modules,formal_rr3_llama_centered_audit,RR3_llama_centered_module.csv,centered_absolute_contraction,max_is_deepest,non_qk,llama,20,E_ood,mlp.gate_proj,0.025,26.0,opd,True,True,False,False,26.0,15.0,11.0,"{""offkd"": 3.0, ""opd"": 26.0, ""seqkd"": 0.0, ""sft"": 15.0}"
centered_r_epsilon_non_qk_modules,formal_rr3_llama_centered_audit,RR3_llama_centered_module.csv,centered_absolute_contraction,max_is_deepest,non_qk,llama,20,E_ood,mlp.gate_proj,0.05,26.0,opd,True,True,False,False,26.0,14.0,12.0,"{""offkd"": 3.0, ""opd"": 26.0, ""seqkd"": 0.0, ""sft"": 14.0}"
centered_r_epsilon_non_qk_modules,formal_rr3_llama_centered_audit,RR3_llama_centered_module.csv,centered_absolute_contraction,max_is_deepest,non_qk,llama,20,E_ood,mlp.gate_proj,0.1,21.0,opd,True,True,False,False,21.0,12.0,9.0,"{""offkd"": 3.0, ""opd"": 21.0, ""seqkd"": 0.0, ""sft"": 12.0}"
centered_r_epsilon_non_qk_modules,formal_rr3_llama_centered_audit,RR3_llama_centered_module.csv,centered_absolute_contraction,max_is_deepest,non_qk,llama,20,E_ood,mlp.up_proj,0.01,16.0,opd,True,True,False,False,16.0,10.0,6.0,"{""offkd"": 3.0, ""opd"": 16.0, ""seqkd"": 1.0, ""sft"": 10.0}"
centered_r_epsilon_non_qk_modules,formal_rr3_llama_centered_audit,RR3_llama_centered_module.csv,centered_absolute_contraction,max_is_deepest,non_qk,llama,20,E_ood,mlp.up_proj,0.025,19.0,opd,True,True,False,False,19.0,12.0,7.0,"{""offkd"": 3.0, ""opd"": 19.0, ""seqkd"": 1.0, ""sft"": 12.0}"
centered_r_epsilon_non_qk_modules,formal_rr3_llama_centered_audit,RR3_llama_centered_module.csv,centered_absolute_contraction,max_is_deepest,non_qk,llama,20,E_ood,mlp.up_proj,0.05,21.0,opd,True,True,False,False,21.0,13.0,8.0,"{""offkd"": 3.0, ""opd"": 21.0, ""seqkd"": 1.0, ""sft"": 13.0}"
centered_r_epsilon_non_qk_modules,formal_rr3_llama_centered_audit,RR3_llama_centered_module.csv,centered_absolute_contraction,max_is_deepest,non_qk,llama,20,E_ood,mlp.up_proj,0.1,20.0,opd,True,True,False,False,20.0,13.0,7.0,"{""offkd"": 3.0, ""opd"": 20.0, ""seqkd"": 1.0, ""sft"": 13.0}"
centered_r_epsilon_non_qk_modules,formal_rr3_llama_centered_audit,RR3_llama_centered_module.csv,centered_absolute_contraction,max_is_deepest,non_qk,llama,20,E_ood,self_attn.o_proj,0.01,20.0,opd,True,True,False,False,20.0,8.0,12.0,"{""offkd"": 0.0, ""opd"": 20.0, ""seqkd"": 0.0, ""sft"": 8.0}"
centered_r_epsilon_non_qk_modules,formal_rr3_llama_centered_audit,RR3_llama_centered_module.csv,centered_absolute_contraction,max_is_deepest,non_qk,llama,20,E_ood,self_attn.o_proj,0.025,18.0,opd,True,True,False,False,18.0,8.0,10.0,"{""offkd"": 0.0, ""opd"": 18.0, ""seqkd"": 0.0, ""sft"": 8.0}"
centered_r_epsilon_non_qk_modules,formal_rr3_llama_centered_audit,RR3_llama_centered_module.csv,centered_absolute_contraction,max_is_deepest,non_qk,llama,20,E_ood,self_attn.o_proj,0.05,16.0,opd,True,True,False,False,16.0,8.0,8.0,"{""offkd"": 0.0, ""opd"": 16.0, ""seqkd"": 0.0, ""sft"": 8.0}"
centered_r_epsilon_non_qk_modules,formal_rr3_llama_centered_audit,RR3_llama_centered_module.csv,centered_absolute_contraction,max_is_deepest,non_qk,llama,20,E_ood,self_attn.o_proj,0.1,12.0,opd,True,True,False,False,12.0,7.0,5.0,"{""offkd"": -1.0, ""opd"": 12.0, ""seqkd"": 0.0, ""sft"": 7.0}"
centered_r_epsilon_non_qk_modules,formal_rr3_llama_centered_audit,RR3_llama_centered_module.csv,centered_absolute_contraction,max_is_deepest,non_qk,llama,20,E_ood,self_attn.v_proj,0.01,4.0,opd,True,True,False,False,4.0,2.0,2.0,"{""offkd"": 1.0, ""opd"": 4.0, ""seqkd"": 0.0, ""sft"": 2.0}"
centered_r_epsilon_non_qk_modules,formal_rr3_llama_centered_audit,RR3_llama_centered_module.csv,centered_absolute_contraction,max_is_deepest,non_qk,llama,20,E_ood,self_attn.v_proj,0.025,6.0,opd,True,True,False,False,6.0,3.0,3.0,"{""offkd"": 1.0, ""opd"": 6.0, ""seqkd"": 1.0, ""sft"": 3.0}"
centered_r_epsilon_non_qk_modules,formal_rr3_llama_centered_audit,RR3_llama_centered_module.csv,centered_absolute_contraction,max_is_deepest,non_qk,llama,20,E_ood,self_attn.v_proj,0.05,7.0,opd,True,True,False,False,7.0,3.0,4.0,"{""offkd"": 2.0, ""opd"": 7.0, ""seqkd"": 1.0, ""sft"": 3.0}"
centered_r_epsilon_non_qk_modules,formal_rr3_llama_centered_audit,RR3_llama_centered_module.csv,centered_absolute_contraction,max_is_deepest,non_qk,llama,20,E_ood,self_attn.v_proj,0.1,8.0,opd,True,True,False,False,8.0,4.0,4.0,"{""offkd"": 2.0, ""opd"": 8.0, ""seqkd"": 1.0, ""sft"": 4.0}"
centered_r_epsilon_non_qk_modules,formal_rr3_llama_centered_audit,RR3_llama_centered_module.csv,centered_absolute_contraction,max_is_deepest,non_qk,llama,40,E_general,mlp.down_proj,0.01,7.0,opd,True,True,False,False,7.0,1.0,6.0,"{""offkd"": 1.0, ""opd"": 7.0, ""seqkd"": 0.0, ""sft"": 1.0}"
centered_r_epsilon_non_qk_modules,formal_rr3_llama_centered_audit,RR3_llama_centered_module.csv,centered_absolute_contraction,max_is_deepest,non_qk,llama,40,E_general,mlp.down_proj,0.025,9.0,opd,True,True,False,False,9.0,2.0,7.0,"{""offkd"": 1.0, ""opd"": 9.0, ""seqkd"": 0.0, ""sft"": 2.0}"
centered_r_epsilon_non_qk_modules,formal_rr3_llama_centered_audit,RR3_llama_centered_module.csv,centered_absolute_contraction,max_is_deepest,non_qk,llama,40,E_general,mlp.down_proj,0.05,11.0,opd,True,True,False,False,11.0,2.0,9.0,"{""offkd"": 1.0, ""opd"": 11.0, ""seqkd"": 0.0, ""sft"": 2.0}"
centered_r_epsilon_non_qk_modules,formal_rr3_llama_centered_audit,RR3_llama_centered_module.csv,centered_absolute_contraction,max_is_deepest,non_qk,llama,40,E_general,mlp.down_proj,0.1,11.0,opd,True,True,False,False,11.0,2.0,9.0,"{""offkd"": 1.0, ""opd"": 11.0, ""seqkd"": 0.0, ""sft"": 2.0}"
centered_r_epsilon_non_qk_modules,formal_rr3_llama_centered_audit,RR3_llama_centered_module.csv,centered_absolute_contraction,max_is_deepest,non_qk,llama,40,E_general,mlp.gate_proj,0.01,17.0,opd,True,True,False,False,17.0,6.0,11.0,"{""offkd"": 0.0, ""opd"": 17.0, ""seqkd"": -3.0, ""sft"": 6.0}"
centered_r_epsilon_non_qk_modules,formal_rr3_llama_centered_audit,RR3_llama_centered_module.csv,centered_absolute_contraction,max_is_deepest,non_qk,llama,40,E_general,mlp.gate_proj,0.025,20.0,opd,True,True,False,False,20.0,7.0,13.0,"{""offkd"": 1.0, ""opd"": 20.0, ""seqkd"": -3.0, ""sft"": 7.0}"
centered_r_epsilon_non_qk_modules,formal_rr3_llama_centered_audit,RR3_llama_centered_module.csv,centered_absolute_contraction,max_is_deepest,non_qk,llama,40,E_general,mlp.gate_proj,0.05,19.0,opd,True,True,False,False,19.0,7.0,12.0,"{""offkd"": 0.0, ""opd"": 19.0, ""seqkd"": -3.0, ""sft"": 7.0}"
centered_r_epsilon_non_qk_modules,formal_rr3_llama_centered_audit,RR3_llama_centered_module.csv,centered_absolute_contraction,max_is_deepest,non_qk,llama,40,E_general,mlp.gate_proj,0.1,16.0,opd,True,True,False,False,16.0,6.0,10.0,"{""offkd"": 1.0, ""opd"": 16.0, ""seqkd"": -2.0, ""sft"": 6.0}"
centered_r_epsilon_non_qk_modules,formal_rr3_llama_centered_audit,RR3_llama_centered_module.csv,centered_absolute_contraction,max_is_deepest,non_qk,llama,40,E_general,mlp.up_proj,0.01,12.0,opd,True,True,False,False,12.0,5.0,7.0,"{""offkd"": 0.0, ""opd"": 12.0, ""seqkd"": -2.0, ""sft"": 5.0}"
centered_r_epsilon_non_qk_modules,formal_rr3_llama_centered_audit,RR3_llama_centered_module.csv,centered_absolute_contraction,max_is_deepest,non_qk,llama,40,E_general,mlp.up_proj,0.025,15.0,opd,True,True,False,False,15.0,6.0,9.0,"{""offkd"": 1.0, ""opd"": 15.0, ""seqkd"": -2.0, ""sft"": 6.0}"
centered_r_epsilon_non_qk_modules,formal_rr3_llama_centered_audit,RR3_llama_centered_module.csv,centered_absolute_contraction,max_is_deepest,non_qk,llama,40,E_general,mlp.up_proj,0.05,17.0,opd,True,True,False,False,17.0,7.0,10.0,"{""offkd"": 1.0, ""opd"": 17.0, ""seqkd"": -2.0, ""sft"": 7.0}"
centered_r_epsilon_non_qk_modules,formal_rr3_llama_centered_audit,RR3_llama_centered_module.csv,centered_absolute_contraction,max_is_deepest,non_qk,llama,40,E_general,mlp.up_proj,0.1,16.0,opd,True,True,False,False,16.0,7.0,9.0,"{""offkd"": 1.0, ""opd"": 16.0, ""seqkd"": -2.0, ""sft"": 7.0}"
centered_r_epsilon_non_qk_modules,formal_rr3_llama_centered_audit,RR3_llama_centered_module.csv,centered_absolute_contraction,max_is_deepest,non_qk,llama,40,E_general,self_attn.o_proj,0.01,19.0,opd,True,True,False,False,19.0,5.0,14.0,"{""offkd"": -2.0, ""opd"": 19.0, ""seqkd"": -5.0, ""sft"": 5.0}"
centered_r_epsilon_non_qk_modules,formal_rr3_llama_centered_audit,RR3_llama_centered_module.csv,centered_absolute_contraction,max_is_deepest,non_qk,llama,40,E_general,self_attn.o_proj,0.025,18.0,opd,True,True,False,False,18.0,5.0,13.0,"{""offkd"": -2.0, ""opd"": 18.0, ""seqkd"": -6.0, ""sft"": 5.0}"
centered_r_epsilon_non_qk_modules,formal_rr3_llama_centered_audit,RR3_llama_centered_module.csv,centered_absolute_contraction,max_is_deepest,non_qk,llama,40,E_general,self_attn.o_proj,0.05,17.0,opd,True,True,False,False,17.0,5.0,12.0,"{""offkd"": -2.0, ""opd"": 17.0, ""seqkd"": -5.0, ""sft"": 5.0}"
centered_r_epsilon_non_qk_modules,formal_rr3_llama_centered_audit,RR3_llama_centered_module.csv,centered_absolute_contraction,max_is_deepest,non_qk,llama,40,E_general,self_attn.o_proj,0.1,15.0,opd,True,True,False,False,15.0,6.0,9.0,"{""offkd"": -2.0, ""opd"": 15.0, ""seqkd"": -5.0, ""sft"": 6.0}"
centered_r_epsilon_non_qk_modules,formal_rr3_llama_centered_audit,RR3_llama_centered_module.csv,centered_absolute_contraction,max_is_deepest,non_qk,llama,40,E_general,self_attn.v_proj,0.01,3.0,opd,True,True,False,False,3.0,1.0,2.0,"{""offkd"": 0.0, ""opd"": 3.0, ""seqkd"": 0.0, ""sft"": 1.0}"
centered_r_epsilon_non_qk_modules,formal_rr3_llama_centered_audit,RR3_llama_centered_module.csv,centered_absolute_contraction,max_is_deepest,non_qk,llama,40,E_general,self_attn.v_proj,0.025,4.0,opd,True,True,False,False,4.0,1.0,3.0,"{""offkd"": 0.0, ""opd"": 4.0, ""seqkd"": -1.0, ""sft"": 1.0}"
centered_r_epsilon_non_qk_modules,formal_rr3_llama_centered_audit,RR3_llama_centered_module.csv,centered_absolute_contraction,max_is_deepest,non_qk,llama,40,E_general,self_attn.v_proj,0.05,5.0,opd,True,True,False,False,5.0,1.0,4.0,"{""offkd"": 0.0, ""opd"": 5.0, ""seqkd"": -1.0, ""sft"": 1.0}"
centered_r_epsilon_non_qk_modules,formal_rr3_llama_centered_audit,RR3_llama_centered_module.csv,centered_absolute_contraction,max_is_deepest,non_qk,llama,40,E_general,self_attn.v_proj,0.1,6.0,opd,True,True,False,False,6.0,1.0,5.0,"{""offkd"": 0.0, ""opd"": 6.0, ""seqkd"": -1.0, ""sft"": 1.0}"
centered_r_epsilon_non_qk_modules,formal_rr3_llama_centered_audit,RR3_llama_centered_module.csv,centered_absolute_contraction,max_is_deepest,non_qk,llama,40,E_if,mlp.down_proj,0.01,17.0,opd,True,True,False,False,17.0,11.0,6.0,"{""offkd"": 10.0, ""opd"": 17.0, ""seqkd"": 11.0, ""sft"": 7.0}"
centered_r_epsilon_non_qk_modules,formal_rr3_llama_centered_audit,RR3_llama_centered_module.csv,centered_absolute_contraction,max_is_deepest,non_qk,llama,40,E_if,mlp.down_proj,0.025,24.0,opd,True,True,False,False,24.0,15.0,9.0,"{""offkd"": 14.0, ""opd"": 24.0, ""seqkd"": 15.0, ""sft"": 9.0}"
centered_r_epsilon_non_qk_modules,formal_rr3_llama_centered_audit,RR3_llama_centered_module.csv,centered_absolute_contraction,max_is_deepest,non_qk,llama,40,E_if,mlp.down_proj,0.05,28.0,opd,True,True,False,False,28.0,18.0,10.0,"{""offkd"": 17.0, ""opd"": 28.0, ""seqkd"": 18.0, ""sft"": 11.0}"
centered_r_epsilon_non_qk_modules,formal_rr3_llama_centered_audit,RR3_llama_centered_module.csv,centered_absolute_contraction,max_is_deepest,non_qk,llama,40,E_if,mlp.down_proj,0.1,28.0,opd,True,True,False,False,28.0,18.0,10.0,"{""offkd"": 17.0, ""opd"": 28.0, ""seqkd"": 18.0, ""sft"": 12.0}"
centered_r_epsilon_non_qk_modules,formal_rr3_llama_centered_audit,RR3_llama_centered_module.csv,centered_absolute_contraction,max_is_deepest,non_qk,llama,40,E_if,mlp.gate_proj,0.01,27.0,opd,True,True,False,False,27.0,11.0,16.0,"{""offkd"": 6.0, ""opd"": 27.0, ""seqkd"": 5.0, ""sft"": 11.0}"
centered_r_epsilon_non_qk_modules,formal_rr3_llama_centered_audit,RR3_llama_centered_module.csv,centered_absolute_contraction,max_is_deepest,non_qk,llama,40,E_if,mlp.gate_proj,0.025,31.0,opd,True,True,False,False,31.0,13.0,18.0,"{""offkd"": 9.0, ""opd"": 31.0, ""seqkd"": 7.0, ""sft"": 13.0}"
centered_r_epsilon_non_qk_modules,formal_rr3_llama_centered_audit,RR3_llama_centered_module.csv,centered_absolute_contraction,max_is_deepest,non_qk,llama,40,E_if,mlp.gate_proj,0.05,28.0,opd,True,True,False,False,28.0,11.0,17.0,"{""offkd"": 8.0, ""opd"": 28.0, ""seqkd"": 6.0, ""sft"": 11.0}"
centered_r_epsilon_non_qk_modules,formal_rr3_llama_centered_audit,RR3_llama_centered_module.csv,centered_absolute_contraction,max_is_deepest,non_qk,llama,40,E_if,mlp.gate_proj,0.1,21.0,opd,True,True,False,False,21.0,8.0,13.0,"{""offkd"": 6.0, ""opd"": 21.0, ""seqkd"": 5.0, ""sft"": 8.0}"
centered_r_epsilon_non_qk_modules,formal_rr3_llama_centered_audit,RR3_llama_centered_module.csv,centered_absolute_contraction,max_is_deepest,non_qk,llama,40,E_if,mlp.up_proj,0.01,23.0,opd,True,True,False,False,23.0,10.0,13.0,"{""offkd"": 7.0, ""opd"": 23.0, ""seqkd"": 6.0, ""sft"": 10.0}"
centered_r_epsilon_non_qk_modules,formal_rr3_llama_centered_audit,RR3_llama_centered_module.csv,centered_absolute_contraction,max_is_deepest,non_qk,llama,40,E_if,mlp.up_proj,0.025,29.0,opd,True,True,False,False,29.0,13.0,16.0,"{""offkd"": 11.0, ""opd"": 29.0, ""seqkd"": 9.0, ""sft"": 13.0}"
centered_r_epsilon_non_qk_modules,formal_rr3_llama_centered_audit,RR3_llama_centered_module.csv,centered_absolute_contraction,max_is_deepest,non_qk,llama,40,E_if,mlp.up_proj,0.05,30.0,opd,True,True,False,False,30.0,14.0,16.0,"{""offkd"": 11.0, ""opd"": 30.0, ""seqkd"": 10.0, ""sft"": 14.0}"
centered_r_epsilon_non_qk_modules,formal_rr3_llama_centered_audit,RR3_llama_centered_module.csv,centered_absolute_contraction,max_is_deepest,non_qk,llama,40,E_if,mlp.up_proj,0.1,26.0,opd,True,True,False,False,26.0,12.0,14.0,"{""offkd"": 10.0, ""opd"": 26.0, ""seqkd"": 8.0, ""sft"": 12.0}"
centered_r_epsilon_non_qk_modules,formal_rr3_llama_centered_audit,RR3_llama_centered_module.csv,centered_absolute_contraction,max_is_deepest,non_qk,llama,40,E_if,self_attn.o_proj,0.01,25.0,opd,True,True,False,False,25.0,6.0,19.0,"{""offkd"": -1.0, ""opd"": 25.0, ""seqkd"": -4.0, ""sft"": 6.0}"
centered_r_epsilon_non_qk_modules,formal_rr3_llama_centered_audit,RR3_llama_centered_module.csv,centered_absolute_contraction,max_is_deepest,non_qk,llama,40,E_if,self_attn.o_proj,0.025,24.0,opd,True,True,False,False,24.0,6.0,18.0,"{""offkd"": 0.0, ""opd"": 24.0, ""seqkd"": -4.0, ""sft"": 6.0}"
centered_r_epsilon_non_qk_modules,formal_rr3_llama_centered_audit,RR3_llama_centered_module.csv,centered_absolute_contraction,max_is_deepest,non_qk,llama,40,E_if,self_attn.o_proj,0.05,23.0,opd,True,True,False,False,23.0,7.0,16.0,"{""offkd"": 1.0, ""opd"": 23.0, ""seqkd"": -2.0, ""sft"": 7.0}"
centered_r_epsilon_non_qk_modules,formal_rr3_llama_centered_audit,RR3_llama_centered_module.csv,centered_absolute_contraction,max_is_deepest,non_qk,llama,40,E_if,self_attn.o_proj,0.1,20.0,opd,True,True,False,False,20.0,7.0,13.0,"{""offkd"": 1.0, ""opd"": 20.0, ""seqkd"": -1.0, ""sft"": 7.0}"
centered_r_epsilon_non_qk_modules,formal_rr3_llama_centered_audit,RR3_llama_centered_module.csv,centered_absolute_contraction,max_is_deepest,non_qk,llama,40,E_if,self_attn.v_proj,0.01,5.0,opd,True,True,False,False,5.0,2.0,3.0,"{""offkd"": 1.0, ""opd"": 5.0, ""seqkd"": 1.0, ""sft"": 2.0}"
centered_r_epsilon_non_qk_modules,formal_rr3_llama_centered_audit,RR3_llama_centered_module.csv,centered_absolute_contraction,max_is_deepest,non_qk,llama,40,E_if,self_attn.v_proj,0.025,7.0,opd,True,True,False,False,7.0,2.0,5.0,"{""offkd"": 2.0, ""opd"": 7.0, ""seqkd"": 2.0, ""sft"": 2.0}"
centered_r_epsilon_non_qk_modules,formal_rr3_llama_centered_audit,RR3_llama_centered_module.csv,centered_absolute_contraction,max_is_deepest,non_qk,llama,40,E_if,self_attn.v_proj,0.05,9.0,opd,True,True,False,False,9.0,3.0,6.0,"{""offkd"": 2.0, ""opd"": 9.0, ""seqkd"": 2.0, ""sft"": 3.0}"
centered_r_epsilon_non_qk_modules,formal_rr3_llama_centered_audit,RR3_llama_centered_module.csv,centered_absolute_contraction,max_is_deepest,non_qk,llama,40,E_if,self_attn.v_proj,0.1,10.0,opd,True,True,False,False,10.0,3.0,7.0,"{""offkd"": 3.0, ""opd"": 10.0, ""seqkd"": 2.0, ""sft"": 3.0}"
centered_r_epsilon_non_qk_modules,formal_rr3_llama_centered_audit,RR3_llama_centered_module.csv,centered_absolute_contraction,max_is_deepest,non_qk,llama,40,E_math,mlp.down_proj,0.01,18.0,opd,True,True,False,False,18.0,6.0,12.0,"{""offkd"": 3.0, ""opd"": 18.0, ""seqkd"": 1.0, ""sft"": 6.0}"
centered_r_epsilon_non_qk_modules,formal_rr3_llama_centered_audit,RR3_llama_centered_module.csv,centered_absolute_contraction,max_is_deepest,non_qk,llama,40,E_math,mlp.down_proj,0.025,19.0,opd,True,True,False,False,19.0,6.0,13.0,"{""offkd"": 3.0, ""opd"": 19.0, ""seqkd"": 1.0, ""sft"": 6.0}"
centered_r_epsilon_non_qk_modules,formal_rr3_llama_centered_audit,RR3_llama_centered_module.csv,centered_absolute_contraction,max_is_deepest,non_qk,llama,40,E_math,mlp.down_proj,0.05,18.0,opd,True,True,False,False,18.0,6.0,12.0,"{""offkd"": 3.0, ""opd"": 18.0, ""seqkd"": 1.0, ""sft"": 6.0}"
centered_r_epsilon_non_qk_modules,formal_rr3_llama_centered_audit,RR3_llama_centered_module.csv,centered_absolute_contraction,max_is_deepest,non_qk,llama,40,E_math,mlp.down_proj,0.1,16.0,opd,True,True,False,False,16.0,6.0,10.0,"{""offkd"": 3.0, ""opd"": 16.0, ""seqkd"": 2.0, ""sft"": 6.0}"
centered_r_epsilon_non_qk_modules,formal_rr3_llama_centered_audit,RR3_llama_centered_module.csv,centered_absolute_contraction,max_is_deepest,non_qk,llama,40,E_math,mlp.gate_proj,0.01,24.0,opd,True,True,False,False,24.0,9.0,15.0,"{""offkd"": 3.0, ""opd"": 24.0, ""seqkd"": 0.0, ""sft"": 9.0}"
centered_r_epsilon_non_qk_modules,formal_rr3_llama_centered_audit,RR3_llama_centered_module.csv,centered_absolute_contraction,max_is_deepest,non_qk,llama,40,E_math,mlp.gate_proj,0.025,22.0,opd,True,True,False,False,22.0,8.0,14.0,"{""offkd"": 2.0, ""opd"": 22.0, ""seqkd"": -1.0, ""sft"": 8.0}"
centered_r_epsilon_non_qk_modules,formal_rr3_llama_centered_audit,RR3_llama_centered_module.csv,centered_absolute_contraction,max_is_deepest,non_qk,llama,40,E_math,mlp.gate_proj,0.05,19.0,opd,True,True,False,False,19.0,7.0,12.0,"{""offkd"": 2.0, ""opd"": 19.0, ""seqkd"": 0.0, ""sft"": 7.0}"
centered_r_epsilon_non_qk_modules,formal_rr3_llama_centered_audit,RR3_llama_centered_module.csv,centered_absolute_contraction,max_is_deepest,non_qk,llama,40,E_math,mlp.gate_proj,0.1,13.0,opd,True,True,False,False,13.0,4.0,9.0,"{""offkd"": 1.0, ""opd"": 13.0, ""seqkd"": -1.0, ""sft"": 4.0}"
centered_r_epsilon_non_qk_modules,formal_rr3_llama_centered_audit,RR3_llama_centered_module.csv,centered_absolute_contraction,max_is_deepest,non_qk,llama,40,E_math,mlp.up_proj,0.01,20.0,opd,True,True,False,False,20.0,9.0,11.0,"{""offkd"": 3.0, ""opd"": 20.0, ""seqkd"": 1.0, ""sft"": 9.0}"
centered_r_epsilon_non_qk_modules,formal_rr3_llama_centered_audit,RR3_llama_centered_module.csv,centered_absolute_contraction,max_is_deepest,non_qk,llama,40,E_math,mlp.up_proj,0.025,20.0,opd,True,True,False,False,20.0,9.0,11.0,"{""offkd"": 3.0, ""opd"": 20.0, ""seqkd"": 0.0, ""sft"": 9.0}"
centered_r_epsilon_non_qk_modules,formal_rr3_llama_centered_audit,RR3_llama_centered_module.csv,centered_absolute_contraction,max_is_deepest,non_qk,llama,40,E_math,mlp.up_proj,0.05,19.0,opd,True,True,False,False,19.0,8.0,11.0,"{""offkd"": 3.0, ""opd"": 19.0, ""seqkd"": 0.0, ""sft"": 8.0}"
centered_r_epsilon_non_qk_modules,formal_rr3_llama_centered_audit,RR3_llama_centered_module.csv,centered_absolute_contraction,max_is_deepest,non_qk,llama,40,E_math,mlp.up_proj,0.1,15.0,opd,True,True,False,False,15.0,7.0,8.0,"{""offkd"": 2.0, ""opd"": 15.0, ""seqkd"": 0.0, ""sft"": 7.0}"
centered_r_epsilon_non_qk_modules,formal_rr3_llama_centered_audit,RR3_llama_centered_module.csv,centered_absolute_contraction,max_is_deepest,non_qk,llama,40,E_math,self_attn.o_proj,0.01,19.0,opd,True,True,False,False,19.0,6.0,13.0,"{""offkd"": -5.0, ""opd"": 19.0, ""seqkd"": -7.0, ""sft"": 6.0}"
centered_r_epsilon_non_qk_modules,formal_rr3_llama_centered_audit,RR3_llama_centered_module.csv,centered_absolute_contraction,max_is_deepest,non_qk,llama,40,E_math,self_attn.o_proj,0.025,17.0,opd,True,True,False,False,17.0,5.0,12.0,"{""offkd"": -5.0, ""opd"": 17.0, ""seqkd"": -8.0, ""sft"": 5.0}"
centered_r_epsilon_non_qk_modules,formal_rr3_llama_centered_audit,RR3_llama_centered_module.csv,centered_absolute_contraction,max_is_deepest,non_qk,llama,40,E_math,self_attn.o_proj,0.05,14.0,opd,True,True,False,False,14.0,5.0,9.0,"{""offkd"": -5.0, ""opd"": 14.0, ""seqkd"": -7.0, ""sft"": 5.0}"
centered_r_epsilon_non_qk_modules,formal_rr3_llama_centered_audit,RR3_llama_centered_module.csv,centered_absolute_contraction,max_is_deepest,non_qk,llama,40,E_math,self_attn.o_proj,0.1,11.0,opd,True,True,False,False,11.0,4.0,7.0,"{""offkd"": -4.0, ""opd"": 11.0, ""seqkd"": -6.0, ""sft"": 4.0}"
centered_r_epsilon_non_qk_modules,formal_rr3_llama_centered_audit,RR3_llama_centered_module.csv,centered_absolute_contraction,max_is_deepest,non_qk,llama,40,E_math,self_attn.v_proj,0.01,10.0,opd,True,True,False,False,10.0,4.0,6.0,"{""offkd"": 1.0, ""opd"": 10.0, ""seqkd"": 1.0, ""sft"": 4.0}"
centered_r_epsilon_non_qk_modules,formal_rr3_llama_centered_audit,RR3_llama_centered_module.csv,centered_absolute_contraction,max_is_deepest,non_qk,llama,40,E_math,self_attn.v_proj,0.025,10.0,opd,True,True,False,False,10.0,4.0,6.0,"{""offkd"": 2.0, ""opd"": 10.0, ""seqkd"": 0.0, ""sft"": 4.0}"
centered_r_epsilon_non_qk_modules,formal_rr3_llama_centered_audit,RR3_llama_centered_module.csv,centered_absolute_contraction,max_is_deepest,non_qk,llama,40,E_math,self_attn.v_proj,0.05,11.0,opd,True,True,False,False,11.0,4.0,7.0,"{""offkd"": 2.0, ""opd"": 11.0, ""seqkd"": 1.0, ""sft"": 4.0}"
centered_r_epsilon_non_qk_modules,formal_rr3_llama_centered_audit,RR3_llama_centered_module.csv,centered_absolute_contraction,max_is_deepest,non_qk,llama,40,E_math,self_attn.v_proj,0.1,9.0,opd,True,True,False,False,9.0,4.0,5.0,"{""offkd"": 1.0, ""opd"": 9.0, ""seqkd"": 0.0, ""sft"": 4.0}"
centered_r_epsilon_non_qk_modules,formal_rr3_llama_centered_audit,RR3_llama_centered_module.csv,centered_absolute_contraction,max_is_deepest,non_qk,llama,40,E_ood,mlp.down_proj,0.01,14.0,opd,True,True,False,False,14.0,4.0,10.0,"{""offkd"": 4.0, ""opd"": 14.0, ""seqkd"": 3.0, ""sft"": 3.0}"
centered_r_epsilon_non_qk_modules,formal_rr3_llama_centered_audit,RR3_llama_centered_module.csv,centered_absolute_contraction,max_is_deepest,non_qk,llama,40,E_ood,mlp.down_proj,0.025,20.0,opd,True,True,False,False,20.0,6.0,14.0,"{""offkd"": 6.0, ""opd"": 20.0, ""seqkd"": 5.0, ""sft"": 5.0}"
centered_r_epsilon_non_qk_modules,formal_rr3_llama_centered_audit,RR3_llama_centered_module.csv,centered_absolute_contraction,max_is_deepest,non_qk,llama,40,E_ood,mlp.down_proj,0.05,22.0,opd,True,True,False,False,22.0,6.0,16.0,"{""offkd"": 6.0, ""opd"": 22.0, ""seqkd"": 5.0, ""sft"": 5.0}"
centered_r_epsilon_non_qk_modules,formal_rr3_llama_centered_audit,RR3_llama_centered_module.csv,centered_absolute_contraction,max_is_deepest,non_qk,llama,40,E_ood,mlp.down_proj,0.1,23.0,opd,True,True,False,False,23.0,7.0,16.0,"{""offkd"": 7.0, ""opd"": 23.0, ""seqkd"": 5.0, ""sft"": 6.0}"
centered_r_epsilon_non_qk_modules,formal_rr3_llama_centered_audit,RR3_llama_centered_module.csv,centered_absolute_contraction,max_is_deepest,non_qk,llama,40,E_ood,mlp.gate_proj,0.01,34.0,opd,True,True,False,False,34.0,12.0,22.0,"{""offkd"": 7.0, ""opd"": 34.0, ""seqkd"": 2.0, ""sft"": 12.0}"
centered_r_epsilon_non_qk_modules,formal_rr3_llama_centered_audit,RR3_llama_centered_module.csv,centered_absolute_contraction,max_is_deepest,non_qk,llama,40,E_ood,mlp.gate_proj,0.025,40.0,opd,True,True,False,False,40.0,14.0,26.0,"{""offkd"": 8.0, ""opd"": 40.0, ""seqkd"": 3.0, ""sft"": 14.0}"
centered_r_epsilon_non_qk_modules,formal_rr3_llama_centered_audit,RR3_llama_centered_module.csv,centered_absolute_contraction,max_is_deepest,non_qk,llama,40,E_ood,mlp.gate_proj,0.05,39.0,opd,True,True,False,False,39.0,14.0,25.0,"{""offkd"": 8.0, ""opd"": 39.0, ""seqkd"": 3.0, ""sft"": 14.0}"
centered_r_epsilon_non_qk_modules,formal_rr3_llama_centered_audit,RR3_llama_centered_module.csv,centered_absolute_contraction,max_is_deepest,non_qk,llama,40,E_ood,mlp.gate_proj,0.1,32.0,opd,True,True,False,False,32.0,12.0,20.0,"{""offkd"": 7.0, ""opd"": 32.0, ""seqkd"": 3.0, ""sft"": 12.0}"
centered_r_epsilon_non_qk_modules,formal_rr3_llama_centered_audit,RR3_llama_centered_module.csv,centered_absolute_contraction,max_is_deepest,non_qk,llama,40,E_ood,mlp.up_proj,0.01,25.0,opd,True,True,False,False,25.0,11.0,14.0,"{""offkd"": 7.0, ""opd"": 25.0, ""seqkd"": 4.0, ""sft"": 11.0}"
centered_r_epsilon_non_qk_modules,formal_rr3_llama_centered_audit,RR3_llama_centered_module.csv,centered_absolute_contraction,max_is_deepest,non_qk,llama,40,E_ood,mlp.up_proj,0.025,31.0,opd,True,True,False,False,31.0,13.0,18.0,"{""offkd"": 8.0, ""opd"": 31.0, ""seqkd"": 4.0, ""sft"": 13.0}"
centered_r_epsilon_non_qk_modules,formal_rr3_llama_centered_audit,RR3_llama_centered_module.csv,centered_absolute_contraction,max_is_deepest,non_qk,llama,40,E_ood,mlp.up_proj,0.05,33.0,opd,True,True,False,False,33.0,14.0,19.0,"{""offkd"": 8.0, ""opd"": 33.0, ""seqkd"": 4.0, ""sft"": 14.0}"
centered_r_epsilon_non_qk_modules,formal_rr3_llama_centered_audit,RR3_llama_centered_module.csv,centered_absolute_contraction,max_is_deepest,non_qk,llama,40,E_ood,mlp.up_proj,0.1,32.0,opd,True,True,False,False,32.0,14.0,18.0,"{""offkd"": 8.0, ""opd"": 32.0, ""seqkd"": 4.0, ""sft"": 14.0}"
centered_r_epsilon_non_qk_modules,formal_rr3_llama_centered_audit,RR3_llama_centered_module.csv,centered_absolute_contraction,max_is_deepest,non_qk,llama,40,E_ood,self_attn.o_proj,0.01,27.0,opd,True,True,False,False,27.0,7.0,20.0,"{""offkd"": 2.0, ""opd"": 27.0, ""seqkd"": 0.0, ""sft"": 7.0}"
centered_r_epsilon_non_qk_modules,formal_rr3_llama_centered_audit,RR3_llama_centered_module.csv,centered_absolute_contraction,max_is_deepest,non_qk,llama,40,E_ood,self_attn.o_proj,0.025,26.0,opd,True,True,False,False,26.0,7.0,19.0,"{""offkd"": 2.0, ""opd"": 26.0, ""seqkd"": 0.0, ""sft"": 7.0}"
centered_r_epsilon_non_qk_modules,formal_rr3_llama_centered_audit,RR3_llama_centered_module.csv,centered_absolute_contraction,max_is_deepest,non_qk,llama,40,E_ood,self_attn.o_proj,0.05,24.0,opd,True,True,False,False,24.0,7.0,17.0,"{""offkd"": 2.0, ""opd"": 24.0, ""seqkd"": 1.0, ""sft"": 7.0}"
centered_r_epsilon_non_qk_modules,formal_rr3_llama_centered_audit,RR3_llama_centered_module.csv,centered_absolute_contraction,max_is_deepest,non_qk,llama,40,E_ood,self_attn.o_proj,0.1,19.0,opd,True,True,False,False,19.0,6.0,13.0,"{""offkd"": 1.0, ""opd"": 19.0, ""seqkd"": 0.0, ""sft"": 6.0}"
centered_r_epsilon_non_qk_modules,formal_rr3_llama_centered_audit,RR3_llama_centered_module.csv,centered_absolute_contraction,max_is_deepest,non_qk,llama,40,E_ood,self_attn.v_proj,0.01,6.0,opd,True,True,False,False,6.0,2.0,4.0,"{""offkd"": 1.0, ""opd"": 6.0, ""seqkd"": 1.0, ""sft"": 2.0}"
centered_r_epsilon_non_qk_modules,formal_rr3_llama_centered_audit,RR3_llama_centered_module.csv,centered_absolute_contraction,max_is_deepest,non_qk,llama,40,E_ood,self_attn.v_proj,0.025,8.0,opd,True,True,False,False,8.0,3.0,5.0,"{""offkd"": 2.0, ""opd"": 8.0, ""seqkd"": 1.0, ""sft"": 3.0}"
centered_r_epsilon_non_qk_modules,formal_rr3_llama_centered_audit,RR3_llama_centered_module.csv,centered_absolute_contraction,max_is_deepest,non_qk,llama,40,E_ood,self_attn.v_proj,0.05,10.0,opd,True,True,False,False,10.0,3.0,7.0,"{""offkd"": 2.0, ""opd"": 10.0, ""seqkd"": 2.0, ""sft"": 3.0}"
centered_r_epsilon_non_qk_modules,formal_rr3_llama_centered_audit,RR3_llama_centered_module.csv,centered_absolute_contraction,max_is_deepest,non_qk,llama,40,E_ood,self_attn.v_proj,0.1,11.0,opd,True,True,False,False,11.0,3.0,8.0,"{""offkd"": 3.0, ""opd"": 11.0, ""seqkd"": 2.0, ""sft"": 3.0}"
centered_r_epsilon_non_qk_modules,formal_rr3_llama_centered_audit,RR3_llama_centered_module.csv,centered_absolute_contraction,max_is_deepest,non_qk,llama,80,E_general,mlp.down_proj,0.01,8.0,opd,True,True,False,False,8.0,2.0,6.0,"{""offkd"": 2.0, ""opd"": 8.0, ""seqkd"": 1.0, ""sft"": 2.0}"
centered_r_epsilon_non_qk_modules,formal_rr3_llama_centered_audit,RR3_llama_centered_module.csv,centered_absolute_contraction,max_is_deepest,non_qk,llama,80,E_general,mlp.down_proj,0.025,11.0,opd,True,True,False,False,11.0,3.0,8.0,"{""offkd"": 2.0, ""opd"": 11.0, ""seqkd"": 0.0, ""sft"": 3.0}"
centered_r_epsilon_non_qk_modules,formal_rr3_llama_centered_audit,RR3_llama_centered_module.csv,centered_absolute_contraction,max_is_deepest,non_qk,llama,80,E_general,mlp.down_proj,0.05,13.0,opd,True,True,False,False,13.0,4.0,9.0,"{""offkd"": 3.0, ""opd"": 13.0, ""seqkd"": 1.0, ""sft"": 4.0}"
centered_r_epsilon_non_qk_modules,formal_rr3_llama_centered_audit,RR3_llama_centered_module.csv,centered_absolute_contraction,max_is_deepest,non_qk,llama,80,E_general,mlp.down_proj,0.1,14.0,opd,True,True,False,False,14.0,3.0,11.0,"{""offkd"": 2.0, ""opd"": 14.0, ""seqkd"": 0.0, ""sft"": 3.0}"
centered_r_epsilon_non_qk_modules,formal_rr3_llama_centered_audit,RR3_llama_centered_module.csv,centered_absolute_contraction,max_is_deepest,non_qk,llama,80,E_general,mlp.gate_proj,0.01,19.0,opd,True,True,False,False,19.0,8.0,11.0,"{""offkd"": 0.0, ""opd"": 19.0, ""seqkd"": -5.0, ""sft"": 8.0}"
centered_r_epsilon_non_qk_modules,formal_rr3_llama_centered_audit,RR3_llama_centered_module.csv,centered_absolute_contraction,max_is_deepest,non_qk,llama,80,E_general,mlp.gate_proj,0.025,22.0,opd,True,True,False,False,22.0,9.0,13.0,"{""offkd"": 0.0, ""opd"": 22.0, ""seqkd"": -5.0, ""sft"": 9.0}"
centered_r_epsilon_non_qk_modules,formal_rr3_llama_centered_audit,RR3_llama_centered_module.csv,centered_absolute_contraction,max_is_deepest,non_qk,llama,80,E_general,mlp.gate_proj,0.05,21.0,opd,True,True,False,False,21.0,9.0,12.0,"{""offkd"": 0.0, ""opd"": 21.0, ""seqkd"": -5.0, ""sft"": 9.0}"
centered_r_epsilon_non_qk_modules,formal_rr3_llama_centered_audit,RR3_llama_centered_module.csv,centered_absolute_contraction,max_is_deepest,non_qk,llama,80,E_general,mlp.gate_proj,0.1,18.0,opd,True,True,False,False,18.0,8.0,10.0,"{""offkd"": 1.0, ""opd"": 18.0, ""seqkd"": -3.0, ""sft"": 8.0}"
centered_r_epsilon_non_qk_modules,formal_rr3_llama_centered_audit,RR3_llama_centered_module.csv,centered_absolute_contraction,max_is_deepest,non_qk,llama,80,E_general,mlp.up_proj,0.01,14.0,opd,True,True,False,False,14.0,5.0,9.0,"{""offkd"": 0.0, ""opd"": 14.0, ""seqkd"": -3.0, ""sft"": 5.0}"
centered_r_epsilon_non_qk_modules,formal_rr3_llama_centered_audit,RR3_llama_centered_module.csv,centered_absolute_contraction,max_is_deepest,non_qk,llama,80,E_general,mlp.up_proj,0.025,18.0,opd,True,True,False,False,18.0,7.0,11.0,"{""offkd"": 0.0, ""opd"": 18.0, ""seqkd"": -3.0, ""sft"": 7.0}"
centered_r_epsilon_non_qk_modules,formal_rr3_llama_centered_audit,RR3_llama_centered_module.csv,centered_absolute_contraction,max_is_deepest,non_qk,llama,80,E_general,mlp.up_proj,0.05,20.0,opd,True,True,False,False,20.0,9.0,11.0,"{""offkd"": 1.0, ""opd"": 20.0, ""seqkd"": -3.0, ""sft"": 9.0}"
centered_r_epsilon_non_qk_modules,formal_rr3_llama_centered_audit,RR3_llama_centered_module.csv,centered_absolute_contraction,max_is_deepest,non_qk,llama,80,E_general,mlp.up_proj,0.1,19.0,opd,True,True,False,False,19.0,9.0,10.0,"{""offkd"": 1.0, ""opd"": 19.0, ""seqkd"": -3.0, ""sft"": 9.0}"
centered_r_epsilon_non_qk_modules,formal_rr3_llama_centered_audit,RR3_llama_centered_module.csv,centered_absolute_contraction,max_is_deepest,non_qk,llama,80,E_general,self_attn.o_proj,0.01,21.0,opd,True,True,False,False,21.0,7.0,14.0,"{""offkd"": -3.0, ""opd"": 21.0, ""seqkd"": -8.0, ""sft"": 7.0}"
centered_r_epsilon_non_qk_modules,formal_rr3_llama_centered_audit,RR3_llama_centered_module.csv,centered_absolute_contraction,max_is_deepest,non_qk,llama,80,E_general,self_attn.o_proj,0.025,19.0,opd,True,True,False,False,19.0,7.0,12.0,"{""offkd"": -4.0, ""opd"": 19.0, ""seqkd"": -9.0, ""sft"": 7.0}"
centered_r_epsilon_non_qk_modules,formal_rr3_llama_centered_audit,RR3_llama_centered_module.csv,centered_absolute_contraction,max_is_deepest,non_qk,llama,80,E_general,self_attn.o_proj,0.05,18.0,opd,True,True,False,False,18.0,8.0,10.0,"{""offkd"": -3.0, ""opd"": 18.0, ""seqkd"": -8.0, ""sft"": 8.0}"
centered_r_epsilon_non_qk_modules,formal_rr3_llama_centered_audit,RR3_llama_centered_module.csv,centered_absolute_contraction,max_is_deepest,non_qk,llama,80,E_general,self_attn.o_proj,0.1,16.0,opd,True,True,False,False,16.0,8.0,8.0,"{""offkd"": -3.0, ""opd"": 16.0, ""seqkd"": -8.0, ""sft"": 8.0}"
centered_r_epsilon_non_qk_modules,formal_rr3_llama_centered_audit,RR3_llama_centered_module.csv,centered_absolute_contraction,max_is_deepest,non_qk,llama,80,E_general,self_attn.v_proj,0.01,3.0,opd,True,True,False,False,3.0,1.0,2.0,"{""offkd"": 0.0, ""opd"": 3.0, ""seqkd"": -1.0, ""sft"": 1.0}"
centered_r_epsilon_non_qk_modules,formal_rr3_llama_centered_audit,RR3_llama_centered_module.csv,centered_absolute_contraction,max_is_deepest,non_qk,llama,80,E_general,self_attn.v_proj,0.025,4.0,opd,True,True,False,False,4.0,1.0,3.0,"{""offkd"": -1.0, ""opd"": 4.0, ""seqkd"": -1.0, ""sft"": 1.0}"
centered_r_epsilon_non_qk_modules,formal_rr3_llama_centered_audit,RR3_llama_centered_module.csv,centered_absolute_contraction,max_is_deepest,non_qk,llama,80,E_general,self_attn.v_proj,0.05,6.0,opd,True,True,False,False,6.0,2.0,4.0,"{""offkd"": -1.0, ""opd"": 6.0, ""seqkd"": -1.0, ""sft"": 2.0}"
centered_r_epsilon_non_qk_modules,formal_rr3_llama_centered_audit,RR3_llama_centered_module.csv,centered_absolute_contraction,max_is_deepest,non_qk,llama,80,E_general,self_attn.v_proj,0.1,7.0,opd,True,True,False,False,7.0,2.0,5.0,"{""offkd"": 0.0, ""opd"": 7.0, ""seqkd"": -1.0, ""sft"": 2.0}"
centered_r_epsilon_non_qk_modules,formal_rr3_llama_centered_audit,RR3_llama_centered_module.csv,centered_absolute_contraction,max_is_deepest,non_qk,llama,80,E_if,mlp.down_proj,0.01,22.0,opd,True,True,False,False,22.0,12.0,10.0,"{""offkd"": 12.0, ""opd"": 22.0, ""seqkd"": 11.0, ""sft"": 11.0}"
centered_r_epsilon_non_qk_modules,formal_rr3_llama_centered_audit,RR3_llama_centered_module.csv,centered_absolute_contraction,max_is_deepest,non_qk,llama,80,E_if,mlp.down_proj,0.025,29.0,opd,True,True,False,False,29.0,16.0,13.0,"{""offkd"": 16.0, ""opd"": 29.0, ""seqkd"": 16.0, ""sft"": 15.0}"
centered_r_epsilon_non_qk_modules,formal_rr3_llama_centered_audit,RR3_llama_centered_module.csv,centered_absolute_contraction,max_is_deepest,non_qk,llama,80,E_if,mlp.down_proj,0.05,34.0,opd,True,True,False,False,34.0,20.0,14.0,"{""offkd"": 20.0, ""opd"": 34.0, ""seqkd"": 19.0, ""sft"": 18.0}"
centered_r_epsilon_non_qk_modules,formal_rr3_llama_centered_audit,RR3_llama_centered_module.csv,centered_absolute_contraction,max_is_deepest,non_qk,llama,80,E_if,mlp.down_proj,0.1,34.0,opd,True,True,False,False,34.0,20.0,14.0,"{""offkd"": 20.0, ""opd"": 34.0, ""seqkd"": 19.0, ""sft"": 19.0}"
centered_r_epsilon_non_qk_modules,formal_rr3_llama_centered_audit,RR3_llama_centered_module.csv,centered_absolute_contraction,max_is_deepest,non_qk,llama,80,E_if,mlp.gate_proj,0.01,31.0,opd,True,True,False,False,31.0,17.0,14.0,"{""offkd"": 8.0, ""opd"": 31.0, ""seqkd"": 2.0, ""sft"": 17.0}"
centered_r_epsilon_non_qk_modules,formal_rr3_llama_centered_audit,RR3_llama_centered_module.csv,centered_absolute_contraction,max_is_deepest,non_qk,llama,80,E_if,mlp.gate_proj,0.025,35.0,opd,True,True,False,False,35.0,20.0,15.0,"{""offkd"": 10.0, ""opd"": 35.0, ""seqkd"": 4.0, ""sft"": 20.0}"
centered_r_epsilon_non_qk_modules,formal_rr3_llama_centered_audit,RR3_llama_centered_module.csv,centered_absolute_contraction,max_is_deepest,non_qk,llama,80,E_if,mlp.gate_proj,0.05,32.0,opd,True,True,False,False,32.0,19.0,13.0,"{""offkd"": 10.0, ""opd"": 32.0, ""seqkd"": 4.0, ""sft"": 19.0}"
centered_r_epsilon_non_qk_modules,formal_rr3_llama_centered_audit,RR3_llama_centered_module.csv,centered_absolute_contraction,max_is_deepest,non_qk,llama,80,E_if,mlp.gate_proj,0.1,23.0,opd,True,True,False,False,23.0,14.0,9.0,"{""offkd"": 8.0, ""opd"": 23.0, ""seqkd"": 4.0, ""sft"": 14.0}"
centered_r_epsilon_non_qk_modules,formal_rr3_llama_centered_audit,RR3_llama_centered_module.csv,centered_absolute_contraction,max_is_deepest,non_qk,llama,80,E_if,mlp.up_proj,0.01,27.0,opd,True,True,False,False,27.0,15.0,12.0,"{""offkd"": 9.0, ""opd"": 27.0, ""seqkd"": 5.0, ""sft"": 15.0}"
centered_r_epsilon_non_qk_modules,formal_rr3_llama_centered_audit,RR3_llama_centered_module.csv,centered_absolute_contraction,max_is_deepest,non_qk,llama,80,E_if,mlp.up_proj,0.025,35.0,opd,True,True,False,False,35.0,20.0,15.0,"{""offkd"": 13.0, ""opd"": 35.0, ""seqkd"": 8.0, ""sft"": 20.0}"
centered_r_epsilon_non_qk_modules,formal_rr3_llama_centered_audit,RR3_llama_centered_module.csv,centered_absolute_contraction,max_is_deepest,non_qk,llama,80,E_if,mlp.up_proj,0.05,36.0,opd,True,True,False,False,36.0,21.0,15.0,"{""offkd"": 13.0, ""opd"": 36.0, ""seqkd"": 8.0, ""sft"": 21.0}"
centered_r_epsilon_non_qk_modules,formal_rr3_llama_centered_audit,RR3_llama_centered_module.csv,centered_absolute_contraction,max_is_deepest,non_qk,llama,80,E_if,mlp.up_proj,0.1,32.0,opd,True,True,False,False,32.0,18.0,14.0,"{""offkd"": 12.0, ""opd"": 32.0, ""seqkd"": 7.0, ""sft"": 18.0}"
centered_r_epsilon_non_qk_modules,formal_rr3_llama_centered_audit,RR3_llama_centered_module.csv,centered_absolute_contraction,max_is_deepest,non_qk,llama,80,E_if,self_attn.o_proj,0.01,26.0,opd,True,True,False,False,26.0,8.0,18.0,"{""offkd"": -2.0, ""opd"": 26.0, ""seqkd"": -8.0, ""sft"": 8.0}"
centered_r_epsilon_non_qk_modules,formal_rr3_llama_centered_audit,RR3_llama_centered_module.csv,centered_absolute_contraction,max_is_deepest,non_qk,llama,80,E_if,self_attn.o_proj,0.025,25.0,opd,True,True,False,False,25.0,9.0,16.0,"{""offkd"": -2.0, ""opd"": 25.0, ""seqkd"": -8.0, ""sft"": 9.0}"
centered_r_epsilon_non_qk_modules,formal_rr3_llama_centered_audit,RR3_llama_centered_module.csv,centered_absolute_contraction,max_is_deepest,non_qk,llama,80,E_if,self_attn.o_proj,0.05,23.0,opd,True,True,False,False,23.0,10.0,13.0,"{""offkd"": 0.0, ""opd"": 23.0, ""seqkd"": -6.0, ""sft"": 10.0}"
centered_r_epsilon_non_qk_modules,formal_rr3_llama_centered_audit,RR3_llama_centered_module.csv,centered_absolute_contraction,max_is_deepest,non_qk,llama,80,E_if,self_attn.o_proj,0.1,20.0,opd,True,True,False,False,20.0,10.0,10.0,"{""offkd"": 1.0, ""opd"": 20.0, ""seqkd"": -5.0, ""sft"": 10.0}"
centered_r_epsilon_non_qk_modules,formal_rr3_llama_centered_audit,RR3_llama_centered_module.csv,centered_absolute_contraction,max_is_deepest,non_qk,llama,80,E_if,self_attn.v_proj,0.01,6.0,opd,True,True,False,False,6.0,3.0,3.0,"{""offkd"": 1.0, ""opd"": 6.0, ""seqkd"": 0.0, ""sft"": 3.0}"
centered_r_epsilon_non_qk_modules,formal_rr3_llama_centered_audit,RR3_llama_centered_module.csv,centered_absolute_contraction,max_is_deepest,non_qk,llama,80,E_if,self_attn.v_proj,0.025,9.0,opd,True,True,False,False,9.0,4.0,5.0,"{""offkd"": 1.0, ""opd"": 9.0, ""seqkd"": 1.0, ""sft"": 4.0}"
centered_r_epsilon_non_qk_modules,formal_rr3_llama_centered_audit,RR3_llama_centered_module.csv,centered_absolute_contraction,max_is_deepest,non_qk,llama,80,E_if,self_attn.v_proj,0.05,10.0,opd,True,True,False,False,10.0,5.0,5.0,"{""offkd"": 2.0, ""opd"": 10.0, ""seqkd"": 1.0, ""sft"": 5.0}"
centered_r_epsilon_non_qk_modules,formal_rr3_llama_centered_audit,RR3_llama_centered_module.csv,centered_absolute_contraction,max_is_deepest,non_qk,llama,80,E_if,self_attn.v_proj,0.1,11.0,opd,True,True,False,False,11.0,5.0,6.0,"{""offkd"": 2.0, ""opd"": 11.0, ""seqkd"": 1.0, ""sft"": 5.0}"
centered_r_epsilon_non_qk_modules,formal_rr3_llama_centered_audit,RR3_llama_centered_module.csv,centered_absolute_contraction,max_is_deepest,non_qk,llama,80,E_math,mlp.down_proj,0.01,19.0,opd,True,True,False,False,19.0,8.0,11.0,"{""offkd"": 5.0, ""opd"": 19.0, ""seqkd"": 3.0, ""sft"": 8.0}"
centered_r_epsilon_non_qk_modules,formal_rr3_llama_centered_audit,RR3_llama_centered_module.csv,centered_absolute_contraction,max_is_deepest,non_qk,llama,80,E_math,mlp.down_proj,0.025,19.0,opd,True,True,False,False,19.0,8.0,11.0,"{""offkd"": 5.0, ""opd"": 19.0, ""seqkd"": 3.0, ""sft"": 8.0}"
centered_r_epsilon_non_qk_modules,formal_rr3_llama_centered_audit,RR3_llama_centered_module.csv,centered_absolute_contraction,max_is_deepest,non_qk,llama,80,E_math,mlp.down_proj,0.05,19.0,opd,True,True,False,False,19.0,8.0,11.0,"{""offkd"": 6.0, ""opd"": 19.0, ""seqkd"": 3.0, ""sft"": 8.0}"
centered_r_epsilon_non_qk_modules,formal_rr3_llama_centered_audit,RR3_llama_centered_module.csv,centered_absolute_contraction,max_is_deepest,non_qk,llama,80,E_math,mlp.down_proj,0.1,17.0,opd,True,True,False,False,17.0,8.0,9.0,"{""offkd"": 6.0, ""opd"": 17.0, ""seqkd"": 4.0, ""sft"": 8.0}"
centered_r_epsilon_non_qk_modules,formal_rr3_llama_centered_audit,RR3_llama_centered_module.csv,centered_absolute_contraction,max_is_deepest,non_qk,llama,80,E_math,mlp.gate_proj,0.01,25.0,opd,True,True,False,False,25.0,13.0,12.0,"{""offkd"": 5.0, ""opd"": 25.0, ""seqkd"": 1.0, ""sft"": 13.0}"
centered_r_epsilon_non_qk_modules,formal_rr3_llama_centered_audit,RR3_llama_centered_module.csv,centered_absolute_contraction,max_is_deepest,non_qk,llama,80,E_math,mlp.gate_proj,0.025,23.0,opd,True,True,False,False,23.0,12.0,11.0,"{""offkd"": 4.0, ""opd"": 23.0, ""seqkd"": 0.0, ""sft"": 12.0}"
centered_r_epsilon_non_qk_modules,formal_rr3_llama_centered_audit,RR3_llama_centered_module.csv,centered_absolute_contraction,max_is_deepest,non_qk,llama,80,E_math,mlp.gate_proj,0.05,20.0,opd,True,True,False,False,20.0,11.0,9.0,"{""offkd"": 4.0, ""opd"": 20.0, ""seqkd"": 1.0, ""sft"": 11.0}"
centered_r_epsilon_non_qk_modules,formal_rr3_llama_centered_audit,RR3_llama_centered_module.csv,centered_absolute_contraction,max_is_deepest,non_qk,llama,80,E_math,mlp.gate_proj,0.1,13.0,opd,True,True,False,False,13.0,7.0,6.0,"{""offkd"": 2.0, ""opd"": 13.0, ""seqkd"": 0.0, ""sft"": 7.0}"
centered_r_epsilon_non_qk_modules,formal_rr3_llama_centered_audit,RR3_llama_centered_module.csv,centered_absolute_contraction,max_is_deepest,non_qk,llama,80,E_math,mlp.up_proj,0.01,23.0,opd,True,True,False,False,23.0,12.0,11.0,"{""offkd"": 5.0, ""opd"": 23.0, ""seqkd"": 1.0, ""sft"": 12.0}"
centered_r_epsilon_non_qk_modules,formal_rr3_llama_centered_audit,RR3_llama_centered_module.csv,centered_absolute_contraction,max_is_deepest,non_qk,llama,80,E_math,mlp.up_proj,0.025,22.0,opd,True,True,False,False,22.0,12.0,10.0,"{""offkd"": 5.0, ""opd"": 22.0, ""seqkd"": 1.0, ""sft"": 12.0}"
centered_r_epsilon_non_qk_modules,formal_rr3_llama_centered_audit,RR3_llama_centered_module.csv,centered_absolute_contraction,max_is_deepest,non_qk,llama,80,E_math,mlp.up_proj,0.05,21.0,opd,True,True,False,False,21.0,11.0,10.0,"{""offkd"": 5.0, ""opd"": 21.0, ""seqkd"": 1.0, ""sft"": 11.0}"
centered_r_epsilon_non_qk_modules,formal_rr3_llama_centered_audit,RR3_llama_centered_module.csv,centered_absolute_contraction,max_is_deepest,non_qk,llama,80,E_math,mlp.up_proj,0.1,16.0,opd,True,True,False,False,16.0,10.0,6.0,"{""offkd"": 4.0, ""opd"": 16.0, ""seqkd"": 1.0, ""sft"": 10.0}"
centered_r_epsilon_non_qk_modules,formal_rr3_llama_centered_audit,RR3_llama_centered_module.csv,centered_absolute_contraction,max_is_deepest,non_qk,llama,80,E_math,self_attn.o_proj,0.01,19.0,opd,True,True,False,False,19.0,9.0,10.0,"{""offkd"": -7.0, ""opd"": 19.0, ""seqkd"": -10.0, ""sft"": 9.0}"
centered_r_epsilon_non_qk_modules,formal_rr3_llama_centered_audit,RR3_llama_centered_module.csv,centered_absolute_contraction,max_is_deepest,non_qk,llama,80,E_math,self_attn.o_proj,0.025,16.0,opd,True,True,False,False,16.0,8.0,8.0,"{""offkd"": -7.0, ""opd"": 16.0, ""seqkd"": -10.0, ""sft"": 8.0}"
centered_r_epsilon_non_qk_modules,formal_rr3_llama_centered_audit,RR3_llama_centered_module.csv,centered_absolute_contraction,max_is_deepest,non_qk,llama,80,E_math,self_attn.o_proj,0.05,13.0,opd,True,True,False,False,13.0,7.0,6.0,"{""offkd"": -6.0, ""opd"": 13.0, ""seqkd"": -9.0, ""sft"": 7.0}"
centered_r_epsilon_non_qk_modules,formal_rr3_llama_centered_audit,RR3_llama_centered_module.csv,centered_absolute_contraction,max_is_deepest,non_qk,llama,80,E_math,self_attn.o_proj,0.1,10.0,opd,True,True,False,False,10.0,6.0,4.0,"{""offkd"": -5.0, ""opd"": 10.0, ""seqkd"": -8.0, ""sft"": 6.0}"
centered_r_epsilon_non_qk_modules,formal_rr3_llama_centered_audit,RR3_llama_centered_module.csv,centered_absolute_contraction,max_is_deepest,non_qk,llama,80,E_math,self_attn.v_proj,0.01,12.0,opd,True,True,False,False,12.0,6.0,6.0,"{""offkd"": 2.0, ""opd"": 12.0, ""seqkd"": 1.0, ""sft"": 6.0}"
centered_r_epsilon_non_qk_modules,formal_rr3_llama_centered_audit,RR3_llama_centered_module.csv,centered_absolute_contraction,max_is_deepest,non_qk,llama,80,E_math,self_attn.v_proj,0.025,12.0,opd,True,True,False,False,12.0,6.0,6.0,"{""offkd"": 2.0, ""opd"": 12.0, ""seqkd"": 1.0, ""sft"": 6.0}"
centered_r_epsilon_non_qk_modules,formal_rr3_llama_centered_audit,RR3_llama_centered_module.csv,centered_absolute_contraction,max_is_deepest,non_qk,llama,80,E_math,self_attn.v_proj,0.05,12.0,opd,True,True,False,False,12.0,6.0,6.0,"{""offkd"": 3.0, ""opd"": 12.0, ""seqkd"": 1.0, ""sft"": 6.0}"
centered_r_epsilon_non_qk_modules,formal_rr3_llama_centered_audit,RR3_llama_centered_module.csv,centered_absolute_contraction,max_is_deepest,non_qk,llama,80,E_math,self_attn.v_proj,0.1,10.0,opd,True,True,False,False,10.0,5.0,5.0,"{""offkd"": 2.0, ""opd"": 10.0, ""seqkd"": 0.0, ""sft"": 5.0}"
centered_r_epsilon_non_qk_modules,formal_rr3_llama_centered_audit,RR3_llama_centered_module.csv,centered_absolute_contraction,max_is_deepest,non_qk,llama,80,E_ood,mlp.down_proj,0.01,18.0,opd,True,True,False,False,18.0,6.0,12.0,"{""offkd"": 6.0, ""opd"": 18.0, ""seqkd"": 5.0, ""sft"": 6.0}"
centered_r_epsilon_non_qk_modules,formal_rr3_llama_centered_audit,RR3_llama_centered_module.csv,centered_absolute_contraction,max_is_deepest,non_qk,llama,80,E_ood,mlp.down_proj,0.025,25.0,opd,True,True,False,False,25.0,9.0,16.0,"{""offkd"": 9.0, ""opd"": 25.0, ""seqkd"": 7.0, ""sft"": 8.0}"
centered_r_epsilon_non_qk_modules,formal_rr3_llama_centered_audit,RR3_llama_centered_module.csv,centered_absolute_contraction,max_is_deepest,non_qk,llama,80,E_ood,mlp.down_proj,0.05,28.0,opd,True,True,False,False,28.0,10.0,18.0,"{""offkd"": 10.0, ""opd"": 28.0, ""seqkd"": 8.0, ""sft"": 10.0}"
centered_r_epsilon_non_qk_modules,formal_rr3_llama_centered_audit,RR3_llama_centered_module.csv,centered_absolute_contraction,max_is_deepest,non_qk,llama,80,E_ood,mlp.down_proj,0.1,29.0,opd,True,True,False,False,29.0,11.0,18.0,"{""offkd"": 11.0, ""opd"": 29.0, ""seqkd"": 9.0, ""sft"": 11.0}"
centered_r_epsilon_non_qk_modules,formal_rr3_llama_centered_audit,RR3_llama_centered_module.csv,centered_absolute_contraction,max_is_deepest,non_qk,llama,80,E_ood,mlp.gate_proj,0.01,43.0,opd,True,True,False,False,43.0,16.0,27.0,"{""offkd"": 9.0, ""opd"": 43.0, ""seqkd"": 3.0, ""sft"": 16.0}"
centered_r_epsilon_non_qk_modules,formal_rr3_llama_centered_audit,RR3_llama_centered_module.csv,centered_absolute_contraction,max_is_deepest,non_qk,llama,80,E_ood,mlp.gate_proj,0.025,49.0,opd,True,True,False,False,49.0,18.0,31.0,"{""offkd"": 12.0, ""opd"": 49.0, ""seqkd"": 4.0, ""sft"": 18.0}"
centered_r_epsilon_non_qk_modules,formal_rr3_llama_centered_audit,RR3_llama_centered_module.csv,centered_absolute_contraction,max_is_deepest,non_qk,llama,80,E_ood,mlp.gate_proj,0.05,48.0,opd,True,True,False,False,48.0,18.0,30.0,"{""offkd"": 12.0, ""opd"": 48.0, ""seqkd"": 4.0, ""sft"": 18.0}"
centered_r_epsilon_non_qk_modules,formal_rr3_llama_centered_audit,RR3_llama_centered_module.csv,centered_absolute_contraction,max_is_deepest,non_qk,llama,80,E_ood,mlp.gate_proj,0.1,39.0,opd,True,True,False,False,39.0,15.0,24.0,"{""offkd"": 10.0, ""opd"": 39.0, ""seqkd"": 4.0, ""sft"": 15.0}"
centered_r_epsilon_non_qk_modules,formal_rr3_llama_centered_audit,RR3_llama_centered_module.csv,centered_absolute_contraction,max_is_deepest,non_qk,llama,80,E_ood,mlp.up_proj,0.01,33.0,opd,True,True,False,False,33.0,13.0,20.0,"{""offkd"": 9.0, ""opd"": 33.0, ""seqkd"": 5.0, ""sft"": 13.0}"
centered_r_epsilon_non_qk_modules,formal_rr3_llama_centered_audit,RR3_llama_centered_module.csv,centered_absolute_contraction,max_is_deepest,non_qk,llama,80,E_ood,mlp.up_proj,0.025,40.0,opd,True,True,False,False,40.0,17.0,23.0,"{""offkd"": 11.0, ""opd"": 40.0, ""seqkd"": 5.0, ""sft"": 17.0}"
centered_r_epsilon_non_qk_modules,formal_rr3_llama_centered_audit,RR3_llama_centered_module.csv,centered_absolute_contraction,max_is_deepest,non_qk,llama,80,E_ood,mlp.up_proj,0.05,44.0,opd,True,True,False,False,44.0,18.0,26.0,"{""offkd"": 12.0, ""opd"": 44.0, ""seqkd"": 6.0, ""sft"": 18.0}"
centered_r_epsilon_non_qk_modules,formal_rr3_llama_centered_audit,RR3_llama_centered_module.csv,centered_absolute_contraction,max_is_deepest,non_qk,llama,80,E_ood,mlp.up_proj,0.1,42.0,opd,True,True,False,False,42.0,18.0,24.0,"{""offkd"": 11.0, ""opd"": 42.0, ""seqkd"": 6.0, ""sft"": 18.0}"
centered_r_epsilon_non_qk_modules,formal_rr3_llama_centered_audit,RR3_llama_centered_module.csv,centered_absolute_contraction,max_is_deepest,non_qk,llama,80,E_ood,self_attn.o_proj,0.01,31.0,opd,True,True,False,False,31.0,12.0,19.0,"{""offkd"": 4.0, ""opd"": 31.0, ""seqkd"": 0.0, ""sft"": 12.0}"
centered_r_epsilon_non_qk_modules,formal_rr3_llama_centered_audit,RR3_llama_centered_module.csv,centered_absolute_contraction,max_is_deepest,non_qk,llama,80,E_ood,self_attn.o_proj,0.025,30.0,opd,True,True,False,False,30.0,13.0,17.0,"{""offkd"": 4.0, ""opd"": 30.0, ""seqkd"": -1.0, ""sft"": 13.0}"
centered_r_epsilon_non_qk_modules,formal_rr3_llama_centered_audit,RR3_llama_centered_module.csv,centered_absolute_contraction,max_is_deepest,non_qk,llama,80,E_ood,self_attn.o_proj,0.05,27.0,opd,True,True,False,False,27.0,13.0,14.0,"{""offkd"": 4.0, ""opd"": 27.0, ""seqkd"": 0.0, ""sft"": 13.0}"
centered_r_epsilon_non_qk_modules,formal_rr3_llama_centered_audit,RR3_llama_centered_module.csv,centered_absolute_contraction,max_is_deepest,non_qk,llama,80,E_ood,self_attn.o_proj,0.1,22.0,opd,True,True,False,False,22.0,11.0,11.0,"{""offkd"": 3.0, ""opd"": 22.0, ""seqkd"": 0.0, ""sft"": 11.0}"
centered_r_epsilon_non_qk_modules,formal_rr3_llama_centered_audit,RR3_llama_centered_module.csv,centered_absolute_contraction,max_is_deepest,non_qk,llama,80,E_ood,self_attn.v_proj,0.01,7.0,opd,True,True,False,False,7.0,3.0,4.0,"{""offkd"": 1.0, ""opd"": 7.0, ""seqkd"": 1.0, ""sft"": 3.0}"
centered_r_epsilon_non_qk_modules,formal_rr3_llama_centered_audit,RR3_llama_centered_module.csv,centered_absolute_contraction,max_is_deepest,non_qk,llama,80,E_ood,self_attn.v_proj,0.025,10.0,opd,True,True,False,False,10.0,4.0,6.0,"{""offkd"": 2.0, ""opd"": 10.0, ""seqkd"": 1.0, ""sft"": 4.0}"
centered_r_epsilon_non_qk_modules,formal_rr3_llama_centered_audit,RR3_llama_centered_module.csv,centered_absolute_contraction,max_is_deepest,non_qk,llama,80,E_ood,self_attn.v_proj,0.05,12.0,opd,True,True,False,False,12.0,4.0,8.0,"{""offkd"": 3.0, ""opd"": 12.0, ""seqkd"": 1.0, ""sft"": 4.0}"
centered_r_epsilon_non_qk_modules,formal_rr3_llama_centered_audit,RR3_llama_centered_module.csv,centered_absolute_contraction,max_is_deepest,non_qk,llama,80,E_ood,self_attn.v_proj,0.1,14.0,opd,True,True,False,False,14.0,5.0,9.0,"{""offkd"": 3.0, ""opd"": 14.0, ""seqkd"": 2.0, ""sft"": 5.0}"
centered_r_epsilon_q_proj,formal_rr3_llama_centered_audit,RR3_llama_centered_module.csv,centered_absolute_contraction,max_is_deepest,q_proj,llama,20,E_general,self_attn.q_proj,0.01,4.0,sft,False,False,False,True,2.0,4.0,-2.0,"{""offkd"": 2.0, ""opd"": 2.0, ""seqkd"": 2.0, ""sft"": 4.0}"
centered_r_epsilon_q_proj,formal_rr3_llama_centered_audit,RR3_llama_centered_module.csv,centered_absolute_contraction,max_is_deepest,q_proj,llama,20,E_general,self_attn.q_proj,0.025,4.0,sft,False,False,False,True,2.0,4.0,-2.0,"{""offkd"": 2.0, ""opd"": 2.0, ""seqkd"": 2.0, ""sft"": 4.0}"
centered_r_epsilon_q_proj,formal_rr3_llama_centered_audit,RR3_llama_centered_module.csv,centered_absolute_contraction,max_is_deepest,q_proj,llama,20,E_general,self_attn.q_proj,0.05,3.0,sft,False,False,False,True,2.0,3.0,-1.0,"{""offkd"": 2.0, ""opd"": 2.0, ""seqkd"": 2.0, ""sft"": 3.0}"
centered_r_epsilon_q_proj,formal_rr3_llama_centered_audit,RR3_llama_centered_module.csv,centered_absolute_contraction,max_is_deepest,q_proj,llama,20,E_general,self_attn.q_proj,0.1,2.0,"offkd,opd,sft",True,False,True,False,2.0,2.0,0.0,"{""offkd"": 2.0, ""opd"": 2.0, ""seqkd"": 1.0, ""sft"": 2.0}"
centered_r_epsilon_q_proj,formal_rr3_llama_centered_audit,RR3_llama_centered_module.csv,centered_absolute_contraction,max_is_deepest,q_proj,llama,20,E_if,self_attn.q_proj,0.01,10.0,"offkd,seqkd",False,False,False,True,5.0,10.0,-5.0,"{""offkd"": 10.0, ""opd"": 5.0, ""seqkd"": 10.0, ""sft"": 7.0}"
centered_r_epsilon_q_proj,formal_rr3_llama_centered_audit,RR3_llama_centered_module.csv,centered_absolute_contraction,max_is_deepest,q_proj,llama,20,E_if,self_attn.q_proj,0.025,9.0,"offkd,seqkd",False,False,False,True,4.0,9.0,-5.0,"{""offkd"": 9.0, ""opd"": 4.0, ""seqkd"": 9.0, ""sft"": 6.0}"
centered_r_epsilon_q_proj,formal_rr3_llama_centered_audit,RR3_llama_centered_module.csv,centered_absolute_contraction,max_is_deepest,q_proj,llama,20,E_if,self_attn.q_proj,0.05,7.0,"offkd,seqkd",False,False,False,True,3.0,7.0,-4.0,"{""offkd"": 7.0, ""opd"": 3.0, ""seqkd"": 7.0, ""sft"": 5.0}"
centered_r_epsilon_q_proj,formal_rr3_llama_centered_audit,RR3_llama_centered_module.csv,centered_absolute_contraction,max_is_deepest,q_proj,llama,20,E_if,self_attn.q_proj,0.1,5.0,"offkd,seqkd",False,False,False,True,3.0,5.0,-2.0,"{""offkd"": 5.0, ""opd"": 3.0, ""seqkd"": 5.0, ""sft"": 4.0}"
centered_r_epsilon_q_proj,formal_rr3_llama_centered_audit,RR3_llama_centered_module.csv,centered_absolute_contraction,max_is_deepest,q_proj,llama,20,E_math,self_attn.q_proj,0.01,8.0,opd,True,True,False,False,8.0,5.0,3.0,"{""offkd"": 3.0, ""opd"": 8.0, ""seqkd"": 2.0, ""sft"": 5.0}"
centered_r_epsilon_q_proj,formal_rr3_llama_centered_audit,RR3_llama_centered_module.csv,centered_absolute_contraction,max_is_deepest,q_proj,llama,20,E_math,self_attn.q_proj,0.025,6.0,opd,True,True,False,False,6.0,4.0,2.0,"{""offkd"": 3.0, ""opd"": 6.0, ""seqkd"": 2.0, ""sft"": 4.0}"
centered_r_epsilon_q_proj,formal_rr3_llama_centered_audit,RR3_llama_centered_module.csv,centered_absolute_contraction,max_is_deepest,q_proj,llama,20,E_math,self_attn.q_proj,0.05,5.0,opd,True,True,False,False,5.0,4.0,1.0,"{""offkd"": 3.0, ""opd"": 5.0, ""seqkd"": 2.0, ""sft"": 4.0}"
centered_r_epsilon_q_proj,formal_rr3_llama_centered_audit,RR3_llama_centered_module.csv,centered_absolute_contraction,max_is_deepest,q_proj,llama,20,E_math,self_attn.q_proj,0.1,3.0,opd,True,True,False,False,3.0,2.0,1.0,"{""offkd"": 1.0, ""opd"": 3.0, ""seqkd"": 1.0, ""sft"": 2.0}"
centered_r_epsilon_q_proj,formal_rr3_llama_centered_audit,RR3_llama_centered_module.csv,centered_absolute_contraction,max_is_deepest,q_proj,llama,20,E_ood,self_attn.q_proj,0.01,4.0,offkd,False,False,False,True,0.0,4.0,-4.0,"{""offkd"": 4.0, ""opd"": 0.0, ""seqkd"": 3.0, ""sft"": 3.0}"
centered_r_epsilon_q_proj,formal_rr3_llama_centered_audit,RR3_llama_centered_module.csv,centered_absolute_contraction,max_is_deepest,q_proj,llama,20,E_ood,self_attn.q_proj,0.025,3.0,"offkd,seqkd,sft",False,False,False,True,-1.0,3.0,-4.0,"{""offkd"": 3.0, ""opd"": -1.0, ""seqkd"": 3.0, ""sft"": 3.0}"
centered_r_epsilon_q_proj,formal_rr3_llama_centered_audit,RR3_llama_centered_module.csv,centered_absolute_contraction,max_is_deepest,q_proj,llama,20,E_ood,self_attn.q_proj,0.05,3.0,"offkd,seqkd,sft",False,False,False,True,0.0,3.0,-3.0,"{""offkd"": 3.0, ""opd"": 0.0, ""seqkd"": 3.0, ""sft"": 3.0}"
centered_r_epsilon_q_proj,formal_rr3_llama_centered_audit,RR3_llama_centered_module.csv,centered_absolute_contraction,max_is_deepest,q_proj,llama,20,E_ood,self_attn.q_proj,0.1,2.0,"offkd,seqkd",False,False,False,True,0.0,2.0,-2.0,"{""offkd"": 2.0, ""opd"": 0.0, ""seqkd"": 2.0, ""sft"": 1.0}"
centered_r_epsilon_q_proj,formal_rr3_llama_centered_audit,RR3_llama_centered_module.csv,centered_absolute_contraction,max_is_deepest,q_proj,llama,40,E_general,self_attn.q_proj,0.01,5.0,"offkd,opd",True,False,True,False,5.0,5.0,0.0,"{""offkd"": 5.0, ""opd"": 5.0, ""seqkd"": 4.0, ""sft"": 4.0}"
centered_r_epsilon_q_proj,formal_rr3_llama_centered_audit,RR3_llama_centered_module.csv,centered_absolute_contraction,max_is_deepest,q_proj,llama,40,E_general,self_attn.q_proj,0.025,5.0,opd,True,True,False,False,5.0,4.0,1.0,"{""offkd"": 4.0, ""opd"": 5.0, ""seqkd"": 4.0, ""sft"": 4.0}"
centered_r_epsilon_q_proj,formal_rr3_llama_centered_audit,RR3_llama_centered_module.csv,centered_absolute_contraction,max_is_deepest,q_proj,llama,40,E_general,self_attn.q_proj,0.05,4.0,"offkd,opd,seqkd,sft",True,False,True,False,4.0,4.0,0.0,"{""offkd"": 4.0, ""opd"": 4.0, ""seqkd"": 4.0, ""sft"": 4.0}"
centered_r_epsilon_q_proj,formal_rr3_llama_centered_audit,RR3_llama_centered_module.csv,centered_absolute_contraction,max_is_deepest,q_proj,llama,40,E_general,self_attn.q_proj,0.1,3.0,"offkd,opd,seqkd,sft",True,False,True,False,3.0,3.0,0.0,"{""offkd"": 3.0, ""opd"": 3.0, ""seqkd"": 3.0, ""sft"": 3.0}"
centered_r_epsilon_q_proj,formal_rr3_llama_centered_audit,RR3_llama_centered_module.csv,centered_absolute_contraction,max_is_deepest,q_proj,llama,40,E_if,self_attn.q_proj,0.01,13.0,"opd,seqkd",True,False,True,False,13.0,13.0,0.0,"{""offkd"": 12.0, ""opd"": 13.0, ""seqkd"": 13.0, ""sft"": 8.0}"
centered_r_epsilon_q_proj,formal_rr3_llama_centered_audit,RR3_llama_centered_module.csv,centered_absolute_contraction,max_is_deepest,q_proj,llama,40,E_if,self_attn.q_proj,0.025,12.0,opd,True,True,False,False,12.0,11.0,1.0,"{""offkd"": 10.0, ""opd"": 12.0, ""seqkd"": 11.0, ""sft"": 7.0}"
centered_r_epsilon_q_proj,formal_rr3_llama_centered_audit,RR3_llama_centered_module.csv,centered_absolute_contraction,max_is_deepest,q_proj,llama,40,E_if,self_attn.q_proj,0.05,10.0,opd,True,True,False,False,10.0,9.0,1.0,"{""offkd"": 8.0, ""opd"": 10.0, ""seqkd"": 9.0, ""sft"": 6.0}"
centered_r_epsilon_q_proj,formal_rr3_llama_centered_audit,RR3_llama_centered_module.csv,centered_absolute_contraction,max_is_deepest,q_proj,llama,40,E_if,self_attn.q_proj,0.1,7.0,"opd,seqkd",True,False,True,False,7.0,7.0,0.0,"{""offkd"": 6.0, ""opd"": 7.0, ""seqkd"": 7.0, ""sft"": 5.0}"
centered_r_epsilon_q_proj,formal_rr3_llama_centered_audit,RR3_llama_centered_module.csv,centered_absolute_contraction,max_is_deepest,q_proj,llama,40,E_math,self_attn.q_proj,0.01,12.0,opd,True,True,False,False,12.0,7.0,5.0,"{""offkd"": 6.0, ""opd"": 12.0, ""seqkd"": 4.0, ""sft"": 7.0}"
centered_r_epsilon_q_proj,formal_rr3_llama_centered_audit,RR3_llama_centered_module.csv,centered_absolute_contraction,max_is_deepest,q_proj,llama,40,E_math,self_attn.q_proj,0.025,10.0,opd,True,True,False,False,10.0,6.0,4.0,"{""offkd"": 5.0, ""opd"": 10.0, ""seqkd"": 4.0, ""sft"": 6.0}"
centered_r_epsilon_q_proj,formal_rr3_llama_centered_audit,RR3_llama_centered_module.csv,centered_absolute_contraction,max_is_deepest,q_proj,llama,40,E_math,self_attn.q_proj,0.05,8.0,opd,True,True,False,False,8.0,5.0,3.0,"{""offkd"": 4.0, ""opd"": 8.0, ""seqkd"": 3.0, ""sft"": 5.0}"
centered_r_epsilon_q_proj,formal_rr3_llama_centered_audit,RR3_llama_centered_module.csv,centered_absolute_contraction,max_is_deepest,q_proj,llama,40,E_math,self_attn.q_proj,0.1,5.0,opd,True,True,False,False,5.0,3.0,2.0,"{""offkd"": 2.0, ""opd"": 5.0, ""seqkd"": 2.0, ""sft"": 3.0}"
centered_r_epsilon_q_proj,formal_rr3_llama_centered_audit,RR3_llama_centered_module.csv,centered_absolute_contraction,max_is_deepest,q_proj,llama,40,E_ood,self_attn.q_proj,0.01,7.0,"offkd,opd,seqkd",True,False,True,False,7.0,7.0,0.0,"{""offkd"": 7.0, ""opd"": 7.0, ""seqkd"": 7.0, ""sft"": 3.0}"
centered_r_epsilon_q_proj,formal_rr3_llama_centered_audit,RR3_llama_centered_module.csv,centered_absolute_contraction,max_is_deepest,q_proj,llama,40,E_ood,self_attn.q_proj,0.025,6.0,"offkd,opd,seqkd",True,False,True,False,6.0,6.0,0.0,"{""offkd"": 6.0, ""opd"": 6.0, ""seqkd"": 6.0, ""sft"": 2.0}"
centered_r_epsilon_q_proj,formal_rr3_llama_centered_audit,RR3_llama_centered_module.csv,centered_absolute_contraction,max_is_deepest,q_proj,llama,40,E_ood,self_attn.q_proj,0.05,6.0,"offkd,seqkd",False,False,False,True,5.0,6.0,-1.0,"{""offkd"": 6.0, ""opd"": 5.0, ""seqkd"": 6.0, ""sft"": 3.0}"
centered_r_epsilon_q_proj,formal_rr3_llama_centered_audit,RR3_llama_centered_module.csv,centered_absolute_contraction,max_is_deepest,q_proj,llama,40,E_ood,self_attn.q_proj,0.1,4.0,"offkd,seqkd",False,False,False,True,3.0,4.0,-1.0,"{""offkd"": 4.0, ""opd"": 3.0, ""seqkd"": 4.0, ""sft"": 1.0}"
centered_r_epsilon_q_proj,formal_rr3_llama_centered_audit,RR3_llama_centered_module.csv,centered_absolute_contraction,max_is_deepest,q_proj,llama,80,E_general,self_attn.q_proj,0.01,8.0,opd,True,True,False,False,8.0,7.0,1.0,"{""offkd"": 7.0, ""opd"": 8.0, ""seqkd"": 6.0, ""sft"": 7.0}"
centered_r_epsilon_q_proj,formal_rr3_llama_centered_audit,RR3_llama_centered_module.csv,centered_absolute_contraction,max_is_deepest,q_proj,llama,80,E_general,self_attn.q_proj,0.025,7.0,"offkd,opd,sft",True,False,True,False,7.0,7.0,0.0,"{""offkd"": 7.0, ""opd"": 7.0, ""seqkd"": 6.0, ""sft"": 7.0}"
centered_r_epsilon_q_proj,formal_rr3_llama_centered_audit,RR3_llama_centered_module.csv,centered_absolute_contraction,max_is_deepest,q_proj,llama,80,E_general,self_attn.q_proj,0.05,6.0,"offkd,opd,sft",True,False,True,False,6.0,6.0,0.0,"{""offkd"": 6.0, ""opd"": 6.0, ""seqkd"": 5.0, ""sft"": 6.0}"
centered_r_epsilon_q_proj,formal_rr3_llama_centered_audit,RR3_llama_centered_module.csv,centered_absolute_contraction,max_is_deepest,q_proj,llama,80,E_general,self_attn.q_proj,0.1,5.0,"offkd,opd,sft",True,False,True,False,5.0,5.0,0.0,"{""offkd"": 5.0, ""opd"": 5.0, ""seqkd"": 4.0, ""sft"": 5.0}"
centered_r_epsilon_q_proj,formal_rr3_llama_centered_audit,RR3_llama_centered_module.csv,centered_absolute_contraction,max_is_deepest,q_proj,llama,80,E_if,self_attn.q_proj,0.01,19.0,opd,True,True,False,False,19.0,16.0,3.0,"{""offkd"": 15.0, ""opd"": 19.0, ""seqkd"": 14.0, ""sft"": 16.0}"
centered_r_epsilon_q_proj,formal_rr3_llama_centered_audit,RR3_llama_centered_module.csv,centered_absolute_contraction,max_is_deepest,q_proj,llama,80,E_if,self_attn.q_proj,0.025,17.0,opd,True,True,False,False,17.0,14.0,3.0,"{""offkd"": 13.0, ""opd"": 17.0, ""seqkd"": 12.0, ""sft"": 14.0}"
centered_r_epsilon_q_proj,formal_rr3_llama_centered_audit,RR3_llama_centered_module.csv,centered_absolute_contraction,max_is_deepest,q_proj,llama,80,E_if,self_attn.q_proj,0.05,14.0,opd,True,True,False,False,14.0,12.0,2.0,"{""offkd"": 11.0, ""opd"": 14.0, ""seqkd"": 10.0, ""sft"": 12.0}"
centered_r_epsilon_q_proj,formal_rr3_llama_centered_audit,RR3_llama_centered_module.csv,centered_absolute_contraction,max_is_deepest,q_proj,llama,80,E_if,self_attn.q_proj,0.1,10.0,opd,True,True,False,False,10.0,9.0,1.0,"{""offkd"": 8.0, ""opd"": 10.0, ""seqkd"": 7.0, ""sft"": 9.0}"
centered_r_epsilon_q_proj,formal_rr3_llama_centered_audit,RR3_llama_centered_module.csv,centered_absolute_contraction,max_is_deepest,q_proj,llama,80,E_math,self_attn.q_proj,0.01,15.0,opd,True,True,False,False,15.0,11.0,4.0,"{""offkd"": 9.0, ""opd"": 15.0, ""seqkd"": 6.0, ""sft"": 11.0}"
centered_r_epsilon_q_proj,formal_rr3_llama_centered_audit,RR3_llama_centered_module.csv,centered_absolute_contraction,max_is_deepest,q_proj,llama,80,E_math,self_attn.q_proj,0.025,12.0,opd,True,True,False,False,12.0,10.0,2.0,"{""offkd"": 8.0, ""opd"": 12.0, ""seqkd"": 6.0, ""sft"": 10.0}"
centered_r_epsilon_q_proj,formal_rr3_llama_centered_audit,RR3_llama_centered_module.csv,centered_absolute_contraction,max_is_deepest,q_proj,llama,80,E_math,self_attn.q_proj,0.05,10.0,opd,True,True,False,False,10.0,8.0,2.0,"{""offkd"": 7.0, ""opd"": 10.0, ""seqkd"": 5.0, ""sft"": 8.0}"
centered_r_epsilon_q_proj,formal_rr3_llama_centered_audit,RR3_llama_centered_module.csv,centered_absolute_contraction,max_is_deepest,q_proj,llama,80,E_math,self_attn.q_proj,0.1,6.0,opd,True,True,False,False,6.0,5.0,1.0,"{""offkd"": 4.0, ""opd"": 6.0, ""seqkd"": 3.0, ""sft"": 5.0}"
centered_r_epsilon_q_proj,formal_rr3_llama_centered_audit,RR3_llama_centered_module.csv,centered_absolute_contraction,max_is_deepest,q_proj,llama,80,E_ood,self_attn.q_proj,0.01,13.0,opd,True,True,False,False,13.0,11.0,2.0,"{""offkd"": 11.0, ""opd"": 13.0, ""seqkd"": 10.0, ""sft"": 8.0}"
centered_r_epsilon_q_proj,formal_rr3_llama_centered_audit,RR3_llama_centered_module.csv,centered_absolute_contraction,max_is_deepest,q_proj,llama,80,E_ood,self_attn.q_proj,0.025,11.0,opd,True,True,False,False,11.0,10.0,1.0,"{""offkd"": 10.0, ""opd"": 11.0, ""seqkd"": 9.0, ""sft"": 7.0}"
centered_r_epsilon_q_proj,formal_rr3_llama_centered_audit,RR3_llama_centered_module.csv,centered_absolute_contraction,max_is_deepest,q_proj,llama,80,E_ood,self_attn.q_proj,0.05,9.0,"offkd,opd",True,False,True,False,9.0,9.0,0.0,"{""offkd"": 9.0, ""opd"": 9.0, ""seqkd"": 8.0, ""sft"": 6.0}"
centered_r_epsilon_q_proj,formal_rr3_llama_centered_audit,RR3_llama_centered_module.csv,centered_absolute_contraction,max_is_deepest,q_proj,llama,80,E_ood,self_attn.q_proj,0.1,6.0,"offkd,opd,seqkd",True,False,True,False,6.0,6.0,0.0,"{""offkd"": 6.0, ""opd"": 6.0, ""seqkd"": 6.0, ""sft"": 4.0}"
centered_r_epsilon_k_proj,formal_rr3_llama_centered_audit,RR3_llama_centered_module.csv,centered_absolute_contraction,max_is_deepest,k_proj,llama,20,E_general,self_attn.k_proj,0.01,3.0,"seqkd,sft",False,False,False,True,2.0,3.0,-1.0,"{""offkd"": 2.0, ""opd"": 2.0, ""seqkd"": 3.0, ""sft"": 3.0}"
centered_r_epsilon_k_proj,formal_rr3_llama_centered_audit,RR3_llama_centered_module.csv,centered_absolute_contraction,max_is_deepest,k_proj,llama,20,E_general,self_attn.k_proj,0.025,3.0,sft,False,False,False,True,2.0,3.0,-1.0,"{""offkd"": 2.0, ""opd"": 2.0, ""seqkd"": 2.0, ""sft"": 3.0}"
centered_r_epsilon_k_proj,formal_rr3_llama_centered_audit,RR3_llama_centered_module.csv,centered_absolute_contraction,max_is_deepest,k_proj,llama,20,E_general,self_attn.k_proj,0.05,2.0,"offkd,opd,seqkd,sft",True,False,True,False,2.0,2.0,0.0,"{""offkd"": 2.0, ""opd"": 2.0, ""seqkd"": 2.0, ""sft"": 2.0}"
centered_r_epsilon_k_proj,formal_rr3_llama_centered_audit,RR3_llama_centered_module.csv,centered_absolute_contraction,max_is_deepest,k_proj,llama,20,E_general,self_attn.k_proj,0.1,2.0,"offkd,seqkd,sft",False,False,False,True,1.0,2.0,-1.0,"{""offkd"": 2.0, ""opd"": 1.0, ""seqkd"": 2.0, ""sft"": 2.0}"
centered_r_epsilon_k_proj,formal_rr3_llama_centered_audit,RR3_llama_centered_module.csv,centered_absolute_contraction,max_is_deepest,k_proj,llama,20,E_if,self_attn.k_proj,0.01,4.0,"offkd,seqkd",False,False,False,True,3.0,4.0,-1.0,"{""offkd"": 4.0, ""opd"": 3.0, ""seqkd"": 4.0, ""sft"": 3.0}"
centered_r_epsilon_k_proj,formal_rr3_llama_centered_audit,RR3_llama_centered_module.csv,centered_absolute_contraction,max_is_deepest,k_proj,llama,20,E_if,self_attn.k_proj,0.025,5.0,seqkd,False,False,False,True,4.0,5.0,-1.0,"{""offkd"": 4.0, ""opd"": 4.0, ""seqkd"": 5.0, ""sft"": 4.0}"
centered_r_epsilon_k_proj,formal_rr3_llama_centered_audit,RR3_llama_centered_module.csv,centered_absolute_contraction,max_is_deepest,k_proj,llama,20,E_if,self_attn.k_proj,0.05,4.0,"offkd,seqkd",False,False,False,True,3.0,4.0,-1.0,"{""offkd"": 4.0, ""opd"": 3.0, ""seqkd"": 4.0, ""sft"": 3.0}"
centered_r_epsilon_k_proj,formal_rr3_llama_centered_audit,RR3_llama_centered_module.csv,centered_absolute_contraction,max_is_deepest,k_proj,llama,20,E_if,self_attn.k_proj,0.1,2.0,"offkd,seqkd",False,False,False,True,1.0,2.0,-1.0,"{""offkd"": 2.0, ""opd"": 1.0, ""seqkd"": 2.0, ""sft"": 1.0}"
centered_r_epsilon_k_proj,formal_rr3_llama_centered_audit,RR3_llama_centered_module.csv,centered_absolute_contraction,max_is_deepest,k_proj,llama,20,E_math,self_attn.k_proj,0.01,4.0,"opd,sft",True,False,True,False,4.0,4.0,0.0,"{""offkd"": 3.0, ""opd"": 4.0, ""seqkd"": 2.0, ""sft"": 4.0}"
centered_r_epsilon_k_proj,formal_rr3_llama_centered_audit,RR3_llama_centered_module.csv,centered_absolute_contraction,max_is_deepest,k_proj,llama,20,E_math,self_attn.k_proj,0.025,4.0,opd,True,True,False,False,4.0,3.0,1.0,"{""offkd"": 2.0, ""opd"": 4.0, ""seqkd"": 2.0, ""sft"": 3.0}"
centered_r_epsilon_k_proj,formal_rr3_llama_centered_audit,RR3_llama_centered_module.csv,centered_absolute_contraction,max_is_deepest,k_proj,llama,20,E_math,self_attn.k_proj,0.05,3.0,"opd,sft",True,False,True,False,3.0,3.0,0.0,"{""offkd"": 2.0, ""opd"": 3.0, ""seqkd"": 2.0, ""sft"": 3.0}"
centered_r_epsilon_k_proj,formal_rr3_llama_centered_audit,RR3_llama_centered_module.csv,centered_absolute_contraction,max_is_deepest,k_proj,llama,20,E_math,self_attn.k_proj,0.1,2.0,"opd,sft",True,False,True,False,2.0,2.0,0.0,"{""offkd"": 1.0, ""opd"": 2.0, ""seqkd"": 1.0, ""sft"": 2.0}"
centered_r_epsilon_k_proj,formal_rr3_llama_centered_audit,RR3_llama_centered_module.csv,centered_absolute_contraction,max_is_deepest,k_proj,llama,20,E_ood,self_attn.k_proj,0.01,4.0,sft,False,False,False,True,3.0,4.0,-1.0,"{""offkd"": 3.0, ""opd"": 3.0, ""seqkd"": 3.0, ""sft"": 4.0}"
centered_r_epsilon_k_proj,formal_rr3_llama_centered_audit,RR3_llama_centered_module.csv,centered_absolute_contraction,max_is_deepest,k_proj,llama,20,E_ood,self_attn.k_proj,0.025,3.0,"offkd,seqkd,sft",False,False,False,True,2.0,3.0,-1.0,"{""offkd"": 3.0, ""opd"": 2.0, ""seqkd"": 3.0, ""sft"": 3.0}"
centered_r_epsilon_k_proj,formal_rr3_llama_centered_audit,RR3_llama_centered_module.csv,centered_absolute_contraction,max_is_deepest,k_proj,llama,20,E_ood,self_attn.k_proj,0.05,3.0,"offkd,seqkd,sft",False,False,False,True,2.0,3.0,-1.0,"{""offkd"": 3.0, ""opd"": 2.0, ""seqkd"": 3.0, ""sft"": 3.0}"
centered_r_epsilon_k_proj,formal_rr3_llama_centered_audit,RR3_llama_centered_module.csv,centered_absolute_contraction,max_is_deepest,k_proj,llama,20,E_ood,self_attn.k_proj,0.1,2.0,"offkd,seqkd,sft",False,False,False,True,1.0,2.0,-1.0,"{""offkd"": 2.0, ""opd"": 1.0, ""seqkd"": 2.0, ""sft"": 2.0}"
centered_r_epsilon_k_proj,formal_rr3_llama_centered_audit,RR3_llama_centered_module.csv,centered_absolute_contraction,max_is_deepest,k_proj,llama,40,E_general,self_attn.k_proj,0.01,4.0,"offkd,seqkd,sft",False,False,False,True,3.0,4.0,-1.0,"{""offkd"": 4.0, ""opd"": 3.0, ""seqkd"": 4.0, ""sft"": 4.0}"
centered_r_epsilon_k_proj,formal_rr3_llama_centered_audit,RR3_llama_centered_module.csv,centered_absolute_contraction,max_is_deepest,k_proj,llama,40,E_general,self_attn.k_proj,0.025,4.0,"offkd,seqkd",False,False,False,True,3.0,4.0,-1.0,"{""offkd"": 4.0, ""opd"": 3.0, ""seqkd"": 4.0, ""sft"": 3.0}"
centered_r_epsilon_k_proj,formal_rr3_llama_centered_audit,RR3_llama_centered_module.csv,centered_absolute_contraction,max_is_deepest,k_proj,llama,40,E_general,self_attn.k_proj,0.05,3.0,"offkd,seqkd,sft",False,False,False,True,2.0,3.0,-1.0,"{""offkd"": 3.0, ""opd"": 2.0, ""seqkd"": 3.0, ""sft"": 3.0}"
centered_r_epsilon_k_proj,formal_rr3_llama_centered_audit,RR3_llama_centered_module.csv,centered_absolute_contraction,max_is_deepest,k_proj,llama,40,E_general,self_attn.k_proj,0.1,3.0,"offkd,seqkd",False,False,False,True,2.0,3.0,-1.0,"{""offkd"": 3.0, ""opd"": 2.0, ""seqkd"": 3.0, ""sft"": 2.0}"
centered_r_epsilon_k_proj,formal_rr3_llama_centered_audit,RR3_llama_centered_module.csv,centered_absolute_contraction,max_is_deepest,k_proj,llama,40,E_if,self_attn.k_proj,0.01,6.0,"opd,seqkd",True,False,True,False,6.0,6.0,0.0,"{""offkd"": 5.0, ""opd"": 6.0, ""seqkd"": 6.0, ""sft"": 3.0}"
centered_r_epsilon_k_proj,formal_rr3_llama_centered_audit,RR3_llama_centered_module.csv,centered_absolute_contraction,max_is_deepest,k_proj,llama,40,E_if,self_attn.k_proj,0.025,6.0,"offkd,opd,seqkd",True,False,True,False,6.0,6.0,0.0,"{""offkd"": 6.0, ""opd"": 6.0, ""seqkd"": 6.0, ""sft"": 4.0}"
centered_r_epsilon_k_proj,formal_rr3_llama_centered_audit,RR3_llama_centered_module.csv,centered_absolute_contraction,max_is_deepest,k_proj,llama,40,E_if,self_attn.k_proj,0.05,5.0,"offkd,opd,seqkd",True,False,True,False,5.0,5.0,0.0,"{""offkd"": 5.0, ""opd"": 5.0, ""seqkd"": 5.0, ""sft"": 3.0}"
centered_r_epsilon_k_proj,formal_rr3_llama_centered_audit,RR3_llama_centered_module.csv,centered_absolute_contraction,max_is_deepest,k_proj,llama,40,E_if,self_attn.k_proj,0.1,3.0,"offkd,opd,seqkd",True,False,True,False,3.0,3.0,0.0,"{""offkd"": 3.0, ""opd"": 3.0, ""seqkd"": 3.0, ""sft"": 1.0}"
centered_r_epsilon_k_proj,formal_rr3_llama_centered_audit,RR3_llama_centered_module.csv,centered_absolute_contraction,max_is_deepest,k_proj,llama,40,E_math,self_attn.k_proj,0.01,6.0,opd,True,True,False,False,6.0,5.0,1.0,"{""offkd"": 4.0, ""opd"": 6.0, ""seqkd"": 4.0, ""sft"": 5.0}"
centered_r_epsilon_k_proj,formal_rr3_llama_centered_audit,RR3_llama_centered_module.csv,centered_absolute_contraction,max_is_deepest,k_proj,llama,40,E_math,self_attn.k_proj,0.025,5.0,opd,True,True,False,False,5.0,4.0,1.0,"{""offkd"": 4.0, ""opd"": 5.0, ""seqkd"": 3.0, ""sft"": 4.0}"
centered_r_epsilon_k_proj,formal_rr3_llama_centered_audit,RR3_llama_centered_module.csv,centered_absolute_contraction,max_is_deepest,k_proj,llama,40,E_math,self_attn.k_proj,0.05,4.0,opd,True,True,False,False,4.0,3.0,1.0,"{""offkd"": 3.0, ""opd"": 4.0, ""seqkd"": 3.0, ""sft"": 3.0}"
centered_r_epsilon_k_proj,formal_rr3_llama_centered_audit,RR3_llama_centered_module.csv,centered_absolute_contraction,max_is_deepest,k_proj,llama,40,E_math,self_attn.k_proj,0.1,3.0,opd,True,True,False,False,3.0,2.0,1.0,"{""offkd"": 2.0, ""opd"": 3.0, ""seqkd"": 2.0, ""sft"": 2.0}"
centered_r_epsilon_k_proj,formal_rr3_llama_centered_audit,RR3_llama_centered_module.csv,centered_absolute_contraction,max_is_deepest,k_proj,llama,40,E_ood,self_attn.k_proj,0.01,5.0,"offkd,opd,seqkd,sft",True,False,True,False,5.0,5.0,0.0,"{""offkd"": 5.0, ""opd"": 5.0, ""seqkd"": 5.0, ""sft"": 5.0}"
centered_r_epsilon_k_proj,formal_rr3_llama_centered_audit,RR3_llama_centered_module.csv,centered_absolute_contraction,max_is_deepest,k_proj,llama,40,E_ood,self_attn.k_proj,0.025,5.0,"offkd,seqkd",False,False,False,True,4.0,5.0,-1.0,"{""offkd"": 5.0, ""opd"": 4.0, ""seqkd"": 5.0, ""sft"": 3.0}"
centered_r_epsilon_k_proj,formal_rr3_llama_centered_audit,RR3_llama_centered_module.csv,centered_absolute_contraction,max_is_deepest,k_proj,llama,40,E_ood,self_attn.k_proj,0.05,4.0,"offkd,seqkd",False,False,False,True,3.0,4.0,-1.0,"{""offkd"": 4.0, ""opd"": 3.0, ""seqkd"": 4.0, ""sft"": 3.0}"
centered_r_epsilon_k_proj,formal_rr3_llama_centered_audit,RR3_llama_centered_module.csv,centered_absolute_contraction,max_is_deepest,k_proj,llama,40,E_ood,self_attn.k_proj,0.1,3.0,"offkd,seqkd",False,False,False,True,2.0,3.0,-1.0,"{""offkd"": 3.0, ""opd"": 2.0, ""seqkd"": 3.0, ""sft"": 2.0}"
centered_r_epsilon_k_proj,formal_rr3_llama_centered_audit,RR3_llama_centered_module.csv,centered_absolute_contraction,max_is_deepest,k_proj,llama,80,E_general,self_attn.k_proj,0.01,6.0,"offkd,seqkd",False,False,False,True,5.0,6.0,-1.0,"{""offkd"": 6.0, ""opd"": 5.0, ""seqkd"": 6.0, ""sft"": 5.0}"
centered_r_epsilon_k_proj,formal_rr3_llama_centered_audit,RR3_llama_centered_module.csv,centered_absolute_contraction,max_is_deepest,k_proj,llama,80,E_general,self_attn.k_proj,0.025,6.0,"offkd,seqkd",False,False,False,True,5.0,6.0,-1.0,"{""offkd"": 6.0, ""opd"": 5.0, ""seqkd"": 6.0, ""sft"": 4.0}"
centered_r_epsilon_k_proj,formal_rr3_llama_centered_audit,RR3_llama_centered_module.csv,centered_absolute_contraction,max_is_deepest,k_proj,llama,80,E_general,self_attn.k_proj,0.05,6.0,offkd,False,False,False,True,4.0,6.0,-2.0,"{""offkd"": 6.0, ""opd"": 4.0, ""seqkd"": 5.0, ""sft"": 3.0}"
centered_r_epsilon_k_proj,formal_rr3_llama_centered_audit,RR3_llama_centered_module.csv,centered_absolute_contraction,max_is_deepest,k_proj,llama,80,E_general,self_attn.k_proj,0.1,4.0,"offkd,seqkd",False,False,False,True,3.0,4.0,-1.0,"{""offkd"": 4.0, ""opd"": 3.0, ""seqkd"": 4.0, ""sft"": 2.0}"
centered_r_epsilon_k_proj,formal_rr3_llama_centered_audit,RR3_llama_centered_module.csv,centered_absolute_contraction,max_is_deepest,k_proj,llama,80,E_if,self_attn.k_proj,0.01,9.0,opd,True,True,False,False,9.0,8.0,1.0,"{""offkd"": 8.0, ""opd"": 9.0, ""seqkd"": 8.0, ""sft"": 6.0}"
centered_r_epsilon_k_proj,formal_rr3_llama_centered_audit,RR3_llama_centered_module.csv,centered_absolute_contraction,max_is_deepest,k_proj,llama,80,E_if,self_attn.k_proj,0.025,9.0,opd,True,True,False,False,9.0,8.0,1.0,"{""offkd"": 8.0, ""opd"": 9.0, ""seqkd"": 8.0, ""sft"": 6.0}"
centered_r_epsilon_k_proj,formal_rr3_llama_centered_audit,RR3_llama_centered_module.csv,centered_absolute_contraction,max_is_deepest,k_proj,llama,80,E_if,self_attn.k_proj,0.05,7.0,"offkd,opd,seqkd",True,False,True,False,7.0,7.0,0.0,"{""offkd"": 7.0, ""opd"": 7.0, ""seqkd"": 7.0, ""sft"": 5.0}"
centered_r_epsilon_k_proj,formal_rr3_llama_centered_audit,RR3_llama_centered_module.csv,centered_absolute_contraction,max_is_deepest,k_proj,llama,80,E_if,self_attn.k_proj,0.1,4.0,"offkd,opd,seqkd",True,False,True,False,4.0,4.0,0.0,"{""offkd"": 4.0, ""opd"": 4.0, ""seqkd"": 4.0, ""sft"": 3.0}"
centered_r_epsilon_k_proj,formal_rr3_llama_centered_audit,RR3_llama_centered_module.csv,centered_absolute_contraction,max_is_deepest,k_proj,llama,80,E_math,self_attn.k_proj,0.01,9.0,opd,True,True,False,False,9.0,7.0,2.0,"{""offkd"": 7.0, ""opd"": 9.0, ""seqkd"": 6.0, ""sft"": 7.0}"
centered_r_epsilon_k_proj,formal_rr3_llama_centered_audit,RR3_llama_centered_module.csv,centered_absolute_contraction,max_is_deepest,k_proj,llama,80,E_math,self_attn.k_proj,0.025,8.0,opd,True,True,False,False,8.0,6.0,2.0,"{""offkd"": 6.0, ""opd"": 8.0, ""seqkd"": 5.0, ""sft"": 6.0}"
centered_r_epsilon_k_proj,formal_rr3_llama_centered_audit,RR3_llama_centered_module.csv,centered_absolute_contraction,max_is_deepest,k_proj,llama,80,E_math,self_attn.k_proj,0.05,6.0,"offkd,opd",True,False,True,False,6.0,6.0,0.0,"{""offkd"": 6.0, ""opd"": 6.0, ""seqkd"": 5.0, ""sft"": 5.0}"
centered_r_epsilon_k_proj,formal_rr3_llama_centered_audit,RR3_llama_centered_module.csv,centered_absolute_contraction,max_is_deepest,k_proj,llama,80,E_math,self_attn.k_proj,0.1,4.0,"offkd,opd",True,False,True,False,4.0,4.0,0.0,"{""offkd"": 4.0, ""opd"": 4.0, ""seqkd"": 3.0, ""sft"": 3.0}"
centered_r_epsilon_k_proj,formal_rr3_llama_centered_audit,RR3_llama_centered_module.csv,centered_absolute_contraction,max_is_deepest,k_proj,llama,80,E_ood,self_attn.k_proj,0.01,9.0,offkd,False,False,False,True,8.0,9.0,-1.0,"{""offkd"": 9.0, ""opd"": 8.0, ""seqkd"": 8.0, ""sft"": 7.0}"
centered_r_epsilon_k_proj,formal_rr3_llama_centered_audit,RR3_llama_centered_module.csv,centered_absolute_contraction,max_is_deepest,k_proj,llama,80,E_ood,self_attn.k_proj,0.025,8.0,"offkd,seqkd",False,False,False,True,7.0,8.0,-1.0,"{""offkd"": 8.0, ""opd"": 7.0, ""seqkd"": 8.0, ""sft"": 6.0}"
centered_r_epsilon_k_proj,formal_rr3_llama_centered_audit,RR3_llama_centered_module.csv,centered_absolute_contraction,max_is_deepest,k_proj,llama,80,E_ood,self_attn.k_proj,0.05,7.0,"offkd,seqkd",False,False,False,True,6.0,7.0,-1.0,"{""offkd"": 7.0, ""opd"": 6.0, ""seqkd"": 7.0, ""sft"": 5.0}"
centered_r_epsilon_k_proj,formal_rr3_llama_centered_audit,RR3_llama_centered_module.csv,centered_absolute_contraction,max_is_deepest,k_proj,llama,80,E_ood,self_attn.k_proj,0.1,5.0,"offkd,seqkd",False,False,False,True,4.0,5.0,-1.0,"{""offkd"": 5.0, ""opd"": 4.0, ""seqkd"": 5.0, ""sft"": 3.0}"
