model,family,arm,checkpoint,step,layer,module,source_rank_k,mask_density_alpha,principal_top_count,update_count,total_entries,update_density,overlap_count,coverage,overlap_lift,random_null_type,random_null_rank,random_null_seeds,random_null_overlap_lift_mean,random_null_overlap_lift_std,overlap_lift_minus_random_null,delta_construction,native_source,checkpoint_materialization,base_tensor_sha256,checkpoint_tensor_sha256
llama,llama3_2_3b,opd,5,5,14,self_attn.q_proj,16,0.01,94372,1841569,9437184,0.1951396730211046,5129,0.0027851250754112,0.2785120353459685,rank32_norm_matched_lowrank_bf16_mask,32,3,0.2658999332523444,0.0013696105763848,0.012612102093624,bf16_merged_minus_base,saved_merged_bf16,serialized_bf16_deployed_merged_checkpoint,68a7c5a1e7f0af5e261ec481d3c4785841d00fd15e7cc2caf5ea0f41abaf11bc,9c682bca39305e2978e83cb65d760a408d36df022ba62dcfae777c067346aca6
llama,llama3_2_3b,opd,5,5,14,self_attn.q_proj,16,0.1,943718,1841569,9437184,0.1951396730211046,107553,0.05840291620895,0.5840294096334333,rank32_norm_matched_lowrank_bf16_mask,32,3,0.5630608914610913,0.002864533542924,0.020968518172342,bf16_merged_minus_base,saved_merged_bf16,serialized_bf16_deployed_merged_checkpoint,68a7c5a1e7f0af5e261ec481d3c4785841d00fd15e7cc2caf5ea0f41abaf11bc,9c682bca39305e2978e83cb65d760a408d36df022ba62dcfae777c067346aca6
llama,llama3_2_3b,opd,5,5,14,self_attn.q_proj,32,0.01,94372,1841569,9437184,0.1951396730211046,3812,0.0020699740275819,0.2069970518110415,rank32_norm_matched_lowrank_bf16_mask,32,3,0.197312960413039,0.0020472446778526,0.0096840913980024,bf16_merged_minus_base,saved_merged_bf16,serialized_bf16_deployed_merged_checkpoint,68a7c5a1e7f0af5e261ec481d3c4785841d00fd15e7cc2caf5ea0f41abaf11bc,9c682bca39305e2978e83cb65d760a408d36df022ba62dcfae777c067346aca6
llama,llama3_2_3b,opd,5,5,14,self_attn.q_proj,32,0.1,943718,1841569,9437184,0.1951396730211046,95634,0.0519307177738113,0.5193073978492814,rank32_norm_matched_lowrank_bf16_mask,32,3,0.4992434994870099,0.0029098058912043,0.0200638983622714,bf16_merged_minus_base,saved_merged_bf16,serialized_bf16_deployed_merged_checkpoint,68a7c5a1e7f0af5e261ec481d3c4785841d00fd15e7cc2caf5ea0f41abaf11bc,9c682bca39305e2978e83cb65d760a408d36df022ba62dcfae777c067346aca6
llama,llama3_2_3b,opd,5,5,14,self_attn.q_proj,50,0.01,94372,1841569,9437184,0.1951396730211046,2621,0.0014232428977681,0.1423240484776337,rank32_norm_matched_lowrank_bf16_mask,32,3,0.1332736191879979,0.0014794247399276,0.0090504292896357,bf16_merged_minus_base,saved_merged_bf16,serialized_bf16_deployed_merged_checkpoint,68a7c5a1e7f0af5e261ec481d3c4785841d00fd15e7cc2caf5ea0f41abaf11bc,9c682bca39305e2978e83cb65d760a408d36df022ba62dcfae777c067346aca6
llama,llama3_2_3b,opd,5,5,14,self_attn.q_proj,50,0.1,943718,1841569,9437184,0.1951396730211046,85725,0.0465499799355875,0.4654999966604936,rank32_norm_matched_lowrank_bf16_mask,32,3,0.4457762450276681,0.0012878897969524,0.0197237516328254,bf16_merged_minus_base,saved_merged_bf16,serialized_bf16_deployed_merged_checkpoint,68a7c5a1e7f0af5e261ec481d3c4785841d00fd15e7cc2caf5ea0f41abaf11bc,9c682bca39305e2978e83cb65d760a408d36df022ba62dcfae777c067346aca6
llama,llama3_2_3b,opd,20,20,14,self_attn.q_proj,16,0.01,94372,3911327,9437184,0.414459122551812,15158,0.0038754110817121,0.3875404511269947,rank32_norm_matched_lowrank_bf16_mask,32,3,0.3605526244351087,0.0009634660524218,0.0269878266918859,bf16_merged_minus_base,saved_merged_bf16,serialized_bf16_deployed_merged_checkpoint,68a7c5a1e7f0af5e261ec481d3c4785841d00fd15e7cc2caf5ea0f41abaf11bc,c51d9f85a60d1929696ac2770829873b3f1aeba1c07b9bedbeee6dd94689f724
llama,llama3_2_3b,opd,20,20,14,self_attn.q_proj,16,0.1,943718,3911327,9437184,0.414459122551812,268808,0.0687255246109568,0.6872555374064372,rank32_norm_matched_lowrank_bf16_mask,32,3,0.6734520552677714,0.0007188715308901,0.0138034821386657,bf16_merged_minus_base,saved_merged_bf16,serialized_bf16_deployed_merged_checkpoint,68a7c5a1e7f0af5e261ec481d3c4785841d00fd15e7cc2caf5ea0f41abaf11bc,c51d9f85a60d1929696ac2770829873b3f1aeba1c07b9bedbeee6dd94689f724
llama,llama3_2_3b,opd,20,20,14,self_attn.q_proj,32,0.01,94372,3911327,9437184,0.414459122551812,10990,0.0028097880847088,0.2809783320943179,rank32_norm_matched_lowrank_bf16_mask,32,3,0.2717440090761887,0.001552473323424,0.0092343230181292,bf16_merged_minus_base,saved_merged_bf16,serialized_bf16_deployed_merged_checkpoint,68a7c5a1e7f0af5e261ec481d3c4785841d00fd15e7cc2caf5ea0f41abaf11bc,c51d9f85a60d1929696ac2770829873b3f1aeba1c07b9bedbeee6dd94689f724
llama,llama3_2_3b,opd,20,20,14,self_attn.q_proj,32,0.1,943718,3911327,9437184,0.414459122551812,242574,0.0620183380218529,0.6201836430866235,rank32_norm_matched_lowrank_bf16_mask,32,3,0.6129808514590468,0.0011926209225966,0.0072027916275767,bf16_merged_minus_base,saved_merged_bf16,serialized_bf16_deployed_merged_checkpoint,68a7c5a1e7f0af5e261ec481d3c4785841d00fd15e7cc2caf5ea0f41abaf11bc,c51d9f85a60d1929696ac2770829873b3f1aeba1c07b9bedbeee6dd94689f724
llama,llama3_2_3b,opd,20,20,14,self_attn.q_proj,50,0.01,94372,3911327,9437184,0.414459122551812,7490,0.0019149511150563,0.1914947868413504,rank32_norm_matched_lowrank_bf16_mask,32,3,0.1915439451684044,0.0004688589490961,-4.915832705396084e-05,bf16_merged_minus_base,saved_merged_bf16,serialized_bf16_deployed_merged_checkpoint,68a7c5a1e7f0af5e261ec481d3c4785841d00fd15e7cc2caf5ea0f41abaf11bc,c51d9f85a60d1929696ac2770829873b3f1aeba1c07b9bedbeee6dd94689f724
llama,llama3_2_3b,opd,20,20,14,self_attn.q_proj,50,0.1,943718,3911327,9437184,0.414459122551812,220766,0.056442736697801,0.5644276062136154,rank32_norm_matched_lowrank_bf16_mask,32,3,0.5629097580687027,0.0008084300908341,0.0015178481449127,bf16_merged_minus_base,saved_merged_bf16,serialized_bf16_deployed_merged_checkpoint,68a7c5a1e7f0af5e261ec481d3c4785841d00fd15e7cc2caf5ea0f41abaf11bc,c51d9f85a60d1929696ac2770829873b3f1aeba1c07b9bedbeee6dd94689f724
llama,llama3_2_3b,opd,40,40,14,self_attn.q_proj,16,0.01,94372,4506719,9437184,0.4775491290622287,17372,0.0038546889655201,0.3854682430210582,rank32_norm_matched_lowrank_bf16_mask,32,3,0.411721260075566,0.0026115904394378,-0.0262530170545077,bf16_merged_minus_base,saved_merged_bf16,serialized_bf16_deployed_merged_checkpoint,68a7c5a1e7f0af5e261ec481d3c4785841d00fd15e7cc2caf5ea0f41abaf11bc,0ce80800298e3de90ef81d035212e6d1ab07f8f833c454d70be347d1b1f59cba
llama,llama3_2_3b,opd,40,40,14,self_attn.q_proj,16,0.1,943718,4506719,9437184,0.4775491290622287,311678,0.0691585164284704,0.6915854574168329,rank32_norm_matched_lowrank_bf16_mask,32,3,0.7093421171155079,0.0010606484846238,-0.017756659698675,bf16_merged_minus_base,saved_merged_bf16,serialized_bf16_deployed_merged_checkpoint,68a7c5a1e7f0af5e261ec481d3c4785841d00fd15e7cc2caf5ea0f41abaf11bc,0ce80800298e3de90ef81d035212e6d1ab07f8f833c454d70be347d1b1f59cba
llama,llama3_2_3b,opd,40,40,14,self_attn.q_proj,32,0.01,94372,4506719,9437184,0.4775491290622287,13001,0.002884803778536,0.2884798887587369,rank32_norm_matched_lowrank_bf16_mask,32,3,0.3147775888708291,0.0030022065160774,-0.0262977001120922,bf16_merged_minus_base,saved_merged_bf16,serialized_bf16_deployed_merged_checkpoint,68a7c5a1e7f0af5e261ec481d3c4785841d00fd15e7cc2caf5ea0f41abaf11bc,0ce80800298e3de90ef81d035212e6d1ab07f8f833c454d70be347d1b1f59cba
llama,llama3_2_3b,opd,40,40,14,self_attn.q_proj,32,0.1,943718,4506719,9437184,0.4775491290622287,285094,0.0632597683591987,0.632597951721952,rank32_norm_matched_lowrank_bf16_mask,32,3,0.6529533854405719,0.0007381839749141,-0.0203554337186199,bf16_merged_minus_base,saved_merged_bf16,serialized_bf16_deployed_merged_checkpoint,68a7c5a1e7f0af5e261ec481d3c4785841d00fd15e7cc2caf5ea0f41abaf11bc,0ce80800298e3de90ef81d035212e6d1ab07f8f833c454d70be347d1b1f59cba
llama,llama3_2_3b,opd,40,40,14,self_attn.q_proj,50,0.01,94372,4506719,9437184,0.4775491290622287,9383,0.0020820024501194,0.2081998920254771,rank32_norm_matched_lowrank_bf16_mask,32,3,0.230195722892062,0.0014195298151611,-0.0219958308665849,bf16_merged_minus_base,saved_merged_bf16,serialized_bf16_deployed_merged_checkpoint,68a7c5a1e7f0af5e261ec481d3c4785841d00fd15e7cc2caf5ea0f41abaf11bc,0ce80800298e3de90ef81d035212e6d1ab07f8f833c454d70be347d1b1f59cba
llama,llama3_2_3b,opd,40,40,14,self_attn.q_proj,50,0.1,943718,4506719,9437184,0.4775491290622287,262774,0.0583071631490669,0.5830718786287478,rank32_norm_matched_lowrank_bf16_mask,32,3,0.6057025636079892,0.0004375569672691,-0.0226306849792414,bf16_merged_minus_base,saved_merged_bf16,serialized_bf16_deployed_merged_checkpoint,68a7c5a1e7f0af5e261ec481d3c4785841d00fd15e7cc2caf5ea0f41abaf11bc,0ce80800298e3de90ef81d035212e6d1ab07f8f833c454d70be347d1b1f59cba
llama,llama3_2_3b,opd,80,80,14,self_attn.q_proj,16,0.01,94372,5053093,9437184,0.5354450013902452,21197,0.004194856496803,0.4194849384767279,rank32_norm_matched_lowrank_bf16_mask,32,3,0.4647875049929825,0.0036637547823382,-0.0453025665162545,bf16_merged_minus_base,saved_merged_bf16,serialized_bf16_deployed_merged_checkpoint,68a7c5a1e7f0af5e261ec481d3c4785841d00fd15e7cc2caf5ea0f41abaf11bc,595f8a771d86e1c193ef0bad4c5088372fb5ad59d7650b3f959061d4aaf32ff2
llama,llama3_2_3b,opd,80,80,14,self_attn.q_proj,16,0.1,943718,5053093,9437184,0.5354450013902452,362623,0.0717625818483847,0.7176261226534483,rank32_norm_matched_lowrank_bf16_mask,32,3,0.746766557029443,0.0007283722707867,-0.0291404343759946,bf16_merged_minus_base,saved_merged_bf16,serialized_bf16_deployed_merged_checkpoint,68a7c5a1e7f0af5e261ec481d3c4785841d00fd15e7cc2caf5ea0f41abaf11bc,595f8a771d86e1c193ef0bad4c5088372fb5ad59d7650b3f959061d4aaf32ff2
llama,llama3_2_3b,opd,80,80,14,self_attn.q_proj,32,0.01,94372,5053093,9437184,0.5354450013902452,16898,0.0033440904412406,0.3344084771609071,rank32_norm_matched_lowrank_bf16_mask,32,3,0.3616776258513305,0.0034325585583123,-0.0272691486904233,bf16_merged_minus_base,saved_merged_bf16,serialized_bf16_deployed_merged_checkpoint,68a7c5a1e7f0af5e261ec481d3c4785841d00fd15e7cc2caf5ea0f41abaf11bc,595f8a771d86e1c193ef0bad4c5088372fb5ad59d7650b3f959061d4aaf32ff2
llama,llama3_2_3b,opd,80,80,14,self_attn.q_proj,32,0.1,943718,5053093,9437184,0.5354450013902452,337118,0.0667151782086733,0.6671520648626402,rank32_norm_matched_lowrank_bf16_mask,32,3,0.6940734138405241,0.0011834974691749,-0.0269213489778838,bf16_merged_minus_base,saved_merged_bf16,serialized_bf16_deployed_merged_checkpoint,68a7c5a1e7f0af5e261ec481d3c4785841d00fd15e7cc2caf5ea0f41abaf11bc,595f8a771d86e1c193ef0bad4c5088372fb5ad59d7650b3f959061d4aaf32ff2
llama,llama3_2_3b,opd,80,80,14,self_attn.q_proj,50,0.01,94372,5053093,9437184,0.5354450013902452,12944,0.0025615994006047,0.2561595057622666,rank32_norm_matched_lowrank_bf16_mask,32,3,0.2727406374202977,0.003079151494369,-0.016581131658031,bf16_merged_minus_base,saved_merged_bf16,serialized_bf16_deployed_merged_checkpoint,68a7c5a1e7f0af5e261ec481d3c4785841d00fd15e7cc2caf5ea0f41abaf11bc,595f8a771d86e1c193ef0bad4c5088372fb5ad59d7650b3f959061d4aaf32ff2
llama,llama3_2_3b,opd,80,80,14,self_attn.q_proj,50,0.1,943718,5053093,9437184,0.5354450013902452,315124,0.0623625965324604,0.6236262296518567,rank32_norm_matched_lowrank_bf16_mask,32,3,0.6508554963000801,0.0008947502768504,-0.0272292666482234,bf16_merged_minus_base,saved_merged_bf16,serialized_bf16_deployed_merged_checkpoint,68a7c5a1e7f0af5e261ec481d3c4785841d00fd15e7cc2caf5ea0f41abaf11bc,595f8a771d86e1c193ef0bad4c5088372fb5ad59d7650b3f959061d4aaf32ff2
llama,llama3_2_3b,opd,160,160,14,self_attn.q_proj,16,0.01,94372,5788353,9437184,0.6133559544881185,26935,0.0046533098447865,0.4653301955480704,rank32_norm_matched_lowrank_bf16_mask,32,3,0.5368071042432971,0.0037225830257156,-0.0714769086952267,bf16_merged_minus_base,saved_merged_bf16,serialized_bf16_deployed_merged_checkpoint,68a7c5a1e7f0af5e261ec481d3c4785841d00fd15e7cc2caf5ea0f41abaf11bc,33e69b9afcd89c0997bb758339b4b8b7b01f905c099215d52ac3c541e2413eca
llama,llama3_2_3b,opd,160,160,14,self_attn.q_proj,16,0.1,943718,5788353,9437184,0.6133559544881185,435842,0.0752963753247253,0.75296407239503,rank32_norm_matched_lowrank_bf16_mask,32,3,0.7911444855641871,0.0016189901842703,-0.0381804131691571,bf16_merged_minus_base,saved_merged_bf16,serialized_bf16_deployed_merged_checkpoint,68a7c5a1e7f0af5e261ec481d3c4785841d00fd15e7cc2caf5ea0f41abaf11bc,33e69b9afcd89c0997bb758339b4b8b7b01f905c099215d52ac3c541e2413eca
llama,llama3_2_3b,opd,160,160,14,self_attn.q_proj,32,0.01,94372,5788353,9437184,0.6133559544881185,22337,0.0038589560795618,0.3858949537017727,rank32_norm_matched_lowrank_bf16_mask,32,3,0.4346170290932602,0.0032466759556319,-0.0487220753914874,bf16_merged_minus_base,saved_merged_bf16,serialized_bf16_deployed_merged_checkpoint,68a7c5a1e7f0af5e261ec481d3c4785841d00fd15e7cc2caf5ea0f41abaf11bc,33e69b9afcd89c0997bb758339b4b8b7b01f905c099215d52ac3c541e2413eca
llama,llama3_2_3b,opd,160,160,14,self_attn.q_proj,32,0.1,943718,5788353,9437184,0.6133559544881185,411197,0.0710386875161207,0.7103871762625428,rank32_norm_matched_lowrank_bf16_mask,32,3,0.7460515610856975,0.0018570966813587,-0.0356643848231547,bf16_merged_minus_base,saved_merged_bf16,serialized_bf16_deployed_merged_checkpoint,68a7c5a1e7f0af5e261ec481d3c4785841d00fd15e7cc2caf5ea0f41abaf11bc,33e69b9afcd89c0997bb758339b4b8b7b01f905c099215d52ac3c541e2413eca
llama,llama3_2_3b,opd,160,160,14,self_attn.q_proj,50,0.01,94372,5788353,9437184,0.6133559544881185,18052,0.0031186764179724,0.3118671130511887,rank32_norm_matched_lowrank_bf16_mask,32,3,0.3468934192783147,0.0017734300308206,-0.0350263062271259,bf16_merged_minus_base,saved_merged_bf16,serialized_bf16_deployed_merged_checkpoint,68a7c5a1e7f0af5e261ec481d3c4785841d00fd15e7cc2caf5ea0f41abaf11bc,33e69b9afcd89c0997bb758339b4b8b7b01f905c099215d52ac3c541e2413eca
llama,llama3_2_3b,opd,160,160,14,self_attn.q_proj,50,0.1,943718,5788353,9437184,0.6133559544881185,390204,0.0674119218368333,0.6741195040974259,rank32_norm_matched_lowrank_bf16_mask,32,3,0.7093556678825532,0.0015150887860274,-0.0352361637851272,bf16_merged_minus_base,saved_merged_bf16,serialized_bf16_deployed_merged_checkpoint,68a7c5a1e7f0af5e261ec481d3c4785841d00fd15e7cc2caf5ea0f41abaf11bc,33e69b9afcd89c0997bb758339b4b8b7b01f905c099215d52ac3c541e2413eca
llama,llama3_2_3b,opd,320,320,14,self_attn.q_proj,16,0.01,94372,6587756,9437184,0.6980637444390191,35245,0.0053500767180812,0.5350067647464162,rank32_norm_matched_lowrank_bf16_mask,32,3,0.6285901614388147,0.0049081317025719,-0.0935833966923985,bf16_merged_minus_base,saved_merged_bf16,serialized_bf16_deployed_merged_checkpoint,68a7c5a1e7f0af5e261ec481d3c4785841d00fd15e7cc2caf5ea0f41abaf11bc,8dfc00b00936602664a1f6053caed904e0e333a3c307de9f4fc0d071a5b3a214
llama,llama3_2_3b,opd,320,320,14,self_attn.q_proj,16,0.1,943718,6587756,9437184,0.6980637444390191,526639,0.0799420925729489,0.799421264568391,rank32_norm_matched_lowrank_bf16_mask,32,3,0.8398927194199123,0.0012107130475866,-0.0404714548515212,bf16_merged_minus_base,saved_merged_bf16,serialized_bf16_deployed_merged_checkpoint,68a7c5a1e7f0af5e261ec481d3c4785841d00fd15e7cc2caf5ea0f41abaf11bc,8dfc00b00936602664a1f6053caed904e0e333a3c307de9f4fc0d071a5b3a214
llama,llama3_2_3b,opd,320,320,14,self_attn.q_proj,32,0.01,94372,6587756,9437184,0.6980637444390191,30003,0.0045543581152671,0.455435039372584,rank32_norm_matched_lowrank_bf16_mask,32,3,0.5307994938390841,0.0030472891194839,-0.0753644544665,bf16_merged_minus_base,saved_merged_bf16,serialized_bf16_deployed_merged_checkpoint,68a7c5a1e7f0af5e261ec481d3c4785841d00fd15e7cc2caf5ea0f41abaf11bc,8dfc00b00936602664a1f6053caed904e0e333a3c307de9f4fc0d071a5b3a214
llama,llama3_2_3b,opd,320,320,14,self_attn.q_proj,32,0.1,943718,6587756,9437184,0.6980637444390191,503047,0.0763609034700131,0.7636093583599683,rank32_norm_matched_lowrank_bf16_mask,32,3,0.8038135917002829,0.0009484902641442,-0.0402042333403145,bf16_merged_minus_base,saved_merged_bf16,serialized_bf16_deployed_merged_checkpoint,68a7c5a1e7f0af5e261ec481d3c4785841d00fd15e7cc2caf5ea0f41abaf11bc,8dfc00b00936602664a1f6053caed904e0e333a3c307de9f4fc0d071a5b3a214
llama,llama3_2_3b,opd,320,320,14,self_attn.q_proj,50,0.01,94372,6587756,9437184,0.6980637444390191,25657,0.0038946494071729,0.3894642804113718,rank32_norm_matched_lowrank_bf16_mask,32,3,0.4496888480659747,0.0027074257138538,-0.0602245676546028,bf16_merged_minus_base,saved_merged_bf16,serialized_bf16_deployed_merged_checkpoint,68a7c5a1e7f0af5e261ec481d3c4785841d00fd15e7cc2caf5ea0f41abaf11bc,8dfc00b00936602664a1f6053caed904e0e333a3c307de9f4fc0d071a5b3a214
llama,llama3_2_3b,opd,320,320,14,self_attn.q_proj,50,0.1,943718,6587756,9437184,0.6980637444390191,483348,0.0733706591440241,0.7337069024257654,rank32_norm_matched_lowrank_bf16_mask,32,3,0.7740876528756329,0.0010450246706393,-0.0403807504498674,bf16_merged_minus_base,saved_merged_bf16,serialized_bf16_deployed_merged_checkpoint,68a7c5a1e7f0af5e261ec481d3c4785841d00fd15e7cc2caf5ea0f41abaf11bc,8dfc00b00936602664a1f6053caed904e0e333a3c307de9f4fc0d071a5b3a214
llama,llama3_2_3b,sft,5,5,14,self_attn.q_proj,16,0.01,94372,1982436,9437184,0.2100664774576822,5867,0.0029594902433168,0.2959485225743387,rank32_norm_matched_lowrank_bf16_mask,32,3,0.2699998938739958,0.0007608526718037,0.0259486287003428,bf16_merged_minus_base,saved_merged_bf16,serialized_bf16_deployed_merged_checkpoint,68a7c5a1e7f0af5e261ec481d3c4785841d00fd15e7cc2caf5ea0f41abaf11bc,9090226ef7ea860cbda17df9fa6d2fbdb16091b2a36c7b2b5510ce9e849c5980
llama,llama3_2_3b,sft,5,5,14,self_attn.q_proj,16,0.1,943718,1982436,9437184,0.2100664774576822,120355,0.0607106610251226,0.6071068675766604,rank32_norm_matched_lowrank_bf16_mask,32,3,0.5662724392286669,0.0017999819650047,0.0408344283479935,bf16_merged_minus_base,saved_merged_bf16,serialized_bf16_deployed_merged_checkpoint,68a7c5a1e7f0af5e261ec481d3c4785841d00fd15e7cc2caf5ea0f41abaf11bc,9090226ef7ea860cbda17df9fa6d2fbdb16091b2a36c7b2b5510ce9e849c5980
llama,llama3_2_3b,sft,5,5,14,self_attn.q_proj,32,0.01,94372,1982436,9437184,0.2100664774576822,4257,0.0021473580988238,0.2147354458154013,rank32_norm_matched_lowrank_bf16_mask,32,3,0.199558160490607,0.0016414440158442,0.0151772853247943,bf16_merged_minus_base,saved_merged_bf16,serialized_bf16_deployed_merged_checkpoint,68a7c5a1e7f0af5e261ec481d3c4785841d00fd15e7cc2caf5ea0f41abaf11bc,9090226ef7ea860cbda17df9fa6d2fbdb16091b2a36c7b2b5510ce9e849c5980
llama,llama3_2_3b,sft,5,5,14,self_attn.q_proj,32,0.1,943718,1982436,9437184,0.2100664774576822,106545,0.0537444840590061,0.5374450683889767,rank32_norm_matched_lowrank_bf16_mask,32,3,0.5015748488195277,0.0012558477267409,0.0358702195694489,bf16_merged_minus_base,saved_merged_bf16,serialized_bf16_deployed_merged_checkpoint,68a7c5a1e7f0af5e261ec481d3c4785841d00fd15e7cc2caf5ea0f41abaf11bc,9090226ef7ea860cbda17df9fa6d2fbdb16091b2a36c7b2b5510ce9e849c5980
llama,llama3_2_3b,sft,5,5,14,self_attn.q_proj,50,0.01,94372,1982436,9437184,0.2100664774576822,2878,0.001451749262019,0.1451746800697028,rank32_norm_matched_lowrank_bf16_mask,32,3,0.1339023904449843,0.0017234278051047,0.0112722896247185,bf16_merged_minus_base,saved_merged_bf16,serialized_bf16_deployed_merged_checkpoint,68a7c5a1e7f0af5e261ec481d3c4785841d00fd15e7cc2caf5ea0f41abaf11bc,9090226ef7ea860cbda17df9fa6d2fbdb16091b2a36c7b2b5510ce9e849c5980
llama,llama3_2_3b,sft,5,5,14,self_attn.q_proj,50,0.1,943718,1982436,9437184,0.2100664774576822,94756,0.0477977599276849,0.4779778018702508,rank32_norm_matched_lowrank_bf16_mask,32,3,0.4484324527163496,0.0014531231891105,0.0295453491539011,bf16_merged_minus_base,saved_merged_bf16,serialized_bf16_deployed_merged_checkpoint,68a7c5a1e7f0af5e261ec481d3c4785841d00fd15e7cc2caf5ea0f41abaf11bc,9090226ef7ea860cbda17df9fa6d2fbdb16091b2a36c7b2b5510ce9e849c5980
llama,llama3_2_3b,sft,20,20,14,self_attn.q_proj,16,0.01,94372,3934517,9437184,0.4169164233737522,15516,0.0039435590188071,0.394355233282567,rank32_norm_matched_lowrank_bf16_mask,32,3,0.3543818947557908,0.0035537119219597,0.0399733385267762,bf16_merged_minus_base,saved_merged_bf16,serialized_bf16_deployed_merged_checkpoint,68a7c5a1e7f0af5e261ec481d3c4785841d00fd15e7cc2caf5ea0f41abaf11bc,5809571e94214dfa4096b4cd1961633182b63701acb87f2bfefa854b6ffd0156
llama,llama3_2_3b,sft,20,20,14,self_attn.q_proj,16,0.1,943718,3934517,9437184,0.4169164233737522,273446,0.0694992549276061,0.6949928438524279,rank32_norm_matched_lowrank_bf16_mask,32,3,0.6675170556803631,0.0009957930676192,0.0274757881720647,bf16_merged_minus_base,saved_merged_bf16,serialized_bf16_deployed_merged_checkpoint,68a7c5a1e7f0af5e261ec481d3c4785841d00fd15e7cc2caf5ea0f41abaf11bc,5809571e94214dfa4096b4cd1961633182b63701acb87f2bfefa854b6ffd0156
llama,llama3_2_3b,sft,20,20,14,self_attn.q_proj,32,0.01,94372,3934517,9437184,0.4169164233737522,11496,0.0029218325908872,0.2921827637159313,rank32_norm_matched_lowrank_bf16_mask,32,3,0.2651036879550733,0.0034414539446662,0.027079075760858,bf16_merged_minus_base,saved_merged_bf16,serialized_bf16_deployed_merged_checkpoint,68a7c5a1e7f0af5e261ec481d3c4785841d00fd15e7cc2caf5ea0f41abaf11bc,5809571e94214dfa4096b4cd1961633182b63701acb87f2bfefa854b6ffd0156
llama,llama3_2_3b,sft,20,20,14,self_attn.q_proj,32,0.1,943718,3934517,9437184,0.4169164233737522,247551,0.0629177609348237,0.6291778760285847,rank32_norm_matched_lowrank_bf16_mask,32,3,0.6056909707853871,0.0008428975815336,0.0234869052431975,bf16_merged_minus_base,saved_merged_bf16,serialized_bf16_deployed_merged_checkpoint,68a7c5a1e7f0af5e261ec481d3c4785841d00fd15e7cc2caf5ea0f41abaf11bc,5809571e94214dfa4096b4cd1961633182b63701acb87f2bfefa854b6ffd0156
llama,llama3_2_3b,sft,20,20,14,self_attn.q_proj,50,0.01,94372,3934517,9437184,0.4169164233737522,8095,0.0020574317000028,0.2057428211795811,rank32_norm_matched_lowrank_bf16_mask,32,3,0.1850687619746411,0.0019949682093017,0.02067405920494,bf16_merged_minus_base,saved_merged_bf16,serialized_bf16_deployed_merged_checkpoint,68a7c5a1e7f0af5e261ec481d3c4785841d00fd15e7cc2caf5ea0f41abaf11bc,5809571e94214dfa4096b4cd1961633182b63701acb87f2bfefa854b6ffd0156
llama,llama3_2_3b,sft,20,20,14,self_attn.q_proj,50,0.1,943718,3934517,9437184,0.4169164233737522,226231,0.0574990526156069,0.5749907698689269,rank32_norm_matched_lowrank_bf16_mask,32,3,0.5548130665250744,0.0009468066076218,0.0201777033438524,bf16_merged_minus_base,saved_merged_bf16,serialized_bf16_deployed_merged_checkpoint,68a7c5a1e7f0af5e261ec481d3c4785841d00fd15e7cc2caf5ea0f41abaf11bc,5809571e94214dfa4096b4cd1961633182b63701acb87f2bfefa854b6ffd0156
llama,llama3_2_3b,sft,40,40,14,self_attn.q_proj,16,0.01,94372,5039661,9437184,0.5340216954549154,24909,0.0049425943530725,0.494258597330847,rank32_norm_matched_lowrank_bf16_mask,32,3,0.4456048927378497,0.0026076702942364,0.0486537045929972,bf16_merged_minus_base,saved_merged_bf16,serialized_bf16_deployed_merged_checkpoint,68a7c5a1e7f0af5e261ec481d3c4785841d00fd15e7cc2caf5ea0f41abaf11bc,aa0c77fb51c05525b3738f780cfb108964ef2a93e92b5f1e512e072ec5f2902d
llama,llama3_2_3b,sft,40,40,14,self_attn.q_proj,16,0.1,943718,5039661,9437184,0.5340216954549154,383904,0.0761765523514379,0.7617658463928338,rank32_norm_matched_lowrank_bf16_mask,32,3,0.7349810067583927,0.0010120415903296,0.0267848396344411,bf16_merged_minus_base,saved_merged_bf16,serialized_bf16_deployed_merged_checkpoint,68a7c5a1e7f0af5e261ec481d3c4785841d00fd15e7cc2caf5ea0f41abaf11bc,aa0c77fb51c05525b3738f780cfb108964ef2a93e92b5f1e512e072ec5f2902d
llama,llama3_2_3b,sft,40,40,14,self_attn.q_proj,32,0.01,94372,5039661,9437184,0.5340216954549154,19347,0.0038389486911917,0.3838942182568508,rank32_norm_matched_lowrank_bf16_mask,32,3,0.3460288744765898,0.0015731660409574,0.037865343780261,bf16_merged_minus_base,saved_merged_bf16,serialized_bf16_deployed_merged_checkpoint,68a7c5a1e7f0af5e261ec481d3c4785841d00fd15e7cc2caf5ea0f41abaf11bc,aa0c77fb51c05525b3738f780cfb108964ef2a93e92b5f1e512e072ec5f2902d
llama,llama3_2_3b,sft,40,40,14,self_attn.q_proj,32,0.1,943718,5039661,9437184,0.5340216954549154,354957,0.0704327136289524,0.7043274348224065,rank32_norm_matched_lowrank_bf16_mask,32,3,0.6801635444790662,0.0005273659466719,0.0241638903433402,bf16_merged_minus_base,saved_merged_bf16,serialized_bf16_deployed_merged_checkpoint,68a7c5a1e7f0af5e261ec481d3c4785841d00fd15e7cc2caf5ea0f41abaf11bc,aa0c77fb51c05525b3738f780cfb108964ef2a93e92b5f1e512e072ec5f2902d
llama,llama3_2_3b,sft,40,40,14,self_attn.q_proj,50,0.01,94372,5039661,9437184,0.5340216954549154,14672,0.0029113069311606,0.2911301995278087,rank32_norm_matched_lowrank_bf16_mask,32,3,0.2574131303996623,0.0010743946439134,0.0337170691281463,bf16_merged_minus_base,saved_merged_bf16,serialized_bf16_deployed_merged_checkpoint,68a7c5a1e7f0af5e261ec481d3c4785841d00fd15e7cc2caf5ea0f41abaf11bc,aa0c77fb51c05525b3738f780cfb108964ef2a93e92b5f1e512e072ec5f2902d
llama,llama3_2_3b,sft,40,40,14,self_attn.q_proj,50,0.1,943718,5039661,9437184,0.5340216954549154,330541,0.0655879433160286,0.6558797111583461,rank32_norm_matched_lowrank_bf16_mask,32,3,0.6359807699503488,0.0002006207748184,0.0198989412079972,bf16_merged_minus_base,saved_merged_bf16,serialized_bf16_deployed_merged_checkpoint,68a7c5a1e7f0af5e261ec481d3c4785841d00fd15e7cc2caf5ea0f41abaf11bc,aa0c77fb51c05525b3738f780cfb108964ef2a93e92b5f1e512e072ec5f2902d
llama,llama3_2_3b,sft,80,80,14,self_attn.q_proj,16,0.01,94372,6007474,9437184,0.6365748511420356,34461,0.0057363544145176,0.573634468899836,rank32_norm_matched_lowrank_bf16_mask,32,3,0.5386898218246738,0.0038644307018517,0.0349446470751622,bf16_merged_minus_base,saved_merged_bf16,serialized_bf16_deployed_merged_checkpoint,68a7c5a1e7f0af5e261ec481d3c4785841d00fd15e7cc2caf5ea0f41abaf11bc,619e2e1712fe8d464709598bf2ffc34ef57786be06e40c09fb2d184d1cc4f438
llama,llama3_2_3b,sft,80,80,14,self_attn.q_proj,16,0.1,943718,6007474,9437184,0.6365748511420356,485804,0.080866600504638,0.808666347803859,rank32_norm_matched_lowrank_bf16_mask,32,3,0.793183479172486,0.0009491713954969,0.015482868631373,bf16_merged_minus_base,saved_merged_bf16,serialized_bf16_deployed_merged_checkpoint,68a7c5a1e7f0af5e261ec481d3c4785841d00fd15e7cc2caf5ea0f41abaf11bc,619e2e1712fe8d464709598bf2ffc34ef57786be06e40c09fb2d184d1cc4f438
llama,llama3_2_3b,sft,80,80,14,self_attn.q_proj,32,0.01,94372,6007474,9437184,0.6365748511420356,27803,0.0046280683029173,0.4628060456406413,rank32_norm_matched_lowrank_bf16_mask,32,3,0.4343742790932188,0.0044314495433706,0.0284317665474225,bf16_merged_minus_base,saved_merged_bf16,serialized_bf16_deployed_merged_checkpoint,68a7c5a1e7f0af5e261ec481d3c4785841d00fd15e7cc2caf5ea0f41abaf11bc,619e2e1712fe8d464709598bf2ffc34ef57786be06e40c09fb2d184d1cc4f438
llama,llama3_2_3b,sft,80,80,14,self_attn.q_proj,32,0.1,943718,6007474,9437184,0.6365748511420356,457156,0.0760978740815191,0.7609790633601637,rank32_norm_matched_lowrank_bf16_mask,32,3,0.7483009059661178,0.0011879935853634,0.0126781573940459,bf16_merged_minus_base,saved_merged_bf16,serialized_bf16_deployed_merged_checkpoint,68a7c5a1e7f0af5e261ec481d3c4785841d00fd15e7cc2caf5ea0f41abaf11bc,619e2e1712fe8d464709598bf2ffc34ef57786be06e40c09fb2d184d1cc4f438
llama,llama3_2_3b,sft,80,80,14,self_attn.q_proj,50,0.01,94372,6007474,9437184,0.6365748511420356,22444,0.0037360128400056,0.373600650590172,rank32_norm_matched_lowrank_bf16_mask,32,3,0.3471958528008949,0.0024446335412412,0.0264047977892771,bf16_merged_minus_base,saved_merged_bf16,serialized_bf16_deployed_merged_checkpoint,68a7c5a1e7f0af5e261ec481d3c4785841d00fd15e7cc2caf5ea0f41abaf11bc,619e2e1712fe8d464709598bf2ffc34ef57786be06e40c09fb2d184d1cc4f438
llama,llama3_2_3b,sft,80,80,14,self_attn.q_proj,50,0.1,943718,6007474,9437184,0.6365748511420356,433588,0.0721747609727482,0.7217479156441273,rank32_norm_matched_lowrank_bf16_mask,32,3,0.7116454886446762,0.0011960091551822,0.010102426999451,bf16_merged_minus_base,saved_merged_bf16,serialized_bf16_deployed_merged_checkpoint,68a7c5a1e7f0af5e261ec481d3c4785841d00fd15e7cc2caf5ea0f41abaf11bc,619e2e1712fe8d464709598bf2ffc34ef57786be06e40c09fb2d184d1cc4f438
llama,llama3_2_3b,sft,160,160,14,self_attn.q_proj,16,0.01,94372,6811877,9437184,0.7218124601576064,43826,0.0064337626765721,0.6433751768654209,rank32_norm_matched_lowrank_bf16_mask,32,3,0.6318533875839858,0.0041275155756818,0.0115217892814351,bf16_merged_minus_base,saved_merged_bf16,serialized_bf16_deployed_merged_checkpoint,68a7c5a1e7f0af5e261ec481d3c4785841d00fd15e7cc2caf5ea0f41abaf11bc,7167b5131afc9ef5c5f94e6e05aea6d2d91893b60029029ad341879d769fc78c
llama,llama3_2_3b,sft,160,160,14,self_attn.q_proj,16,0.1,943718,6811877,9437184,0.7218124601576064,575884,0.0845411624431856,0.8454119827641651,rank32_norm_matched_lowrank_bf16_mask,32,3,0.8414144302962404,0.0010461841784395,0.0039975524679246,bf16_merged_minus_base,saved_merged_bf16,serialized_bf16_deployed_merged_checkpoint,68a7c5a1e7f0af5e261ec481d3c4785841d00fd15e7cc2caf5ea0f41abaf11bc,7167b5131afc9ef5c5f94e6e05aea6d2d91893b60029029ad341879d769fc78c
llama,llama3_2_3b,sft,160,160,14,self_attn.q_proj,32,0.01,94372,6811877,9437184,0.7218124601576064,36531,0.0053628390530245,0.536282996077002,rank32_norm_matched_lowrank_bf16_mask,32,3,0.5336883734312278,0.0032445659446297,0.0025946226457742,bf16_merged_minus_base,saved_merged_bf16,serialized_bf16_deployed_merged_checkpoint,68a7c5a1e7f0af5e261ec481d3c4785841d00fd15e7cc2caf5ea0f41abaf11bc,7167b5131afc9ef5c5f94e6e05aea6d2d91893b60029029ad341879d769fc78c
llama,llama3_2_3b,sft,160,160,14,self_attn.q_proj,32,0.1,943718,6811877,9437184,0.7218124601576064,549268,0.0806338693432074,0.8063390352031093,rank32_norm_matched_lowrank_bf16_mask,32,3,0.8053603122564098,0.0007079967795523,0.0009787229466995,bf16_merged_minus_base,saved_merged_bf16,serialized_bf16_deployed_merged_checkpoint,68a7c5a1e7f0af5e261ec481d3c4785841d00fd15e7cc2caf5ea0f41abaf11bc,7167b5131afc9ef5c5f94e6e05aea6d2d91893b60029029ad341879d769fc78c
llama,llama3_2_3b,sft,160,160,14,self_attn.q_proj,50,0.01,94372,6811877,9437184,0.7218124601576064,30905,0.0045369286615128,0.4536920969521706,rank32_norm_matched_lowrank_bf16_mask,32,3,0.4522025521849122,0.0034829947022304,0.0014895447672584,bf16_merged_minus_base,saved_merged_bf16,serialized_bf16_deployed_merged_checkpoint,68a7c5a1e7f0af5e261ec481d3c4785841d00fd15e7cc2caf5ea0f41abaf11bc,7167b5131afc9ef5c5f94e6e05aea6d2d91893b60029029ad341879d769fc78c
llama,llama3_2_3b,sft,160,160,14,self_attn.q_proj,50,0.1,943718,6811877,9437184,0.7218124601576064,527980,0.0775087395148209,0.7750877236732118,rank32_norm_matched_lowrank_bf16_mask,32,3,0.7755724678626033,0.0007579714142557,-0.0004847441893914,bf16_merged_minus_base,saved_merged_bf16,serialized_bf16_deployed_merged_checkpoint,68a7c5a1e7f0af5e261ec481d3c4785841d00fd15e7cc2caf5ea0f41abaf11bc,7167b5131afc9ef5c5f94e6e05aea6d2d91893b60029029ad341879d769fc78c
llama,llama3_2_3b,sft,320,320,14,self_attn.q_proj,16,0.01,94372,7465513,9437184,0.7910742229885526,52633,0.0070501518114026,0.7050139858447427,rank32_norm_matched_lowrank_bf16_mask,32,3,0.7144508621187313,0.0016959548237573,-0.0094368762739885,bf16_merged_minus_base,saved_merged_bf16,serialized_bf16_deployed_merged_checkpoint,68a7c5a1e7f0af5e261ec481d3c4785841d00fd15e7cc2caf5ea0f41abaf11bc,3139dfe98318bf93401c5219db28e4ce7de31ea78c1563c17bfc0e4a0d636fd9
llama,llama3_2_3b,sft,320,320,14,self_attn.q_proj,16,0.1,943718,7465513,9437184,0.7910742229885526,654987,0.0877350290596239,0.877350662465925,rank32_norm_matched_lowrank_bf16_mask,32,3,0.88163919319227,0.0003949550658724,-0.004288530726345,bf16_merged_minus_base,saved_merged_bf16,serialized_bf16_deployed_merged_checkpoint,68a7c5a1e7f0af5e261ec481d3c4785841d00fd15e7cc2caf5ea0f41abaf11bc,3139dfe98318bf93401c5219db28e4ce7de31ea78c1563c17bfc0e4a0d636fd9
llama,llama3_2_3b,sft,320,320,14,self_attn.q_proj,32,0.01,94372,7465513,9437184,0.7910742229885526,45890,0.0061469318987188,0.6146921477099014,rank32_norm_matched_lowrank_bf16_mask,32,3,0.6275492910464414,0.0016402873344005,-0.0128571433365399,bf16_merged_minus_base,saved_merged_bf16,serialized_bf16_deployed_merged_checkpoint,68a7c5a1e7f0af5e261ec481d3c4785841d00fd15e7cc2caf5ea0f41abaf11bc,3139dfe98318bf93401c5219db28e4ce7de31ea78c1563c17bfc0e4a0d636fd9
llama,llama3_2_3b,sft,320,320,14,self_attn.q_proj,32,0.1,943718,7465513,9437184,0.7910742229885526,632191,0.0846815215511646,0.8468155744388752,rank32_norm_matched_lowrank_bf16_mask,32,3,0.8530277697539224,0.000536432209153,-0.0062121953150471,bf16_merged_minus_base,saved_merged_bf16,serialized_bf16_deployed_merged_checkpoint,68a7c5a1e7f0af5e261ec481d3c4785841d00fd15e7cc2caf5ea0f41abaf11bc,3139dfe98318bf93401c5219db28e4ce7de31ea78c1563c17bfc0e4a0d636fd9
llama,llama3_2_3b,sft,320,320,14,self_attn.q_proj,50,0.01,94372,7465513,9437184,0.7910742229885526,40351,0.0054049869044498,0.5404977740737031,rank32_norm_matched_lowrank_bf16_mask,32,3,0.5584874097046276,0.001699268205665,-0.0179896356309244,bf16_merged_minus_base,saved_merged_bf16,serialized_bf16_deployed_merged_checkpoint,68a7c5a1e7f0af5e261ec481d3c4785841d00fd15e7cc2caf5ea0f41abaf11bc,3139dfe98318bf93401c5219db28e4ce7de31ea78c1563c17bfc0e4a0d636fd9
llama,llama3_2_3b,sft,320,320,14,self_attn.q_proj,50,0.1,943718,7465513,9437184,0.7910742229885526,613474,0.0821743931060062,0.8217442793606909,rank32_norm_matched_lowrank_bf16_mask,32,3,0.8303885476436891,0.0005852804859616,-0.0086442682829981,bf16_merged_minus_base,saved_merged_bf16,serialized_bf16_deployed_merged_checkpoint,68a7c5a1e7f0af5e261ec481d3c4785841d00fd15e7cc2caf5ea0f41abaf11bc,3139dfe98318bf93401c5219db28e4ce7de31ea78c1563c17bfc0e4a0d636fd9
llama,llama3_2_3b,offkd,5,5,14,self_attn.q_proj,16,0.01,94372,1782185,9437184,0.1888471179538303,4970,0.0027887116096252,0.2788706881593034,rank32_norm_matched_lowrank_bf16_mask,32,3,0.2636006176633126,0.0028471097936097,0.0152700704959907,bf16_merged_minus_base,saved_merged_bf16,serialized_bf16_deployed_merged_checkpoint,68a7c5a1e7f0af5e261ec481d3c4785841d00fd15e7cc2caf5ea0f41abaf11bc,2b360cd10bbb66bee6b0490eb8625149ef7790a1c4adb2e805ae3d6bcee42ed6
llama,llama3_2_3b,offkd,5,5,14,self_attn.q_proj,16,0.1,943718,1782185,9437184,0.1888471179538303,104830,0.0588210539309892,0.588210788626124,rank32_norm_matched_lowrank_bf16_mask,32,3,0.5607001048999575,0.0015798561934599,0.0275106837261664,bf16_merged_minus_base,saved_merged_bf16,serialized_bf16_deployed_merged_checkpoint,68a7c5a1e7f0af5e261ec481d3c4785841d00fd15e7cc2caf5ea0f41abaf11bc,2b360cd10bbb66bee6b0490eb8625149ef7790a1c4adb2e805ae3d6bcee42ed6
llama,llama3_2_3b,offkd,5,5,14,self_attn.q_proj,32,0.01,94372,1782185,9437184,0.1888471179538303,3677,0.002063197703942,0.2063194205959272,rank32_norm_matched_lowrank_bf16_mask,32,3,0.1966795311811224,0.0035168907121335,0.0096398894148048,bf16_merged_minus_base,saved_merged_bf16,serialized_bf16_deployed_merged_checkpoint,68a7c5a1e7f0af5e261ec481d3c4785841d00fd15e7cc2caf5ea0f41abaf11bc,2b360cd10bbb66bee6b0490eb8625149ef7790a1c4adb2e805ae3d6bcee42ed6
llama,llama3_2_3b,offkd,5,5,14,self_attn.q_proj,32,0.1,943718,1782185,9437184,0.1888471179538303,91999,0.0516214646627594,0.5162148654279766,rank32_norm_matched_lowrank_bf16_mask,32,3,0.4969728379431617,0.0003941807165254,0.0192420274848148,bf16_merged_minus_base,saved_merged_bf16,serialized_bf16_deployed_merged_checkpoint,68a7c5a1e7f0af5e261ec481d3c4785841d00fd15e7cc2caf5ea0f41abaf11bc,2b360cd10bbb66bee6b0490eb8625149ef7790a1c4adb2e805ae3d6bcee42ed6
llama,llama3_2_3b,offkd,5,5,14,self_attn.q_proj,50,0.01,94372,1782185,9437184,0.1888471179538303,2458,0.0013792058624665,0.1379203524135951,rank32_norm_matched_lowrank_bf16_mask,32,3,0.1315495998450613,0.0020155854102258,0.0063707525685338,bf16_merged_minus_base,saved_merged_bf16,serialized_bf16_deployed_merged_checkpoint,68a7c5a1e7f0af5e261ec481d3c4785841d00fd15e7cc2caf5ea0f41abaf11bc,2b360cd10bbb66bee6b0490eb8625149ef7790a1c4adb2e805ae3d6bcee42ed6
llama,llama3_2_3b,offkd,5,5,14,self_attn.q_proj,50,0.1,943718,1782185,9437184,0.1888471179538303,81890,0.0459492140266021,0.4594923350242611,rank32_norm_matched_lowrank_bf16_mask,32,3,0.4429101515129425,0.0008295325919124,0.0165821835113186,bf16_merged_minus_base,saved_merged_bf16,serialized_bf16_deployed_merged_checkpoint,68a7c5a1e7f0af5e261ec481d3c4785841d00fd15e7cc2caf5ea0f41abaf11bc,2b360cd10bbb66bee6b0490eb8625149ef7790a1c4adb2e805ae3d6bcee42ed6
llama,llama3_2_3b,offkd,20,20,14,self_attn.q_proj,16,0.01,94372,3275653,9437184,0.3471006817287869,10995,0.00335658264169,0.3356576950878995,rank32_norm_matched_lowrank_bf16_mask,32,3,0.3177515729687856,0.0026918225502293,0.0179061221191138,bf16_merged_minus_base,saved_merged_bf16,serialized_bf16_deployed_merged_checkpoint,68a7c5a1e7f0af5e261ec481d3c4785841d00fd15e7cc2caf5ea0f41abaf11bc,9098bd351dcba727ff769ae49e0eeb73eaafedd37ae7da7b13780128d52c0f9f
llama,llama3_2_3b,offkd,20,20,14,self_attn.q_proj,16,0.1,943718,3275653,9437184,0.3471006817287869,213558,0.0651955503223326,0.6519557795582078,rank32_norm_matched_lowrank_bf16_mask,32,3,0.6299493665088279,0.0015737201293927,0.0220064130493798,bf16_merged_minus_base,saved_merged_bf16,serialized_bf16_deployed_merged_checkpoint,68a7c5a1e7f0af5e261ec481d3c4785841d00fd15e7cc2caf5ea0f41abaf11bc,9098bd351dcba727ff769ae49e0eeb73eaafedd37ae7da7b13780128d52c0f9f
llama,llama3_2_3b,offkd,20,20,14,self_attn.q_proj,32,0.01,94372,3275653,9437184,0.3471006817287869,7984,0.0024373766085723,0.2437372476199899,rank32_norm_matched_lowrank_bf16_mask,32,3,0.2360128917336771,0.002549058760099,0.0077243558863128,bf16_merged_minus_base,saved_merged_bf16,serialized_bf16_deployed_merged_checkpoint,68a7c5a1e7f0af5e261ec481d3c4785841d00fd15e7cc2caf5ea0f41abaf11bc,9098bd351dcba727ff769ae49e0eeb73eaafedd37ae7da7b13780128d52c0f9f
llama,llama3_2_3b,offkd,20,20,14,self_attn.q_proj,32,0.1,943718,3275653,9437184,0.3471006817287869,190970,0.0582998260194226,0.582998507301206,rank32_norm_matched_lowrank_bf16_mask,32,3,0.5653313631852798,0.0014080282832013,0.0176671441159261,bf16_merged_minus_base,saved_merged_bf16,serialized_bf16_deployed_merged_checkpoint,68a7c5a1e7f0af5e261ec481d3c4785841d00fd15e7cc2caf5ea0f41abaf11bc,9098bd351dcba727ff769ae49e0eeb73eaafedd37ae7da7b13780128d52c0f9f
llama,llama3_2_3b,offkd,20,20,14,self_attn.q_proj,50,0.01,94372,3275653,9437184,0.3471006817287869,5473,0.0016708118961318,0.167080906340707,rank32_norm_matched_lowrank_bf16_mask,32,3,0.1615347180153641,0.0018513707354558,0.0055461883253429,bf16_merged_minus_base,saved_merged_bf16,serialized_bf16_deployed_merged_checkpoint,68a7c5a1e7f0af5e261ec481d3c4785841d00fd15e7cc2caf5ea0f41abaf11bc,9098bd351dcba727ff769ae49e0eeb73eaafedd37ae7da7b13780128d52c0f9f
llama,llama3_2_3b,offkd,20,20,14,self_attn.q_proj,50,0.1,943718,3275653,9437184,0.3471006817287869,172826,0.052760777774691,0.5276080013763326,rank32_norm_matched_lowrank_bf16_mask,32,3,0.513513364059205,0.0018642295507042,0.0140946373171275,bf16_merged_minus_base,saved_merged_bf16,serialized_bf16_deployed_merged_checkpoint,68a7c5a1e7f0af5e261ec481d3c4785841d00fd15e7cc2caf5ea0f41abaf11bc,9098bd351dcba727ff769ae49e0eeb73eaafedd37ae7da7b13780128d52c0f9f
llama,llama3_2_3b,offkd,40,40,14,self_attn.q_proj,16,0.01,94372,4049654,9437184,0.4291167789035373,14701,0.0036301866776766,0.3630180522992343,rank32_norm_matched_lowrank_bf16_mask,32,3,0.364439768902174,0.0015208655461168,-0.0014217166029397,bf16_merged_minus_base,saved_merged_bf16,serialized_bf16_deployed_merged_checkpoint,68a7c5a1e7f0af5e261ec481d3c4785841d00fd15e7cc2caf5ea0f41abaf11bc,454ce190c9db956c96854ed2d74903feb02bf7020a49f1a55031f7678e5355d1
llama,llama3_2_3b,offkd,40,40,14,self_attn.q_proj,16,0.1,943718,4049654,9437184,0.4291167789035373,278456,0.068760442250128,0.6876047139461495,rank32_norm_matched_lowrank_bf16_mask,32,3,0.6735894021444043,0.000911880987694,0.0140153118017452,bf16_merged_minus_base,saved_merged_bf16,serialized_bf16_deployed_merged_checkpoint,68a7c5a1e7f0af5e261ec481d3c4785841d00fd15e7cc2caf5ea0f41abaf11bc,454ce190c9db956c96854ed2d74903feb02bf7020a49f1a55031f7678e5355d1
llama,llama3_2_3b,offkd,40,40,14,self_attn.q_proj,32,0.01,94372,4049654,9437184,0.4291167789035373,10619,0.002622199328634,0.2622194882909713,rank32_norm_matched_lowrank_bf16_mask,32,3,0.2745539670791602,0.0023012946358368,-0.0123344787881889,bf16_merged_minus_base,saved_merged_bf16,serialized_bf16_deployed_merged_checkpoint,68a7c5a1e7f0af5e261ec481d3c4785841d00fd15e7cc2caf5ea0f41abaf11bc,454ce190c9db956c96854ed2d74903feb02bf7020a49f1a55031f7678e5355d1
llama,llama3_2_3b,offkd,40,40,14,self_attn.q_proj,32,0.1,943718,4049654,9437184,0.4291167789035373,250764,0.0619223271914094,0.6192235343752415,rank32_norm_matched_lowrank_bf16_mask,32,3,0.613920278787189,0.0002218357626786,0.0053032555880524,bf16_merged_minus_base,saved_merged_bf16,serialized_bf16_deployed_merged_checkpoint,68a7c5a1e7f0af5e261ec481d3c4785841d00fd15e7cc2caf5ea0f41abaf11bc,454ce190c9db956c96854ed2d74903feb02bf7020a49f1a55031f7678e5355d1
llama,llama3_2_3b,offkd,40,40,14,self_attn.q_proj,50,0.01,94372,4049654,9437184,0.4291167789035373,7374,0.0018208963037336,0.1820893216552992,rank32_norm_matched_lowrank_bf16_mask,32,3,0.1957036006633236,0.0009429790046128,-0.0136142790080243,bf16_merged_minus_base,saved_merged_bf16,serialized_bf16_deployed_merged_checkpoint,68a7c5a1e7f0af5e261ec481d3c4785841d00fd15e7cc2caf5ea0f41abaf11bc,454ce190c9db956c96854ed2d74903feb02bf7020a49f1a55031f7678e5355d1
llama,llama3_2_3b,offkd,40,40,14,self_attn.q_proj,50,0.1,943718,4049654,9437184,0.4291167789035373,229196,0.0565964400909312,0.5659646407963975,rank32_norm_matched_lowrank_bf16_mask,32,3,0.5627971054470201,0.0004326838602956,0.0031675353493774,bf16_merged_minus_base,saved_merged_bf16,serialized_bf16_deployed_merged_checkpoint,68a7c5a1e7f0af5e261ec481d3c4785841d00fd15e7cc2caf5ea0f41abaf11bc,454ce190c9db956c96854ed2d74903feb02bf7020a49f1a55031f7678e5355d1
llama,llama3_2_3b,offkd,80,80,14,self_attn.q_proj,16,0.01,94372,4880321,9437184,0.5171374215020074,19672,0.004030882394826,0.4030875560794976,rank32_norm_matched_lowrank_bf16_mask,32,3,0.4281567139043726,0.0013528378040398,-0.025069157824875,bf16_merged_minus_base,saved_merged_bf16,serialized_bf16_deployed_merged_checkpoint,68a7c5a1e7f0af5e261ec481d3c4785841d00fd15e7cc2caf5ea0f41abaf11bc,fb2603ed8a0764df7a2212e9670dfa0afa4e5fd097e6c76861e6c1e7cbfc7d95
llama,llama3_2_3b,offkd,80,80,14,self_attn.q_proj,16,0.1,943718,4880321,9437184,0.5171374215020074,349703,0.0716557373992407,0.7165576777091424,rank32_norm_matched_lowrank_bf16_mask,32,3,0.7228087906895441,0.000527363612104,-0.0062511129804017,bf16_merged_minus_base,saved_merged_bf16,serialized_bf16_deployed_merged_checkpoint,68a7c5a1e7f0af5e261ec481d3c4785841d00fd15e7cc2caf5ea0f41abaf11bc,fb2603ed8a0764df7a2212e9670dfa0afa4e5fd097e6c76861e6c1e7cbfc7d95
llama,llama3_2_3b,offkd,80,80,14,self_attn.q_proj,32,0.01,94372,4880321,9437184,0.5171374215020074,14463,0.0029635345707792,0.2963529546349011,rank32_norm_matched_lowrank_bf16_mask,32,3,0.3301535618014509,0.0014697114439382,-0.0338006071665498,bf16_merged_minus_base,saved_merged_bf16,serialized_bf16_deployed_merged_checkpoint,68a7c5a1e7f0af5e261ec481d3c4785841d00fd15e7cc2caf5ea0f41abaf11bc,fb2603ed8a0764df7a2212e9670dfa0afa4e5fd097e6c76861e6c1e7cbfc7d95
llama,llama3_2_3b,offkd,80,80,14,self_attn.q_proj,32,0.1,943718,4880321,9437184,0.5171374215020074,319666,0.065501019297706,0.6550104706066883,rank32_norm_matched_lowrank_bf16_mask,32,3,0.6671464553801031,0.0003642671890358,-0.0121359847734148,bf16_merged_minus_base,saved_merged_bf16,serialized_bf16_deployed_merged_checkpoint,68a7c5a1e7f0af5e261ec481d3c4785841d00fd15e7cc2caf5ea0f41abaf11bc,fb2603ed8a0764df7a2212e9670dfa0afa4e5fd097e6c76861e6c1e7cbfc7d95
llama,llama3_2_3b,offkd,80,80,14,self_attn.q_proj,50,0.01,94372,4880321,9437184,0.5171374215020074,10348,0.0021203523292832,0.2120348734399472,rank32_norm_matched_lowrank_bf16_mask,32,3,0.2456405427650151,0.0014505480895837,-0.0336056693250679,bf16_merged_minus_base,saved_merged_bf16,serialized_bf16_deployed_merged_checkpoint,68a7c5a1e7f0af5e261ec481d3c4785841d00fd15e7cc2caf5ea0f41abaf11bc,fb2603ed8a0764df7a2212e9670dfa0afa4e5fd097e6c76861e6c1e7cbfc7d95
llama,llama3_2_3b,offkd,80,80,14,self_attn.q_proj,50,0.1,943718,4880321,9437184,0.5171374215020074,296084,0.0606689600950429,0.6066898580991118,rank32_norm_matched_lowrank_bf16_mask,32,3,0.6212905216626384,0.0004287024881422,-0.0146006635635266,bf16_merged_minus_base,saved_merged_bf16,serialized_bf16_deployed_merged_checkpoint,68a7c5a1e7f0af5e261ec481d3c4785841d00fd15e7cc2caf5ea0f41abaf11bc,fb2603ed8a0764df7a2212e9670dfa0afa4e5fd097e6c76861e6c1e7cbfc7d95
llama,llama3_2_3b,offkd,160,160,14,self_attn.q_proj,16,0.01,94372,5820585,9437184,0.616771380106608,29270,0.0050287041594616,0.502869563370542,rank32_norm_matched_lowrank_bf16_mask,32,3,0.5154278784291604,0.0011585869058707,-0.0125583150586183,bf16_merged_minus_base,saved_merged_bf16,serialized_bf16_deployed_merged_checkpoint,68a7c5a1e7f0af5e261ec481d3c4785841d00fd15e7cc2caf5ea0f41abaf11bc,3f2e000c092702362045964684abb973a25be06b5cd0989e61b381c6fc960188
llama,llama3_2_3b,offkd,160,160,14,self_attn.q_proj,16,0.1,943718,5820585,9437184,0.616771380106608,451630,0.077591857175868,0.7759189006359816,rank32_norm_matched_lowrank_bf16_mask,32,3,0.779064541742092,0.0013416469396092,-0.0031456411061104,bf16_merged_minus_base,saved_merged_bf16,serialized_bf16_deployed_merged_checkpoint,68a7c5a1e7f0af5e261ec481d3c4785841d00fd15e7cc2caf5ea0f41abaf11bc,3f2e000c092702362045964684abb973a25be06b5cd0989e61b381c6fc960188
llama,llama3_2_3b,offkd,160,160,14,self_attn.q_proj,32,0.01,94372,5820585,9437184,0.616771380106608,22649,0.0038911896312827,0.3891183034089308,rank32_norm_matched_lowrank_bf16_mask,32,3,0.4105791441343786,0.0024748012003262,-0.0214608407254477,bf16_merged_minus_base,saved_merged_bf16,serialized_bf16_deployed_merged_checkpoint,68a7c5a1e7f0af5e261ec481d3c4785841d00fd15e7cc2caf5ea0f41abaf11bc,3f2e000c092702362045964684abb973a25be06b5cd0989e61b381c6fc960188
llama,llama3_2_3b,offkd,160,160,14,self_attn.q_proj,32,0.1,943718,5820585,9437184,0.616771380106608,420564,0.0722545929661709,0.722546235916726,rank32_norm_matched_lowrank_bf16_mask,32,3,0.7316142272821115,0.0013714825787905,-0.0090679913653854,bf16_merged_minus_base,saved_merged_bf16,serialized_bf16_deployed_merged_checkpoint,68a7c5a1e7f0af5e261ec481d3c4785841d00fd15e7cc2caf5ea0f41abaf11bc,3f2e000c092702362045964684abb973a25be06b5cd0989e61b381c6fc960188
llama,llama3_2_3b,offkd,160,160,14,self_attn.q_proj,50,0.01,94372,5820585,9437184,0.616771380106608,17328,0.0029770203510471,0.2977015303752904,rank32_norm_matched_lowrank_bf16_mask,32,3,0.3225535200712878,0.0010437040782001,-0.0248519896959973,bf16_merged_minus_base,saved_merged_bf16,serialized_bf16_deployed_merged_checkpoint,68a7c5a1e7f0af5e261ec481d3c4785841d00fd15e7cc2caf5ea0f41abaf11bc,3f2e000c092702362045964684abb973a25be06b5cd0989e61b381c6fc960188
llama,llama3_2_3b,offkd,160,160,14,self_attn.q_proj,50,0.1,943718,5820585,9437184,0.616771380106608,396307,0.0680871424435859,0.6808717130269113,rank32_norm_matched_lowrank_bf16_mask,32,3,0.691952699974598,0.0005437676396087,-0.0110809869476866,bf16_merged_minus_base,saved_merged_bf16,serialized_bf16_deployed_merged_checkpoint,68a7c5a1e7f0af5e261ec481d3c4785841d00fd15e7cc2caf5ea0f41abaf11bc,3f2e000c092702362045964684abb973a25be06b5cd0989e61b381c6fc960188
llama,llama3_2_3b,offkd,320,320,14,self_attn.q_proj,16,0.01,94372,6543204,9437184,0.6933428446451823,36487,0.0055763201025063,0.5576310648312142,rank32_norm_matched_lowrank_bf16_mask,32,3,0.593369647576864,0.0044758417241851,-0.0357385827456497,bf16_merged_minus_base,saved_merged_bf16,serialized_bf16_deployed_merged_checkpoint,68a7c5a1e7f0af5e261ec481d3c4785841d00fd15e7cc2caf5ea0f41abaf11bc,b419cdd42ca403ffa2214869a153a51079ab819639a9e730ba56c33cd3228919
llama,llama3_2_3b,offkd,320,320,14,self_attn.q_proj,16,0.1,943718,6543204,9437184,0.6933428446451823,528934,0.080837155619785,0.8083718988305251,rank32_norm_matched_lowrank_bf16_mask,32,3,0.8234810184377812,0.0013535374393612,-0.0151091196072561,bf16_merged_minus_base,saved_merged_bf16,serialized_bf16_deployed_merged_checkpoint,68a7c5a1e7f0af5e261ec481d3c4785841d00fd15e7cc2caf5ea0f41abaf11bc,b419cdd42ca403ffa2214869a153a51079ab819639a9e730ba56c33cd3228919
llama,llama3_2_3b,offkd,320,320,14,self_attn.q_proj,32,0.01,94372,6543204,9437184,0.6933428446451823,29718,0.0045418116262308,0.4541803925961034,rank32_norm_matched_lowrank_bf16_mask,32,3,0.4959275502568255,0.0028731982312072,-0.0417471576607221,bf16_merged_minus_base,saved_merged_bf16,serialized_bf16_deployed_merged_checkpoint,68a7c5a1e7f0af5e261ec481d3c4785841d00fd15e7cc2caf5ea0f41abaf11bc,b419cdd42ca403ffa2214869a153a51079ab819639a9e730ba56c33cd3228919
llama,llama3_2_3b,offkd,320,320,14,self_attn.q_proj,32,0.1,943718,6543204,9437184,0.6933428446451823,500712,0.0765239781611577,0.7652401059626152,rank32_norm_matched_lowrank_bf16_mask,32,3,0.7843792494271011,0.0011917930962417,-0.0191391434644859,bf16_merged_minus_base,saved_merged_bf16,serialized_bf16_deployed_merged_checkpoint,68a7c5a1e7f0af5e261ec481d3c4785841d00fd15e7cc2caf5ea0f41abaf11bc,b419cdd42ca403ffa2214869a153a51079ab819639a9e730ba56c33cd3228919
llama,llama3_2_3b,offkd,320,320,14,self_attn.q_proj,50,0.01,94372,6543204,9437184,0.6933428446451823,24040,0.0036740410355538,0.3674034806518044,rank32_norm_matched_lowrank_bf16_mask,32,3,0.4097756732144912,0.000723769322812,-0.0423721925626868,bf16_merged_minus_base,saved_merged_bf16,serialized_bf16_deployed_merged_checkpoint,68a7c5a1e7f0af5e261ec481d3c4785841d00fd15e7cc2caf5ea0f41abaf11bc,b419cdd42ca403ffa2214869a153a51079ab819639a9e730ba56c33cd3228919
llama,llama3_2_3b,offkd,320,320,14,self_attn.q_proj,50,0.1,943718,6543204,9437184,0.6933428446451823,478003,0.0730533542894276,0.7305338525348862,rank32_norm_matched_lowrank_bf16_mask,32,3,0.7521257732051981,0.0012175720394543,-0.0215919206703119,bf16_merged_minus_base,saved_merged_bf16,serialized_bf16_deployed_merged_checkpoint,68a7c5a1e7f0af5e261ec481d3c4785841d00fd15e7cc2caf5ea0f41abaf11bc,b419cdd42ca403ffa2214869a153a51079ab819639a9e730ba56c33cd3228919
llama,llama3_2_3b,seqkd,5,5,14,self_attn.q_proj,16,0.01,94372,1749834,9437184,0.1854190826416015,5187,0.0029642811832436,0.2964276157547599,rank32_norm_matched_lowrank_bf16_mask,32,3,0.2626326563653246,0.0044538155287426,0.0337949593894353,bf16_merged_minus_base,saved_merged_bf16,serialized_bf16_deployed_merged_checkpoint,68a7c5a1e7f0af5e261ec481d3c4785841d00fd15e7cc2caf5ea0f41abaf11bc,e7541d2f0ff96f9d3c5baa5df3e8b33128021b87222c770121f6980bd2eda28d
llama,llama3_2_3b,seqkd,5,5,14,self_attn.q_proj,16,0.1,943718,1749834,9437184,0.1854190826416015,103856,0.059351915667429,0.5935194082406084,rank32_norm_matched_lowrank_bf16_mask,32,3,0.559087786646855,0.001628798704548,0.0344316215937534,bf16_merged_minus_base,saved_merged_bf16,serialized_bf16_deployed_merged_checkpoint,68a7c5a1e7f0af5e261ec481d3c4785841d00fd15e7cc2caf5ea0f41abaf11bc,e7541d2f0ff96f9d3c5baa5df3e8b33128021b87222c770121f6980bd2eda28d
llama,llama3_2_3b,seqkd,5,5,14,self_attn.q_proj,32,0.01,94372,1749834,9437184,0.1854190826416015,3894,0.0022253539478601,0.2225350174954762,rank32_norm_matched_lowrank_bf16_mask,32,3,0.1943651022798553,0.0006909765815047,0.0281699152156209,bf16_merged_minus_base,saved_merged_bf16,serialized_bf16_deployed_merged_checkpoint,68a7c5a1e7f0af5e261ec481d3c4785841d00fd15e7cc2caf5ea0f41abaf11bc,e7541d2f0ff96f9d3c5baa5df3e8b33128021b87222c770121f6980bd2eda28d
llama,llama3_2_3b,seqkd,5,5,14,self_attn.q_proj,32,0.1,943718,1749834,9437184,0.1854190826416015,92380,0.0527935792766628,0.5279360165350814,rank32_norm_matched_lowrank_bf16_mask,32,3,0.4953064826911285,0.0015947066003922,0.0326295338439528,bf16_merged_minus_base,saved_merged_bf16,serialized_bf16_deployed_merged_checkpoint,68a7c5a1e7f0af5e261ec481d3c4785841d00fd15e7cc2caf5ea0f41abaf11bc,e7541d2f0ff96f9d3c5baa5df3e8b33128021b87222c770121f6980bd2eda28d
llama,llama3_2_3b,seqkd,5,5,14,self_attn.q_proj,50,0.01,94372,1749834,9437184,0.1854190826416015,2571,0.0014692822290571,0.1469279738009423,rank32_norm_matched_lowrank_bf16_mask,32,3,0.1280383291319655,0.0007690211318764,0.0188896446689767,bf16_merged_minus_base,saved_merged_bf16,serialized_bf16_deployed_merged_checkpoint,68a7c5a1e7f0af5e261ec481d3c4785841d00fd15e7cc2caf5ea0f41abaf11bc,e7541d2f0ff96f9d3c5baa5df3e8b33128021b87222c770121f6980bd2eda28d
llama,llama3_2_3b,seqkd,5,5,14,self_attn.q_proj,50,0.1,943718,1749834,9437184,0.1854190826416015,82498,0.0471461864382564,0.4714620642142362,rank32_norm_matched_lowrank_bf16_mask,32,3,0.4424262532995073,0.0004145316988406,0.0290358109147288,bf16_merged_minus_base,saved_merged_bf16,serialized_bf16_deployed_merged_checkpoint,68a7c5a1e7f0af5e261ec481d3c4785841d00fd15e7cc2caf5ea0f41abaf11bc,e7541d2f0ff96f9d3c5baa5df3e8b33128021b87222c770121f6980bd2eda28d
llama,llama3_2_3b,seqkd,20,20,14,self_attn.q_proj,16,0.01,94372,3179429,9437184,0.336904419793023,10246,0.0032225912262862,0.3222585762646631,rank32_norm_matched_lowrank_bf16_mask,32,3,0.3118145631472127,0.0043266455278135,0.0104440131174503,bf16_merged_minus_base,saved_merged_bf16,serialized_bf16_deployed_merged_checkpoint,68a7c5a1e7f0af5e261ec481d3c4785841d00fd15e7cc2caf5ea0f41abaf11bc,cc97bf3f839946d5162076dc496f8ffb86e140d9b8d40c7f2bca873b0f4118e1
llama,llama3_2_3b,seqkd,20,20,14,self_attn.q_proj,16,0.1,943718,3179429,9437184,0.336904419793023,203409,0.0639765819585843,0.6397660907540613,rank32_norm_matched_lowrank_bf16_mask,32,3,0.6250026769543088,0.0020646217839951,0.0147634137997525,bf16_merged_minus_base,saved_merged_bf16,serialized_bf16_deployed_merged_checkpoint,68a7c5a1e7f0af5e261ec481d3c4785841d00fd15e7cc2caf5ea0f41abaf11bc,cc97bf3f839946d5162076dc496f8ffb86e140d9b8d40c7f2bca873b0f4118e1
llama,llama3_2_3b,seqkd,20,20,14,self_attn.q_proj,32,0.01,94372,3179429,9437184,0.336904419793023,7596,0.0023891082329562,0.2389104182418876,rank32_norm_matched_lowrank_bf16_mask,32,3,0.2321506921181564,0.0034140773141139,0.0067597261237312,bf16_merged_minus_base,saved_merged_bf16,serialized_bf16_deployed_merged_checkpoint,68a7c5a1e7f0af5e261ec481d3c4785841d00fd15e7cc2caf5ea0f41abaf11bc,cc97bf3f839946d5162076dc496f8ffb86e140d9b8d40c7f2bca873b0f4118e1
llama,llama3_2_3b,seqkd,20,20,14,self_attn.q_proj,32,0.1,943718,3179429,9437184,0.336904419793023,182272,0.0573285328906542,0.573285571896643,rank32_norm_matched_lowrank_bf16_mask,32,3,0.560170166360685,0.0019491670611012,0.013115405535958,bf16_merged_minus_base,saved_merged_bf16,serialized_bf16_deployed_merged_checkpoint,68a7c5a1e7f0af5e261ec481d3c4785841d00fd15e7cc2caf5ea0f41abaf11bc,cc97bf3f839946d5162076dc496f8ffb86e140d9b8d40c7f2bca873b0f4118e1
llama,llama3_2_3b,seqkd,20,20,14,self_attn.q_proj,50,0.01,94372,3179429,9437184,0.336904419793023,5177,0.0016282797948939,0.16282770342789,rank32_norm_matched_lowrank_bf16_mask,32,3,0.159556581303541,0.0017166628807058,0.0032711221243489,bf16_merged_minus_base,saved_merged_bf16,serialized_bf16_deployed_merged_checkpoint,68a7c5a1e7f0af5e261ec481d3c4785841d00fd15e7cc2caf5ea0f41abaf11bc,cc97bf3f839946d5162076dc496f8ffb86e140d9b8d40c7f2bca873b0f4118e1
llama,llama3_2_3b,seqkd,20,20,14,self_attn.q_proj,50,0.1,943718,3179429,9437184,0.336904419793023,164877,0.0518574247136828,0.5185744669373399,rank32_norm_matched_lowrank_bf16_mask,32,3,0.507510000111747,0.0019312454396758,0.0110644668255929,bf16_merged_minus_base,saved_merged_bf16,serialized_bf16_deployed_merged_checkpoint,68a7c5a1e7f0af5e261ec481d3c4785841d00fd15e7cc2caf5ea0f41abaf11bc,cc97bf3f839946d5162076dc496f8ffb86e140d9b8d40c7f2bca873b0f4118e1
llama,llama3_2_3b,seqkd,40,40,14,self_attn.q_proj,16,0.01,94372,3977964,9437184,0.4215202331542969,14433,0.0036282379629378,0.3628231811557393,rank32_norm_matched_lowrank_bf16_mask,32,3,0.357473329751577,0.003175670004316,0.0053498514041622,bf16_merged_minus_base,saved_merged_bf16,serialized_bf16_deployed_merged_checkpoint,68a7c5a1e7f0af5e261ec481d3c4785841d00fd15e7cc2caf5ea0f41abaf11bc,4b2cea5684ea17c54f013a4923889d2bdebf5dbc7d43546207dd1e147b7638dc
llama,llama3_2_3b,seqkd,40,40,14,self_attn.q_proj,16,0.1,943718,3977964,9437184,0.4215202331542969,270123,0.0679048377511712,0.679048665330055,rank32_norm_matched_lowrank_bf16_mask,32,3,0.6693247561229994,0.0038213266531666,0.0097239092070556,bf16_merged_minus_base,saved_merged_bf16,serialized_bf16_deployed_merged_checkpoint,68a7c5a1e7f0af5e261ec481d3c4785841d00fd15e7cc2caf5ea0f41abaf11bc,4b2cea5684ea17c54f013a4923889d2bdebf5dbc7d43546207dd1e147b7638dc
llama,llama3_2_3b,seqkd,40,40,14,self_attn.q_proj,32,0.01,94372,3977964,9437184,0.4215202331542969,10660,0.0026797628133386,0.2679758270020218,rank32_norm_matched_lowrank_bf16_mask,32,3,0.2699949459979306,0.0026669405488534,-0.0020191189959088,bf16_merged_minus_base,saved_merged_bf16,serialized_bf16_deployed_merged_checkpoint,68a7c5a1e7f0af5e261ec481d3c4785841d00fd15e7cc2caf5ea0f41abaf11bc,4b2cea5684ea17c54f013a4923889d2bdebf5dbc7d43546207dd1e147b7638dc
llama,llama3_2_3b,seqkd,40,40,14,self_attn.q_proj,32,0.1,943718,3977964,9437184,0.4215202331542969,244274,0.0614067900061438,0.6140681603374532,rank32_norm_matched_lowrank_bf16_mask,32,3,0.608514683173057,0.0026336466603976,0.0055534771643961,bf16_merged_minus_base,saved_merged_bf16,serialized_bf16_deployed_merged_checkpoint,68a7c5a1e7f0af5e261ec481d3c4785841d00fd15e7cc2caf5ea0f41abaf11bc,4b2cea5684ea17c54f013a4923889d2bdebf5dbc7d43546207dd1e147b7638dc
llama,llama3_2_3b,seqkd,40,40,14,self_attn.q_proj,50,0.01,94372,3977964,9437184,0.4215202331542969,7474,0.0018788505878886,0.1878847402451323,rank32_norm_matched_lowrank_bf16_mask,32,3,0.1902090705465759,0.0027399240823546,-0.0023243303014435,bf16_merged_minus_base,saved_merged_bf16,serialized_bf16_deployed_merged_checkpoint,68a7c5a1e7f0af5e261ec481d3c4785841d00fd15e7cc2caf5ea0f41abaf11bc,4b2cea5684ea17c54f013a4923889d2bdebf5dbc7d43546207dd1e147b7638dc
llama,llama3_2_3b,seqkd,40,40,14,self_attn.q_proj,50,0.1,943718,3977964,9437184,0.4215202331542969,222967,0.0560505323828973,0.5605055614021996,rank32_norm_matched_lowrank_bf16_mask,32,3,0.557605162438139,0.0022073561334124,0.0029003989640606,bf16_merged_minus_base,saved_merged_bf16,serialized_bf16_deployed_merged_checkpoint,68a7c5a1e7f0af5e261ec481d3c4785841d00fd15e7cc2caf5ea0f41abaf11bc,4b2cea5684ea17c54f013a4923889d2bdebf5dbc7d43546207dd1e147b7638dc
llama,llama3_2_3b,seqkd,80,80,14,self_attn.q_proj,16,0.01,94372,4862725,9437184,0.5152728822496202,20382,0.0041914770010642,0.4191469894758108,rank32_norm_matched_lowrank_bf16_mask,32,3,0.4270004427632657,0.0031049903221294,-0.0078534532874548,bf16_merged_minus_base,saved_merged_bf16,serialized_bf16_deployed_merged_checkpoint,68a7c5a1e7f0af5e261ec481d3c4785841d00fd15e7cc2caf5ea0f41abaf11bc,f85ab03de202cd102a33bdb9fdf8183f964f55fe3be8327ab45e2f3894bc73a4
llama,llama3_2_3b,seqkd,80,80,14,self_attn.q_proj,16,0.1,943718,4862725,9437184,0.5152728822496202,349824,0.071939910235516,0.7193994072763777,rank32_norm_matched_lowrank_bf16_mask,32,3,0.7225745487765763,0.0004915995381038,-0.0031751415001985,bf16_merged_minus_base,saved_merged_bf16,serialized_bf16_deployed_merged_checkpoint,68a7c5a1e7f0af5e261ec481d3c4785841d00fd15e7cc2caf5ea0f41abaf11bc,f85ab03de202cd102a33bdb9fdf8183f964f55fe3be8327ab45e2f3894bc73a4
llama,llama3_2_3b,seqkd,80,80,14,self_attn.q_proj,32,0.01,94372,4862725,9437184,0.5152728822496202,15312,0.0031488517240847,0.3148846385464437,rank32_norm_matched_lowrank_bf16_mask,32,3,0.3287633695487419,0.0024217113864547,-0.0138787310022981,bf16_merged_minus_base,saved_merged_bf16,serialized_bf16_deployed_merged_checkpoint,68a7c5a1e7f0af5e261ec481d3c4785841d00fd15e7cc2caf5ea0f41abaf11bc,f85ab03de202cd102a33bdb9fdf8183f964f55fe3be8327ab45e2f3894bc73a4
llama,llama3_2_3b,seqkd,80,80,14,self_attn.q_proj,32,0.1,943718,4862725,9437184,0.5152728822496202,320674,0.0659453290079122,0.659453569591981,rank32_norm_matched_lowrank_bf16_mask,32,3,0.6657062403779864,0.0011962458396077,-0.0062526707860054,bf16_merged_minus_base,saved_merged_bf16,serialized_bf16_deployed_merged_checkpoint,68a7c5a1e7f0af5e261ec481d3c4785841d00fd15e7cc2caf5ea0f41abaf11bc,f85ab03de202cd102a33bdb9fdf8183f964f55fe3be8327ab45e2f3894bc73a4
llama,llama3_2_3b,seqkd,80,80,14,self_attn.q_proj,50,0.01,94372,4862725,9437184,0.5152728822496202,11215,0.0023063200160403,0.2306316105863614,rank32_norm_matched_lowrank_bf16_mask,32,3,0.2423034621083403,0.0019620708425533,-0.0116718515219788,bf16_merged_minus_base,saved_merged_bf16,serialized_bf16_deployed_merged_checkpoint,68a7c5a1e7f0af5e261ec481d3c4785841d00fd15e7cc2caf5ea0f41abaf11bc,f85ab03de202cd102a33bdb9fdf8183f964f55fe3be8327ab45e2f3894bc73a4
llama,llama3_2_3b,seqkd,80,80,14,self_attn.q_proj,50,0.1,943718,4862725,9437184,0.5152728822496202,297338,0.0611463736896493,0.6114639960687192,rank32_norm_matched_lowrank_bf16_mask,32,3,0.6192873441797646,0.00041189888116,-0.0078233481110454,bf16_merged_minus_base,saved_merged_bf16,serialized_bf16_deployed_merged_checkpoint,68a7c5a1e7f0af5e261ec481d3c4785841d00fd15e7cc2caf5ea0f41abaf11bc,f85ab03de202cd102a33bdb9fdf8183f964f55fe3be8327ab45e2f3894bc73a4
llama,llama3_2_3b,seqkd,160,160,14,self_attn.q_proj,16,0.01,94372,5768088,9437184,0.6112085978190104,29432,0.0051025573812327,0.5102548730264436,rank32_norm_matched_lowrank_bf16_mask,32,3,0.5119303450317351,0.0012091201594344,-0.0016754720052915,bf16_merged_minus_base,saved_merged_bf16,serialized_bf16_deployed_merged_checkpoint,68a7c5a1e7f0af5e261ec481d3c4785841d00fd15e7cc2caf5ea0f41abaf11bc,7a515a7212539e2213c426b810cac5ff00c4b45d72975f8d6609b6219df649f7
llama,llama3_2_3b,seqkd,160,160,14,self_attn.q_proj,16,0.1,943718,5768088,9437184,0.6112085978190104,448297,0.0777202081521641,0.7772024109429646,rank32_norm_matched_lowrank_bf16_mask,32,3,0.7761975736988461,0.0003088297064704,0.0010048372441184,bf16_merged_minus_base,saved_merged_bf16,serialized_bf16_deployed_merged_checkpoint,68a7c5a1e7f0af5e261ec481d3c4785841d00fd15e7cc2caf5ea0f41abaf11bc,7a515a7212539e2213c426b810cac5ff00c4b45d72975f8d6609b6219df649f7
llama,llama3_2_3b,seqkd,160,160,14,self_attn.q_proj,32,0.01,94372,5768088,9437184,0.6112085978190104,23126,0.0040093008289748,0.4009294031533546,rank32_norm_matched_lowrank_bf16_mask,32,3,0.405144283717068,0.001315297078815,-0.0042148805637134,bf16_merged_minus_base,saved_merged_bf16,serialized_bf16_deployed_merged_checkpoint,68a7c5a1e7f0af5e261ec481d3c4785841d00fd15e7cc2caf5ea0f41abaf11bc,7a515a7212539e2213c426b810cac5ff00c4b45d72975f8d6609b6219df649f7
llama,llama3_2_3b,seqkd,160,160,14,self_attn.q_proj,32,0.1,943718,5768088,9437184,0.6112085978190104,418552,0.0725633866889686,0.7256341744535425,rank32_norm_matched_lowrank_bf16_mask,32,3,0.7278988369682448,0.0004993089421368,-0.0022646625147022,bf16_merged_minus_base,saved_merged_bf16,serialized_bf16_deployed_merged_checkpoint,68a7c5a1e7f0af5e261ec481d3c4785841d00fd15e7cc2caf5ea0f41abaf11bc,7a515a7212539e2213c426b810cac5ff00c4b45d72975f8d6609b6219df649f7
llama,llama3_2_3b,seqkd,160,160,14,self_attn.q_proj,50,0.01,94372,5768088,9437184,0.6112085978190104,17852,0.0030949597162872,0.3094954469036446,rank32_norm_matched_lowrank_bf16_mask,32,3,0.317694634679345,0.0004709869101686,-0.0081991877757003,bf16_merged_minus_base,saved_merged_bf16,serialized_bf16_deployed_merged_checkpoint,68a7c5a1e7f0af5e261ec481d3c4785841d00fd15e7cc2caf5ea0f41abaf11bc,7a515a7212539e2213c426b810cac5ff00c4b45d72975f8d6609b6219df649f7
llama,llama3_2_3b,seqkd,160,160,14,self_attn.q_proj,50,0.1,943718,5768088,9437184,0.6112085978190104,393987,0.0683046097771046,0.6830463872838449,rank32_norm_matched_lowrank_bf16_mask,32,3,0.6885128087436941,0.0004111572707326,-0.0054664214598492,bf16_merged_minus_base,saved_merged_bf16,serialized_bf16_deployed_merged_checkpoint,68a7c5a1e7f0af5e261ec481d3c4785841d00fd15e7cc2caf5ea0f41abaf11bc,7a515a7212539e2213c426b810cac5ff00c4b45d72975f8d6609b6219df649f7
llama,llama3_2_3b,seqkd,320,320,14,self_attn.q_proj,16,0.01,94372,6520774,9437184,0.6909660763210721,37982,0.0058247686547639,0.5824758779345595,rank32_norm_matched_lowrank_bf16_mask,32,3,0.584613670700931,0.0035577560387753,-0.0021377927663714,bf16_merged_minus_base,saved_merged_bf16,serialized_bf16_deployed_merged_checkpoint,68a7c5a1e7f0af5e261ec481d3c4785841d00fd15e7cc2caf5ea0f41abaf11bc,53719aeb92dd1f515423fff23230db6762a167f79bc2d762d9edf854ae1bbaa1
llama,llama3_2_3b,seqkd,320,320,14,self_attn.q_proj,16,0.1,943718,6520774,9437184,0.6909660763210721,532244,0.0816228257565743,0.8162286035285232,rank32_norm_matched_lowrank_bf16_mask,32,3,0.8186533761142042,0.0014757310186127,-0.0024247725856809,bf16_merged_minus_base,saved_merged_bf16,serialized_bf16_deployed_merged_checkpoint,68a7c5a1e7f0af5e261ec481d3c4785841d00fd15e7cc2caf5ea0f41abaf11bc,53719aeb92dd1f515423fff23230db6762a167f79bc2d762d9edf854ae1bbaa1
llama,llama3_2_3b,seqkd,320,320,14,self_attn.q_proj,32,0.01,94372,6520774,9437184,0.6909660763210721,31024,0.004757717412074,0.4757709345753718,rank32_norm_matched_lowrank_bf16_mask,32,3,0.4817946791929743,0.0033222840036577,-0.0060237446176025,bf16_merged_minus_base,saved_merged_bf16,serialized_bf16_deployed_merged_checkpoint,68a7c5a1e7f0af5e261ec481d3c4785841d00fd15e7cc2caf5ea0f41abaf11bc,53719aeb92dd1f515423fff23230db6762a167f79bc2d762d9edf854ae1bbaa1
llama,llama3_2_3b,seqkd,320,320,14,self_attn.q_proj,32,0.1,943718,6520774,9437184,0.6909660763210721,503723,0.0772489584825359,0.772489912249266,rank32_norm_matched_lowrank_bf16_mask,32,3,0.7782761899291927,0.0016450700357191,-0.0057862776799266,bf16_merged_minus_base,saved_merged_bf16,serialized_bf16_deployed_merged_checkpoint,68a7c5a1e7f0af5e261ec481d3c4785841d00fd15e7cc2caf5ea0f41abaf11bc,53719aeb92dd1f515423fff23230db6762a167f79bc2d762d9edf854ae1bbaa1
llama,llama3_2_3b,seqkd,320,320,14,self_attn.q_proj,50,0.01,94372,6520774,9437184,0.6909660763210721,25058,0.003842795349141,0.3842788833996153,rank32_norm_matched_lowrank_bf16_mask,32,3,0.3974791341935155,0.0026261639912269,-0.0132002507939001,bf16_merged_minus_base,saved_merged_bf16,serialized_bf16_deployed_merged_checkpoint,68a7c5a1e7f0af5e261ec481d3c4785841d00fd15e7cc2caf5ea0f41abaf11bc,53719aeb92dd1f515423fff23230db6762a167f79bc2d762d9edf854ae1bbaa1
llama,llama3_2_3b,seqkd,320,320,14,self_attn.q_proj,50,0.1,943718,6520774,9437184,0.6909660763210721,480562,0.0736970795184743,0.7369711075538178,rank32_norm_matched_lowrank_bf16_mask,32,3,0.7450145352161245,0.0013377516868371,-0.0080434276623067,bf16_merged_minus_base,saved_merged_bf16,serialized_bf16_deployed_merged_checkpoint,68a7c5a1e7f0af5e261ec481d3c4785841d00fd15e7cc2caf5ea0f41abaf11bc,53719aeb92dd1f515423fff23230db6762a167f79bc2d762d9edf854ae1bbaa1
llama,llama3_2_3b,opd,5,5,14,self_attn.k_proj,16,0.01,31457,469443,3145728,0.1492319107055664,1346,0.0028672277571504,0.2867253278458058,rank32_norm_matched_lowrank_bf16_mask,32,3,0.2838419263168011,0.0029543825648668,0.0028834015290046,bf16_merged_minus_base,saved_merged_bf16,serialized_bf16_deployed_merged_checkpoint,ef0368fa194c1d0c5a853067d6905a2e592f0dd31f223b0df307d148a1009259,6d32303c4f349698a7af69cc3132b617dec633866b0774ab2f069bbb87bb5497
llama,llama3_2_3b,opd,5,5,14,self_attn.k_proj,16,0.1,314573,469443,3145728,0.1492319107055664,31481,0.0670603246826558,0.6706028204687674,rank32_norm_matched_lowrank_bf16_mask,32,3,0.6603854305437625,0.0004053146402033,0.0102173899250048,bf16_merged_minus_base,saved_merged_bf16,serialized_bf16_deployed_merged_checkpoint,ef0368fa194c1d0c5a853067d6905a2e592f0dd31f223b0df307d148a1009259,6d32303c4f349698a7af69cc3132b617dec633866b0774ab2f069bbb87bb5497
llama,llama3_2_3b,opd,5,5,14,self_attn.k_proj,32,0.01,31457,469443,3145728,0.1492319107055664,832,0.0017723131455789,0.177232892100825,rank32_norm_matched_lowrank_bf16_mask,32,3,0.170444444657691,0.0042255763238797,0.0067884474431339,bf16_merged_minus_base,saved_merged_bf16,serialized_bf16_deployed_merged_checkpoint,ef0368fa194c1d0c5a853067d6905a2e592f0dd31f223b0df307d148a1009259,6d32303c4f349698a7af69cc3132b617dec633866b0774ab2f069bbb87bb5497
llama,llama3_2_3b,opd,5,5,14,self_attn.k_proj,32,0.1,314573,469443,3145728,0.1492319107055664,25828,0.0550183941394375,0.5501835915970689,rank32_norm_matched_lowrank_bf16_mask,32,3,0.5380441776450399,0.0031581453355042,0.0121394139520289,bf16_merged_minus_base,saved_merged_bf16,serialized_bf16_deployed_merged_checkpoint,ef0368fa194c1d0c5a853067d6905a2e592f0dd31f223b0df307d148a1009259,6d32303c4f349698a7af69cc3132b617dec633866b0774ab2f069bbb87bb5497
llama,llama3_2_3b,opd,5,5,14,self_attn.k_proj,50,0.01,31457,469443,3145728,0.1492319107055664,390,0.0008307717869901,0.0830779181722617,rank32_norm_matched_lowrank_bf16_mask,32,3,0.0836496262045568,0.0042529669182742,-0.000571708032295,bf16_merged_minus_base,saved_merged_bf16,serialized_bf16_deployed_merged_checkpoint,ef0368fa194c1d0c5a853067d6905a2e592f0dd31f223b0df307d148a1009259,6d32303c4f349698a7af69cc3132b617dec633866b0774ab2f069bbb87bb5497
llama,llama3_2_3b,opd,5,5,14,self_attn.k_proj,50,0.1,314573,469443,3145728,0.1492319107055664,21269,0.04530688496793,0.4530685616260669,rank32_norm_matched_lowrank_bf16_mask,32,3,0.4395456877078289,0.0019000303053816,0.0135228739182379,bf16_merged_minus_base,saved_merged_bf16,serialized_bf16_deployed_merged_checkpoint,ef0368fa194c1d0c5a853067d6905a2e592f0dd31f223b0df307d148a1009259,6d32303c4f349698a7af69cc3132b617dec633866b0774ab2f069bbb87bb5497
llama,llama3_2_3b,opd,20,20,14,self_attn.k_proj,16,0.01,31457,1080762,3145728,0.3435649871826172,4040,0.0037381033011893,0.3738136574194538,rank32_norm_matched_lowrank_bf16_mask,32,3,0.3545177283078772,0.0028415451708437,0.0192959291115765,bf16_merged_minus_base,saved_merged_bf16,serialized_bf16_deployed_merged_checkpoint,ef0368fa194c1d0c5a853067d6905a2e592f0dd31f223b0df307d148a1009259,9834f8d09d5b7106429019fdfe564416c769e5d77849d33cb7a27d704a9839d2
llama,llama3_2_3b,opd,20,20,14,self_attn.k_proj,16,0.1,314573,1080762,3145728,0.3435649871826172,78940,0.0730410580682888,0.730410116300643,rank32_norm_matched_lowrank_bf16_mask,32,3,0.7237310856233213,0.0012612681960068,0.0066790306773216,bf16_merged_minus_base,saved_merged_bf16,serialized_bf16_deployed_merged_checkpoint,ef0368fa194c1d0c5a853067d6905a2e592f0dd31f223b0df307d148a1009259,9834f8d09d5b7106429019fdfe564416c769e5d77849d33cb7a27d704a9839d2
llama,llama3_2_3b,opd,20,20,14,self_attn.k_proj,32,0.01,31457,1080762,3145728,0.3435649871826172,2631,0.0024343935112448,0.243441517987768,rank32_norm_matched_lowrank_bf16_mask,32,3,0.2344315168649669,0.0022317512290722,0.0090100011228011,bf16_merged_minus_base,saved_merged_bf16,serialized_bf16_deployed_merged_checkpoint,ef0368fa194c1d0c5a853067d6905a2e592f0dd31f223b0df307d148a1009259,9834f8d09d5b7106429019fdfe564416c769e5d77849d33cb7a27d704a9839d2
llama,llama3_2_3b,opd,20,20,14,self_attn.k_proj,32,0.1,314573,1080762,3145728,0.3435649871826172,66052,0.0611161384282571,0.6111609957168744,rank32_norm_matched_lowrank_bf16_mask,32,3,0.6150262952781608,0.00286691103094,-0.0038652995612863,bf16_merged_minus_base,saved_merged_bf16,serialized_bf16_deployed_merged_checkpoint,ef0368fa194c1d0c5a853067d6905a2e592f0dd31f223b0df307d148a1009259,9834f8d09d5b7106429019fdfe564416c769e5d77849d33cb7a27d704a9839d2
llama,llama3_2_3b,opd,20,20,14,self_attn.k_proj,50,0.01,31457,1080762,3145728,0.3435649871826172,1487,0.001375881091304,0.1375893338076059,rank32_norm_matched_lowrank_bf16_mask,32,3,0.1356971152306785,0.0014423240208742,0.0018922185769273,bf16_merged_minus_base,saved_merged_bf16,serialized_bf16_deployed_merged_checkpoint,ef0368fa194c1d0c5a853067d6905a2e592f0dd31f223b0df307d148a1009259,9834f8d09d5b7106429019fdfe564416c769e5d77849d33cb7a27d704a9839d2
llama,llama3_2_3b,opd,20,20,14,self_attn.k_proj,50,0.1,314573,1080762,3145728,0.3435649871826172,56294,0.0520873235735527,0.5208729045734533,rank32_norm_matched_lowrank_bf16_mask,32,3,0.5258893248782259,0.002975407847282,-0.0050164203047726,bf16_merged_minus_base,saved_merged_bf16,serialized_bf16_deployed_merged_checkpoint,ef0368fa194c1d0c5a853067d6905a2e592f0dd31f223b0df307d148a1009259,9834f8d09d5b7106429019fdfe564416c769e5d77849d33cb7a27d704a9839d2
llama,llama3_2_3b,opd,40,40,14,self_attn.k_proj,16,0.01,31457,1313607,3145728,0.4175844192504883,5478,0.0041701970223971,0.4170234141485588,rank32_norm_matched_lowrank_bf16_mask,32,3,0.410613769844496,0.0034734216649735,0.0064096443040628,bf16_merged_minus_base,saved_merged_bf16,serialized_bf16_deployed_merged_checkpoint,ef0368fa194c1d0c5a853067d6905a2e592f0dd31f223b0df307d148a1009259,5721e880c761f37a08d974bb68c9d35911e9ef4661c6fe40b2a131f7248fbc29
llama,llama3_2_3b,opd,40,40,14,self_attn.k_proj,16,0.1,314573,1313607,3145728,0.4175844192504883,99756,0.0759405210234111,0.7594047274175882,rank32_norm_matched_lowrank_bf16_mask,32,3,0.7592822961832532,0.0026112513099228,0.000122431234335,bf16_merged_minus_base,saved_merged_bf16,serialized_bf16_deployed_merged_checkpoint,ef0368fa194c1d0c5a853067d6905a2e592f0dd31f223b0df307d148a1009259,5721e880c761f37a08d974bb68c9d35911e9ef4661c6fe40b2a131f7248fbc29
llama,llama3_2_3b,opd,40,40,14,self_attn.k_proj,32,0.01,31457,1313607,3145728,0.4175844192504883,3638,0.0027694736705879,0.2769498321782506,rank32_norm_matched_lowrank_bf16_mask,32,3,0.2848025546665506,0.0031036713984774,-0.0078527224882999,bf16_merged_minus_base,saved_merged_bf16,serialized_bf16_deployed_merged_checkpoint,ef0368fa194c1d0c5a853067d6905a2e592f0dd31f223b0df307d148a1009259,5721e880c761f37a08d974bb68c9d35911e9ef4661c6fe40b2a131f7248fbc29
llama,llama3_2_3b,opd,40,40,14,self_attn.k_proj,32,0.1,314573,1313607,3145728,0.4175844192504883,85484,0.0650757798945955,0.6507573852055527,rank32_norm_matched_lowrank_bf16_mask,32,3,0.6577247376002585,0.0028990097253745,-0.0069673523947058,bf16_merged_minus_base,saved_merged_bf16,serialized_bf16_deployed_merged_checkpoint,ef0368fa194c1d0c5a853067d6905a2e592f0dd31f223b0df307d148a1009259,5721e880c761f37a08d974bb68c9d35911e9ef4661c6fe40b2a131f7248fbc29
llama,llama3_2_3b,opd,40,40,14,self_attn.k_proj,50,0.01,31457,1313607,3145728,0.4175844192504883,2214,0.0016854355983182,0.1685450600447078,rank32_norm_matched_lowrank_bf16_mask,32,3,0.1818295462060193,0.002703250726792,-0.0132844861613115,bf16_merged_minus_base,saved_merged_bf16,serialized_bf16_deployed_merged_checkpoint,ef0368fa194c1d0c5a853067d6905a2e592f0dd31f223b0df307d148a1009259,5721e880c761f37a08d974bb68c9d35911e9ef4661c6fe40b2a131f7248fbc29
llama,llama3_2_3b,opd,40,40,14,self_attn.k_proj,50,0.1,314573,1313607,3145728,0.4175844192504883,74265,0.0565351737620155,0.5653513781794297,rank32_norm_matched_lowrank_bf16_mask,32,3,0.5761268087458392,0.0029834277500186,-0.0107754305664095,bf16_merged_minus_base,saved_merged_bf16,serialized_bf16_deployed_merged_checkpoint,ef0368fa194c1d0c5a853067d6905a2e592f0dd31f223b0df307d148a1009259,5721e880c761f37a08d974bb68c9d35911e9ef4661c6fe40b2a131f7248fbc29
llama,llama3_2_3b,opd,80,80,14,self_attn.k_proj,16,0.01,31457,1523243,3145728,0.4842259089152018,7033,0.0046171228096895,0.461716390688216,rank32_norm_matched_lowrank_bf16_mask,32,3,0.4630302739160045,0.0083119051781421,-0.0013138832277884,bf16_merged_minus_base,saved_merged_bf16,serialized_bf16_deployed_merged_checkpoint,ef0368fa194c1d0c5a853067d6905a2e592f0dd31f223b0df307d148a1009259,a8e85643f51f8d5a026fa43e98f740a123e807205bcb63b2d1077439ed2d78d4
llama,llama3_2_3b,opd,80,80,14,self_attn.k_proj,16,0.1,314573,1523243,3145728,0.4842259089152018,120198,0.078909274488706,0.7890922431957229,rank32_norm_matched_lowrank_bf16_mask,32,3,0.7897583979786952,0.0009155459234936,-0.0006661547829722,bf16_merged_minus_base,saved_merged_bf16,serialized_bf16_deployed_merged_checkpoint,ef0368fa194c1d0c5a853067d6905a2e592f0dd31f223b0df307d148a1009259,a8e85643f51f8d5a026fa43e98f740a123e807205bcb63b2d1077439ed2d78d4
llama,llama3_2_3b,opd,80,80,14,self_attn.k_proj,32,0.01,31457,1523243,3145728,0.4842259089152018,5122,0.0033625626377406,0.336259256804357,rank32_norm_matched_lowrank_bf16_mask,32,3,0.339632858426097,0.0057793576048535,-0.0033736016217399,bf16_merged_minus_base,saved_merged_bf16,serialized_bf16_deployed_merged_checkpoint,ef0368fa194c1d0c5a853067d6905a2e592f0dd31f223b0df307d148a1009259,a8e85643f51f8d5a026fa43e98f740a123e807205bcb63b2d1077439ed2d78d4
llama,llama3_2_3b,opd,80,80,14,self_attn.k_proj,32,0.1,314573,1523243,3145728,0.4842259089152018,106163,0.0696953801855646,0.6969533587446342,rank32_norm_matched_lowrank_bf16_mask,32,3,0.696553782717854,0.0001696885776515,0.0003995760267802,bf16_merged_minus_base,saved_merged_bf16,serialized_bf16_deployed_merged_checkpoint,ef0368fa194c1d0c5a853067d6905a2e592f0dd31f223b0df307d148a1009259,a8e85643f51f8d5a026fa43e98f740a123e807205bcb63b2d1077439ed2d78d4
llama,llama3_2_3b,opd,80,80,14,self_attn.k_proj,50,0.01,31457,1523243,3145728,0.4842259089152018,3447,0.0022629350668278,0.2262955209302262,rank32_norm_matched_lowrank_bf16_mask,32,3,0.2296293110310615,0.0024022718073049,-0.0033337901008353,bf16_merged_minus_base,saved_merged_bf16,serialized_bf16_deployed_merged_checkpoint,ef0368fa194c1d0c5a853067d6905a2e592f0dd31f223b0df307d148a1009259,a8e85643f51f8d5a026fa43e98f740a123e807205bcb63b2d1077439ed2d78d4
llama,llama3_2_3b,opd,80,80,14,self_attn.k_proj,50,0.1,314573,1523243,3145728,0.4842259089152018,94355,0.0619434981811831,0.6194345879859269,rank32_norm_matched_lowrank_bf16_mask,32,3,0.6230769602291811,0.0013553085736571,-0.0036423722432542,bf16_merged_minus_base,saved_merged_bf16,serialized_bf16_deployed_merged_checkpoint,ef0368fa194c1d0c5a853067d6905a2e592f0dd31f223b0df307d148a1009259,a8e85643f51f8d5a026fa43e98f740a123e807205bcb63b2d1077439ed2d78d4
llama,llama3_2_3b,opd,160,160,14,self_attn.k_proj,16,0.01,31457,1800877,3145728,0.5724833806355795,9400,0.0052196790785822,0.5219725539151998,rank32_norm_matched_lowrank_bf16_mask,32,3,0.5405021613221397,0.001983651229903,-0.0185296074069398,bf16_merged_minus_base,saved_merged_bf16,serialized_bf16_deployed_merged_checkpoint,ef0368fa194c1d0c5a853067d6905a2e592f0dd31f223b0df307d148a1009259,9b6c14881918d6fcab625386213226b3250185f7c95ae857f886fa40744682bb
llama,llama3_2_3b,opd,160,160,14,self_attn.k_proj,16,0.1,314573,1800877,3145728,0.5724833806355795,147635,0.0819795022092014,0.8197945008807073,rank32_norm_matched_lowrank_bf16_mask,32,3,0.8272931175846447,0.0016974379511794,-0.0074986167039374,bf16_merged_minus_base,saved_merged_bf16,serialized_bf16_deployed_merged_checkpoint,ef0368fa194c1d0c5a853067d6905a2e592f0dd31f223b0df307d148a1009259,9b6c14881918d6fcab625386213226b3250185f7c95ae857f886fa40744682bb
llama,llama3_2_3b,opd,160,160,14,self_attn.k_proj,32,0.01,31457,1800877,3145728,0.5724833806355795,7378,0.0040968927916787,0.4096929258283345,rank32_norm_matched_lowrank_bf16_mask,32,3,0.4197596847851132,0.003465147618142,-0.0100667589567787,bf16_merged_minus_base,saved_merged_bf16,serialized_bf16_deployed_merged_checkpoint,ef0368fa194c1d0c5a853067d6905a2e592f0dd31f223b0df307d148a1009259,9b6c14881918d6fcab625386213226b3250185f7c95ae857f886fa40744682bb
llama,llama3_2_3b,opd,160,160,14,self_attn.k_proj,32,0.1,314573,1800877,3145728,0.5724833806355795,134535,0.0747052685996878,0.7470522110338738,rank32_norm_matched_lowrank_bf16_mask,32,3,0.7501476724596268,0.0008313036752639,-0.003095461425753,bf16_merged_minus_base,saved_merged_bf16,serialized_bf16_deployed_merged_checkpoint,ef0368fa194c1d0c5a853067d6905a2e592f0dd31f223b0df307d148a1009259,9b6c14881918d6fcab625386213226b3250185f7c95ae857f886fa40744682bb
llama,llama3_2_3b,opd,160,160,14,self_attn.k_proj,50,0.01,31457,1800877,3145728,0.5724833806355795,5544,0.0030785000863468,0.3078527488197732,rank32_norm_matched_lowrank_bf16_mask,32,3,0.3187621887859494,0.002515816414807,-0.0109094399661762,bf16_merged_minus_base,saved_merged_bf16,serialized_bf16_deployed_merged_checkpoint,ef0368fa194c1d0c5a853067d6905a2e592f0dd31f223b0df307d148a1009259,9b6c14881918d6fcab625386213226b3250185f7c95ae857f886fa40744682bb
llama,llama3_2_3b,opd,160,160,14,self_attn.k_proj,50,0.1,314573,1800877,3145728,0.5724833806355795,122922,0.0682567437976052,0.6825670040116388,rank32_norm_matched_lowrank_bf16_mask,32,3,0.6872535304665116,0.0012122665319457,-0.0046865264548727,bf16_merged_minus_base,saved_merged_bf16,serialized_bf16_deployed_merged_checkpoint,ef0368fa194c1d0c5a853067d6905a2e592f0dd31f223b0df307d148a1009259,9b6c14881918d6fcab625386213226b3250185f7c95ae857f886fa40744682bb
llama,llama3_2_3b,opd,320,320,14,self_attn.k_proj,16,0.01,31457,2087632,3145728,0.6636403401692709,12729,0.006097338994612,0.60973932672674,rank32_norm_matched_lowrank_bf16_mask,32,3,0.6217366972591657,0.0014965153570414,-0.0119973705324256,bf16_merged_minus_base,saved_merged_bf16,serialized_bf16_deployed_merged_checkpoint,ef0368fa194c1d0c5a853067d6905a2e592f0dd31f223b0df307d148a1009259,3af4560a34b67a4c923a9e4297ad17c88c764b24baf649980ab0f61bc77cb155
llama,llama3_2_3b,opd,320,320,14,self_attn.k_proj,16,0.1,314573,2087632,3145728,0.6636403401692709,179584,0.0860228239459828,0.8602276925417904,rank32_norm_matched_lowrank_bf16_mask,32,3,0.8670631487585281,0.0016214798443693,-0.0068354562167376,bf16_merged_minus_base,saved_merged_bf16,serialized_bf16_deployed_merged_checkpoint,ef0368fa194c1d0c5a853067d6905a2e592f0dd31f223b0df307d148a1009259,3af4560a34b67a4c923a9e4297ad17c88c764b24baf649980ab0f61bc77cb155
llama,llama3_2_3b,opd,320,320,14,self_attn.k_proj,32,0.01,31457,2087632,3145728,0.6636403401692709,10464,0.0050123776604305,0.501242227580219,rank32_norm_matched_lowrank_bf16_mask,32,3,0.5118404692744135,0.0013828531424405,-0.0105982416941945,bf16_merged_minus_base,saved_merged_bf16,serialized_bf16_deployed_merged_checkpoint,ef0368fa194c1d0c5a853067d6905a2e592f0dd31f223b0df307d148a1009259,3af4560a34b67a4c923a9e4297ad17c88c764b24baf649980ab0f61bc77cb155
llama,llama3_2_3b,opd,320,320,14,self_attn.k_proj,32,0.1,314573,2087632,3145728,0.6636403401692709,166843,0.0799197368118519,0.7991968600028396,rank32_norm_matched_lowrank_bf16_mask,32,3,0.8024588270007404,0.0018935419415708,-0.0032619669979008,bf16_merged_minus_base,saved_merged_bf16,serialized_bf16_deployed_merged_checkpoint,ef0368fa194c1d0c5a853067d6905a2e592f0dd31f223b0df307d148a1009259,3af4560a34b67a4c923a9e4297ad17c88c764b24baf649980ab0f61bc77cb155
llama,llama3_2_3b,opd,320,320,14,self_attn.k_proj,50,0.01,31457,2087632,3145728,0.6636403401692709,8624,0.0041309962675414,0.4131033037702416,rank32_norm_matched_lowrank_bf16_mask,32,3,0.4204466369366305,0.0020412165923115,-0.0073433331663888,bf16_merged_minus_base,saved_merged_bf16,serialized_bf16_deployed_merged_checkpoint,ef0368fa194c1d0c5a853067d6905a2e592f0dd31f223b0df307d148a1009259,3af4560a34b67a4c923a9e4297ad17c88c764b24baf649980ab0f61bc77cb155
llama,llama3_2_3b,opd,320,320,14,self_attn.k_proj,50,0.1,314573,2087632,3145728,0.6636403401692709,155653,0.0745595967105313,0.7455954930684655,rank32_norm_matched_lowrank_bf16_mask,32,3,0.7503463202089744,0.0025576930834686,-0.0047508271405088,bf16_merged_minus_base,saved_merged_bf16,serialized_bf16_deployed_merged_checkpoint,ef0368fa194c1d0c5a853067d6905a2e592f0dd31f223b0df307d148a1009259,3af4560a34b67a4c923a9e4297ad17c88c764b24baf649980ab0f61bc77cb155
llama,llama3_2_3b,sft,5,5,14,self_attn.k_proj,16,0.01,31457,512321,3145728,0.1628624598185221,1534,0.0029942165165979,0.2994243168237521,rank32_norm_matched_lowrank_bf16_mask,32,3,0.2859638229018997,0.0097069231036057,0.0134604939218523,bf16_merged_minus_base,saved_merged_bf16,serialized_bf16_deployed_merged_checkpoint,ef0368fa194c1d0c5a853067d6905a2e592f0dd31f223b0df307d148a1009259,9bf1e5cb412e53130195410e0c920a2c31f44e091541699fd51b0baa7161cd80
llama,llama3_2_3b,sft,5,5,14,self_attn.k_proj,16,0.1,314573,512321,3145728,0.1628624598185221,34369,0.0670848940410406,0.6708485138964081,rank32_norm_matched_lowrank_bf16_mask,32,3,0.6619825688122825,0.0013033160347009,0.0088659450841256,bf16_merged_minus_base,saved_merged_bf16,serialized_bf16_deployed_merged_checkpoint,ef0368fa194c1d0c5a853067d6905a2e592f0dd31f223b0df307d148a1009259,9bf1e5cb412e53130195410e0c920a2c31f44e091541699fd51b0baa7161cd80
llama,llama3_2_3b,sft,5,5,14,self_attn.k_proj,32,0.01,31457,512321,3145728,0.1628624598185221,966,0.0018855366069319,0.1885553390167826,rank32_norm_matched_lowrank_bf16_mask,32,3,0.1737875935657204,0.004491897570634,0.0147677454510621,bf16_merged_minus_base,saved_merged_bf16,serialized_bf16_deployed_merged_checkpoint,ef0368fa194c1d0c5a853067d6905a2e592f0dd31f223b0df307d148a1009259,9bf1e5cb412e53130195410e0c920a2c31f44e091541699fd51b0baa7161cd80
llama,llama3_2_3b,sft,5,5,14,self_attn.k_proj,32,0.1,314573,512321,3145728,0.1628624598185221,28789,0.0561932850693217,0.56193249342616,rank32_norm_matched_lowrank_bf16_mask,32,3,0.5430285189486325,0.0014621127168624,0.0189039744775275,bf16_merged_minus_base,saved_merged_bf16,serialized_bf16_deployed_merged_checkpoint,ef0368fa194c1d0c5a853067d6905a2e592f0dd31f223b0df307d148a1009259,9bf1e5cb412e53130195410e0c920a2c31f44e091541699fd51b0baa7161cd80
llama,llama3_2_3b,sft,5,5,14,self_attn.k_proj,50,0.01,31457,512321,3145728,0.1628624598185221,485,0.0009466721059648,0.0946680532330637,rank32_norm_matched_lowrank_bf16_mask,32,3,0.0818748894294193,0.0034462511224909,0.0127931638036444,bf16_merged_minus_base,saved_merged_bf16,serialized_bf16_deployed_merged_checkpoint,ef0368fa194c1d0c5a853067d6905a2e592f0dd31f223b0df307d148a1009259,9bf1e5cb412e53130195410e0c920a2c31f44e091541699fd51b0baa7161cd80
llama,llama3_2_3b,sft,5,5,14,self_attn.k_proj,50,0.1,314573,512321,3145728,0.1628624598185221,23980,0.0468065919608995,0.468065622020887,rank32_norm_matched_lowrank_bf16_mask,32,3,0.4444890433841889,0.0007497768394916,0.0235765786366981,bf16_merged_minus_base,saved_merged_bf16,serialized_bf16_deployed_merged_checkpoint,ef0368fa194c1d0c5a853067d6905a2e592f0dd31f223b0df307d148a1009259,9bf1e5cb412e53130195410e0c920a2c31f44e091541699fd51b0baa7161cd80
llama,llama3_2_3b,sft,20,20,14,self_attn.k_proj,16,0.01,31457,1089115,3145728,0.3462203343709309,4133,0.0037948242380281,0.3794858015908616,rank32_norm_matched_lowrank_bf16_mask,32,3,0.3575439758001549,0.0064757897797026,0.0219418257907067,bf16_merged_minus_base,saved_merged_bf16,serialized_bf16_deployed_merged_checkpoint,ef0368fa194c1d0c5a853067d6905a2e592f0dd31f223b0df307d148a1009259,e1109ea83531ed3dfea89a9c0cf0c8a53a58af406beee558ff55fe1767f8ebe9
llama,llama3_2_3b,sft,20,20,14,self_attn.k_proj,16,0.1,314573,1089115,3145728,0.3462203343709309,80229,0.0736643972399608,0.736643504054282,rank32_norm_matched_lowrank_bf16_mask,32,3,0.7225123662245344,0.0033154463676508,0.0141311378297476,bf16_merged_minus_base,saved_merged_bf16,serialized_bf16_deployed_merged_checkpoint,ef0368fa194c1d0c5a853067d6905a2e592f0dd31f223b0df307d148a1009259,e1109ea83531ed3dfea89a9c0cf0c8a53a58af406beee558ff55fe1767f8ebe9
llama,llama3_2_3b,sft,20,20,14,self_attn.k_proj,32,0.01,31457,1089115,3145728,0.3462203343709309,2785,0.0025571220669993,0.2557144828043914,rank32_norm_matched_lowrank_bf16_mask,32,3,0.2362851408501157,0.0052214870635485,0.0194293419542756,bf16_merged_minus_base,saved_merged_bf16,serialized_bf16_deployed_merged_checkpoint,ef0368fa194c1d0c5a853067d6905a2e592f0dd31f223b0df307d148a1009259,e1109ea83531ed3dfea89a9c0cf0c8a53a58af406beee558ff55fe1767f8ebe9
llama,llama3_2_3b,sft,20,20,14,self_attn.k_proj,32,0.1,314573,1089115,3145728,0.3462203343709309,68718,0.0630952654219251,0.6309522530706123,rank32_norm_matched_lowrank_bf16_mask,32,3,0.6137058409872335,0.0024538011320748,0.0172464120833788,bf16_merged_minus_base,saved_merged_bf16,serialized_bf16_deployed_merged_checkpoint,ef0368fa194c1d0c5a853067d6905a2e592f0dd31f223b0df307d148a1009259,e1109ea83531ed3dfea89a9c0cf0c8a53a58af406beee558ff55fe1767f8ebe9
llama,llama3_2_3b,sft,20,20,14,self_attn.k_proj,50,0.01,31457,1089115,3145728,0.3462203343709309,1594,0.0014635736354746,0.1463586662801435,rank32_norm_matched_lowrank_bf16_mask,32,3,0.1349483135750203,0.0015604512462724,0.0114103527051232,bf16_merged_minus_base,saved_merged_bf16,serialized_bf16_deployed_merged_checkpoint,ef0368fa194c1d0c5a853067d6905a2e592f0dd31f223b0df307d148a1009259,e1109ea83531ed3dfea89a9c0cf0c8a53a58af406beee558ff55fe1767f8ebe9
llama,llama3_2_3b,sft,20,20,14,self_attn.k_proj,50,0.1,314573,1089115,3145728,0.3462203343709309,58790,0.0539796072958319,0.539795729765437,rank32_norm_matched_lowrank_bf16_mask,32,3,0.5232870386649361,0.0020543699704357,0.0165086911005009,bf16_merged_minus_base,saved_merged_bf16,serialized_bf16_deployed_merged_checkpoint,ef0368fa194c1d0c5a853067d6905a2e592f0dd31f223b0df307d148a1009259,e1109ea83531ed3dfea89a9c0cf0c8a53a58af406beee558ff55fe1767f8ebe9
llama,llama3_2_3b,sft,40,40,14,self_attn.k_proj,16,0.01,31457,1429918,3145728,0.4545586903889974,6331,0.0044275266134141,0.4427566023003532,rank32_norm_matched_lowrank_bf16_mask,32,3,0.434277370070642,0.0046890584502962,0.0084792322297112,bf16_merged_minus_base,saved_merged_bf16,serialized_bf16_deployed_merged_checkpoint,ef0368fa194c1d0c5a853067d6905a2e592f0dd31f223b0df307d148a1009259,c80f79b13081eae36b29d2bbde8e6983524256e7e7ce6ec0a5c0681b4e920735
llama,llama3_2_3b,sft,40,40,14,self_attn.k_proj,16,0.1,314573,1429918,3145728,0.4545586903889974,111154,0.0777345274344403,0.7773447801219018,rank32_norm_matched_lowrank_bf16_mask,32,3,0.7736244456770628,0.0037277573381467,0.0037203344448389,bf16_merged_minus_base,saved_merged_bf16,serialized_bf16_deployed_merged_checkpoint,ef0368fa194c1d0c5a853067d6905a2e592f0dd31f223b0df307d148a1009259,c80f79b13081eae36b29d2bbde8e6983524256e7e7ce6ec0a5c0681b4e920735
llama,llama3_2_3b,sft,40,40,14,self_attn.k_proj,32,0.01,31457,1429918,3145728,0.4545586903889974,4544,0.0031778046013827,0.3177832887147062,rank32_norm_matched_lowrank_bf16_mask,32,3,0.3148216136164829,0.0035990430440438,0.0029616750982233,bf16_merged_minus_base,saved_merged_bf16,serialized_bf16_deployed_merged_checkpoint,ef0368fa194c1d0c5a853067d6905a2e592f0dd31f223b0df307d148a1009259,c80f79b13081eae36b29d2bbde8e6983524256e7e7ce6ec0a5c0681b4e920735
llama,llama3_2_3b,sft,40,40,14,self_attn.k_proj,32,0.1,314573,1429918,3145728,0.4545586903889974,97847,0.0684283993907342,0.6842835588515729,rank32_norm_matched_lowrank_bf16_mask,32,3,0.6785619776797659,0.003102397259551,0.0057215811718069,bf16_merged_minus_base,saved_merged_bf16,serialized_bf16_deployed_merged_checkpoint,ef0368fa194c1d0c5a853067d6905a2e592f0dd31f223b0df307d148a1009259,c80f79b13081eae36b29d2bbde8e6983524256e7e7ce6ec0a5c0681b4e920735
llama,llama3_2_3b,sft,40,40,14,self_attn.k_proj,50,0.01,31457,1429918,3145728,0.4545586903889974,3015,0.0021085125161023,0.2108531284055544,rank32_norm_matched_lowrank_bf16_mask,32,3,0.2095775231472945,0.0035215665668302,0.0012756052582599,bf16_merged_minus_base,saved_merged_bf16,serialized_bf16_deployed_merged_checkpoint,ef0368fa194c1d0c5a853067d6905a2e592f0dd31f223b0df307d148a1009259,c80f79b13081eae36b29d2bbde8e6983524256e7e7ce6ec0a5c0681b4e920735
llama,llama3_2_3b,sft,40,40,14,self_attn.k_proj,50,0.1,314573,1429918,3145728,0.4545586903889974,86293,0.0603482157718134,0.603481774034756,rank32_norm_matched_lowrank_bf16_mask,32,3,0.5990340720142394,0.0025308576419398,0.0044477020205165,bf16_merged_minus_base,saved_merged_bf16,serialized_bf16_deployed_merged_checkpoint,ef0368fa194c1d0c5a853067d6905a2e592f0dd31f223b0df307d148a1009259,c80f79b13081eae36b29d2bbde8e6983524256e7e7ce6ec0a5c0681b4e920735
llama,llama3_2_3b,sft,80,80,14,self_attn.k_proj,16,0.01,31457,1769595,3145728,0.5625391006469727,9330,0.0052723928356488,0.5272439765425799,rank32_norm_matched_lowrank_bf16_mask,32,3,0.5196660290364129,0.0086176889754382,0.007577947506167,bf16_merged_minus_base,saved_merged_bf16,serialized_bf16_deployed_merged_checkpoint,ef0368fa194c1d0c5a853067d6905a2e592f0dd31f223b0df307d148a1009259,6cccce28a36839d4cd2fede68aff6ac658be9e8416afc1b81e7a81d7ebcb7fc0
llama,llama3_2_3b,sft,80,80,14,self_attn.k_proj,16,0.1,314573,1769595,3145728,0.5625391006469727,144942,0.081906876997279,0.819068249223222,rank32_norm_matched_lowrank_bf16_mask,32,3,0.8203492695971981,0.002783773765527,-0.0012810203739761,bf16_merged_minus_base,saved_merged_bf16,serialized_bf16_deployed_merged_checkpoint,ef0368fa194c1d0c5a853067d6905a2e592f0dd31f223b0df307d148a1009259,6cccce28a36839d4cd2fede68aff6ac658be9e8416afc1b81e7a81d7ebcb7fc0
llama,llama3_2_3b,sft,80,80,14,self_attn.k_proj,32,0.01,31457,1769595,3145728,0.5625391006469727,6977,0.0039427100551256,0.3942745149343601,rank32_norm_matched_lowrank_bf16_mask,32,3,0.3989405439470559,0.0015174158758376,-0.0046660290126958,bf16_merged_minus_base,saved_merged_bf16,serialized_bf16_deployed_merged_checkpoint,ef0368fa194c1d0c5a853067d6905a2e592f0dd31f223b0df307d148a1009259,6cccce28a36839d4cd2fede68aff6ac658be9e8416afc1b81e7a81d7ebcb7fc0
llama,llama3_2_3b,sft,80,80,14,self_attn.k_proj,32,0.1,314573,1769595,3145728,0.5625391006469727,131006,0.0740316287060033,0.7403158163799134,rank32_norm_matched_lowrank_bf16_mask,32,3,0.7387514805527032,0.0026914517278069,0.0015643358272101,bf16_merged_minus_base,saved_merged_bf16,serialized_bf16_deployed_merged_checkpoint,ef0368fa194c1d0c5a853067d6905a2e592f0dd31f223b0df307d148a1009259,6cccce28a36839d4cd2fede68aff6ac658be9e8416afc1b81e7a81d7ebcb7fc0
llama,llama3_2_3b,sft,80,80,14,self_attn.k_proj,50,0.01,31457,1769595,3145728,0.5625391006469727,5142,0.0029057496206759,0.2905775484868109,rank32_norm_matched_lowrank_bf16_mask,32,3,0.2921287952204973,0.001340258178909,-0.0015512467336863,bf16_merged_minus_base,saved_merged_bf16,serialized_bf16_deployed_merged_checkpoint,ef0368fa194c1d0c5a853067d6905a2e592f0dd31f223b0df307d148a1009259,6cccce28a36839d4cd2fede68aff6ac658be9e8416afc1b81e7a81d7ebcb7fc0
llama,llama3_2_3b,sft,80,80,14,self_attn.k_proj,50,0.1,314573,1769595,3145728,0.5625391006469727,118974,0.0672323328219168,0.6723229007677802,rank32_norm_matched_lowrank_bf16_mask,32,3,0.6730431470681454,0.0035185143174676,-0.0007202463003651,bf16_merged_minus_base,saved_merged_bf16,serialized_bf16_deployed_merged_checkpoint,ef0368fa194c1d0c5a853067d6905a2e592f0dd31f223b0df307d148a1009259,6cccce28a36839d4cd2fede68aff6ac658be9e8416afc1b81e7a81d7ebcb7fc0
llama,llama3_2_3b,sft,160,160,14,self_attn.k_proj,16,0.01,31457,2079370,3145728,0.6610139211018881,12866,0.0061874510067953,0.6187506081541231,rank32_norm_matched_lowrank_bf16_mask,32,3,0.6161909875323691,0.0016892197415994,0.0025596206217539,bf16_merged_minus_base,saved_merged_bf16,serialized_bf16_deployed_merged_checkpoint,ef0368fa194c1d0c5a853067d6905a2e592f0dd31f223b0df307d148a1009259,23de5d388dac0614bee45c664162c53e85f03c0ba0e868d200e2b1bebb3771ca
llama,llama3_2_3b,sft,160,160,14,self_attn.k_proj,16,0.1,314573,2079370,3145728,0.6610139211018881,179483,0.0863160476490475,0.8631599277081728,rank32_norm_matched_lowrank_bf16_mask,32,3,0.8631313173727561,0.0006330087891851,2.8610335416789923e-05,bf16_merged_minus_base,saved_merged_bf16,serialized_bf16_deployed_merged_checkpoint,ef0368fa194c1d0c5a853067d6905a2e592f0dd31f223b0df307d148a1009259,23de5d388dac0614bee45c664162c53e85f03c0ba0e868d200e2b1bebb3771ca
llama,llama3_2_3b,sft,160,160,14,self_attn.k_proj,32,0.01,31457,2079370,3145728,0.6610139211018881,10299,0.0049529424777697,0.4952986564106415,rank32_norm_matched_lowrank_bf16_mask,32,3,0.5046260757997438,0.0029698794375174,-0.0093274193891023,bf16_merged_minus_base,saved_merged_bf16,serialized_bf16_deployed_merged_checkpoint,ef0368fa194c1d0c5a853067d6905a2e592f0dd31f223b0df307d148a1009259,23de5d388dac0614bee45c664162c53e85f03c0ba0e868d200e2b1bebb3771ca
llama,llama3_2_3b,sft,160,160,14,self_attn.k_proj,32,0.1,314573,2079370,3145728,0.6610139211018881,165766,0.0797193380687419,0.7971928738458405,rank32_norm_matched_lowrank_bf16_mask,32,3,0.7997501505951373,0.000437417725714,-0.0025572767492968,bf16_merged_minus_base,saved_merged_bf16,serialized_bf16_deployed_merged_checkpoint,ef0368fa194c1d0c5a853067d6905a2e592f0dd31f223b0df307d148a1009259,23de5d388dac0614bee45c664162c53e85f03c0ba0e868d200e2b1bebb3771ca
llama,llama3_2_3b,sft,160,160,14,self_attn.k_proj,50,0.01,31457,2079370,3145728,0.6610139211018881,8377,0.004028624054401,0.4028659913342988,rank32_norm_matched_lowrank_bf16_mask,32,3,0.4108415465525154,0.0028495348606417,-0.0079755552182165,bf16_merged_minus_base,saved_merged_bf16,serialized_bf16_deployed_merged_checkpoint,ef0368fa194c1d0c5a853067d6905a2e592f0dd31f223b0df307d148a1009259,23de5d388dac0614bee45c664162c53e85f03c0ba0e868d200e2b1bebb3771ca
llama,llama3_2_3b,sft,160,160,14,self_attn.k_proj,50,0.1,314573,2079370,3145728,0.6610139211018881,154898,0.0744927550171446,0.7449270765595658,rank32_norm_matched_lowrank_bf16_mask,32,3,0.7470384780940004,0.0016878376506557,-0.0021114015344345,bf16_merged_minus_base,saved_merged_bf16,serialized_bf16_deployed_merged_checkpoint,ef0368fa194c1d0c5a853067d6905a2e592f0dd31f223b0df307d148a1009259,23de5d388dac0614bee45c664162c53e85f03c0ba0e868d200e2b1bebb3771ca
llama,llama3_2_3b,sft,320,320,14,self_attn.k_proj,16,0.01,31457,2362301,3145728,0.7509552637736002,16605,0.0070291635147256,0.7029226081587882,rank32_norm_matched_lowrank_bf16_mask,32,3,0.707002609706549,0.0013372044645314,-0.0040800015477608,bf16_merged_minus_base,saved_merged_bf16,serialized_bf16_deployed_merged_checkpoint,ef0368fa194c1d0c5a853067d6905a2e592f0dd31f223b0df307d148a1009259,751aaa74b578bc6cbd427b5c0e2230c3d194994dfc8d3594f52043a16ec73a13
llama,llama3_2_3b,sft,320,320,14,self_attn.k_proj,16,0.1,314573,2362301,3145728,0.7509552637736002,212321,0.0898788935025638,0.8987883635913859,rank32_norm_matched_lowrank_bf16_mask,32,3,0.899813123115493,0.0022587905940818,-0.001024759524107,bf16_merged_minus_base,saved_merged_bf16,serialized_bf16_deployed_merged_checkpoint,ef0368fa194c1d0c5a853067d6905a2e592f0dd31f223b0df307d148a1009259,751aaa74b578bc6cbd427b5c0e2230c3d194994dfc8d3594f52043a16ec73a13
llama,llama3_2_3b,sft,320,320,14,self_attn.k_proj,32,0.01,31457,2362301,3145728,0.7509552637736002,14017,0.0059336214986997,0.5933674314099208,rank32_norm_matched_lowrank_bf16_mask,32,3,0.6179014635862541,0.0033004709914983,-0.0245340321763333,bf16_merged_minus_base,saved_merged_bf16,serialized_bf16_deployed_merged_checkpoint,ef0368fa194c1d0c5a853067d6905a2e592f0dd31f223b0df307d148a1009259,751aaa74b578bc6cbd427b5c0e2230c3d194994dfc8d3594f52043a16ec73a13
llama,llama3_2_3b,sft,320,320,14,self_attn.k_proj,32,0.1,314573,2362301,3145728,0.7509552637736002,200046,0.0846826886158876,0.8468263477611842,rank32_norm_matched_lowrank_bf16_mask,32,3,0.8517776856013332,0.0014847309226916,-0.004951337840149,bf16_merged_minus_base,saved_merged_bf16,serialized_bf16_deployed_merged_checkpoint,ef0368fa194c1d0c5a853067d6905a2e592f0dd31f223b0df307d148a1009259,751aaa74b578bc6cbd427b5c0e2230c3d194994dfc8d3594f52043a16ec73a13
llama,llama3_2_3b,sft,320,320,14,self_attn.k_proj,50,0.01,31457,2362301,3145728,0.7509552637736002,12143,0.0051403271640658,0.5140372918321087,rank32_norm_matched_lowrank_bf16_mask,32,3,0.5430448666080742,0.0044818071691254,-0.0290075747759654,bf16_merged_minus_base,saved_merged_bf16,serialized_bf16_deployed_merged_checkpoint,ef0368fa194c1d0c5a853067d6905a2e592f0dd31f223b0df307d148a1009259,751aaa74b578bc6cbd427b5c0e2230c3d194994dfc8d3594f52043a16ec73a13
llama,llama3_2_3b,sft,320,320,14,self_attn.k_proj,50,0.1,314573,2362301,3145728,0.7509552637736002,190633,0.0806980143512617,0.806979630448786,rank32_norm_matched_lowrank_bf16_mask,32,3,0.8129608552198668,0.0011239347207939,-0.0059812247710808,bf16_merged_minus_base,saved_merged_bf16,serialized_bf16_deployed_merged_checkpoint,ef0368fa194c1d0c5a853067d6905a2e592f0dd31f223b0df307d148a1009259,751aaa74b578bc6cbd427b5c0e2230c3d194994dfc8d3594f52043a16ec73a13
llama,llama3_2_3b,offkd,5,5,14,self_attn.k_proj,16,0.01,31457,463989,3145728,0.1474981307983398,1386,0.002987139781331,0.2987166369980251,rank32_norm_matched_lowrank_bf16_mask,32,3,0.2790500443181704,0.0073666355157668,0.0196665926798547,bf16_merged_minus_base,saved_merged_bf16,serialized_bf16_deployed_merged_checkpoint,ef0368fa194c1d0c5a853067d6905a2e592f0dd31f223b0df307d148a1009259,8be871a177e6237d30ddff9ecc0a077e9a60ff852135d63e43b1abed3d1979f8
llama,llama3_2_3b,offkd,5,5,14,self_attn.k_proj,16,0.1,314573,463989,3145728,0.1474981307983398,30953,0.0667106332262187,0.6671059081276733,rank32_norm_matched_lowrank_bf16_mask,32,3,0.6635677588703032,0.0023772087744631,0.0035381492573701,bf16_merged_minus_base,saved_merged_bf16,serialized_bf16_deployed_merged_checkpoint,ef0368fa194c1d0c5a853067d6905a2e592f0dd31f223b0df307d148a1009259,8be871a177e6237d30ddff9ecc0a077e9a60ff852135d63e43b1abed3d1979f8
llama,llama3_2_3b,offkd,5,5,14,self_attn.k_proj,32,0.01,31457,463989,3145728,0.1474981307983398,793,0.0017090922414108,0.1709107454108469,rank32_norm_matched_lowrank_bf16_mask,32,3,0.1696251250399545,0.0058201150682778,0.0012856203708924,bf16_merged_minus_base,saved_merged_bf16,serialized_bf16_deployed_merged_checkpoint,ef0368fa194c1d0c5a853067d6905a2e592f0dd31f223b0df307d148a1009259,8be871a177e6237d30ddff9ecc0a077e9a60ff852135d63e43b1abed3d1979f8
llama,llama3_2_3b,offkd,5,5,14,self_attn.k_proj,32,0.1,314573,463989,3145728,0.1474981307983398,25148,0.0541995607654491,0.5419952630631838,rank32_norm_matched_lowrank_bf16_mask,32,3,0.5426129950589061,0.002979026200839,-0.0006177319957223,bf16_merged_minus_base,saved_merged_bf16,serialized_bf16_deployed_merged_checkpoint,ef0368fa194c1d0c5a853067d6905a2e592f0dd31f223b0df307d148a1009259,8be871a177e6237d30ddff9ecc0a077e9a60ff852135d63e43b1abed3d1979f8
llama,llama3_2_3b,offkd,5,5,14,self_attn.k_proj,50,0.01,31457,463989,3145728,0.1474981307983398,403,0.0008685550735038,0.0868562804546927,rank32_norm_matched_lowrank_bf16_mask,32,3,0.0794372940690824,0.0038155702507148,0.0074189863856103,bf16_merged_minus_base,saved_merged_bf16,serialized_bf16_deployed_merged_checkpoint,ef0368fa194c1d0c5a853067d6905a2e592f0dd31f223b0df307d148a1009259,8be871a177e6237d30ddff9ecc0a077e9a60ff852135d63e43b1abed3d1979f8
llama,llama3_2_3b,offkd,5,5,14,self_attn.k_proj,50,0.1,314573,463989,3145728,0.1474981307983398,20637,0.0444773475233249,0.4447731924540689,rank32_norm_matched_lowrank_bf16_mask,32,3,0.4428274038443802,0.003765027543307,0.0019457886096886,bf16_merged_minus_base,saved_merged_bf16,serialized_bf16_deployed_merged_checkpoint,ef0368fa194c1d0c5a853067d6905a2e592f0dd31f223b0df307d148a1009259,8be871a177e6237d30ddff9ecc0a077e9a60ff852135d63e43b1abed3d1979f8
llama,llama3_2_3b,offkd,20,20,14,self_attn.k_proj,16,0.01,31457,899317,3145728,0.2858851750691731,2978,0.0033114018749784,0.3311431349897393,rank32_norm_matched_lowrank_bf16_mask,32,3,0.3300968370969734,0.0064466114452583,0.0010462978927658,bf16_merged_minus_base,saved_merged_bf16,serialized_bf16_deployed_merged_checkpoint,ef0368fa194c1d0c5a853067d6905a2e592f0dd31f223b0df307d148a1009259,548288cc66078a9355fe9a14846ca50f0edf786f3e4633572c26d7bc204921ee
llama,llama3_2_3b,offkd,20,20,14,self_attn.k_proj,16,0.1,314573,899317,3145728,0.2858851750691731,63266,0.0703489425864294,0.7034889785980476,rank32_norm_matched_lowrank_bf16_mask,32,3,0.7000335066400524,0.0065373104692127,0.0034554719579952,bf16_merged_minus_base,saved_merged_bf16,serialized_bf16_deployed_merged_checkpoint,ef0368fa194c1d0c5a853067d6905a2e592f0dd31f223b0df307d148a1009259,548288cc66078a9355fe9a14846ca50f0edf786f3e4633572c26d7bc204921ee
llama,llama3_2_3b,offkd,20,20,14,self_attn.k_proj,32,0.01,31457,899317,3145728,0.2858851750691731,1896,0.0021082666067693,0.2108285372533733,rank32_norm_matched_lowrank_bf16_mask,32,3,0.2115798596365562,0.0032316585924255,-0.0007513223831829,bf16_merged_minus_base,saved_merged_bf16,serialized_bf16_deployed_merged_checkpoint,ef0368fa194c1d0c5a853067d6905a2e592f0dd31f223b0df307d148a1009259,548288cc66078a9355fe9a14846ca50f0edf786f3e4633572c26d7bc204921ee
llama,llama3_2_3b,offkd,20,20,14,self_attn.k_proj,32,0.1,314573,899317,3145728,0.2858851750691731,52763,0.0586700796270947,0.5867004232568644,rank32_norm_matched_lowrank_bf16_mask,32,3,0.5862636882758768,0.0047933429213033,0.0004367349809876,bf16_merged_minus_base,saved_merged_bf16,serialized_bf16_deployed_merged_checkpoint,ef0368fa194c1d0c5a853067d6905a2e592f0dd31f223b0df307d148a1009259,548288cc66078a9355fe9a14846ca50f0edf786f3e4633572c26d7bc204921ee
llama,llama3_2_3b,offkd,20,20,14,self_attn.k_proj,50,0.01,31457,899317,3145728,0.2858851750691731,1048,0.0011653287995223,0.1165339172159996,rank32_norm_matched_lowrank_bf16_mask,32,3,0.1094322729505625,0.001719225728567,0.007101644265437,bf16_merged_minus_base,saved_merged_bf16,serialized_bf16_deployed_merged_checkpoint,ef0368fa194c1d0c5a853067d6905a2e592f0dd31f223b0df307d148a1009259,548288cc66078a9355fe9a14846ca50f0edf786f3e4633572c26d7bc204921ee
llama,llama3_2_3b,offkd,20,20,14,self_attn.k_proj,50,0.1,314573,899317,3145728,0.2858851750691731,44572,0.0495620565384619,0.4956202502777507,rank32_norm_matched_lowrank_bf16_mask,32,3,0.4920909431288087,0.0027508797518318,0.003529307148942,bf16_merged_minus_base,saved_merged_bf16,serialized_bf16_deployed_merged_checkpoint,ef0368fa194c1d0c5a853067d6905a2e592f0dd31f223b0df307d148a1009259,548288cc66078a9355fe9a14846ca50f0edf786f3e4633572c26d7bc204921ee
llama,llama3_2_3b,offkd,40,40,14,self_attn.k_proj,16,0.01,31457,1144262,3145728,0.3637510935465495,4302,0.003759628476695,0.3759661941296652,rank32_norm_matched_lowrank_bf16_mask,32,3,0.3637680976373998,0.0096345364359608,0.0121980964922654,bf16_merged_minus_base,saved_merged_bf16,serialized_bf16_deployed_merged_checkpoint,ef0368fa194c1d0c5a853067d6905a2e592f0dd31f223b0df307d148a1009259,fa38a210234cc454f516c4a5340889e1657c2428e4dd462dc17acc4a4a619390
llama,llama3_2_3b,offkd,40,40,14,self_attn.k_proj,16,0.1,314573,1144262,3145728,0.3637510935465495,84277,0.0736518384775514,0.7365179165100344,rank32_norm_matched_lowrank_bf16_mask,32,3,0.7278745584346936,0.0055180653398006,0.0086433580753407,bf16_merged_minus_base,saved_merged_bf16,serialized_bf16_deployed_merged_checkpoint,ef0368fa194c1d0c5a853067d6905a2e592f0dd31f223b0df307d148a1009259,fa38a210234cc454f516c4a5340889e1657c2428e4dd462dc17acc4a4a619390
llama,llama3_2_3b,offkd,40,40,14,self_attn.k_proj,32,0.01,31457,1144262,3145728,0.3637510935465495,2784,0.0024330092234121,0.2433030879723356,rank32_norm_matched_lowrank_bf16_mask,32,3,0.2415173921340588,0.0084999217667093,0.0017856958382768,bf16_merged_minus_base,saved_merged_bf16,serialized_bf16_deployed_merged_checkpoint,ef0368fa194c1d0c5a853067d6905a2e592f0dd31f223b0df307d148a1009259,fa38a210234cc454f516c4a5340889e1657c2428e4dd462dc17acc4a4a619390
llama,llama3_2_3b,offkd,40,40,14,self_attn.k_proj,32,0.1,314573,1144262,3145728,0.3637510935465495,71613,0.062584443073352,0.6258440328326007,rank32_norm_matched_lowrank_bf16_mask,32,3,0.6207323244209246,0.0033724374627553,0.005111708411676,bf16_merged_minus_base,saved_merged_bf16,serialized_bf16_deployed_merged_checkpoint,ef0368fa194c1d0c5a853067d6905a2e592f0dd31f223b0df307d148a1009259,fa38a210234cc454f516c4a5340889e1657c2428e4dd462dc17acc4a4a619390
llama,llama3_2_3b,offkd,40,40,14,self_attn.k_proj,50,0.01,31457,1144262,3145728,0.3637510935465495,1662,0.0014524645579421,0.1452477486386572,rank32_norm_matched_lowrank_bf16_mask,32,3,0.1390137425328075,0.002014945855984,0.0062340061058497,bf16_merged_minus_base,saved_merged_bf16,serialized_bf16_deployed_merged_checkpoint,ef0368fa194c1d0c5a853067d6905a2e592f0dd31f223b0df307d148a1009259,fa38a210234cc454f516c4a5340889e1657c2428e4dd462dc17acc4a4a619390
llama,llama3_2_3b,offkd,40,40,14,self_attn.k_proj,50,0.1,314573,1144262,3145728,0.3637510935465495,61351,0.053616217264927,0.5361618317667587,rank32_norm_matched_lowrank_bf16_mask,32,3,0.5325237757009448,0.0027905875824159,0.0036380560658139,bf16_merged_minus_base,saved_merged_bf16,serialized_bf16_deployed_merged_checkpoint,ef0368fa194c1d0c5a853067d6905a2e592f0dd31f223b0df307d148a1009259,fa38a210234cc454f516c4a5340889e1657c2428e4dd462dc17acc4a4a619390
llama,llama3_2_3b,offkd,80,80,14,self_attn.k_proj,16,0.01,31457,1406780,3145728,0.4472033182779948,5882,0.0041811797153783,0.4181216932224244,rank32_norm_matched_lowrank_bf16_mask,32,3,0.4271848477582796,0.008660057500935,-0.0090631545358552,bf16_merged_minus_base,saved_merged_bf16,serialized_bf16_deployed_merged_checkpoint,ef0368fa194c1d0c5a853067d6905a2e592f0dd31f223b0df307d148a1009259,52393f1d5c91d7963ec76f2328d1a057c126c4de88399edacbd82ea72fa5199d
llama,llama3_2_3b,offkd,80,80,14,self_attn.k_proj,16,0.1,314573,1406780,3145728,0.4472033182779948,107298,0.0762720539103484,0.7627200541791337,rank32_norm_matched_lowrank_bf16_mask,32,3,0.7689335898848361,0.0017174946679053,-0.0062135357057023,bf16_merged_minus_base,saved_merged_bf16,serialized_bf16_deployed_merged_checkpoint,ef0368fa194c1d0c5a853067d6905a2e592f0dd31f223b0df307d148a1009259,52393f1d5c91d7963ec76f2328d1a057c126c4de88399edacbd82ea72fa5199d
llama,llama3_2_3b,offkd,80,80,14,self_attn.k_proj,32,0.01,31457,1406780,3145728,0.4472033182779948,4032,0.0028661197912964,0.2866145302741951,rank32_norm_matched_lowrank_bf16_mask,32,3,0.3034209109990161,0.0053973310515952,-0.0168063807248209,bf16_merged_minus_base,saved_merged_bf16,serialized_bf16_deployed_merged_checkpoint,ef0368fa194c1d0c5a853067d6905a2e592f0dd31f223b0df307d148a1009259,52393f1d5c91d7963ec76f2328d1a057c126c4de88399edacbd82ea72fa5199d
llama,llama3_2_3b,offkd,80,80,14,self_attn.k_proj,32,0.1,314573,1406780,3145728,0.4472033182779948,93026,0.0661268997284579,0.6612685768613402,rank32_norm_matched_lowrank_bf16_mask,32,3,0.670233648905493,0.0022998393982184,-0.0089650720441527,bf16_merged_minus_base,saved_merged_bf16,serialized_bf16_deployed_merged_checkpoint,ef0368fa194c1d0c5a853067d6905a2e592f0dd31f223b0df307d148a1009259,52393f1d5c91d7963ec76f2328d1a057c126c4de88399edacbd82ea72fa5199d
llama,llama3_2_3b,offkd,80,80,14,self_attn.k_proj,50,0.01,31457,1406780,3145728,0.4472033182779948,2622,0.0018638308761853,0.1863847466217607,rank32_norm_matched_lowrank_bf16_mask,32,3,0.1967872951452063,0.0062191219259166,-0.0104025485234455,bf16_merged_minus_base,saved_merged_bf16,serialized_bf16_deployed_merged_checkpoint,ef0368fa194c1d0c5a853067d6905a2e592f0dd31f223b0df307d148a1009259,52393f1d5c91d7963ec76f2328d1a057c126c4de88399edacbd82ea72fa5199d
llama,llama3_2_3b,offkd,80,80,14,self_attn.k_proj,50,0.1,314573,1406780,3145728,0.4472033182779948,81012,0.0575868294971495,0.5758679288445262,rank32_norm_matched_lowrank_bf16_mask,32,3,0.5914328122257291,0.0032045008009362,-0.0155648833812028,bf16_merged_minus_base,saved_merged_bf16,serialized_bf16_deployed_merged_checkpoint,ef0368fa194c1d0c5a853067d6905a2e592f0dd31f223b0df307d148a1009259,52393f1d5c91d7963ec76f2328d1a057c126c4de88399edacbd82ea72fa5199d
llama,llama3_2_3b,offkd,160,160,14,self_attn.k_proj,16,0.01,31457,1761616,3145728,0.5600026448567709,9184,0.0052133949737059,0.5213441378340625,rank32_norm_matched_lowrank_bf16_mask,32,3,0.5203846903893333,0.0033857620830273,0.0009594474447292,bf16_merged_minus_base,saved_merged_bf16,serialized_bf16_deployed_merged_checkpoint,ef0368fa194c1d0c5a853067d6905a2e592f0dd31f223b0df307d148a1009259,85fdbffa648a9e4b7072a9de617250aee1ab47a58e07eae4c2cbfc10f9d87123
llama,llama3_2_3b,offkd,160,160,14,self_attn.k_proj,16,0.1,314573,1761616,3145728,0.5600026448567709,143616,0.08152514509405,0.8152509326179163,rank32_norm_matched_lowrank_bf16_mask,32,3,0.8181903525161864,0.0021834364654136,-0.0029394198982701,bf16_merged_minus_base,saved_merged_bf16,serialized_bf16_deployed_merged_checkpoint,ef0368fa194c1d0c5a853067d6905a2e592f0dd31f223b0df307d148a1009259,85fdbffa648a9e4b7072a9de617250aee1ab47a58e07eae4c2cbfc10f9d87123
llama,llama3_2_3b,offkd,160,160,14,self_attn.k_proj,32,0.01,31457,1761616,3145728,0.5600026448567709,6771,0.0038436299397825,0.3843664152084535,rank32_norm_matched_lowrank_bf16_mask,32,3,0.3965986537080663,0.0022580184130693,-0.0122322384996128,bf16_merged_minus_base,saved_merged_bf16,serialized_bf16_deployed_merged_checkpoint,ef0368fa194c1d0c5a853067d6905a2e592f0dd31f223b0df307d148a1009259,85fdbffa648a9e4b7072a9de617250aee1ab47a58e07eae4c2cbfc10f9d87123
llama,llama3_2_3b,offkd,160,160,14,self_attn.k_proj,32,0.1,314573,1761616,3145728,0.5600026448567709,128345,0.0728564000326972,0.7285635371187504,rank32_norm_matched_lowrank_bf16_mask,32,3,0.7369696608315449,0.0016002385154978,-0.0084061237127944,bf16_merged_minus_base,saved_merged_bf16,serialized_bf16_deployed_merged_checkpoint,ef0368fa194c1d0c5a853067d6905a2e592f0dd31f223b0df307d148a1009259,85fdbffa648a9e4b7072a9de617250aee1ab47a58e07eae4c2cbfc10f9d87123
llama,llama3_2_3b,offkd,160,160,14,self_attn.k_proj,50,0.01,31457,1761616,3145728,0.5600026448567709,4880,0.0027701837403838,0.2770208397898764,rank32_norm_matched_lowrank_bf16_mask,32,3,0.2932817976048489,0.0024612525544135,-0.0162609578149725,bf16_merged_minus_base,saved_merged_bf16,serialized_bf16_deployed_merged_checkpoint,ef0368fa194c1d0c5a853067d6905a2e592f0dd31f223b0df307d148a1009259,85fdbffa648a9e4b7072a9de617250aee1ab47a58e07eae4c2cbfc10f9d87123
llama,llama3_2_3b,offkd,160,160,14,self_attn.k_proj,50,0.1,314573,1761616,3145728,0.5600026448567709,116006,0.0658520358579849,0.6585199399041471,rank32_norm_matched_lowrank_bf16_mask,32,3,0.6704148745593472,0.0020068587618558,-0.0118949346552,bf16_merged_minus_base,saved_merged_bf16,serialized_bf16_deployed_merged_checkpoint,ef0368fa194c1d0c5a853067d6905a2e592f0dd31f223b0df307d148a1009259,85fdbffa648a9e4b7072a9de617250aee1ab47a58e07eae4c2cbfc10f9d87123
llama,llama3_2_3b,offkd,320,320,14,self_attn.k_proj,16,0.01,31457,1985242,3145728,0.6310914357503256,11500,0.0057927446628672,0.5792796224316438,rank32_norm_matched_lowrank_bf16_mask,32,3,0.581775951703352,0.0093992382577449,-0.0024963292717081,bf16_merged_minus_base,saved_merged_bf16,serialized_bf16_deployed_merged_checkpoint,ef0368fa194c1d0c5a853067d6905a2e592f0dd31f223b0df307d148a1009259,36fe4f790834ecac982b3e35232d6d122ca1668945d0499effb3df1c6eceb861
llama,llama3_2_3b,offkd,320,320,14,self_attn.k_proj,16,0.1,314573,1985242,3145728,0.6310914357503256,168019,0.0846340143922,0.8463396058337704,rank32_norm_matched_lowrank_bf16_mask,32,3,0.8496970064925202,0.0041026239686325,-0.0033574006587497,bf16_merged_minus_base,saved_merged_bf16,serialized_bf16_deployed_merged_checkpoint,ef0368fa194c1d0c5a853067d6905a2e592f0dd31f223b0df307d148a1009259,36fe4f790834ecac982b3e35232d6d122ca1668945d0499effb3df1c6eceb861
llama,llama3_2_3b,offkd,320,320,14,self_attn.k_proj,32,0.01,31457,1985242,3145728,0.6310914357503256,9245,0.0046568629920181,0.4656904442939605,rank32_norm_matched_lowrank_bf16_mask,32,3,0.4733173046784235,0.0045342106453936,-0.0076268603844629,bf16_merged_minus_base,saved_merged_bf16,serialized_bf16_deployed_merged_checkpoint,ef0368fa194c1d0c5a853067d6905a2e592f0dd31f223b0df307d148a1009259,36fe4f790834ecac982b3e35232d6d122ca1668945d0499effb3df1c6eceb861
llama,llama3_2_3b,offkd,320,320,14,self_attn.k_proj,32,0.1,314573,1985242,3145728,0.6310914357503256,153680,0.0774112173729953,0.7741116815630009,rank32_norm_matched_lowrank_bf16_mask,32,3,0.7811531172150573,0.0026415765008572,-0.0070414356520563,bf16_merged_minus_base,saved_merged_bf16,serialized_bf16_deployed_merged_checkpoint,ef0368fa194c1d0c5a853067d6905a2e592f0dd31f223b0df307d148a1009259,36fe4f790834ecac982b3e35232d6d122ca1668945d0499effb3df1c6eceb861
llama,llama3_2_3b,offkd,320,320,14,self_attn.k_proj,50,0.01,31457,1985242,3145728,0.6310914357503256,7113,0.0035829385032152,0.3582970395092419,rank32_norm_matched_lowrank_bf16_mask,32,3,0.3739465154722605,0.0064608627805395,-0.0156494759630185,bf16_merged_minus_base,saved_merged_bf16,serialized_bf16_deployed_merged_checkpoint,ef0368fa194c1d0c5a853067d6905a2e592f0dd31f223b0df307d148a1009259,36fe4f790834ecac982b3e35232d6d122ca1668945d0499effb3df1c6eceb861
llama,llama3_2_3b,offkd,320,320,14,self_attn.k_proj,50,0.1,314573,1985242,3145728,0.6310914357503256,141729,0.0713912963759582,0.7139125098662321,rank32_norm_matched_lowrank_bf16_mask,32,3,0.7244727601538553,0.0032412691785911,-0.0105602502876231,bf16_merged_minus_base,saved_merged_bf16,serialized_bf16_deployed_merged_checkpoint,ef0368fa194c1d0c5a853067d6905a2e592f0dd31f223b0df307d148a1009259,36fe4f790834ecac982b3e35232d6d122ca1668945d0499effb3df1c6eceb861
llama,llama3_2_3b,seqkd,5,5,14,self_attn.k_proj,16,0.01,31457,444885,3145728,0.1414251327514648,1338,0.0030075187969924,0.3007545567036133,rank32_norm_matched_lowrank_bf16_mask,32,3,0.2825914897815008,0.0068276690865348,0.0181630669221124,bf16_merged_minus_base,saved_merged_bf16,serialized_bf16_deployed_merged_checkpoint,ef0368fa194c1d0c5a853067d6905a2e592f0dd31f223b0df307d148a1009259,3ffdb273692382c947f74db9f224f2d8bf5fb7ecaeaba6c1b1d5c9a7035295e4
llama,llama3_2_3b,seqkd,5,5,14,self_attn.k_proj,16,0.1,314573,444885,3145728,0.1414251327514648,29431,0.066154174674354,0.6615413261468924,rank32_norm_matched_lowrank_bf16_mask,32,3,0.6603497244832636,0.0019981986257165,0.0011916016636288,bf16_merged_minus_base,saved_merged_bf16,serialized_bf16_deployed_merged_checkpoint,ef0368fa194c1d0c5a853067d6905a2e592f0dd31f223b0df307d148a1009259,3ffdb273692382c947f74db9f224f2d8bf5fb7ecaeaba6c1b1d5c9a7035295e4
llama,llama3_2_3b,seqkd,5,5,14,self_attn.k_proj,32,0.01,31457,444885,3145728,0.1414251327514648,798,0.0017937219730941,0.179373793908433,rank32_norm_matched_lowrank_bf16_mask,32,3,0.1702122858646198,0.0059295303905612,0.0091615080438131,bf16_merged_minus_base,saved_merged_bf16,serialized_bf16_deployed_merged_checkpoint,ef0368fa194c1d0c5a853067d6905a2e592f0dd31f223b0df307d148a1009259,3ffdb273692382c947f74db9f224f2d8bf5fb7ecaeaba6c1b1d5c9a7035295e4
llama,llama3_2_3b,seqkd,5,5,14,self_attn.k_proj,32,0.1,314573,444885,3145728,0.1414251327514648,24403,0.0548523775807231,0.5485234270654282,rank32_norm_matched_lowrank_bf16_mask,32,3,0.538212132922138,0.0011285916069162,0.0103112941432902,bf16_merged_minus_base,saved_merged_bf16,serialized_bf16_deployed_merged_checkpoint,ef0368fa194c1d0c5a853067d6905a2e592f0dd31f223b0df307d148a1009259,3ffdb273692382c947f74db9f224f2d8bf5fb7ecaeaba6c1b1d5c9a7035295e4
llama,llama3_2_3b,seqkd,5,5,14,self_attn.k_proj,50,0.01,31457,444885,3145728,0.1414251327514648,395,0.0008878698989626,0.0887877801927707,rank32_norm_matched_lowrank_bf16_mask,32,3,0.0842298621879942,0.0026441447069912,0.0045579180047764,bf16_merged_minus_base,saved_merged_bf16,serialized_bf16_deployed_merged_checkpoint,ef0368fa194c1d0c5a853067d6905a2e592f0dd31f223b0df307d148a1009259,3ffdb273692382c947f74db9f224f2d8bf5fb7ecaeaba6c1b1d5c9a7035295e4
llama,llama3_2_3b,seqkd,5,5,14,self_attn.k_proj,50,0.1,314573,444885,3145728,0.1414251327514648,20281,0.045587061824966,0.4558703284151108,rank32_norm_matched_lowrank_bf16_mask,32,3,0.4405436842455499,0.0005377106425082,0.0153266441695609,bf16_merged_minus_base,saved_merged_bf16,serialized_bf16_deployed_merged_checkpoint,ef0368fa194c1d0c5a853067d6905a2e592f0dd31f223b0df307d148a1009259,3ffdb273692382c947f74db9f224f2d8bf5fb7ecaeaba6c1b1d5c9a7035295e4
llama,llama3_2_3b,seqkd,20,20,14,self_attn.k_proj,16,0.01,31457,866606,3145728,0.2754866282145182,2859,0.0032990770892424,0.3299106454457932,rank32_norm_matched_lowrank_bf16_mask,32,3,0.3241669093025099,0.0079085872202243,0.0057437361432832,bf16_merged_minus_base,saved_merged_bf16,serialized_bf16_deployed_merged_checkpoint,ef0368fa194c1d0c5a853067d6905a2e592f0dd31f223b0df307d148a1009259,b44971559fb6f0660f38bc1d3c019d4b96404952bcb7212a0101452244913121
llama,llama3_2_3b,seqkd,20,20,14,self_attn.k_proj,16,0.1,314573,866606,3145728,0.2754866282145182,60437,0.0697398817917254,0.6973983745233089,rank32_norm_matched_lowrank_bf16_mask,32,3,0.6973052460260268,0.0014852957114631,9.312849728204677e-05,bf16_merged_minus_base,saved_merged_bf16,serialized_bf16_deployed_merged_checkpoint,ef0368fa194c1d0c5a853067d6905a2e592f0dd31f223b0df307d148a1009259,b44971559fb6f0660f38bc1d3c019d4b96404952bcb7212a0101452244913121
llama,llama3_2_3b,seqkd,20,20,14,self_attn.k_proj,32,0.01,31457,866606,3145728,0.2754866282145182,1883,0.0021728444068007,0.2172863747374707,rank32_norm_matched_lowrank_bf16_mask,32,3,0.2064487587935495,0.0076924493193921,0.0108376159439211,bf16_merged_minus_base,saved_merged_bf16,serialized_bf16_deployed_merged_checkpoint,ef0368fa194c1d0c5a853067d6905a2e592f0dd31f223b0df307d148a1009259,b44971559fb6f0660f38bc1d3c019d4b96404952bcb7212a0101452244913121
llama,llama3_2_3b,seqkd,20,20,14,self_attn.k_proj,32,0.1,314573,866606,3145728,0.2754866282145182,50622,0.058414088986229,0.5841405184757507,rank32_norm_matched_lowrank_bf16_mask,32,3,0.5814701754185952,0.001756840762996,0.0026703430571554,bf16_merged_minus_base,saved_merged_bf16,serialized_bf16_deployed_merged_checkpoint,ef0368fa194c1d0c5a853067d6905a2e592f0dd31f223b0df307d148a1009259,b44971559fb6f0660f38bc1d3c019d4b96404952bcb7212a0101452244913121
llama,llama3_2_3b,seqkd,20,20,14,self_attn.k_proj,50,0.01,31457,866606,3145728,0.2754866282145182,993,0.00114584944023,0.1145859639481191,rank32_norm_matched_lowrank_bf16_mask,32,3,0.1093370500648149,0.0046771771147174,0.0052489138833041,bf16_merged_minus_base,saved_merged_bf16,serialized_bf16_deployed_merged_checkpoint,ef0368fa194c1d0c5a853067d6905a2e592f0dd31f223b0df307d148a1009259,b44971559fb6f0660f38bc1d3c019d4b96404952bcb7212a0101452244913121
llama,llama3_2_3b,seqkd,20,20,14,self_attn.k_proj,50,0.1,314573,866606,3145728,0.2754866282145182,42624,0.0491849814102371,0.4918495013928805,rank32_norm_matched_lowrank_bf16_mask,32,3,0.4856841899768914,0.0016738642959237,0.006165311415989,bf16_merged_minus_base,saved_merged_bf16,serialized_bf16_deployed_merged_checkpoint,ef0368fa194c1d0c5a853067d6905a2e592f0dd31f223b0df307d148a1009259,b44971559fb6f0660f38bc1d3c019d4b96404952bcb7212a0101452244913121
llama,llama3_2_3b,seqkd,40,40,14,self_attn.k_proj,16,0.01,31457,1108307,3145728,0.3523213068644206,4002,0.0036109128607867,0.3610945001664823,rank32_norm_matched_lowrank_bf16_mask,32,3,0.3566426910996781,0.0025400526491715,0.0044518090668042,bf16_merged_minus_base,saved_merged_bf16,serialized_bf16_deployed_merged_checkpoint,ef0368fa194c1d0c5a853067d6905a2e592f0dd31f223b0df307d148a1009259,9ee69d9af3cd58ddd3f8c4c62142825c0d90d26047b99e097ef55e1dd1288988
llama,llama3_2_3b,seqkd,40,40,14,self_attn.k_proj,16,0.1,314573,1108307,3145728,0.3523213068644206,80349,0.0724970608324227,0.7249701474006214,rank32_norm_matched_lowrank_bf16_mask,32,3,0.7260845250336154,0.002452394372307,-0.001114377632994,bf16_merged_minus_base,saved_merged_bf16,serialized_bf16_deployed_merged_checkpoint,ef0368fa194c1d0c5a853067d6905a2e592f0dd31f223b0df307d148a1009259,9ee69d9af3cd58ddd3f8c4c62142825c0d90d26047b99e097ef55e1dd1288988
llama,llama3_2_3b,seqkd,40,40,14,self_attn.k_proj,32,0.01,31457,1108307,3145728,0.3523213068644206,2706,0.0024415617694375,0.2441583501875315,rank32_norm_matched_lowrank_bf16_mask,32,3,0.2343233020857538,0.0032557401204406,0.0098350481017777,bf16_merged_minus_base,saved_merged_bf16,serialized_bf16_deployed_merged_checkpoint,ef0368fa194c1d0c5a853067d6905a2e592f0dd31f223b0df307d148a1009259,9ee69d9af3cd58ddd3f8c4c62142825c0d90d26047b99e097ef55e1dd1288988
llama,llama3_2_3b,seqkd,40,40,14,self_attn.k_proj,32,0.1,314573,1108307,3145728,0.3523213068644206,68742,0.0620243308036491,0.6202429136966673,rank32_norm_matched_lowrank_bf16_mask,32,3,0.6161738732092134,0.0037498043017467,0.0040690404874539,bf16_merged_minus_base,saved_merged_bf16,serialized_bf16_deployed_merged_checkpoint,ef0368fa194c1d0c5a853067d6905a2e592f0dd31f223b0df307d148a1009259,9ee69d9af3cd58ddd3f8c4c62142825c0d90d26047b99e097ef55e1dd1288988
llama,llama3_2_3b,seqkd,40,40,14,self_attn.k_proj,50,0.01,31457,1108307,3145728,0.3523213068644206,1615,0.0014571774788032,0.1457190449197573,rank32_norm_matched_lowrank_bf16_mask,32,3,0.1347984482177986,0.004203178337392,0.0109205967019587,bf16_merged_minus_base,saved_merged_bf16,serialized_bf16_deployed_merged_checkpoint,ef0368fa194c1d0c5a853067d6905a2e592f0dd31f223b0df307d148a1009259,9ee69d9af3cd58ddd3f8c4c62142825c0d90d26047b99e097ef55e1dd1288988
llama,llama3_2_3b,seqkd,40,40,14,self_attn.k_proj,50,0.1,314573,1108307,3145728,0.3523213068644206,58887,0.053132390213181,0.5313235643253854,rank32_norm_matched_lowrank_bf16_mask,32,3,0.5258964556030169,0.0038284860419095,0.0054271087223685,bf16_merged_minus_base,saved_merged_bf16,serialized_bf16_deployed_merged_checkpoint,ef0368fa194c1d0c5a853067d6905a2e592f0dd31f223b0df307d148a1009259,9ee69d9af3cd58ddd3f8c4c62142825c0d90d26047b99e097ef55e1dd1288988
llama,llama3_2_3b,seqkd,80,80,14,self_attn.k_proj,16,0.01,31457,1382904,3145728,0.4396133422851562,5674,0.0041029601476313,0.410299666824176,rank32_norm_matched_lowrank_bf16_mask,32,3,0.4245849838225438,0.0008392244592045,-0.0142853169983677,bf16_merged_minus_base,saved_merged_bf16,serialized_bf16_deployed_merged_checkpoint,ef0368fa194c1d0c5a853067d6905a2e592f0dd31f223b0df307d148a1009259,84d6c25bd383cb865a0370dadb9299be7c1708129c45dc6d364bd37e2e88a9ca
llama,llama3_2_3b,seqkd,80,80,14,self_attn.k_proj,16,0.1,314573,1382904,3145728,0.4396133422851562,105019,0.0759409185308597,0.7594087024895468,rank32_norm_matched_lowrank_bf16_mask,32,3,0.7639866007875288,0.000600481856967,-0.0045778982979819,bf16_merged_minus_base,saved_merged_bf16,serialized_bf16_deployed_merged_checkpoint,ef0368fa194c1d0c5a853067d6905a2e592f0dd31f223b0df307d148a1009259,84d6c25bd383cb865a0370dadb9299be7c1708129c45dc6d364bd37e2e88a9ca
llama,llama3_2_3b,seqkd,80,80,14,self_attn.k_proj,32,0.01,31457,1382904,3145728,0.4396133422851562,3967,0.0028686011465727,0.2868626680104876,rank32_norm_matched_lowrank_bf16_mask,32,3,0.2974672933781602,0.0077792313362485,-0.0106046253676725,bf16_merged_minus_base,saved_merged_bf16,serialized_bf16_deployed_merged_checkpoint,ef0368fa194c1d0c5a853067d6905a2e592f0dd31f223b0df307d148a1009259,84d6c25bd383cb865a0370dadb9299be7c1708129c45dc6d364bd37e2e88a9ca
llama,llama3_2_3b,seqkd,80,80,14,self_attn.k_proj,32,0.1,314573,1382904,3145728,0.4396133422851562,91066,0.0658512810722942,0.6585123920520389,rank32_norm_matched_lowrank_bf16_mask,32,3,0.6654856755749098,0.0022357604476602,-0.0069732835228708,bf16_merged_minus_base,saved_merged_bf16,serialized_bf16_deployed_merged_checkpoint,ef0368fa194c1d0c5a853067d6905a2e592f0dd31f223b0df307d148a1009259,84d6c25bd383cb865a0370dadb9299be7c1708129c45dc6d364bd37e2e88a9ca
llama,llama3_2_3b,seqkd,80,80,14,self_attn.k_proj,50,0.01,31457,1382904,3145728,0.4396133422851562,2564,0.0018540694075655,0.1854085910710587,rank32_norm_matched_lowrank_bf16_mask,32,3,0.1911687690641331,0.0032392520776998,-0.0057601779930743,bf16_merged_minus_base,saved_merged_bf16,serialized_bf16_deployed_merged_checkpoint,ef0368fa194c1d0c5a853067d6905a2e592f0dd31f223b0df307d148a1009259,84d6c25bd383cb865a0370dadb9299be7c1708129c45dc6d364bd37e2e88a9ca
llama,llama3_2_3b,seqkd,80,80,14,self_attn.k_proj,50,0.1,314573,1382904,3145728,0.4396133422851562,79386,0.0574052862671595,0.5740524976988466,rank32_norm_matched_lowrank_bf16_mask,32,3,0.583785670005642,0.0013058363867007,-0.0097331723067953,bf16_merged_minus_base,saved_merged_bf16,serialized_bf16_deployed_merged_checkpoint,ef0368fa194c1d0c5a853067d6905a2e592f0dd31f223b0df307d148a1009259,84d6c25bd383cb865a0370dadb9299be7c1708129c45dc6d364bd37e2e88a9ca
llama,llama3_2_3b,seqkd,160,160,14,self_attn.k_proj,16,0.01,31457,1720589,3145728,0.5469605127970377,8624,0.0050122370885783,0.5012281702698769,rank32_norm_matched_lowrank_bf16_mask,32,3,0.5160178710697214,0.0025914792443296,-0.0147897007998445,bf16_merged_minus_base,saved_merged_bf16,serialized_bf16_deployed_merged_checkpoint,ef0368fa194c1d0c5a853067d6905a2e592f0dd31f223b0df307d148a1009259,62dbe0db9ea0f176b5c7e5bcd61a41365d1ca97b8f4baea3b86db22c5bedcee0
llama,llama3_2_3b,seqkd,160,160,14,self_attn.k_proj,16,0.1,314573,1720589,3145728,0.5469605127970377,138834,0.0806898102917082,0.8068975899054108,rank32_norm_matched_lowrank_bf16_mask,32,3,0.8167886494553797,0.0025020463375955,-0.0098910595499688,bf16_merged_minus_base,saved_merged_bf16,serialized_bf16_deployed_merged_checkpoint,ef0368fa194c1d0c5a853067d6905a2e592f0dd31f223b0df307d148a1009259,62dbe0db9ea0f176b5c7e5bcd61a41365d1ca97b8f4baea3b86db22c5bedcee0
llama,llama3_2_3b,seqkd,160,160,14,self_attn.k_proj,32,0.01,31457,1720589,3145728,0.5469605127970377,6373,0.0037039641657595,0.3703997134890915,rank32_norm_matched_lowrank_bf16_mask,32,3,0.3941178364675675,0.0028913875372509,-0.0237181229784759,bf16_merged_minus_base,saved_merged_bf16,serialized_bf16_deployed_merged_checkpoint,ef0368fa194c1d0c5a853067d6905a2e592f0dd31f223b0df307d148a1009259,62dbe0db9ea0f176b5c7e5bcd61a41365d1ca97b8f4baea3b86db22c5bedcee0
llama,llama3_2_3b,seqkd,160,160,14,self_attn.k_proj,32,0.1,314573,1720589,3145728,0.5469605127970377,123809,0.0719573355403295,0.7195728979111673,rank32_norm_matched_lowrank_bf16_mask,32,3,0.7329058564639485,0.0020597412103887,-0.0133329585527811,bf16_merged_minus_base,saved_merged_bf16,serialized_bf16_deployed_merged_checkpoint,ef0368fa194c1d0c5a853067d6905a2e592f0dd31f223b0df307d148a1009259,62dbe0db9ea0f176b5c7e5bcd61a41365d1ca97b8f4baea3b86db22c5bedcee0
llama,llama3_2_3b,seqkd,160,160,14,self_attn.k_proj,50,0.01,31457,1720589,3145728,0.5469605127970377,4587,0.0026659475330831,0.2665971262787482,rank32_norm_matched_lowrank_bf16_mask,32,3,0.2853627105198925,0.005727415368555,-0.0187655842411442,bf16_merged_minus_base,saved_merged_bf16,serialized_bf16_deployed_merged_checkpoint,ef0368fa194c1d0c5a853067d6905a2e592f0dd31f223b0df307d148a1009259,62dbe0db9ea0f176b5c7e5bcd61a41365d1ca97b8f4baea3b86db22c5bedcee0
llama,llama3_2_3b,seqkd,160,160,14,self_attn.k_proj,50,0.1,314573,1720589,3145728,0.5469605127970377,111622,0.0648742959533043,0.6487425470736402,rank32_norm_matched_lowrank_bf16_mask,32,3,0.6654650590544322,0.0011610015837725,-0.016722511980792,bf16_merged_minus_base,saved_merged_bf16,serialized_bf16_deployed_merged_checkpoint,ef0368fa194c1d0c5a853067d6905a2e592f0dd31f223b0df307d148a1009259,62dbe0db9ea0f176b5c7e5bcd61a41365d1ca97b8f4baea3b86db22c5bedcee0
llama,llama3_2_3b,seqkd,320,320,14,self_attn.k_proj,16,0.01,31457,1969769,3145728,0.6261727015177408,11229,0.0057006684540166,0.5700719195891857,rank32_norm_matched_lowrank_bf16_mask,32,3,0.5836053648169498,0.0069754923225711,-0.0135334452277641,bf16_merged_minus_base,saved_merged_bf16,serialized_bf16_deployed_merged_checkpoint,ef0368fa194c1d0c5a853067d6905a2e592f0dd31f223b0df307d148a1009259,5875a845b81374474d9f2a791c605e4cc29e461750f0f4858abbc2eda1a5389c
llama,llama3_2_3b,seqkd,320,320,14,self_attn.k_proj,16,0.1,314573,1969769,3145728,0.6261727015177408,166298,0.084425128022626,0.8442507434660929,rank32_norm_matched_lowrank_bf16_mask,32,3,0.8485780815997916,0.0039319989795167,-0.0043273381336987,bf16_merged_minus_base,saved_merged_bf16,serialized_bf16_deployed_merged_checkpoint,ef0368fa194c1d0c5a853067d6905a2e592f0dd31f223b0df307d148a1009259,5875a845b81374474d9f2a791c605e4cc29e461750f0f4858abbc2eda1a5389c
llama,llama3_2_3b,seqkd,320,320,14,self_attn.k_proj,32,0.01,31457,1969769,3145728,0.6261727015177408,8981,0.0045594178809799,0.4559458464538673,rank32_norm_matched_lowrank_bf16_mask,32,3,0.4730658363397065,0.0103233127056148,-0.0171199898858391,bf16_merged_minus_base,saved_merged_bf16,serialized_bf16_deployed_merged_checkpoint,ef0368fa194c1d0c5a853067d6905a2e592f0dd31f223b0df307d148a1009259,5875a845b81374474d9f2a791c605e4cc29e461750f0f4858abbc2eda1a5389c
llama,llama3_2_3b,seqkd,320,320,14,self_attn.k_proj,32,0.1,314573,1969769,3145728,0.6261727015177408,152157,0.077246113630583,0.7724606451885789,rank32_norm_matched_lowrank_bf16_mask,32,3,0.778664488840184,0.0041466047855592,-0.006203843651605,bf16_merged_minus_base,saved_merged_bf16,serialized_bf16_deployed_merged_checkpoint,ef0368fa194c1d0c5a853067d6905a2e592f0dd31f223b0df307d148a1009259,5875a845b81374474d9f2a791c605e4cc29e461750f0f4858abbc2eda1a5389c
llama,llama3_2_3b,seqkd,320,320,14,self_attn.k_proj,50,0.01,31457,1969769,3145728,0.6261727015177408,6927,0.0035166560139793,0.3516687315873443,rank32_norm_matched_lowrank_bf16_mask,32,3,0.3703163465526333,0.0108784487177701,-0.018647614965289,bf16_merged_minus_base,saved_merged_bf16,serialized_bf16_deployed_merged_checkpoint,ef0368fa194c1d0c5a853067d6905a2e592f0dd31f223b0df307d148a1009259,5875a845b81374474d9f2a791c605e4cc29e461750f0f4858abbc2eda1a5389c
llama,llama3_2_3b,seqkd,320,320,14,self_attn.k_proj,50,0.1,314573,1969769,3145728,0.6261727015177408,140171,0.0711611361535286,0.711610909105255,rank32_norm_matched_lowrank_bf16_mask,32,3,0.7219459490428837,0.0042405578318937,-0.0103350399376286,bf16_merged_minus_base,saved_merged_bf16,serialized_bf16_deployed_merged_checkpoint,ef0368fa194c1d0c5a853067d6905a2e592f0dd31f223b0df307d148a1009259,5875a845b81374474d9f2a791c605e4cc29e461750f0f4858abbc2eda1a5389c
llama,llama3_2_3b,opd,5,5,14,self_attn.v_proj,16,0.01,31457,946645,3145728,0.3009303410847981,5326,0.0056261851063492,0.5626235185245212,rank32_norm_matched_lowrank_bf16_mask,32,3,0.5308784699762293,0.002944394581415,0.0317450485482918,bf16_merged_minus_base,saved_merged_bf16,serialized_bf16_deployed_merged_checkpoint,bc8f24b1d29dcf910778d5a859fd47844ebc7544d2ae7072ea8d066f57081ec6,81a369929096e5ed0945b87c8c4943f038fd1658b18bcad8148c451a66031045
llama,llama3_2_3b,opd,5,5,14,self_attn.v_proj,16,0.1,314573,946645,3145728,0.3009303410847981,80342,0.0848702523121127,0.8487019835309384,rank32_norm_matched_lowrank_bf16_mask,32,3,0.8309913700905981,0.0013878169666542,0.0177106134403403,bf16_merged_minus_base,saved_merged_bf16,serialized_bf16_deployed_merged_checkpoint,bc8f24b1d29dcf910778d5a859fd47844ebc7544d2ae7072ea8d066f57081ec6,81a369929096e5ed0945b87c8c4943f038fd1658b18bcad8148c451a66031045
llama,llama3_2_3b,opd,5,5,14,self_attn.v_proj,32,0.01,31457,946645,3145728,0.3009303410847981,3873,0.0040912908217969,0.4091327238538247,rank32_norm_matched_lowrank_bf16_mask,32,3,0.3824904008966249,0.0024020387394925,0.0266423229571997,bf16_merged_minus_base,saved_merged_bf16,serialized_bf16_deployed_merged_checkpoint,bc8f24b1d29dcf910778d5a859fd47844ebc7544d2ae7072ea8d066f57081ec6,81a369929096e5ed0945b87c8c4943f038fd1658b18bcad8148c451a66031045
llama,llama3_2_3b,opd,5,5,14,self_attn.v_proj,32,0.1,314573,946645,3145728,0.3009303410847981,75264,0.0795060450327208,0.7950599448417085,rank32_norm_matched_lowrank_bf16_mask,32,3,0.7758713585662832,0.0019357313945946,0.0191885862754253,bf16_merged_minus_base,saved_merged_bf16,serialized_bf16_deployed_merged_checkpoint,bc8f24b1d29dcf910778d5a859fd47844ebc7544d2ae7072ea8d066f57081ec6,81a369929096e5ed0945b87c8c4943f038fd1658b18bcad8148c451a66031045
llama,llama3_2_3b,opd,5,5,14,self_attn.v_proj,50,0.01,31457,946645,3145728,0.3009303410847981,2920,0.0030845776399811,0.3084605095928655,rank32_norm_matched_lowrank_bf16_mask,32,3,0.2836910147167215,0.0042205737776601,0.024769494876144,bf16_merged_minus_base,saved_merged_bf16,serialized_bf16_deployed_merged_checkpoint,bc8f24b1d29dcf910778d5a859fd47844ebc7544d2ae7072ea8d066f57081ec6,81a369929096e5ed0945b87c8c4943f038fd1658b18bcad8148c451a66031045
llama,llama3_2_3b,opd,5,5,14,self_attn.v_proj,50,0.1,314573,946645,3145728,0.3009303410847981,69349,0.0732576625873479,0.7325761601141003,rank32_norm_matched_lowrank_bf16_mask,32,3,0.7157061411231597,0.0013100601691823,0.0168700189909406,bf16_merged_minus_base,saved_merged_bf16,serialized_bf16_deployed_merged_checkpoint,bc8f24b1d29dcf910778d5a859fd47844ebc7544d2ae7072ea8d066f57081ec6,81a369929096e5ed0945b87c8c4943f038fd1658b18bcad8148c451a66031045
llama,llama3_2_3b,opd,20,20,14,self_attn.v_proj,16,0.01,31457,1809927,3145728,0.5753602981567383,13731,0.0075864938199164,0.758656134759776,rank32_norm_matched_lowrank_bf16_mask,32,3,0.6940451525494776,0.0061963843729966,0.0646109822102983,bf16_merged_minus_base,saved_merged_bf16,serialized_bf16_deployed_merged_checkpoint,bc8f24b1d29dcf910778d5a859fd47844ebc7544d2ae7072ea8d066f57081ec6,ac0977030868c6a3cab9b52e26c779d170b7548128a35ef14a4417ea5c57ba37
llama,llama3_2_3b,opd,20,20,14,self_attn.v_proj,16,0.1,314573,1809927,3145728,0.5753602981567383,169073,0.0934142647742146,0.9341420538306234,rank32_norm_matched_lowrank_bf16_mask,32,3,0.9016882579807096,0.0030984867465081,0.0324537958499137,bf16_merged_minus_base,saved_merged_bf16,serialized_bf16_deployed_merged_checkpoint,bc8f24b1d29dcf910778d5a859fd47844ebc7544d2ae7072ea8d066f57081ec6,ac0977030868c6a3cab9b52e26c779d170b7548128a35ef14a4417ea5c57ba37
llama,llama3_2_3b,opd,20,20,14,self_attn.v_proj,32,0.01,31457,1809927,3145728,0.5753602981567383,11542,0.0063770527761616,0.6377109538560436,rank32_norm_matched_lowrank_bf16_mask,32,3,0.583713414019457,0.0041613174499712,0.0539975398365866,bf16_merged_minus_base,saved_merged_bf16,serialized_bf16_deployed_merged_checkpoint,bc8f24b1d29dcf910778d5a859fd47844ebc7544d2ae7072ea8d066f57081ec6,ac0977030868c6a3cab9b52e26c779d170b7548128a35ef14a4417ea5c57ba37
llama,llama3_2_3b,opd,20,20,14,self_attn.v_proj,32,0.1,314573,1809927,3145728,0.5753602981567383,163011,0.0900649584209749,0.9006490115925296,rank32_norm_matched_lowrank_bf16_mask,32,3,0.8692239294967985,0.0018549669050809,0.0314250820957311,bf16_merged_minus_base,saved_merged_bf16,serialized_bf16_deployed_merged_checkpoint,bc8f24b1d29dcf910778d5a859fd47844ebc7544d2ae7072ea8d066f57081ec6,ac0977030868c6a3cab9b52e26c779d170b7548128a35ef14a4417ea5c57ba37
llama,llama3_2_3b,opd,20,20,14,self_attn.v_proj,50,0.01,31457,1809927,3145728,0.5753602981567383,10035,0.0055444225098581,0.5544471860981977,rank32_norm_matched_lowrank_bf16_mask,32,3,0.5077804569608694,0.0025913820712777,0.0466667291373282,bf16_merged_minus_base,saved_merged_bf16,serialized_bf16_deployed_merged_checkpoint,bc8f24b1d29dcf910778d5a859fd47844ebc7544d2ae7072ea8d066f57081ec6,ac0977030868c6a3cab9b52e26c779d170b7548128a35ef14a4417ea5c57ba37
llama,llama3_2_3b,opd,20,20,14,self_attn.v_proj,50,0.1,314573,1809927,3145728,0.5753602981567383,155593,0.0859664505806035,0.8596639592464095,rank32_norm_matched_lowrank_bf16_mask,32,3,0.8347451081220972,0.002555701089012,0.0249188511243122,bf16_merged_minus_base,saved_merged_bf16,serialized_bf16_deployed_merged_checkpoint,bc8f24b1d29dcf910778d5a859fd47844ebc7544d2ae7072ea8d066f57081ec6,ac0977030868c6a3cab9b52e26c779d170b7548128a35ef14a4417ea5c57ba37
llama,llama3_2_3b,opd,40,40,14,self_attn.v_proj,16,0.01,31457,1976283,3145728,0.6282434463500977,15255,0.007719036190667,0.771910489811317,rank32_norm_matched_lowrank_bf16_mask,32,3,0.7299281235836901,0.0010872326769809,0.0419823662276269,bf16_merged_minus_base,saved_merged_bf16,serialized_bf16_deployed_merged_checkpoint,bc8f24b1d29dcf910778d5a859fd47844ebc7544d2ae7072ea8d066f57081ec6,73cdf41c14a0c104e0fc29881c5d8d1f883f190d810f6baa2b6bfd4d5ebade6c
llama,llama3_2_3b,opd,40,40,14,self_attn.v_proj,16,0.1,314573,1976283,3145728,0.6282434463500977,185869,0.0940497894279311,0.9404972963272338,rank32_norm_matched_lowrank_bf16_mask,32,3,0.9154097072032726,0.0013840565451968,0.0250875891239611,bf16_merged_minus_base,saved_merged_bf16,serialized_bf16_deployed_merged_checkpoint,bc8f24b1d29dcf910778d5a859fd47844ebc7544d2ae7072ea8d066f57081ec6,73cdf41c14a0c104e0fc29881c5d8d1f883f190d810f6baa2b6bfd4d5ebade6c
llama,llama3_2_3b,opd,40,40,14,self_attn.v_proj,32,0.01,31457,1976283,3145728,0.6282434463500977,13378,0.0067692734289572,0.6769333682527564,rank32_norm_matched_lowrank_bf16_mask,32,3,0.63502834649899,0.0012696322311435,0.0419050217537664,bf16_merged_minus_base,saved_merged_bf16,serialized_bf16_deployed_merged_checkpoint,bc8f24b1d29dcf910778d5a859fd47844ebc7544d2ae7072ea8d066f57081ec6,73cdf41c14a0c104e0fc29881c5d8d1f883f190d810f6baa2b6bfd4d5ebade6c
llama,llama3_2_3b,opd,40,40,14,self_attn.v_proj,32,0.1,314573,1976283,3145728,0.6282434463500977,180246,0.0912045491460484,0.9120449115979458,rank32_norm_matched_lowrank_bf16_mask,32,3,0.887692596026052,0.001190899723309,0.0243523155718937,bf16_merged_minus_base,saved_merged_bf16,serialized_bf16_deployed_merged_checkpoint,bc8f24b1d29dcf910778d5a859fd47844ebc7544d2ae7072ea8d066f57081ec6,73cdf41c14a0c104e0fc29881c5d8d1f883f190d810f6baa2b6bfd4d5ebade6c
llama,llama3_2_3b,opd,40,40,14,self_attn.v_proj,50,0.01,31457,1976283,3145728,0.6282434463500977,11896,0.0060193808275434,0.6019434406290021,rank32_norm_matched_lowrank_bf16_mask,32,3,0.5674150772174956,0.0014247665927259,0.0345283634115064,bf16_merged_minus_base,saved_merged_bf16,serialized_bf16_deployed_merged_checkpoint,bc8f24b1d29dcf910778d5a859fd47844ebc7544d2ae7072ea8d066f57081ec6,73cdf41c14a0c104e0fc29881c5d8d1f883f190d810f6baa2b6bfd4d5ebade6c
llama,llama3_2_3b,opd,40,40,14,self_attn.v_proj,50,0.1,314573,1976283,3145728,0.6282434463500977,173533,0.0878077684218302,0.8780771259519008,rank32_norm_matched_lowrank_bf16_mask,32,3,0.8586616702710939,0.0019758372955084,0.0194154556808069,bf16_merged_minus_base,saved_merged_bf16,serialized_bf16_deployed_merged_checkpoint,bc8f24b1d29dcf910778d5a859fd47844ebc7544d2ae7072ea8d066f57081ec6,73cdf41c14a0c104e0fc29881c5d8d1f883f190d810f6baa2b6bfd4d5ebade6c
llama,llama3_2_3b,opd,80,80,14,self_attn.v_proj,16,0.01,31457,2111343,3145728,0.671177864074707,16505,0.0078172992261323,0.7817368808221679,rank32_norm_matched_lowrank_bf16_mask,32,3,0.7507348559697409,0.0042670432266271,0.0310020248524269,bf16_merged_minus_base,saved_merged_bf16,serialized_bf16_deployed_merged_checkpoint,bc8f24b1d29dcf910778d5a859fd47844ebc7544d2ae7072ea8d066f57081ec6,f2f83248267b75c3d36413653bbe7ee512097712b35fb4fb3d8fbe25530d1dc8
llama,llama3_2_3b,opd,80,80,14,self_attn.v_proj,16,0.1,314573,2111343,3145728,0.671177864074707,199005,0.094255173129141,0.9425511320335392,rank32_norm_matched_lowrank_bf16_mask,32,3,0.9244795233629076,0.0020606245902764,0.0180716086706316,bf16_merged_minus_base,saved_merged_bf16,serialized_bf16_deployed_merged_checkpoint,bc8f24b1d29dcf910778d5a859fd47844ebc7544d2ae7072ea8d066f57081ec6,f2f83248267b75c3d36413653bbe7ee512097712b35fb4fb3d8fbe25530d1dc8
llama,llama3_2_3b,opd,80,80,14,self_attn.v_proj,32,0.01,31457,2111343,3145728,0.671177864074707,14740,0.0069813384182484,0.6981400559417603,rank32_norm_matched_lowrank_bf16_mask,32,3,0.6685648736215133,0.0031986163570272,0.029575182320247,bf16_merged_minus_base,saved_merged_bf16,serialized_bf16_deployed_merged_checkpoint,bc8f24b1d29dcf910778d5a859fd47844ebc7544d2ae7072ea8d066f57081ec6,f2f83248267b75c3d36413653bbe7ee512097712b35fb4fb3d8fbe25530d1dc8
llama,llama3_2_3b,opd,80,80,14,self_attn.v_proj,32,0.1,314573,2111343,3145728,0.671177864074707,193864,0.0918202300620979,0.9182017168440494,rank32_norm_matched_lowrank_bf16_mask,32,3,0.8998503487729453,0.0015155594962923,0.018351368071104,bf16_merged_minus_base,saved_merged_bf16,serialized_bf16_deployed_merged_checkpoint,bc8f24b1d29dcf910778d5a859fd47844ebc7544d2ae7072ea8d066f57081ec6,f2f83248267b75c3d36413653bbe7ee512097712b35fb4fb3d8fbe25530d1dc8
llama,llama3_2_3b,opd,80,80,14,self_attn.v_proj,50,0.01,31457,2111343,3145728,0.671177864074707,13277,0.0062884145304671,0.6288470503893319,rank32_norm_matched_lowrank_bf16_mask,32,3,0.6073278283606646,0.0009269797283144,0.0215192220286672,bf16_merged_minus_base,saved_merged_bf16,serialized_bf16_deployed_merged_checkpoint,bc8f24b1d29dcf910778d5a859fd47844ebc7544d2ae7072ea8d066f57081ec6,f2f83248267b75c3d36413653bbe7ee512097712b35fb4fb3d8fbe25530d1dc8
llama,llama3_2_3b,opd,80,80,14,self_attn.v_proj,50,0.1,314573,2111343,3145728,0.671177864074707,187212,0.0886696287623564,0.8866957238776059,rank32_norm_matched_lowrank_bf16_mask,32,3,0.8741580914061537,0.0023052642858351,0.0125376324714521,bf16_merged_minus_base,saved_merged_bf16,serialized_bf16_deployed_merged_checkpoint,bc8f24b1d29dcf910778d5a859fd47844ebc7544d2ae7072ea8d066f57081ec6,f2f83248267b75c3d36413653bbe7ee512097712b35fb4fb3d8fbe25530d1dc8
llama,llama3_2_3b,opd,160,160,14,self_attn.v_proj,16,0.01,31457,2279646,3145728,0.7246799468994141,18325,0.008038528789119,0.8038600340381401,rank32_norm_matched_lowrank_bf16_mask,32,3,0.7932404913614217,0.0060723598784037,0.0106195426767183,bf16_merged_minus_base,saved_merged_bf16,serialized_bf16_deployed_merged_checkpoint,bc8f24b1d29dcf910778d5a859fd47844ebc7544d2ae7072ea8d066f57081ec6,2d8e5edb1bd5a8a9b0ef520c1df065ec14155ea0f8568690fcab2e01b8ff4ddb
llama,llama3_2_3b,opd,160,160,14,self_attn.v_proj,16,0.1,314573,2279646,3145728,0.7246799468994141,215301,0.094444926975504,0.9444486692907482,rank32_norm_matched_lowrank_bf16_mask,32,3,0.9363046236791916,0.0020757884492267,0.0081440456115565,bf16_merged_minus_base,saved_merged_bf16,serialized_bf16_deployed_merged_checkpoint,bc8f24b1d29dcf910778d5a859fd47844ebc7544d2ae7072ea8d066f57081ec6,2d8e5edb1bd5a8a9b0ef520c1df065ec14155ea0f8568690fcab2e01b8ff4ddb
llama,llama3_2_3b,opd,160,160,14,self_attn.v_proj,32,0.01,31457,2279646,3145728,0.7246799468994141,16663,0.0073094682244523,0.7309533286317887,rank32_norm_matched_lowrank_bf16_mask,32,3,0.7173332199196261,0.0016390906398738,0.0136201087121626,bf16_merged_minus_base,saved_merged_bf16,serialized_bf16_deployed_merged_checkpoint,bc8f24b1d29dcf910778d5a859fd47844ebc7544d2ae7072ea8d066f57081ec6,2d8e5edb1bd5a8a9b0ef520c1df065ec14155ea0f8568690fcab2e01b8ff4ddb
llama,llama3_2_3b,opd,160,160,14,self_attn.v_proj,32,0.1,314573,2279646,3145728,0.7246799468994141,210676,0.0924161032019883,0.9241604444544972,rank32_norm_matched_lowrank_bf16_mask,32,3,0.9148553190082304,0.0014461264218504,0.0093051254462667,bf16_merged_minus_base,saved_merged_bf16,serialized_bf16_deployed_merged_checkpoint,bc8f24b1d29dcf910778d5a859fd47844ebc7544d2ae7072ea8d066f57081ec6,2d8e5edb1bd5a8a9b0ef520c1df065ec14155ea0f8568690fcab2e01b8ff4ddb
llama,llama3_2_3b,opd,160,160,14,self_attn.v_proj,50,0.01,31457,2279646,3145728,0.7246799468994141,15345,0.0067313082820753,0.6731368197716376,rank32_norm_matched_lowrank_bf16_mask,32,3,0.6620603389428182,0.0048614383800687,0.0110764808288194,bf16_merged_minus_base,saved_merged_bf16,serialized_bf16_deployed_merged_checkpoint,bc8f24b1d29dcf910778d5a859fd47844ebc7544d2ae7072ea8d066f57081ec6,2d8e5edb1bd5a8a9b0ef520c1df065ec14155ea0f8568690fcab2e01b8ff4ddb
llama,llama3_2_3b,opd,160,160,14,self_attn.v_proj,50,0.1,314573,2279646,3145728,0.7246799468994141,204999,0.0899258042696102,0.8992574709636002,rank32_norm_matched_lowrank_bf16_mask,32,3,0.8935634172570938,0.0004146553130688,0.0056940537065064,bf16_merged_minus_base,saved_merged_bf16,serialized_bf16_deployed_merged_checkpoint,bc8f24b1d29dcf910778d5a859fd47844ebc7544d2ae7072ea8d066f57081ec6,2d8e5edb1bd5a8a9b0ef520c1df065ec14155ea0f8568690fcab2e01b8ff4ddb
llama,llama3_2_3b,opd,320,320,14,self_attn.v_proj,16,0.01,31457,2443902,3145728,0.7768955230712891,20341,0.008323165167834,0.8323239252656105,rank32_norm_matched_lowrank_bf16_mask,32,3,0.8296742800507579,0.0081236151164645,0.0026496452148525,bf16_merged_minus_base,saved_merged_bf16,serialized_bf16_deployed_merged_checkpoint,bc8f24b1d29dcf910778d5a859fd47844ebc7544d2ae7072ea8d066f57081ec6,3573de3702ac140ba6af235a9a7ad99b37e977fdc5af299ef39b45af38b270b5
llama,llama3_2_3b,opd,320,320,14,self_attn.v_proj,16,0.1,314573,2443902,3145728,0.7768955230712891,232882,0.0952910550423053,0.9529099445792264,rank32_norm_matched_lowrank_bf16_mask,32,3,0.948488540433264,0.001815423940297,0.0044214041459621,bf16_merged_minus_base,saved_merged_bf16,serialized_bf16_deployed_merged_checkpoint,bc8f24b1d29dcf910778d5a859fd47844ebc7544d2ae7072ea8d066f57081ec6,3573de3702ac140ba6af235a9a7ad99b37e977fdc5af299ef39b45af38b270b5
llama,llama3_2_3b,opd,320,320,14,self_attn.v_proj,32,0.01,31457,2443902,3145728,0.7768955230712891,18907,0.007736398595361,0.7736467457350621,rank32_norm_matched_lowrank_bf16_mask,32,3,0.765122884777638,0.007232415708788,0.008523860957424,bf16_merged_minus_base,saved_merged_bf16,serialized_bf16_deployed_merged_checkpoint,bc8f24b1d29dcf910778d5a859fd47844ebc7544d2ae7072ea8d066f57081ec6,3573de3702ac140ba6af235a9a7ad99b37e977fdc5af299ef39b45af38b270b5
llama,llama3_2_3b,opd,320,320,14,self_attn.v_proj,32,0.1,314573,2443902,3145728,0.7768955230712891,228670,0.093567581678807,0.9356752219017858,rank32_norm_matched_lowrank_bf16_mask,32,3,0.9323348703129906,0.0022449008077142,0.0033403515887951,bf16_merged_minus_base,saved_merged_bf16,serialized_bf16_deployed_merged_checkpoint,bc8f24b1d29dcf910778d5a859fd47844ebc7544d2ae7072ea8d066f57081ec6,3573de3702ac140ba6af235a9a7ad99b37e977fdc5af299ef39b45af38b270b5
llama,llama3_2_3b,opd,320,320,14,self_attn.v_proj,50,0.01,31457,2443902,3145728,0.7768955230712891,17833,0.0072969374385715,0.7297002388900069,rank32_norm_matched_lowrank_bf16_mask,32,3,0.7194858913712046,0.0065659182166688,0.0102143475188023,bf16_merged_minus_base,saved_merged_bf16,serialized_bf16_deployed_merged_checkpoint,bc8f24b1d29dcf910778d5a859fd47844ebc7544d2ae7072ea8d066f57081ec6,3573de3702ac140ba6af235a9a7ad99b37e977fdc5af299ef39b45af38b270b5
llama,llama3_2_3b,opd,320,320,14,self_attn.v_proj,50,0.1,314573,2443902,3145728,0.7768955230712891,223989,0.0916522020932099,0.9165214382234622,rank32_norm_matched_lowrank_bf16_mask,32,3,0.913543577816391,0.0018131723187981,0.0029778604070712,bf16_merged_minus_base,saved_merged_bf16,serialized_bf16_deployed_merged_checkpoint,bc8f24b1d29dcf910778d5a859fd47844ebc7544d2ae7072ea8d066f57081ec6,3573de3702ac140ba6af235a9a7ad99b37e977fdc5af299ef39b45af38b270b5
llama,llama3_2_3b,sft,5,5,14,self_attn.v_proj,16,0.01,31457,1085644,3145728,0.3451169331868489,6562,0.0060443386598185,0.6044392460715753,rank32_norm_matched_lowrank_bf16_mask,32,3,0.5409187437706019,0.006086320780869,0.0635205023009733,bf16_merged_minus_base,saved_merged_bf16,serialized_bf16_deployed_merged_checkpoint,bc8f24b1d29dcf910778d5a859fd47844ebc7544d2ae7072ea8d066f57081ec6,84a1ad6b8af5c6d3d76354aedc38ef83260cd0d8e09fb865a9f468dc7ebfe148
llama,llama3_2_3b,sft,5,5,14,self_attn.v_proj,16,0.1,314573,1085644,3145728,0.3451169331868489,95379,0.0878547663875082,0.8785471053098757,rank32_norm_matched_lowrank_bf16_mask,32,3,0.8370269996103444,0.002733760145278,0.0415201056995312,bf16_merged_minus_base,saved_merged_bf16,serialized_bf16_deployed_merged_checkpoint,bc8f24b1d29dcf910778d5a859fd47844ebc7544d2ae7072ea8d066f57081ec6,84a1ad6b8af5c6d3d76354aedc38ef83260cd0d8e09fb865a9f468dc7ebfe148
llama,llama3_2_3b,sft,5,5,14,self_attn.v_proj,32,0.01,31457,1085644,3145728,0.3451169331868489,4860,0.0044766055907829,0.4476645437226236,rank32_norm_matched_lowrank_bf16_mask,32,3,0.4003093382485161,0.0024038785839052,0.0473552054741074,bf16_merged_minus_base,saved_merged_bf16,serialized_bf16_deployed_merged_checkpoint,bc8f24b1d29dcf910778d5a859fd47844ebc7544d2ae7072ea8d066f57081ec6,84a1ad6b8af5c6d3d76354aedc38ef83260cd0d8e09fb865a9f468dc7ebfe148
llama,llama3_2_3b,sft,5,5,14,self_attn.v_proj,32,0.1,314573,1085644,3145728,0.3451169331868489,89113,0.0820830769570872,0.8208302477010553,rank32_norm_matched_lowrank_bf16_mask,32,3,0.7849615951066027,0.0015774419008363,0.0358686525944526,bf16_merged_minus_base,saved_merged_bf16,serialized_bf16_deployed_merged_checkpoint,bc8f24b1d29dcf910778d5a859fd47844ebc7544d2ae7072ea8d066f57081ec6,84a1ad6b8af5c6d3d76354aedc38ef83260cd0d8e09fb865a9f468dc7ebfe148
llama,llama3_2_3b,sft,5,5,14,self_attn.v_proj,50,0.01,31457,1085644,3145728,0.3451169331868489,3675,0.0033850875609315,0.3385117691729715,rank32_norm_matched_lowrank_bf16_mask,32,3,0.3023817515410569,0.0036719388390593,0.0361300176319146,bf16_merged_minus_base,saved_merged_bf16,serialized_bf16_deployed_merged_checkpoint,bc8f24b1d29dcf910778d5a859fd47844ebc7544d2ae7072ea8d066f57081ec6,84a1ad6b8af5c6d3d76354aedc38ef83260cd0d8e09fb865a9f468dc7ebfe148
llama,llama3_2_3b,sft,5,5,14,self_attn.v_proj,50,0.1,314573,1085644,3145728,0.3451169331868489,82117,0.0756389755757872,0.7563892748585229,rank32_norm_matched_lowrank_bf16_mask,32,3,0.7289643106740981,0.0010098521911791,0.0274249641844248,bf16_merged_minus_base,saved_merged_bf16,serialized_bf16_deployed_merged_checkpoint,bc8f24b1d29dcf910778d5a859fd47844ebc7544d2ae7072ea8d066f57081ec6,84a1ad6b8af5c6d3d76354aedc38ef83260cd0d8e09fb865a9f468dc7ebfe148
llama,llama3_2_3b,sft,20,20,14,self_attn.v_proj,16,0.01,31457,1856763,3145728,0.5902490615844727,12593,0.0067822333814277,0.6782293750355108,rank32_norm_matched_lowrank_bf16_mask,32,3,0.6990766571890625,0.0025526060613517,-0.0208472821535516,bf16_merged_minus_base,saved_merged_bf16,serialized_bf16_deployed_merged_checkpoint,bc8f24b1d29dcf910778d5a859fd47844ebc7544d2ae7072ea8d066f57081ec6,79cd4e758c5ea4d3d969cb2d4f1af117ae8e6c72c219108202f1b2e6b4146bf3
llama,llama3_2_3b,sft,20,20,14,self_attn.v_proj,16,0.1,314573,1856763,3145728,0.5902490615844727,167271,0.0900874263435882,0.9008736906758154,rank32_norm_matched_lowrank_bf16_mask,32,3,0.9046346633932236,0.0017041357379093,-0.0037609727174081,bf16_merged_minus_base,saved_merged_bf16,serialized_bf16_deployed_merged_checkpoint,bc8f24b1d29dcf910778d5a859fd47844ebc7544d2ae7072ea8d066f57081ec6,79cd4e758c5ea4d3d969cb2d4f1af117ae8e6c72c219108202f1b2e6b4146bf3
llama,llama3_2_3b,sft,20,20,14,self_attn.v_proj,32,0.01,31457,1856763,3145728,0.5902490615844727,10649,0.0057352500022889,0.5735301051975824,rank32_norm_matched_lowrank_bf16_mask,32,3,0.5982509449858453,0.0039600121020927,-0.0247208397882628,bf16_merged_minus_base,saved_merged_bf16,serialized_bf16_deployed_merged_checkpoint,bc8f24b1d29dcf910778d5a859fd47844ebc7544d2ae7072ea8d066f57081ec6,79cd4e758c5ea4d3d969cb2d4f1af117ae8e6c72c219108202f1b2e6b4146bf3
llama,llama3_2_3b,sft,20,20,14,self_attn.v_proj,32,0.1,314573,1856763,3145728,0.5902490615844727,160436,0.0864062887939925,0.8640623385838855,rank32_norm_matched_lowrank_bf16_mask,32,3,0.8723161532493005,0.0006441498470334,-0.0082538146654149,bf16_merged_minus_base,saved_merged_bf16,serialized_bf16_deployed_merged_checkpoint,bc8f24b1d29dcf910778d5a859fd47844ebc7544d2ae7072ea8d066f57081ec6,79cd4e758c5ea4d3d969cb2d4f1af117ae8e6c72c219108202f1b2e6b4146bf3
llama,llama3_2_3b,sft,20,20,14,self_attn.v_proj,50,0.01,31457,1856763,3145728,0.5902490615844727,9344,0.0050324139375892,0.5032458731304545,rank32_norm_matched_lowrank_bf16_mask,32,3,0.521406324961021,0.0045464533860619,-0.0181604518305664,bf16_merged_minus_base,saved_merged_bf16,serialized_bf16_deployed_merged_checkpoint,bc8f24b1d29dcf910778d5a859fd47844ebc7544d2ae7072ea8d066f57081ec6,79cd4e758c5ea4d3d969cb2d4f1af117ae8e6c72c219108202f1b2e6b4146bf3
llama,llama3_2_3b,sft,20,20,14,self_attn.v_proj,50,0.1,314573,1856763,3145728,0.5902490615844727,153520,0.0826815269369327,0.8268147436946701,rank32_norm_matched_lowrank_bf16_mask,32,3,0.8392712399121495,0.0009222245650464,-0.0124564962174793,bf16_merged_minus_base,saved_merged_bf16,serialized_bf16_deployed_merged_checkpoint,bc8f24b1d29dcf910778d5a859fd47844ebc7544d2ae7072ea8d066f57081ec6,79cd4e758c5ea4d3d969cb2d4f1af117ae8e6c72c219108202f1b2e6b4146bf3
llama,llama3_2_3b,sft,40,40,14,self_attn.v_proj,16,0.01,31457,2148888,3145728,0.6831130981445312,15341,0.0071390412157357,0.7139104760623721,rank32_norm_matched_lowrank_bf16_mask,32,3,0.7698992342198304,0.0066209087108693,-0.0559887581574582,bf16_merged_minus_base,saved_merged_bf16,serialized_bf16_deployed_merged_checkpoint,bc8f24b1d29dcf910778d5a859fd47844ebc7544d2ae7072ea8d066f57081ec6,23035358321c96b0f26ca2ba209b1e96faefa144a4b7f1c394722523e92e9798
llama,llama3_2_3b,sft,40,40,14,self_attn.v_proj,16,0.1,314573,2148888,3145728,0.6831130981445312,195405,0.0909330779454303,0.9093302013177316,rank32_norm_matched_lowrank_bf16_mask,32,3,0.9287322288498326,0.0024188230898695,-0.0194020275321009,bf16_merged_minus_base,saved_merged_bf16,serialized_bf16_deployed_merged_checkpoint,bc8f24b1d29dcf910778d5a859fd47844ebc7544d2ae7072ea8d066f57081ec6,23035358321c96b0f26ca2ba209b1e96faefa144a4b7f1c394722523e92e9798
llama,llama3_2_3b,sft,40,40,14,self_attn.v_proj,32,0.01,31457,2148888,3145728,0.6831130981445312,13477,0.0062716158310716,0.6271671654972029,rank32_norm_matched_lowrank_bf16_mask,32,3,0.6840702884177038,0.0102176063523392,-0.0569031229205009,bf16_merged_minus_base,saved_merged_bf16,serialized_bf16_deployed_merged_checkpoint,bc8f24b1d29dcf910778d5a859fd47844ebc7544d2ae7072ea8d066f57081ec6,23035358321c96b0f26ca2ba209b1e96faefa144a4b7f1c394722523e92e9798
llama,llama3_2_3b,sft,40,40,14,self_attn.v_proj,32,0.1,314573,2148888,3145728,0.6831130981445312,189450,0.0881618772127723,0.8816182116099602,rank32_norm_matched_lowrank_bf16_mask,32,3,0.9046951204682157,0.0032964546569214,-0.0230769088582553,bf16_merged_minus_base,saved_merged_bf16,serialized_bf16_deployed_merged_checkpoint,bc8f24b1d29dcf910778d5a859fd47844ebc7544d2ae7072ea8d066f57081ec6,23035358321c96b0f26ca2ba209b1e96faefa144a4b7f1c394722523e92e9798
llama,llama3_2_3b,sft,40,40,14,self_attn.v_proj,50,0.01,31457,2148888,3145728,0.6831130981445312,12189,0.005672236058836,0.5672286547633306,rank32_norm_matched_lowrank_bf16_mask,32,3,0.6185579481839197,0.0116825230242328,-0.0513292934205891,bf16_merged_minus_base,saved_merged_bf16,serialized_bf16_deployed_merged_checkpoint,bc8f24b1d29dcf910778d5a859fd47844ebc7544d2ae7072ea8d066f57081ec6,23035358321c96b0f26ca2ba209b1e96faefa144a4b7f1c394722523e92e9798
llama,llama3_2_3b,sft,40,40,14,self_attn.v_proj,50,0.1,314573,2148888,3145728,0.6831130981445312,183326,0.0853120311528567,0.8531197691296256,rank32_norm_matched_lowrank_bf16_mask,32,3,0.8785557550544975,0.0025902499843585,-0.0254359859248718,bf16_merged_minus_base,saved_merged_bf16,serialized_bf16_deployed_merged_checkpoint,bc8f24b1d29dcf910778d5a859fd47844ebc7544d2ae7072ea8d066f57081ec6,23035358321c96b0f26ca2ba209b1e96faefa144a4b7f1c394722523e92e9798
llama,llama3_2_3b,sft,80,80,14,self_attn.v_proj,16,0.01,31457,2352162,3145728,0.7477321624755859,17416,0.0074042519180226,0.7404317823561549,rank32_norm_matched_lowrank_bf16_mask,32,3,0.8046284170364295,0.0056825465173498,-0.0641966346802745,bf16_merged_minus_base,saved_merged_bf16,serialized_bf16_deployed_merged_checkpoint,bc8f24b1d29dcf910778d5a859fd47844ebc7544d2ae7072ea8d066f57081ec6,44a8db0b5b274bd8187acebb272661cfa063e01c6cfae2e685138d4d567d98d2
llama,llama3_2_3b,sft,80,80,14,self_attn.v_proj,16,0.1,314573,2352162,3145728,0.7477321624755859,214575,0.0912245840209985,0.9122452602200688,rank32_norm_matched_lowrank_bf16_mask,32,3,0.938005755606706,0.0013249248344973,-0.025760495386637,bf16_merged_minus_base,saved_merged_bf16,serialized_bf16_deployed_merged_checkpoint,bc8f24b1d29dcf910778d5a859fd47844ebc7544d2ae7072ea8d066f57081ec6,44a8db0b5b274bd8187acebb272661cfa063e01c6cfae2e685138d4d567d98d2
llama,llama3_2_3b,sft,80,80,14,self_attn.v_proj,32,0.01,31457,2352162,3145728,0.7477321624755859,15735,0.0066895902578138,0.6689649802121094,rank32_norm_matched_lowrank_bf16_mask,32,3,0.732918096301824,0.0031826491776488,-0.0639531160897146,bf16_merged_minus_base,saved_merged_bf16,serialized_bf16_deployed_merged_checkpoint,bc8f24b1d29dcf910778d5a859fd47844ebc7544d2ae7072ea8d066f57081ec6,44a8db0b5b274bd8187acebb272661cfa063e01c6cfae2e685138d4d567d98d2
llama,llama3_2_3b,sft,80,80,14,self_attn.v_proj,32,0.1,314573,2352162,3145728,0.7477321624755859,209684,0.0891452204397486,0.8914516376277988,rank32_norm_matched_lowrank_bf16_mask,32,3,0.919953764673026,0.0011720043198889,-0.0285021270452271,bf16_merged_minus_base,saved_merged_bf16,serialized_bf16_deployed_merged_checkpoint,bc8f24b1d29dcf910778d5a859fd47844ebc7544d2ae7072ea8d066f57081ec6,44a8db0b5b274bd8187acebb272661cfa063e01c6cfae2e685138d4d567d98d2
llama,llama3_2_3b,sft,80,80,14,self_attn.v_proj,50,0.01,31457,2352162,3145728,0.7477321624755859,14461,0.0061479608972511,0.6148015620494003,rank32_norm_matched_lowrank_bf16_mask,32,3,0.6803830295296782,0.0030551759711788,-0.0655814674802779,bf16_merged_minus_base,saved_merged_bf16,serialized_bf16_deployed_merged_checkpoint,bc8f24b1d29dcf910778d5a859fd47844ebc7544d2ae7072ea8d066f57081ec6,44a8db0b5b274bd8187acebb272661cfa063e01c6cfae2e685138d4d567d98d2
llama,llama3_2_3b,sft,80,80,14,self_attn.v_proj,50,0.1,314573,2352162,3145728,0.7477321624755859,204336,0.0868715675195841,0.8687151228816404,rank32_norm_matched_lowrank_bf16_mask,32,3,0.8999942023315955,0.0009999822581504,-0.0312790794499551,bf16_merged_minus_base,saved_merged_bf16,serialized_bf16_deployed_merged_checkpoint,bc8f24b1d29dcf910778d5a859fd47844ebc7544d2ae7072ea8d066f57081ec6,44a8db0b5b274bd8187acebb272661cfa063e01c6cfae2e685138d4d567d98d2
llama,llama3_2_3b,sft,160,160,14,self_attn.v_proj,16,0.01,31457,2519068,3145728,0.8007901509602865,19153,0.0076032088057964,0.7603276482258444,rank32_norm_matched_lowrank_bf16_mask,32,3,0.8487917292380391,0.0061147627495822,-0.0884640810121947,bf16_merged_minus_base,saved_merged_bf16,serialized_bf16_deployed_merged_checkpoint,bc8f24b1d29dcf910778d5a859fd47844ebc7544d2ae7072ea8d066f57081ec6,578b71549ce6c3a2330260c64033472471f8142832779df1fb6bc6a73d1c0b6b
llama,llama3_2_3b,sft,160,160,14,self_attn.v_proj,16,0.1,314573,2519068,3145728,0.8007901509602865,232339,0.0922321271200301,0.922320684804602,rank32_norm_matched_lowrank_bf16_mask,32,3,0.9540910675168436,0.0015972126073796,-0.0317703827122415,bf16_merged_minus_base,saved_merged_bf16,serialized_bf16_deployed_merged_checkpoint,bc8f24b1d29dcf910778d5a859fd47844ebc7544d2ae7072ea8d066f57081ec6,578b71549ce6c3a2330260c64033472471f8142832779df1fb6bc6a73d1c0b6b
llama,llama3_2_3b,sft,160,160,14,self_attn.v_proj,32,0.01,31457,2519068,3145728,0.8007901509602865,17952,0.0071264451773433,0.7126508610113486,rank32_norm_matched_lowrank_bf16_mask,32,3,0.7896354565517365,0.0015525448224477,-0.0769845955403879,bf16_merged_minus_base,saved_merged_bf16,serialized_bf16_deployed_merged_checkpoint,bc8f24b1d29dcf910778d5a859fd47844ebc7544d2ae7072ea8d066f57081ec6,578b71549ce6c3a2330260c64033472471f8142832779df1fb6bc6a73d1c0b6b
llama,llama3_2_3b,sft,160,160,14,self_attn.v_proj,32,0.1,314573,2519068,3145728,0.8007901509602865,227810,0.0904342399649394,0.9043418246843464,rank32_norm_matched_lowrank_bf16_mask,32,3,0.9384852816577977,0.0007769651892951,-0.034143456973451,bf16_merged_minus_base,saved_merged_bf16,serialized_bf16_deployed_merged_checkpoint,bc8f24b1d29dcf910778d5a859fd47844ebc7544d2ae7072ea8d066f57081ec6,578b71549ce6c3a2330260c64033472471f8142832779df1fb6bc6a73d1c0b6b
llama,llama3_2_3b,sft,160,160,14,self_attn.v_proj,50,0.01,31457,2519068,3145728,0.8007901509602865,16849,0.0066885848258165,0.6688644361174361,rank32_norm_matched_lowrank_bf16_mask,32,3,0.7511192173078552,0.0014307449051226,-0.0822547811904191,bf16_merged_minus_base,saved_merged_bf16,serialized_bf16_deployed_merged_checkpoint,bc8f24b1d29dcf910778d5a859fd47844ebc7544d2ae7072ea8d066f57081ec6,578b71549ce6c3a2330260c64033472471f8142832779df1fb6bc6a73d1c0b6b
llama,llama3_2_3b,sft,160,160,14,self_attn.v_proj,50,0.1,314573,2519068,3145728,0.8007901509602865,223821,0.0888507178051565,0.8885066131542738,rank32_norm_matched_lowrank_bf16_mask,32,3,0.923522239404409,0.0005064439645874,-0.0350156262501352,bf16_merged_minus_base,saved_merged_bf16,serialized_bf16_deployed_merged_checkpoint,bc8f24b1d29dcf910778d5a859fd47844ebc7544d2ae7072ea8d066f57081ec6,578b71549ce6c3a2330260c64033472471f8142832779df1fb6bc6a73d1c0b6b
llama,llama3_2_3b,sft,320,320,14,self_attn.v_proj,16,0.01,31457,2670461,3145728,0.8489166895548502,21650,0.0081072144472433,0.8107286609879525,rank32_norm_matched_lowrank_bf16_mask,32,3,0.8829555476588674,0.0019379800009186,-0.0722268866709149,bf16_merged_minus_base,saved_merged_bf16,serialized_bf16_deployed_merged_checkpoint,bc8f24b1d29dcf910778d5a859fd47844ebc7544d2ae7072ea8d066f57081ec6,ca7eba69e5d33044acf26267f512a1d401216f9c7bfd5fe1dd76ba23c78cd2c4
llama,llama3_2_3b,sft,320,320,14,self_attn.v_proj,16,0.1,314573,2670461,3145728,0.8489166895548502,250299,0.0937287606896337,0.9372870109853044,rank32_norm_matched_lowrank_bf16_mask,32,3,0.9653618407182532,0.0014373273703167,-0.0280748297329488,bf16_merged_minus_base,saved_merged_bf16,serialized_bf16_deployed_merged_checkpoint,bc8f24b1d29dcf910778d5a859fd47844ebc7544d2ae7072ea8d066f57081ec6,ca7eba69e5d33044acf26267f512a1d401216f9c7bfd5fe1dd76ba23c78cd2c4
llama,llama3_2_3b,sft,320,320,14,self_attn.v_proj,32,0.01,31457,2670461,3145728,0.8489166895548502,20560,0.0076990452210311,0.769911375053686,rank32_norm_matched_lowrank_bf16_mask,32,3,0.8425708756849398,0.003323325542426,-0.0726595006312538,bf16_merged_minus_base,saved_merged_bf16,serialized_bf16_deployed_merged_checkpoint,bc8f24b1d29dcf910778d5a859fd47844ebc7544d2ae7072ea8d066f57081ec6,ca7eba69e5d33044acf26267f512a1d401216f9c7bfd5fe1dd76ba23c78cd2c4
llama,llama3_2_3b,sft,320,320,14,self_attn.v_proj,32,0.1,314573,2670461,3145728,0.8489166895548502,246821,0.0924263638375546,0.9242630507449244,rank32_norm_matched_lowrank_bf16_mask,32,3,0.954231128536414,0.0013914230261785,-0.0299680777914896,bf16_merged_minus_base,saved_merged_bf16,serialized_bf16_deployed_merged_checkpoint,bc8f24b1d29dcf910778d5a859fd47844ebc7544d2ae7072ea8d066f57081ec6,ca7eba69e5d33044acf26267f512a1d401216f9c7bfd5fe1dd76ba23c78cd2c4
llama,llama3_2_3b,sft,320,320,14,self_attn.v_proj,50,0.01,31457,2670461,3145728,0.8489166895548502,19666,0.007364271562101,0.7364337111773244,rank32_norm_matched_lowrank_bf16_mask,32,3,0.8078512279338327,0.0045181351034558,-0.0714175167565083,bf16_merged_minus_base,saved_merged_bf16,serialized_bf16_deployed_merged_checkpoint,bc8f24b1d29dcf910778d5a859fd47844ebc7544d2ae7072ea8d066f57081ec6,ca7eba69e5d33044acf26267f512a1d401216f9c7bfd5fe1dd76ba23c78cd2c4
llama,llama3_2_3b,sft,320,320,14,self_attn.v_proj,50,0.1,314573,2670461,3145728,0.8489166895548502,243906,0.0913347920078218,0.913347339387619,rank32_norm_matched_lowrank_bf16_mask,32,3,0.942284052250688,0.0018451075179872,-0.028936712863069,bf16_merged_minus_base,saved_merged_bf16,serialized_bf16_deployed_merged_checkpoint,bc8f24b1d29dcf910778d5a859fd47844ebc7544d2ae7072ea8d066f57081ec6,ca7eba69e5d33044acf26267f512a1d401216f9c7bfd5fe1dd76ba23c78cd2c4
llama,llama3_2_3b,offkd,5,5,14,self_attn.v_proj,16,0.01,31457,967196,3145728,0.3074633280436198,5530,0.005717558798837,0.5717609691053844,rank32_norm_matched_lowrank_bf16_mask,32,3,0.5277708794615518,0.0039280823050128,0.0439900896438326,bf16_merged_minus_base,saved_merged_bf16,serialized_bf16_deployed_merged_checkpoint,bc8f24b1d29dcf910778d5a859fd47844ebc7544d2ae7072ea8d066f57081ec6,f55c5976f906edd66242357e0f977b82c963d7fdb45941518c90e5bbb6dae435
llama,llama3_2_3b,offkd,5,5,14,self_attn.v_proj,16,0.1,314573,967196,3145728,0.3074633280436198,84735,0.0876089231138259,0.8760886741360813,rank32_norm_matched_lowrank_bf16_mask,32,3,0.8287135321416267,0.0023613554655902,0.0473751419944545,bf16_merged_minus_base,saved_merged_bf16,serialized_bf16_deployed_merged_checkpoint,bc8f24b1d29dcf910778d5a859fd47844ebc7544d2ae7072ea8d066f57081ec6,f55c5976f906edd66242357e0f977b82c963d7fdb45941518c90e5bbb6dae435
llama,llama3_2_3b,offkd,5,5,14,self_attn.v_proj,32,0.01,31457,967196,3145728,0.3074633280436198,4103,0.004242159810421,0.424219757005315,rank32_norm_matched_lowrank_bf16_mask,32,3,0.3942393977229851,0.0020191159565189,0.0299803592823298,bf16_merged_minus_base,saved_merged_bf16,serialized_bf16_deployed_merged_checkpoint,bc8f24b1d29dcf910778d5a859fd47844ebc7544d2ae7072ea8d066f57081ec6,f55c5976f906edd66242357e0f977b82c963d7fdb45941518c90e5bbb6dae435
llama,llama3_2_3b,offkd,5,5,14,self_attn.v_proj,32,0.1,314573,967196,3145728,0.3074633280436198,79008,0.081687682744759,0.816876308091621,rank32_norm_matched_lowrank_bf16_mask,32,3,0.7755689796380425,0.0003935971449889,0.0413073284535785,bf16_merged_minus_base,saved_merged_bf16,serialized_bf16_deployed_merged_checkpoint,bc8f24b1d29dcf910778d5a859fd47844ebc7544d2ae7072ea8d066f57081ec6,f55c5976f906edd66242357e0f977b82c963d7fdb45941518c90e5bbb6dae435
llama,llama3_2_3b,offkd,5,5,14,self_attn.v_proj,50,0.01,31457,967196,3145728,0.3074633280436198,3134,0.0032402946248743,0.3240323466864873,rank32_norm_matched_lowrank_bf16_mask,32,3,0.2918353929809259,0.0020914859221012,0.0321969537055613,bf16_merged_minus_base,saved_merged_bf16,serialized_bf16_deployed_merged_checkpoint,bc8f24b1d29dcf910778d5a859fd47844ebc7544d2ae7072ea8d066f57081ec6,f55c5976f906edd66242357e0f977b82c963d7fdb45941518c90e5bbb6dae435
llama,llama3_2_3b,offkd,5,5,14,self_attn.v_proj,50,0.1,314573,967196,3145728,0.3074633280436198,72581,0.0750427007555862,0.7504265304475236,rank32_norm_matched_lowrank_bf16_mask,32,3,0.7186231617727811,0.0020263764416804,0.0318033686747425,bf16_merged_minus_base,saved_merged_bf16,serialized_bf16_deployed_merged_checkpoint,bc8f24b1d29dcf910778d5a859fd47844ebc7544d2ae7072ea8d066f57081ec6,f55c5976f906edd66242357e0f977b82c963d7fdb45941518c90e5bbb6dae435
llama,llama3_2_3b,offkd,20,20,14,self_attn.v_proj,16,0.01,31457,1583113,3145728,0.5032580693562826,10876,0.0068700086475191,0.6870069797737595,rank32_norm_matched_lowrank_bf16_mask,32,3,0.6274269438362398,0.0041619934167515,0.0595800359375197,bf16_merged_minus_base,saved_merged_bf16,serialized_bf16_deployed_merged_checkpoint,bc8f24b1d29dcf910778d5a859fd47844ebc7544d2ae7072ea8d066f57081ec6,b34d28a8effe639eccedf1b27e1546d235282be08f9b9156c7ebbb4dc6da1e11
llama,llama3_2_3b,offkd,20,20,14,self_attn.v_proj,16,0.1,314573,1583113,3145728,0.5032580693562826,143915,0.0909063345446598,0.9090627674800558,rank32_norm_matched_lowrank_bf16_mask,32,3,0.8764427272982801,0.0028695195019632,0.0326200401817756,bf16_merged_minus_base,saved_merged_bf16,serialized_bf16_deployed_merged_checkpoint,bc8f24b1d29dcf910778d5a859fd47844ebc7544d2ae7072ea8d066f57081ec6,b34d28a8effe639eccedf1b27e1546d235282be08f9b9156c7ebbb4dc6da1e11
llama,llama3_2_3b,offkd,20,20,14,self_attn.v_proj,32,0.01,31457,1583113,3145728,0.5032580693562826,8869,0.005602253281983,0.5602303147860862,rank32_norm_matched_lowrank_bf16_mask,32,3,0.5100283037106853,0.0050368998414886,0.0502020110754009,bf16_merged_minus_base,saved_merged_bf16,serialized_bf16_deployed_merged_checkpoint,bc8f24b1d29dcf910778d5a859fd47844ebc7544d2ae7072ea8d066f57081ec6,b34d28a8effe639eccedf1b27e1546d235282be08f9b9156c7ebbb4dc6da1e11
llama,llama3_2_3b,offkd,20,20,14,self_attn.v_proj,32,0.1,314573,1583113,3145728,0.5032580693562826,137404,0.0867935516921407,0.8679349651032178,rank32_norm_matched_lowrank_bf16_mask,32,3,0.8370988547407402,0.0031122764590747,0.0308361103624775,bf16_merged_minus_base,saved_merged_bf16,serialized_bf16_deployed_merged_checkpoint,bc8f24b1d29dcf910778d5a859fd47844ebc7544d2ae7072ea8d066f57081ec6,b34d28a8effe639eccedf1b27e1546d235282be08f9b9156c7ebbb4dc6da1e11
llama,llama3_2_3b,offkd,20,20,14,self_attn.v_proj,50,0.01,31457,1583113,3145728,0.5032580693562826,7418,0.0046857046843781,0.4685746392020732,rank32_norm_matched_lowrank_bf16_mask,32,3,0.4223561888689465,0.0048369024804346,0.0462184503331267,bf16_merged_minus_base,saved_merged_bf16,serialized_bf16_deployed_merged_checkpoint,bc8f24b1d29dcf910778d5a859fd47844ebc7544d2ae7072ea8d066f57081ec6,b34d28a8effe639eccedf1b27e1546d235282be08f9b9156c7ebbb4dc6da1e11
llama,llama3_2_3b,offkd,20,20,14,self_attn.v_proj,50,0.1,314573,1583113,3145728,0.5032580693562826,129746,0.0819562469640512,0.8195619485770581,rank32_norm_matched_lowrank_bf16_mask,32,3,0.7958656273229462,0.0028519023122431,0.0236963212541119,bf16_merged_minus_base,saved_merged_bf16,serialized_bf16_deployed_merged_checkpoint,bc8f24b1d29dcf910778d5a859fd47844ebc7544d2ae7072ea8d066f57081ec6,b34d28a8effe639eccedf1b27e1546d235282be08f9b9156c7ebbb4dc6da1e11
llama,llama3_2_3b,offkd,40,40,14,self_attn.v_proj,16,0.01,31457,1832722,3145728,0.5826066335042318,12448,0.0067920830327785,0.6792143489378025,rank32_norm_matched_lowrank_bf16_mask,32,3,0.685924285157877,0.0115718965741449,-0.0067099362200744,bf16_merged_minus_base,saved_merged_bf16,serialized_bf16_deployed_merged_checkpoint,bc8f24b1d29dcf910778d5a859fd47844ebc7544d2ae7072ea8d066f57081ec6,ac1b5264d66a71ef98678d9f23ff58a6ad2211b102a5f895351e01a38ae6ccbc
llama,llama3_2_3b,offkd,40,40,14,self_attn.v_proj,16,0.1,314573,1832722,3145728,0.5826066335042318,164804,0.0899230761675802,0.8992301899606446,rank32_norm_matched_lowrank_bf16_mask,32,3,0.8967546053566172,0.0033119646729211,0.0024755846040274,bf16_merged_minus_base,saved_merged_bf16,serialized_bf16_deployed_merged_checkpoint,bc8f24b1d29dcf910778d5a859fd47844ebc7544d2ae7072ea8d066f57081ec6,ac1b5264d66a71ef98678d9f23ff58a6ad2211b102a5f895351e01a38ae6ccbc
llama,llama3_2_3b,offkd,40,40,14,self_attn.v_proj,32,0.01,31457,1832722,3145728,0.5826066335042318,10571,0.0057679233402556,0.5767974680769208,rank32_norm_matched_lowrank_bf16_mask,32,3,0.5760427542120415,0.0087832289303613,0.0007547138648792,bf16_merged_minus_base,saved_merged_bf16,serialized_bf16_deployed_merged_checkpoint,bc8f24b1d29dcf910778d5a859fd47844ebc7544d2ae7072ea8d066f57081ec6,ac1b5264d66a71ef98678d9f23ff58a6ad2211b102a5f895351e01a38ae6ccbc
llama,llama3_2_3b,offkd,40,40,14,self_attn.v_proj,32,0.1,314573,1832722,3145728,0.5826066335042318,159090,0.0868053092613064,0.8680525407201218,rank32_norm_matched_lowrank_bf16_mask,32,3,0.8640611513202335,0.0025869179977453,0.0039913893998883,bf16_merged_minus_base,saved_merged_bf16,serialized_bf16_deployed_merged_checkpoint,bc8f24b1d29dcf910778d5a859fd47844ebc7544d2ae7072ea8d066f57081ec6,ac1b5264d66a71ef98678d9f23ff58a6ad2211b102a5f895351e01a38ae6ccbc
llama,llama3_2_3b,offkd,40,40,14,self_attn.v_proj,50,0.01,31457,1832722,3145728,0.5826066335042318,9092,0.0049609269709208,0.4960971128327844,rank32_norm_matched_lowrank_bf16_mask,32,3,0.5004178251916208,0.0064047487174801,-0.0043207123588364,bf16_merged_minus_base,saved_merged_bf16,serialized_bf16_deployed_merged_checkpoint,bc8f24b1d29dcf910778d5a859fd47844ebc7544d2ae7072ea8d066f57081ec6,ac1b5264d66a71ef98678d9f23ff58a6ad2211b102a5f895351e01a38ae6ccbc
llama,llama3_2_3b,offkd,40,40,14,self_attn.v_proj,50,0.1,314573,1832722,3145728,0.5826066335042318,151784,0.08281888906228,0.8281883640748191,rank32_norm_matched_lowrank_bf16_mask,32,3,0.8303947742525625,0.0023544935849308,-0.0022064101777433,bf16_merged_minus_base,saved_merged_bf16,serialized_bf16_deployed_merged_checkpoint,bc8f24b1d29dcf910778d5a859fd47844ebc7544d2ae7072ea8d066f57081ec6,ac1b5264d66a71ef98678d9f23ff58a6ad2211b102a5f895351e01a38ae6ccbc
llama,llama3_2_3b,offkd,80,80,14,self_attn.v_proj,16,0.01,31457,2073810,3145728,0.6592464447021484,14534,0.0070083565996884,0.700841898134752,rank32_norm_matched_lowrank_bf16_mask,32,3,0.7364785634661164,0.0044924549660438,-0.0356366653313644,bf16_merged_minus_base,saved_merged_bf16,serialized_bf16_deployed_merged_checkpoint,bc8f24b1d29dcf910778d5a859fd47844ebc7544d2ae7072ea8d066f57081ec6,949d4abaa30632c9a53e315e2a68ad27d9fbdfa05f3ea7d1fbc05a01280e4086
llama,llama3_2_3b,offkd,80,80,14,self_attn.v_proj,16,0.1,314573,2073810,3145728,0.6592464447021484,187456,0.0903920802773638,0.9039202280766352,rank32_norm_matched_lowrank_bf16_mask,32,3,0.9182062409241252,0.0016760077144481,-0.0142860128474902,bf16_merged_minus_base,saved_merged_bf16,serialized_bf16_deployed_merged_checkpoint,bc8f24b1d29dcf910778d5a859fd47844ebc7544d2ae7072ea8d066f57081ec6,949d4abaa30632c9a53e315e2a68ad27d9fbdfa05f3ea7d1fbc05a01280e4086
llama,llama3_2_3b,offkd,80,80,14,self_attn.v_proj,32,0.01,31457,2073810,3145728,0.6592464447021484,12781,0.0061630525457973,0.6163107403371587,rank32_norm_matched_lowrank_bf16_mask,32,3,0.6457458392260709,0.0026349014419063,-0.0294350988889121,bf16_merged_minus_base,saved_merged_bf16,serialized_bf16_deployed_merged_checkpoint,bc8f24b1d29dcf910778d5a859fd47844ebc7544d2ae7072ea8d066f57081ec6,949d4abaa30632c9a53e315e2a68ad27d9fbdfa05f3ea7d1fbc05a01280e4086
llama,llama3_2_3b,offkd,80,80,14,self_attn.v_proj,32,0.1,314573,2073810,3145728,0.6592464447021484,181953,0.0877385102781836,0.8773845449557656,rank32_norm_matched_lowrank_bf16_mask,32,3,0.8905489185913372,0.0010965479227988,-0.0131643736355716,bf16_merged_minus_base,saved_merged_bf16,serialized_bf16_deployed_merged_checkpoint,bc8f24b1d29dcf910778d5a859fd47844ebc7544d2ae7072ea8d066f57081ec6,949d4abaa30632c9a53e315e2a68ad27d9fbdfa05f3ea7d1fbc05a01280e4086
llama,llama3_2_3b,offkd,80,80,14,self_attn.v_proj,50,0.01,31457,2073810,3145728,0.6592464447021484,11257,0.0054281732656318,0.5428221582016584,rank32_norm_matched_lowrank_bf16_mask,32,3,0.5770672946687859,0.0010390303722666,-0.0342451364671275,bf16_merged_minus_base,saved_merged_bf16,serialized_bf16_deployed_merged_checkpoint,bc8f24b1d29dcf910778d5a859fd47844ebc7544d2ae7072ea8d066f57081ec6,949d4abaa30632c9a53e315e2a68ad27d9fbdfa05f3ea7d1fbc05a01280e4086
llama,llama3_2_3b,offkd,80,80,14,self_attn.v_proj,50,0.1,314573,2073810,3145728,0.6592464447021484,175252,0.084507259585015,0.845072058567805,rank32_norm_matched_lowrank_bf16_mask,32,3,0.8621236549888113,0.0011202816404473,-0.0170515964210062,bf16_merged_minus_base,saved_merged_bf16,serialized_bf16_deployed_merged_checkpoint,bc8f24b1d29dcf910778d5a859fd47844ebc7544d2ae7072ea8d066f57081ec6,949d4abaa30632c9a53e315e2a68ad27d9fbdfa05f3ea7d1fbc05a01280e4086
llama,llama3_2_3b,offkd,160,160,14,self_attn.v_proj,16,0.01,31457,2337366,3145728,0.7430286407470703,18066,0.007729213139919,0.772928193795061,rank32_norm_matched_lowrank_bf16_mask,32,3,0.8036780670288305,0.0037815581199863,-0.0307498732337695,bf16_merged_minus_base,saved_merged_bf16,serialized_bf16_deployed_merged_checkpoint,bc8f24b1d29dcf910778d5a859fd47844ebc7544d2ae7072ea8d066f57081ec6,83ef08d0ce219f288a019effed85e1055e24a3345604aa8513ff5ada4d4f4b8b
llama,llama3_2_3b,offkd,160,160,14,self_attn.v_proj,16,0.1,314573,2337366,3145728,0.7430286407470703,216375,0.0925721517297676,0.9257209287401602,rank32_norm_matched_lowrank_bf16_mask,32,3,0.9408751582685216,0.0008784682148218,-0.0151542295283613,bf16_merged_minus_base,saved_merged_bf16,serialized_bf16_deployed_merged_checkpoint,bc8f24b1d29dcf910778d5a859fd47844ebc7544d2ae7072ea8d066f57081ec6,83ef08d0ce219f288a019effed85e1055e24a3345604aa8513ff5ada4d4f4b8b
llama,llama3_2_3b,offkd,160,160,14,self_attn.v_proj,32,0.01,31457,2337366,3145728,0.7430286407470703,16349,0.0069946255742575,0.6994687833696143,rank32_norm_matched_lowrank_bf16_mask,32,3,0.732066596147318,0.0034274947011841,-0.0325978127777036,bf16_merged_minus_base,saved_merged_bf16,serialized_bf16_deployed_merged_checkpoint,bc8f24b1d29dcf910778d5a859fd47844ebc7544d2ae7072ea8d066f57081ec6,83ef08d0ce219f288a019effed85e1055e24a3345604aa8513ff5ada4d4f4b8b
llama,llama3_2_3b,offkd,160,160,14,self_attn.v_proj,32,0.1,314573,2337366,3145728,0.7430286407470703,211521,0.0904954551405299,0.9049539760510568,rank32_norm_matched_lowrank_bf16_mask,32,3,0.921551255407365,0.0011387252310523,-0.0165972793563081,bf16_merged_minus_base,saved_merged_bf16,serialized_bf16_deployed_merged_checkpoint,bc8f24b1d29dcf910778d5a859fd47844ebc7544d2ae7072ea8d066f57081ec6,83ef08d0ce219f288a019effed85e1055e24a3345604aa8513ff5ada4d4f4b8b
llama,llama3_2_3b,offkd,160,160,14,self_attn.v_proj,50,0.01,31457,2337366,3145728,0.7430286407470703,15019,0.0064256089974783,0.6425666192077948,rank32_norm_matched_lowrank_bf16_mask,32,3,0.6798698652296481,0.0029992602981412,-0.0373032460218533,bf16_merged_minus_base,saved_merged_bf16,serialized_bf16_deployed_merged_checkpoint,bc8f24b1d29dcf910778d5a859fd47844ebc7544d2ae7072ea8d066f57081ec6,83ef08d0ce219f288a019effed85e1055e24a3345604aa8513ff5ada4d4f4b8b
llama,llama3_2_3b,offkd,160,160,14,self_attn.v_proj,50,0.1,314573,2337366,3145728,0.7430286407470703,205972,0.0881214153025242,0.8812135927647291,rank32_norm_matched_lowrank_bf16_mask,32,3,0.900070898850931,0.0001857372351592,-0.0188573060862018,bf16_merged_minus_base,saved_merged_bf16,serialized_bf16_deployed_merged_checkpoint,bc8f24b1d29dcf910778d5a859fd47844ebc7544d2ae7072ea8d066f57081ec6,83ef08d0ce219f288a019effed85e1055e24a3345604aa8513ff5ada4d4f4b8b
llama,llama3_2_3b,offkd,320,320,14,self_attn.v_proj,16,0.01,31457,2490134,3145728,0.7915922800699869,20062,0.0080565945447112,0.8056666256777641,rank32_norm_matched_lowrank_bf16_mask,32,3,0.8285251651872979,0.0030297087550997,-0.0228585395095337,bf16_merged_minus_base,saved_merged_bf16,serialized_bf16_deployed_merged_checkpoint,bc8f24b1d29dcf910778d5a859fd47844ebc7544d2ae7072ea8d066f57081ec6,6b1536f14219354fcdb21b9a97de37c7258e978a2460b2537e4da8f34a3cbd8b
llama,llama3_2_3b,offkd,320,320,14,self_attn.v_proj,16,0.1,314573,2490134,3145728,0.7915922800699869,233805,0.0938925375100295,0.9389247781479984,rank32_norm_matched_lowrank_bf16_mask,32,3,0.9480686366755262,0.0012667767456293,-0.0091438585275277,bf16_merged_minus_base,saved_merged_bf16,serialized_bf16_deployed_merged_checkpoint,bc8f24b1d29dcf910778d5a859fd47844ebc7544d2ae7072ea8d066f57081ec6,6b1536f14219354fcdb21b9a97de37c7258e978a2460b2537e4da8f34a3cbd8b
llama,llama3_2_3b,offkd,320,320,14,self_attn.v_proj,32,0.01,31457,2490134,3145728,0.7915922800699869,18585,0.0074634537739736,0.7463520206470565,rank32_norm_matched_lowrank_bf16_mask,32,3,0.7663379362594944,0.0037517676485628,-0.0199859156124379,bf16_merged_minus_base,saved_merged_bf16,serialized_bf16_deployed_merged_checkpoint,bc8f24b1d29dcf910778d5a859fd47844ebc7544d2ae7072ea8d066f57081ec6,6b1536f14219354fcdb21b9a97de37c7258e978a2460b2537e4da8f34a3cbd8b
llama,llama3_2_3b,offkd,320,320,14,self_attn.v_proj,32,0.1,314573,2490134,3145728,0.7915922800699869,230034,0.092378161175262,0.9237810244284624,rank32_norm_matched_lowrank_bf16_mask,32,3,0.9319296851749548,0.0011625433673846,-0.0081486607464921,bf16_merged_minus_base,saved_merged_bf16,serialized_bf16_deployed_merged_checkpoint,bc8f24b1d29dcf910778d5a859fd47844ebc7544d2ae7072ea8d066f57081ec6,6b1536f14219354fcdb21b9a97de37c7258e978a2460b2537e4da8f34a3cbd8b
llama,llama3_2_3b,offkd,320,320,14,self_attn.v_proj,50,0.01,31457,2490134,3145728,0.7915922800699869,17462,0.0070124740275021,0.7012536445810547,rank32_norm_matched_lowrank_bf16_mask,32,3,0.7241004254076328,0.0036236582694748,-0.022846780826578,bf16_merged_minus_base,saved_merged_bf16,serialized_bf16_deployed_merged_checkpoint,bc8f24b1d29dcf910778d5a859fd47844ebc7544d2ae7072ea8d066f57081ec6,6b1536f14219354fcdb21b9a97de37c7258e978a2460b2537e4da8f34a3cbd8b
llama,llama3_2_3b,offkd,320,320,14,self_attn.v_proj,50,0.1,314573,2490134,3145728,0.7915922800699869,225250,0.0904569794235972,0.9045692191263516,rank32_norm_matched_lowrank_bf16_mask,32,3,0.9141849331254374,0.0012234191907257,-0.0096157139990856,bf16_merged_minus_base,saved_merged_bf16,serialized_bf16_deployed_merged_checkpoint,bc8f24b1d29dcf910778d5a859fd47844ebc7544d2ae7072ea8d066f57081ec6,6b1536f14219354fcdb21b9a97de37c7258e978a2460b2537e4da8f34a3cbd8b
llama,llama3_2_3b,seqkd,5,5,14,self_attn.v_proj,16,0.01,31457,945220,3145728,0.3004773457845052,5621,0.0059467637163834,0.594681664876231,rank32_norm_matched_lowrank_bf16_mask,32,3,0.519038840214295,0.0052960362952945,0.0756428246619359,bf16_merged_minus_base,saved_merged_bf16,serialized_bf16_deployed_merged_checkpoint,bc8f24b1d29dcf910778d5a859fd47844ebc7544d2ae7072ea8d066f57081ec6,d0c12c27b0614efc353106ad0fb331adbe7399477dbced20f2323488617bcfc3
llama,llama3_2_3b,seqkd,5,5,14,self_attn.v_proj,16,0.1,314573,945220,3145728,0.3004773457845052,84124,0.0889993863862381,0.8899932980198811,rank32_norm_matched_lowrank_bf16_mask,32,3,0.8238268849409224,0.0041467588250479,0.0661664130789587,bf16_merged_minus_base,saved_merged_bf16,serialized_bf16_deployed_merged_checkpoint,bc8f24b1d29dcf910778d5a859fd47844ebc7544d2ae7072ea8d066f57081ec6,d0c12c27b0614efc353106ad0fb331adbe7399477dbced20f2323488617bcfc3
llama,llama3_2_3b,seqkd,5,5,14,self_attn.v_proj,32,0.01,31457,945220,3145728,0.3004773457845052,4158,0.0043989758997905,0.4399015055248831,rank32_norm_matched_lowrank_bf16_mask,32,3,0.380540856438015,0.0051510357042219,0.0593606490868681,bf16_merged_minus_base,saved_merged_bf16,serialized_bf16_deployed_merged_checkpoint,bc8f24b1d29dcf910778d5a859fd47844ebc7544d2ae7072ea8d066f57081ec6,d0c12c27b0614efc353106ad0fb331adbe7399477dbced20f2323488617bcfc3
llama,llama3_2_3b,seqkd,5,5,14,self_attn.v_proj,32,0.1,314573,945220,3145728,0.3004773457845052,78101,0.0826273248555891,0.826272723225842,rank32_norm_matched_lowrank_bf16_mask,32,3,0.7729505509856263,0.0043373725580113,0.0533221722402157,bf16_merged_minus_base,saved_merged_bf16,serialized_bf16_deployed_merged_checkpoint,bc8f24b1d29dcf910778d5a859fd47844ebc7544d2ae7072ea8d066f57081ec6,d0c12c27b0614efc353106ad0fb331adbe7399477dbced20f2323488617bcfc3
llama,llama3_2_3b,seqkd,5,5,14,self_attn.v_proj,50,0.01,31457,945220,3145728,0.3004773457845052,3113,0.0032934131736526,0.329344248845349,rank32_norm_matched_lowrank_bf16_mask,32,3,0.2842963229774331,0.004731882820006,0.0450479258679158,bf16_merged_minus_base,saved_merged_bf16,serialized_bf16_deployed_merged_checkpoint,bc8f24b1d29dcf910778d5a859fd47844ebc7544d2ae7072ea8d066f57081ec6,d0c12c27b0614efc353106ad0fb331adbe7399477dbced20f2323488617bcfc3
llama,llama3_2_3b,seqkd,5,5,14,self_attn.v_proj,50,0.1,314573,945220,3145728,0.3004773457845052,71844,0.0760077019106663,0.7600765358630158,rank32_norm_matched_lowrank_bf16_mask,32,3,0.7143543761355297,0.0042163941165513,0.0457221597274861,bf16_merged_minus_base,saved_merged_bf16,serialized_bf16_deployed_merged_checkpoint,bc8f24b1d29dcf910778d5a859fd47844ebc7544d2ae7072ea8d066f57081ec6,d0c12c27b0614efc353106ad0fb331adbe7399477dbced20f2323488617bcfc3
llama,llama3_2_3b,seqkd,20,20,14,self_attn.v_proj,16,0.01,31457,1557323,3145728,0.4950596491495768,10395,0.0066749158652379,0.6674975278927846,rank32_norm_matched_lowrank_bf16_mask,32,3,0.6338355220463647,0.0083622367559617,0.0336620058464198,bf16_merged_minus_base,saved_merged_bf16,serialized_bf16_deployed_merged_checkpoint,bc8f24b1d29dcf910778d5a859fd47844ebc7544d2ae7072ea8d066f57081ec6,07f3b8e0bf78500aa026feda6460a629cc34a7a0d269e98ceb3cc0b186e764ee
llama,llama3_2_3b,seqkd,20,20,14,self_attn.v_proj,16,0.1,314573,1557323,3145728,0.4950596491495768,140869,0.0904558656104096,0.9045580810015568,rank32_norm_matched_lowrank_bf16_mask,32,3,0.8802558401322086,0.0014880199847774,0.0243022408693482,bf16_merged_minus_base,saved_merged_bf16,serialized_bf16_deployed_merged_checkpoint,bc8f24b1d29dcf910778d5a859fd47844ebc7544d2ae7072ea8d066f57081ec6,07f3b8e0bf78500aa026feda6460a629cc34a7a0d269e98ceb3cc0b186e764ee
llama,llama3_2_3b,seqkd,20,20,14,self_attn.v_proj,32,0.01,31457,1557323,3145728,0.4950596491495768,8310,0.0053360799269001,0.533612742355848,rank32_norm_matched_lowrank_bf16_mask,32,3,0.5107073672318637,0.0064823670510609,0.0229053751239842,bf16_merged_minus_base,saved_merged_bf16,serialized_bf16_deployed_merged_checkpoint,bc8f24b1d29dcf910778d5a859fd47844ebc7544d2ae7072ea8d066f57081ec6,07f3b8e0bf78500aa026feda6460a629cc34a7a0d269e98ceb3cc0b186e764ee
llama,llama3_2_3b,seqkd,20,20,14,self_attn.v_proj,32,0.1,314573,1557323,3145728,0.4950596491495768,133849,0.0859481302208983,0.8594807557658348,rank32_norm_matched_lowrank_bf16_mask,32,3,0.8388875680603524,0.0018264312931473,0.0205931877054824,bf16_merged_minus_base,saved_merged_bf16,serialized_bf16_deployed_merged_checkpoint,bc8f24b1d29dcf910778d5a859fd47844ebc7544d2ae7072ea8d066f57081ec6,07f3b8e0bf78500aa026feda6460a629cc34a7a0d269e98ceb3cc0b186e764ee
llama,llama3_2_3b,seqkd,20,20,14,self_attn.v_proj,50,0.01,31457,1557323,3145728,0.4950596491495768,6918,0.0044422383795782,0.4442277920117637,rank32_norm_matched_lowrank_bf16_mask,32,3,0.4220125546011519,0.0039457954381244,0.0222152374106118,bf16_merged_minus_base,saved_merged_bf16,serialized_bf16_deployed_merged_checkpoint,bc8f24b1d29dcf910778d5a859fd47844ebc7544d2ae7072ea8d066f57081ec6,07f3b8e0bf78500aa026feda6460a629cc34a7a0d269e98ceb3cc0b186e764ee
llama,llama3_2_3b,seqkd,20,20,14,self_attn.v_proj,50,0.1,314573,1557323,3145728,0.4950596491495768,126321,0.0811141940368183,0.8111414246583539,rank32_norm_matched_lowrank_bf16_mask,32,3,0.7959906493012383,0.0006858119101494,0.0151507753571156,bf16_merged_minus_base,saved_merged_bf16,serialized_bf16_deployed_merged_checkpoint,bc8f24b1d29dcf910778d5a859fd47844ebc7544d2ae7072ea8d066f57081ec6,07f3b8e0bf78500aa026feda6460a629cc34a7a0d269e98ceb3cc0b186e764ee
llama,llama3_2_3b,seqkd,40,40,14,self_attn.v_proj,16,0.01,31457,1825501,3145728,0.580311139424642,12794,0.0070084869852166,0.7008549368036251,rank32_norm_matched_lowrank_bf16_mask,32,3,0.6787825445464334,0.0008259168735732,0.0220723922571917,bf16_merged_minus_base,saved_merged_bf16,serialized_bf16_deployed_merged_checkpoint,bc8f24b1d29dcf910778d5a859fd47844ebc7544d2ae7072ea8d066f57081ec6,16f9968ca2ac4f44997fda1b760d9f3e1c3c90f1a5025f221445b629e5d22c02
llama,llama3_2_3b,seqkd,40,40,14,self_attn.v_proj,16,0.1,314573,1825501,3145728,0.580311139424642,166386,0.0911453896765874,0.9114533172794612,rank32_norm_matched_lowrank_bf16_mask,32,3,0.8968002191870074,0.0024488211679532,0.0146530980924539,bf16_merged_minus_base,saved_merged_bf16,serialized_bf16_deployed_merged_checkpoint,bc8f24b1d29dcf910778d5a859fd47844ebc7544d2ae7072ea8d066f57081ec6,16f9968ca2ac4f44997fda1b760d9f3e1c3c90f1a5025f221445b629e5d22c02
llama,llama3_2_3b,seqkd,40,40,14,self_attn.v_proj,32,0.01,31457,1825501,3145728,0.580311139424642,10709,0.0058663347760423,0.5866386992519947,rank32_norm_matched_lowrank_bf16_mask,32,3,0.5743908488980841,0.0058979437541605,0.0122478503539106,bf16_merged_minus_base,saved_merged_bf16,serialized_bf16_deployed_merged_checkpoint,bc8f24b1d29dcf910778d5a859fd47844ebc7544d2ae7072ea8d066f57081ec6,16f9968ca2ac4f44997fda1b760d9f3e1c3c90f1a5025f221445b629e5d22c02
llama,llama3_2_3b,seqkd,40,40,14,self_attn.v_proj,32,0.1,314573,1825501,3145728,0.580311139424642,160161,0.0877353668938006,0.8773531111319209,rank32_norm_matched_lowrank_bf16_mask,32,3,0.8639186372845042,0.0014218066808328,0.0134344738474166,bf16_merged_minus_base,saved_merged_bf16,serialized_bf16_deployed_merged_checkpoint,bc8f24b1d29dcf910778d5a859fd47844ebc7544d2ae7072ea8d066f57081ec6,16f9968ca2ac4f44997fda1b760d9f3e1c3c90f1a5025f221445b629e5d22c02
llama,llama3_2_3b,seqkd,40,40,14,self_attn.v_proj,50,0.01,31457,1825501,3145728,0.580311139424642,9241,0.0050621719736116,0.5062217032204392,rank32_norm_matched_lowrank_bf16_mask,32,3,0.4965537898670904,0.0058620264580122,0.0096679133533488,bf16_merged_minus_base,saved_merged_bf16,serialized_bf16_deployed_merged_checkpoint,bc8f24b1d29dcf910778d5a859fd47844ebc7544d2ae7072ea8d066f57081ec6,16f9968ca2ac4f44997fda1b760d9f3e1c3c90f1a5025f221445b629e5d22c02
llama,llama3_2_3b,seqkd,40,40,14,self_attn.v_proj,50,0.1,314573,1825501,3145728,0.580311139424642,152437,0.0835041996690223,0.8350414657851577,rank32_norm_matched_lowrank_bf16_mask,32,3,0.8288749977743901,0.0028541653311497,0.0061664680107675,bf16_merged_minus_base,saved_merged_bf16,serialized_bf16_deployed_merged_checkpoint,bc8f24b1d29dcf910778d5a859fd47844ebc7544d2ae7072ea8d066f57081ec6,16f9968ca2ac4f44997fda1b760d9f3e1c3c90f1a5025f221445b629e5d22c02
llama,llama3_2_3b,seqkd,80,80,14,self_attn.v_proj,16,0.01,31457,2067374,3145728,0.6572004954020182,15211,0.0073576430776434,0.7357708568315192,rank32_norm_matched_lowrank_bf16_mask,32,3,0.7455026880645103,0.0052792186383327,-0.009731831232991,bf16_merged_minus_base,saved_merged_bf16,serialized_bf16_deployed_merged_checkpoint,bc8f24b1d29dcf910778d5a859fd47844ebc7544d2ae7072ea8d066f57081ec6,c27e2ce35442e41f2597203684e046ae982274c88580eebef78dc4a51680759d
llama,llama3_2_3b,seqkd,80,80,14,self_attn.v_proj,16,0.1,314573,2067374,3145728,0.6572004954020182,190028,0.0919175727275277,0.9191751428794604,rank32_norm_matched_lowrank_bf16_mask,32,3,0.921598100677842,0.0013758334286637,-0.0024229577983816,bf16_merged_minus_base,saved_merged_bf16,serialized_bf16_deployed_merged_checkpoint,bc8f24b1d29dcf910778d5a859fd47844ebc7544d2ae7072ea8d066f57081ec6,c27e2ce35442e41f2597203684e046ae982274c88580eebef78dc4a51680759d
llama,llama3_2_3b,seqkd,80,80,14,self_attn.v_proj,32,0.01,31457,2067374,3145728,0.6572004954020182,13249,0.0064086130521134,0.6408670095431462,rank32_norm_matched_lowrank_bf16_mask,32,3,0.6525075719255685,0.0067273880554962,-0.0116405623824222,bf16_merged_minus_base,saved_merged_bf16,serialized_bf16_deployed_merged_checkpoint,bc8f24b1d29dcf910778d5a859fd47844ebc7544d2ae7072ea8d066f57081ec6,c27e2ce35442e41f2597203684e046ae982274c88580eebef78dc4a51680759d
llama,llama3_2_3b,seqkd,80,80,14,self_attn.v_proj,32,0.1,314573,2067374,3145728,0.6572004954020182,184132,0.0890656455967812,0.8906558897040477,rank32_norm_matched_lowrank_bf16_mask,32,3,0.8944554448462682,0.0014470821642547,-0.0037995551422204,bf16_merged_minus_base,saved_merged_bf16,serialized_bf16_deployed_merged_checkpoint,bc8f24b1d29dcf910778d5a859fd47844ebc7544d2ae7072ea8d066f57081ec6,c27e2ce35442e41f2597203684e046ae982274c88580eebef78dc4a51680759d
llama,llama3_2_3b,seqkd,80,80,14,self_attn.v_proj,50,0.01,31457,2067374,3145728,0.6572004954020182,11790,0.0057028868506617,0.5702937612282961,rank32_norm_matched_lowrank_bf16_mask,32,3,0.5834888644839477,0.0023207149034826,-0.0131951032556515,bf16_merged_minus_base,saved_merged_bf16,serialized_bf16_deployed_merged_checkpoint,bc8f24b1d29dcf910778d5a859fd47844ebc7544d2ae7072ea8d066f57081ec6,c27e2ce35442e41f2597203684e046ae982274c88580eebef78dc4a51680759d
llama,llama3_2_3b,seqkd,80,80,14,self_attn.v_proj,50,0.1,314573,2067374,3145728,0.6572004954020182,176968,0.0856003799989745,0.8560032557575322,rank32_norm_matched_lowrank_bf16_mask,32,3,0.8659051412896427,0.0015358705303066,-0.0099018855321104,bf16_merged_minus_base,saved_merged_bf16,serialized_bf16_deployed_merged_checkpoint,bc8f24b1d29dcf910778d5a859fd47844ebc7544d2ae7072ea8d066f57081ec6,c27e2ce35442e41f2597203684e046ae982274c88580eebef78dc4a51680759d
llama,llama3_2_3b,seqkd,160,160,14,self_attn.v_proj,16,0.01,31457,2322478,3145728,0.7382958730061849,18178,0.0078269847981337,0.7827054466434683,rank32_norm_matched_lowrank_bf16_mask,32,3,0.7995054332937906,0.0047022038146423,-0.0167999866503223,bf16_merged_minus_base,saved_merged_bf16,serialized_bf16_deployed_merged_checkpoint,bc8f24b1d29dcf910778d5a859fd47844ebc7544d2ae7072ea8d066f57081ec6,ebb5a1aec7905f9915a1ff633cd431f81341170b0a3df41d496ca289a2b2f536
llama,llama3_2_3b,seqkd,160,160,14,self_attn.v_proj,16,0.1,314573,2322478,3145728,0.7382958730061849,216858,0.0933735432585367,0.9337348389327452,rank32_norm_matched_lowrank_bf16_mask,32,3,0.9389279881613254,0.0029973339450647,-0.0051931492285802,bf16_merged_minus_base,saved_merged_bf16,serialized_bf16_deployed_merged_checkpoint,bc8f24b1d29dcf910778d5a859fd47844ebc7544d2ae7072ea8d066f57081ec6,ebb5a1aec7905f9915a1ff633cd431f81341170b0a3df41d496ca289a2b2f536
llama,llama3_2_3b,seqkd,160,160,14,self_attn.v_proj,32,0.01,31457,2322478,3145728,0.7382958730061849,16580,0.0071389266120066,0.7138990155874521,rank32_norm_matched_lowrank_bf16_mask,32,3,0.7256040027476897,0.0061261473589949,-0.0117049871602376,bf16_merged_minus_base,saved_merged_bf16,serialized_bf16_deployed_merged_checkpoint,bc8f24b1d29dcf910778d5a859fd47844ebc7544d2ae7072ea8d066f57081ec6,ebb5a1aec7905f9915a1ff633cd431f81341170b0a3df41d496ca289a2b2f536
llama,llama3_2_3b,seqkd,160,160,14,self_attn.v_proj,32,0.1,314573,2322478,3145728,0.7382958730061849,211678,0.0911431669105154,0.9114310896328732,rank32_norm_matched_lowrank_bf16_mask,32,3,0.918993447439058,0.0033140637442091,-0.0075623578061848,bf16_merged_minus_base,saved_merged_bf16,serialized_bf16_deployed_merged_checkpoint,bc8f24b1d29dcf910778d5a859fd47844ebc7544d2ae7072ea8d066f57081ec6,ebb5a1aec7905f9915a1ff633cd431f81341170b0a3df41d496ca289a2b2f536
llama,llama3_2_3b,seqkd,160,160,14,self_attn.v_proj,50,0.01,31457,2322478,3145728,0.7382958730061849,15203,0.0065460254090673,0.6546083675498211,rank32_norm_matched_lowrank_bf16_mask,32,3,0.6717149311083329,0.0034484566736532,-0.0171065635585118,bf16_merged_minus_base,saved_merged_bf16,serialized_bf16_deployed_merged_checkpoint,bc8f24b1d29dcf910778d5a859fd47844ebc7544d2ae7072ea8d066f57081ec6,ebb5a1aec7905f9915a1ff633cd431f81341170b0a3df41d496ca289a2b2f536
llama,llama3_2_3b,seqkd,160,160,14,self_attn.v_proj,50,0.1,314573,2322478,3145728,0.7382958730061849,205567,0.0885119256242685,0.8851186934993757,rank32_norm_matched_lowrank_bf16_mask,32,3,0.8965108816751982,0.0026309679360317,-0.0113921881758225,bf16_merged_minus_base,saved_merged_bf16,serialized_bf16_deployed_merged_checkpoint,bc8f24b1d29dcf910778d5a859fd47844ebc7544d2ae7072ea8d066f57081ec6,ebb5a1aec7905f9915a1ff633cd431f81341170b0a3df41d496ca289a2b2f536
llama,llama3_2_3b,seqkd,320,320,14,self_attn.v_proj,16,0.01,31457,2483665,3145728,0.7895358403523763,20121,0.0081013341171212,0.8101406227416365,rank32_norm_matched_lowrank_bf16_mask,32,3,0.832887829834851,0.0079255982013444,-0.0227472070932145,bf16_merged_minus_base,saved_merged_bf16,serialized_bf16_deployed_merged_checkpoint,bc8f24b1d29dcf910778d5a859fd47844ebc7544d2ae7072ea8d066f57081ec6,758b66843b2eb2093dafe0e380e87315eee17fdc8ec2498ba5b5649b0c4c6830
llama,llama3_2_3b,seqkd,320,320,14,self_attn.v_proj,16,0.1,314573,2483665,3145728,0.7895358403523763,233752,0.094115752325696,0.9411569248855032,rank32_norm_matched_lowrank_bf16_mask,32,3,0.9492899533542092,0.0002583045513367,-0.0081330284687062,bf16_merged_minus_base,saved_merged_bf16,serialized_bf16_deployed_merged_checkpoint,bc8f24b1d29dcf910778d5a859fd47844ebc7544d2ae7072ea8d066f57081ec6,758b66843b2eb2093dafe0e380e87315eee17fdc8ec2498ba5b5649b0c4c6830
llama,llama3_2_3b,seqkd,320,320,14,self_attn.v_proj,32,0.01,31457,2483665,3145728,0.7895358403523763,18568,0.0074760485009049,0.7476115045508029,rank32_norm_matched_lowrank_bf16_mask,32,3,0.7718185012997925,0.0023426738571272,-0.0242069967489895,bf16_merged_minus_base,saved_merged_bf16,serialized_bf16_deployed_merged_checkpoint,bc8f24b1d29dcf910778d5a859fd47844ebc7544d2ae7072ea8d066f57081ec6,758b66843b2eb2093dafe0e380e87315eee17fdc8ec2498ba5b5649b0c4c6830
llama,llama3_2_3b,seqkd,320,320,14,self_attn.v_proj,32,0.1,314573,2483665,3145728,0.7895358403523763,229216,0.0922894190641652,0.9228936038817014,rank32_norm_matched_lowrank_bf16_mask,32,3,0.9328847550463526,0.0009131056475866,-0.0099911511646512,bf16_merged_minus_base,saved_merged_bf16,serialized_bf16_deployed_merged_checkpoint,bc8f24b1d29dcf910778d5a859fd47844ebc7544d2ae7072ea8d066f57081ec6,758b66843b2eb2093dafe0e380e87315eee17fdc8ec2498ba5b5649b0c4c6830
llama,llama3_2_3b,seqkd,320,320,14,self_attn.v_proj,50,0.01,31457,2483665,3145728,0.7895358403523763,17405,0.0070077888926244,0.7007851269230249,rank32_norm_matched_lowrank_bf16_mask,32,3,0.7265683023820686,0.0024324879418324,-0.0257831754590437,bf16_merged_minus_base,saved_merged_bf16,serialized_bf16_deployed_merged_checkpoint,bc8f24b1d29dcf910778d5a859fd47844ebc7544d2ae7072ea8d066f57081ec6,758b66843b2eb2093dafe0e380e87315eee17fdc8ec2498ba5b5649b0c4c6830
llama,llama3_2_3b,seqkd,320,320,14,self_attn.v_proj,50,0.1,314573,2483665,3145728,0.7895358403523763,224465,0.0903765201828749,0.9037646272306736,rank32_norm_matched_lowrank_bf16_mask,32,3,0.9162508649745312,0.000734324653281,-0.0124862377438574,bf16_merged_minus_base,saved_merged_bf16,serialized_bf16_deployed_merged_checkpoint,bc8f24b1d29dcf910778d5a859fd47844ebc7544d2ae7072ea8d066f57081ec6,758b66843b2eb2093dafe0e380e87315eee17fdc8ec2498ba5b5649b0c4c6830
llama,llama3_2_3b,opd,5,5,14,self_attn.o_proj,16,0.01,94372,2367761,9437184,0.2508969836764865,15150,0.0063984498435441,0.6398438995496291,rank32_norm_matched_lowrank_bf16_mask,32,3,0.6213918429739071,0.0021199678317123,0.0184520565757219,bf16_merged_minus_base,saved_merged_bf16,serialized_bf16_deployed_merged_checkpoint,a31061dca4e77d1c7efeaab9658e9a102359c2599a6e03692b9504ae6da86a06,d3d4e0b97afb2ed497659df59d4eeb8186e04b5b3a56e990fd1e719a2001e4ee
llama,llama3_2_3b,opd,5,5,14,self_attn.o_proj,16,0.1,943718,2367761,9437184,0.2508969836764865,205982,0.0869944221566281,0.8699445902968648,rank32_norm_matched_lowrank_bf16_mask,32,3,0.8664421359323637,0.0010742434962276,0.003502454364501,bf16_merged_minus_base,saved_merged_bf16,serialized_bf16_deployed_merged_checkpoint,a31061dca4e77d1c7efeaab9658e9a102359c2599a6e03692b9504ae6da86a06,d3d4e0b97afb2ed497659df59d4eeb8186e04b5b3a56e990fd1e719a2001e4ee
llama,llama3_2_3b,opd,5,5,14,self_attn.o_proj,32,0.01,94372,2367761,9437184,0.2508969836764865,11251,0.0047517464811693,0.4751738424972195,rank32_norm_matched_lowrank_bf16_mask,32,3,0.4709493942753199,0.0051330122235374,0.0042244482218996,bf16_merged_minus_base,saved_merged_bf16,serialized_bf16_deployed_merged_checkpoint,a31061dca4e77d1c7efeaab9658e9a102359c2599a6e03692b9504ae6da86a06,d3d4e0b97afb2ed497659df59d4eeb8186e04b5b3a56e990fd1e719a2001e4ee
llama,llama3_2_3b,opd,5,5,14,self_attn.o_proj,32,0.1,943718,2367761,9437184,0.2508969836764865,190795,0.0805803457359083,0.8058037989032552,rank32_norm_matched_lowrank_bf16_mask,32,3,0.7998778053268865,0.0016566534235508,0.0059259935763686,bf16_merged_minus_base,saved_merged_bf16,serialized_bf16_deployed_merged_checkpoint,a31061dca4e77d1c7efeaab9658e9a102359c2599a6e03692b9504ae6da86a06,d3d4e0b97afb2ed497659df59d4eeb8186e04b5b3a56e990fd1e719a2001e4ee
llama,llama3_2_3b,opd,5,5,14,self_attn.o_proj,50,0.01,94372,2367761,9437184,0.2508969836764865,8806,0.0037191253678052,0.3719119062332695,rank32_norm_matched_lowrank_bf16_mask,32,3,0.3680574708688595,0.0036394935998946,0.00385443536441,bf16_merged_minus_base,saved_merged_bf16,serialized_bf16_deployed_merged_checkpoint,a31061dca4e77d1c7efeaab9658e9a102359c2599a6e03692b9504ae6da86a06,d3d4e0b97afb2ed497659df59d4eeb8186e04b5b3a56e990fd1e719a2001e4ee
llama,llama3_2_3b,opd,5,5,14,self_attn.o_proj,50,0.1,943718,2367761,9437184,0.2508969836764865,176251,0.0744378338861059,0.744378654369861,rank32_norm_matched_lowrank_bf16_mask,32,3,0.7402156526692879,0.0011766556407594,0.004163001700573,bf16_merged_minus_base,saved_merged_bf16,serialized_bf16_deployed_merged_checkpoint,a31061dca4e77d1c7efeaab9658e9a102359c2599a6e03692b9504ae6da86a06,d3d4e0b97afb2ed497659df59d4eeb8186e04b5b3a56e990fd1e719a2001e4ee
llama,llama3_2_3b,opd,20,20,14,self_attn.o_proj,16,0.01,94372,4944388,9437184,0.5239262051052518,35999,0.0072807797446316,0.7280767400665693,rank32_norm_matched_lowrank_bf16_mask,32,3,0.7383424026938309,0.0021524263666335,-0.0102656626272615,bf16_merged_minus_base,saved_merged_bf16,serialized_bf16_deployed_merged_checkpoint,a31061dca4e77d1c7efeaab9658e9a102359c2599a6e03692b9504ae6da86a06,c87bb504726192173bda9bb7d266fbc6d46bff1d087387a29ae15d96e5888eb9
llama,llama3_2_3b,opd,20,20,14,self_attn.o_proj,16,0.1,943718,4944388,9437184,0.5239262051052518,449574,0.0909261166397135,0.9092615517924194,rank32_norm_matched_lowrank_bf16_mask,32,3,0.9153937690544433,0.0010843141312594,-0.0061322172620237,bf16_merged_minus_base,saved_merged_bf16,serialized_bf16_deployed_merged_checkpoint,a31061dca4e77d1c7efeaab9658e9a102359c2599a6e03692b9504ae6da86a06,c87bb504726192173bda9bb7d266fbc6d46bff1d087387a29ae15d96e5888eb9
llama,llama3_2_3b,opd,20,20,14,self_attn.o_proj,32,0.01,94372,4944388,9437184,0.5239262051052518,30025,0.0060725412326055,0.6072530937109015,rank32_norm_matched_lowrank_bf16_mask,32,3,0.6254120041305201,0.0006534342685559,-0.0181589104196185,bf16_merged_minus_base,saved_merged_bf16,serialized_bf16_deployed_merged_checkpoint,a31061dca4e77d1c7efeaab9658e9a102359c2599a6e03692b9504ae6da86a06,c87bb504726192173bda9bb7d266fbc6d46bff1d087387a29ae15d96e5888eb9
llama,llama3_2_3b,opd,20,20,14,self_attn.o_proj,32,0.1,943718,4944388,9437184,0.5239262051052518,426793,0.0863186707839271,0.863187073705646,rank32_norm_matched_lowrank_bf16_mask,32,3,0.8731507465532702,0.0006951806410532,-0.0099636728476242,bf16_merged_minus_base,saved_merged_bf16,serialized_bf16_deployed_merged_checkpoint,a31061dca4e77d1c7efeaab9658e9a102359c2599a6e03692b9504ae6da86a06,c87bb504726192173bda9bb7d266fbc6d46bff1d087387a29ae15d96e5888eb9
llama,llama3_2_3b,opd,20,20,14,self_attn.o_proj,50,0.01,94372,4944388,9437184,0.5239262051052518,25714,0.0052006436388082,0.5200634821542754,rank32_norm_matched_lowrank_bf16_mask,32,3,0.5373248263644973,0.0006090945886621,-0.0172613442102218,bf16_merged_minus_base,saved_merged_bf16,serialized_bf16_deployed_merged_checkpoint,a31061dca4e77d1c7efeaab9658e9a102359c2599a6e03692b9504ae6da86a06,c87bb504726192173bda9bb7d266fbc6d46bff1d087387a29ae15d96e5888eb9
llama,llama3_2_3b,opd,20,20,14,self_attn.o_proj,50,0.1,943718,4944388,9437184,0.5239262051052518,407306,0.0823774347806037,0.8237746969672695,rank32_norm_matched_lowrank_bf16_mask,32,3,0.8339188701334311,0.0005004299184992,-0.0101441731661616,bf16_merged_minus_base,saved_merged_bf16,serialized_bf16_deployed_merged_checkpoint,a31061dca4e77d1c7efeaab9658e9a102359c2599a6e03692b9504ae6da86a06,c87bb504726192173bda9bb7d266fbc6d46bff1d087387a29ae15d96e5888eb9
llama,llama3_2_3b,opd,40,40,14,self_attn.o_proj,16,0.01,94372,5591427,9437184,0.5924889246622721,42227,0.0075520971658934,0.7552084361930956,rank32_norm_matched_lowrank_bf16_mask,32,3,0.7719887554630577,0.0050120511208112,-0.016780319269962,bf16_merged_minus_base,saved_merged_bf16,serialized_bf16_deployed_merged_checkpoint,a31061dca4e77d1c7efeaab9658e9a102359c2599a6e03692b9504ae6da86a06,0185e17505b996dfca3631bd164f45bd8d1d0d162540a7d2b51da1c68230991d
llama,llama3_2_3b,opd,40,40,14,self_attn.o_proj,16,0.1,943718,5591427,9437184,0.5924889246622721,514875,0.0920829333907068,0.9208297242055832,rank32_norm_matched_lowrank_bf16_mask,32,3,0.9272436104053372,0.0016335432724625,-0.006413886199754,bf16_merged_minus_base,saved_merged_bf16,serialized_bf16_deployed_merged_checkpoint,a31061dca4e77d1c7efeaab9658e9a102359c2599a6e03692b9504ae6da86a06,0185e17505b996dfca3631bd164f45bd8d1d0d162540a7d2b51da1c68230991d
llama,llama3_2_3b,opd,40,40,14,self_attn.o_proj,32,0.01,94372,5591427,9437184,0.5924889246622721,36458,0.006520339083386,0.6520328028684936,rank32_norm_matched_lowrank_bf16_mask,32,3,0.6712498817303159,0.0037539653272148,-0.0192170788618222,bf16_merged_minus_base,saved_merged_bf16,serialized_bf16_deployed_merged_checkpoint,a31061dca4e77d1c7efeaab9658e9a102359c2599a6e03692b9504ae6da86a06,0185e17505b996dfca3631bd164f45bd8d1d0d162540a7d2b51da1c68230991d
llama,llama3_2_3b,opd,40,40,14,self_attn.o_proj,32,0.1,943718,5591427,9437184,0.5924889246622721,493756,0.0883059011590422,0.8830593858797805,rank32_norm_matched_lowrank_bf16_mask,32,3,0.8919465466942934,0.001319392914763,-0.0088871608145129,bf16_merged_minus_base,saved_merged_bf16,serialized_bf16_deployed_merged_checkpoint,a31061dca4e77d1c7efeaab9658e9a102359c2599a6e03692b9504ae6da86a06,0185e17505b996dfca3631bd164f45bd8d1d0d162540a7d2b51da1c68230991d
llama,llama3_2_3b,opd,40,40,14,self_attn.o_proj,50,0.01,94372,5591427,9437184,0.5924889246622721,32142,0.005748443107636,0.5748433361621351,rank32_norm_matched_lowrank_bf16_mask,32,3,0.5949507039595445,0.0040935299328669,-0.0201073677974094,bf16_merged_minus_base,saved_merged_bf16,serialized_bf16_deployed_merged_checkpoint,a31061dca4e77d1c7efeaab9658e9a102359c2599a6e03692b9504ae6da86a06,0185e17505b996dfca3631bd164f45bd8d1d0d162540a7d2b51da1c68230991d
llama,llama3_2_3b,opd,40,40,14,self_attn.o_proj,50,0.1,943718,5591427,9437184,0.5924889246622721,474751,0.084906947725509,0.8490698371378002,rank32_norm_matched_lowrank_bf16_mask,32,3,0.8599808904607799,0.0014765137855277,-0.0109110533229797,bf16_merged_minus_base,saved_merged_bf16,serialized_bf16_deployed_merged_checkpoint,a31061dca4e77d1c7efeaab9658e9a102359c2599a6e03692b9504ae6da86a06,0185e17505b996dfca3631bd164f45bd8d1d0d162540a7d2b51da1c68230991d
llama,llama3_2_3b,opd,80,80,14,self_attn.o_proj,16,0.01,94372,6063757,9437184,0.6425388124254015,47397,0.0078164411931414,0.7816427941005349,rank32_norm_matched_lowrank_bf16_mask,32,3,0.7962624620706845,0.0043543439195804,-0.0146196679701495,bf16_merged_minus_base,saved_merged_bf16,serialized_bf16_deployed_merged_checkpoint,a31061dca4e77d1c7efeaab9658e9a102359c2599a6e03692b9504ae6da86a06,a1e4828c7c4aec2815161114ce157fbdd8a8ac021371337bfbb0560aed9ba54f
llama,llama3_2_3b,opd,80,80,14,self_attn.o_proj,16,0.1,943718,6063757,9437184,0.6425388124254015,565035,0.0931823290412198,0.9318236853705608,rank32_norm_matched_lowrank_bf16_mask,32,3,0.935706655228703,0.0008399466116849,-0.003882969858142,bf16_merged_minus_base,saved_merged_bf16,serialized_bf16_deployed_merged_checkpoint,a31061dca4e77d1c7efeaab9658e9a102359c2599a6e03692b9504ae6da86a06,a1e4828c7c4aec2815161114ce157fbdd8a8ac021371337bfbb0560aed9ba54f
llama,llama3_2_3b,opd,80,80,14,self_attn.o_proj,32,0.01,94372,6063757,9437184,0.6425388124254015,41488,0.0068419628293152,0.6841951229327382,rank32_norm_matched_lowrank_bf16_mask,32,3,0.7073125929032895,0.0057138042438512,-0.0231174699705513,bf16_merged_minus_base,saved_merged_bf16,serialized_bf16_deployed_merged_checkpoint,a31061dca4e77d1c7efeaab9658e9a102359c2599a6e03692b9504ae6da86a06,a1e4828c7c4aec2815161114ce157fbdd8a8ac021371337bfbb0560aed9ba54f
llama,llama3_2_3b,opd,80,80,14,self_attn.o_proj,32,0.1,943718,6063757,9437184,0.6425388124254015,544364,0.0897733863675605,0.8977342441849797,rank32_norm_matched_lowrank_bf16_mask,32,3,0.904104014155306,0.0013729451475612,-0.0063697699703262,bf16_merged_minus_base,saved_merged_bf16,serialized_bf16_deployed_merged_checkpoint,a31061dca4e77d1c7efeaab9658e9a102359c2599a6e03692b9504ae6da86a06,a1e4828c7c4aec2815161114ce157fbdd8a8ac021371337bfbb0560aed9ba54f
llama,llama3_2_3b,opd,80,80,14,self_attn.o_proj,50,0.01,94372,6063757,9437184,0.6425388124254015,37204,0.0061354701383976,0.6135459736210372,rank32_norm_matched_lowrank_bf16_mask,32,3,0.6341283971552706,0.0046450038858848,-0.0205824235342333,bf16_merged_minus_base,saved_merged_bf16,serialized_bf16_deployed_merged_checkpoint,a31061dca4e77d1c7efeaab9658e9a102359c2599a6e03692b9504ae6da86a06,a1e4828c7c4aec2815161114ce157fbdd8a8ac021371337bfbb0560aed9ba54f
llama,llama3_2_3b,opd,80,80,14,self_attn.o_proj,50,0.1,943718,6063757,9437184,0.6425388124254015,526003,0.0867453956350823,0.8674543240258943,rank32_norm_matched_lowrank_bf16_mask,32,3,0.8752474971388574,0.0011186830733007,-0.0077931731129631,bf16_merged_minus_base,saved_merged_bf16,serialized_bf16_deployed_merged_checkpoint,a31061dca4e77d1c7efeaab9658e9a102359c2599a6e03692b9504ae6da86a06,a1e4828c7c4aec2815161114ce157fbdd8a8ac021371337bfbb0560aed9ba54f
llama,llama3_2_3b,opd,160,160,14,self_attn.o_proj,16,0.01,94372,6677684,9437184,0.7075928582085503,54833,0.0082113798736208,0.8211365951898523,rank32_norm_matched_lowrank_bf16_mask,32,3,0.8318392242718552,0.0018499791292654,-0.0107026290820029,bf16_merged_minus_base,saved_merged_bf16,serialized_bf16_deployed_merged_checkpoint,a31061dca4e77d1c7efeaab9658e9a102359c2599a6e03692b9504ae6da86a06,4dcc90f8332e94b3a28e8c00c76f981a7805276eb24db0d02949b9f5f8fda1b0
llama,llama3_2_3b,opd,160,160,14,self_attn.o_proj,16,0.1,943718,6677684,9437184,0.7075928582085503,630528,0.0944231562919119,0.9442319631367962,rank32_norm_matched_lowrank_bf16_mask,32,3,0.946733389160576,0.0010495878363894,-0.0025014260237796,bf16_merged_minus_base,saved_merged_bf16,serialized_bf16_deployed_merged_checkpoint,a31061dca4e77d1c7efeaab9658e9a102359c2599a6e03692b9504ae6da86a06,4dcc90f8332e94b3a28e8c00c76f981a7805276eb24db0d02949b9f5f8fda1b0
llama,llama3_2_3b,opd,160,160,14,self_attn.o_proj,32,0.01,94372,6677684,9437184,0.7075928582085503,49369,0.0073931321098752,0.7393119575424985,rank32_norm_matched_lowrank_bf16_mask,32,3,0.7555957261026661,0.0009238638659691,-0.0162837685601676,bf16_merged_minus_base,saved_merged_bf16,serialized_bf16_deployed_merged_checkpoint,a31061dca4e77d1c7efeaab9658e9a102359c2599a6e03692b9504ae6da86a06,4dcc90f8332e94b3a28e8c00c76f981a7805276eb24db0d02949b9f5f8fda1b0
llama,llama3_2_3b,opd,160,160,14,self_attn.o_proj,32,0.1,943718,6677684,9437184,0.7075928582085503,612060,0.0916575267712578,0.9165756562079836,rank32_norm_matched_lowrank_bf16_mask,32,3,0.9204696544802918,0.001050040265228,-0.0038939982723081,bf16_merged_minus_base,saved_merged_bf16,serialized_bf16_deployed_merged_checkpoint,a31061dca4e77d1c7efeaab9658e9a102359c2599a6e03692b9504ae6da86a06,4dcc90f8332e94b3a28e8c00c76f981a7805276eb24db0d02949b9f5f8fda1b0
llama,llama3_2_3b,opd,160,160,14,self_attn.o_proj,50,0.01,94372,6677684,9437184,0.7075928582085503,45145,0.0067605774696736,0.6760566007667989,rank32_norm_matched_lowrank_bf16_mask,32,3,0.6912132948361188,0.0007131187389443,-0.0151566940693199,bf16_merged_minus_base,saved_merged_bf16,serialized_bf16_deployed_merged_checkpoint,a31061dca4e77d1c7efeaab9658e9a102359c2599a6e03692b9504ae6da86a06,4dcc90f8332e94b3a28e8c00c76f981a7805276eb24db0d02949b9f5f8fda1b0
llama,llama3_2_3b,opd,160,160,14,self_attn.o_proj,50,0.1,943718,6677684,9437184,0.7075928582085503,594910,0.0890892710706286,0.890893088316001,rank32_norm_matched_lowrank_bf16_mask,32,3,0.8965088626142587,0.000529542112256,-0.0056157742982576,bf16_merged_minus_base,saved_merged_bf16,serialized_bf16_deployed_merged_checkpoint,a31061dca4e77d1c7efeaab9658e9a102359c2599a6e03692b9504ae6da86a06,4dcc90f8332e94b3a28e8c00c76f981a7805276eb24db0d02949b9f5f8fda1b0
llama,llama3_2_3b,opd,320,320,14,self_attn.o_proj,16,0.01,94372,7235944,9437184,0.7667482164171007,61880,0.0085517521970872,0.8551737698291468,rank32_norm_matched_lowrank_bf16_mask,32,3,0.85793351923546,0.0012993378577456,-0.0027597494063131,bf16_merged_minus_base,saved_merged_bf16,serialized_bf16_deployed_merged_checkpoint,a31061dca4e77d1c7efeaab9658e9a102359c2599a6e03692b9504ae6da86a06,7b7067c74ef4e9255364c008193ace074c08be95fa068eb22fd2190ae0742f65
llama,llama3_2_3b,opd,320,320,14,self_attn.o_proj,16,0.1,943718,7235944,9437184,0.7667482164171007,691590,0.0955770249189324,0.955770654297736,rank32_norm_matched_lowrank_bf16_mask,32,3,0.9559360234993955,0.0005500907319537,-0.0001653692016594,bf16_merged_minus_base,saved_merged_bf16,serialized_bf16_deployed_merged_checkpoint,a31061dca4e77d1c7efeaab9658e9a102359c2599a6e03692b9504ae6da86a06,7b7067c74ef4e9255364c008193ace074c08be95fa068eb22fd2190ae0742f65
llama,llama3_2_3b,opd,320,320,14,self_attn.o_proj,32,0.01,94372,7235944,9437184,0.7667482164171007,56988,0.0078756828411054,0.7875669488529965,rank32_norm_matched_lowrank_bf16_mask,32,3,0.7951817021874255,0.0016750125010677,-0.0076147533344289,bf16_merged_minus_base,saved_merged_bf16,serialized_bf16_deployed_merged_checkpoint,a31061dca4e77d1c7efeaab9658e9a102359c2599a6e03692b9504ae6da86a06,7b7067c74ef4e9255364c008193ace074c08be95fa068eb22fd2190ae0742f65
llama,llama3_2_3b,opd,320,320,14,self_attn.o_proj,32,0.1,943718,7235944,9437184,0.7667482164171007,675732,0.0933854656697177,0.9338550525165455,rank32_norm_matched_lowrank_bf16_mask,32,3,0.9354313294742836,0.0005745108405808,-0.0015762769577379,bf16_merged_minus_base,saved_merged_bf16,serialized_bf16_deployed_merged_checkpoint,a31061dca4e77d1c7efeaab9658e9a102359c2599a6e03692b9504ae6da86a06,7b7067c74ef4e9255364c008193ace074c08be95fa068eb22fd2190ae0742f65
llama,llama3_2_3b,opd,320,320,14,self_attn.o_proj,50,0.01,94372,7235944,9437184,0.7667482164171007,53060,0.0073328372911675,0.7332824858942232,rank32_norm_matched_lowrank_bf16_mask,32,3,0.7425717540161823,0.0013727312511561,-0.009289268121959,bf16_merged_minus_base,saved_merged_bf16,serialized_bf16_deployed_merged_checkpoint,a31061dca4e77d1c7efeaab9658e9a102359c2599a6e03692b9504ae6da86a06,7b7067c74ef4e9255364c008193ace074c08be95fa068eb22fd2190ae0742f65
llama,llama3_2_3b,opd,320,320,14,self_attn.o_proj,50,0.1,943718,7235944,9437184,0.7667482164171007,660939,0.0913410883224082,0.9134112703782464,rank32_norm_matched_lowrank_bf16_mask,32,3,0.9164263776797862,0.0008385015265648,-0.0030151073015398,bf16_merged_minus_base,saved_merged_bf16,serialized_bf16_deployed_merged_checkpoint,a31061dca4e77d1c7efeaab9658e9a102359c2599a6e03692b9504ae6da86a06,7b7067c74ef4e9255364c008193ace074c08be95fa068eb22fd2190ae0742f65
llama,llama3_2_3b,sft,5,5,14,self_attn.o_proj,16,0.01,94372,2909889,9437184,0.3083429336547851,18386,0.0063184540716157,0.6318443359194188,rank32_norm_matched_lowrank_bf16_mask,32,3,0.6409240086932823,0.0048272664499566,-0.0090796727738634,bf16_merged_minus_base,saved_merged_bf16,serialized_bf16_deployed_merged_checkpoint,a31061dca4e77d1c7efeaab9658e9a102359c2599a6e03692b9504ae6da86a06,54ba2b5612e2f90918c1f38061f5bc13cc3cc617be1ff09f4db1f2a57ba153ac
llama,llama3_2_3b,sft,5,5,14,self_attn.o_proj,16,0.1,943718,2909889,9437184,0.3083429336547851,253667,0.0871741155762298,0.8717415252545224,rank32_norm_matched_lowrank_bf16_mask,32,3,0.8736708100154011,0.0019219532287226,-0.0019292847608787,bf16_merged_minus_base,saved_merged_bf16,serialized_bf16_deployed_merged_checkpoint,a31061dca4e77d1c7efeaab9658e9a102359c2599a6e03692b9504ae6da86a06,54ba2b5612e2f90918c1f38061f5bc13cc3cc617be1ff09f4db1f2a57ba153ac
llama,llama3_2_3b,sft,5,5,14,self_attn.o_proj,32,0.01,94372,2909889,9437184,0.3083429336547851,14290,0.0049108402416724,0.4910831915744857,rank32_norm_matched_lowrank_bf16_mask,32,3,0.4922161099125603,0.0031279103718009,-0.0011329183380746,bf16_merged_minus_base,saved_merged_bf16,serialized_bf16_deployed_merged_checkpoint,a31061dca4e77d1c7efeaab9658e9a102359c2599a6e03692b9504ae6da86a06,54ba2b5612e2f90918c1f38061f5bc13cc3cc617be1ff09f4db1f2a57ba153ac
llama,llama3_2_3b,sft,5,5,14,self_attn.o_proj,32,0.1,943718,2909889,9437184,0.3083429336547851,236590,0.0813055068423572,0.813055413041379,rank32_norm_matched_lowrank_bf16_mask,32,3,0.8120440757052371,0.0025562929756615,0.0010113373361418,bf16_merged_minus_base,saved_merged_bf16,serialized_bf16_deployed_merged_checkpoint,a31061dca4e77d1c7efeaab9658e9a102359c2599a6e03692b9504ae6da86a06,54ba2b5612e2f90918c1f38061f5bc13cc3cc617be1ff09f4db1f2a57ba153ac
llama,llama3_2_3b,sft,5,5,14,self_attn.o_proj,50,0.01,94372,2909889,9437184,0.3083429336547851,11304,0.0038846842611522,0.3884677674988094,rank32_norm_matched_lowrank_bf16_mask,32,3,0.3914488012081281,0.0024712366325079,-0.0029810337093187,bf16_merged_minus_base,saved_merged_bf16,serialized_bf16_deployed_merged_checkpoint,a31061dca4e77d1c7efeaab9658e9a102359c2599a6e03692b9504ae6da86a06,54ba2b5612e2f90918c1f38061f5bc13cc3cc617be1ff09f4db1f2a57ba153ac
llama,llama3_2_3b,sft,5,5,14,self_attn.o_proj,50,0.1,943718,2909889,9437184,0.3083429336547851,220791,0.0758760901189014,0.7587612227939435,rank32_norm_matched_lowrank_bf16_mask,32,3,0.7552585342387581,0.0020927510144254,0.0035026885551854,bf16_merged_minus_base,saved_merged_bf16,serialized_bf16_deployed_merged_checkpoint,a31061dca4e77d1c7efeaab9658e9a102359c2599a6e03692b9504ae6da86a06,54ba2b5612e2f90918c1f38061f5bc13cc3cc617be1ff09f4db1f2a57ba153ac
llama,llama3_2_3b,sft,20,20,14,self_attn.o_proj,16,0.01,94372,5224310,9437184,0.5535878075493706,38523,0.0073737967310515,0.7373784229382881,rank32_norm_matched_lowrank_bf16_mask,32,3,0.7490192128482338,0.0047747341941288,-0.0116407899099456,bf16_merged_minus_base,saved_merged_bf16,serialized_bf16_deployed_merged_checkpoint,a31061dca4e77d1c7efeaab9658e9a102359c2599a6e03692b9504ae6da86a06,d15c1e5da93aa8fb019d44e57fcb9d8550bc96d9d2597a1a55e7eec050092675
llama,llama3_2_3b,sft,20,20,14,self_attn.o_proj,16,0.1,943718,5224310,9437184,0.5535878075493706,477456,0.0913912076427317,0.9139124637939152,rank32_norm_matched_lowrank_bf16_mask,32,3,0.9184670033479092,0.0013813831393509,-0.004554539553994,bf16_merged_minus_base,saved_merged_bf16,serialized_bf16_deployed_merged_checkpoint,a31061dca4e77d1c7efeaab9658e9a102359c2599a6e03692b9504ae6da86a06,d15c1e5da93aa8fb019d44e57fcb9d8550bc96d9d2597a1a55e7eec050092675
llama,llama3_2_3b,sft,20,20,14,self_attn.o_proj,32,0.01,94372,5224310,9437184,0.5535878075493706,33148,0.0063449527305998,0.6344941973251921,rank32_norm_matched_lowrank_bf16_mask,32,3,0.6427271810413525,0.0034772011764545,-0.0082329837161604,bf16_merged_minus_base,saved_merged_bf16,serialized_bf16_deployed_merged_checkpoint,a31061dca4e77d1c7efeaab9658e9a102359c2599a6e03692b9504ae6da86a06,d15c1e5da93aa8fb019d44e57fcb9d8550bc96d9d2597a1a55e7eec050092675
llama,llama3_2_3b,sft,20,20,14,self_attn.o_proj,32,0.1,943718,5224310,9437184,0.5535878075493706,457453,0.0875623766583529,0.875624137721419,rank32_norm_matched_lowrank_bf16_mask,32,3,0.8792190588861195,0.0004956161702169,-0.0035949211647005,bf16_merged_minus_base,saved_merged_bf16,serialized_bf16_deployed_merged_checkpoint,a31061dca4e77d1c7efeaab9658e9a102359c2599a6e03692b9504ae6da86a06,d15c1e5da93aa8fb019d44e57fcb9d8550bc96d9d2597a1a55e7eec050092675
llama,llama3_2_3b,sft,20,20,14,self_attn.o_proj,50,0.01,94372,5224310,9437184,0.5535878075493706,28514,0.0054579456425824,0.5457936389082457,rank32_norm_matched_lowrank_bf16_mask,32,3,0.558840771099869,0.0026408876137713,-0.0130471321916232,bf16_merged_minus_base,saved_merged_bf16,serialized_bf16_deployed_merged_checkpoint,a31061dca4e77d1c7efeaab9658e9a102359c2599a6e03692b9504ae6da86a06,d15c1e5da93aa8fb019d44e57fcb9d8550bc96d9d2597a1a55e7eec050092675
llama,llama3_2_3b,sft,20,20,14,self_attn.o_proj,50,0.1,943718,5224310,9437184,0.5535878075493706,437713,0.0837838872501823,0.8378392276243799,rank32_norm_matched_lowrank_bf16_mask,32,3,0.8432660351494988,0.0006524623025436,-0.0054268075251189,bf16_merged_minus_base,saved_merged_bf16,serialized_bf16_deployed_merged_checkpoint,a31061dca4e77d1c7efeaab9658e9a102359c2599a6e03692b9504ae6da86a06,d15c1e5da93aa8fb019d44e57fcb9d8550bc96d9d2597a1a55e7eec050092675
llama,llama3_2_3b,sft,40,40,14,self_attn.o_proj,16,0.01,94372,6213734,9437184,0.6584309471978081,48978,0.0078822170372919,0.788220367363822,rank32_norm_matched_lowrank_bf16_mask,32,3,0.8064009727424963,0.0036517489553779,-0.0181806053786743,bf16_merged_minus_base,saved_merged_bf16,serialized_bf16_deployed_merged_checkpoint,a31061dca4e77d1c7efeaab9658e9a102359c2599a6e03692b9504ae6da86a06,bc62523d41b8a8379464c43f522b70d5799228300a5ce743e311eb37067653a5
llama,llama3_2_3b,sft,40,40,14,self_attn.o_proj,16,0.1,943718,6213734,9437184,0.6584309471978081,580220,0.0933770257947958,0.933770653731554,rank32_norm_matched_lowrank_bf16_mask,32,3,0.9395117659231628,0.0013624879226725,-0.0057411121916086,bf16_merged_minus_base,saved_merged_bf16,serialized_bf16_deployed_merged_checkpoint,a31061dca4e77d1c7efeaab9658e9a102359c2599a6e03692b9504ae6da86a06,bc62523d41b8a8379464c43f522b70d5799228300a5ce743e311eb37067653a5
llama,llama3_2_3b,sft,40,40,14,self_attn.o_proj,32,0.01,94372,6213734,9437184,0.6584309471978081,43553,0.0070091510193387,0.7009139135897043,rank32_norm_matched_lowrank_bf16_mask,32,3,0.7221114590386689,0.0043908060462796,-0.0211975454489645,bf16_merged_minus_base,saved_merged_bf16,serialized_bf16_deployed_merged_checkpoint,a31061dca4e77d1c7efeaab9658e9a102359c2599a6e03692b9504ae6da86a06,bc62523d41b8a8379464c43f522b70d5799228300a5ce743e311eb37067653a5
llama,llama3_2_3b,sft,40,40,14,self_attn.o_proj,32,0.1,943718,6213734,9437184,0.6584309471978081,561617,0.0903831737889005,0.9038321209829964,rank32_norm_matched_lowrank_bf16_mask,32,3,0.9093339366687252,0.0019555233003899,-0.0055018156857289,bf16_merged_minus_base,saved_merged_bf16,serialized_bf16_deployed_merged_checkpoint,a31061dca4e77d1c7efeaab9658e9a102359c2599a6e03692b9504ae6da86a06,bc62523d41b8a8379464c43f522b70d5799228300a5ce743e311eb37067653a5
llama,llama3_2_3b,sft,40,40,14,self_attn.o_proj,50,0.01,94372,6213734,9437184,0.6584309471978081,39054,0.0062851097262934,0.6285099070404406,rank32_norm_matched_lowrank_bf16_mask,32,3,0.6508983921618944,0.0040480226038643,-0.0223884851214537,bf16_merged_minus_base,saved_merged_bf16,serialized_bf16_deployed_merged_checkpoint,a31061dca4e77d1c7efeaab9658e9a102359c2599a6e03692b9504ae6da86a06,bc62523d41b8a8379464c43f522b70d5799228300a5ce743e311eb37067653a5
llama,llama3_2_3b,sft,40,40,14,self_attn.o_proj,50,0.1,943718,6213734,9437184,0.6584309471978081,543145,0.0874104041144986,0.8741044116387316,rank32_norm_matched_lowrank_bf16_mask,32,3,0.8811362791684317,0.0017138926487023,-0.0070318675297,bf16_merged_minus_base,saved_merged_bf16,serialized_bf16_deployed_merged_checkpoint,a31061dca4e77d1c7efeaab9658e9a102359c2599a6e03692b9504ae6da86a06,bc62523d41b8a8379464c43f522b70d5799228300a5ce743e311eb37067653a5
llama,llama3_2_3b,sft,80,80,14,self_attn.o_proj,16,0.01,94372,6934612,9437184,0.7348179287380643,57159,0.0082425664190008,0.8242552444404238,rank32_norm_matched_lowrank_bf16_mask,32,3,0.8402282639933443,0.0033198273166786,-0.0159730195529205,bf16_merged_minus_base,saved_merged_bf16,serialized_bf16_deployed_merged_checkpoint,a31061dca4e77d1c7efeaab9658e9a102359c2599a6e03692b9504ae6da86a06,ae093d766339903dc63109a6588d914ac4bab7a739e49cf70795d07a5edde5f3
llama,llama3_2_3b,sft,80,80,14,self_attn.o_proj,16,0.1,943718,6934612,9437184,0.7348179287380643,656480,0.094667156576316,0.9466719670150452,rank32_norm_matched_lowrank_bf16_mask,32,3,0.950092258266564,0.0001921839668241,-0.0034202912515187,bf16_merged_minus_base,saved_merged_bf16,serialized_bf16_deployed_merged_checkpoint,a31061dca4e77d1c7efeaab9658e9a102359c2599a6e03692b9504ae6da86a06,ae093d766339903dc63109a6588d914ac4bab7a739e49cf70795d07a5edde5f3
llama,llama3_2_3b,sft,80,80,14,self_attn.o_proj,32,0.01,94372,6934612,9437184,0.7348179287380643,52279,0.0075388500466933,0.7538837265190244,rank32_norm_matched_lowrank_bf16_mask,32,3,0.7701966368515971,0.00310734446154,-0.0163129103325727,bf16_merged_minus_base,saved_merged_bf16,serialized_bf16_deployed_merged_checkpoint,a31061dca4e77d1c7efeaab9658e9a102359c2599a6e03692b9504ae6da86a06,ae093d766339903dc63109a6588d914ac4bab7a739e49cf70795d07a5edde5f3
llama,llama3_2_3b,sft,80,80,14,self_attn.o_proj,32,0.1,943718,6934612,9437184,0.7348179287380643,640318,0.0923365287055714,0.9233656784291064,rank32_norm_matched_lowrank_bf16_mask,32,3,0.926091986700075,0.0006448323709792,-0.0027263082709686,bf16_merged_minus_base,saved_merged_bf16,serialized_bf16_deployed_merged_checkpoint,a31061dca4e77d1c7efeaab9658e9a102359c2599a6e03692b9504ae6da86a06,ae093d766339903dc63109a6588d914ac4bab7a739e49cf70795d07a5edde5f3
llama,llama3_2_3b,sft,80,80,14,self_attn.o_proj,50,0.01,94372,6934612,9437184,0.7348179287380643,47985,0.0069196373207325,0.6919625589053996,rank32_norm_matched_lowrank_bf16_mask,32,3,0.7113020738659038,0.0018633089600086,-0.0193395149605042,bf16_merged_minus_base,saved_merged_bf16,serialized_bf16_deployed_merged_checkpoint,a31061dca4e77d1c7efeaab9658e9a102359c2599a6e03692b9504ae6da86a06,ae093d766339903dc63109a6588d914ac4bab7a739e49cf70795d07a5edde5f3
llama,llama3_2_3b,sft,80,80,14,self_attn.o_proj,50,0.1,943718,6934612,9437184,0.7348179287380643,624341,0.0900325786071376,0.9003261676793509,rank32_norm_matched_lowrank_bf16_mask,32,3,0.9043766046889388,0.0009511334352521,-0.0040504370095877,bf16_merged_minus_base,saved_merged_bf16,serialized_bf16_deployed_merged_checkpoint,a31061dca4e77d1c7efeaab9658e9a102359c2599a6e03692b9504ae6da86a06,ae093d766339903dc63109a6588d914ac4bab7a739e49cf70795d07a5edde5f3
llama,llama3_2_3b,sft,160,160,14,self_attn.o_proj,16,0.01,94372,7513715,9437184,0.7961818906995985,65089,0.0086626921569423,0.8662677470056979,rank32_norm_matched_lowrank_bf16_mask,32,3,0.874231875414626,0.0048059387822373,-0.0079641284089281,bf16_merged_minus_base,saved_merged_bf16,serialized_bf16_deployed_merged_checkpoint,a31061dca4e77d1c7efeaab9658e9a102359c2599a6e03692b9504ae6da86a06,9de0b87aa5a31e81f983f87187fc2df4df3bb2f3f2d8672f756668b2a8410ca1
llama,llama3_2_3b,sft,160,160,14,self_attn.o_proj,16,0.1,943718,7513715,9437184,0.7961818906995985,721036,0.0959626496347013,0.959626903089916,rank32_norm_matched_lowrank_bf16_mask,32,3,0.960923084328818,0.0012480842466924,-0.0012961812389018,bf16_merged_minus_base,saved_merged_bf16,serialized_bf16_deployed_merged_checkpoint,a31061dca4e77d1c7efeaab9658e9a102359c2599a6e03692b9504ae6da86a06,9de0b87aa5a31e81f983f87187fc2df4df3bb2f3f2d8672f756668b2a8410ca1
llama,llama3_2_3b,sft,160,160,14,self_attn.o_proj,32,0.01,94372,7513715,9437184,0.7961818906995985,60704,0.0080790926991508,0.8079079001710563,rank32_norm_matched_lowrank_bf16_mask,32,3,0.8200554136986004,0.0059736665570109,-0.012147513527544,bf16_merged_minus_base,saved_merged_bf16,serialized_bf16_deployed_merged_checkpoint,a31061dca4e77d1c7efeaab9658e9a102359c2599a6e03692b9504ae6da86a06,9de0b87aa5a31e81f983f87187fc2df4df3bb2f3f2d8672f756668b2a8410ca1
llama,llama3_2_3b,sft,160,160,14,self_attn.o_proj,32,0.1,943718,7513715,9437184,0.7961818906995985,707111,0.0941093719950783,0.941094118838468,rank32_norm_matched_lowrank_bf16_mask,32,3,0.9430089390439276,0.0013003588316692,-0.0019148202054594,bf16_merged_minus_base,saved_merged_bf16,serialized_bf16_deployed_merged_checkpoint,a31061dca4e77d1c7efeaab9658e9a102359c2599a6e03692b9504ae6da86a06,9de0b87aa5a31e81f983f87187fc2df4df3bb2f3f2d8672f756668b2a8410ca1
llama,llama3_2_3b,sft,160,160,14,self_attn.o_proj,50,0.01,94372,7513715,9437184,0.7961818906995985,56907,0.0075737501355853,0.7573737294912082,rank32_norm_matched_lowrank_bf16_mask,32,3,0.7748090241868394,0.0049152995671237,-0.0174352946956312,bf16_merged_minus_base,saved_merged_bf16,serialized_bf16_deployed_merged_checkpoint,a31061dca4e77d1c7efeaab9658e9a102359c2599a6e03692b9504ae6da86a06,9de0b87aa5a31e81f983f87187fc2df4df3bb2f3f2d8672f756668b2a8410ca1
llama,llama3_2_3b,sft,160,160,14,self_attn.o_proj,50,0.1,943718,7513715,9437184,0.7961818906995985,694670,0.0924535998504069,0.9245363903736734,rank32_norm_matched_lowrank_bf16_mask,32,3,0.9261510037865552,0.0012627865693143,-0.0016146134128817,bf16_merged_minus_base,saved_merged_bf16,serialized_bf16_deployed_merged_checkpoint,a31061dca4e77d1c7efeaab9658e9a102359c2599a6e03692b9504ae6da86a06,9de0b87aa5a31e81f983f87187fc2df4df3bb2f3f2d8672f756668b2a8410ca1
llama,llama3_2_3b,sft,320,320,14,self_attn.o_proj,16,0.01,94372,8041147,9437184,0.8520705964830186,72786,0.0090516937446859,0.9051678398280222,rank32_norm_matched_lowrank_bf16_mask,32,3,0.9075824133254816,0.0006382551249316,-0.0024145734974594,bf16_merged_minus_base,saved_merged_bf16,serialized_bf16_deployed_merged_checkpoint,a31061dca4e77d1c7efeaab9658e9a102359c2599a6e03692b9504ae6da86a06,7f13faa7193f5839bc695447e8a6364ba43722c2453ed1efc01574c18dd23bc3
llama,llama3_2_3b,sft,320,320,14,self_attn.o_proj,16,0.1,943718,8041147,9437184,0.8520705964830186,781090,0.0971366398350882,0.971366810069806,rank32_norm_matched_lowrank_bf16_mask,32,3,0.9726699070029576,0.0002751950301069,-0.0013030969331516,bf16_merged_minus_base,saved_merged_bf16,serialized_bf16_deployed_merged_checkpoint,a31061dca4e77d1c7efeaab9658e9a102359c2599a6e03692b9504ae6da86a06,7f13faa7193f5839bc695447e8a6364ba43722c2453ed1efc01574c18dd23bc3
llama,llama3_2_3b,sft,320,320,14,self_attn.o_proj,32,0.01,94372,8041147,9437184,0.8520705964830186,69138,0.00859802712225,0.8598012544999011,rank32_norm_matched_lowrank_bf16_mask,32,3,0.8675623585902311,0.0011663436884114,-0.00776110409033,bf16_merged_minus_base,saved_merged_bf16,serialized_bf16_deployed_merged_checkpoint,a31061dca4e77d1c7efeaab9658e9a102359c2599a6e03692b9504ae6da86a06,7f13faa7193f5839bc695447e8a6364ba43722c2453ed1efc01574c18dd23bc3
llama,llama3_2_3b,sft,320,320,14,self_attn.o_proj,32,0.1,943718,8041147,9437184,0.8520705964830186,770186,0.0957806143825004,0.9578065497963404,rank32_norm_matched_lowrank_bf16_mask,32,3,0.9593156367850438,0.0006745688015803,-0.0015090869887035,bf16_merged_minus_base,saved_merged_bf16,serialized_bf16_deployed_merged_checkpoint,a31061dca4e77d1c7efeaab9658e9a102359c2599a6e03692b9504ae6da86a06,7f13faa7193f5839bc695447e8a6364ba43722c2453ed1efc01574c18dd23bc3
llama,llama3_2_3b,sft,320,320,14,self_attn.o_proj,50,0.01,94372,8041147,9437184,0.8520705964830186,66093,0.0082193498017136,0.8219335866478921,rank32_norm_matched_lowrank_bf16_mask,32,3,0.8311267559226208,0.0011378049920629,-0.0091931692747286,bf16_merged_minus_base,saved_merged_bf16,serialized_bf16_deployed_merged_checkpoint,a31061dca4e77d1c7efeaab9658e9a102359c2599a6e03692b9504ae6da86a06,7f13faa7193f5839bc695447e8a6364ba43722c2453ed1efc01574c18dd23bc3
llama,llama3_2_3b,sft,320,320,14,self_attn.o_proj,50,0.1,943718,8041147,9437184,0.8520705964830186,759808,0.0944900024834765,0.9449004253357732,rank32_norm_matched_lowrank_bf16_mask,32,3,0.9472459340305204,0.0006675833126336,-0.0023455086947473,bf16_merged_minus_base,saved_merged_bf16,serialized_bf16_deployed_merged_checkpoint,a31061dca4e77d1c7efeaab9658e9a102359c2599a6e03692b9504ae6da86a06,7f13faa7193f5839bc695447e8a6364ba43722c2453ed1efc01574c18dd23bc3
llama,llama3_2_3b,offkd,5,5,14,self_attn.o_proj,16,0.01,94372,2569836,9437184,0.2723096211751302,16293,0.0063400932977824,0.6340082548673288,rank32_norm_matched_lowrank_bf16_mask,32,3,0.625596627083414,0.0028515324371911,0.0084116277839147,bf16_merged_minus_base,saved_merged_bf16,serialized_bf16_deployed_merged_checkpoint,a31061dca4e77d1c7efeaab9658e9a102359c2599a6e03692b9504ae6da86a06,0371190c5dd39fb7cc77f7eae493aad320496c2a81775bef5f740fc23fe39598
llama,llama3_2_3b,offkd,5,5,14,self_attn.o_proj,16,0.1,943718,2569836,9437184,0.2723096211751302,222567,0.0866074722277997,0.8660750893684726,rank32_norm_matched_lowrank_bf16_mask,32,3,0.8691850912948073,0.0032751282252958,-0.0031100019263347,bf16_merged_minus_base,saved_merged_bf16,serialized_bf16_deployed_merged_checkpoint,a31061dca4e77d1c7efeaab9658e9a102359c2599a6e03692b9504ae6da86a06,0371190c5dd39fb7cc77f7eae493aad320496c2a81775bef5f740fc23fe39598
llama,llama3_2_3b,offkd,5,5,14,self_attn.o_proj,32,0.01,94372,2569836,9437184,0.2723096211751302,12442,0.0048415540913894,0.4841545882930894,rank32_norm_matched_lowrank_bf16_mask,32,3,0.4762888446240727,0.003447354992792,0.0078657436690166,bf16_merged_minus_base,saved_merged_bf16,serialized_bf16_deployed_merged_checkpoint,a31061dca4e77d1c7efeaab9658e9a102359c2599a6e03692b9504ae6da86a06,0371190c5dd39fb7cc77f7eae493aad320496c2a81775bef5f740fc23fe39598
llama,llama3_2_3b,offkd,5,5,14,self_attn.o_proj,32,0.1,943718,2569836,9437184,0.2723096211751302,206804,0.0804736177717177,0.8047365188089771,rank32_norm_matched_lowrank_bf16_mask,32,3,0.8029982240979473,0.0023525025486141,0.0017382947110298,bf16_merged_minus_base,saved_merged_bf16,serialized_bf16_deployed_merged_checkpoint,a31061dca4e77d1c7efeaab9658e9a102359c2599a6e03692b9504ae6da86a06,0371190c5dd39fb7cc77f7eae493aad320496c2a81775bef5f740fc23fe39598
llama,llama3_2_3b,offkd,5,5,14,self_attn.o_proj,50,0.01,94372,2569836,9437184,0.2723096211751302,9762,0.0037986859861874,0.3798679545826345,rank32_norm_matched_lowrank_bf16_mask,32,3,0.3732606345757057,0.0018046156418172,0.0066073200069287,bf16_merged_minus_base,saved_merged_bf16,serialized_bf16_deployed_merged_checkpoint,a31061dca4e77d1c7efeaab9658e9a102359c2599a6e03692b9504ae6da86a06,0371190c5dd39fb7cc77f7eae493aad320496c2a81775bef5f740fc23fe39598
llama,llama3_2_3b,offkd,5,5,14,self_attn.o_proj,50,0.1,943718,2569836,9437184,0.2723096211751302,191974,0.0747028215030064,0.7470285316620305,rank32_norm_matched_lowrank_bf16_mask,32,3,0.7438712615333921,0.001535985134557,0.0031572701286384,bf16_merged_minus_base,saved_merged_bf16,serialized_bf16_deployed_merged_checkpoint,a31061dca4e77d1c7efeaab9658e9a102359c2599a6e03692b9504ae6da86a06,0371190c5dd39fb7cc77f7eae493aad320496c2a81775bef5f740fc23fe39598
llama,llama3_2_3b,offkd,20,20,14,self_attn.o_proj,16,0.01,94372,4434527,9437184,0.4698993894788954,30688,0.006920242001007,0.6920230268303327,rank32_norm_matched_lowrank_bf16_mask,32,3,0.7105339681213404,0.0064138576243198,-0.0185109412910077,bf16_merged_minus_base,saved_merged_bf16,serialized_bf16_deployed_merged_checkpoint,a31061dca4e77d1c7efeaab9658e9a102359c2599a6e03692b9504ae6da86a06,0e8795c527887990e91d3dc6281555f1e399785d8378c097dbc0e22f97c4a826
llama,llama3_2_3b,offkd,20,20,14,self_attn.o_proj,16,0.1,943718,4434527,9437184,0.4698993894788954,396715,0.0894604993948621,0.8946053731318074,rank32_norm_matched_lowrank_bf16_mask,32,3,0.9049666906687902,0.0019203617103732,-0.0103613175369827,bf16_merged_minus_base,saved_merged_bf16,serialized_bf16_deployed_merged_checkpoint,a31061dca4e77d1c7efeaab9658e9a102359c2599a6e03692b9504ae6da86a06,0e8795c527887990e91d3dc6281555f1e399785d8378c097dbc0e22f97c4a826
llama,llama3_2_3b,offkd,20,20,14,self_attn.o_proj,32,0.01,94372,4434527,9437184,0.4698993894788954,25151,0.0056716308187998,0.5671621203014109,rank32_norm_matched_lowrank_bf16_mask,32,3,0.586648775096203,0.0055882339269968,-0.019486654794792,bf16_merged_minus_base,saved_merged_bf16,serialized_bf16_deployed_merged_checkpoint,a31061dca4e77d1c7efeaab9658e9a102359c2599a6e03692b9504ae6da86a06,0e8795c527887990e91d3dc6281555f1e399785d8378c097dbc0e22f97c4a826
llama,llama3_2_3b,offkd,20,20,14,self_attn.o_proj,32,0.1,943718,4434527,9437184,0.4698993894788954,375816,0.084747708154669,0.8474774407544544,rank32_norm_matched_lowrank_bf16_mask,32,3,0.8554703562499067,0.0006560673333235,-0.0079929154954523,bf16_merged_minus_base,saved_merged_bf16,serialized_bf16_deployed_merged_checkpoint,a31061dca4e77d1c7efeaab9658e9a102359c2599a6e03692b9504ae6da86a06,0e8795c527887990e91d3dc6281555f1e399785d8378c097dbc0e22f97c4a826
llama,llama3_2_3b,offkd,20,20,14,self_attn.o_proj,50,0.01,94372,4434527,9437184,0.4698993894788954,20999,0.0047353415595394,0.4735333531155551,rank32_norm_matched_lowrank_bf16_mask,32,3,0.4903715420391198,0.003081042396373,-0.0168381889235647,bf16_merged_minus_base,saved_merged_bf16,serialized_bf16_deployed_merged_checkpoint,a31061dca4e77d1c7efeaab9658e9a102359c2599a6e03692b9504ae6da86a06,0e8795c527887990e91d3dc6281555f1e399785d8378c097dbc0e22f97c4a826
llama,llama3_2_3b,offkd,20,20,14,self_attn.o_proj,50,0.1,943718,4434527,9437184,0.4698993894788954,356425,0.0803749757302188,0.8037500979758881,rank32_norm_matched_lowrank_bf16_mask,32,3,0.8117097711875135,0.001009522523153,-0.0079596732116253,bf16_merged_minus_base,saved_merged_bf16,serialized_bf16_deployed_merged_checkpoint,a31061dca4e77d1c7efeaab9658e9a102359c2599a6e03692b9504ae6da86a06,0e8795c527887990e91d3dc6281555f1e399785d8378c097dbc0e22f97c4a826
llama,llama3_2_3b,offkd,40,40,14,self_attn.o_proj,16,0.01,94372,5249129,9437184,0.5562177234225802,38543,0.0073427420053879,0.7342729556370003,rank32_norm_matched_lowrank_bf16_mask,32,3,0.7469628885758155,0.0020281428362178,-0.0126899329388151,bf16_merged_minus_base,saved_merged_bf16,serialized_bf16_deployed_merged_checkpoint,a31061dca4e77d1c7efeaab9658e9a102359c2599a6e03692b9504ae6da86a06,92a1d18cd58477c0eddbbe4d52d5a8e48c587201d5577bcacb541ba5436630c4
llama,llama3_2_3b,offkd,40,40,14,self_attn.o_proj,16,0.1,943718,5249129,9437184,0.5562177234225802,478519,0.0911616003340744,0.9116163897341388,rank32_norm_matched_lowrank_bf16_mask,32,3,0.9170324922121796,0.0002820678687747,-0.0054161024780406,bf16_merged_minus_base,saved_merged_bf16,serialized_bf16_deployed_merged_checkpoint,a31061dca4e77d1c7efeaab9658e9a102359c2599a6e03692b9504ae6da86a06,92a1d18cd58477c0eddbbe4d52d5a8e48c587201d5577bcacb541ba5436630c4
llama,llama3_2_3b,offkd,40,40,14,self_attn.o_proj,32,0.01,94372,5249129,9437184,0.5562177234225802,32751,0.0062393208473253,0.6239310269067638,rank32_norm_matched_lowrank_bf16_mask,32,3,0.6389487785760853,0.001274031665601,-0.0150177516693215,bf16_merged_minus_base,saved_merged_bf16,serialized_bf16_deployed_merged_checkpoint,a31061dca4e77d1c7efeaab9658e9a102359c2599a6e03692b9504ae6da86a06,92a1d18cd58477c0eddbbe4d52d5a8e48c587201d5577bcacb541ba5436630c4
llama,llama3_2_3b,offkd,40,40,14,self_attn.o_proj,32,0.1,943718,5249129,9437184,0.5562177234225802,457682,0.0871919893757612,0.8719202633255946,rank32_norm_matched_lowrank_bf16_mask,32,3,0.8779301395650408,0.001015201594151,-0.0060098762394462,bf16_merged_minus_base,saved_merged_bf16,serialized_bf16_deployed_merged_checkpoint,a31061dca4e77d1c7efeaab9658e9a102359c2599a6e03692b9504ae6da86a06,92a1d18cd58477c0eddbbe4d52d5a8e48c587201d5577bcacb541ba5436630c4
llama,llama3_2_3b,offkd,40,40,14,self_attn.o_proj,50,0.01,94372,5249129,9437184,0.5562177234225802,28126,0.0053582222879262,0.535821320349902,rank32_norm_matched_lowrank_bf16_mask,32,3,0.5562114417863379,0.0029364762970005,-0.0203901214364358,bf16_merged_minus_base,saved_merged_bf16,serialized_bf16_deployed_merged_checkpoint,a31061dca4e77d1c7efeaab9658e9a102359c2599a6e03692b9504ae6da86a06,92a1d18cd58477c0eddbbe4d52d5a8e48c587201d5577bcacb541ba5436630c4
llama,llama3_2_3b,offkd,40,40,14,self_attn.o_proj,50,0.1,943718,5249129,9437184,0.5562177234225802,437250,0.0832995340750818,0.8329956938204173,rank32_norm_matched_lowrank_bf16_mask,32,3,0.8414774863053959,0.0009092987614927,-0.0084817924849786,bf16_merged_minus_base,saved_merged_bf16,serialized_bf16_deployed_merged_checkpoint,a31061dca4e77d1c7efeaab9658e9a102359c2599a6e03692b9504ae6da86a06,92a1d18cd58477c0eddbbe4d52d5a8e48c587201d5577bcacb541ba5436630c4
llama,llama3_2_3b,offkd,80,80,14,self_attn.o_proj,16,0.01,94372,6081965,9437184,0.6444682015313042,47506,0.0078109624109971,0.78109491681498,rank32_norm_matched_lowrank_bf16_mask,32,3,0.7898096470260566,0.0035340793561632,-0.0087147302110766,bf16_merged_minus_base,saved_merged_bf16,serialized_bf16_deployed_merged_checkpoint,a31061dca4e77d1c7efeaab9658e9a102359c2599a6e03692b9504ae6da86a06,a5ba13377350cf63a41b0722c95e1a904d90887def85f0a882b89ceaaed6e67e
llama,llama3_2_3b,offkd,80,80,14,self_attn.o_proj,16,0.1,943718,6081965,9437184,0.6444682015313042,564592,0.092830524345339,0.92830563692061,rank32_norm_matched_lowrank_bf16_mask,32,3,0.933342851858846,0.0018962580097063,-0.0050372149382362,bf16_merged_minus_base,saved_merged_bf16,serialized_bf16_deployed_merged_checkpoint,a31061dca4e77d1c7efeaab9658e9a102359c2599a6e03692b9504ae6da86a06,a5ba13377350cf63a41b0722c95e1a904d90887def85f0a882b89ceaaed6e67e
llama,llama3_2_3b,offkd,80,80,14,self_attn.o_proj,32,0.01,94372,6081965,9437184,0.6444682015313042,41774,0.0068685038470297,0.6868492202043737,rank32_norm_matched_lowrank_bf16_mask,32,3,0.7006034299493854,0.0037120511513517,-0.0137542097450117,bf16_merged_minus_base,saved_merged_bf16,serialized_bf16_deployed_merged_checkpoint,a31061dca4e77d1c7efeaab9658e9a102359c2599a6e03692b9504ae6da86a06,a5ba13377350cf63a41b0722c95e1a904d90887def85f0a882b89ceaaed6e67e
llama,llama3_2_3b,offkd,80,80,14,self_attn.o_proj,32,0.1,943718,6081965,9437184,0.6444682015313042,544358,0.0895036390377123,0.8950367697431585,rank32_norm_matched_lowrank_bf16_mask,32,3,0.901386650965487,0.0019458309248028,-0.0063498812223284,bf16_merged_minus_base,saved_merged_bf16,serialized_bf16_deployed_merged_checkpoint,a31061dca4e77d1c7efeaab9658e9a102359c2599a6e03692b9504ae6da86a06,a5ba13377350cf63a41b0722c95e1a904d90887def85f0a882b89ceaaed6e67e
llama,llama3_2_3b,offkd,80,80,14,self_attn.o_proj,50,0.01,94372,6081965,9437184,0.6444682015313042,37151,0.0061083876674726,0.610837731120139,rank32_norm_matched_lowrank_bf16_mask,32,3,0.6269761552818798,0.0047661404010578,-0.0161384241617408,bf16_merged_minus_base,saved_merged_bf16,serialized_bf16_deployed_merged_checkpoint,a31061dca4e77d1c7efeaab9658e9a102359c2599a6e03692b9504ae6da86a06,a5ba13377350cf63a41b0722c95e1a904d90887def85f0a882b89ceaaed6e67e
llama,llama3_2_3b,offkd,80,80,14,self_attn.o_proj,50,0.1,943718,6081965,9437184,0.6444682015313042,525149,0.0863452847887154,0.8634532138663342,rank32_norm_matched_lowrank_bf16_mask,32,3,0.8719575577855485,0.0015207300347641,-0.0085043439192142,bf16_merged_minus_base,saved_merged_bf16,serialized_bf16_deployed_merged_checkpoint,a31061dca4e77d1c7efeaab9658e9a102359c2599a6e03692b9504ae6da86a06,a5ba13377350cf63a41b0722c95e1a904d90887def85f0a882b89ceaaed6e67e
llama,llama3_2_3b,offkd,160,160,14,self_attn.o_proj,16,0.01,94372,6916130,9437184,0.7328595055474175,57571,0.0083241639471785,0.8324149834240058,rank32_norm_matched_lowrank_bf16_mask,32,3,0.8365472413106526,0.0044019405704791,-0.0041322578866468,bf16_merged_minus_base,saved_merged_bf16,serialized_bf16_deployed_merged_checkpoint,a31061dca4e77d1c7efeaab9658e9a102359c2599a6e03692b9504ae6da86a06,eb2397ee17ae9f226bb0500097cafafc96dad43e3f6724992051098659b6e337
llama,llama3_2_3b,offkd,160,160,14,self_attn.o_proj,16,0.1,943718,6916130,9437184,0.7328595055474175,655002,0.0947064326436894,0.9470647278552532,rank32_norm_matched_lowrank_bf16_mask,32,3,0.9490403336411716,0.0020523891340835,-0.0019756057859184,bf16_merged_minus_base,saved_merged_bf16,serialized_bf16_deployed_merged_checkpoint,a31061dca4e77d1c7efeaab9658e9a102359c2599a6e03692b9504ae6da86a06,eb2397ee17ae9f226bb0500097cafafc96dad43e3f6724992051098659b6e337
llama,llama3_2_3b,offkd,160,160,14,self_attn.o_proj,32,0.01,94372,6916130,9437184,0.7328595055474175,52459,0.0075850222595584,0.7585009399774177,rank32_norm_matched_lowrank_bf16_mask,32,3,0.7634550100958105,0.0035158892070262,-0.0049540701183927,bf16_merged_minus_base,saved_merged_bf16,serialized_bf16_deployed_merged_checkpoint,a31061dca4e77d1c7efeaab9658e9a102359c2599a6e03692b9504ae6da86a06,eb2397ee17ae9f226bb0500097cafafc96dad43e3f6724992051098659b6e337
llama,llama3_2_3b,offkd,160,160,14,self_attn.o_proj,32,0.1,943718,6916130,9437184,0.7328595055474175,637162,0.0921269553926834,0.921269944411939,rank32_norm_matched_lowrank_bf16_mask,32,3,0.925140828211038,0.0018000684719381,-0.0038708837990989,bf16_merged_minus_base,saved_merged_bf16,serialized_bf16_deployed_merged_checkpoint,a31061dca4e77d1c7efeaab9658e9a102359c2599a6e03692b9504ae6da86a06,eb2397ee17ae9f226bb0500097cafafc96dad43e3f6724992051098659b6e337
llama,llama3_2_3b,offkd,160,160,14,self_attn.o_proj,50,0.01,94372,6916130,9437184,0.7328595055474175,47961,0.0069346585445906,0.6934646787444849,rank32_norm_matched_lowrank_bf16_mask,32,3,0.7052927268176967,0.0040940461072359,-0.0118280480732118,bf16_merged_minus_base,saved_merged_bf16,serialized_bf16_deployed_merged_checkpoint,a31061dca4e77d1c7efeaab9658e9a102359c2599a6e03692b9504ae6da86a06,eb2397ee17ae9f226bb0500097cafafc96dad43e3f6724992051098659b6e337
llama,llama3_2_3b,offkd,160,160,14,self_attn.o_proj,50,0.1,943718,6916130,9437184,0.7328595055474175,620887,0.0897737607592685,0.8977379881036465,rank32_norm_matched_lowrank_bf16_mask,32,3,0.9025673433079836,0.0018420943694937,-0.0048293552043372,bf16_merged_minus_base,saved_merged_bf16,serialized_bf16_deployed_merged_checkpoint,a31061dca4e77d1c7efeaab9658e9a102359c2599a6e03692b9504ae6da86a06,eb2397ee17ae9f226bb0500097cafafc96dad43e3f6724992051098659b6e337
llama,llama3_2_3b,offkd,320,320,14,self_attn.o_proj,16,0.01,94372,7372338,9437184,0.7812010447184244,63497,0.0086128715205407,0.8612856918122153,rank32_norm_matched_lowrank_bf16_mask,32,3,0.8661724286913969,0.0037633125375953,-0.0048867368791816,bf16_merged_minus_base,saved_merged_bf16,serialized_bf16_deployed_merged_checkpoint,a31061dca4e77d1c7efeaab9658e9a102359c2599a6e03692b9504ae6da86a06,fe59ee10b9b2f4a0af1b3819826fb846ed219ab43b5c260cf5675efa658ae875
llama,llama3_2_3b,offkd,320,320,14,self_attn.o_proj,16,0.1,943718,7372338,9437184,0.7812010447184244,705550,0.095702340288793,0.9570238085274978,rank32_norm_matched_lowrank_bf16_mask,32,3,0.9585210476338668,0.0013758332819898,-0.001497239106369,bf16_merged_minus_base,saved_merged_bf16,serialized_bf16_deployed_merged_checkpoint,a31061dca4e77d1c7efeaab9658e9a102359c2599a6e03692b9504ae6da86a06,fe59ee10b9b2f4a0af1b3819826fb846ed219ab43b5c260cf5675efa658ae875
llama,llama3_2_3b,offkd,320,320,14,self_attn.o_proj,32,0.01,94372,7372338,9437184,0.7812010447184244,59140,0.0080218785411086,0.8021864940670332,rank32_norm_matched_lowrank_bf16_mask,32,3,0.8052569337946117,0.0038348393200525,-0.0030704397275784,bf16_merged_minus_base,saved_merged_bf16,serialized_bf16_deployed_merged_checkpoint,a31061dca4e77d1c7efeaab9658e9a102359c2599a6e03692b9504ae6da86a06,fe59ee10b9b2f4a0af1b3819826fb846ed219ab43b5c260cf5675efa658ae875
llama,llama3_2_3b,offkd,320,320,14,self_attn.o_proj,32,0.1,943718,7372338,9437184,0.7812010447184244,690201,0.0936203684638441,0.9362040814534582,rank32_norm_matched_lowrank_bf16_mask,32,3,0.9387507090725108,0.0007326954216877,-0.0025466276190525,bf16_merged_minus_base,saved_merged_bf16,serialized_bf16_deployed_merged_checkpoint,a31061dca4e77d1c7efeaab9658e9a102359c2599a6e03692b9504ae6da86a06,fe59ee10b9b2f4a0af1b3819826fb846ed219ab43b5c260cf5675efa658ae875
llama,llama3_2_3b,offkd,320,320,14,self_attn.o_proj,50,0.01,94372,7372338,9437184,0.7812010447184244,55076,0.0074706287204954,0.7470616054656057,rank32_norm_matched_lowrank_bf16_mask,32,3,0.7565871906953582,0.0015325181293003,-0.0095255852297524,bf16_merged_minus_base,saved_merged_bf16,serialized_bf16_deployed_merged_checkpoint,a31061dca4e77d1c7efeaab9658e9a102359c2599a6e03692b9504ae6da86a06,fe59ee10b9b2f4a0af1b3819826fb846ed219ab43b5c260cf5675efa658ae875
llama,llama3_2_3b,offkd,320,320,14,self_attn.o_proj,50,0.1,943718,7372338,9437184,0.7812010447184244,676196,0.0917206997291768,0.9172073860549356,rank32_norm_matched_lowrank_bf16_mask,32,3,0.920328216734863,0.0006843450303923,-0.0031208306799273,bf16_merged_minus_base,saved_merged_bf16,serialized_bf16_deployed_merged_checkpoint,a31061dca4e77d1c7efeaab9658e9a102359c2599a6e03692b9504ae6da86a06,fe59ee10b9b2f4a0af1b3819826fb846ed219ab43b5c260cf5675efa658ae875
llama,llama3_2_3b,seqkd,5,5,14,self_attn.o_proj,16,0.01,94372,2483949,9437184,0.2632087071736653,15558,0.006263413620811,0.6263403001706032,rank32_norm_matched_lowrank_bf16_mask,32,3,0.6307783093455964,0.0040434203081089,-0.0044380091749932,bf16_merged_minus_base,saved_merged_bf16,serialized_bf16_deployed_merged_checkpoint,a31061dca4e77d1c7efeaab9658e9a102359c2599a6e03692b9504ae6da86a06,311fa7834ebbef2a3379d26680854948a3705994f24c3770a9cedc4d81657029
llama,llama3_2_3b,seqkd,5,5,14,self_attn.o_proj,16,0.1,943718,2483949,9437184,0.2632087071736653,214704,0.0864365572723111,0.8643659390891542,rank32_norm_matched_lowrank_bf16_mask,32,3,0.8702062710489358,0.001395046554216,-0.0058403319597816,bf16_merged_minus_base,saved_merged_bf16,serialized_bf16_deployed_merged_checkpoint,a31061dca4e77d1c7efeaab9658e9a102359c2599a6e03692b9504ae6da86a06,311fa7834ebbef2a3379d26680854948a3705994f24c3770a9cedc4d81657029
llama,llama3_2_3b,seqkd,5,5,14,self_attn.o_proj,32,0.01,94372,2483949,9437184,0.2632087071736653,11840,0.0047666035011185,0.4766595419732575,rank32_norm_matched_lowrank_bf16_mask,32,3,0.4781256946858306,0.0057636562725028,-0.001466152712573,bf16_merged_minus_base,saved_merged_bf16,serialized_bf16_deployed_merged_checkpoint,a31061dca4e77d1c7efeaab9658e9a102359c2599a6e03692b9504ae6da86a06,311fa7834ebbef2a3379d26680854948a3705994f24c3770a9cedc4d81657029
llama,llama3_2_3b,seqkd,5,5,14,self_attn.o_proj,32,0.1,943718,2483949,9437184,0.2632087071736653,199117,0.0801614686936003,0.8016150267047429,rank32_norm_matched_lowrank_bf16_mask,32,3,0.8054595425942476,0.0024944198207583,-0.0038445158895046,bf16_merged_minus_base,saved_merged_bf16,serialized_bf16_deployed_merged_checkpoint,a31061dca4e77d1c7efeaab9658e9a102359c2599a6e03692b9504ae6da86a06,311fa7834ebbef2a3379d26680854948a3705994f24c3770a9cedc4d81657029
llama,llama3_2_3b,seqkd,5,5,14,self_attn.o_proj,50,0.01,94372,2483949,9437184,0.2632087071736653,9231,0.0037162598749008,0.3716253574286436,rank32_norm_matched_lowrank_bf16_mask,32,3,0.3747345616814121,0.0040318639869776,-0.0031092042527685,bf16_merged_minus_base,saved_merged_bf16,serialized_bf16_deployed_merged_checkpoint,a31061dca4e77d1c7efeaab9658e9a102359c2599a6e03692b9504ae6da86a06,311fa7834ebbef2a3379d26680854948a3705994f24c3770a9cedc4d81657029
llama,llama3_2_3b,seqkd,5,5,14,self_attn.o_proj,50,0.1,943718,2483949,9437184,0.2632087071736653,185228,0.0745699690291547,0.7457000063604118,rank32_norm_matched_lowrank_bf16_mask,32,3,0.7447241201917342,0.0021441749688953,0.0009758861686776,bf16_merged_minus_base,saved_merged_bf16,serialized_bf16_deployed_merged_checkpoint,a31061dca4e77d1c7efeaab9658e9a102359c2599a6e03692b9504ae6da86a06,311fa7834ebbef2a3379d26680854948a3705994f24c3770a9cedc4d81657029
llama,llama3_2_3b,seqkd,20,20,14,self_attn.o_proj,16,0.01,94372,4329683,9437184,0.4587897194756402,29716,0.006863320016731,0.6863308380533811,rank32_norm_matched_lowrank_bf16_mask,32,3,0.7004621843368525,0.0042097584073937,-0.0141313462834713,bf16_merged_minus_base,saved_merged_bf16,serialized_bf16_deployed_merged_checkpoint,a31061dca4e77d1c7efeaab9658e9a102359c2599a6e03692b9504ae6da86a06,62bc302e83ab736cc68f01c47a25a522bbf704b2c4e41f4c7d49f4860b3550d6
llama,llama3_2_3b,seqkd,20,20,14,self_attn.o_proj,16,0.1,943718,4329683,9437184,0.4587897194756402,387067,0.0893984617349584,0.8939849962698199,rank32_norm_matched_lowrank_bf16_mask,32,3,0.8985243939793329,0.0020752663573875,-0.004539397709513,bf16_merged_minus_base,saved_merged_bf16,serialized_bf16_deployed_merged_checkpoint,a31061dca4e77d1c7efeaab9658e9a102359c2599a6e03692b9504ae6da86a06,62bc302e83ab736cc68f01c47a25a522bbf704b2c4e41f4c7d49f4860b3550d6
llama,llama3_2_3b,seqkd,20,20,14,self_attn.o_proj,32,0.01,94372,4329683,9437184,0.4587897194756402,24361,0.0056265089153178,0.5626499376032581,rank32_norm_matched_lowrank_bf16_mask,32,3,0.5728535556543636,0.0028252491602715,-0.0102036180511054,bf16_merged_minus_base,saved_merged_bf16,serialized_bf16_deployed_merged_checkpoint,a31061dca4e77d1c7efeaab9658e9a102359c2599a6e03692b9504ae6da86a06,62bc302e83ab736cc68f01c47a25a522bbf704b2c4e41f4c7d49f4860b3550d6
llama,llama3_2_3b,seqkd,20,20,14,self_attn.o_proj,32,0.1,943718,4329683,9437184,0.4587897194756402,366233,0.0845865621108981,0.8458659796337196,rank32_norm_matched_lowrank_bf16_mask,32,3,0.848686018711542,0.0018649123152541,-0.0028200390778224,bf16_merged_minus_base,saved_merged_bf16,serialized_bf16_deployed_merged_checkpoint,a31061dca4e77d1c7efeaab9658e9a102359c2599a6e03692b9504ae6da86a06,62bc302e83ab736cc68f01c47a25a522bbf704b2c4e41f4c7d49f4860b3550d6
llama,llama3_2_3b,seqkd,20,20,14,self_attn.o_proj,50,0.01,94372,4329683,9437184,0.4587897194756402,20335,0.0046966486922945,0.4696640729511208,rank32_norm_matched_lowrank_bf16_mask,32,3,0.4773554875947245,0.0025824297489372,-0.0076914146436036,bf16_merged_minus_base,saved_merged_bf16,serialized_bf16_deployed_merged_checkpoint,a31061dca4e77d1c7efeaab9658e9a102359c2599a6e03692b9504ae6da86a06,62bc302e83ab736cc68f01c47a25a522bbf704b2c4e41f4c7d49f4860b3550d6
llama,llama3_2_3b,seqkd,20,20,14,self_attn.o_proj,50,0.1,943718,4329683,9437184,0.4587897194756402,347089,0.0801649912938198,0.8016502527218686,rank32_norm_matched_lowrank_bf16_mask,32,3,0.8034441886601745,0.0016317920458065,-0.0017939359383059,bf16_merged_minus_base,saved_merged_bf16,serialized_bf16_deployed_merged_checkpoint,a31061dca4e77d1c7efeaab9658e9a102359c2599a6e03692b9504ae6da86a06,62bc302e83ab736cc68f01c47a25a522bbf704b2c4e41f4c7d49f4860b3550d6
llama,llama3_2_3b,seqkd,40,40,14,self_attn.o_proj,16,0.01,94372,5195479,9437184,0.5505327648586698,38036,0.0073209804139329,0.7320968001810018,rank32_norm_matched_lowrank_bf16_mask,32,3,0.7426585835308911,0.0031677167877715,-0.0105617833498893,bf16_merged_minus_base,saved_merged_bf16,serialized_bf16_deployed_merged_checkpoint,a31061dca4e77d1c7efeaab9658e9a102359c2599a6e03692b9504ae6da86a06,900e7244122561a32ac0eef24392f228e06c195e5e4977a4d932e523145fd4bc
llama,llama3_2_3b,seqkd,40,40,14,self_attn.o_proj,16,0.1,943718,5195479,9437184,0.5505327648586698,473809,0.0911964036424745,0.9119644229656556,rank32_norm_matched_lowrank_bf16_mask,32,3,0.9171470102279896,0.0017410599671103,-0.005182587262334,bf16_merged_minus_base,saved_merged_bf16,serialized_bf16_deployed_merged_checkpoint,a31061dca4e77d1c7efeaab9658e9a102359c2599a6e03692b9504ae6da86a06,900e7244122561a32ac0eef24392f228e06c195e5e4977a4d932e523145fd4bc
llama,llama3_2_3b,seqkd,40,40,14,self_attn.o_proj,32,0.01,94372,5195479,9437184,0.5505327648586698,32430,0.0062419653702767,0.6241954787535463,rank32_norm_matched_lowrank_bf16_mask,32,3,0.6351130022048588,0.0025713101521409,-0.0109175234513124,bf16_merged_minus_base,saved_merged_bf16,serialized_bf16_deployed_merged_checkpoint,a31061dca4e77d1c7efeaab9658e9a102359c2599a6e03692b9504ae6da86a06,900e7244122561a32ac0eef24392f228e06c195e5e4977a4d932e523145fd4bc
llama,llama3_2_3b,seqkd,40,40,14,self_attn.o_proj,32,0.1,943718,5195479,9437184,0.5505327648586698,452512,0.0870972628317812,0.8709729974842916,rank32_norm_matched_lowrank_bf16_mask,32,3,0.8761755381877138,0.0002765055296962,-0.0052025407034221,bf16_merged_minus_base,saved_merged_bf16,serialized_bf16_deployed_merged_checkpoint,a31061dca4e77d1c7efeaab9658e9a102359c2599a6e03692b9504ae6da86a06,900e7244122561a32ac0eef24392f228e06c195e5e4977a4d932e523145fd4bc
llama,llama3_2_3b,seqkd,40,40,14,self_attn.o_proj,50,0.01,94372,5195479,9437184,0.5505327648586698,27848,0.005360044761994,0.5360035674476953,rank32_norm_matched_lowrank_bf16_mask,32,3,0.5474734629475776,0.000498897225833,-0.0114698954998823,bf16_merged_minus_base,saved_merged_bf16,serialized_bf16_deployed_merged_checkpoint,a31061dca4e77d1c7efeaab9658e9a102359c2599a6e03692b9504ae6da86a06,900e7244122561a32ac0eef24392f228e06c195e5e4977a4d932e523145fd4bc
llama,llama3_2_3b,seqkd,40,40,14,self_attn.o_proj,50,0.1,943718,5195479,9437184,0.5505327648586698,432708,0.0832854872476628,0.8328552254866894,rank32_norm_matched_lowrank_bf16_mask,32,3,0.8392346516460888,0.0004106211920878,-0.0063794261593993,bf16_merged_minus_base,saved_merged_bf16,serialized_bf16_deployed_merged_checkpoint,a31061dca4e77d1c7efeaab9658e9a102359c2599a6e03692b9504ae6da86a06,900e7244122561a32ac0eef24392f228e06c195e5e4977a4d932e523145fd4bc
llama,llama3_2_3b,seqkd,80,80,14,self_attn.o_proj,16,0.01,94372,6033248,9437184,0.6393059624565972,46983,0.0077873477105532,0.7787334507742741,rank32_norm_matched_lowrank_bf16_mask,32,3,0.7905811099631062,0.0019770391722046,-0.011847659188832,bf16_merged_minus_base,saved_merged_bf16,serialized_bf16_deployed_merged_checkpoint,a31061dca4e77d1c7efeaab9658e9a102359c2599a6e03692b9504ae6da86a06,6def3d55c99de997592defca1976deb2bea31eab51d0dd402d3cfbdc2c007950
llama,llama3_2_3b,seqkd,80,80,14,self_attn.o_proj,16,0.1,943718,6033248,9437184,0.6393059624565972,560246,0.0928597664143758,0.9285980577349215,rank32_norm_matched_lowrank_bf16_mask,32,3,0.9351343089254516,0.0016605067913818,-0.0065362511905299,bf16_merged_minus_base,saved_merged_bf16,serialized_bf16_deployed_merged_checkpoint,a31061dca4e77d1c7efeaab9658e9a102359c2599a6e03692b9504ae6da86a06,6def3d55c99de997592defca1976deb2bea31eab51d0dd402d3cfbdc2c007950
llama,llama3_2_3b,seqkd,80,80,14,self_attn.o_proj,32,0.01,94372,6033248,9437184,0.6393059624565972,41481,0.0068754011106455,0.6875389453965832,rank32_norm_matched_lowrank_bf16_mask,32,3,0.6973944875138031,0.0032424340630392,-0.0098555421172198,bf16_merged_minus_base,saved_merged_bf16,serialized_bf16_deployed_merged_checkpoint,a31061dca4e77d1c7efeaab9658e9a102359c2599a6e03692b9504ae6da86a06,6def3d55c99de997592defca1976deb2bea31eab51d0dd402d3cfbdc2c007950
llama,llama3_2_3b,seqkd,80,80,14,self_attn.o_proj,32,0.1,943718,6033248,9437184,0.6393059624565972,539709,0.0894557956178827,0.8945583353420761,rank32_norm_matched_lowrank_bf16_mask,32,3,0.9028927945015224,0.0014484768709359,-0.0083344591594464,bf16_merged_minus_base,saved_merged_bf16,serialized_bf16_deployed_merged_checkpoint,a31061dca4e77d1c7efeaab9658e9a102359c2599a6e03692b9504ae6da86a06,6def3d55c99de997592defca1976deb2bea31eab51d0dd402d3cfbdc2c007950
llama,llama3_2_3b,seqkd,80,80,14,self_attn.o_proj,50,0.01,94372,6033248,9437184,0.6393059624565972,36717,0.0060857766828083,0.6085766364872193,rank32_norm_matched_lowrank_bf16_mask,32,3,0.6241095277312065,0.0013206512175123,-0.0155328912439872,bf16_merged_minus_base,saved_merged_bf16,serialized_bf16_deployed_merged_checkpoint,a31061dca4e77d1c7efeaab9658e9a102359c2599a6e03692b9504ae6da86a06,6def3d55c99de997592defca1976deb2bea31eab51d0dd402d3cfbdc2c007950
llama,llama3_2_3b,seqkd,80,80,14,self_attn.o_proj,50,0.1,943718,6033248,9437184,0.6393059624565972,520828,0.0863263038416455,0.8632634043151824,rank32_norm_matched_lowrank_bf16_mask,32,3,0.8730260331057478,0.0008156101190171,-0.0097626287905653,bf16_merged_minus_base,saved_merged_bf16,serialized_bf16_deployed_merged_checkpoint,a31061dca4e77d1c7efeaab9658e9a102359c2599a6e03692b9504ae6da86a06,6def3d55c99de997592defca1976deb2bea31eab51d0dd402d3cfbdc2c007950
llama,llama3_2_3b,seqkd,160,160,14,self_attn.o_proj,16,0.01,94372,6842512,9437184,0.7250586615668403,56598,0.0082715236743464,0.8271509650655278,rank32_norm_matched_lowrank_bf16_mask,32,3,0.8334951870555815,0.002416779034825,-0.0063442219900536,bf16_merged_minus_base,saved_merged_bf16,serialized_bf16_deployed_merged_checkpoint,a31061dca4e77d1c7efeaab9658e9a102359c2599a6e03692b9504ae6da86a06,ff93b0617daf217a8c0e69ae7c1c3052548049f93d0f81f6357ea4143775e3f3
llama,llama3_2_3b,seqkd,160,160,14,self_attn.o_proj,16,0.1,943718,6842512,9437184,0.7250586615668403,646833,0.0945315112344706,0.945315513021651,rank32_norm_matched_lowrank_bf16_mask,32,3,0.9482221433052976,0.0015758200874541,-0.0029066302836467,bf16_merged_minus_base,saved_merged_bf16,serialized_bf16_deployed_merged_checkpoint,a31061dca4e77d1c7efeaab9658e9a102359c2599a6e03692b9504ae6da86a06,ff93b0617daf217a8c0e69ae7c1c3052548049f93d0f81f6357ea4143775e3f3
llama,llama3_2_3b,seqkd,160,160,14,self_attn.o_proj,32,0.01,94372,6842512,9437184,0.7250586615668403,51569,0.0075365596728219,0.7536546895201985,rank32_norm_matched_lowrank_bf16_mask,32,3,0.7574315075216821,0.0026946711368965,-0.0037768180014835,bf16_merged_minus_base,saved_merged_bf16,serialized_bf16_deployed_merged_checkpoint,a31061dca4e77d1c7efeaab9658e9a102359c2599a6e03692b9504ae6da86a06,ff93b0617daf217a8c0e69ae7c1c3052548049f93d0f81f6357ea4143775e3f3
llama,llama3_2_3b,seqkd,160,160,14,self_attn.o_proj,32,0.1,943718,6842512,9437184,0.7250586615668403,628451,0.091845070933014,0.9184510986204624,rank32_norm_matched_lowrank_bf16_mask,32,3,0.9228046406956354,0.0014519427112515,-0.004353542075173,bf16_merged_minus_base,saved_merged_bf16,serialized_bf16_deployed_merged_checkpoint,a31061dca4e77d1c7efeaab9658e9a102359c2599a6e03692b9504ae6da86a06,ff93b0617daf217a8c0e69ae7c1c3052548049f93d0f81f6357ea4143775e3f3
llama,llama3_2_3b,seqkd,160,160,14,self_attn.o_proj,50,0.01,94372,6842512,9437184,0.7250586615668403,47222,0.0069012666693167,0.6901254968784117,rank32_norm_matched_lowrank_bf16_mask,32,3,0.6951304341080925,0.0038164431088354,-0.0050049372296807,bf16_merged_minus_base,saved_merged_bf16,serialized_bf16_deployed_merged_checkpoint,a31061dca4e77d1c7efeaab9658e9a102359c2599a6e03692b9504ae6da86a06,ff93b0617daf217a8c0e69ae7c1c3052548049f93d0f81f6357ea4143775e3f3
llama,llama3_2_3b,seqkd,160,160,14,self_attn.o_proj,50,0.1,943718,6842512,9437184,0.7250586615668403,612370,0.0894949106410043,0.8949494857390832,rank32_norm_matched_lowrank_bf16_mask,32,3,0.8996946095538677,0.001156737156168,-0.0047451238147845,bf16_merged_minus_base,saved_merged_bf16,serialized_bf16_deployed_merged_checkpoint,a31061dca4e77d1c7efeaab9658e9a102359c2599a6e03692b9504ae6da86a06,ff93b0617daf217a8c0e69ae7c1c3052548049f93d0f81f6357ea4143775e3f3
llama,llama3_2_3b,seqkd,320,320,14,self_attn.o_proj,16,0.01,94372,7358894,9437184,0.7797764672173394,63182,0.0085858010728242,0.8585786516301437,rank32_norm_matched_lowrank_bf16_mask,32,3,0.8606140112470576,0.0017875861077544,-0.0020353596169139,bf16_merged_minus_base,saved_merged_bf16,serialized_bf16_deployed_merged_checkpoint,a31061dca4e77d1c7efeaab9658e9a102359c2599a6e03692b9504ae6da86a06,bba540636cfe7c44382919a348adaad830b763dce0227d6d8bb6e63d5ac25917
llama,llama3_2_3b,seqkd,320,320,14,self_attn.o_proj,16,0.1,943718,7358894,9437184,0.7797764672173394,704024,0.0956698112515277,0.9566985180169686,rank32_norm_matched_lowrank_bf16_mask,32,3,0.9579285789080956,0.0005318764744039,-0.0012300608911268,bf16_merged_minus_base,saved_merged_bf16,serialized_bf16_deployed_merged_checkpoint,a31061dca4e77d1c7efeaab9658e9a102359c2599a6e03692b9504ae6da86a06,bba540636cfe7c44382919a348adaad830b763dce0227d6d8bb6e63d5ac25917
llama,llama3_2_3b,seqkd,320,320,14,self_attn.o_proj,32,0.01,94372,7358894,9437184,0.7797764672173394,58760,0.0079848955563159,0.7984882018579222,rank32_norm_matched_lowrank_bf16_mask,32,3,0.8014657992981156,0.0025236544950079,-0.0029775974401933,bf16_merged_minus_base,saved_merged_bf16,serialized_bf16_deployed_merged_checkpoint,a31061dca4e77d1c7efeaab9658e9a102359c2599a6e03692b9504ae6da86a06,bba540636cfe7c44382919a348adaad830b763dce0227d6d8bb6e63d5ac25917
llama,llama3_2_3b,seqkd,320,320,14,self_attn.o_proj,32,0.1,943718,7358894,9437184,0.7797764672173394,688953,0.0936218132779192,0.9362185296003326,rank32_norm_matched_lowrank_bf16_mask,32,3,0.937974210772861,0.0008276305865777,-0.0017556811725284,bf16_merged_minus_base,saved_merged_bf16,serialized_bf16_deployed_merged_checkpoint,a31061dca4e77d1c7efeaab9658e9a102359c2599a6e03692b9504ae6da86a06,bba540636cfe7c44382919a348adaad830b763dce0227d6d8bb6e63d5ac25917
llama,llama3_2_3b,seqkd,320,320,14,self_attn.o_proj,50,0.01,94372,7358894,9437184,0.7797764672173394,55043,0.0074797924796851,0.7479779798309328,rank32_norm_matched_lowrank_bf16_mask,32,3,0.7509343472284097,0.0031490765403341,-0.0029563673974768,bf16_merged_minus_base,saved_merged_bf16,serialized_bf16_deployed_merged_checkpoint,a31061dca4e77d1c7efeaab9658e9a102359c2599a6e03692b9504ae6da86a06,bba540636cfe7c44382919a348adaad830b763dce0227d6d8bb6e63d5ac25917
llama,llama3_2_3b,seqkd,320,320,14,self_attn.o_proj,50,0.1,943718,7358894,9437184,0.7797764672173394,674611,0.0916728791038436,0.9167291795989132,rank32_norm_matched_lowrank_bf16_mask,32,3,0.9194951387175389,0.0008477045237836,-0.0027659591186256,bf16_merged_minus_base,saved_merged_bf16,serialized_bf16_deployed_merged_checkpoint,a31061dca4e77d1c7efeaab9658e9a102359c2599a6e03692b9504ae6da86a06,bba540636cfe7c44382919a348adaad830b763dce0227d6d8bb6e63d5ac25917
llama,llama3_2_3b,opd,5,5,14,mlp.gate_proj,16,0.01,251658,5297533,25165824,0.2105050484339396,22893,0.0043214454728266,0.4321449594082179,rank32_norm_matched_lowrank_bf16_mask,32,3,0.4324054027171544,0.0043772682533171,-0.0002604433089364,bf16_merged_minus_base,saved_merged_bf16,serialized_bf16_deployed_merged_checkpoint,cdeca6d5920cc84aa8f36e800f7c7b9b5835107ee834fde42d21b487dccffa0e,ad9b0f596893295915fffcf186a098560d426ba6b11023bac1572cafee8482a3
llama,llama3_2_3b,opd,5,5,14,mlp.gate_proj,16,0.1,2516582,5297533,25165824,0.2105050484339396,440419,0.0831366222730467,0.8313663548725905,rank32_norm_matched_lowrank_bf16_mask,32,3,0.8389650063512054,0.0039502788413351,-0.0075986514786149,bf16_merged_minus_base,saved_merged_bf16,serialized_bf16_deployed_merged_checkpoint,cdeca6d5920cc84aa8f36e800f7c7b9b5835107ee834fde42d21b487dccffa0e,ad9b0f596893295915fffcf186a098560d426ba6b11023bac1572cafee8482a3
llama,llama3_2_3b,opd,5,5,14,mlp.gate_proj,32,0.01,251658,5297533,25165824,0.2105050484339396,19016,0.0035895953833605,0.3589598806668707,rank32_norm_matched_lowrank_bf16_mask,32,3,0.3588317547592354,0.0036988876140048,0.0001281259076352,bf16_merged_minus_base,saved_merged_bf16,serialized_bf16_deployed_merged_checkpoint,cdeca6d5920cc84aa8f36e800f7c7b9b5835107ee834fde42d21b487dccffa0e,ad9b0f596893295915fffcf186a098560d426ba6b11023bac1572cafee8482a3
llama,llama3_2_3b,opd,5,5,14,mlp.gate_proj,32,0.1,2516582,5297533,25165824,0.2105050484339396,414869,0.0783136225862113,0.7831363503382841,rank32_norm_matched_lowrank_bf16_mask,32,3,0.7878378578811538,0.0027274677204168,-0.0047015075428696,bf16_merged_minus_base,saved_merged_bf16,serialized_bf16_deployed_merged_checkpoint,cdeca6d5920cc84aa8f36e800f7c7b9b5835107ee834fde42d21b487dccffa0e,ad9b0f596893295915fffcf186a098560d426ba6b11023bac1572cafee8482a3
llama,llama3_2_3b,opd,5,5,14,mlp.gate_proj,50,0.01,251658,5297533,25165824,0.2105050484339396,16414,0.0030984233604585,0.3098426315348136,rank32_norm_matched_lowrank_bf16_mask,32,3,0.3087650445545454,0.0018550377232707,0.0010775869802682,bf16_merged_minus_base,saved_merged_bf16,serialized_bf16_deployed_merged_checkpoint,cdeca6d5920cc84aa8f36e800f7c7b9b5835107ee834fde42d21b487dccffa0e,ad9b0f596893295915fffcf186a098560d426ba6b11023bac1572cafee8482a3
llama,llama3_2_3b,opd,5,5,14,mlp.gate_proj,50,0.1,2516582,5297533,25165824,0.2105050484339396,393904,0.0743561201034519,0.743561319220408,rank32_norm_matched_lowrank_bf16_mask,32,3,0.7462835444808523,0.0024696644401458,-0.0027222252604443,bf16_merged_minus_base,saved_merged_bf16,serialized_bf16_deployed_merged_checkpoint,cdeca6d5920cc84aa8f36e800f7c7b9b5835107ee834fde42d21b487dccffa0e,ad9b0f596893295915fffcf186a098560d426ba6b11023bac1572cafee8482a3
llama,llama3_2_3b,opd,20,20,14,mlp.gate_proj,16,0.01,251658,10990335,25165824,0.4367166757583618,59523,0.0054159404604136,0.5415945625461869,rank32_norm_matched_lowrank_bf16_mask,32,3,0.5707254643305494,0.0080662970147235,-0.0291309017843625,bf16_merged_minus_base,saved_merged_bf16,serialized_bf16_deployed_merged_checkpoint,cdeca6d5920cc84aa8f36e800f7c7b9b5835107ee834fde42d21b487dccffa0e,705339bb63fcbd8bc35d04f72ee77cd866b954f900db338810efd781b7d823a3
llama,llama3_2_3b,opd,20,20,14,mlp.gate_proj,16,0.1,2516582,10990335,25165824,0.4367166757583618,947139,0.0861792656911731,0.8617927938900076,rank32_norm_matched_lowrank_bf16_mask,32,3,0.8840633966135907,0.0017406476493906,-0.022270602723583,bf16_merged_minus_base,saved_merged_bf16,serialized_bf16_deployed_merged_checkpoint,cdeca6d5920cc84aa8f36e800f7c7b9b5835107ee834fde42d21b487dccffa0e,705339bb63fcbd8bc35d04f72ee77cd866b954f900db338810efd781b7d823a3
llama,llama3_2_3b,opd,20,20,14,mlp.gate_proj,32,0.01,251658,10990335,25165824,0.4367166757583618,51730,0.0047068628936242,0.4706867382442795,rank32_norm_matched_lowrank_bf16_mask,32,3,0.49647671609486,0.0060130499645852,-0.0257899778505805,bf16_merged_minus_base,saved_merged_bf16,serialized_bf16_deployed_merged_checkpoint,cdeca6d5920cc84aa8f36e800f7c7b9b5835107ee834fde42d21b487dccffa0e,705339bb63fcbd8bc35d04f72ee77cd866b954f900db338810efd781b7d823a3
llama,llama3_2_3b,opd,20,20,14,mlp.gate_proj,32,0.1,2516582,10990335,25165824,0.4367166757583618,908290,0.0826444325855399,0.8264444572152081,rank32_norm_matched_lowrank_bf16_mask,32,3,0.8477685998143004,0.0016884358244229,-0.0213241425990923,bf16_merged_minus_base,saved_merged_bf16,serialized_bf16_deployed_merged_checkpoint,cdeca6d5920cc84aa8f36e800f7c7b9b5835107ee834fde42d21b487dccffa0e,705339bb63fcbd8bc35d04f72ee77cd866b954f900db338810efd781b7d823a3
llama,llama3_2_3b,opd,20,20,14,mlp.gate_proj,50,0.01,251658,10990335,25165824,0.4367166757583618,45740,0.0041618385608809,0.4161842529923322,rank32_norm_matched_lowrank_bf16_mask,32,3,0.4398721874111992,0.0050394503164021,-0.023687934418867,bf16_merged_minus_base,saved_merged_bf16,serialized_bf16_deployed_merged_checkpoint,cdeca6d5920cc84aa8f36e800f7c7b9b5835107ee834fde42d21b487dccffa0e,705339bb63fcbd8bc35d04f72ee77cd866b954f900db338810efd781b7d823a3
llama,llama3_2_3b,opd,20,20,14,mlp.gate_proj,50,0.1,2516582,10990335,25165824,0.4367166757583618,876612,0.0797620818655664,0.7976209454340992,rank32_norm_matched_lowrank_bf16_mask,32,3,0.8193722324787432,0.0019841415244079,-0.021751287044644,bf16_merged_minus_base,saved_merged_bf16,serialized_bf16_deployed_merged_checkpoint,cdeca6d5920cc84aa8f36e800f7c7b9b5835107ee834fde42d21b487dccffa0e,705339bb63fcbd8bc35d04f72ee77cd866b954f900db338810efd781b7d823a3
llama,llama3_2_3b,opd,40,40,14,mlp.gate_proj,16,0.01,251658,13141457,25165824,0.5221945842107137,79923,0.006081745730325,0.6081751530335265,rank32_norm_matched_lowrank_bf16_mask,32,3,0.6341432488530413,0.0032963093298859,-0.0259680958195147,bf16_merged_minus_base,saved_merged_bf16,serialized_bf16_deployed_merged_checkpoint,cdeca6d5920cc84aa8f36e800f7c7b9b5835107ee834fde42d21b487dccffa0e,b230827e007229fec8ebe097743da044a5ecc2d487d2202497d368954b2d758e
llama,llama3_2_3b,opd,40,40,14,mlp.gate_proj,16,0.1,2516582,13141457,25165824,0.5221945842107137,1163857,0.0885637718861767,0.8856378596301137,rank32_norm_matched_lowrank_bf16_mask,32,3,0.90215553998051,0.0005603373225614,-0.0165176803503964,bf16_merged_minus_base,saved_merged_bf16,serialized_bf16_deployed_merged_checkpoint,cdeca6d5920cc84aa8f36e800f7c7b9b5835107ee834fde42d21b487dccffa0e,b230827e007229fec8ebe097743da044a5ecc2d487d2202497d368954b2d758e
llama,llama3_2_3b,opd,40,40,14,mlp.gate_proj,32,0.01,251658,13141457,25165824,0.5221945842107137,71164,0.0054152290723928,0.5415234236762619,rank32_norm_matched_lowrank_bf16_mask,32,3,0.5672559296364138,0.0029078478684912,-0.0257325059601518,bf16_merged_minus_base,saved_merged_bf16,serialized_bf16_deployed_merged_checkpoint,cdeca6d5920cc84aa8f36e800f7c7b9b5835107ee834fde42d21b487dccffa0e,b230827e007229fec8ebe097743da044a5ecc2d487d2202497d368954b2d758e
llama,llama3_2_3b,opd,40,40,14,mlp.gate_proj,32,0.1,2516582,13141457,25165824,0.5221945842107137,1124817,0.085593020621686,0.8559303422633241,rank32_norm_matched_lowrank_bf16_mask,32,3,0.8732546144085608,0.0003673482593574,-0.0173242721452366,bf16_merged_minus_base,saved_merged_bf16,serialized_bf16_deployed_merged_checkpoint,cdeca6d5920cc84aa8f36e800f7c7b9b5835107ee834fde42d21b487dccffa0e,b230827e007229fec8ebe097743da044a5ecc2d487d2202497d368954b2d758e
llama,llama3_2_3b,opd,40,40,14,mlp.gate_proj,50,0.01,251658,13141457,25165824,0.5221945842107137,64016,0.0048713015611587,0.4871306206798322,rank32_norm_matched_lowrank_bf16_mask,32,3,0.5119693142015492,0.0026664188395881,-0.0248386935217169,bf16_merged_minus_base,saved_merged_bf16,serialized_bf16_deployed_merged_checkpoint,cdeca6d5920cc84aa8f36e800f7c7b9b5835107ee834fde42d21b487dccffa0e,b230827e007229fec8ebe097743da044a5ecc2d487d2202497d368954b2d758e
llama,llama3_2_3b,opd,40,40,14,mlp.gate_proj,50,0.1,2516582,13141457,25165824,0.5221945842107137,1091872,0.0830860687669563,0.8308608197313343,rank32_norm_matched_lowrank_bf16_mask,32,3,0.8494402159699449,0.0002532903508936,-0.0185793962386106,bf16_merged_minus_base,saved_merged_bf16,serialized_bf16_deployed_merged_checkpoint,cdeca6d5920cc84aa8f36e800f7c7b9b5835107ee834fde42d21b487dccffa0e,b230827e007229fec8ebe097743da044a5ecc2d487d2202497d368954b2d758e
llama,llama3_2_3b,opd,80,80,14,mlp.gate_proj,16,0.01,251658,15026987,25165824,0.5971188147862753,100625,0.0066962858223009,0.6696292208382799,rank32_norm_matched_lowrank_bf16_mask,32,3,0.6843832460770445,0.0024681733248444,-0.0147540252387645,bf16_merged_minus_base,saved_merged_bf16,serialized_bf16_deployed_merged_checkpoint,cdeca6d5920cc84aa8f36e800f7c7b9b5835107ee834fde42d21b487dccffa0e,df1aaccd0a901ceb356e2cc337b1ead8d56c0653fd20e4e17f7f32bcb827b7c5
llama,llama3_2_3b,opd,80,80,14,mlp.gate_proj,16,0.1,2516582,15026987,25165824,0.5971188147862753,1360146,0.0905135540477941,0.905135684345384,rank32_norm_matched_lowrank_bf16_mask,32,3,0.9186591051541128,0.0006239449602975,-0.0135234208087289,bf16_merged_minus_base,saved_merged_bf16,serialized_bf16_deployed_merged_checkpoint,cdeca6d5920cc84aa8f36e800f7c7b9b5835107ee834fde42d21b487dccffa0e,df1aaccd0a901ceb356e2cc337b1ead8d56c0653fd20e4e17f7f32bcb827b7c5
llama,llama3_2_3b,opd,80,80,14,mlp.gate_proj,32,0.01,251658,15026987,25165824,0.5971188147862753,91174,0.0060673506937884,0.6067356480070493,rank32_norm_matched_lowrank_bf16_mask,32,3,0.6230986150812788,0.0026350493352789,-0.0163629670742295,bf16_merged_minus_base,saved_merged_bf16,serialized_bf16_deployed_merged_checkpoint,cdeca6d5920cc84aa8f36e800f7c7b9b5835107ee834fde42d21b487dccffa0e,df1aaccd0a901ceb356e2cc337b1ead8d56c0653fd20e4e17f7f32bcb827b7c5
llama,llama3_2_3b,opd,80,80,14,mlp.gate_proj,32,0.1,2516582,15026987,25165824,0.5971188147862753,1322103,0.0879819088151204,0.8798192279947044,rank32_norm_matched_lowrank_bf16_mask,32,3,0.8949171127680627,0.0006364763116863,-0.0150978847733583,bf16_merged_minus_base,saved_merged_bf16,serialized_bf16_deployed_merged_checkpoint,cdeca6d5920cc84aa8f36e800f7c7b9b5835107ee834fde42d21b487dccffa0e,df1aaccd0a901ceb356e2cc337b1ead8d56c0653fd20e4e17f7f32bcb827b7c5
llama,llama3_2_3b,opd,80,80,14,mlp.gate_proj,50,0.01,251658,15026987,25165824,0.5971188147862753,83251,0.0055400992893651,0.5540104572820634,rank32_norm_matched_lowrank_bf16_mask,32,3,0.5726723918900746,0.0038164108507024,-0.0186619346080111,bf16_merged_minus_base,saved_merged_bf16,serialized_bf16_deployed_merged_checkpoint,cdeca6d5920cc84aa8f36e800f7c7b9b5835107ee834fde42d21b487dccffa0e,df1aaccd0a901ceb356e2cc337b1ead8d56c0653fd20e4e17f7f32bcb827b7c5
llama,llama3_2_3b,opd,80,80,14,mlp.gate_proj,50,0.1,2516582,15026987,25165824,0.5971188147862753,1289683,0.0858244570252173,0.8582447066664959,rank32_norm_matched_lowrank_bf16_mask,32,3,0.8749573878602582,0.0004225366617806,-0.0167126811937623,bf16_merged_minus_base,saved_merged_bf16,serialized_bf16_deployed_merged_checkpoint,cdeca6d5920cc84aa8f36e800f7c7b9b5835107ee834fde42d21b487dccffa0e,df1aaccd0a901ceb356e2cc337b1ead8d56c0653fd20e4e17f7f32bcb827b7c5
llama,llama3_2_3b,opd,160,160,14,mlp.gate_proj,16,0.01,251658,17666252,25165824,0.7019937833150228,135017,0.0076426510841122,0.7642658372719238,rank32_norm_matched_lowrank_bf16_mask,32,3,0.7672918320023568,0.0049740228600904,-0.003025994730433,bf16_merged_minus_base,saved_merged_bf16,serialized_bf16_deployed_merged_checkpoint,cdeca6d5920cc84aa8f36e800f7c7b9b5835107ee834fde42d21b487dccffa0e,48cc0180f5f0e79210c482649a6c720d47f5ff1e08d562ca5c880c300bce98b9
llama,llama3_2_3b,opd,160,160,14,mlp.gate_proj,16,0.1,2516582,17666252,25165824,0.7019937833150228,1647654,0.093265623064813,0.9326563788898696,rank32_norm_matched_lowrank_bf16_mask,32,3,0.942483360537974,0.0015104243360932,-0.0098269816481041,bf16_merged_minus_base,saved_merged_bf16,serialized_bf16_deployed_merged_checkpoint,cdeca6d5920cc84aa8f36e800f7c7b9b5835107ee834fde42d21b487dccffa0e,48cc0180f5f0e79210c482649a6c720d47f5ff1e08d562ca5c880c300bce98b9
llama,llama3_2_3b,opd,160,160,14,mlp.gate_proj,32,0.01,251658,17666252,25165824,0.7019937833150228,124874,0.0070685055324694,0.7068512273528089,rank32_norm_matched_lowrank_bf16_mask,32,3,0.7203412520743173,0.0032228054419803,-0.0134900247215083,bf16_merged_minus_base,saved_merged_bf16,serialized_bf16_deployed_merged_checkpoint,cdeca6d5920cc84aa8f36e800f7c7b9b5835107ee834fde42d21b487dccffa0e,48cc0180f5f0e79210c482649a6c720d47f5ff1e08d562ca5c880c300bce98b9
llama,llama3_2_3b,opd,160,160,14,mlp.gate_proj,32,0.1,2516582,17666252,25165824,0.7019937833150228,1614328,0.0913792014288033,0.9137921595313856,rank32_norm_matched_lowrank_bf16_mask,32,3,0.9261692626712508,0.0011126773179137,-0.012377103139865,bf16_merged_minus_base,saved_merged_bf16,serialized_bf16_deployed_merged_checkpoint,cdeca6d5920cc84aa8f36e800f7c7b9b5835107ee834fde42d21b487dccffa0e,48cc0180f5f0e79210c482649a6c720d47f5ff1e08d562ca5c880c300bce98b9
llama,llama3_2_3b,opd,160,160,14,mlp.gate_proj,50,0.01,251658,17666252,25165824,0.7019937833150228,116085,0.0065710032892092,0.6571009555812325,rank32_norm_matched_lowrank_bf16_mask,32,3,0.6784566503216641,0.0019098348358633,-0.0213556947404316,bf16_merged_minus_base,saved_merged_bf16,serialized_bf16_deployed_merged_checkpoint,cdeca6d5920cc84aa8f36e800f7c7b9b5835107ee834fde42d21b487dccffa0e,48cc0180f5f0e79210c482649a6c720d47f5ff1e08d562ca5c880c300bce98b9
llama,llama3_2_3b,opd,160,160,14,mlp.gate_proj,50,0.1,2516582,17666252,25165824,0.7019937833150228,1585006,0.0897194266220135,0.8971944088253462,rank32_norm_matched_lowrank_bf16_mask,32,3,0.9126833031558792,0.0008913240374285,-0.0154888943305331,bf16_merged_minus_base,saved_merged_bf16,serialized_bf16_deployed_merged_checkpoint,cdeca6d5920cc84aa8f36e800f7c7b9b5835107ee834fde42d21b487dccffa0e,48cc0180f5f0e79210c482649a6c720d47f5ff1e08d562ca5c880c300bce98b9
llama,llama3_2_3b,opd,320,320,14,mlp.gate_proj,16,0.01,251658,19840515,25165824,0.7883912324905396,166057,0.008369591212728,0.8369599194599887,rank32_norm_matched_lowrank_bf16_mask,32,3,0.8389234837581959,0.0017324777237608,-0.0019635642982072,bf16_merged_minus_base,saved_merged_bf16,serialized_bf16_deployed_merged_checkpoint,cdeca6d5920cc84aa8f36e800f7c7b9b5835107ee834fde42d21b487dccffa0e,da0ac4c407b85a5260f1e94322bd9020c694e48b22ebc49d3306985bed4ec907
llama,llama3_2_3b,opd,320,320,14,mlp.gate_proj,16,0.1,2516582,19840515,25165824,0.7883912324905396,1896188,0.0955715111225691,0.9557152631325416,rank32_norm_matched_lowrank_bf16_mask,32,3,0.9609631402923484,0.0004192018218095,-0.0052478771598067,bf16_merged_minus_base,saved_merged_bf16,serialized_bf16_deployed_merged_checkpoint,cdeca6d5920cc84aa8f36e800f7c7b9b5835107ee834fde42d21b487dccffa0e,da0ac4c407b85a5260f1e94322bd9020c694e48b22ebc49d3306985bed4ec907
llama,llama3_2_3b,opd,320,320,14,mlp.gate_proj,32,0.01,251658,19840515,25165824,0.7883912324905396,157067,0.007916477974488,0.7916485524236982,rank32_norm_matched_lowrank_bf16_mask,32,3,0.8055552584022067,0.0009549831398475,-0.0139067059785084,bf16_merged_minus_base,saved_merged_bf16,serialized_bf16_deployed_merged_checkpoint,cdeca6d5920cc84aa8f36e800f7c7b9b5835107ee834fde42d21b487dccffa0e,da0ac4c407b85a5260f1e94322bd9020c694e48b22ebc49d3306985bed4ec907
llama,llama3_2_3b,opd,320,320,14,mlp.gate_proj,32,0.1,2516582,19840515,25165824,0.7883912324905396,1870101,0.0942566763009932,0.942566912826908,rank32_norm_matched_lowrank_bf16_mask,32,3,0.950988192737624,0.0002240152442285,-0.0084212799107159,bf16_merged_minus_base,saved_merged_bf16,serialized_bf16_deployed_merged_checkpoint,cdeca6d5920cc84aa8f36e800f7c7b9b5835107ee834fde42d21b487dccffa0e,da0ac4c407b85a5260f1e94322bd9020c694e48b22ebc49d3306985bed4ec907
llama,llama3_2_3b,opd,320,320,14,mlp.gate_proj,50,0.01,251658,19840515,25165824,0.7883912324905396,148664,0.0074929506618149,0.7492957807656393,rank32_norm_matched_lowrank_bf16_mask,32,3,0.7747854456702314,0.000773200239375,-0.0254896649045921,bf16_merged_minus_base,saved_merged_bf16,serialized_bf16_deployed_merged_checkpoint,cdeca6d5920cc84aa8f36e800f7c7b9b5835107ee834fde42d21b487dccffa0e,da0ac4c407b85a5260f1e94322bd9020c694e48b22ebc49d3306985bed4ec907
llama,llama3_2_3b,opd,320,320,14,mlp.gate_proj,50,0.1,2516582,19840515,25165824,0.7883912324905396,1845428,0.0930131097907488,0.9301312457478688,rank32_norm_matched_lowrank_bf16_mask,32,3,0.9421022743269496,0.000328038525825,-0.0119710285790809,bf16_merged_minus_base,saved_merged_bf16,serialized_bf16_deployed_merged_checkpoint,cdeca6d5920cc84aa8f36e800f7c7b9b5835107ee834fde42d21b487dccffa0e,da0ac4c407b85a5260f1e94322bd9020c694e48b22ebc49d3306985bed4ec907
llama,llama3_2_3b,sft,5,5,14,mlp.gate_proj,16,0.01,251658,6075652,25165824,0.2414247194925944,28652,0.0047158724693251,0.4715876966735845,rank32_norm_matched_lowrank_bf16_mask,32,3,0.4438535244164311,0.0014778130467876,0.0277341722571533,bf16_merged_minus_base,saved_merged_bf16,serialized_bf16_deployed_merged_checkpoint,cdeca6d5920cc84aa8f36e800f7c7b9b5835107ee834fde42d21b487dccffa0e,2855a2acffe94f9f0a03593680cc46790ce61ae2371c73791c80226b39495b7e
llama,llama3_2_3b,sft,5,5,14,mlp.gate_proj,16,0.1,2516582,6075652,25165824,0.2414247194925944,514451,0.0846742045133592,0.8467421797196371,rank32_norm_matched_lowrank_bf16_mask,32,3,0.8413820737074474,0.0040753042274106,0.0053601060121896,bf16_merged_minus_base,saved_merged_bf16,serialized_bf16_deployed_merged_checkpoint,cdeca6d5920cc84aa8f36e800f7c7b9b5835107ee834fde42d21b487dccffa0e,2855a2acffe94f9f0a03593680cc46790ce61ae2371c73791c80226b39495b7e
llama,llama3_2_3b,sft,5,5,14,mlp.gate_proj,32,0.01,251658,6075652,25165824,0.2414247194925944,23816,0.0039199085135224,0.3919912251842136,rank32_norm_matched_lowrank_bf16_mask,32,3,0.3676872131659079,0.0014974005347142,0.0243040120183057,bf16_merged_minus_base,saved_merged_bf16,serialized_bf16_deployed_merged_checkpoint,cdeca6d5920cc84aa8f36e800f7c7b9b5835107ee834fde42d21b487dccffa0e,2855a2acffe94f9f0a03593680cc46790ce61ae2371c73791c80226b39495b7e
llama,llama3_2_3b,sft,5,5,14,mlp.gate_proj,32,0.1,2516582,6075652,25165824,0.2414247194925944,484409,0.0797295500137269,0.7972956268639961,rank32_norm_matched_lowrank_bf16_mask,32,3,0.7920818182919356,0.00251070961432,0.0052138085720605,bf16_merged_minus_base,saved_merged_bf16,serialized_bf16_deployed_merged_checkpoint,cdeca6d5920cc84aa8f36e800f7c7b9b5835107ee834fde42d21b487dccffa0e,2855a2acffe94f9f0a03593680cc46790ce61ae2371c73791c80226b39495b7e
llama,llama3_2_3b,sft,5,5,14,mlp.gate_proj,50,0.01,251658,6075652,25165824,0.2414247194925944,20489,0.0033723129632836,0.3372316179374938,rank32_norm_matched_lowrank_bf16_mask,32,3,0.3163955058286072,0.0013847608657891,0.0208361121088866,bf16_merged_minus_base,saved_merged_bf16,serialized_bf16_deployed_merged_checkpoint,cdeca6d5920cc84aa8f36e800f7c7b9b5835107ee834fde42d21b487dccffa0e,2855a2acffe94f9f0a03593680cc46790ce61ae2371c73791c80226b39495b7e
llama,llama3_2_3b,sft,5,5,14,mlp.gate_proj,50,0.1,2516582,6075652,25165824,0.2414247194925944,460531,0.0757994368341044,0.7579944888210232,rank32_norm_matched_lowrank_bf16_mask,32,3,0.7521735294186489,0.0021124912584526,0.0058209594023742,bf16_merged_minus_base,saved_merged_bf16,serialized_bf16_deployed_merged_checkpoint,cdeca6d5920cc84aa8f36e800f7c7b9b5835107ee834fde42d21b487dccffa0e,2855a2acffe94f9f0a03593680cc46790ce61ae2371c73791c80226b39495b7e
llama,llama3_2_3b,sft,20,20,14,mlp.gate_proj,16,0.01,251658,12724239,25165824,0.5056158304214478,80262,0.0063078035550888,0.6307809570684815,rank32_norm_matched_lowrank_bf16_mask,32,3,0.6212487431712154,0.0019454491579185,0.0095322138972661,bf16_merged_minus_base,saved_merged_bf16,serialized_bf16_deployed_merged_checkpoint,cdeca6d5920cc84aa8f36e800f7c7b9b5835107ee834fde42d21b487dccffa0e,4ec8d2502f6c02ff40af23379e1288700347d525a237c51a3fd8a9ea400dcd9b
llama,llama3_2_3b,sft,20,20,14,mlp.gate_proj,16,0.1,2516582,12724239,25165824,0.5056158304214478,1137067,0.089362279347315,0.8936229355106903,rank32_norm_matched_lowrank_bf16_mask,32,3,0.8995005119196228,0.0005222518291474,-0.0058775764089324,bf16_merged_minus_base,saved_merged_bf16,serialized_bf16_deployed_merged_checkpoint,cdeca6d5920cc84aa8f36e800f7c7b9b5835107ee834fde42d21b487dccffa0e,4ec8d2502f6c02ff40af23379e1288700347d525a237c51a3fd8a9ea400dcd9b
llama,llama3_2_3b,sft,20,20,14,mlp.gate_proj,32,0.01,251658,12724239,25165824,0.5056158304214478,70741,0.0055595466259318,0.5559551927933698,rank32_norm_matched_lowrank_bf16_mask,32,3,0.5502985531481664,0.0013414841608165,0.0056566396452033,bf16_merged_minus_base,saved_merged_bf16,serialized_bf16_deployed_merged_checkpoint,cdeca6d5920cc84aa8f36e800f7c7b9b5835107ee834fde42d21b487dccffa0e,4ec8d2502f6c02ff40af23379e1288700347d525a237c51a3fd8a9ea400dcd9b
llama,llama3_2_3b,sft,20,20,14,mlp.gate_proj,32,0.1,2516582,12724239,25165824,0.5056158304214478,1095896,0.086126643801645,0.8612665749110857,rank32_norm_matched_lowrank_bf16_mask,32,3,0.8682783980110665,0.0006121082061445,-0.0070118230999808,bf16_merged_minus_base,saved_merged_bf16,serialized_bf16_deployed_merged_checkpoint,cdeca6d5920cc84aa8f36e800f7c7b9b5835107ee834fde42d21b487dccffa0e,4ec8d2502f6c02ff40af23379e1288700347d525a237c51a3fd8a9ea400dcd9b
llama,llama3_2_3b,sft,20,20,14,mlp.gate_proj,50,0.01,251658,12724239,25165824,0.5056158304214478,63224,0.0049687843807397,0.496878911934635,rank32_norm_matched_lowrank_bf16_mask,32,3,0.4944088623042156,0.0015158624302593,0.0024700496304194,bf16_merged_minus_base,saved_merged_bf16,serialized_bf16_deployed_merged_checkpoint,cdeca6d5920cc84aa8f36e800f7c7b9b5835107ee834fde42d21b487dccffa0e,4ec8d2502f6c02ff40af23379e1288700347d525a237c51a3fd8a9ea400dcd9b
llama,llama3_2_3b,sft,20,20,14,mlp.gate_proj,50,0.1,2516582,12724239,25165824,0.5056158304214478,1060695,0.0833601915210803,0.8336020477082807,rank32_norm_matched_lowrank_bf16_mask,32,3,0.842766751261046,0.0004877134580986,-0.0091647035527653,bf16_merged_minus_base,saved_merged_bf16,serialized_bf16_deployed_merged_checkpoint,cdeca6d5920cc84aa8f36e800f7c7b9b5835107ee834fde42d21b487dccffa0e,4ec8d2502f6c02ff40af23379e1288700347d525a237c51a3fd8a9ea400dcd9b
llama,llama3_2_3b,sft,40,40,14,mlp.gate_proj,16,0.01,251658,16315028,25165824,0.6483009656270345,121184,0.0074277531120387,0.7427760195702917,rank32_norm_matched_lowrank_bf16_mask,32,3,0.7198125887841859,0.0012200318415016,0.0229634307861058,bf16_merged_minus_base,saved_merged_bf16,serialized_bf16_deployed_merged_checkpoint,cdeca6d5920cc84aa8f36e800f7c7b9b5835107ee834fde42d21b487dccffa0e,db1d79fe1594f3687f194938b92468fbb443fc1eac12221858063fa7e6ddd1fd
llama,llama3_2_3b,sft,40,40,14,mlp.gate_proj,16,0.1,2516582,16315028,25165824,0.6483009656270345,1510884,0.0926068897951017,0.9260690451457284,rank32_norm_matched_lowrank_bf16_mask,32,3,0.9286905459711088,0.0008965607958854,-0.0026215008253801,bf16_merged_minus_base,saved_merged_bf16,serialized_bf16_deployed_merged_checkpoint,cdeca6d5920cc84aa8f36e800f7c7b9b5835107ee834fde42d21b487dccffa0e,db1d79fe1594f3687f194938b92468fbb443fc1eac12221858063fa7e6ddd1fd
llama,llama3_2_3b,sft,40,40,14,mlp.gate_proj,32,0.01,251658,16315028,25165824,0.6483009656270345,110511,0.0067735709678218,0.6773577427608637,rank32_norm_matched_lowrank_bf16_mask,32,3,0.6651477312296165,0.0022732810896365,0.0122100115312472,bf16_merged_minus_base,saved_merged_bf16,serialized_bf16_deployed_merged_checkpoint,cdeca6d5920cc84aa8f36e800f7c7b9b5835107ee834fde42d21b487dccffa0e,db1d79fe1594f3687f194938b92468fbb443fc1eac12221858063fa7e6ddd1fd
llama,llama3_2_3b,sft,40,40,14,mlp.gate_proj,32,0.1,2516582,16315028,25165824,0.6483009656270345,1472753,0.0902697194267763,0.9026973377476412,rank32_norm_matched_lowrank_bf16_mask,32,3,0.9079483848109694,0.0009013426900742,-0.0052510470633282,bf16_merged_minus_base,saved_merged_bf16,serialized_bf16_deployed_merged_checkpoint,cdeca6d5920cc84aa8f36e800f7c7b9b5835107ee834fde42d21b487dccffa0e,db1d79fe1594f3687f194938b92468fbb443fc1eac12221858063fa7e6ddd1fd
llama,llama3_2_3b,sft,40,40,14,mlp.gate_proj,50,0.01,251658,16315028,25165824,0.6483009656270345,101471,0.0062194805917587,0.6219486523123273,rank32_norm_matched_lowrank_bf16_mask,32,3,0.6183260483422554,0.0019987989399641,0.0036226039700719,bf16_merged_minus_base,saved_merged_bf16,serialized_bf16_deployed_merged_checkpoint,cdeca6d5920cc84aa8f36e800f7c7b9b5835107ee834fde42d21b487dccffa0e,db1d79fe1594f3687f194938b92468fbb443fc1eac12221858063fa7e6ddd1fd
llama,llama3_2_3b,sft,40,40,14,mlp.gate_proj,50,0.1,2516582,16315028,25165824,0.6483009656270345,1440692,0.0883045986804313,0.8830461271607151,rank32_norm_matched_lowrank_bf16_mask,32,3,0.8905948455634948,0.0006790611328994,-0.0075487184027797,bf16_merged_minus_base,saved_merged_bf16,serialized_bf16_deployed_merged_checkpoint,cdeca6d5920cc84aa8f36e800f7c7b9b5835107ee834fde42d21b487dccffa0e,db1d79fe1594f3687f194938b92468fbb443fc1eac12221858063fa7e6ddd1fd
llama,llama3_2_3b,sft,80,80,14,mlp.gate_proj,16,0.01,251658,19191423,25165824,0.7625986337661743,162171,0.0084501811043402,0.8450189163068578,rank32_norm_matched_lowrank_bf16_mask,32,3,0.8164028589618745,0.0024086631225202,0.0286160573449832,bf16_merged_minus_base,saved_merged_bf16,serialized_bf16_deployed_merged_checkpoint,cdeca6d5920cc84aa8f36e800f7c7b9b5835107ee834fde42d21b487dccffa0e,271ddb58133eb4a5644b3a294f1a954454fa12427ab50e1717bc759234ec369e
llama,llama3_2_3b,sft,80,80,14,mlp.gate_proj,16,0.1,2516582,19191423,25165824,0.7625986337661743,1835352,0.0956339714882007,0.9563398668881355,rank32_norm_matched_lowrank_bf16_mask,32,3,0.9545430614651224,0.0001224969028671,0.001796805423013,bf16_merged_minus_base,saved_merged_bf16,serialized_bf16_deployed_merged_checkpoint,cdeca6d5920cc84aa8f36e800f7c7b9b5835107ee834fde42d21b487dccffa0e,271ddb58133eb4a5644b3a294f1a954454fa12427ab50e1717bc759234ec369e
llama,llama3_2_3b,sft,80,80,14,mlp.gate_proj,32,0.01,251658,19191423,25165824,0.7625986337661743,152671,0.0079551683061751,0.795517589282204,rank32_norm_matched_lowrank_bf16_mask,32,3,0.7776769753420867,0.0018520388640427,0.0178406139401172,bf16_merged_minus_base,saved_merged_bf16,serialized_bf16_deployed_merged_checkpoint,cdeca6d5920cc84aa8f36e800f7c7b9b5835107ee834fde42d21b487dccffa0e,271ddb58133eb4a5644b3a294f1a954454fa12427ab50e1717bc759234ec369e
llama,llama3_2_3b,sft,80,80,14,mlp.gate_proj,32,0.1,2516582,19191423,25165824,0.7625986337661743,1806050,0.0941071435922182,0.9410715855014828,rank32_norm_matched_lowrank_bf16_mask,32,3,0.9421527094311732,0.0002210848581973,-0.0010811239296903,bf16_merged_minus_base,saved_merged_bf16,serialized_bf16_deployed_merged_checkpoint,cdeca6d5920cc84aa8f36e800f7c7b9b5835107ee834fde42d21b487dccffa0e,271ddb58133eb4a5644b3a294f1a954454fa12427ab50e1717bc759234ec369e
llama,llama3_2_3b,sft,80,80,14,mlp.gate_proj,50,0.01,251658,19191423,25165824,0.7625986337661743,144048,0.0075058530052721,0.750586016341826,rank32_norm_matched_lowrank_bf16_mask,32,3,0.7417318112062338,0.0017153350528147,0.0088542051355922,bf16_merged_minus_base,saved_merged_bf16,serialized_bf16_deployed_merged_checkpoint,cdeca6d5920cc84aa8f36e800f7c7b9b5835107ee834fde42d21b487dccffa0e,271ddb58133eb4a5644b3a294f1a954454fa12427ab50e1717bc759234ec369e
llama,llama3_2_3b,sft,80,80,14,mlp.gate_proj,50,0.1,2516582,19191423,25165824,0.7625986337661743,1779939,0.0927465878898089,0.9274660263148438,rank32_norm_matched_lowrank_bf16_mask,32,3,0.9318610779276408,0.0001309960902899,-0.004395051612797,bf16_merged_minus_base,saved_merged_bf16,serialized_bf16_deployed_merged_checkpoint,cdeca6d5920cc84aa8f36e800f7c7b9b5835107ee834fde42d21b487dccffa0e,271ddb58133eb4a5644b3a294f1a954454fa12427ab50e1717bc759234ec369e
llama,llama3_2_3b,sft,160,160,14,mlp.gate_proj,16,0.01,251658,20965168,25165824,0.8330809275309244,187437,0.0089404005729884,0.8940409099227028,rank32_norm_matched_lowrank_bf16_mask,32,3,0.8764662067628741,0.0011137271964143,0.0175747031598286,bf16_merged_minus_base,saved_merged_bf16,serialized_bf16_deployed_merged_checkpoint,cdeca6d5920cc84aa8f36e800f7c7b9b5835107ee834fde42d21b487dccffa0e,57d9f6586fc5f81c2daeadc609cef55a009ff94ebac2cde29bdbc171208171a7
llama,llama3_2_3b,sft,160,160,14,mlp.gate_proj,16,0.1,2516582,20965168,25165824,0.8330809275309244,2039363,0.0972738687331291,0.9727388419439666,rank32_norm_matched_lowrank_bf16_mask,32,3,0.9709101661487266,6.438678241244442e-05,0.00182867579524,bf16_merged_minus_base,saved_merged_bf16,serialized_bf16_deployed_merged_checkpoint,cdeca6d5920cc84aa8f36e800f7c7b9b5835107ee834fde42d21b487dccffa0e,57d9f6586fc5f81c2daeadc609cef55a009ff94ebac2cde29bdbc171208171a7
llama,llama3_2_3b,sft,160,160,14,mlp.gate_proj,32,0.01,251658,20965168,25165824,0.8330809275309244,180348,0.0086022682956797,0.8602276499449928,rank32_norm_matched_lowrank_bf16_mask,32,3,0.8500405587803629,0.0009018942536029,0.0101870911646299,bf16_merged_minus_base,saved_merged_bf16,serialized_bf16_deployed_merged_checkpoint,cdeca6d5920cc84aa8f36e800f7c7b9b5835107ee834fde42d21b487dccffa0e,57d9f6586fc5f81c2daeadc609cef55a009ff94ebac2cde29bdbc171208171a7
llama,llama3_2_3b,sft,160,160,14,mlp.gate_proj,32,0.1,2516582,20965168,25165824,0.8330809275309244,2018403,0.0962741152372354,0.9627413053959634,rank32_norm_matched_lowrank_bf16_mask,32,3,0.9626986385740358,4.071660272774487e-05,4.266682192755056e-05,bf16_merged_minus_base,saved_merged_bf16,serialized_bf16_deployed_merged_checkpoint,cdeca6d5920cc84aa8f36e800f7c7b9b5835107ee834fde42d21b487dccffa0e,57d9f6586fc5f81c2daeadc609cef55a009ff94ebac2cde29bdbc171208171a7
llama,llama3_2_3b,sft,160,160,14,mlp.gate_proj,50,0.01,251658,20965168,25165824,0.8330809275309244,173182,0.0082604632598221,0.8260471137621362,rank32_norm_matched_lowrank_bf16_mask,32,3,0.8247455494046951,0.0016569521160874,0.0013015643574411,bf16_merged_minus_base,saved_merged_bf16,serialized_bf16_deployed_merged_checkpoint,cdeca6d5920cc84aa8f36e800f7c7b9b5835107ee834fde42d21b487dccffa0e,57d9f6586fc5f81c2daeadc609cef55a009ff94ebac2cde29bdbc171208171a7
llama,llama3_2_3b,sft,160,160,14,mlp.gate_proj,50,0.1,2516582,20965168,25165824,0.8330809275309244,1998494,0.0953244925106252,0.953245076620477,rank32_norm_matched_lowrank_bf16_mask,32,3,0.9559624634634546,0.0002074372711955,-0.0027173868429776,bf16_merged_minus_base,saved_merged_bf16,serialized_bf16_deployed_merged_checkpoint,cdeca6d5920cc84aa8f36e800f7c7b9b5835107ee834fde42d21b487dccffa0e,57d9f6586fc5f81c2daeadc609cef55a009ff94ebac2cde29bdbc171208171a7
llama,llama3_2_3b,sft,320,320,14,mlp.gate_proj,16,0.01,251658,22047936,25165824,0.8761062622070312,202780,0.0091972327931285,0.9197241564301634,rank32_norm_matched_lowrank_bf16_mask,32,3,0.9096734190723308,0.002138379716573,0.0100507373578326,bf16_merged_minus_base,saved_merged_bf16,serialized_bf16_deployed_merged_checkpoint,cdeca6d5920cc84aa8f36e800f7c7b9b5835107ee834fde42d21b487dccffa0e,f65d769160483a68b5df4258a474a3e1067167c93ccd5616dc633fde2725d09b
llama,llama3_2_3b,sft,320,320,14,mlp.gate_proj,16,0.1,2516582,22047936,25165824,0.8761062622070312,2163753,0.0981385740597215,0.9813858965843024,rank32_norm_matched_lowrank_bf16_mask,32,3,0.9788833979875088,0.0006699433469397,0.0025024985967936,bf16_merged_minus_base,saved_merged_bf16,serialized_bf16_deployed_merged_checkpoint,cdeca6d5920cc84aa8f36e800f7c7b9b5835107ee834fde42d21b487dccffa0e,f65d769160483a68b5df4258a474a3e1067167c93ccd5616dc633fde2725d09b
llama,llama3_2_3b,sft,320,320,14,mlp.gate_proj,32,0.01,251658,22047936,25165824,0.8761062622070312,196967,0.008933579995878,0.8933588515611993,rank32_norm_matched_lowrank_bf16_mask,32,3,0.8895597867873475,0.0017580502003147,0.0037990647738518,bf16_merged_minus_base,saved_merged_bf16,serialized_bf16_deployed_merged_checkpoint,cdeca6d5920cc84aa8f36e800f7c7b9b5835107ee834fde42d21b487dccffa0e,f65d769160483a68b5df4258a474a3e1067167c93ccd5616dc633fde2725d09b
llama,llama3_2_3b,sft,320,320,14,mlp.gate_proj,32,0.1,2516582,22047936,25165824,0.8761062622070312,2148424,0.0974433162360413,0.974433317242418,rank32_norm_matched_lowrank_bf16_mask,32,3,0.973095433979336,0.0005468412272797,0.0013378832630819,bf16_merged_minus_base,saved_merged_bf16,serialized_bf16_deployed_merged_checkpoint,cdeca6d5920cc84aa8f36e800f7c7b9b5835107ee834fde42d21b487dccffa0e,f65d769160483a68b5df4258a474a3e1067167c93ccd5616dc633fde2725d09b
llama,llama3_2_3b,sft,320,320,14,mlp.gate_proj,50,0.01,251658,22047936,25165824,0.8761062622070312,190918,0.0086592232488338,0.8659231506920502,rank32_norm_matched_lowrank_bf16_mask,32,3,0.8709085468212975,0.0012928588288576,-0.0049853961292473,bf16_merged_minus_base,saved_merged_bf16,serialized_bf16_deployed_merged_checkpoint,cdeca6d5920cc84aa8f36e800f7c7b9b5835107ee834fde42d21b487dccffa0e,f65d769160483a68b5df4258a474a3e1067167c93ccd5616dc633fde2725d09b
llama,llama3_2_3b,sft,320,320,14,mlp.gate_proj,50,0.1,2516582,22047936,25165824,0.8761062622070312,2132378,0.0967155383615046,0.9671555373402796,rank32_norm_matched_lowrank_bf16_mask,32,3,0.9680986242749496,0.0003439157465978,-0.00094308693467,bf16_merged_minus_base,saved_merged_bf16,serialized_bf16_deployed_merged_checkpoint,cdeca6d5920cc84aa8f36e800f7c7b9b5835107ee834fde42d21b487dccffa0e,f65d769160483a68b5df4258a474a3e1067167c93ccd5616dc633fde2725d09b
llama,llama3_2_3b,offkd,5,5,14,mlp.gate_proj,16,0.01,251658,5345368,25165824,0.2124058405558268,24411,0.0045667576114497,0.456676196665336,rank32_norm_matched_lowrank_bf16_mask,32,3,0.4330607253897784,0.0020589320472773,0.0236154712755576,bf16_merged_minus_base,saved_merged_bf16,serialized_bf16_deployed_merged_checkpoint,cdeca6d5920cc84aa8f36e800f7c7b9b5835107ee834fde42d21b487dccffa0e,46bbf8f9348fc92ec7e01a82e2da0c40e57b95eb7594b7eaf5509de468ea3780
llama,llama3_2_3b,offkd,5,5,14,mlp.gate_proj,16,0.1,2516582,5345368,25165824,0.2124058405558268,451375,0.0844422685210821,0.8444228194282142,rank32_norm_matched_lowrank_bf16_mask,32,3,0.8387018272451412,0.0025280664281659,0.0057209921830729,bf16_merged_minus_base,saved_merged_bf16,serialized_bf16_deployed_merged_checkpoint,cdeca6d5920cc84aa8f36e800f7c7b9b5835107ee834fde42d21b487dccffa0e,46bbf8f9348fc92ec7e01a82e2da0c40e57b95eb7594b7eaf5509de468ea3780
llama,llama3_2_3b,offkd,5,5,14,mlp.gate_proj,32,0.01,251658,5345368,25165824,0.2124058405558268,20218,0.0037823401494527,0.3782343756576856,rank32_norm_matched_lowrank_bf16_mask,32,3,0.3582292922331788,0.0032765764405916,0.0200050834245067,bf16_merged_minus_base,saved_merged_bf16,serialized_bf16_deployed_merged_checkpoint,cdeca6d5920cc84aa8f36e800f7c7b9b5835107ee834fde42d21b487dccffa0e,46bbf8f9348fc92ec7e01a82e2da0c40e57b95eb7594b7eaf5509de468ea3780
llama,llama3_2_3b,offkd,5,5,14,mlp.gate_proj,32,0.1,2516582,5345368,25165824,0.2124058405558268,424263,0.0793702136129823,0.7937022622854001,rank32_norm_matched_lowrank_bf16_mask,32,3,0.7878823258161107,0.0021508148334277,0.0058199364692893,bf16_merged_minus_base,saved_merged_bf16,serialized_bf16_deployed_merged_checkpoint,cdeca6d5920cc84aa8f36e800f7c7b9b5835107ee834fde42d21b487dccffa0e,46bbf8f9348fc92ec7e01a82e2da0c40e57b95eb7594b7eaf5509de468ea3780
llama,llama3_2_3b,offkd,5,5,14,mlp.gate_proj,50,0.01,251658,5345368,25165824,0.2124058405558268,17350,0.0032458008503811,0.3245803945820974,rank32_norm_matched_lowrank_bf16_mask,32,3,0.307092604631116,0.0022428531826266,0.0174877899509813,bf16_merged_minus_base,saved_merged_bf16,serialized_bf16_deployed_merged_checkpoint,cdeca6d5920cc84aa8f36e800f7c7b9b5835107ee834fde42d21b487dccffa0e,46bbf8f9348fc92ec7e01a82e2da0c40e57b95eb7594b7eaf5509de468ea3780
llama,llama3_2_3b,offkd,5,5,14,mlp.gate_proj,50,0.1,2516582,5345368,25165824,0.2124058405558268,402020,0.075209040799436,0.7520905275359306,rank32_norm_matched_lowrank_bf16_mask,32,3,0.7466906681479939,0.0016640215069833,0.0053998593879367,bf16_merged_minus_base,saved_merged_bf16,serialized_bf16_deployed_merged_checkpoint,cdeca6d5920cc84aa8f36e800f7c7b9b5835107ee834fde42d21b487dccffa0e,46bbf8f9348fc92ec7e01a82e2da0c40e57b95eb7594b7eaf5509de468ea3780
llama,llama3_2_3b,offkd,20,20,14,mlp.gate_proj,16,0.01,251658,10309692,25165824,0.409670352935791,58655,0.005689306722257,0.568931214800795,rank32_norm_matched_lowrank_bf16_mask,32,3,0.5452787566125623,0.0105616621760341,0.0236524581882326,bf16_merged_minus_base,saved_merged_bf16,serialized_bf16_deployed_merged_checkpoint,cdeca6d5920cc84aa8f36e800f7c7b9b5835107ee834fde42d21b487dccffa0e,86f4e38dc065f2fba82efb8f2728639bfe22ea461f8bfc41037e4ac3803403f3
llama,llama3_2_3b,offkd,20,20,14,mlp.gate_proj,16,0.1,2516582,10309692,25165824,0.409670352935791,908988,0.0881682983351976,0.8816831234917343,rank32_norm_matched_lowrank_bf16_mask,32,3,0.8754572734316328,0.0036962248827251,0.0062258500601014,bf16_merged_minus_base,saved_merged_bf16,serialized_bf16_deployed_merged_checkpoint,cdeca6d5920cc84aa8f36e800f7c7b9b5835107ee834fde42d21b487dccffa0e,86f4e38dc065f2fba82efb8f2728639bfe22ea461f8bfc41037e4ac3803403f3
llama,llama3_2_3b,offkd,20,20,14,mlp.gate_proj,32,0.01,251658,10309692,25165824,0.409670352935791,50725,0.0049201275848007,0.4920132277004573,rank32_norm_matched_lowrank_bf16_mask,32,3,0.4703493527597635,0.0089801185330908,0.0216638749406938,bf16_merged_minus_base,saved_merged_bf16,serialized_bf16_deployed_merged_checkpoint,cdeca6d5920cc84aa8f36e800f7c7b9b5835107ee834fde42d21b487dccffa0e,86f4e38dc065f2fba82efb8f2728639bfe22ea461f8bfc41037e4ac3803403f3
llama,llama3_2_3b,offkd,20,20,14,mlp.gate_proj,32,0.1,2516582,10309692,25165824,0.409670352935791,868763,0.0842666298857424,0.842666432795647,rank32_norm_matched_lowrank_bf16_mask,32,3,0.8375233492025927,0.0033394131736726,0.0051430835930542,bf16_merged_minus_base,saved_merged_bf16,serialized_bf16_deployed_merged_checkpoint,cdeca6d5920cc84aa8f36e800f7c7b9b5835107ee834fde42d21b487dccffa0e,86f4e38dc065f2fba82efb8f2728639bfe22ea461f8bfc41037e4ac3803403f3
llama,llama3_2_3b,offkd,20,20,14,mlp.gate_proj,50,0.01,251658,10309692,25165824,0.409670352935791,44789,0.004344358686952,0.4344362830059297,rank32_norm_matched_lowrank_bf16_mask,32,3,0.4136508461949494,0.0069888384793801,0.0207854368109802,bf16_merged_minus_base,saved_merged_bf16,serialized_bf16_deployed_merged_checkpoint,cdeca6d5920cc84aa8f36e800f7c7b9b5835107ee834fde42d21b487dccffa0e,86f4e38dc065f2fba82efb8f2728639bfe22ea461f8bfc41037e4ac3803403f3
llama,llama3_2_3b,offkd,20,20,14,mlp.gate_proj,50,0.1,2516582,10309692,25165824,0.409670352935791,835884,0.0810774948465967,0.8107750773351957,rank32_norm_matched_lowrank_bf16_mask,32,3,0.8067866662653111,0.0029373958789894,0.0039884110698845,bf16_merged_minus_base,saved_merged_bf16,serialized_bf16_deployed_merged_checkpoint,cdeca6d5920cc84aa8f36e800f7c7b9b5835107ee834fde42d21b487dccffa0e,86f4e38dc065f2fba82efb8f2728639bfe22ea461f8bfc41037e4ac3803403f3
llama,llama3_2_3b,offkd,40,40,14,mlp.gate_proj,16,0.01,251658,12855704,25165824,0.5108397801717123,81680,0.0063535999273163,0.6353605986587156,rank32_norm_matched_lowrank_bf16_mask,32,3,0.6220353339585972,0.003186803547133,0.0133252647001184,bf16_merged_minus_base,saved_merged_bf16,serialized_bf16_deployed_merged_checkpoint,cdeca6d5920cc84aa8f36e800f7c7b9b5835107ee834fde42d21b487dccffa0e,12c27eb9262e169d6751105aa4d110051f7f6f8f57f0c1561f35f21addb19eae
llama,llama3_2_3b,offkd,40,40,14,mlp.gate_proj,16,0.1,2516582,12855704,25165824,0.5108397801717123,1155570,0.0898877261019699,0.8988774038924154,rank32_norm_matched_lowrank_bf16_mask,32,3,0.8990651738171919,0.0006024820533708,-0.0001877699247764,bf16_merged_minus_base,saved_merged_bf16,serialized_bf16_deployed_merged_checkpoint,cdeca6d5920cc84aa8f36e800f7c7b9b5835107ee834fde42d21b487dccffa0e,12c27eb9262e169d6751105aa4d110051f7f6f8f57f0c1561f35f21addb19eae
llama,llama3_2_3b,offkd,40,40,14,mlp.gate_proj,32,0.01,251658,12855704,25165824,0.5108397801717123,72401,0.0056318191520277,0.5631824522954171,rank32_norm_matched_lowrank_bf16_mask,32,3,0.5531658306876975,0.0035100857939022,0.0100166216077195,bf16_merged_minus_base,saved_merged_bf16,serialized_bf16_deployed_merged_checkpoint,cdeca6d5920cc84aa8f36e800f7c7b9b5835107ee834fde42d21b487dccffa0e,12c27eb9262e169d6751105aa4d110051f7f6f8f57f0c1561f35f21addb19eae
llama,llama3_2_3b,offkd,40,40,14,mlp.gate_proj,32,0.1,2516582,12855704,25165824,0.5108397801717123,1114053,0.086658264689355,0.8665827846331742,rank32_norm_matched_lowrank_bf16_mask,32,3,0.8684211454826111,0.0001225771829367,-0.0018383608494368,bf16_merged_minus_base,saved_merged_bf16,serialized_bf16_deployed_merged_checkpoint,cdeca6d5920cc84aa8f36e800f7c7b9b5835107ee834fde42d21b487dccffa0e,12c27eb9262e169d6751105aa4d110051f7f6f8f57f0c1561f35f21addb19eae
llama,llama3_2_3b,offkd,40,40,14,mlp.gate_proj,50,0.01,251658,12855704,25165824,0.5108397801717123,65002,0.0050562769646843,0.5056281786730391,rank32_norm_matched_lowrank_bf16_mask,32,3,0.4975482529209789,0.0022309216170818,0.0080799257520601,bf16_merged_minus_base,saved_merged_bf16,serialized_bf16_deployed_merged_checkpoint,cdeca6d5920cc84aa8f36e800f7c7b9b5835107ee834fde42d21b487dccffa0e,12c27eb9262e169d6751105aa4d110051f7f6f8f57f0c1561f35f21addb19eae
llama,llama3_2_3b,offkd,40,40,14,mlp.gate_proj,50,0.1,2516582,12855704,25165824,0.5108397801717123,1079517,0.0839718307142105,0.8397184406117575,rank32_norm_matched_lowrank_bf16_mask,32,3,0.8435453893469615,0.0002126207483308,-0.003826948735204,bf16_merged_minus_base,saved_merged_bf16,serialized_bf16_deployed_merged_checkpoint,cdeca6d5920cc84aa8f36e800f7c7b9b5835107ee834fde42d21b487dccffa0e,12c27eb9262e169d6751105aa4d110051f7f6f8f57f0c1561f35f21addb19eae
llama,llama3_2_3b,offkd,80,80,14,mlp.gate_proj,16,0.01,251658,15604804,25165824,0.6200791994730631,112203,0.0071902857607183,0.7190292617915699,rank32_norm_matched_lowrank_bf16_mask,32,3,0.6995489476147272,0.0016985975459598,0.0194803141768427,bf16_merged_minus_base,saved_merged_bf16,serialized_bf16_deployed_merged_checkpoint,cdeca6d5920cc84aa8f36e800f7c7b9b5835107ee834fde42d21b487dccffa0e,36608ea62185fdbcd6ee7577f8569cd481a38dd64a57690fcd6a15a813162758
llama,llama3_2_3b,offkd,80,80,14,mlp.gate_proj,16,0.1,2516582,15604804,25165824,0.6200791994730631,1435262,0.0919756505752971,0.9197566519443549,rank32_norm_matched_lowrank_bf16_mask,32,3,0.9223920291183006,0.0003090852434053,-0.0026353771739459,bf16_merged_minus_base,saved_merged_bf16,serialized_bf16_deployed_merged_checkpoint,cdeca6d5920cc84aa8f36e800f7c7b9b5835107ee834fde42d21b487dccffa0e,36608ea62185fdbcd6ee7577f8569cd481a38dd64a57690fcd6a15a813162758
llama,llama3_2_3b,offkd,80,80,14,mlp.gate_proj,32,0.01,251658,15604804,25165824,0.6200791994730631,102289,0.0065549685853151,0.6554974836626284,rank32_norm_matched_lowrank_bf16_mask,32,3,0.6412647181252744,0.0021358937838116,0.0142327655373539,bf16_merged_minus_base,saved_merged_bf16,serialized_bf16_deployed_merged_checkpoint,cdeca6d5920cc84aa8f36e800f7c7b9b5835107ee834fde42d21b487dccffa0e,36608ea62185fdbcd6ee7577f8569cd481a38dd64a57690fcd6a15a813162758
llama,llama3_2_3b,offkd,80,80,14,mlp.gate_proj,32,0.1,2516582,15604804,25165824,0.6200791994730631,1397687,0.0895677382426591,0.8956775247906997,rank32_norm_matched_lowrank_bf16_mask,32,3,0.8993935697871441,0.0001738045937627,-0.0037160449964444,bf16_merged_minus_base,saved_merged_bf16,serialized_bf16_deployed_merged_checkpoint,cdeca6d5920cc84aa8f36e800f7c7b9b5835107ee834fde42d21b487dccffa0e,36608ea62185fdbcd6ee7577f8569cd481a38dd64a57690fcd6a15a813162758
llama,llama3_2_3b,offkd,80,80,14,mlp.gate_proj,50,0.01,251658,15604804,25165824,0.6200791994730631,93826,0.0060126355960638,0.6012641330165489,rank32_norm_matched_lowrank_bf16_mask,32,3,0.5914073858959049,0.0011922932526336,0.0098567471206439,bf16_merged_minus_base,saved_merged_bf16,serialized_bf16_deployed_merged_checkpoint,cdeca6d5920cc84aa8f36e800f7c7b9b5835107ee834fde42d21b487dccffa0e,36608ea62185fdbcd6ee7577f8569cd481a38dd64a57690fcd6a15a813162758
llama,llama3_2_3b,offkd,80,80,14,mlp.gate_proj,50,0.1,2516582,15604804,25165824,0.6200791994730631,1365076,0.0874779330775317,0.8747794698177699,rank32_norm_matched_lowrank_bf16_mask,32,3,0.8803325387717228,0.0002372195651514,-0.0055530689539529,bf16_merged_minus_base,saved_merged_bf16,serialized_bf16_deployed_merged_checkpoint,cdeca6d5920cc84aa8f36e800f7c7b9b5835107ee834fde42d21b487dccffa0e,36608ea62185fdbcd6ee7577f8569cd481a38dd64a57690fcd6a15a813162758
llama,llama3_2_3b,offkd,160,160,14,mlp.gate_proj,16,0.01,251658,18011936,25165824,0.7157300313313802,143597,0.0079723245741046,0.7972332177113077,rank32_norm_matched_lowrank_bf16_mask,32,3,0.7679291291076539,0.0063958072013638,0.0293040886036538,bf16_merged_minus_base,saved_merged_bf16,serialized_bf16_deployed_merged_checkpoint,cdeca6d5920cc84aa8f36e800f7c7b9b5835107ee834fde42d21b487dccffa0e,74a971f381ff157ba4373218cdb9a519579c9d590bdffe90d18fbf4f6698a1f0
llama,llama3_2_3b,offkd,160,160,14,mlp.gate_proj,16,0.1,2516582,18011936,25165824,0.7157300313313802,1697297,0.0942317916297282,0.9423180660747048,rank32_norm_matched_lowrank_bf16_mask,32,3,0.9425074597933571,0.0011866077066917,-0.0001893937186523,bf16_merged_minus_base,saved_merged_bf16,serialized_bf16_deployed_merged_checkpoint,cdeca6d5920cc84aa8f36e800f7c7b9b5835107ee834fde42d21b487dccffa0e,74a971f381ff157ba4373218cdb9a519579c9d590bdffe90d18fbf4f6698a1f0
llama,llama3_2_3b,offkd,160,160,14,mlp.gate_proj,32,0.01,251658,18011936,25165824,0.7157300313313802,134063,0.007443008902541,0.7443016000754267,rank32_norm_matched_lowrank_bf16_mask,32,3,0.7219082580345134,0.0048527196298865,0.0223933420409132,bf16_merged_minus_base,saved_merged_bf16,serialized_bf16_deployed_merged_checkpoint,cdeca6d5920cc84aa8f36e800f7c7b9b5835107ee834fde42d21b487dccffa0e,74a971f381ff157ba4373218cdb9a519579c9d590bdffe90d18fbf4f6698a1f0
llama,llama3_2_3b,offkd,160,160,14,mlp.gate_proj,32,0.1,2516582,18011936,25165824,0.7157300313313802,1664941,0.0924354272633436,0.924354419555614,rank32_norm_matched_lowrank_bf16_mask,32,3,0.9264688061643797,0.0010477666543274,-0.0021143866087653,bf16_merged_minus_base,saved_merged_bf16,serialized_bf16_deployed_merged_checkpoint,cdeca6d5920cc84aa8f36e800f7c7b9b5835107ee834fde42d21b487dccffa0e,74a971f381ff157ba4373218cdb9a519579c9d590bdffe90d18fbf4f6698a1f0
llama,llama3_2_3b,offkd,160,160,14,mlp.gate_proj,50,0.01,251658,18011936,25165824,0.7157300313313802,125686,0.0069779284136918,0.6977935068369355,rank32_norm_matched_lowrank_bf16_mask,32,3,0.6798548019776551,0.0034956659421352,0.0179387048592803,bf16_merged_minus_base,saved_merged_bf16,serialized_bf16_deployed_merged_checkpoint,cdeca6d5920cc84aa8f36e800f7c7b9b5835107ee834fde42d21b487dccffa0e,74a971f381ff157ba4373218cdb9a519579c9d590bdffe90d18fbf4f6698a1f0
llama,llama3_2_3b,offkd,160,160,14,mlp.gate_proj,50,0.1,2516582,18011936,25165824,0.7157300313313802,1636878,0.0908774048497618,0.9087741929433863,rank32_norm_matched_lowrank_bf16_mask,32,3,0.9130969434300248,0.0008933458234515,-0.0043227504866384,bf16_merged_minus_base,saved_merged_bf16,serialized_bf16_deployed_merged_checkpoint,cdeca6d5920cc84aa8f36e800f7c7b9b5835107ee834fde42d21b487dccffa0e,74a971f381ff157ba4373218cdb9a519579c9d590bdffe90d18fbf4f6698a1f0
llama,llama3_2_3b,offkd,320,320,14,mlp.gate_proj,16,0.01,251658,19761595,25165824,0.785255233446757,169407,0.0085725367815705,0.8572544956986468,rank32_norm_matched_lowrank_bf16_mask,32,3,0.8360201391503038,0.0016281303692259,0.0212343565483429,bf16_merged_minus_base,saved_merged_bf16,serialized_bf16_deployed_merged_checkpoint,cdeca6d5920cc84aa8f36e800f7c7b9b5835107ee834fde42d21b487dccffa0e,2c108c1986ec6c56cddbc39679371fa67da69983b2af817bc76a48efda35b475
llama,llama3_2_3b,offkd,320,320,14,mlp.gate_proj,16,0.1,2516582,19761595,25165824,0.785255233446757,1895515,0.0959191300094956,0.9591914525543324,rank32_norm_matched_lowrank_bf16_mask,32,3,0.9605827078516724,0.0001359401406808,-0.0013912552973398,bf16_merged_minus_base,saved_merged_bf16,serialized_bf16_deployed_merged_checkpoint,cdeca6d5920cc84aa8f36e800f7c7b9b5835107ee834fde42d21b487dccffa0e,2c108c1986ec6c56cddbc39679371fa67da69983b2af817bc76a48efda35b475
llama,llama3_2_3b,offkd,320,320,14,mlp.gate_proj,32,0.01,251658,19761595,25165824,0.785255233446757,160903,0.0081422071447168,0.8142214909738049,rank32_norm_matched_lowrank_bf16_mask,32,3,0.799450228012916,0.0013338931835422,0.0147712629608889,bf16_merged_minus_base,saved_merged_bf16,serialized_bf16_deployed_merged_checkpoint,cdeca6d5920cc84aa8f36e800f7c7b9b5835107ee834fde42d21b487dccffa0e,2c108c1986ec6c56cddbc39679371fa67da69983b2af817bc76a48efda35b475
llama,llama3_2_3b,offkd,320,320,14,mlp.gate_proj,32,0.1,2516582,19761595,25165824,0.785255233446757,1870601,0.094658401814226,0.946584168597762,rank32_norm_matched_lowrank_bf16_mask,32,3,0.9490135849509432,7.195080380592837e-05,-0.0024294163531811,bf16_merged_minus_base,saved_merged_bf16,serialized_bf16_deployed_merged_checkpoint,cdeca6d5920cc84aa8f36e800f7c7b9b5835107ee834fde42d21b487dccffa0e,2c108c1986ec6c56cddbc39679371fa67da69983b2af817bc76a48efda35b475
llama,llama3_2_3b,offkd,320,320,14,mlp.gate_proj,50,0.01,251658,19761595,25165824,0.785255233446757,153387,0.0077618734722576,0.7761880874564117,rank32_norm_matched_lowrank_bf16_mask,32,3,0.7662396086897137,0.0015812596387387,0.0099484787666979,bf16_merged_minus_base,saved_merged_bf16,serialized_bf16_deployed_merged_checkpoint,cdeca6d5920cc84aa8f36e800f7c7b9b5835107ee834fde42d21b487dccffa0e,2c108c1986ec6c56cddbc39679371fa67da69983b2af817bc76a48efda35b475
llama,llama3_2_3b,offkd,320,320,14,mlp.gate_proj,50,0.1,2516582,19761595,25165824,0.785255233446757,1847005,0.0934643686402843,0.9346438349604804,rank32_norm_matched_lowrank_bf16_mask,32,3,0.9393880720706166,0.0001510919652198,-0.0047442371101362,bf16_merged_minus_base,saved_merged_bf16,serialized_bf16_deployed_merged_checkpoint,cdeca6d5920cc84aa8f36e800f7c7b9b5835107ee834fde42d21b487dccffa0e,2c108c1986ec6c56cddbc39679371fa67da69983b2af817bc76a48efda35b475
llama,llama3_2_3b,seqkd,5,5,14,mlp.gate_proj,16,0.01,251658,5172017,25165824,0.2055174907048543,23605,0.0045639834517171,0.4563987804275142,rank32_norm_matched_lowrank_bf16_mask,32,3,0.4351485549384984,0.0025814658285886,0.0212502254890157,bf16_merged_minus_base,saved_merged_bf16,serialized_bf16_deployed_merged_checkpoint,cdeca6d5920cc84aa8f36e800f7c7b9b5835107ee834fde42d21b487dccffa0e,4c481b01644c0cf51ebffd2a0a056fe7990ec34b9678468554701bb33d4a6dc8
llama,llama3_2_3b,seqkd,5,5,14,mlp.gate_proj,16,0.1,2516582,5172017,25165824,0.2055174907048543,437020,0.0844970153810399,0.8449702881148096,rank32_norm_matched_lowrank_bf16_mask,32,3,0.8387594782368399,0.0018585010785931,0.0062108098779696,bf16_merged_minus_base,saved_merged_bf16,serialized_bf16_deployed_merged_checkpoint,cdeca6d5920cc84aa8f36e800f7c7b9b5835107ee834fde42d21b487dccffa0e,4c481b01644c0cf51ebffd2a0a056fe7990ec34b9678468554701bb33d4a6dc8
llama,llama3_2_3b,seqkd,5,5,14,mlp.gate_proj,32,0.01,251658,5172017,25165824,0.2055174907048543,19452,0.0037610085195002,0.3761012106280875,rank32_norm_matched_lowrank_bf16_mask,32,3,0.3589702948712323,0.0027850429882197,0.0171309157568552,bf16_merged_minus_base,saved_merged_bf16,serialized_bf16_deployed_merged_checkpoint,cdeca6d5920cc84aa8f36e800f7c7b9b5835107ee834fde42d21b487dccffa0e,4c481b01644c0cf51ebffd2a0a056fe7990ec34b9678468554701bb33d4a6dc8
llama,llama3_2_3b,seqkd,5,5,14,mlp.gate_proj,32,0.1,2516582,5172017,25165824,0.2055174907048543,410659,0.0794001643846104,0.7940017700492874,rank32_norm_matched_lowrank_bf16_mask,32,3,0.787881437865437,0.001466686089239,0.0061203321838504,bf16_merged_minus_base,saved_merged_bf16,serialized_bf16_deployed_merged_checkpoint,cdeca6d5920cc84aa8f36e800f7c7b9b5835107ee834fde42d21b487dccffa0e,4c481b01644c0cf51ebffd2a0a056fe7990ec34b9678468554701bb33d4a6dc8
llama,llama3_2_3b,seqkd,5,5,14,mlp.gate_proj,50,0.01,251658,5172017,25165824,0.2055174907048543,16661,0.0032213737889879,0.3221376861132308,rank32_norm_matched_lowrank_bf16_mask,32,3,0.3077153641908289,0.0033738256066171,0.0144223219224018,bf16_merged_minus_base,saved_merged_bf16,serialized_bf16_deployed_merged_checkpoint,cdeca6d5920cc84aa8f36e800f7c7b9b5835107ee834fde42d21b487dccffa0e,4c481b01644c0cf51ebffd2a0a056fe7990ec34b9678468554701bb33d4a6dc8
llama,llama3_2_3b,seqkd,5,5,14,mlp.gate_proj,50,0.1,2516582,5172017,25165824,0.2055174907048543,389594,0.0753272852738109,0.7532729724676241,rank32_norm_matched_lowrank_bf16_mask,32,3,0.7466279999379578,0.0010183224953133,0.0066449725296663,bf16_merged_minus_base,saved_merged_bf16,serialized_bf16_deployed_merged_checkpoint,cdeca6d5920cc84aa8f36e800f7c7b9b5835107ee834fde42d21b487dccffa0e,4c481b01644c0cf51ebffd2a0a056fe7990ec34b9678468554701bb33d4a6dc8
llama,llama3_2_3b,seqkd,20,20,14,mlp.gate_proj,16,0.01,251658,10036282,25165824,0.3988060156504313,57280,0.005707292800262,0.5707298243165839,rank32_norm_matched_lowrank_bf16_mask,32,3,0.5455023873407024,0.0068846606490294,0.0252274369758814,bf16_merged_minus_base,saved_merged_bf16,serialized_bf16_deployed_merged_checkpoint,cdeca6d5920cc84aa8f36e800f7c7b9b5835107ee834fde42d21b487dccffa0e,30fa5f4dfa3c2603a8d66f338194268fa1e9b5c8a1186889c948b6058f5c37da
llama,llama3_2_3b,seqkd,20,20,14,mlp.gate_proj,16,0.1,2516582,10036282,25165824,0.3988060156504313,886860,0.0883653926822701,0.8836540672757333,rank32_norm_matched_lowrank_bf16_mask,32,3,0.8757556278252037,0.0020156638944817,0.0078984394505295,bf16_merged_minus_base,saved_merged_bf16,serialized_bf16_deployed_merged_checkpoint,cdeca6d5920cc84aa8f36e800f7c7b9b5835107ee834fde42d21b487dccffa0e,30fa5f4dfa3c2603a8d66f338194268fa1e9b5c8a1186889c948b6058f5c37da
llama,llama3_2_3b,seqkd,20,20,14,mlp.gate_proj,32,0.01,251658,10036282,25165824,0.3988060156504313,49305,0.0049126758295552,0.4912680514652439,rank32_norm_matched_lowrank_bf16_mask,32,3,0.4704846794013915,0.0063052433193883,0.0207833720638524,bf16_merged_minus_base,saved_merged_bf16,serialized_bf16_deployed_merged_checkpoint,cdeca6d5920cc84aa8f36e800f7c7b9b5835107ee834fde42d21b487dccffa0e,30fa5f4dfa3c2603a8d66f338194268fa1e9b5c8a1186889c948b6058f5c37da
llama,llama3_2_3b,seqkd,20,20,14,mlp.gate_proj,32,0.1,2516582,10036282,25165824,0.3988060156504313,846562,0.0843501607467785,0.8435017415387764,rank32_norm_matched_lowrank_bf16_mask,32,3,0.8365950785163968,0.0021280616391966,0.0069066630223796,bf16_merged_minus_base,saved_merged_bf16,serialized_bf16_deployed_merged_checkpoint,cdeca6d5920cc84aa8f36e800f7c7b9b5835107ee834fde42d21b487dccffa0e,30fa5f4dfa3c2603a8d66f338194268fa1e9b5c8a1186889c948b6058f5c37da
llama,llama3_2_3b,seqkd,20,20,14,mlp.gate_proj,50,0.01,251658,10036282,25165824,0.3988060156504313,43535,0.0043377617328807,0.4337765869696662,rank32_norm_matched_lowrank_bf16_mask,32,3,0.412958823586306,0.0054666506147961,0.0208177633833602,bf16_merged_minus_base,saved_merged_bf16,serialized_bf16_deployed_merged_checkpoint,cdeca6d5920cc84aa8f36e800f7c7b9b5835107ee834fde42d21b487dccffa0e,30fa5f4dfa3c2603a8d66f338194268fa1e9b5c8a1186889c948b6058f5c37da
llama,llama3_2_3b,seqkd,20,20,14,mlp.gate_proj,50,0.1,2516582,10036282,25165824,0.3988060156504313,814325,0.0811381146922735,0.8113812758883155,rank32_norm_matched_lowrank_bf16_mask,32,3,0.8053127645530033,0.0018586658647492,0.0060685113353122,bf16_merged_minus_base,saved_merged_bf16,serialized_bf16_deployed_merged_checkpoint,cdeca6d5920cc84aa8f36e800f7c7b9b5835107ee834fde42d21b487dccffa0e,30fa5f4dfa3c2603a8d66f338194268fa1e9b5c8a1186889c948b6058f5c37da
llama,llama3_2_3b,seqkd,40,40,14,mlp.gate_proj,16,0.01,251658,12614846,25165824,0.5012689431508383,80558,0.006385967771624,0.6385973861763263,rank32_norm_matched_lowrank_bf16_mask,32,3,0.6078554097828751,0.0049078854627478,0.0307419763934512,bf16_merged_minus_base,saved_merged_bf16,serialized_bf16_deployed_merged_checkpoint,cdeca6d5920cc84aa8f36e800f7c7b9b5835107ee834fde42d21b487dccffa0e,780343efab5e9dae0c1eb7c2b96fb74cf9eedb7d4455e3b5611203c490782d65
llama,llama3_2_3b,seqkd,40,40,14,mlp.gate_proj,16,0.1,2516582,12614846,25165824,0.5012689431508383,1135592,0.0900202824513276,0.9002029675966841,rank32_norm_matched_lowrank_bf16_mask,32,3,0.8965677964059985,0.0018426050449867,0.0036351711906855,bf16_merged_minus_base,saved_merged_bf16,serialized_bf16_deployed_merged_checkpoint,cdeca6d5920cc84aa8f36e800f7c7b9b5835107ee834fde42d21b487dccffa0e,780343efab5e9dae0c1eb7c2b96fb74cf9eedb7d4455e3b5611203c490782d65
llama,llama3_2_3b,seqkd,40,40,14,mlp.gate_proj,32,0.01,251658,12614846,25165824,0.5012689431508383,70967,0.0056256731156289,0.5625678480694077,rank32_norm_matched_lowrank_bf16_mask,32,3,0.5391173742854706,0.0033662767834821,0.0234504737839371,bf16_merged_minus_base,saved_merged_bf16,serialized_bf16_deployed_merged_checkpoint,cdeca6d5920cc84aa8f36e800f7c7b9b5835107ee834fde42d21b487dccffa0e,780343efab5e9dae0c1eb7c2b96fb74cf9eedb7d4455e3b5611203c490782d65
llama,llama3_2_3b,seqkd,40,40,14,mlp.gate_proj,32,0.1,2516582,12614846,25165824,0.5012689431508383,1094450,0.0867588871080947,0.8675890089805062,rank32_norm_matched_lowrank_bf16_mask,32,3,0.8652726892538726,0.0012945781988028,0.0023163197266335,bf16_merged_minus_base,saved_merged_bf16,serialized_bf16_deployed_merged_checkpoint,cdeca6d5920cc84aa8f36e800f7c7b9b5835107ee834fde42d21b487dccffa0e,780343efab5e9dae0c1eb7c2b96fb74cf9eedb7d4455e3b5611203c490782d65
llama,llama3_2_3b,seqkd,40,40,14,mlp.gate_proj,50,0.01,251658,12614846,25165824,0.5012689431508383,63357,0.0050224156521609,0.5022420441914336,rank32_norm_matched_lowrank_bf16_mask,32,3,0.4823053952567083,0.0020874563788293,0.0199366489347253,bf16_merged_minus_base,saved_merged_bf16,serialized_bf16_deployed_merged_checkpoint,cdeca6d5920cc84aa8f36e800f7c7b9b5835107ee834fde42d21b487dccffa0e,780343efab5e9dae0c1eb7c2b96fb74cf9eedb7d4455e3b5611203c490782d65
llama,llama3_2_3b,seqkd,40,40,14,mlp.gate_proj,50,0.1,2516582,12614846,25165824,0.5012689431508383,1059929,0.0840223495395821,0.8402236289457709,rank32_norm_matched_lowrank_bf16_mask,32,3,0.8392674976007406,0.0015662294370208,0.0009561313450302,bf16_merged_minus_base,saved_merged_bf16,serialized_bf16_deployed_merged_checkpoint,cdeca6d5920cc84aa8f36e800f7c7b9b5835107ee834fde42d21b487dccffa0e,780343efab5e9dae0c1eb7c2b96fb74cf9eedb7d4455e3b5611203c490782d65
llama,llama3_2_3b,seqkd,80,80,14,mlp.gate_proj,16,0.01,251658,15376297,25165824,0.6109991470972697,113226,0.0073636715003618,0.736367852291297,rank32_norm_matched_lowrank_bf16_mask,32,3,0.6943320646889513,0.0053588886247085,0.0420357876023457,bf16_merged_minus_base,saved_merged_bf16,serialized_bf16_deployed_merged_checkpoint,cdeca6d5920cc84aa8f36e800f7c7b9b5835107ee834fde42d21b487dccffa0e,d6ac16c7d25b59fba44c15eb2229790b5b176069dac730c5621ca9a96aaaee94
llama,llama3_2_3b,seqkd,80,80,14,mlp.gate_proj,16,0.1,2516582,15376297,25165824,0.6109991470972697,1421466,0.0924452746978027,0.9244528939158576,rank32_norm_matched_lowrank_bf16_mask,32,3,0.9213531973778224,0.0004201241314349,0.0030996965380351,bf16_merged_minus_base,saved_merged_bf16,serialized_bf16_deployed_merged_checkpoint,cdeca6d5920cc84aa8f36e800f7c7b9b5835107ee834fde42d21b487dccffa0e,d6ac16c7d25b59fba44c15eb2229790b5b176069dac730c5621ca9a96aaaee94
llama,llama3_2_3b,seqkd,80,80,14,mlp.gate_proj,32,0.01,251658,15376297,25165824,0.6109991470972697,102592,0.0066720875643856,0.667209392739024,rank32_norm_matched_lowrank_bf16_mask,32,3,0.635678066330895,0.0033786592447582,0.031531326408129,bf16_merged_minus_base,saved_merged_bf16,serialized_bf16_deployed_merged_checkpoint,cdeca6d5920cc84aa8f36e800f7c7b9b5835107ee834fde42d21b487dccffa0e,d6ac16c7d25b59fba44c15eb2229790b5b176069dac730c5621ca9a96aaaee94
llama,llama3_2_3b,seqkd,80,80,14,mlp.gate_proj,32,0.1,2516582,15376297,25165824,0.6109991470972697,1383689,0.0899884413002688,0.8998845560354867,rank32_norm_matched_lowrank_bf16_mask,32,3,0.8979851643538903,0.0005834237520731,0.0018993916815963,bf16_merged_minus_base,saved_merged_bf16,serialized_bf16_deployed_merged_checkpoint,cdeca6d5920cc84aa8f36e800f7c7b9b5835107ee834fde42d21b487dccffa0e,d6ac16c7d25b59fba44c15eb2229790b5b176069dac730c5621ca9a96aaaee94
llama,llama3_2_3b,seqkd,80,80,14,mlp.gate_proj,50,0.01,251658,15376297,25165824,0.6109991470972697,93731,0.0060958109745148,0.6095816787938774,rank32_norm_matched_lowrank_bf16_mask,32,3,0.5861409025883902,0.0030758486642622,0.0234407762054871,bf16_merged_minus_base,saved_merged_bf16,serialized_bf16_deployed_merged_checkpoint,cdeca6d5920cc84aa8f36e800f7c7b9b5835107ee834fde42d21b487dccffa0e,d6ac16c7d25b59fba44c15eb2229790b5b176069dac730c5621ca9a96aaaee94
llama,llama3_2_3b,seqkd,80,80,14,mlp.gate_proj,50,0.1,2516582,15376297,25165824,0.6109991470972697,1349028,0.087734257474345,0.8773427141933198,rank32_norm_matched_lowrank_bf16_mask,32,3,0.8789546326227305,0.0002453122650189,-0.0016119184294107,bf16_merged_minus_base,saved_merged_bf16,serialized_bf16_deployed_merged_checkpoint,cdeca6d5920cc84aa8f36e800f7c7b9b5835107ee834fde42d21b487dccffa0e,d6ac16c7d25b59fba44c15eb2229790b5b176069dac730c5621ca9a96aaaee94
llama,llama3_2_3b,seqkd,160,160,14,mlp.gate_proj,16,0.01,251658,17662883,25165824,0.7018599112828573,142771,0.0080831085163163,0.8083116224976731,rank32_norm_matched_lowrank_bf16_mask,32,3,0.7653349197414855,0.0025709879501401,0.0429767027561875,bf16_merged_minus_base,saved_merged_bf16,serialized_bf16_deployed_merged_checkpoint,cdeca6d5920cc84aa8f36e800f7c7b9b5835107ee834fde42d21b487dccffa0e,afc6bb9b0078bb98ac87d0726f3a554aa804d922837ef36bb456464511ca022b
llama,llama3_2_3b,seqkd,160,160,14,mlp.gate_proj,16,0.1,2516582,17662883,25165824,0.7018599112828573,1668934,0.0944881987838565,0.9448821380235364,rank32_norm_matched_lowrank_bf16_mask,32,3,0.9418787564152296,7.691378540055254e-05,0.0030033816083068,bf16_merged_minus_base,saved_merged_bf16,serialized_bf16_deployed_merged_checkpoint,cdeca6d5920cc84aa8f36e800f7c7b9b5835107ee834fde42d21b487dccffa0e,afc6bb9b0078bb98ac87d0726f3a554aa804d922837ef36bb456464511ca022b
llama,llama3_2_3b,seqkd,160,160,14,mlp.gate_proj,32,0.01,251658,17662883,25165824,0.7018599112828573,132467,0.0074997382930068,0.7499745445321477,rank32_norm_matched_lowrank_bf16_mask,32,3,0.71666415831455,0.0021901988156871,0.0333103862175977,bf16_merged_minus_base,saved_merged_bf16,serialized_bf16_deployed_merged_checkpoint,cdeca6d5920cc84aa8f36e800f7c7b9b5835107ee834fde42d21b487dccffa0e,afc6bb9b0078bb98ac87d0726f3a554aa804d922837ef36bb456464511ca022b
llama,llama3_2_3b,seqkd,160,160,14,mlp.gate_proj,32,0.1,2516582,17662883,25165824,0.7018599112828573,1636226,0.0926364059593215,0.9263642068348412,rank32_norm_matched_lowrank_bf16_mask,32,3,0.924945866270702,6.847154980817391e-05,0.0014183405641392,bf16_merged_minus_base,saved_merged_bf16,serialized_bf16_deployed_merged_checkpoint,cdeca6d5920cc84aa8f36e800f7c7b9b5835107ee834fde42d21b487dccffa0e,afc6bb9b0078bb98ac87d0726f3a554aa804d922837ef36bb456464511ca022b
llama,llama3_2_3b,seqkd,160,160,14,mlp.gate_proj,50,0.01,251658,17662883,25165824,0.7018599112828573,123569,0.0069959700236931,0.699597669557648,rank32_norm_matched_lowrank_bf16_mask,32,3,0.67453498087722,0.001987692566233,0.025062688680428,bf16_merged_minus_base,saved_merged_bf16,serialized_bf16_deployed_merged_checkpoint,cdeca6d5920cc84aa8f36e800f7c7b9b5835107ee834fde42d21b487dccffa0e,afc6bb9b0078bb98ac87d0726f3a554aa804d922837ef36bb456464511ca022b
llama,llama3_2_3b,seqkd,160,160,14,mlp.gate_proj,50,0.1,2516582,17662883,25165824,0.7018599112828573,1605895,0.0909191891267127,0.90919203577931,rank32_norm_matched_lowrank_bf16_mask,32,3,0.9108540267801668,4.646287639083351e-05,-0.0016619910008567,bf16_merged_minus_base,saved_merged_bf16,serialized_bf16_deployed_merged_checkpoint,cdeca6d5920cc84aa8f36e800f7c7b9b5835107ee834fde42d21b487dccffa0e,afc6bb9b0078bb98ac87d0726f3a554aa804d922837ef36bb456464511ca022b
llama,llama3_2_3b,seqkd,320,320,14,mlp.gate_proj,16,0.01,251658,19386933,25165824,0.7703675031661987,167687,0.0086494857128768,0.8649493961677054,rank32_norm_matched_lowrank_bf16_mask,32,3,0.8266240883563074,0.0031420601596613,0.0383253078113979,bf16_merged_minus_base,saved_merged_bf16,serialized_bf16_deployed_merged_checkpoint,cdeca6d5920cc84aa8f36e800f7c7b9b5835107ee834fde42d21b487dccffa0e,bb675242d0857226451e96ed57c1780bdd97e7538835421beeda06f9424054dd
llama,llama3_2_3b,seqkd,320,320,14,mlp.gate_proj,16,0.1,2516582,19386933,25165824,0.7703675031661987,1862007,0.0960444336399161,0.9604444890577016,rank32_norm_matched_lowrank_bf16_mask,32,3,0.9572635400929164,0.0008733057247585,0.0031809489647852,bf16_merged_minus_base,saved_merged_bf16,serialized_bf16_deployed_merged_checkpoint,cdeca6d5920cc84aa8f36e800f7c7b9b5835107ee834fde42d21b487dccffa0e,bb675242d0857226451e96ed57c1780bdd97e7538835421beeda06f9424054dd
llama,llama3_2_3b,seqkd,320,320,14,mlp.gate_proj,32,0.01,251658,19386933,25165824,0.7703675031661987,158660,0.0081838628111006,0.8183870615847867,rank32_norm_matched_lowrank_bf16_mask,32,3,0.7884359755507919,0.0027165494988731,0.0299510860339947,bf16_merged_minus_base,saved_merged_bf16,serialized_bf16_deployed_merged_checkpoint,cdeca6d5920cc84aa8f36e800f7c7b9b5835107ee834fde42d21b487dccffa0e,bb675242d0857226451e96ed57c1780bdd97e7538835421beeda06f9424054dd
llama,llama3_2_3b,seqkd,320,320,14,mlp.gate_proj,32,0.1,2516582,19386933,25165824,0.7703675031661987,1833957,0.0945975828151879,0.9459759785107118,rank32_norm_matched_lowrank_bf16_mask,32,3,0.9452535944516588,0.0010411409407142,0.000722384059053,bf16_merged_minus_base,saved_merged_bf16,serialized_bf16_deployed_merged_checkpoint,cdeca6d5920cc84aa8f36e800f7c7b9b5835107ee834fde42d21b487dccffa0e,bb675242d0857226451e96ed57c1780bdd97e7538835421beeda06f9424054dd
llama,llama3_2_3b,seqkd,320,320,14,mlp.gate_proj,50,0.01,251658,19386933,25165824,0.7703675031661987,150149,0.0077448557747633,0.7744863160840423,rank32_norm_matched_lowrank_bf16_mask,32,3,0.7541314390612207,0.0027679528594552,0.0203548770228215,bf16_merged_minus_base,saved_merged_bf16,serialized_bf16_deployed_merged_checkpoint,cdeca6d5920cc84aa8f36e800f7c7b9b5835107ee834fde42d21b487dccffa0e,bb675242d0857226451e96ed57c1780bdd97e7538835421beeda06f9424054dd
llama,llama3_2_3b,seqkd,320,320,14,mlp.gate_proj,50,0.1,2516582,19386933,25165824,0.7703675031661987,1809252,0.0933232708856011,0.9332328571893792,rank32_norm_matched_lowrank_bf16_mask,32,3,0.9348724860024948,0.0009247478779959,-0.0016396288131154,bf16_merged_minus_base,saved_merged_bf16,serialized_bf16_deployed_merged_checkpoint,cdeca6d5920cc84aa8f36e800f7c7b9b5835107ee834fde42d21b487dccffa0e,bb675242d0857226451e96ed57c1780bdd97e7538835421beeda06f9424054dd
llama,llama3_2_3b,opd,5,5,14,mlp.up_proj,16,0.01,251658,5570818,25165824,0.221364418665568,48489,0.0087041077270878,0.8704116027979738,rank32_norm_matched_lowrank_bf16_mask,32,3,0.8571990107068631,0.0014378755508406,0.0132125920911106,bf16_merged_minus_base,saved_merged_bf16,serialized_bf16_deployed_merged_checkpoint,ee1ff74206bbf28fc3730ee195d0d73daea786e5839b0431f3c5d78ee1deb338,5923f006efeb59cf43330bf8b412a1ffb949e4ed7f3e84c31e1ebccdfc027a39
llama,llama3_2_3b,opd,5,5,14,mlp.up_proj,16,0.1,2516582,5570818,25165824,0.221364418665568,551343,0.098969846080055,0.989698618108909,rank32_norm_matched_lowrank_bf16_mask,32,3,0.9852046696213508,0.0014748664639605,0.0044939484875582,bf16_merged_minus_base,saved_merged_bf16,serialized_bf16_deployed_merged_checkpoint,ee1ff74206bbf28fc3730ee195d0d73daea786e5839b0431f3c5d78ee1deb338,5923f006efeb59cf43330bf8b412a1ffb949e4ed7f3e84c31e1ebccdfc027a39
llama,llama3_2_3b,opd,5,5,14,mlp.up_proj,32,0.01,251658,5570818,25165824,0.221364418665568,43191,0.0077530804273268,0.7753087821247558,rank32_norm_matched_lowrank_bf16_mask,32,3,0.7573770493186526,0.004430873746304,0.0179317328061032,bf16_merged_minus_base,saved_merged_bf16,serialized_bf16_deployed_merged_checkpoint,ee1ff74206bbf28fc3730ee195d0d73daea786e5839b0431f3c5d78ee1deb338,5923f006efeb59cf43330bf8b412a1ffb949e4ed7f3e84c31e1ebccdfc027a39
llama,llama3_2_3b,opd,5,5,14,mlp.up_proj,32,0.1,2516582,5570818,25165824,0.221364418665568,524373,0.0941285462924834,0.9412856125381532,rank32_norm_matched_lowrank_bf16_mask,32,3,0.9331300840963866,0.0007156107691135,0.0081555284417664,bf16_merged_minus_base,saved_merged_bf16,serialized_bf16_deployed_merged_checkpoint,ee1ff74206bbf28fc3730ee195d0d73daea786e5839b0431f3c5d78ee1deb338,5923f006efeb59cf43330bf8b412a1ffb949e4ed7f3e84c31e1ebccdfc027a39
llama,llama3_2_3b,opd,5,5,14,mlp.up_proj,50,0.01,251658,5570818,25165824,0.221364418665568,39192,0.0070352325277903,0.7035239237117323,rank32_norm_matched_lowrank_bf16_mask,32,3,0.6852141578091934,0.0015145439027657,0.0183097659025389,bf16_merged_minus_base,saved_merged_bf16,serialized_bf16_deployed_merged_checkpoint,ee1ff74206bbf28fc3730ee195d0d73daea786e5839b0431f3c5d78ee1deb338,5923f006efeb59cf43330bf8b412a1ffb949e4ed7f3e84c31e1ebccdfc027a39
llama,llama3_2_3b,opd,5,5,14,mlp.up_proj,50,0.1,2516582,5570818,25165824,0.221364418665568,498633,0.0895080399323761,0.8950805415929823,rank32_norm_matched_lowrank_bf16_mask,32,3,0.8871181708454863,0.0008780796407377,0.007962370747496,bf16_merged_minus_base,saved_merged_bf16,serialized_bf16_deployed_merged_checkpoint,ee1ff74206bbf28fc3730ee195d0d73daea786e5839b0431f3c5d78ee1deb338,5923f006efeb59cf43330bf8b412a1ffb949e4ed7f3e84c31e1ebccdfc027a39
llama,llama3_2_3b,opd,20,20,14,mlp.up_proj,16,0.01,251658,12123470,25165824,0.4817434151967366,111676,0.0092115541177567,0.9211562902587668,rank32_norm_matched_lowrank_bf16_mask,32,3,0.9044009793989476,0.0016436213291133,0.0167553108598192,bf16_merged_minus_base,saved_merged_bf16,serialized_bf16_deployed_merged_checkpoint,ee1ff74206bbf28fc3730ee195d0d73daea786e5839b0431f3c5d78ee1deb338,42eb3c3638ae1ba3f068d2f8d0b2f25c20d4c84019f5a766bcf3380ae086a360
llama,llama3_2_3b,opd,20,20,14,mlp.up_proj,16,0.1,2516582,12123470,25165824,0.4817434151967366,1210916,0.0998819644870651,0.998819803628784,rank32_norm_matched_lowrank_bf16_mask,32,3,0.988197397258087,0.0017178387595513,0.0106224063706968,bf16_merged_minus_base,saved_merged_bf16,serialized_bf16_deployed_merged_checkpoint,ee1ff74206bbf28fc3730ee195d0d73daea786e5839b0431f3c5d78ee1deb338,42eb3c3638ae1ba3f068d2f8d0b2f25c20d4c84019f5a766bcf3380ae086a360
llama,llama3_2_3b,opd,20,20,14,mlp.up_proj,32,0.01,251658,12123470,25165824,0.4817434151967366,104206,0.0085953938930025,0.8595402090216794,rank32_norm_matched_lowrank_bf16_mask,32,3,0.843470558158408,0.0018108204151724,0.0160696508632713,bf16_merged_minus_base,saved_merged_bf16,serialized_bf16_deployed_merged_checkpoint,ee1ff74206bbf28fc3730ee195d0d73daea786e5839b0431f3c5d78ee1deb338,42eb3c3638ae1ba3f068d2f8d0b2f25c20d4c84019f5a766bcf3380ae086a360
llama,llama3_2_3b,opd,20,20,14,mlp.up_proj,32,0.1,2516582,12123470,25165824,0.4817434151967366,1173743,0.0968157631437204,0.9681577853217396,rank32_norm_matched_lowrank_bf16_mask,32,3,0.9581978110991228,0.0006048718923075,0.0099599742226168,bf16_merged_minus_base,saved_merged_bf16,serialized_bf16_deployed_merged_checkpoint,ee1ff74206bbf28fc3730ee195d0d73daea786e5839b0431f3c5d78ee1deb338,42eb3c3638ae1ba3f068d2f8d0b2f25c20d4c84019f5a766bcf3380ae086a360
llama,llama3_2_3b,opd,20,20,14,mlp.up_proj,50,0.01,251658,12123470,25165824,0.4817434151967366,97653,0.0080548720787035,0.8054879760435488,rank32_norm_matched_lowrank_bf16_mask,32,3,0.7944269110449538,0.0019365970814992,0.011061064998595,bf16_merged_minus_base,saved_merged_bf16,serialized_bf16_deployed_merged_checkpoint,ee1ff74206bbf28fc3730ee195d0d73daea786e5839b0431f3c5d78ee1deb338,42eb3c3638ae1ba3f068d2f8d0b2f25c20d4c84019f5a766bcf3380ae086a360
llama,llama3_2_3b,opd,20,20,14,mlp.up_proj,50,0.1,2516582,12123470,25165824,0.4817434151967366,1137448,0.0938219833100589,0.9382199822266392,rank32_norm_matched_lowrank_bf16_mask,32,3,0.9307785554035856,0.0001727143974504,0.0074414268230537,bf16_merged_minus_base,saved_merged_bf16,serialized_bf16_deployed_merged_checkpoint,ee1ff74206bbf28fc3730ee195d0d73daea786e5839b0431f3c5d78ee1deb338,42eb3c3638ae1ba3f068d2f8d0b2f25c20d4c84019f5a766bcf3380ae086a360
llama,llama3_2_3b,opd,40,40,14,mlp.up_proj,16,0.01,251658,13840590,25165824,0.5499756336212158,129942,0.0093884726012402,0.9388481554793994,rank32_norm_matched_lowrank_bf16_mask,32,3,0.9240486896179316,0.0021131080109523,0.0147994658614678,bf16_merged_minus_base,saved_merged_bf16,serialized_bf16_deployed_merged_checkpoint,ee1ff74206bbf28fc3730ee195d0d73daea786e5839b0431f3c5d78ee1deb338,c47c06b5784c7a79b26f69357ebef41f2fc747a86ea28639fed53e921bd62268
llama,llama3_2_3b,opd,40,40,14,mlp.up_proj,16,0.1,2516582,13840590,25165824,0.5499756336212158,1384705,0.1000466743108494,1.000466902128426,rank32_norm_matched_lowrank_bf16_mask,32,3,0.991715255449844,0.0012310517222819,0.008751646678582,bf16_merged_minus_base,saved_merged_bf16,serialized_bf16_deployed_merged_checkpoint,ee1ff74206bbf28fc3730ee195d0d73daea786e5839b0431f3c5d78ee1deb338,c47c06b5784c7a79b26f69357ebef41f2fc747a86ea28639fed53e921bd62268
llama,llama3_2_3b,opd,40,40,14,mlp.up_proj,32,0.01,251658,13840590,25165824,0.5499756336212158,122821,0.0088739714130683,0.8873979875955066,rank32_norm_matched_lowrank_bf16_mask,32,3,0.8724750752805854,0.0030685769819757,0.0149229123149211,bf16_merged_minus_base,saved_merged_bf16,serialized_bf16_deployed_merged_checkpoint,ee1ff74206bbf28fc3730ee195d0d73daea786e5839b0431f3c5d78ee1deb338,c47c06b5784c7a79b26f69357ebef41f2fc747a86ea28639fed53e921bd62268
llama,llama3_2_3b,opd,40,40,14,mlp.up_proj,32,0.1,2516582,13840590,25165824,0.5499756336212158,1347884,0.0973863108436851,0.9738632632282485,rank32_norm_matched_lowrank_bf16_mask,32,3,0.9667017888952062,0.0015798726967499,0.0071614743330421,bf16_merged_minus_base,saved_merged_bf16,serialized_bf16_deployed_merged_checkpoint,ee1ff74206bbf28fc3730ee195d0d73daea786e5839b0431f3c5d78ee1deb338,c47c06b5784c7a79b26f69357ebef41f2fc747a86ea28639fed53e921bd62268
llama,llama3_2_3b,opd,40,40,14,mlp.up_proj,50,0.01,251658,13840590,25165824,0.5499756336212158,116458,0.0084142366763266,0.8414244700775723,rank32_norm_matched_lowrank_bf16_mask,32,3,0.8289234635975155,0.0030113705020449,0.0125010064800568,bf16_merged_minus_base,saved_merged_bf16,serialized_bf16_deployed_merged_checkpoint,ee1ff74206bbf28fc3730ee195d0d73daea786e5839b0431f3c5d78ee1deb338,c47c06b5784c7a79b26f69357ebef41f2fc747a86ea28639fed53e921bd62268
llama,llama3_2_3b,opd,40,40,14,mlp.up_proj,50,0.1,2516582,13840590,25165824,0.5499756336212158,1310693,0.0946992144121023,0.9469922946413952,rank32_norm_matched_lowrank_bf16_mask,32,3,0.9434597971083708,0.0012925251301914,0.0035324975330245,bf16_merged_minus_base,saved_merged_bf16,serialized_bf16_deployed_merged_checkpoint,ee1ff74206bbf28fc3730ee195d0d73daea786e5839b0431f3c5d78ee1deb338,c47c06b5784c7a79b26f69357ebef41f2fc747a86ea28639fed53e921bd62268
llama,llama3_2_3b,opd,80,80,14,mlp.up_proj,16,0.01,251658,15210382,25165824,0.6044062773386637,144672,0.0095113982015704,0.9511407272355308,rank32_norm_matched_lowrank_bf16_mask,32,3,0.9336892809093008,0.0019714488179043,0.0174514463262299,bf16_merged_minus_base,saved_merged_bf16,serialized_bf16_deployed_merged_checkpoint,ee1ff74206bbf28fc3730ee195d0d73daea786e5839b0431f3c5d78ee1deb338,f69cbf92bc9a6743b907a21aaf556d619c8355486026417cc0d3f614c2530622
llama,llama3_2_3b,opd,80,80,14,mlp.up_proj,16,0.1,2516582,15210382,25165824,0.6044062773386637,1522579,0.100101299231012,1.0010131514168763,rank32_norm_matched_lowrank_bf16_mask,32,3,0.99230096978104,0.00036229459351,0.0087121816358362,bf16_merged_minus_base,saved_merged_bf16,serialized_bf16_deployed_merged_checkpoint,ee1ff74206bbf28fc3730ee195d0d73daea786e5839b0431f3c5d78ee1deb338,f69cbf92bc9a6743b907a21aaf556d619c8355486026417cc0d3f614c2530622
llama,llama3_2_3b,opd,80,80,14,mlp.up_proj,32,0.01,251658,15210382,25165824,0.6044062773386637,137222,0.0090216011668871,0.9021609770564728,rank32_norm_matched_lowrank_bf16_mask,32,3,0.8890381132508915,0.0023492292172152,0.0131228638055811,bf16_merged_minus_base,saved_merged_bf16,serialized_bf16_deployed_merged_checkpoint,ee1ff74206bbf28fc3730ee195d0d73daea786e5839b0431f3c5d78ee1deb338,f69cbf92bc9a6743b907a21aaf556d619c8355486026417cc0d3f614c2530622
llama,llama3_2_3b,opd,80,80,14,mlp.up_proj,32,0.1,2516582,15210382,25165824,0.6044062773386637,1487290,0.0977812391562552,0.9778125469816712,rank32_norm_matched_lowrank_bf16_mask,32,3,0.9708530842789196,0.0007307280230621,0.0069594627027514,bf16_merged_minus_base,saved_merged_bf16,serialized_bf16_deployed_merged_checkpoint,ee1ff74206bbf28fc3730ee195d0d73daea786e5839b0431f3c5d78ee1deb338,f69cbf92bc9a6743b907a21aaf556d619c8355486026417cc0d3f614c2530622
llama,llama3_2_3b,opd,80,80,14,mlp.up_proj,50,0.01,251658,15210382,25165824,0.6044062773386637,131213,0.0086265420552882,0.8626550282207732,rank32_norm_matched_lowrank_bf16_mask,32,3,0.8517515709568584,0.0015620462318631,0.0109034572639148,bf16_merged_minus_base,saved_merged_bf16,serialized_bf16_deployed_merged_checkpoint,ee1ff74206bbf28fc3730ee195d0d73daea786e5839b0431f3c5d78ee1deb338,f69cbf92bc9a6743b907a21aaf556d619c8355486026417cc0d3f614c2530622
llama,llama3_2_3b,opd,80,80,14,mlp.up_proj,50,0.1,2516582,15210382,25165824,0.6044062773386637,1451799,0.0954478986786788,0.9544791384971616,rank32_norm_matched_lowrank_bf16_mask,32,3,0.9511848743254772,0.0004511431842932,0.0032942641716842,bf16_merged_minus_base,saved_merged_bf16,serialized_bf16_deployed_merged_checkpoint,ee1ff74206bbf28fc3730ee195d0d73daea786e5839b0431f3c5d78ee1deb338,f69cbf92bc9a6743b907a21aaf556d619c8355486026417cc0d3f614c2530622
llama,llama3_2_3b,opd,160,160,14,mlp.up_proj,16,0.01,251658,17145718,25165824,0.6813096205393473,164810,0.0096123125319103,0.9612321698934624,rank32_norm_matched_lowrank_bf16_mask,32,3,0.9466319015197038,0.0027581721012373,0.0146002683737587,bf16_merged_minus_base,saved_merged_bf16,serialized_bf16_deployed_merged_checkpoint,ee1ff74206bbf28fc3730ee195d0d73daea786e5839b0431f3c5d78ee1deb338,a0a3c0d8e1c8e7199217f56a6b2d11ba2ef4b6509d47354234f661ec42fc77f0
llama,llama3_2_3b,opd,160,160,14,mlp.up_proj,16,0.1,2516582,17145718,25165824,0.6813096205393473,1718488,0.100228406882698,1.0022842281357682,rank32_norm_matched_lowrank_bf16_mask,32,3,0.9936724499769856,0.0009041923466558,0.0086117781587827,bf16_merged_minus_base,saved_merged_bf16,serialized_bf16_deployed_merged_checkpoint,ee1ff74206bbf28fc3730ee195d0d73daea786e5839b0431f3c5d78ee1deb338,a0a3c0d8e1c8e7199217f56a6b2d11ba2ef4b6509d47354234f661ec42fc77f0
llama,llama3_2_3b,opd,160,160,14,mlp.up_proj,32,0.01,251658,17145718,25165824,0.6813096205393473,157908,0.009209763044044,0.9209771827166852,rank32_norm_matched_lowrank_bf16_mask,32,3,0.9122717502773856,0.0003531711760008,0.0087054324392994,bf16_merged_minus_base,saved_merged_bf16,serialized_bf16_deployed_merged_checkpoint,ee1ff74206bbf28fc3730ee195d0d73daea786e5839b0431f3c5d78ee1deb338,a0a3c0d8e1c8e7199217f56a6b2d11ba2ef4b6509d47354234f661ec42fc77f0
llama,llama3_2_3b,opd,160,160,14,mlp.up_proj,32,0.1,2516582,17145718,25165824,0.6813096205393473,1685094,0.0982807485810743,0.9828076420238108,rank32_norm_matched_lowrank_bf16_mask,32,3,0.977216259622247,0.0004340135324809,0.0055913824015636,bf16_merged_minus_base,saved_merged_bf16,serialized_bf16_deployed_merged_checkpoint,ee1ff74206bbf28fc3730ee195d0d73daea786e5839b0431f3c5d78ee1deb338,a0a3c0d8e1c8e7199217f56a6b2d11ba2ef4b6509d47354234f661ec42fc77f0
llama,llama3_2_3b,opd,160,160,14,mlp.up_proj,50,0.01,251658,17145718,25165824,0.6813096205393473,152469,0.0088925409831189,0.8892549463714965,rank32_norm_matched_lowrank_bf16_mask,32,3,0.8824811080181835,0.001601240295033,0.006773838353313,bf16_merged_minus_base,saved_merged_bf16,serialized_bf16_deployed_merged_checkpoint,ee1ff74206bbf28fc3730ee195d0d73daea786e5839b0431f3c5d78ee1deb338,a0a3c0d8e1c8e7199217f56a6b2d11ba2ef4b6509d47354234f661ec42fc77f0
llama,llama3_2_3b,opd,160,160,14,mlp.up_proj,50,0.1,2516582,17145718,25165824,0.6813096205393473,1654334,0.0964867146421048,0.9648672997825752,rank32_norm_matched_lowrank_bf16_mask,32,3,0.9614341490032584,0.0003388185597698,0.0034331507793168,bf16_merged_minus_base,saved_merged_bf16,serialized_bf16_deployed_merged_checkpoint,ee1ff74206bbf28fc3730ee195d0d73daea786e5839b0431f3c5d78ee1deb338,a0a3c0d8e1c8e7199217f56a6b2d11ba2ef4b6509d47354234f661ec42fc77f0
llama,llama3_2_3b,opd,320,320,14,mlp.up_proj,16,0.01,251658,18963707,25165824,0.7535500129063925,184724,0.0097409224894689,0.974093177914542,rank32_norm_matched_lowrank_bf16_mask,32,3,0.961029567128287,0.0007003702669843,0.0130636107862548,bf16_merged_minus_base,saved_merged_bf16,serialized_bf16_deployed_merged_checkpoint,ee1ff74206bbf28fc3730ee195d0d73daea786e5839b0431f3c5d78ee1deb338,3a9ff41755fb72e898ac7285540024f976a15514a2751210c92a2e5ea6aa773e
llama,llama3_2_3b,opd,320,320,14,mlp.up_proj,16,0.1,2516582,18963707,25165824,0.7535500129063925,1903695,0.1003862272286742,1.003862431846379,rank32_norm_matched_lowrank_bf16_mask,32,3,0.9953547532874,0.0003220671518815,0.0085076785589787,bf16_merged_minus_base,saved_merged_bf16,serialized_bf16_deployed_merged_checkpoint,ee1ff74206bbf28fc3730ee195d0d73daea786e5839b0431f3c5d78ee1deb338,3a9ff41755fb72e898ac7285540024f976a15514a2751210c92a2e5ea6aa773e
llama,llama3_2_3b,opd,320,320,14,mlp.up_proj,32,0.01,251658,18963707,25165824,0.7535500129063925,179104,0.0094445669298729,0.944457593692244,rank32_norm_matched_lowrank_bf16_mask,32,3,0.9337156349472518,0.0007309170211268,0.0107419587449922,bf16_merged_minus_base,saved_merged_bf16,serialized_bf16_deployed_merged_checkpoint,ee1ff74206bbf28fc3730ee195d0d73daea786e5839b0431f3c5d78ee1deb338,3a9ff41755fb72e898ac7285540024f976a15514a2751210c92a2e5ea6aa773e
llama,llama3_2_3b,opd,320,320,14,mlp.up_proj,32,0.1,2516582,18963707,25165824,0.7535500129063925,1875095,0.0988780832777051,0.9887809899395572,rank32_norm_matched_lowrank_bf16_mask,32,3,0.9827889104293822,0.0002515665747337,0.0059920795101749,bf16_merged_minus_base,saved_merged_bf16,serialized_bf16_deployed_merged_checkpoint,ee1ff74206bbf28fc3730ee195d0d73daea786e5839b0431f3c5d78ee1deb338,3a9ff41755fb72e898ac7285540024f976a15514a2751210c92a2e5ea6aa773e
llama,llama3_2_3b,opd,320,320,14,mlp.up_proj,50,0.01,251658,18963707,25165824,0.7535500129063925,174521,0.009202894771576,0.9202903548148792,rank32_norm_matched_lowrank_bf16_mask,32,3,0.9112840098008194,0.0010901153158158,0.0090063450140599,bf16_merged_minus_base,saved_merged_bf16,serialized_bf16_deployed_merged_checkpoint,ee1ff74206bbf28fc3730ee195d0d73daea786e5839b0431f3c5d78ee1deb338,3a9ff41755fb72e898ac7285540024f976a15514a2751210c92a2e5ea6aa773e
llama,llama3_2_3b,opd,320,320,14,mlp.up_proj,50,0.1,2516582,18963707,25165824,0.7535500129063925,1849881,0.0975484909147773,0.9754850641969488,rank32_norm_matched_lowrank_bf16_mask,32,3,0.9710254338427116,0.0002746999519244,0.0044596303542373,bf16_merged_minus_base,saved_merged_bf16,serialized_bf16_deployed_merged_checkpoint,ee1ff74206bbf28fc3730ee195d0d73daea786e5839b0431f3c5d78ee1deb338,3a9ff41755fb72e898ac7285540024f976a15514a2751210c92a2e5ea6aa773e
llama,llama3_2_3b,sft,5,5,14,mlp.up_proj,16,0.01,251658,6551268,25165824,0.2603240013122558,56018,0.0085507110989811,0.8550719253582483,rank32_norm_matched_lowrank_bf16_mask,32,3,0.8651188415431399,0.0013944392555234,-0.0100469161848916,bf16_merged_minus_base,saved_merged_bf16,serialized_bf16_deployed_merged_checkpoint,ee1ff74206bbf28fc3730ee195d0d73daea786e5839b0431f3c5d78ee1deb338,1e30cace3616758fd053f43e1cb0e81897b6b96273052a88100e2624a6ec02cf
llama,llama3_2_3b,sft,5,5,14,mlp.up_proj,16,0.1,2516582,6551268,25165824,0.2603240013122558,640621,0.0977858026873576,0.9778581822999484,rank32_norm_matched_lowrank_bf16_mask,32,3,0.9855613572547742,0.0008352535438483,-0.0077031749548257,bf16_merged_minus_base,saved_merged_bf16,serialized_bf16_deployed_merged_checkpoint,ee1ff74206bbf28fc3730ee195d0d73daea786e5839b0431f3c5d78ee1deb338,1e30cace3616758fd053f43e1cb0e81897b6b96273052a88100e2624a6ec02cf
llama,llama3_2_3b,sft,5,5,14,mlp.up_proj,32,0.01,251658,6551268,25165824,0.2603240013122558,50236,0.0076681338635513,0.7668141176460594,rank32_norm_matched_lowrank_bf16_mask,32,3,0.7699402217428601,0.0020295155938365,-0.0031261040968006,bf16_merged_minus_base,saved_merged_bf16,serialized_bf16_deployed_merged_checkpoint,ee1ff74206bbf28fc3730ee195d0d73daea786e5839b0431f3c5d78ee1deb338,1e30cace3616758fd053f43e1cb0e81897b6b96273052a88100e2624a6ec02cf
llama,llama3_2_3b,sft,5,5,14,mlp.up_proj,32,0.1,2516582,6551268,25165824,0.2603240013122558,609390,0.0930186339499467,0.9301864873486284,rank32_norm_matched_lowrank_bf16_mask,32,3,0.936582171202356,0.0001341508574541,-0.0063956838537276,bf16_merged_minus_base,saved_merged_bf16,serialized_bf16_deployed_merged_checkpoint,ee1ff74206bbf28fc3730ee195d0d73daea786e5839b0431f3c5d78ee1deb338,1e30cace3616758fd053f43e1cb0e81897b6b96273052a88100e2624a6ec02cf
llama,llama3_2_3b,sft,5,5,14,mlp.up_proj,50,0.01,251658,6551268,25165824,0.2603240013122558,45551,0.0069530051281675,0.6953011759076291,rank32_norm_matched_lowrank_bf16_mask,32,3,0.6982106044394515,0.0006629771633915,-0.0029094285318224,bf16_merged_minus_base,saved_merged_bf16,serialized_bf16_deployed_merged_checkpoint,ee1ff74206bbf28fc3730ee195d0d73daea786e5839b0431f3c5d78ee1deb338,1e30cace3616758fd053f43e1cb0e81897b6b96273052a88100e2624a6ec02cf
llama,llama3_2_3b,sft,5,5,14,mlp.up_proj,50,0.1,2516582,6551268,25165824,0.2603240013122558,581242,0.088722061133814,0.8872207523580817,rank32_norm_matched_lowrank_bf16_mask,32,3,0.892814759033821,0.0003670586503252,-0.0055940066757392,bf16_merged_minus_base,saved_merged_bf16,serialized_bf16_deployed_merged_checkpoint,ee1ff74206bbf28fc3730ee195d0d73daea786e5839b0431f3c5d78ee1deb338,1e30cace3616758fd053f43e1cb0e81897b6b96273052a88100e2624a6ec02cf
llama,llama3_2_3b,sft,20,20,14,mlp.up_proj,16,0.01,251658,13019639,25165824,0.5173539717992147,118734,0.0091196076941918,0.9119616391335756,rank32_norm_matched_lowrank_bf16_mask,32,3,0.9165679972553424,0.0037562336566893,-0.0046063581217666,bf16_merged_minus_base,saved_merged_bf16,serialized_bf16_deployed_merged_checkpoint,ee1ff74206bbf28fc3730ee195d0d73daea786e5839b0431f3c5d78ee1deb338,65cac27ccdd6ab011e3c5cca225746b8d7527a4d42509b295412ca1fa98293b3
llama,llama3_2_3b,sft,20,20,14,mlp.up_proj,16,0.1,2516582,13019639,25165824,0.5173539717992147,1289240,0.099022714838714,0.9902273057795318,rank32_norm_matched_lowrank_bf16_mask,32,3,0.991117574178621,0.0007043269454369,-0.0008902683990892,bf16_merged_minus_base,saved_merged_bf16,serialized_bf16_deployed_merged_checkpoint,ee1ff74206bbf28fc3730ee195d0d73daea786e5839b0431f3c5d78ee1deb338,65cac27ccdd6ab011e3c5cca225746b8d7527a4d42509b295412ca1fa98293b3
llama,llama3_2_3b,sft,20,20,14,mlp.up_proj,32,0.01,251658,13019639,25165824,0.5173539717992147,111307,0.0085491617701535,0.8549169923277318,rank32_norm_matched_lowrank_bf16_mask,32,3,0.8581614190118709,0.0024219331987921,-0.0032444266841391,bf16_merged_minus_base,saved_merged_bf16,serialized_bf16_deployed_merged_checkpoint,ee1ff74206bbf28fc3730ee195d0d73daea786e5839b0431f3c5d78ee1deb338,65cac27ccdd6ab011e3c5cca225746b8d7527a4d42509b295412ca1fa98293b3
llama,llama3_2_3b,sft,20,20,14,mlp.up_proj,32,0.1,2516582,13019639,25165824,0.5173539717992147,1249742,0.0959889901709256,0.9598900542796714,rank32_norm_matched_lowrank_bf16_mask,32,3,0.9627156423569638,0.0011563225027484,-0.0028255880772923,bf16_merged_minus_base,saved_merged_bf16,serialized_bf16_deployed_merged_checkpoint,ee1ff74206bbf28fc3730ee195d0d73daea786e5839b0431f3c5d78ee1deb338,65cac27ccdd6ab011e3c5cca225746b8d7527a4d42509b295412ca1fa98293b3
llama,llama3_2_3b,sft,20,20,14,mlp.up_proj,50,0.01,251658,13019639,25165824,0.5173539717992147,104944,0.0080604385421131,0.8060446229153735,rank32_norm_matched_lowrank_bf16_mask,32,3,0.808335368946174,0.0029449707168913,-0.0022907460308004,bf16_merged_minus_base,saved_merged_bf16,serialized_bf16_deployed_merged_checkpoint,ee1ff74206bbf28fc3730ee195d0d73daea786e5839b0431f3c5d78ee1deb338,65cac27ccdd6ab011e3c5cca225746b8d7527a4d42509b295412ca1fa98293b3
llama,llama3_2_3b,sft,20,20,14,mlp.up_proj,50,0.1,2516582,13019639,25165824,0.5173539717992147,1214684,0.0932962887834294,0.9329630361247748,rank32_norm_matched_lowrank_bf16_mask,32,3,0.93602743336332,0.0011188167828023,-0.003064397238545,bf16_merged_minus_base,saved_merged_bf16,serialized_bf16_deployed_merged_checkpoint,ee1ff74206bbf28fc3730ee195d0d73daea786e5839b0431f3c5d78ee1deb338,65cac27ccdd6ab011e3c5cca225746b8d7527a4d42509b295412ca1fa98293b3
llama,llama3_2_3b,sft,40,40,14,mlp.up_proj,16,0.01,251658,16074536,25165824,0.6387446721394857,150516,0.0093636295318259,0.9363638461687498,rank32_norm_matched_lowrank_bf16_mask,32,3,0.9429978112469318,0.0016656950676002,-0.006633965078182,bf16_merged_minus_base,saved_merged_bf16,serialized_bf16_deployed_merged_checkpoint,ee1ff74206bbf28fc3730ee195d0d73daea786e5839b0431f3c5d78ee1deb338,0852b518efa19fb5c2a6e3f887e5d6e84881cb780151ea70556d28777faf25e9
llama,llama3_2_3b,sft,40,40,14,mlp.up_proj,16,0.1,2516582,16074536,25165824,0.6387446721394857,1599908,0.0995305867615712,0.9953060258153444,rank32_norm_matched_lowrank_bf16_mask,32,3,0.993514307806612,0.0007833462193001,0.0017917180087323,bf16_merged_minus_base,saved_merged_bf16,serialized_bf16_deployed_merged_checkpoint,ee1ff74206bbf28fc3730ee195d0d73daea786e5839b0431f3c5d78ee1deb338,0852b518efa19fb5c2a6e3f887e5d6e84881cb780151ea70556d28777faf25e9
llama,llama3_2_3b,sft,40,40,14,mlp.up_proj,32,0.01,251658,16074536,25165824,0.6387446721394857,143605,0.0089336948823903,0.8933703402233869,rank32_norm_matched_lowrank_bf16_mask,32,3,0.9004918621441004,0.001674040208806,-0.0071215219207134,bf16_merged_minus_base,saved_merged_bf16,serialized_bf16_deployed_merged_checkpoint,ee1ff74206bbf28fc3730ee195d0d73daea786e5839b0431f3c5d78ee1deb338,0852b518efa19fb5c2a6e3f887e5d6e84881cb780151ea70556d28777faf25e9
llama,llama3_2_3b,sft,40,40,14,mlp.up_proj,32,0.1,2516582,16074536,25165824,0.6387446721394857,1564010,0.0972973652241035,0.9729738068910568,rank32_norm_matched_lowrank_bf16_mask,32,3,0.9740300787409576,0.0005592639426025,-0.0010562718499007,bf16_merged_minus_base,saved_merged_bf16,serialized_bf16_deployed_merged_checkpoint,ee1ff74206bbf28fc3730ee195d0d73daea786e5839b0431f3c5d78ee1deb338,0852b518efa19fb5c2a6e3f887e5d6e84881cb780151ea70556d28777faf25e9
llama,llama3_2_3b,sft,40,40,14,mlp.up_proj,50,0.01,251658,16074536,25165824,0.6387446721394857,137683,0.0085652861146349,0.8565294283136143,rank32_norm_matched_lowrank_bf16_mask,32,3,0.8661674751969013,0.000711078384406,-0.0096380468832869,bf16_merged_minus_base,saved_merged_bf16,serialized_bf16_deployed_merged_checkpoint,ee1ff74206bbf28fc3730ee195d0d73daea786e5839b0431f3c5d78ee1deb338,0852b518efa19fb5c2a6e3f887e5d6e84881cb780151ea70556d28777faf25e9
llama,llama3_2_3b,sft,40,40,14,mlp.up_proj,50,0.1,2516582,16074536,25165824,0.6387446721394857,1532367,0.0953288480613064,0.9532886321342114,rank32_norm_matched_lowrank_bf16_mask,32,3,0.955678632004898,0.0003223578389765,-0.0023899998706866,bf16_merged_minus_base,saved_merged_bf16,serialized_bf16_deployed_merged_checkpoint,ee1ff74206bbf28fc3730ee195d0d73daea786e5839b0431f3c5d78ee1deb338,0852b518efa19fb5c2a6e3f887e5d6e84881cb780151ea70556d28777faf25e9
llama,llama3_2_3b,sft,80,80,14,mlp.up_proj,16,0.01,251658,18254235,25165824,0.7253581285476685,174519,0.0095604663794456,0.956047549702558,rank32_norm_matched_lowrank_bf16_mask,32,3,0.956743647209248,0.0004830348985274,-0.0006960975066899,bf16_merged_minus_base,saved_merged_bf16,serialized_bf16_deployed_merged_checkpoint,ee1ff74206bbf28fc3730ee195d0d73daea786e5839b0431f3c5d78ee1deb338,f448bd199cf7ff6dacf1c4ff459e3bfe1cdf9ad4a33d2c4624de41f1ab97acb9
llama,llama3_2_3b,sft,80,80,14,mlp.up_proj,16,0.1,2516582,18254235,25165824,0.7253581285476685,1825068,0.0999805250671967,0.9998054095867576,rank32_norm_matched_lowrank_bf16_mask,32,3,0.9947864262412696,0.0004499867633833,0.0050189833454877,bf16_merged_minus_base,saved_merged_bf16,serialized_bf16_deployed_merged_checkpoint,ee1ff74206bbf28fc3730ee195d0d73daea786e5839b0431f3c5d78ee1deb338,f448bd199cf7ff6dacf1c4ff459e3bfe1cdf9ad4a33d2c4624de41f1ab97acb9
llama,llama3_2_3b,sft,80,80,14,mlp.up_proj,32,0.01,251658,18254235,25165824,0.7253581285476685,168739,0.009243827528242,0.9243836343851384,rank32_norm_matched_lowrank_bf16_mask,32,3,0.9265417577977106,0.0004900156297095,-0.0021581234125723,bf16_merged_minus_base,saved_merged_bf16,serialized_bf16_deployed_merged_checkpoint,ee1ff74206bbf28fc3730ee195d0d73daea786e5839b0431f3c5d78ee1deb338,f448bd199cf7ff6dacf1c4ff459e3bfe1cdf9ad4a33d2c4624de41f1ab97acb9
llama,llama3_2_3b,sft,80,80,14,mlp.up_proj,32,0.1,2516582,18254235,25165824,0.7253581285476685,1794555,0.0983089677546059,0.9830898338039809,rank32_norm_matched_lowrank_bf16_mask,32,3,0.9806039326099172,0.000217925064903,0.0024859011940634,bf16_merged_minus_base,saved_merged_bf16,serialized_bf16_deployed_merged_checkpoint,ee1ff74206bbf28fc3730ee195d0d73daea786e5839b0431f3c5d78ee1deb338,f448bd199cf7ff6dacf1c4ff459e3bfe1cdf9ad4a33d2c4624de41f1ab97acb9
llama,llama3_2_3b,sft,80,80,14,mlp.up_proj,50,0.01,251658,18254235,25165824,0.7253581285476685,163707,0.0089681654695472,0.8968174022264433,rank32_norm_matched_lowrank_bf16_mask,32,3,0.9011973876267249,0.0007600691802528,-0.0043799854002815,bf16_merged_minus_base,saved_merged_bf16,serialized_bf16_deployed_merged_checkpoint,ee1ff74206bbf28fc3730ee195d0d73daea786e5839b0431f3c5d78ee1deb338,f448bd199cf7ff6dacf1c4ff459e3bfe1cdf9ad4a33d2c4624de41f1ab97acb9
llama,llama3_2_3b,sft,80,80,14,mlp.up_proj,50,0.1,2516582,18254235,25165824,0.7253581285476685,1767247,0.0968129861371895,0.9681300152520173,rank32_norm_matched_lowrank_bf16_mask,32,3,0.9676241169059429,0.0004152603628574,0.0005058983460742,bf16_merged_minus_base,saved_merged_bf16,serialized_bf16_deployed_merged_checkpoint,ee1ff74206bbf28fc3730ee195d0d73daea786e5839b0431f3c5d78ee1deb338,f448bd199cf7ff6dacf1c4ff459e3bfe1cdf9ad4a33d2c4624de41f1ab97acb9
llama,llama3_2_3b,sft,160,160,14,mlp.up_proj,16,0.01,251658,19696688,25165824,0.7826760609944662,192114,0.0097536194917643,0.9753628793549572,rank32_norm_matched_lowrank_bf16_mask,32,3,0.967356120555265,0.0005108659975932,0.0080067587996922,bf16_merged_minus_base,saved_merged_bf16,serialized_bf16_deployed_merged_checkpoint,ee1ff74206bbf28fc3730ee195d0d73daea786e5839b0431f3c5d78ee1deb338,8a4848eabcc84ac2763a597b576d3410c450c3926f238fb8aab50b0bdbc28c58
llama,llama3_2_3b,sft,160,160,14,mlp.up_proj,16,0.1,2516582,19696688,25165824,0.7826760609944662,1977288,0.1003868264552903,1.0038684241134923,rank32_norm_matched_lowrank_bf16_mask,32,3,0.9960984492568232,0.0001936257931324,0.007769974856669,bf16_merged_minus_base,saved_merged_bf16,serialized_bf16_deployed_merged_checkpoint,ee1ff74206bbf28fc3730ee195d0d73daea786e5839b0431f3c5d78ee1deb338,8a4848eabcc84ac2763a597b576d3410c450c3926f238fb8aab50b0bdbc28c58
llama,llama3_2_3b,sft,160,160,14,mlp.up_proj,32,0.01,251658,19696688,25165824,0.7826760609944662,187010,0.0094944896319624,0.9494498686622036,rank32_norm_matched_lowrank_bf16_mask,32,3,0.944697545813494,0.0008585714324088,0.0047523228487095,bf16_merged_minus_base,saved_merged_bf16,serialized_bf16_deployed_merged_checkpoint,ee1ff74206bbf28fc3730ee195d0d73daea786e5839b0431f3c5d78ee1deb338,8a4848eabcc84ac2763a597b576d3410c450c3926f238fb8aab50b0bdbc28c58
llama,llama3_2_3b,sft,160,160,14,mlp.up_proj,32,0.1,2516582,19696688,25165824,0.7826760609944662,1950605,0.0990321316964557,0.9903214743719168,rank32_norm_matched_lowrank_bf16_mask,32,3,0.9855330586685646,8.713893624075078e-05,0.0047884157033523,bf16_merged_minus_base,saved_merged_bf16,serialized_bf16_deployed_merged_checkpoint,ee1ff74206bbf28fc3730ee195d0d73daea786e5839b0431f3c5d78ee1deb338,8a4848eabcc84ac2763a597b576d3410c450c3926f238fb8aab50b0bdbc28c58
llama,llama3_2_3b,sft,160,160,14,mlp.up_proj,50,0.01,251658,19696688,25165824,0.7826760609944662,182340,0.0092573939334369,0.925740276198418,rank32_norm_matched_lowrank_bf16_mask,32,3,0.9256512441036858,0.0006296149475583,8.903209473232199e-05,bf16_merged_minus_base,saved_merged_bf16,serialized_bf16_deployed_merged_checkpoint,ee1ff74206bbf28fc3730ee195d0d73daea786e5839b0431f3c5d78ee1deb338,8a4848eabcc84ac2763a597b576d3410c450c3926f238fb8aab50b0bdbc28c58
llama,llama3_2_3b,sft,160,160,14,mlp.up_proj,50,0.1,2516582,19696688,25165824,0.7826760609944662,1926988,0.0978330976253469,0.9783311317550152,rank32_norm_matched_lowrank_bf16_mask,32,3,0.9759109715730964,0.0002019116360022,0.0024201601819188,bf16_merged_minus_base,saved_merged_bf16,serialized_bf16_deployed_merged_checkpoint,ee1ff74206bbf28fc3730ee195d0d73daea786e5839b0431f3c5d78ee1deb338,8a4848eabcc84ac2763a597b576d3410c450c3926f238fb8aab50b0bdbc28c58
llama,llama3_2_3b,sft,320,320,14,mlp.up_proj,16,0.01,251658,20909897,25165824,0.8308846553166708,206806,0.0098903404450055,0.9890349877178198,rank32_norm_matched_lowrank_bf16_mask,32,3,0.974604901207946,0.0007246118487206,0.0144300865098738,bf16_merged_minus_base,saved_merged_bf16,serialized_bf16_deployed_merged_checkpoint,ee1ff74206bbf28fc3730ee195d0d73daea786e5839b0431f3c5d78ee1deb338,512046959f765d10c717856e58033674c94efcb54b865ad29d839de9742276fb
llama,llama3_2_3b,sft,320,320,14,mlp.up_proj,16,0.1,2516582,20909897,25165824,0.8308846553166708,2103333,0.1005903089814359,1.0059032496983749,rank32_norm_matched_lowrank_bf16_mask,32,3,0.9969343634772422,0.0002844300250435,0.0089688862211326,bf16_merged_minus_base,saved_merged_bf16,serialized_bf16_deployed_merged_checkpoint,ee1ff74206bbf28fc3730ee195d0d73daea786e5839b0431f3c5d78ee1deb338,512046959f765d10c717856e58033674c94efcb54b865ad29d839de9742276fb
llama,llama3_2_3b,sft,320,320,14,mlp.up_proj,32,0.01,251658,20909897,25165824,0.8308846553166708,202668,0.0096924437265281,0.969245296997162,rank32_norm_matched_lowrank_bf16_mask,32,3,0.9578605913939534,0.0009137306377968,0.0113847056032087,bf16_merged_minus_base,saved_merged_bf16,serialized_bf16_deployed_merged_checkpoint,ee1ff74206bbf28fc3730ee195d0d73daea786e5839b0431f3c5d78ee1deb338,512046959f765d10c717856e58033674c94efcb54b865ad29d839de9742276fb
llama,llama3_2_3b,sft,320,320,14,mlp.up_proj,32,0.1,2516582,20909897,25165824,0.8308846553166708,2081311,0.0995371234970693,0.9953713931807155,rank32_norm_matched_lowrank_bf16_mask,32,3,0.9892878951201104,0.000299840417757,0.0060834980606051,bf16_merged_minus_base,saved_merged_bf16,serialized_bf16_deployed_merged_checkpoint,ee1ff74206bbf28fc3730ee195d0d73daea786e5839b0431f3c5d78ee1deb338,512046959f765d10c717856e58033674c94efcb54b865ad29d839de9742276fb
llama,llama3_2_3b,sft,320,320,14,mlp.up_proj,50,0.01,251658,20909897,25165824,0.8308846553166708,198756,0.0095053552870203,0.9505364352042156,rank32_norm_matched_lowrank_bf16_mask,32,3,0.9433891267486394,0.0010014980267207,0.007147308455576,bf16_merged_minus_base,saved_merged_bf16,serialized_bf16_deployed_merged_checkpoint,ee1ff74206bbf28fc3730ee195d0d73daea786e5839b0431f3c5d78ee1deb338,512046959f765d10c717856e58033674c94efcb54b865ad29d839de9742276fb
llama,llama3_2_3b,sft,320,320,14,mlp.up_proj,50,0.1,2516582,20909897,25165824,0.8308846553166708,2061838,0.0986058420086909,0.986058576816699,rank32_norm_matched_lowrank_bf16_mask,32,3,0.9819258152308756,0.0003880830970557,0.0041327615858232,bf16_merged_minus_base,saved_merged_bf16,serialized_bf16_deployed_merged_checkpoint,ee1ff74206bbf28fc3730ee195d0d73daea786e5839b0431f3c5d78ee1deb338,512046959f765d10c717856e58033674c94efcb54b865ad29d839de9742276fb
llama,llama3_2_3b,offkd,5,5,14,mlp.up_proj,16,0.01,251658,5771360,25165824,0.2293332417805989,50310,0.0087171827784092,0.8717191091770504,rank32_norm_matched_lowrank_bf16_mask,32,3,0.8543585765414736,0.0044182430040583,0.0173605326355767,bf16_merged_minus_base,saved_merged_bf16,serialized_bf16_deployed_merged_checkpoint,ee1ff74206bbf28fc3730ee195d0d73daea786e5839b0431f3c5d78ee1deb338,2be624befc237d3515a63c7470e5d79727ee246b95274ee92d074e0ba5bd7d23
llama,llama3_2_3b,offkd,5,5,14,mlp.up_proj,16,0.1,2516582,5771360,25165824,0.2293332417805989,567387,0.0983107967619417,0.9831081238802454,rank32_norm_matched_lowrank_bf16_mask,32,3,0.9838459789437368,0.0020585369695533,-0.0007378550634915,bf16_merged_minus_base,saved_merged_bf16,serialized_bf16_deployed_merged_checkpoint,ee1ff74206bbf28fc3730ee195d0d73daea786e5839b0431f3c5d78ee1deb338,2be624befc237d3515a63c7470e5d79727ee246b95274ee92d074e0ba5bd7d23
llama,llama3_2_3b,offkd,5,5,14,mlp.up_proj,32,0.01,251658,5771360,25165824,0.2293332417805989,44574,0.0077233095838762,0.7723316949405257,rank32_norm_matched_lowrank_bf16_mask,32,3,0.7586619241033877,0.0052381708285238,0.0136697708371379,bf16_merged_minus_base,saved_merged_bf16,serialized_bf16_deployed_merged_checkpoint,ee1ff74206bbf28fc3730ee195d0d73daea786e5839b0431f3c5d78ee1deb338,2be624befc237d3515a63c7470e5d79727ee246b95274ee92d074e0ba5bd7d23
llama,llama3_2_3b,offkd,5,5,14,mlp.up_proj,32,0.1,2516582,5771360,25165824,0.2293332417805989,538378,0.093284425161487,0.9328443998864948,rank32_norm_matched_lowrank_bf16_mask,32,3,0.9343428950922004,0.0019342427686778,-0.0014984952057055,bf16_merged_minus_base,saved_merged_bf16,serialized_bf16_deployed_merged_checkpoint,ee1ff74206bbf28fc3730ee195d0d73daea786e5839b0431f3c5d78ee1deb338,2be624befc237d3515a63c7470e5d79727ee246b95274ee92d074e0ba5bd7d23
llama,llama3_2_3b,offkd,5,5,14,mlp.up_proj,50,0.01,251658,5771360,25165824,0.2293332417805989,40580,0.0070312716586731,0.7031278364222759,rank32_norm_matched_lowrank_bf16_mask,32,3,0.6874991232377331,0.0017768145510122,0.0156287131845428,bf16_merged_minus_base,saved_merged_bf16,serialized_bf16_deployed_merged_checkpoint,ee1ff74206bbf28fc3730ee195d0d73daea786e5839b0431f3c5d78ee1deb338,2be624befc237d3515a63c7470e5d79727ee246b95274ee92d074e0ba5bd7d23
llama,llama3_2_3b,offkd,5,5,14,mlp.up_proj,50,0.1,2516582,5771360,25165824,0.2293332417805989,513111,0.08890642760112,0.8890644173241836,rank32_norm_matched_lowrank_bf16_mask,32,3,0.8884219585299634,0.0014304692764495,0.0006424587942202,bf16_merged_minus_base,saved_merged_bf16,serialized_bf16_deployed_merged_checkpoint,ee1ff74206bbf28fc3730ee195d0d73daea786e5839b0431f3c5d78ee1deb338,2be624befc237d3515a63c7470e5d79727ee246b95274ee92d074e0ba5bd7d23
llama,llama3_2_3b,offkd,20,20,14,mlp.up_proj,16,0.01,251658,10677145,25165824,0.4242716232935588,96107,0.0090011889882548,0.9001197572465761,rank32_norm_matched_lowrank_bf16_mask,32,3,0.898094365619536,0.003044979870833,0.00202539162704,bf16_merged_minus_base,saved_merged_bf16,serialized_bf16_deployed_merged_checkpoint,ee1ff74206bbf28fc3730ee195d0d73daea786e5839b0431f3c5d78ee1deb338,95d7ed380e0b0b7c8707a9ccf789d8cf5c6f76682b7bf6c2062a7a18788eb1e4
llama,llama3_2_3b,offkd,20,20,14,mlp.up_proj,16,0.1,2516582,10677145,25165824,0.4242716232935588,1052309,0.0985571517479625,0.9855716741320248,rank32_norm_matched_lowrank_bf16_mask,32,3,0.989061829109323,0.0011742412984378,-0.0034901549772983,bf16_merged_minus_base,saved_merged_bf16,serialized_bf16_deployed_merged_checkpoint,ee1ff74206bbf28fc3730ee195d0d73daea786e5839b0431f3c5d78ee1deb338,95d7ed380e0b0b7c8707a9ccf789d8cf5c6f76682b7bf6c2062a7a18788eb1e4
llama,llama3_2_3b,offkd,20,20,14,mlp.up_proj,32,0.01,251658,10677145,25165824,0.4242716232935588,88040,0.0082456499373193,0.8245657800991453,rank32_norm_matched_lowrank_bf16_mask,32,3,0.8253545134982248,0.0013987026108989,-0.0007887333990794,bf16_merged_minus_base,saved_merged_bf16,serialized_bf16_deployed_merged_checkpoint,ee1ff74206bbf28fc3730ee195d0d73daea786e5839b0431f3c5d78ee1deb338,95d7ed380e0b0b7c8707a9ccf789d8cf5c6f76682b7bf6c2062a7a18788eb1e4
llama,llama3_2_3b,offkd,20,20,14,mlp.up_proj,32,0.1,2516582,10677145,25165824,0.4242716232935588,1011657,0.0947497669086633,0.9474978196873558,rank32_norm_matched_lowrank_bf16_mask,32,3,0.9523794692624517,0.0004499076330311,-0.0048816495750957,bf16_merged_minus_base,saved_merged_bf16,serialized_bf16_deployed_merged_checkpoint,ee1ff74206bbf28fc3730ee195d0d73daea786e5839b0431f3c5d78ee1deb338,95d7ed380e0b0b7c8707a9ccf789d8cf5c6f76682b7bf6c2062a7a18788eb1e4
llama,llama3_2_3b,offkd,20,20,14,mlp.up_proj,50,0.01,251658,10677145,25165824,0.4242716232935588,81568,0.007639495389451,0.7639502675048511,rank32_norm_matched_lowrank_bf16_mask,32,3,0.768576576540239,0.0018957675450285,-0.0046263090353879,bf16_merged_minus_base,saved_merged_bf16,serialized_bf16_deployed_merged_checkpoint,ee1ff74206bbf28fc3730ee195d0d73daea786e5839b0431f3c5d78ee1deb338,95d7ed380e0b0b7c8707a9ccf789d8cf5c6f76682b7bf6c2062a7a18788eb1e4
llama,llama3_2_3b,offkd,20,20,14,mlp.up_proj,50,0.1,2516582,10677145,25165824,0.4242716232935588,977613,0.0915612741046412,0.9156128865791616,rank32_norm_matched_lowrank_bf16_mask,32,3,0.9196297562550638,0.0002307799788623,-0.004016869675902,bf16_merged_minus_base,saved_merged_bf16,serialized_bf16_deployed_merged_checkpoint,ee1ff74206bbf28fc3730ee195d0d73daea786e5839b0431f3c5d78ee1deb338,95d7ed380e0b0b7c8707a9ccf789d8cf5c6f76682b7bf6c2062a7a18788eb1e4
llama,llama3_2_3b,offkd,40,40,14,mlp.up_proj,16,0.01,251658,13009244,25165824,0.5169409116109213,119356,0.0091747068469159,0.9174715596606556,rank32_norm_matched_lowrank_bf16_mask,32,3,0.9156704782578085,0.0021927030978902,0.0018010814028472,bf16_merged_minus_base,saved_merged_bf16,serialized_bf16_deployed_merged_checkpoint,ee1ff74206bbf28fc3730ee195d0d73daea786e5839b0431f3c5d78ee1deb338,ca10a657c41782d2ba925b60bdc14e11154983f27520ee8e899813bd91427074
llama,llama3_2_3b,offkd,40,40,14,mlp.up_proj,16,0.1,2516582,13009244,25165824,0.5169409116109213,1290207,0.0991761704215863,0.9917618618521664,rank32_norm_matched_lowrank_bf16_mask,32,3,0.9904935199315036,0.0004294958423355,0.0012683419206627,bf16_merged_minus_base,saved_merged_bf16,serialized_bf16_deployed_merged_checkpoint,ee1ff74206bbf28fc3730ee195d0d73daea786e5839b0431f3c5d78ee1deb338,ca10a657c41782d2ba925b60bdc14e11154983f27520ee8e899813bd91427074
llama,llama3_2_3b,offkd,40,40,14,mlp.up_proj,32,0.01,251658,13009244,25165824,0.5169409116109213,111407,0.0085636797956898,0.8563687962659159,rank32_norm_matched_lowrank_bf16_mask,32,3,0.8568636730914325,0.0039725065103122,-0.0004948768255166,bf16_merged_minus_base,saved_merged_bf16,serialized_bf16_deployed_merged_checkpoint,ee1ff74206bbf28fc3730ee195d0d73daea786e5839b0431f3c5d78ee1deb338,ca10a657c41782d2ba925b60bdc14e11154983f27520ee8e899813bd91427074
llama,llama3_2_3b,offkd,40,40,14,mlp.up_proj,32,0.1,2516582,13009244,25165824,0.5169409116109213,1249617,0.0960560813526135,0.9605609662031894,rank32_norm_matched_lowrank_bf16_mask,32,3,0.9618433472230536,0.0009999233213243,-0.0012823810198641,bf16_merged_minus_base,saved_merged_bf16,serialized_bf16_deployed_merged_checkpoint,ee1ff74206bbf28fc3730ee195d0d73daea786e5839b0431f3c5d78ee1deb338,ca10a657c41782d2ba925b60bdc14e11154983f27520ee8e899813bd91427074
llama,llama3_2_3b,offkd,40,40,14,mlp.up_proj,50,0.01,251658,13009244,25165824,0.5169409116109213,105018,0.0080725674758656,0.8072575174473234,rank32_norm_matched_lowrank_bf16_mask,32,3,0.8112684536006367,0.0029043014268904,-0.0040109361533132,bf16_merged_minus_base,saved_merged_bf16,serialized_bf16_deployed_merged_checkpoint,ee1ff74206bbf28fc3730ee195d0d73daea786e5839b0431f3c5d78ee1deb338,ca10a657c41782d2ba925b60bdc14e11154983f27520ee8e899813bd91427074
llama,llama3_2_3b,offkd,40,40,14,mlp.up_proj,50,0.1,2516582,13009244,25165824,0.5169409116109213,1214620,0.0933659173430831,0.9336593218319836,rank32_norm_matched_lowrank_bf16_mask,32,3,0.9357049024809694,0.0002301525078453,-0.0020455806489856,bf16_merged_minus_base,saved_merged_bf16,serialized_bf16_deployed_merged_checkpoint,ee1ff74206bbf28fc3730ee195d0d73daea786e5839b0431f3c5d78ee1deb338,ca10a657c41782d2ba925b60bdc14e11154983f27520ee8e899813bd91427074
llama,llama3_2_3b,offkd,80,80,14,mlp.up_proj,16,0.01,251658,15401468,25165824,0.6119993527730306,145103,0.0094213746377942,0.9421383622725852,rank32_norm_matched_lowrank_bf16_mask,32,3,0.934266614227917,0.001307265046289,0.0078717480446682,bf16_merged_minus_base,saved_merged_bf16,serialized_bf16_deployed_merged_checkpoint,ee1ff74206bbf28fc3730ee195d0d73daea786e5839b0431f3c5d78ee1deb338,cf14de44711121fd4ee38e514636f369a0aadae471ab85f53579fdfb7a2ba99a
llama,llama3_2_3b,offkd,80,80,14,mlp.up_proj,16,0.1,2516582,15401468,25165824,0.6119993527730306,1537107,0.0998026292039174,0.9980264506712064,rank32_norm_matched_lowrank_bf16_mask,32,3,0.9924631712604696,0.0011269145032291,0.0055632794107369,bf16_merged_minus_base,saved_merged_bf16,serialized_bf16_deployed_merged_checkpoint,ee1ff74206bbf28fc3730ee195d0d73daea786e5839b0431f3c5d78ee1deb338,cf14de44711121fd4ee38e514636f369a0aadae471ab85f53579fdfb7a2ba99a
llama,llama3_2_3b,offkd,80,80,14,mlp.up_proj,32,0.01,251658,15401468,25165824,0.6119993527730306,137547,0.0089307720536769,0.8930780570733017,rank32_norm_matched_lowrank_bf16_mask,32,3,0.8881932792722887,0.0033323892376622,0.0048847778010129,bf16_merged_minus_base,saved_merged_bf16,serialized_bf16_deployed_merged_checkpoint,ee1ff74206bbf28fc3730ee195d0d73daea786e5839b0431f3c5d78ee1deb338,cf14de44711121fd4ee38e514636f369a0aadae471ab85f53579fdfb7a2ba99a
llama,llama3_2_3b,offkd,80,80,14,mlp.up_proj,32,0.1,2516582,15401468,25165824,0.6119993527730306,1499250,0.0973446167599088,0.9734463223242146,rank32_norm_matched_lowrank_bf16_mask,32,3,0.970350028180266,0.0010421779977548,0.0030962941439485,bf16_merged_minus_base,saved_merged_bf16,serialized_bf16_deployed_merged_checkpoint,ee1ff74206bbf28fc3730ee195d0d73daea786e5839b0431f3c5d78ee1deb338,cf14de44711121fd4ee38e514636f369a0aadae471ab85f53579fdfb7a2ba99a
llama,llama3_2_3b,offkd,80,80,14,mlp.up_proj,50,0.01,251658,15401468,25165824,0.6119993527730306,131185,0.0085176945470392,0.8517702670153554,rank32_norm_matched_lowrank_bf16_mask,32,3,0.8511948612774866,0.0035771213681127,0.0005754057378688,bf16_merged_minus_base,saved_merged_bf16,serialized_bf16_deployed_merged_checkpoint,ee1ff74206bbf28fc3730ee195d0d73daea786e5839b0431f3c5d78ee1deb338,cf14de44711121fd4ee38e514636f369a0aadae471ab85f53579fdfb7a2ba99a
llama,llama3_2_3b,offkd,80,80,14,mlp.up_proj,50,0.1,2516582,15401468,25165824,0.6119993527730306,1465164,0.0951314511058296,0.9513146622656898,rank32_norm_matched_lowrank_bf16_mask,32,3,0.9504722013094844,0.0012252101592248,0.0008424609562053,bf16_merged_minus_base,saved_merged_bf16,serialized_bf16_deployed_merged_checkpoint,ee1ff74206bbf28fc3730ee195d0d73daea786e5839b0431f3c5d78ee1deb338,cf14de44711121fd4ee38e514636f369a0aadae471ab85f53579fdfb7a2ba99a
llama,llama3_2_3b,offkd,160,160,14,mlp.up_proj,16,0.01,251658,17633368,25165824,0.7006870905558268,167910,0.00952228751762,0.9522296598789702,rank32_norm_matched_lowrank_bf16_mask,32,3,0.948427812712844,0.0022973943986954,0.0038018471661263,bf16_merged_minus_base,saved_merged_bf16,serialized_bf16_deployed_merged_checkpoint,ee1ff74206bbf28fc3730ee195d0d73daea786e5839b0431f3c5d78ee1deb338,cd5faaa49977497deb446412a5278accb89f2a044a8ecc0cd2c4888d288a2cfe
llama,llama3_2_3b,offkd,160,160,14,mlp.up_proj,16,0.1,2516582,17633368,25165824,0.7006870905558268,1760386,0.0998326581739801,0.9983267404195636,rank32_norm_matched_lowrank_bf16_mask,32,3,0.994508894414957,0.0005900639612738,0.0038178460046064,bf16_merged_minus_base,saved_merged_bf16,serialized_bf16_deployed_merged_checkpoint,ee1ff74206bbf28fc3730ee195d0d73daea786e5839b0431f3c5d78ee1deb338,cd5faaa49977497deb446412a5278accb89f2a044a8ecc0cd2c4888d288a2cfe
llama,llama3_2_3b,offkd,160,160,14,mlp.up_proj,32,0.01,251658,17633368,25165824,0.7006870905558268,161454,0.009156163473705,0.9156172205711348,rank32_norm_matched_lowrank_bf16_mask,32,3,0.9148122843345724,0.000956552371048,0.0008049362365626,bf16_merged_minus_base,saved_merged_bf16,serialized_bf16_deployed_merged_checkpoint,ee1ff74206bbf28fc3730ee195d0d73daea786e5839b0431f3c5d78ee1deb338,cd5faaa49977497deb446412a5278accb89f2a044a8ecc0cd2c4888d288a2cfe
llama,llama3_2_3b,offkd,160,160,14,mlp.up_proj,32,0.1,2516582,17633368,25165824,0.7006870905558268,1727314,0.0979571231088695,0.979571386787374,rank32_norm_matched_lowrank_bf16_mask,32,3,0.978082293610519,0.000876214822881,0.0014890931768548,bf16_merged_minus_base,saved_merged_bf16,serialized_bf16_deployed_merged_checkpoint,ee1ff74206bbf28fc3730ee195d0d73daea786e5839b0431f3c5d78ee1deb338,cd5faaa49977497deb446412a5278accb89f2a044a8ecc0cd2c4888d288a2cfe
llama,llama3_2_3b,offkd,160,160,14,mlp.up_proj,50,0.01,251658,17633368,25165824,0.7006870905558268,155894,0.0088408521843359,0.8840860615637675,rank32_norm_matched_lowrank_bf16_mask,32,3,0.8848642347424599,0.0010958878609103,-0.0007781731786924,bf16_merged_minus_base,saved_merged_bf16,serialized_bf16_deployed_merged_checkpoint,ee1ff74206bbf28fc3730ee195d0d73daea786e5839b0431f3c5d78ee1deb338,cd5faaa49977497deb446412a5278accb89f2a044a8ecc0cd2c4888d288a2cfe
llama,llama3_2_3b,offkd,160,160,14,mlp.up_proj,50,0.1,2516582,17633368,25165824,0.7006870905558268,1698051,0.0962975989612421,0.962976142673357,rank32_norm_matched_lowrank_bf16_mask,32,3,0.9624115945841542,0.000633730206705,0.0005645480892028,bf16_merged_minus_base,saved_merged_bf16,serialized_bf16_deployed_merged_checkpoint,ee1ff74206bbf28fc3730ee195d0d73daea786e5839b0431f3c5d78ee1deb338,cd5faaa49977497deb446412a5278accb89f2a044a8ecc0cd2c4888d288a2cfe
llama,llama3_2_3b,offkd,320,320,14,mlp.up_proj,16,0.01,251658,19111572,25165824,0.7594256401062012,184615,0.0096598542495614,0.9659863461925152,rank32_norm_matched_lowrank_bf16_mask,32,3,0.959056631313849,0.0018270167414745,0.0069297148786663,bf16_merged_minus_base,saved_merged_bf16,serialized_bf16_deployed_merged_checkpoint,ee1ff74206bbf28fc3730ee195d0d73daea786e5839b0431f3c5d78ee1deb338,d186d13624c8c67ebb57d26a17a479665cdce699eead66c71e23e125f3483031
llama,llama3_2_3b,offkd,320,320,14,mlp.up_proj,16,0.1,2516582,19111572,25165824,0.7594256401062012,1914283,0.1001635553579789,1.0016357127854982,rank32_norm_matched_lowrank_bf16_mask,32,3,0.9954703299118972,0.0006413430324431,0.0061653828736009,bf16_merged_minus_base,saved_merged_bf16,serialized_bf16_deployed_merged_checkpoint,ee1ff74206bbf28fc3730ee195d0d73daea786e5839b0431f3c5d78ee1deb338,d186d13624c8c67ebb57d26a17a479665cdce699eead66c71e23e125f3483031
llama,llama3_2_3b,offkd,320,320,14,mlp.up_proj,32,0.01,251658,19111572,25165824,0.7594256401062012,179086,0.0093705530868941,0.9370562023358492,rank32_norm_matched_lowrank_bf16_mask,32,3,0.9325087667887104,0.0013663524181461,0.0045474355471386,bf16_merged_minus_base,saved_merged_bf16,serialized_bf16_deployed_merged_checkpoint,ee1ff74206bbf28fc3730ee195d0d73daea786e5839b0431f3c5d78ee1deb338,d186d13624c8c67ebb57d26a17a479665cdce699eead66c71e23e125f3483031
llama,llama3_2_3b,offkd,320,320,14,mlp.up_proj,32,0.1,2516582,19111572,25165824,0.7594256401062012,1885990,0.0986831433855885,0.986831590708543,rank32_norm_matched_lowrank_bf16_mask,32,3,0.9826248604935224,0.0007398606250959,0.0042067302150207,bf16_merged_minus_base,saved_merged_bf16,serialized_bf16_deployed_merged_checkpoint,ee1ff74206bbf28fc3730ee195d0d73daea786e5839b0431f3c5d78ee1deb338,d186d13624c8c67ebb57d26a17a479665cdce699eead66c71e23e125f3483031
llama,llama3_2_3b,offkd,320,320,14,mlp.up_proj,50,0.01,251658,19111572,25165824,0.7594256401062012,174274,0.009118768461328,0.9118777157671608,rank32_norm_matched_lowrank_bf16_mask,32,3,0.9097109622062862,0.0017819991295434,0.0021667535608747,bf16_merged_minus_base,saved_merged_bf16,serialized_bf16_deployed_merged_checkpoint,ee1ff74206bbf28fc3730ee195d0d73daea786e5839b0431f3c5d78ee1deb338,d186d13624c8c67ebb57d26a17a479665cdce699eead66c71e23e125f3483031
llama,llama3_2_3b,offkd,320,320,14,mlp.up_proj,50,0.1,2516582,19111572,25165824,0.7594256401062012,1860649,0.0973571928044433,0.973572082789548,rank32_norm_matched_lowrank_bf16_mask,32,3,0.9707063370259832,0.0005382514353057,0.002865745763565,bf16_merged_minus_base,saved_merged_bf16,serialized_bf16_deployed_merged_checkpoint,ee1ff74206bbf28fc3730ee195d0d73daea786e5839b0431f3c5d78ee1deb338,d186d13624c8c67ebb57d26a17a479665cdce699eead66c71e23e125f3483031
llama,llama3_2_3b,seqkd,5,5,14,mlp.up_proj,16,0.01,251658,5553295,25165824,0.2206681172053019,47327,0.0085223277351554,0.8522335862688263,rank32_norm_matched_lowrank_bf16_mask,32,3,0.8521532078197261,0.0007882715932795,8.037844910013803e-05,bf16_merged_minus_base,saved_merged_bf16,serialized_bf16_deployed_merged_checkpoint,ee1ff74206bbf28fc3730ee195d0d73daea786e5839b0431f3c5d78ee1deb338,e61ee4324c15327824761d75c2d30562a84e8664b4701bdc8a42d9ccce69bc43
llama,llama3_2_3b,seqkd,5,5,14,mlp.up_proj,16,0.1,2516582,5553295,25165824,0.2206681172053019,543111,0.0977997747283369,0.9779979027319498,rank32_norm_matched_lowrank_bf16_mask,32,3,0.981106051625248,0.0016477141730657,-0.0031081488932982,bf16_merged_minus_base,saved_merged_bf16,serialized_bf16_deployed_merged_checkpoint,ee1ff74206bbf28fc3730ee195d0d73daea786e5839b0431f3c5d78ee1deb338,e61ee4324c15327824761d75c2d30562a84e8664b4701bdc8a42d9ccce69bc43
llama,llama3_2_3b,seqkd,5,5,14,mlp.up_proj,32,0.01,251658,5553295,25165824,0.2206681172053019,42110,0.0075828854761002,0.7582892707710245,rank32_norm_matched_lowrank_bf16_mask,32,3,0.75694092961633,0.0019081143243676,0.0013483411546945,bf16_merged_minus_base,saved_merged_bf16,serialized_bf16_deployed_merged_checkpoint,ee1ff74206bbf28fc3730ee195d0d73daea786e5839b0431f3c5d78ee1deb338,e61ee4324c15327824761d75c2d30562a84e8664b4701bdc8a42d9ccce69bc43
llama,llama3_2_3b,seqkd,5,5,14,mlp.up_proj,32,0.1,2516582,5553295,25165824,0.2206681172053019,514951,0.0927289113940462,0.927289261329121,rank32_norm_matched_lowrank_bf16_mask,32,3,0.9306362304406708,0.000800973554551,-0.0033469691115496,bf16_merged_minus_base,saved_merged_bf16,serialized_bf16_deployed_merged_checkpoint,ee1ff74206bbf28fc3730ee195d0d73daea786e5839b0431f3c5d78ee1deb338,e61ee4324c15327824761d75c2d30562a84e8664b4701bdc8a42d9ccce69bc43
llama,llama3_2_3b,seqkd,5,5,14,mlp.up_proj,50,0.01,251658,5553295,25165824,0.2206681172053019,38252,0.0068881627934406,0.6888169362510859,rank32_norm_matched_lowrank_bf16_mask,32,3,0.6845702106613435,0.0026792103131042,0.0042467255897423,bf16_merged_minus_base,saved_merged_bf16,serialized_bf16_deployed_merged_checkpoint,ee1ff74206bbf28fc3730ee195d0d73daea786e5839b0431f3c5d78ee1deb338,e61ee4324c15327824761d75c2d30562a84e8664b4701bdc8a42d9ccce69bc43
llama,llama3_2_3b,seqkd,5,5,14,mlp.up_proj,50,0.1,2516582,5553295,25165824,0.2206681172053019,491197,0.0884514508953693,0.8845146495435104,rank32_norm_matched_lowrank_bf16_mask,32,3,0.8846937144983755,0.0006088215428887,-0.000179064954865,bf16_merged_minus_base,saved_merged_bf16,serialized_bf16_deployed_merged_checkpoint,ee1ff74206bbf28fc3730ee195d0d73daea786e5839b0431f3c5d78ee1deb338,e61ee4324c15327824761d75c2d30562a84e8664b4701bdc8a42d9ccce69bc43
llama,llama3_2_3b,seqkd,20,20,14,mlp.up_proj,16,0.01,251658,10379230,25165824,0.4124335447947184,92857,0.0089464247347828,0.894643326676646,rank32_norm_matched_lowrank_bf16_mask,32,3,0.8923311665879523,0.0039048236298505,0.0023121600886937,bf16_merged_minus_base,saved_merged_bf16,serialized_bf16_deployed_merged_checkpoint,ee1ff74206bbf28fc3730ee195d0d73daea786e5839b0431f3c5d78ee1deb338,d035384549475363d1ae96f0241a70e99cadc9f401a3784fb1df4458d0877504
llama,llama3_2_3b,seqkd,20,20,14,mlp.up_proj,16,0.1,2516582,10379230,25165824,0.4124335447947184,1021867,0.0984530644373426,0.9845308008603828,rank32_norm_matched_lowrank_bf16_mask,32,3,0.986635410380208,0.0015034095788634,-0.0021046095198251,bf16_merged_minus_base,saved_merged_bf16,serialized_bf16_deployed_merged_checkpoint,ee1ff74206bbf28fc3730ee195d0d73daea786e5839b0431f3c5d78ee1deb338,d035384549475363d1ae96f0241a70e99cadc9f401a3784fb1df4458d0877504
llama,llama3_2_3b,seqkd,20,20,14,mlp.up_proj,32,0.01,251658,10379230,25165824,0.4124335447947184,84659,0.008156578089126,0.8156585867852524,rank32_norm_matched_lowrank_bf16_mask,32,3,0.8188452339499043,0.0021813643371064,-0.0031866471646518,bf16_merged_minus_base,saved_merged_bf16,serialized_bf16_deployed_merged_checkpoint,ee1ff74206bbf28fc3730ee195d0d73daea786e5839b0431f3c5d78ee1deb338,d035384549475363d1ae96f0241a70e99cadc9f401a3784fb1df4458d0877504
llama,llama3_2_3b,seqkd,20,20,14,mlp.up_proj,32,0.1,2516582,10379230,25165824,0.4124335447947184,982173,0.0946286959629953,0.9462871100382388,rank32_norm_matched_lowrank_bf16_mask,32,3,0.9507026400398892,0.0008458375856869,-0.0044155300016505,bf16_merged_minus_base,saved_merged_bf16,serialized_bf16_deployed_merged_checkpoint,ee1ff74206bbf28fc3730ee195d0d73daea786e5839b0431f3c5d78ee1deb338,d035384549475363d1ae96f0241a70e99cadc9f401a3784fb1df4458d0877504
llama,llama3_2_3b,seqkd,20,20,14,mlp.up_proj,50,0.01,251658,10379230,25165824,0.4124335447947184,78726,0.0075849557240758,0.7584962957660234,rank32_norm_matched_lowrank_bf16_mask,32,3,0.7609812056496631,0.0035994546492497,-0.0024849098836396,bf16_merged_minus_base,saved_merged_bf16,serialized_bf16_deployed_merged_checkpoint,ee1ff74206bbf28fc3730ee195d0d73daea786e5839b0431f3c5d78ee1deb338,d035384549475363d1ae96f0241a70e99cadc9f401a3784fb1df4458d0877504
llama,llama3_2_3b,seqkd,20,20,14,mlp.up_proj,50,0.1,2516582,10379230,25165824,0.4124335447947184,948506,0.091385006402209,0.9138502092746692,rank32_norm_matched_lowrank_bf16_mask,32,3,0.9174562409145552,0.0011408728086175,-0.0036060316398859,bf16_merged_minus_base,saved_merged_bf16,serialized_bf16_deployed_merged_checkpoint,ee1ff74206bbf28fc3730ee195d0d73daea786e5839b0431f3c5d78ee1deb338,d035384549475363d1ae96f0241a70e99cadc9f401a3784fb1df4458d0877504
llama,llama3_2_3b,seqkd,40,40,14,mlp.up_proj,16,0.01,251658,12783423,25165824,0.5079675912857056,116653,0.0091253336449869,0.9125342347591574,rank32_norm_matched_lowrank_bf16_mask,32,3,0.9122763818703696,0.0010204199935299,0.0002578528887876,bf16_merged_minus_base,saved_merged_bf16,serialized_bf16_deployed_merged_checkpoint,ee1ff74206bbf28fc3730ee195d0d73daea786e5839b0431f3c5d78ee1deb338,6482b0f2ca9558e60a0941db7f6e39b9fe1dc7b11cb631fd23aa8767e4041aef
llama,llama3_2_3b,seqkd,40,40,14,mlp.up_proj,16,0.1,2516582,12783423,25165824,0.5079675912857056,1266632,0.0990839464515881,0.9908396220055976,rank32_norm_matched_lowrank_bf16_mask,32,3,0.9899799135997625,0.0009000719087891,0.0008597084058352,bf16_merged_minus_base,saved_merged_bf16,serialized_bf16_deployed_merged_checkpoint,ee1ff74206bbf28fc3730ee195d0d73daea786e5839b0431f3c5d78ee1deb338,6482b0f2ca9558e60a0941db7f6e39b9fe1dc7b11cb631fd23aa8767e4041aef
llama,llama3_2_3b,seqkd,40,40,14,mlp.up_proj,32,0.01,251658,12783423,25165824,0.5079675912857056,108910,0.0085196273329921,0.8519635457949631,rank32_norm_matched_lowrank_bf16_mask,32,3,0.8526612145103756,0.000912395304473,-0.0006976687154124,bf16_merged_minus_base,saved_merged_bf16,serialized_bf16_deployed_merged_checkpoint,ee1ff74206bbf28fc3730ee195d0d73daea786e5839b0431f3c5d78ee1deb338,6482b0f2ca9558e60a0941db7f6e39b9fe1dc7b11cb631fd23aa8767e4041aef
llama,llama3_2_3b,seqkd,40,40,14,mlp.up_proj,32,0.1,2516582,12783423,25165824,0.5079675912857056,1226045,0.0959089752408255,0.9590899048514904,rank32_norm_matched_lowrank_bf16_mask,32,3,0.9615010551149332,0.000986278594036,-0.0024111502634426,bf16_merged_minus_base,saved_merged_bf16,serialized_bf16_deployed_merged_checkpoint,ee1ff74206bbf28fc3730ee195d0d73daea786e5839b0431f3c5d78ee1deb338,6482b0f2ca9558e60a0941db7f6e39b9fe1dc7b11cb631fd23aa8767e4041aef
llama,llama3_2_3b,seqkd,40,40,14,mlp.up_proj,50,0.01,251658,12783423,25165824,0.5079675912857056,102462,0.0080152240913877,0.8015231735308376,rank32_norm_matched_lowrank_bf16_mask,32,3,0.8046363025450392,0.0018109498468183,-0.0031131290142015,bf16_merged_minus_base,saved_merged_bf16,serialized_bf16_deployed_merged_checkpoint,ee1ff74206bbf28fc3730ee195d0d73daea786e5839b0431f3c5d78ee1deb338,6482b0f2ca9558e60a0941db7f6e39b9fe1dc7b11cb631fd23aa8767e4041aef
llama,llama3_2_3b,seqkd,40,40,14,mlp.up_proj,50,0.1,2516582,12783423,25165824,0.5079675912857056,1190216,0.0931062048091501,0.9310621960798516,rank32_norm_matched_lowrank_bf16_mask,32,3,0.934924312905648,0.0005402490673043,-0.0038621168257966,bf16_merged_minus_base,saved_merged_bf16,serialized_bf16_deployed_merged_checkpoint,ee1ff74206bbf28fc3730ee195d0d73daea786e5839b0431f3c5d78ee1deb338,6482b0f2ca9558e60a0941db7f6e39b9fe1dc7b11cb631fd23aa8767e4041aef
llama,llama3_2_3b,seqkd,80,80,14,mlp.up_proj,16,0.01,251658,15202921,25165824,0.6041098038355509,142906,0.0093999041368431,0.9399913101298878,rank32_norm_matched_lowrank_bf16_mask,32,3,0.9345922519507752,0.0003744468893134,0.0053990581791126,bf16_merged_minus_base,saved_merged_bf16,serialized_bf16_deployed_merged_checkpoint,ee1ff74206bbf28fc3730ee195d0d73daea786e5839b0431f3c5d78ee1deb338,061e94dfd6e4fecdcf299d76dcadac27ac03a61191135487da4a5c3b72922eec
llama,llama3_2_3b,seqkd,80,80,14,mlp.up_proj,16,0.1,2516582,15202921,25165824,0.6041098038355509,1515464,0.0996824228712364,0.9968243871533332,rank32_norm_matched_lowrank_bf16_mask,32,3,0.9928404036534336,0.0009443216074361,0.0039839834998997,bf16_merged_minus_base,saved_merged_bf16,serialized_bf16_deployed_merged_checkpoint,ee1ff74206bbf28fc3730ee195d0d73daea786e5839b0431f3c5d78ee1deb338,061e94dfd6e4fecdcf299d76dcadac27ac03a61191135487da4a5c3b72922eec
llama,llama3_2_3b,seqkd,80,80,14,mlp.up_proj,32,0.01,251658,15202921,25165824,0.6041098038355509,135053,0.0088833586650881,0.8883367136927192,rank32_norm_matched_lowrank_bf16_mask,32,3,0.8882653945373501,0.0007661298837448,7.131915536906508e-05,bf16_merged_minus_base,saved_merged_bf16,serialized_bf16_deployed_merged_checkpoint,ee1ff74206bbf28fc3730ee195d0d73daea786e5839b0431f3c5d78ee1deb338,061e94dfd6e4fecdcf299d76dcadac27ac03a61191135487da4a5c3b72922eec
llama,llama3_2_3b,seqkd,80,80,14,mlp.up_proj,32,0.1,2516582,15202921,25165824,0.6041098038355509,1476979,0.0971510014424201,0.9715101688415844,rank32_norm_matched_lowrank_bf16_mask,32,3,0.9702466712452996,0.0003171044361646,0.0012634975962847,bf16_merged_minus_base,saved_merged_bf16,serialized_bf16_deployed_merged_checkpoint,ee1ff74206bbf28fc3730ee195d0d73daea786e5839b0431f3c5d78ee1deb338,061e94dfd6e4fecdcf299d76dcadac27ac03a61191135487da4a5c3b72922eec
llama,llama3_2_3b,seqkd,80,80,14,mlp.up_proj,50,0.01,251658,15202921,25165824,0.6041098038355509,128948,0.008481791097908,0.8481799186782134,rank32_norm_matched_lowrank_bf16_mask,32,3,0.8489079136639882,0.0013842220935922,-0.0007279949857748,bf16_merged_minus_base,saved_merged_bf16,serialized_bf16_deployed_merged_checkpoint,ee1ff74206bbf28fc3730ee195d0d73daea786e5839b0431f3c5d78ee1deb338,061e94dfd6e4fecdcf299d76dcadac27ac03a61191135487da4a5c3b72922eec
llama,llama3_2_3b,seqkd,80,80,14,mlp.up_proj,50,0.1,2516582,15202921,25165824,0.6041098038355509,1443578,0.0949539894340041,0.9495400452653672,rank32_norm_matched_lowrank_bf16_mask,32,3,0.9492373949028776,0.0003572866931744,0.0003026503624896,bf16_merged_minus_base,saved_merged_bf16,serialized_bf16_deployed_merged_checkpoint,ee1ff74206bbf28fc3730ee195d0d73daea786e5839b0431f3c5d78ee1deb338,061e94dfd6e4fecdcf299d76dcadac27ac03a61191135487da4a5c3b72922eec
llama,llama3_2_3b,seqkd,160,160,14,mlp.up_proj,16,0.01,251658,17314528,25165824,0.6880175272623698,165070,0.009533612466941,0.953362155891108,rank32_norm_matched_lowrank_bf16_mask,32,3,0.945293720904576,0.0012211247133358,0.008068434986532,bf16_merged_minus_base,saved_merged_bf16,serialized_bf16_deployed_merged_checkpoint,ee1ff74206bbf28fc3730ee195d0d73daea786e5839b0431f3c5d78ee1deb338,c5553432becc8324e7c64e30fdf45fb0c0ca460f2a8e68160b4ea6a9b5062e74
llama,llama3_2_3b,seqkd,160,160,14,mlp.up_proj,16,0.1,2516582,17314528,25165824,0.6880175272623698,1728834,0.099848751291401,0.998487671619352,rank32_norm_matched_lowrank_bf16_mask,32,3,0.9934756464207404,0.0003943893150761,0.0050120251986115,bf16_merged_minus_base,saved_merged_bf16,serialized_bf16_deployed_merged_checkpoint,ee1ff74206bbf28fc3730ee195d0d73daea786e5839b0431f3c5d78ee1deb338,c5553432becc8324e7c64e30fdf45fb0c0ca460f2a8e68160b4ea6a9b5062e74
llama,llama3_2_3b,seqkd,160,160,14,mlp.up_proj,32,0.01,251658,17314528,25165824,0.6880175272623698,158472,0.0091525451921068,0.9152553920662486,rank32_norm_matched_lowrank_bf16_mask,32,3,0.909628057674952,0.0008821721109037,0.0056273343912965,bf16_merged_minus_base,saved_merged_bf16,serialized_bf16_deployed_merged_checkpoint,ee1ff74206bbf28fc3730ee195d0d73daea786e5839b0431f3c5d78ee1deb338,c5553432becc8324e7c64e30fdf45fb0c0ca460f2a8e68160b4ea6a9b5062e74
llama,llama3_2_3b,seqkd,160,160,14,mlp.up_proj,32,0.1,2516582,17314528,25165824,0.6880175272623698,1695559,0.0979269547515242,0.9792697031659702,rank32_norm_matched_lowrank_bf16_mask,32,3,0.976467962246608,0.0001760512658779,0.002801740919362,bf16_merged_minus_base,saved_merged_bf16,serialized_bf16_deployed_merged_checkpoint,ee1ff74206bbf28fc3730ee195d0d73daea786e5839b0431f3c5d78ee1deb338,c5553432becc8324e7c64e30fdf45fb0c0ca460f2a8e68160b4ea6a9b5062e74
llama,llama3_2_3b,seqkd,160,160,14,mlp.up_proj,50,0.01,251658,17314528,25165824,0.6880175272623698,152703,0.0088193567852383,0.881936519604046,rank32_norm_matched_lowrank_bf16_mask,32,3,0.8786631272559031,0.0004838885209108,0.0032733923481428,bf16_merged_minus_base,saved_merged_bf16,serialized_bf16_deployed_merged_checkpoint,ee1ff74206bbf28fc3730ee195d0d73daea786e5839b0431f3c5d78ee1deb338,c5553432becc8324e7c64e30fdf45fb0c0ca460f2a8e68160b4ea6a9b5062e74
llama,llama3_2_3b,seqkd,160,160,14,mlp.up_proj,50,0.1,2516582,17314528,25165824,0.6880175272623698,1665778,0.0962069540677054,0.962069693593914,rank32_norm_matched_lowrank_bf16_mask,32,3,0.960355168699333,0.0002670936104193,0.0017145248945811,bf16_merged_minus_base,saved_merged_bf16,serialized_bf16_deployed_merged_checkpoint,ee1ff74206bbf28fc3730ee195d0d73daea786e5839b0431f3c5d78ee1deb338,c5553432becc8324e7c64e30fdf45fb0c0ca460f2a8e68160b4ea6a9b5062e74
llama,llama3_2_3b,seqkd,320,320,14,mlp.up_proj,16,0.01,251658,18862633,25165824,0.7495336929957072,182731,0.0096874598578045,0.9687469096495048,rank32_norm_matched_lowrank_bf16_mask,32,3,0.957339800034639,0.0011887669544163,0.0114071096148659,bf16_merged_minus_base,saved_merged_bf16,serialized_bf16_deployed_merged_checkpoint,ee1ff74206bbf28fc3730ee195d0d73daea786e5839b0431f3c5d78ee1deb338,2c7e5dc81a25ad45ad66f8431c1a43ecf0087aece59bfe44bdc14efee498e7bf
llama,llama3_2_3b,seqkd,320,320,14,mlp.up_proj,16,0.1,2516582,18862633,25165824,0.7495336929957072,1890730,0.1002368015112206,1.002368174434337,rank32_norm_matched_lowrank_bf16_mask,32,3,0.9947753584782352,0.0002783962564254,0.0075928159561016,bf16_merged_minus_base,saved_merged_bf16,serialized_bf16_deployed_merged_checkpoint,ee1ff74206bbf28fc3730ee195d0d73daea786e5839b0431f3c5d78ee1deb338,2c7e5dc81a25ad45ad66f8431c1a43ecf0087aece59bfe44bdc14efee498e7bf
llama,llama3_2_3b,seqkd,320,320,14,mlp.up_proj,32,0.01,251658,18862633,25165824,0.7495336929957072,176725,0.0093690525601595,0.9369061495192866,rank32_norm_matched_lowrank_bf16_mask,32,3,0.9296121270100932,0.0008918472682037,0.0072940225091935,bf16_merged_minus_base,saved_merged_bf16,serialized_bf16_deployed_merged_checkpoint,ee1ff74206bbf28fc3730ee195d0d73daea786e5839b0431f3c5d78ee1deb338,2c7e5dc81a25ad45ad66f8431c1a43ecf0087aece59bfe44bdc14efee498e7bf
llama,llama3_2_3b,seqkd,320,320,14,mlp.up_proj,32,0.1,2516582,18862633,25165824,0.7495336929957072,1860914,0.098656110204763,0.9865612588573194,rank32_norm_matched_lowrank_bf16_mask,32,3,0.981668794544411,0.0002589755031128,0.0048924643129083,bf16_merged_minus_base,saved_merged_bf16,serialized_bf16_deployed_merged_checkpoint,ee1ff74206bbf28fc3730ee195d0d73daea786e5839b0431f3c5d78ee1deb338,2c7e5dc81a25ad45ad66f8431c1a43ecf0087aece59bfe44bdc14efee498e7bf
llama,llama3_2_3b,seqkd,320,320,14,mlp.up_proj,50,0.01,251658,18862633,25165824,0.7495336929957072,171910,0.0091137859703891,0.9113794661981076,rank32_norm_matched_lowrank_bf16_mask,32,3,0.9065077008301982,0.0012506872663067,0.0048717653679094,bf16_merged_minus_base,saved_merged_bf16,serialized_bf16_deployed_merged_checkpoint,ee1ff74206bbf28fc3730ee195d0d73daea786e5839b0431f3c5d78ee1deb338,2c7e5dc81a25ad45ad66f8431c1a43ecf0087aece59bfe44bdc14efee498e7bf
llama,llama3_2_3b,seqkd,320,320,14,mlp.up_proj,50,0.1,2516582,18862633,25165824,0.7495336929957072,1834881,0.0972759741442247,0.9727598960582688,rank32_norm_matched_lowrank_bf16_mask,32,3,0.9691643678346814,3.003574805576602e-06,0.0035955282235873,bf16_merged_minus_base,saved_merged_bf16,serialized_bf16_deployed_merged_checkpoint,ee1ff74206bbf28fc3730ee195d0d73daea786e5839b0431f3c5d78ee1deb338,2c7e5dc81a25ad45ad66f8431c1a43ecf0087aece59bfe44bdc14efee498e7bf
llama,llama3_2_3b,opd,5,5,14,mlp.down_proj,16,0.01,251658,3598387,25165824,0.142987052599589,25115,0.0069795160998525,0.6979522756044111,rank32_norm_matched_lowrank_bf16_mask,32,3,0.6941358881837996,0.0047119682638467,0.0038163874206115,bf16_merged_minus_base,saved_merged_bf16,serialized_bf16_deployed_merged_checkpoint,7452b4b561c63348fc90833179fbb4b1b40c1b1c9930392fbd5e0b50ac119fed,dbff43f8447f4e813deecbd664fa418e70bc0479973a475ab4e1902e07ac87f2
llama,llama3_2_3b,opd,5,5,14,mlp.down_proj,16,0.1,2516582,3598387,25165824,0.142987052599589,334562,0.0929755470992975,0.9297556187736512,rank32_norm_matched_lowrank_bf16_mask,32,3,0.9263789466098018,0.0005207304413169,0.0033766721638494,bf16_merged_minus_base,saved_merged_bf16,serialized_bf16_deployed_merged_checkpoint,7452b4b561c63348fc90833179fbb4b1b40c1b1c9930392fbd5e0b50ac119fed,dbff43f8447f4e813deecbd664fa418e70bc0479973a475ab4e1902e07ac87f2
llama,llama3_2_3b,opd,5,5,14,mlp.down_proj,32,0.01,251658,3598387,25165824,0.142987052599589,21722,0.0060365936181961,0.6036599375145936,rank32_norm_matched_lowrank_bf16_mask,32,3,0.5969846443300345,0.003750226828552,0.006675293184559,bf16_merged_minus_base,saved_merged_bf16,serialized_bf16_deployed_merged_checkpoint,7452b4b561c63348fc90833179fbb4b1b40c1b1c9930392fbd5e0b50ac119fed,dbff43f8447f4e813deecbd664fa418e70bc0479973a475ab4e1902e07ac87f2
llama,llama3_2_3b,opd,5,5,14,mlp.down_proj,32,0.1,2516582,3598387,25165824,0.142987052599589,322295,0.0895665196656168,0.8956653390183401,rank32_norm_matched_lowrank_bf16_mask,32,3,0.8904253785825408,0.0008151701759663,0.0052399604357993,bf16_merged_minus_base,saved_merged_bf16,serialized_bf16_deployed_merged_checkpoint,7452b4b561c63348fc90833179fbb4b1b40c1b1c9930392fbd5e0b50ac119fed,dbff43f8447f4e813deecbd664fa418e70bc0479973a475ab4e1902e07ac87f2
llama,llama3_2_3b,opd,5,5,14,mlp.down_proj,50,0.01,251658,3598387,25165824,0.142987052599589,19258,0.0053518423671495,0.5351847471068982,rank32_norm_matched_lowrank_bf16_mask,32,3,0.5290751134278088,0.0024316294370764,0.0061096336790894,bf16_merged_minus_base,saved_merged_bf16,serialized_bf16_deployed_merged_checkpoint,7452b4b561c63348fc90833179fbb4b1b40c1b1c9930392fbd5e0b50ac119fed,dbff43f8447f4e813deecbd664fa418e70bc0479973a475ab4e1902e07ac87f2
llama,llama3_2_3b,opd,5,5,14,mlp.down_proj,50,0.1,2516582,3598387,25165824,0.142987052599589,308003,0.0855947400877115,0.8559475369263123,rank32_norm_matched_lowrank_bf16_mask,32,3,0.8522364528713823,0.0011124853622877,0.00371108405493,bf16_merged_minus_base,saved_merged_bf16,serialized_bf16_deployed_merged_checkpoint,7452b4b561c63348fc90833179fbb4b1b40c1b1c9930392fbd5e0b50ac119fed,dbff43f8447f4e813deecbd664fa418e70bc0479973a475ab4e1902e07ac87f2
llama,llama3_2_3b,opd,20,20,14,mlp.down_proj,16,0.01,251658,9332611,25165824,0.3708446423212687,72644,0.0077838881316279,0.7783895554929173,rank32_norm_matched_lowrank_bf16_mask,32,3,0.7671186907030014,0.0030283339443358,0.0112708647899159,bf16_merged_minus_base,saved_merged_bf16,serialized_bf16_deployed_merged_checkpoint,7452b4b561c63348fc90833179fbb4b1b40c1b1c9930392fbd5e0b50ac119fed,462824e9ce684a69b36b36a040fc34261bdc79eb5527c189b493cb2bdedd4408
llama,llama3_2_3b,opd,20,20,14,mlp.down_proj,16,0.1,2516582,9332611,25165824,0.3708446423212687,894576,0.0958548470519129,0.9585486228763296,rank32_norm_matched_lowrank_bf16_mask,32,3,0.9479532124938124,0.0017719648783982,0.0105954103825172,bf16_merged_minus_base,saved_merged_bf16,serialized_bf16_deployed_merged_checkpoint,7452b4b561c63348fc90833179fbb4b1b40c1b1c9930392fbd5e0b50ac119fed,462824e9ce684a69b36b36a040fc34261bdc79eb5527c189b493cb2bdedd4408
llama,llama3_2_3b,opd,20,20,14,mlp.down_proj,32,0.01,251658,9332611,25165824,0.3708446423212687,65623,0.007031579908345,0.7031586614188607,rank32_norm_matched_lowrank_bf16_mask,32,3,0.6873515227243323,0.002891760590824,0.0158071386945284,bf16_merged_minus_base,saved_merged_bf16,serialized_bf16_deployed_merged_checkpoint,7452b4b561c63348fc90833179fbb4b1b40c1b1c9930392fbd5e0b50ac119fed,462824e9ce684a69b36b36a040fc34261bdc79eb5527c189b493cb2bdedd4408
llama,llama3_2_3b,opd,20,20,14,mlp.down_proj,32,0.1,2516582,9332611,25165824,0.3708446423212687,864645,0.0926477059849596,0.9264772071091824,rank32_norm_matched_lowrank_bf16_mask,32,3,0.9206056280001031,0.0019222308253863,0.005871579109079,bf16_merged_minus_base,saved_merged_bf16,serialized_bf16_deployed_merged_checkpoint,7452b4b561c63348fc90833179fbb4b1b40c1b1c9930392fbd5e0b50ac119fed,462824e9ce684a69b36b36a040fc34261bdc79eb5527c189b493cb2bdedd4408
llama,llama3_2_3b,opd,20,20,14,mlp.down_proj,50,0.01,251658,9332611,25165824,0.3708446423212687,60270,0.0064579998030561,0.6458005961890607,rank32_norm_matched_lowrank_bf16_mask,32,3,0.6342850385861029,0.0026351491965912,0.0115155576029578,bf16_merged_minus_base,saved_merged_bf16,serialized_bf16_deployed_merged_checkpoint,7452b4b561c63348fc90833179fbb4b1b40c1b1c9930392fbd5e0b50ac119fed,462824e9ce684a69b36b36a040fc34261bdc79eb5527c189b493cb2bdedd4408
llama,llama3_2_3b,opd,20,20,14,mlp.down_proj,50,0.1,2516582,9332611,25165824,0.3708446423212687,836416,0.0896229361750961,0.8962295042028045,rank32_norm_matched_lowrank_bf16_mask,32,3,0.8925093206896265,0.0015037701674756,0.0037201835131779,bf16_merged_minus_base,saved_merged_bf16,serialized_bf16_deployed_merged_checkpoint,7452b4b561c63348fc90833179fbb4b1b40c1b1c9930392fbd5e0b50ac119fed,462824e9ce684a69b36b36a040fc34261bdc79eb5527c189b493cb2bdedd4408
llama,llama3_2_3b,opd,40,40,14,mlp.down_proj,16,0.01,251658,10699668,25165824,0.4251666069030761,86009,0.0080384737171284,0.8038481383221657,rank32_norm_matched_lowrank_bf16_mask,32,3,0.7943141418290338,0.00228194893751,0.0095339964931319,bf16_merged_minus_base,saved_merged_bf16,serialized_bf16_deployed_merged_checkpoint,7452b4b561c63348fc90833179fbb4b1b40c1b1c9930392fbd5e0b50ac119fed,d8779da0289229b3fa72510fe9495a57f4ee3e5af55ce44ed03cb20fe7b8780e
llama,llama3_2_3b,opd,40,40,14,mlp.down_proj,16,0.1,2516582,10699668,25165824,0.4251666069030761,1034188,0.0966560831607111,0.9665609852378428,rank32_norm_matched_lowrank_bf16_mask,32,3,0.9559015025505294,0.0010694196266094,0.0106594826873133,bf16_merged_minus_base,saved_merged_bf16,serialized_bf16_deployed_merged_checkpoint,7452b4b561c63348fc90833179fbb4b1b40c1b1c9930392fbd5e0b50ac119fed,d8779da0289229b3fa72510fe9495a57f4ee3e5af55ce44ed03cb20fe7b8780e
llama,llama3_2_3b,opd,40,40,14,mlp.down_proj,32,0.01,251658,10699668,25165824,0.4251666069030761,78627,0.0073485457679621,0.7348552776088192,rank32_norm_matched_lowrank_bf16_mask,32,3,0.7221132692301454,0.0017351880472571,0.0127420083786737,bf16_merged_minus_base,saved_merged_bf16,serialized_bf16_deployed_merged_checkpoint,7452b4b561c63348fc90833179fbb4b1b40c1b1c9930392fbd5e0b50ac119fed,d8779da0289229b3fa72510fe9495a57f4ee3e5af55ce44ed03cb20fe7b8780e
llama,llama3_2_3b,opd,40,40,14,mlp.down_proj,32,0.1,2516582,10699668,25165824,0.4251666069030761,1002974,0.0937387963813456,0.9373881128072846,rank32_norm_matched_lowrank_bf16_mask,32,3,0.9313744479124548,0.0008424370325877,0.0060136648948296,bf16_merged_minus_base,saved_merged_bf16,serialized_bf16_deployed_merged_checkpoint,7452b4b561c63348fc90833179fbb4b1b40c1b1c9930392fbd5e0b50ac119fed,d8779da0289229b3fa72510fe9495a57f4ee3e5af55ce44ed03cb20fe7b8780e
llama,llama3_2_3b,opd,40,40,14,mlp.down_proj,50,0.01,251658,10699668,25165824,0.4251666069030761,73194,0.006840773003424,0.6840779527299771,rank32_norm_matched_lowrank_bf16_mask,32,3,0.674939472560121,0.0012870812579196,0.009138480169856,bf16_merged_minus_base,saved_merged_bf16,serialized_bf16_deployed_merged_checkpoint,7452b4b561c63348fc90833179fbb4b1b40c1b1c9930392fbd5e0b50ac119fed,d8779da0289229b3fa72510fe9495a57f4ee3e5af55ce44ed03cb20fe7b8780e
llama,llama3_2_3b,opd,40,40,14,mlp.down_proj,50,0.1,2516582,10699668,25165824,0.4251666069030761,974219,0.0910513298169625,0.9105134428918396,rank32_norm_matched_lowrank_bf16_mask,32,3,0.9065036648007392,0.0006148453585609,0.0040097780911003,bf16_merged_minus_base,saved_merged_bf16,serialized_bf16_deployed_merged_checkpoint,7452b4b561c63348fc90833179fbb4b1b40c1b1c9930392fbd5e0b50ac119fed,d8779da0289229b3fa72510fe9495a57f4ee3e5af55ce44ed03cb20fe7b8780e
llama,llama3_2_3b,opd,80,80,14,mlp.down_proj,16,0.01,251658,11737009,25165824,0.4663868347803752,95978,0.0081773814776831,0.8177389276249242,rank32_norm_matched_lowrank_bf16_mask,32,3,0.8120909243395119,0.0027857024616057,0.0056480032854122,bf16_merged_minus_base,saved_merged_bf16,serialized_bf16_deployed_merged_checkpoint,7452b4b561c63348fc90833179fbb4b1b40c1b1c9930392fbd5e0b50ac119fed,e2bf8c13eee5605e85ba777e7fe4aa9c8b72816ac4c038417c856ff67ae03c0b
llama,llama3_2_3b,opd,80,80,14,mlp.down_proj,16,0.1,2516582,11737009,25165824,0.4663868347803752,1138034,0.0969611593549941,0.969611747665578,rank32_norm_matched_lowrank_bf16_mask,32,3,0.9589651325412952,0.001872832945397,0.0106466151242825,bf16_merged_minus_base,saved_merged_bf16,serialized_bf16_deployed_merged_checkpoint,7452b4b561c63348fc90833179fbb4b1b40c1b1c9930392fbd5e0b50ac119fed,e2bf8c13eee5605e85ba777e7fe4aa9c8b72816ac4c038417c856ff67ae03c0b
llama,llama3_2_3b,opd,80,80,14,mlp.down_proj,32,0.01,251658,11737009,25165824,0.4663868347803752,88501,0.0075403367246289,0.7540343915661236,rank32_norm_matched_lowrank_bf16_mask,32,3,0.7456259469743395,0.0018141014559152,0.0084084445917841,bf16_merged_minus_base,saved_merged_bf16,serialized_bf16_deployed_merged_checkpoint,7452b4b561c63348fc90833179fbb4b1b40c1b1c9930392fbd5e0b50ac119fed,e2bf8c13eee5605e85ba777e7fe4aa9c8b72816ac4c038417c856ff67ae03c0b
llama,llama3_2_3b,opd,80,80,14,mlp.down_proj,32,0.1,2516582,11737009,25165824,0.4663868347803752,1108008,0.0944029266740785,0.9440294167902205,rank32_norm_matched_lowrank_bf16_mask,32,3,0.9374248141556608,0.0016432583422691,0.0066046026345596,bf16_merged_minus_base,saved_merged_bf16,serialized_bf16_deployed_merged_checkpoint,7452b4b561c63348fc90833179fbb4b1b40c1b1c9930392fbd5e0b50ac119fed,e2bf8c13eee5605e85ba777e7fe4aa9c8b72816ac4c038417c856ff67ae03c0b
llama,llama3_2_3b,opd,80,80,14,mlp.down_proj,50,0.01,251658,11737009,25165824,0.4663868347803752,82935,0.0070661102841447,0.7066117022919115,rank32_norm_matched_lowrank_bf16_mask,32,3,0.7029987772346878,0.0009834536326276,0.0036129250572236,bf16_merged_minus_base,saved_merged_bf16,serialized_bf16_deployed_merged_checkpoint,7452b4b561c63348fc90833179fbb4b1b40c1b1c9930392fbd5e0b50ac119fed,e2bf8c13eee5605e85ba777e7fe4aa9c8b72816ac4c038417c856ff67ae03c0b
llama,llama3_2_3b,opd,80,80,14,mlp.down_proj,50,0.1,2516582,11737009,25165824,0.4663868347803752,1078890,0.0919220561217939,0.9192207073241356,rank32_norm_matched_lowrank_bf16_mask,32,3,0.9157974306068988,0.001401629213159,0.0034232767172367,bf16_merged_minus_base,saved_merged_bf16,serialized_bf16_deployed_merged_checkpoint,7452b4b561c63348fc90833179fbb4b1b40c1b1c9930392fbd5e0b50ac119fed,e2bf8c13eee5605e85ba777e7fe4aa9c8b72816ac4c038417c856ff67ae03c0b
llama,llama3_2_3b,opd,160,160,14,mlp.down_proj,16,0.01,251658,13316145,25165824,0.529136061668396,112651,0.0084597306502745,0.8459738718110074,rank32_norm_matched_lowrank_bf16_mask,32,3,0.8289520221859329,0.0049921130228402,0.0170218496250744,bf16_merged_minus_base,saved_merged_bf16,serialized_bf16_deployed_merged_checkpoint,7452b4b561c63348fc90833179fbb4b1b40c1b1c9930392fbd5e0b50ac119fed,ecbf52fb057eabf0f05dbcee6f8ca9a1c8dfd657cb6a66db1bfc733f7c2fde74
llama,llama3_2_3b,opd,160,160,14,mlp.down_proj,16,0.1,2516582,13316145,25165824,0.529136061668396,1299909,0.0976190181167297,0.9761903363285724,rank32_norm_matched_lowrank_bf16_mask,32,3,0.9639587810838354,0.0015704597671377,0.0122315552447371,bf16_merged_minus_base,saved_merged_bf16,serialized_bf16_deployed_merged_checkpoint,7452b4b561c63348fc90833179fbb4b1b40c1b1c9930392fbd5e0b50ac119fed,ecbf52fb057eabf0f05dbcee6f8ca9a1c8dfd657cb6a66db1bfc733f7c2fde74
llama,llama3_2_3b,opd,160,160,14,mlp.down_proj,32,0.01,251658,13316145,25165824,0.529136061668396,104847,0.0078736751514796,0.787368266040858,rank32_norm_matched_lowrank_bf16_mask,32,3,0.7727187853205102,0.0047295300562828,0.0146494807203477,bf16_merged_minus_base,saved_merged_bf16,serialized_bf16_deployed_merged_checkpoint,7452b4b561c63348fc90833179fbb4b1b40c1b1c9930392fbd5e0b50ac119fed,ecbf52fb057eabf0f05dbcee6f8ca9a1c8dfd657cb6a66db1bfc733f7c2fde74
llama,llama3_2_3b,opd,160,160,14,mlp.down_proj,32,0.1,2516582,13316145,25165824,0.529136061668396,1270819,0.0954344519378543,0.9543446710675442,rank32_norm_matched_lowrank_bf16_mask,32,3,0.94522555066618,0.0017154471769321,0.0091191204013642,bf16_merged_minus_base,saved_merged_bf16,serialized_bf16_deployed_merged_checkpoint,7452b4b561c63348fc90833179fbb4b1b40c1b1c9930392fbd5e0b50ac119fed,ecbf52fb057eabf0f05dbcee6f8ca9a1c8dfd657cb6a66db1bfc733f7c2fde74
llama,llama3_2_3b,opd,160,160,14,mlp.down_proj,50,0.01,251658,13316145,25165824,0.529136061668396,99125,0.0074439712093852,0.7443978308516224,rank32_norm_matched_lowrank_bf16_mask,32,3,0.7337024438464598,0.0045781684427873,0.0106953870051625,bf16_merged_minus_base,saved_merged_bf16,serialized_bf16_deployed_merged_checkpoint,7452b4b561c63348fc90833179fbb4b1b40c1b1c9930392fbd5e0b50ac119fed,ecbf52fb057eabf0f05dbcee6f8ca9a1c8dfd657cb6a66db1bfc733f7c2fde74
llama,llama3_2_3b,opd,160,160,14,mlp.down_proj,50,0.1,2516582,13316145,25165824,0.529136061668396,1241965,0.0932676086059441,0.9326762343043364,rank32_norm_matched_lowrank_bf16_mask,32,3,0.9260341700346584,0.0017523866037177,0.0066420642696781,bf16_merged_minus_base,saved_merged_bf16,serialized_bf16_deployed_merged_checkpoint,7452b4b561c63348fc90833179fbb4b1b40c1b1c9930392fbd5e0b50ac119fed,ecbf52fb057eabf0f05dbcee6f8ca9a1c8dfd657cb6a66db1bfc733f7c2fde74
llama,llama3_2_3b,opd,320,320,14,mlp.down_proj,16,0.01,251658,15263804,25165824,0.6065290768941244,133936,0.0087747457973123,0.8774754165570068,rank32_norm_matched_lowrank_bf16_mask,32,3,0.86250410982168,0.0025199985521894,0.0149713067353267,bf16_merged_minus_base,saved_merged_bf16,serialized_bf16_deployed_merged_checkpoint,7452b4b561c63348fc90833179fbb4b1b40c1b1c9930392fbd5e0b50ac119fed,57eb300c17ac02a0b8163d8df0306e8a2c91f91f7c050379da5bbe34038d65d0
llama,llama3_2_3b,opd,320,320,14,mlp.down_proj,16,0.1,2516582,15263804,25165824,0.6065290768941244,1493962,0.0978761257678623,0.97876141324856,rank32_norm_matched_lowrank_bf16_mask,32,3,0.9706563670690572,0.0005639868265871,0.0081050461795028,bf16_merged_minus_base,saved_merged_bf16,serialized_bf16_deployed_merged_checkpoint,7452b4b561c63348fc90833179fbb4b1b40c1b1c9930392fbd5e0b50ac119fed,57eb300c17ac02a0b8163d8df0306e8a2c91f91f7c050379da5bbe34038d65d0
llama,llama3_2_3b,opd,320,320,14,mlp.down_proj,32,0.01,251658,15263804,25165824,0.6065290768941244,125944,0.0082511541683842,0.8251162037305553,rank32_norm_matched_lowrank_bf16_mask,32,3,0.8154057516801673,0.0021893593814565,0.009710452050388,bf16_merged_minus_base,saved_merged_bf16,serialized_bf16_deployed_merged_checkpoint,7452b4b561c63348fc90833179fbb4b1b40c1b1c9930392fbd5e0b50ac119fed,57eb300c17ac02a0b8163d8df0306e8a2c91f91f7c050379da5bbe34038d65d0
llama,llama3_2_3b,opd,320,320,14,mlp.down_proj,32,0.1,2516582,15263804,25165824,0.6065290768941244,1467102,0.0961164071551233,0.9611642243241724,rank32_norm_matched_lowrank_bf16_mask,32,3,0.9557621607827436,0.0006491910189731,0.0054020635414285,bf16_merged_minus_base,saved_merged_bf16,serialized_bf16_deployed_merged_checkpoint,7452b4b561c63348fc90833179fbb4b1b40c1b1c9930392fbd5e0b50ac119fed,57eb300c17ac02a0b8163d8df0306e8a2c91f91f7c050379da5bbe34038d65d0
llama,llama3_2_3b,opd,320,320,14,mlp.down_proj,50,0.01,251658,15263804,25165824,0.6065290768941244,120542,0.0078972450117939,0.7897252543200836,rank32_norm_matched_lowrank_bf16_mask,32,3,0.7821267075505148,0.0023770081205173,0.0075985467695687,bf16_merged_minus_base,saved_merged_bf16,serialized_bf16_deployed_merged_checkpoint,7452b4b561c63348fc90833179fbb4b1b40c1b1c9930392fbd5e0b50ac119fed,57eb300c17ac02a0b8163d8df0306e8a2c91f91f7c050379da5bbe34038d65d0
llama,llama3_2_3b,opd,320,320,14,mlp.down_proj,50,0.1,2516582,15263804,25165824,0.6065290768941244,1439350,0.0942982496368533,0.942982646251588,rank32_norm_matched_lowrank_bf16_mask,32,3,0.9401299134608702,0.0003762485892424,0.0028527327907179,bf16_merged_minus_base,saved_merged_bf16,serialized_bf16_deployed_merged_checkpoint,7452b4b561c63348fc90833179fbb4b1b40c1b1c9930392fbd5e0b50ac119fed,57eb300c17ac02a0b8163d8df0306e8a2c91f91f7c050379da5bbe34038d65d0
llama,llama3_2_3b,sft,5,5,14,mlp.down_proj,16,0.01,251658,4509527,25165824,0.1791925032933553,32570,0.0072224869703629,0.7222493858269861,rank32_norm_matched_lowrank_bf16_mask,32,3,0.6965509206498058,0.0069931638016156,0.0256984651771802,bf16_merged_minus_base,saved_merged_bf16,serialized_bf16_deployed_merged_checkpoint,7452b4b561c63348fc90833179fbb4b1b40c1b1c9930392fbd5e0b50ac119fed,f50f824f5c6d6abd797b3c3a9ffb10e3f59d10ede475b22d1cbda075a78e19ff
llama,llama3_2_3b,sft,5,5,14,mlp.down_proj,16,0.1,2516582,4509527,25165824,0.1791925032933553,421320,0.0934288673734518,0.934288822235727,rank32_norm_matched_lowrank_bf16_mask,32,3,0.9273715905131332,0.0023885213989681,0.0069172317225936,bf16_merged_minus_base,saved_merged_bf16,serialized_bf16_deployed_merged_checkpoint,7452b4b561c63348fc90833179fbb4b1b40c1b1c9930392fbd5e0b50ac119fed,f50f824f5c6d6abd797b3c3a9ffb10e3f59d10ede475b22d1cbda075a78e19ff
llama,llama3_2_3b,sft,5,5,14,mlp.down_proj,32,0.01,251658,4509527,25165824,0.1791925032933553,28110,0.0062334697186645,0.6233475663370149,rank32_norm_matched_lowrank_bf16_mask,32,3,0.6013125431864372,0.0055334323404183,0.0220350231505777,bf16_merged_minus_base,saved_merged_bf16,serialized_bf16_deployed_merged_checkpoint,7452b4b561c63348fc90833179fbb4b1b40c1b1c9930392fbd5e0b50ac119fed,f50f824f5c6d6abd797b3c3a9ffb10e3f59d10ede475b22d1cbda075a78e19ff
llama,llama3_2_3b,sft,5,5,14,mlp.down_proj,32,0.1,2516582,4509527,25165824,0.1791925032933553,405844,0.0899970218606075,0.8999703616525121,rank32_norm_matched_lowrank_bf16_mask,32,3,0.8920824186109261,0.0023700823317003,0.007887943041586,bf16_merged_minus_base,saved_merged_bf16,serialized_bf16_deployed_merged_checkpoint,7452b4b561c63348fc90833179fbb4b1b40c1b1c9930392fbd5e0b50ac119fed,f50f824f5c6d6abd797b3c3a9ffb10e3f59d10ede475b22d1cbda075a78e19ff
llama,llama3_2_3b,sft,5,5,14,mlp.down_proj,50,0.01,251658,4509527,25165824,0.1791925032933553,25070,0.005559341367731,0.5559346669537163,rank32_norm_matched_lowrank_bf16_mask,32,3,0.5380950023841072,0.002698110270368,0.017839664569609,bf16_merged_minus_base,saved_merged_bf16,serialized_bf16_deployed_merged_checkpoint,7452b4b561c63348fc90833179fbb4b1b40c1b1c9930392fbd5e0b50ac119fed,f50f824f5c6d6abd797b3c3a9ffb10e3f59d10ede475b22d1cbda075a78e19ff
llama,llama3_2_3b,sft,5,5,14,mlp.down_proj,50,0.1,2516582,4509527,25165824,0.1791925032933553,388932,0.086246739403046,0.8624675311159825,rank32_norm_matched_lowrank_bf16_mask,32,3,0.8543301564181426,0.0012923812597474,0.0081373746978399,bf16_merged_minus_base,saved_merged_bf16,serialized_bf16_deployed_merged_checkpoint,7452b4b561c63348fc90833179fbb4b1b40c1b1c9930392fbd5e0b50ac119fed,f50f824f5c6d6abd797b3c3a9ffb10e3f59d10ede475b22d1cbda075a78e19ff
llama,llama3_2_3b,sft,20,20,14,mlp.down_proj,16,0.01,251658,9660344,25165824,0.3838675816853841,75446,0.0078098668121963,0.7809874260272832,rank32_norm_matched_lowrank_bf16_mask,32,3,0.7652916381223428,0.0045308395127016,0.0156957879049404,bf16_merged_minus_base,saved_merged_bf16,serialized_bf16_deployed_merged_checkpoint,7452b4b561c63348fc90833179fbb4b1b40c1b1c9930392fbd5e0b50ac119fed,c7078438dffab152268564d47bb272502fd163bed1e5cd4d93348446b8e17a1e
llama,llama3_2_3b,sft,20,20,14,mlp.down_proj,16,0.1,2516582,9660344,25165824,0.3838675816853841,922139,0.095456124543805,0.9545613971614988,rank32_norm_matched_lowrank_bf16_mask,32,3,0.9473305068721788,0.0021306973024877,0.0072308902893197,bf16_merged_minus_base,saved_merged_bf16,serialized_bf16_deployed_merged_checkpoint,7452b4b561c63348fc90833179fbb4b1b40c1b1c9930392fbd5e0b50ac119fed,c7078438dffab152268564d47bb272502fd163bed1e5cd4d93348446b8e17a1e
llama,llama3_2_3b,sft,20,20,14,mlp.down_proj,32,0.01,251658,9660344,25165824,0.3838675816853841,67863,0.0070249051172504,0.7024911816728457,rank32_norm_matched_lowrank_bf16_mask,32,3,0.6867084140237619,0.0043866153227378,0.0157827676490838,bf16_merged_minus_base,saved_merged_bf16,serialized_bf16_deployed_merged_checkpoint,7452b4b561c63348fc90833179fbb4b1b40c1b1c9930392fbd5e0b50ac119fed,c7078438dffab152268564d47bb272502fd163bed1e5cd4d93348446b8e17a1e
llama,llama3_2_3b,sft,20,20,14,mlp.down_proj,32,0.1,2516582,9660344,25165824,0.3838675816853841,896198,0.0927708164429755,0.9277083118850205,rank32_norm_matched_lowrank_bf16_mask,32,3,0.921544426566177,0.0012348152136607,0.0061638853188433,bf16_merged_minus_base,saved_merged_bf16,serialized_bf16_deployed_merged_checkpoint,7452b4b561c63348fc90833179fbb4b1b40c1b1c9930392fbd5e0b50ac119fed,c7078438dffab152268564d47bb272502fd163bed1e5cd4d93348446b8e17a1e
llama,llama3_2_3b,sft,20,20,14,mlp.down_proj,50,0.01,251658,9660344,25165824,0.3838675816853841,62556,0.006475545798369,0.6475551973936687,rank32_norm_matched_lowrank_bf16_mask,32,3,0.6347155484198272,0.0041266372365386,0.0128396489738414,bf16_merged_minus_base,saved_merged_bf16,serialized_bf16_deployed_merged_checkpoint,7452b4b561c63348fc90833179fbb4b1b40c1b1c9930392fbd5e0b50ac119fed,c7078438dffab152268564d47bb272502fd163bed1e5cd4d93348446b8e17a1e
llama,llama3_2_3b,sft,20,20,14,mlp.down_proj,50,0.1,2516582,9660344,25165824,0.3838675816853841,869971,0.0900559027711642,0.9005591708516679,rank32_norm_matched_lowrank_bf16_mask,32,3,0.8932555277998467,0.0008856781179167,0.0073036430518211,bf16_merged_minus_base,saved_merged_bf16,serialized_bf16_deployed_merged_checkpoint,7452b4b561c63348fc90833179fbb4b1b40c1b1c9930392fbd5e0b50ac119fed,c7078438dffab152268564d47bb272502fd163bed1e5cd4d93348446b8e17a1e
llama,llama3_2_3b,sft,40,40,14,mlp.down_proj,16,0.01,251658,12552993,25165824,0.49881112575531,102931,0.008199717788419,0.8199725608286779,rank32_norm_matched_lowrank_bf16_mask,32,3,0.8203555615798601,0.0010750163848271,-0.0003830007511822,bf16_merged_minus_base,saved_merged_bf16,serialized_bf16_deployed_merged_checkpoint,7452b4b561c63348fc90833179fbb4b1b40c1b1c9930392fbd5e0b50ac119fed,f24fd1f036431315c073781048aef4a4dc848e31fab9f7021028ee04dc32ec61
llama,llama3_2_3b,sft,40,40,14,mlp.down_proj,16,0.1,2516582,12552993,25165824,0.49881112575531,1207813,0.0962171332366711,0.9621714852997502,rank32_norm_matched_lowrank_bf16_mask,32,3,0.9620851382099004,0.0009291244617101,8.63470898497809e-05,bf16_merged_minus_base,saved_merged_bf16,serialized_bf16_deployed_merged_checkpoint,7452b4b561c63348fc90833179fbb4b1b40c1b1c9930392fbd5e0b50ac119fed,f24fd1f036431315c073781048aef4a4dc848e31fab9f7021028ee04dc32ec61
llama,llama3_2_3b,sft,40,40,14,mlp.down_proj,32,0.01,251658,12552993,25165824,0.49881112575531,94742,0.0075473634056834,0.7547370603416911,rank32_norm_matched_lowrank_bf16_mask,32,3,0.7548574686579753,0.0014159784588505,-0.0001204083162842,bf16_merged_minus_base,saved_merged_bf16,serialized_bf16_deployed_merged_checkpoint,7452b4b561c63348fc90833179fbb4b1b40c1b1c9930392fbd5e0b50ac119fed,f24fd1f036431315c073781048aef4a4dc848e31fab9f7021028ee04dc32ec61
llama,llama3_2_3b,sft,40,40,14,mlp.down_proj,32,0.1,2516582,12552993,25165824,0.49881112575531,1181245,0.094100665873071,0.9410068082997148,rank32_norm_matched_lowrank_bf16_mask,32,3,0.9407085338770104,0.0008797366759225,0.0002982744227043,bf16_merged_minus_base,saved_merged_bf16,serialized_bf16_deployed_merged_checkpoint,7452b4b561c63348fc90833179fbb4b1b40c1b1c9930392fbd5e0b50ac119fed,f24fd1f036431315c073781048aef4a4dc848e31fab9f7021028ee04dc32ec61
llama,llama3_2_3b,sft,40,40,14,mlp.down_proj,50,0.01,251658,12552993,25165824,0.49881112575531,89048,0.0070937664029606,0.7093773168109909,rank32_norm_matched_lowrank_bf16_mask,32,3,0.7113306215427618,0.0002567654598396,-0.0019533047317709,bf16_merged_minus_base,saved_merged_bf16,serialized_bf16_deployed_merged_checkpoint,7452b4b561c63348fc90833179fbb4b1b40c1b1c9930392fbd5e0b50ac119fed,f24fd1f036431315c073781048aef4a4dc848e31fab9f7021028ee04dc32ec61
llama,llama3_2_3b,sft,40,40,14,mlp.down_proj,50,0.1,2516582,12552993,25165824,0.49881112575531,1153760,0.091911148201867,0.9191116281075296,rank32_norm_matched_lowrank_bf16_mask,32,3,0.9185805375223034,0.0008572616615465,0.0005310905852262,bf16_merged_minus_base,saved_merged_bf16,serialized_bf16_deployed_merged_checkpoint,7452b4b561c63348fc90833179fbb4b1b40c1b1c9930392fbd5e0b50ac119fed,f24fd1f036431315c073781048aef4a4dc848e31fab9f7021028ee04dc32ec61
llama,llama3_2_3b,sft,80,80,14,mlp.down_proj,16,0.01,251658,15058263,25165824,0.598361611366272,128490,0.0085328566780909,0.8532864815664979,rank32_norm_matched_lowrank_bf16_mask,32,3,0.8507834604586654,0.0018184881777129,0.0025030211078325,bf16_merged_minus_base,saved_merged_bf16,serialized_bf16_deployed_merged_checkpoint,7452b4b561c63348fc90833179fbb4b1b40c1b1c9930392fbd5e0b50ac119fed,99da160a86a47add6cb2ddb60959870cbaba13b4e15418e53307bd4dce2ffd81
llama,llama3_2_3b,sft,80,80,14,mlp.down_proj,16,0.1,2516582,15058263,25165824,0.598361611366272,1460722,0.0970046810843986,0.9700469650287992,rank32_norm_matched_lowrank_bf16_mask,32,3,0.9686976872359692,0.0007396320031802,0.0013492777928298,bf16_merged_minus_base,saved_merged_bf16,serialized_bf16_deployed_merged_checkpoint,7452b4b561c63348fc90833179fbb4b1b40c1b1c9930392fbd5e0b50ac119fed,99da160a86a47add6cb2ddb60959870cbaba13b4e15418e53307bd4dce2ffd81
llama,llama3_2_3b,sft,80,80,14,mlp.down_proj,32,0.01,251658,15058263,25165824,0.598361611366272,120797,0.0080219743804448,0.8021982030803039,rank32_norm_matched_lowrank_bf16_mask,32,3,0.7992580151729226,0.0026609551741444,0.0029401879073812,bf16_merged_minus_base,saved_merged_bf16,serialized_bf16_deployed_merged_checkpoint,7452b4b561c63348fc90833179fbb4b1b40c1b1c9930392fbd5e0b50ac119fed,99da160a86a47add6cb2ddb60959870cbaba13b4e15418e53307bd4dce2ffd81
llama,llama3_2_3b,sft,80,80,14,mlp.down_proj,32,0.1,2516582,15058263,25165824,0.598361611366272,1436954,0.0954262785820648,0.954262937496658,rank32_norm_matched_lowrank_bf16_mask,32,3,0.952510481097078,0.0008314408339658,0.0017524563995799,bf16_merged_minus_base,saved_merged_bf16,serialized_bf16_deployed_merged_checkpoint,7452b4b561c63348fc90833179fbb4b1b40c1b1c9930392fbd5e0b50ac119fed,99da160a86a47add6cb2ddb60959870cbaba13b4e15418e53307bd4dce2ffd81
llama,llama3_2_3b,sft,80,80,14,mlp.down_proj,50,0.01,251658,15058263,25165824,0.598361611366272,114918,0.0076315575043416,0.7631564782368964,rank32_norm_matched_lowrank_bf16_mask,32,3,0.7646457933350325,0.0014214301260641,-0.0014893150981361,bf16_merged_minus_base,saved_merged_bf16,serialized_bf16_deployed_merged_checkpoint,7452b4b561c63348fc90833179fbb4b1b40c1b1c9930392fbd5e0b50ac119fed,99da160a86a47add6cb2ddb60959870cbaba13b4e15418e53307bd4dce2ffd81
llama,llama3_2_3b,sft,80,80,14,mlp.down_proj,50,0.1,2516582,15058263,25165824,0.598361611366272,1409352,0.0935932650399319,0.935932799161831,rank32_norm_matched_lowrank_bf16_mask,32,3,0.935500419753458,0.0004394414097356,0.0004323794083729,bf16_merged_minus_base,saved_merged_bf16,serialized_bf16_deployed_merged_checkpoint,7452b4b561c63348fc90833179fbb4b1b40c1b1c9930392fbd5e0b50ac119fed,99da160a86a47add6cb2ddb60959870cbaba13b4e15418e53307bd4dce2ffd81
llama,llama3_2_3b,sft,160,160,14,mlp.down_proj,16,0.01,251658,17519697,25165824,0.6961702108383179,156779,0.0089487278233179,0.8948736357497977,rank32_norm_matched_lowrank_bf16_mask,32,3,0.8859776393223093,0.0017691335914456,0.0088959964274883,bf16_merged_minus_base,saved_merged_bf16,serialized_bf16_deployed_merged_checkpoint,7452b4b561c63348fc90833179fbb4b1b40c1b1c9930392fbd5e0b50ac119fed,c327d936f9d478d28553679443e717df9019bea359eb319914b62968d2355caa
llama,llama3_2_3b,sft,160,160,14,mlp.down_proj,16,0.1,2516582,17519697,25165824,0.6961702108383179,1716467,0.097973555136256,0.9797357070873576,rank32_norm_matched_lowrank_bf16_mask,32,3,0.9769296802826578,0.0009016476184387,0.0028060268046996,bf16_merged_minus_base,saved_merged_bf16,serialized_bf16_deployed_merged_checkpoint,7452b4b561c63348fc90833179fbb4b1b40c1b1c9930392fbd5e0b50ac119fed,c327d936f9d478d28553679443e717df9019bea359eb319914b62968d2355caa
llama,llama3_2_3b,sft,160,160,14,mlp.down_proj,32,0.01,251658,17519697,25165824,0.6961702108383179,150255,0.0085763469539456,0.8576355132995226,rank32_norm_matched_lowrank_bf16_mask,32,3,0.8488515227390269,0.0008602587189524,0.0087839905604957,bf16_merged_minus_base,saved_merged_bf16,serialized_bf16_deployed_merged_checkpoint,7452b4b561c63348fc90833179fbb4b1b40c1b1c9930392fbd5e0b50ac119fed,c327d936f9d478d28553679443e717df9019bea359eb319914b62968d2355caa
llama,llama3_2_3b,sft,160,160,14,mlp.down_proj,32,0.1,2516582,17519697,25165824,0.6961702108383179,1695698,0.0967880894287155,0.9678810481277051,rank32_norm_matched_lowrank_bf16_mask,32,3,0.9649572096947386,0.0008184893235401,0.0029238384329666,bf16_merged_minus_base,saved_merged_bf16,serialized_bf16_deployed_merged_checkpoint,7452b4b561c63348fc90833179fbb4b1b40c1b1c9930392fbd5e0b50ac119fed,c327d936f9d478d28553679443e717df9019bea359eb319914b62968d2355caa
llama,llama3_2_3b,sft,160,160,14,mlp.down_proj,50,0.01,251658,17519697,25165824,0.6961702108383179,145086,0.0082813076048061,0.828131550248408,rank32_norm_matched_lowrank_bf16_mask,32,3,0.8233660372722308,0.001285024397801,0.0047655129761772,bf16_merged_minus_base,saved_merged_bf16,serialized_bf16_deployed_merged_checkpoint,7452b4b561c63348fc90833179fbb4b1b40c1b1c9930392fbd5e0b50ac119fed,c327d936f9d478d28553679443e717df9019bea359eb319914b62968d2355caa
llama,llama3_2_3b,sft,160,160,14,mlp.down_proj,50,0.1,2516582,17519697,25165824,0.6961702108383179,1672435,0.0954602696610563,0.9546028483406,rank32_norm_matched_lowrank_bf16_mask,32,3,0.9521663274321464,0.0007192309594101,0.0024365209084536,bf16_merged_minus_base,saved_merged_bf16,serialized_bf16_deployed_merged_checkpoint,7452b4b561c63348fc90833179fbb4b1b40c1b1c9930392fbd5e0b50ac119fed,c327d936f9d478d28553679443e717df9019bea359eb319914b62968d2355caa
llama,llama3_2_3b,sft,320,320,14,mlp.down_proj,16,0.01,251658,19940013,25165824,0.7923449277877808,186155,0.0093357511853176,0.9335760088592304,rank32_norm_matched_lowrank_bf16_mask,32,3,0.9233059111846436,0.0016353976355563,0.0102700976745866,bf16_merged_minus_base,saved_merged_bf16,serialized_bf16_deployed_merged_checkpoint,7452b4b561c63348fc90833179fbb4b1b40c1b1c9930392fbd5e0b50ac119fed,2799ed6a6158af0d380f57565b61c76db527e5f7c1786e2e8755e6193c62df7e
llama,llama3_2_3b,sft,320,320,14,mlp.down_proj,16,0.1,2516582,19940013,25165824,0.7923449277877808,1968496,0.0987208985269969,0.9872091421826368,rank32_norm_matched_lowrank_bf16_mask,32,3,0.984932929694391,0.0003540065301358,0.0022762124882458,bf16_merged_minus_base,saved_merged_bf16,serialized_bf16_deployed_merged_checkpoint,7452b4b561c63348fc90833179fbb4b1b40c1b1c9930392fbd5e0b50ac119fed,2799ed6a6158af0d380f57565b61c76db527e5f7c1786e2e8755e6193c62df7e
llama,llama3_2_3b,sft,320,320,14,mlp.down_proj,32,0.01,251658,19940013,25165824,0.7923449277877808,180937,0.0090740663007591,0.9074074954471412,rank32_norm_matched_lowrank_bf16_mask,32,3,0.8979259490438927,0.0008864755511731,0.0094815464032484,bf16_merged_minus_base,saved_merged_bf16,serialized_bf16_deployed_merged_checkpoint,7452b4b561c63348fc90833179fbb4b1b40c1b1c9930392fbd5e0b50ac119fed,2799ed6a6158af0d380f57565b61c76db527e5f7c1786e2e8755e6193c62df7e
llama,llama3_2_3b,sft,320,320,14,mlp.down_proj,32,0.1,2516582,19940013,25165824,0.7923449277877808,1952445,0.0979159341571141,0.979159497204352,rank32_norm_matched_lowrank_bf16_mask,32,3,0.976916290085514,0.0004304754496497,0.0022432071188381,bf16_merged_minus_base,saved_merged_bf16,serialized_bf16_deployed_merged_checkpoint,7452b4b561c63348fc90833179fbb4b1b40c1b1c9930392fbd5e0b50ac119fed,2799ed6a6158af0d380f57565b61c76db527e5f7c1786e2e8755e6193c62df7e
llama,llama3_2_3b,sft,320,320,14,mlp.down_proj,50,0.01,251658,19940013,25165824,0.7923449277877808,177139,0.0088835950106953,0.8883603482759808,rank32_norm_matched_lowrank_bf16_mask,32,3,0.880444197883041,0.0023763960292966,0.0079161503929398,bf16_merged_minus_base,saved_merged_bf16,serialized_bf16_deployed_merged_checkpoint,7452b4b561c63348fc90833179fbb4b1b40c1b1c9930392fbd5e0b50ac119fed,2799ed6a6158af0d380f57565b61c76db527e5f7c1786e2e8755e6193c62df7e
llama,llama3_2_3b,sft,320,320,14,mlp.down_proj,50,0.1,2516582,19940013,25165824,0.7923449277877808,1934647,0.0970233570058354,0.9702337242728518,rank32_norm_matched_lowrank_bf16_mask,32,3,0.9684629883386234,0.0005329298358762,0.0017707359342283,bf16_merged_minus_base,saved_merged_bf16,serialized_bf16_deployed_merged_checkpoint,7452b4b561c63348fc90833179fbb4b1b40c1b1c9930392fbd5e0b50ac119fed,2799ed6a6158af0d380f57565b61c76db527e5f7c1786e2e8755e6193c62df7e
llama,llama3_2_3b,offkd,5,5,14,mlp.down_proj,16,0.01,251658,3897520,25165824,0.1548735300699869,27734,0.0071158069746915,0.7115813760860423,rank32_norm_matched_lowrank_bf16_mask,32,3,0.7012789440327186,0.0023121131012273,0.0103024320533237,bf16_merged_minus_base,saved_merged_bf16,serialized_bf16_deployed_merged_checkpoint,7452b4b561c63348fc90833179fbb4b1b40c1b1c9930392fbd5e0b50ac119fed,ea9ff85349ca9c45f58b52da17a891fda2293437cdafe874e4e6d939b725bf2b
llama,llama3_2_3b,offkd,5,5,14,mlp.down_proj,16,0.1,2516582,3897520,25165824,0.1548735300699869,362855,0.0930989449701348,0.93098959767816,rank32_norm_matched_lowrank_bf16_mask,32,3,0.9276309749677152,0.0005224363648422,0.0033586227104448,bf16_merged_minus_base,saved_merged_bf16,serialized_bf16_deployed_merged_checkpoint,7452b4b561c63348fc90833179fbb4b1b40c1b1c9930392fbd5e0b50ac119fed,ea9ff85349ca9c45f58b52da17a891fda2293437cdafe874e4e6d939b725bf2b
llama,llama3_2_3b,offkd,5,5,14,mlp.down_proj,32,0.01,251658,3897520,25165824,0.1548735300699869,23916,0.0061362096923171,0.6136215544268331,rank32_norm_matched_lowrank_bf16_mask,32,3,0.601298656188189,0.0024967570772452,0.012322898238644,bf16_merged_minus_base,saved_merged_bf16,serialized_bf16_deployed_merged_checkpoint,7452b4b561c63348fc90833179fbb4b1b40c1b1c9930392fbd5e0b50ac119fed,ea9ff85349ca9c45f58b52da17a891fda2293437cdafe874e4e6d939b725bf2b
llama,llama3_2_3b,offkd,5,5,14,mlp.down_proj,32,0.1,2516582,3897520,25165824,0.1548735300699869,349231,0.0896033888216096,0.89603403063687,rank32_norm_matched_lowrank_bf16_mask,32,3,0.8918763014275223,0.0013371712105739,0.0041577292093477,bf16_merged_minus_base,saved_merged_bf16,serialized_bf16_deployed_merged_checkpoint,7452b4b561c63348fc90833179fbb4b1b40c1b1c9930392fbd5e0b50ac119fed,ea9ff85349ca9c45f58b52da17a891fda2293437cdafe874e4e6d939b725bf2b
llama,llama3_2_3b,offkd,5,5,14,mlp.down_proj,50,0.01,251658,3897520,25165824,0.1548735300699869,21318,0.0054696319710995,0.5469637187352077,rank32_norm_matched_lowrank_bf16_mask,32,3,0.5334767502312816,0.004529290411681,0.013486968503926,bf16_merged_minus_base,saved_merged_bf16,serialized_bf16_deployed_merged_checkpoint,7452b4b561c63348fc90833179fbb4b1b40c1b1c9930392fbd5e0b50ac119fed,ea9ff85349ca9c45f58b52da17a891fda2293437cdafe874e4e6d939b725bf2b
llama,llama3_2_3b,offkd,5,5,14,mlp.down_proj,50,0.1,2516582,3897520,25165824,0.1548735300699869,333997,0.0856947494817217,0.8569476310253749,rank32_norm_matched_lowrank_bf16_mask,32,3,0.8544443411523001,0.0012913502430275,0.0025032898730747,bf16_merged_minus_base,saved_merged_bf16,serialized_bf16_deployed_merged_checkpoint,7452b4b561c63348fc90833179fbb4b1b40c1b1c9930392fbd5e0b50ac119fed,ea9ff85349ca9c45f58b52da17a891fda2293437cdafe874e4e6d939b725bf2b
llama,llama3_2_3b,offkd,20,20,14,mlp.down_proj,16,0.01,251658,7591636,25165824,0.3016645113627116,56597,0.0074551783041231,0.7455185413941969,rank32_norm_matched_lowrank_bf16_mask,32,3,0.7388614908061789,0.0057658161123889,0.006657050588018,bf16_merged_minus_base,saved_merged_bf16,serialized_bf16_deployed_merged_checkpoint,7452b4b561c63348fc90833179fbb4b1b40c1b1c9930392fbd5e0b50ac119fed,b2fbd8f55f76fa5a597181cf9d5d08c470d3f9abcbbb7e3ab14571c0d8bdfce8
llama,llama3_2_3b,offkd,20,20,14,mlp.down_proj,16,0.1,2516582,7591636,25165824,0.3016645113627116,712559,0.093861059724149,0.9386107464296508,rank32_norm_matched_lowrank_bf16_mask,32,3,0.9390353588241984,0.0027387350054246,-0.0004246123945477,bf16_merged_minus_base,saved_merged_bf16,serialized_bf16_deployed_merged_checkpoint,7452b4b561c63348fc90833179fbb4b1b40c1b1c9930392fbd5e0b50ac119fed,b2fbd8f55f76fa5a597181cf9d5d08c470d3f9abcbbb7e3ab14571c0d8bdfce8
llama,llama3_2_3b,offkd,20,20,14,mlp.down_proj,32,0.01,251658,7591636,25165824,0.3016645113627116,50201,0.006612672156568,0.6612678462909709,rank32_norm_matched_lowrank_bf16_mask,32,3,0.6494112825351152,0.0041240170482436,0.0118565637558557,bf16_merged_minus_base,saved_merged_bf16,serialized_bf16_deployed_merged_checkpoint,7452b4b561c63348fc90833179fbb4b1b40c1b1c9930392fbd5e0b50ac119fed,b2fbd8f55f76fa5a597181cf9d5d08c470d3f9abcbbb7e3ab14571c0d8bdfce8
llama,llama3_2_3b,offkd,20,20,14,mlp.down_proj,32,0.1,2516582,7591636,25165824,0.3016645113627116,692039,0.0911580850293665,0.9115809951855623,rank32_norm_matched_lowrank_bf16_mask,32,3,0.9082040396282208,0.0023508052933768,0.0033769555573416,bf16_merged_minus_base,saved_merged_bf16,serialized_bf16_deployed_merged_checkpoint,7452b4b561c63348fc90833179fbb4b1b40c1b1c9930392fbd5e0b50ac119fed,b2fbd8f55f76fa5a597181cf9d5d08c470d3f9abcbbb7e3ab14571c0d8bdfce8
llama,llama3_2_3b,offkd,20,20,14,mlp.down_proj,50,0.01,251658,7591636,25165824,0.3016645113627116,45734,0.0060242614371921,0.6024267182381081,rank32_norm_matched_lowrank_bf16_mask,32,3,0.5880903860469474,0.0027442161697765,0.0143363321911607,bf16_merged_minus_base,saved_merged_bf16,serialized_bf16_deployed_merged_checkpoint,7452b4b561c63348fc90833179fbb4b1b40c1b1c9930392fbd5e0b50ac119fed,b2fbd8f55f76fa5a597181cf9d5d08c470d3f9abcbbb7e3ab14571c0d8bdfce8
llama,llama3_2_3b,offkd,20,20,14,mlp.down_proj,50,0.1,2516582,7591636,25165824,0.3016645113627116,667434,0.0879170181499745,0.8791703212401044,rank32_norm_matched_lowrank_bf16_mask,32,3,0.8759153835317743,0.0020555792717581,0.00325493770833,bf16_merged_minus_base,saved_merged_bf16,serialized_bf16_deployed_merged_checkpoint,7452b4b561c63348fc90833179fbb4b1b40c1b1c9930392fbd5e0b50ac119fed,b2fbd8f55f76fa5a597181cf9d5d08c470d3f9abcbbb7e3ab14571c0d8bdfce8
llama,llama3_2_3b,offkd,40,40,14,mlp.down_proj,16,0.01,251658,9596204,25165824,0.3813188870747884,73810,0.0076915830467964,0.769159038206862,rank32_norm_matched_lowrank_bf16_mask,32,3,0.7670893135029271,0.0019558106936765,0.0020697247039349,bf16_merged_minus_base,saved_merged_bf16,serialized_bf16_deployed_merged_checkpoint,7452b4b561c63348fc90833179fbb4b1b40c1b1c9930392fbd5e0b50ac119fed,ef6a3cad66becd5fcd642c5a78e58eee8204e126a406041b467ec964db312979
llama,llama3_2_3b,offkd,40,40,14,mlp.down_proj,16,0.1,2516582,9596204,25165824,0.3813188870747884,907453,0.0945637462479955,0.9456376127850064,rank32_norm_matched_lowrank_bf16_mask,32,3,0.948619325099056,0.0006506444246271,-0.0029817123140495,bf16_merged_minus_base,saved_merged_bf16,serialized_bf16_deployed_merged_checkpoint,7452b4b561c63348fc90833179fbb4b1b40c1b1c9930392fbd5e0b50ac119fed,ef6a3cad66becd5fcd642c5a78e58eee8204e126a406041b467ec964db312979
llama,llama3_2_3b,offkd,40,40,14,mlp.down_proj,32,0.01,251658,9596204,25165824,0.3813188870747884,66408,0.0069202363768006,0.692024297645865,rank32_norm_matched_lowrank_bf16_mask,32,3,0.689847273742909,0.0029367082995286,0.002177023902956,bf16_merged_minus_base,saved_merged_bf16,serialized_bf16_deployed_merged_checkpoint,7452b4b561c63348fc90833179fbb4b1b40c1b1c9930392fbd5e0b50ac119fed,ef6a3cad66becd5fcd642c5a78e58eee8204e126a406041b467ec964db312979
llama,llama3_2_3b,offkd,40,40,14,mlp.down_proj,32,0.1,2516582,9596204,25165824,0.3813188870747884,885191,0.0922438705971653,0.92243885258936,rank32_norm_matched_lowrank_bf16_mask,32,3,0.921654406665912,0.0007055942853719,0.000784445923448,bf16_merged_minus_base,saved_merged_bf16,serialized_bf16_deployed_merged_checkpoint,7452b4b561c63348fc90833179fbb4b1b40c1b1c9930392fbd5e0b50ac119fed,ef6a3cad66becd5fcd642c5a78e58eee8204e126a406041b467ec964db312979
llama,llama3_2_3b,offkd,40,40,14,mlp.down_proj,50,0.01,251658,9596204,25165824,0.3813188870747884,61360,0.0063941950379545,0.6394201135939989,rank32_norm_matched_lowrank_bf16_mask,32,3,0.6368663556376812,0.0013095780086644,0.0025537579563176,bf16_merged_minus_base,saved_merged_bf16,serialized_bf16_deployed_merged_checkpoint,7452b4b561c63348fc90833179fbb4b1b40c1b1c9930392fbd5e0b50ac119fed,ef6a3cad66becd5fcd642c5a78e58eee8204e126a406041b467ec964db312979
llama,llama3_2_3b,offkd,40,40,14,mlp.down_proj,50,0.1,2516582,9596204,25165824,0.3813188870747884,858739,0.0894873639618332,0.8948737818546895,rank32_norm_matched_lowrank_bf16_mask,32,3,0.893531463824476,0.0003205945118451,0.0013423180302134,bf16_merged_minus_base,saved_merged_bf16,serialized_bf16_deployed_merged_checkpoint,7452b4b561c63348fc90833179fbb4b1b40c1b1c9930392fbd5e0b50ac119fed,ef6a3cad66becd5fcd642c5a78e58eee8204e126a406041b467ec964db312979
llama,llama3_2_3b,offkd,80,80,14,mlp.down_proj,16,0.01,251658,12000295,25165824,0.4768488804499308,96284,0.0080234694230433,0.8023477074827364,rank32_norm_matched_lowrank_bf16_mask,32,3,0.8044556939966746,0.0018038696253656,-0.0021079865139381,bf16_merged_minus_base,saved_merged_bf16,serialized_bf16_deployed_merged_checkpoint,7452b4b561c63348fc90833179fbb4b1b40c1b1c9930392fbd5e0b50ac119fed,3bf06fec7df2d29eb0eca8bc254512788be88d7db76605182e599987b64d821a
llama,llama3_2_3b,offkd,80,80,14,mlp.down_proj,16,0.1,2516582,12000295,25165824,0.4768488804499308,1144920,0.0954076545618253,0.9540766972646606,rank32_norm_matched_lowrank_bf16_mask,32,3,0.9586159199249216,0.0010430002608805,-0.0045392226602609,bf16_merged_minus_base,saved_merged_bf16,serialized_bf16_deployed_merged_checkpoint,7452b4b561c63348fc90833179fbb4b1b40c1b1c9930392fbd5e0b50ac119fed,3bf06fec7df2d29eb0eca8bc254512788be88d7db76605182e599987b64d821a
llama,llama3_2_3b,offkd,80,80,14,mlp.down_proj,32,0.01,251658,12000295,25165824,0.4768488804499308,88156,0.0073461527404117,0.7346159746255673,rank32_norm_matched_lowrank_bf16_mask,32,3,0.7393094534041369,0.0007281859874054,-0.0046934787785696,bf16_merged_minus_base,saved_merged_bf16,serialized_bf16_deployed_merged_checkpoint,7452b4b561c63348fc90833179fbb4b1b40c1b1c9930392fbd5e0b50ac119fed,3bf06fec7df2d29eb0eca8bc254512788be88d7db76605182e599987b64d821a
llama,llama3_2_3b,offkd,80,80,14,mlp.down_proj,32,0.1,2516582,12000295,25165824,0.4768488804499308,1121445,0.0934514526517889,0.9345146750549972,rank32_norm_matched_lowrank_bf16_mask,32,3,0.9362559293437664,0.0006703308084943,-0.0017412542887692,bf16_merged_minus_base,saved_merged_bf16,serialized_bf16_deployed_merged_checkpoint,7452b4b561c63348fc90833179fbb4b1b40c1b1c9930392fbd5e0b50ac119fed,3bf06fec7df2d29eb0eca8bc254512788be88d7db76605182e599987b64d821a
llama,llama3_2_3b,offkd,80,80,14,mlp.down_proj,50,0.01,251658,12000295,25165824,0.4768488804499308,82916,0.0069094968082034,0.6909503397619394,rank32_norm_matched_lowrank_bf16_mask,32,3,0.6947940659924701,0.001419580797473,-0.0038437262305306,bf16_merged_minus_base,saved_merged_bf16,serialized_bf16_deployed_merged_checkpoint,7452b4b561c63348fc90833179fbb4b1b40c1b1c9930392fbd5e0b50ac119fed,3bf06fec7df2d29eb0eca8bc254512788be88d7db76605182e599987b64d821a
llama,llama3_2_3b,offkd,80,80,14,mlp.down_proj,50,0.1,2516582,12000295,25165824,0.4768488804499308,1093413,0.0911155100770439,0.9111552455946654,rank32_norm_matched_lowrank_bf16_mask,32,3,0.913347884877917,0.0011170915592758,-0.0021926392832515,bf16_merged_minus_base,saved_merged_bf16,serialized_bf16_deployed_merged_checkpoint,7452b4b561c63348fc90833179fbb4b1b40c1b1c9930392fbd5e0b50ac119fed,3bf06fec7df2d29eb0eca8bc254512788be88d7db76605182e599987b64d821a
llama,llama3_2_3b,offkd,160,160,14,mlp.down_proj,16,0.01,251658,14533508,25165824,0.5775097211201986,122482,0.0084275592651134,0.8427567302267905,rank32_norm_matched_lowrank_bf16_mask,32,3,0.8427469217259228,0.002727699143856,9.808500867736214e-06,bf16_merged_minus_base,saved_merged_bf16,serialized_bf16_deployed_merged_checkpoint,7452b4b561c63348fc90833179fbb4b1b40c1b1c9930392fbd5e0b50ac119fed,7dd7f88afb6e1c1a0e3acea33c25e6a2f052549136dd21504c94217fd721d8b9
llama,llama3_2_3b,offkd,160,160,14,mlp.down_proj,16,0.1,2516582,14533508,25165824,0.5775097211201986,1402915,0.0965296884964043,0.9652970383938752,rank32_norm_matched_lowrank_bf16_mask,32,3,0.968009729926282,0.0006938543158088,-0.0027126915324066,bf16_merged_minus_base,saved_merged_bf16,serialized_bf16_deployed_merged_checkpoint,7452b4b561c63348fc90833179fbb4b1b40c1b1c9930392fbd5e0b50ac119fed,7dd7f88afb6e1c1a0e3acea33c25e6a2f052549136dd21504c94217fd721d8b9
llama,llama3_2_3b,offkd,160,160,14,mlp.down_proj,32,0.01,251658,14533508,25165824,0.5775097211201986,114491,0.0078777264236549,0.7877733936447435,rank32_norm_matched_lowrank_bf16_mask,32,3,0.7893061765809124,0.0012741642103902,-0.0015327829361688,bf16_merged_minus_base,saved_merged_bf16,serialized_bf16_deployed_merged_checkpoint,7452b4b561c63348fc90833179fbb4b1b40c1b1c9930392fbd5e0b50ac119fed,7dd7f88afb6e1c1a0e3acea33c25e6a2f052549136dd21504c94217fd721d8b9
llama,llama3_2_3b,offkd,160,160,14,mlp.down_proj,32,0.1,2516582,14533508,25165824,0.5775097211201986,1379051,0.0948876898818922,0.9488770496388677,rank32_norm_matched_lowrank_bf16_mask,32,3,0.9502936337240174,0.0004162019426529,-0.0014165840851497,bf16_merged_minus_base,saved_merged_bf16,serialized_bf16_deployed_merged_checkpoint,7452b4b561c63348fc90833179fbb4b1b40c1b1c9930392fbd5e0b50ac119fed,7dd7f88afb6e1c1a0e3acea33c25e6a2f052549136dd21504c94217fd721d8b9
llama,llama3_2_3b,offkd,160,160,14,mlp.down_proj,50,0.01,251658,14533508,25165824,0.5775097211201986,108852,0.0074897264996172,0.748973364238391,rank32_norm_matched_lowrank_bf16_mask,32,3,0.7529075394025884,0.0021976206103257,-0.0039341751641973,bf16_merged_minus_base,saved_merged_bf16,serialized_bf16_deployed_merged_checkpoint,7452b4b561c63348fc90833179fbb4b1b40c1b1c9930392fbd5e0b50ac119fed,7dd7f88afb6e1c1a0e3acea33c25e6a2f052549136dd21504c94217fd721d8b9
llama,llama3_2_3b,offkd,160,160,14,mlp.down_proj,50,0.1,2516582,14533508,25165824,0.5775097211201986,1350930,0.0929527819436298,0.92952796718079,rank32_norm_matched_lowrank_bf16_mask,32,3,0.9320043767718466,0.0003186578157515,-0.0024764095910566,bf16_merged_minus_base,saved_merged_bf16,serialized_bf16_deployed_merged_checkpoint,7452b4b561c63348fc90833179fbb4b1b40c1b1c9930392fbd5e0b50ac119fed,7dd7f88afb6e1c1a0e3acea33c25e6a2f052549136dd21504c94217fd721d8b9
llama,llama3_2_3b,offkd,320,320,14,mlp.down_proj,16,0.01,251658,16336431,25165824,0.6491514444351196,141938,0.0086884338445771,0.86884421305213,rank32_norm_matched_lowrank_bf16_mask,32,3,0.8713079237750682,0.0012396302518071,-0.0024637107229381,bf16_merged_minus_base,saved_merged_bf16,serialized_bf16_deployed_merged_checkpoint,7452b4b561c63348fc90833179fbb4b1b40c1b1c9930392fbd5e0b50ac119fed,9975b3bc429739c9a8d287e5686b736d71d57857cfdaca8983e4d8ffc1e5064e
llama,llama3_2_3b,offkd,320,320,14,mlp.down_proj,16,0.1,2516582,16336431,25165824,0.6491514444351196,1587156,0.0971543906989231,0.9715440614120012,rank32_norm_matched_lowrank_bf16_mask,32,3,0.9731758237296214,0.0004124106631828,-0.00163176231762,bf16_merged_minus_base,saved_merged_bf16,serialized_bf16_deployed_merged_checkpoint,7452b4b561c63348fc90833179fbb4b1b40c1b1c9930392fbd5e0b50ac119fed,9975b3bc429739c9a8d287e5686b736d71d57857cfdaca8983e4d8ffc1e5064e
llama,llama3_2_3b,offkd,320,320,14,mlp.down_proj,32,0.01,251658,16336431,25165824,0.6491514444351196,134586,0.0082383967465109,0.823840460326579,rank32_norm_matched_lowrank_bf16_mask,32,3,0.8262910445454871,0.0005462863600848,-0.002450584218908,bf16_merged_minus_base,saved_merged_bf16,serialized_bf16_deployed_merged_checkpoint,7452b4b561c63348fc90833179fbb4b1b40c1b1c9930392fbd5e0b50ac119fed,9975b3bc429739c9a8d287e5686b736d71d57857cfdaca8983e4d8ffc1e5064e
llama,llama3_2_3b,offkd,320,320,14,mlp.down_proj,32,0.1,2516582,16336431,25165824,0.6491514444351196,1564025,0.0957384755580946,0.9573849077531796,rank32_norm_matched_lowrank_bf16_mask,32,3,0.9591075460288928,0.0002921016419158,-0.0017226382757132,bf16_merged_minus_base,saved_merged_bf16,serialized_bf16_deployed_merged_checkpoint,7452b4b561c63348fc90833179fbb4b1b40c1b1c9930392fbd5e0b50ac119fed,9975b3bc429739c9a8d287e5686b736d71d57857cfdaca8983e4d8ffc1e5064e
llama,llama3_2_3b,offkd,320,320,14,mlp.down_proj,50,0.01,251658,16336431,25165824,0.6491514444351196,129350,0.007917886103764,0.7917893654855854,rank32_norm_matched_lowrank_bf16_mask,32,3,0.7956351881806333,0.00053778295397,-0.0038458226950478,bf16_merged_minus_base,saved_merged_bf16,serialized_bf16_deployed_merged_checkpoint,7452b4b561c63348fc90833179fbb4b1b40c1b1c9930392fbd5e0b50ac119fed,9975b3bc429739c9a8d287e5686b736d71d57857cfdaca8983e4d8ffc1e5064e
llama,llama3_2_3b,offkd,320,320,14,mlp.down_proj,50,0.1,2516582,16336431,25165824,0.6491514444351196,1538186,0.09415679593664,0.9415681090246206,rank32_norm_matched_lowrank_bf16_mask,32,3,0.9444815157129232,0.0003284373792547,-0.0029134066883026,bf16_merged_minus_base,saved_merged_bf16,serialized_bf16_deployed_merged_checkpoint,7452b4b561c63348fc90833179fbb4b1b40c1b1c9930392fbd5e0b50ac119fed,9975b3bc429739c9a8d287e5686b736d71d57857cfdaca8983e4d8ffc1e5064e
llama,llama3_2_3b,seqkd,5,5,14,mlp.down_proj,16,0.01,251658,3757675,25165824,0.1493165890375773,26832,0.0071405856014689,0.714059241126858,rank32_norm_matched_lowrank_bf16_mask,32,3,0.7003605305051325,0.0094975086206072,0.0136987106217255,bf16_merged_minus_base,saved_merged_bf16,serialized_bf16_deployed_merged_checkpoint,7452b4b561c63348fc90833179fbb4b1b40c1b1c9930392fbd5e0b50ac119fed,d302b91c7b4dd871e28d3c7ca100b0cafae998d9203a3e8d3cb3e57130bbe7e9
llama,llama3_2_3b,seqkd,5,5,14,mlp.down_proj,16,0.1,2516582,3757675,25165824,0.1493165890375773,349982,0.0931379110753324,0.9313792587920712,rank32_norm_matched_lowrank_bf16_mask,32,3,0.9292243156199904,0.0025940222368772,0.0021549431720809,bf16_merged_minus_base,saved_merged_bf16,serialized_bf16_deployed_merged_checkpoint,7452b4b561c63348fc90833179fbb4b1b40c1b1c9930392fbd5e0b50ac119fed,d302b91c7b4dd871e28d3c7ca100b0cafae998d9203a3e8d3cb3e57130bbe7e9
llama,llama3_2_3b,seqkd,5,5,14,mlp.down_proj,32,0.01,251658,3757675,25165824,0.1493165890375773,23208,0.0061761594603045,0.6176165350354845,rank32_norm_matched_lowrank_bf16_mask,32,3,0.6027296218255914,0.0065198741202915,0.0148869132098931,bf16_merged_minus_base,saved_merged_bf16,serialized_bf16_deployed_merged_checkpoint,7452b4b561c63348fc90833179fbb4b1b40c1b1c9930392fbd5e0b50ac119fed,d302b91c7b4dd871e28d3c7ca100b0cafae998d9203a3e8d3cb3e57130bbe7e9
llama,llama3_2_3b,seqkd,5,5,14,mlp.down_proj,32,0.1,2516582,3757675,25165824,0.1493165890375773,336529,0.0895577717604635,0.8955778599529031,rank32_norm_matched_lowrank_bf16_mask,32,3,0.8913974650458162,0.0013669971232941,0.0041803949070868,bf16_merged_minus_base,saved_merged_bf16,serialized_bf16_deployed_merged_checkpoint,7452b4b561c63348fc90833179fbb4b1b40c1b1c9930392fbd5e0b50ac119fed,d302b91c7b4dd871e28d3c7ca100b0cafae998d9203a3e8d3cb3e57130bbe7e9
llama,llama3_2_3b,seqkd,5,5,14,mlp.down_proj,50,0.01,251658,3757675,25165824,0.1493165890375773,20629,0.0054898308129361,0.5489836048451832,rank32_norm_matched_lowrank_bf16_mask,32,3,0.535955704236814,0.0038088380865369,0.0130279006083691,bf16_merged_minus_base,saved_merged_bf16,serialized_bf16_deployed_merged_checkpoint,7452b4b561c63348fc90833179fbb4b1b40c1b1c9930392fbd5e0b50ac119fed,d302b91c7b4dd871e28d3c7ca100b0cafae998d9203a3e8d3cb3e57130bbe7e9
llama,llama3_2_3b,seqkd,5,5,14,mlp.down_proj,50,0.1,2516582,3757675,25165824,0.1493165890375773,321987,0.0856878255836388,0.8568783920335407,rank32_norm_matched_lowrank_bf16_mask,32,3,0.8536541225483697,0.0011424859000501,0.0032242694851709,bf16_merged_minus_base,saved_merged_bf16,serialized_bf16_deployed_merged_checkpoint,7452b4b561c63348fc90833179fbb4b1b40c1b1c9930392fbd5e0b50ac119fed,d302b91c7b4dd871e28d3c7ca100b0cafae998d9203a3e8d3cb3e57130bbe7e9
llama,llama3_2_3b,seqkd,20,20,14,mlp.down_proj,16,0.01,251658,7374286,25165824,0.2930277983347575,55359,0.0075070318672207,0.7507039026491084,rank32_norm_matched_lowrank_bf16_mask,32,3,0.7373190969248551,0.0048239507347694,0.0133848057242532,bf16_merged_minus_base,saved_merged_bf16,serialized_bf16_deployed_merged_checkpoint,7452b4b561c63348fc90833179fbb4b1b40c1b1c9930392fbd5e0b50ac119fed,3e599e82e9d7537f649b1188f7a3c93c5f2b3bf9d0b6ca61a291c2a4628ff47d
llama,llama3_2_3b,seqkd,20,20,14,mlp.down_proj,16,0.1,2516582,7374286,25165824,0.2930277983347575,694599,0.0941920343203396,0.9419204929176266,rank32_norm_matched_lowrank_bf16_mask,32,3,0.938246446287358,0.0006706424516533,0.0036740466302686,bf16_merged_minus_base,saved_merged_bf16,serialized_bf16_deployed_merged_checkpoint,7452b4b561c63348fc90833179fbb4b1b40c1b1c9930392fbd5e0b50ac119fed,3e599e82e9d7537f649b1188f7a3c93c5f2b3bf9d0b6ca61a291c2a4628ff47d
llama,llama3_2_3b,seqkd,20,20,14,mlp.down_proj,32,0.01,251658,7374286,25165824,0.2930277983347575,48808,0.0066186746757584,0.6618680987824506,rank32_norm_matched_lowrank_bf16_mask,32,3,0.6457266360298259,0.0046046092962625,0.0161414627526246,bf16_merged_minus_base,saved_merged_bf16,serialized_bf16_deployed_merged_checkpoint,7452b4b561c63348fc90833179fbb4b1b40c1b1c9930392fbd5e0b50ac119fed,3e599e82e9d7537f649b1188f7a3c93c5f2b3bf9d0b6ca61a291c2a4628ff47d
llama,llama3_2_3b,seqkd,20,20,14,mlp.down_proj,32,0.1,2516582,7374286,25165824,0.2930277983347575,673197,0.091289787241775,0.912898017518982,rank32_norm_matched_lowrank_bf16_mask,32,3,0.9074071374703104,0.0003865936216425,0.0054908800486717,bf16_merged_minus_base,saved_merged_bf16,serialized_bf16_deployed_merged_checkpoint,7452b4b561c63348fc90833179fbb4b1b40c1b1c9930392fbd5e0b50ac119fed,3e599e82e9d7537f649b1188f7a3c93c5f2b3bf9d0b6ca61a291c2a4628ff47d
llama,llama3_2_3b,seqkd,20,20,14,mlp.down_proj,50,0.01,251658,7374286,25165824,0.2930277983347575,44468,0.0060301431216527,0.603014887245083,rank32_norm_matched_lowrank_bf16_mask,32,3,0.5855895305659174,0.0030408777323062,0.0174253566791655,bf16_merged_minus_base,saved_merged_bf16,serialized_bf16_deployed_merged_checkpoint,7452b4b561c63348fc90833179fbb4b1b40c1b1c9930392fbd5e0b50ac119fed,3e599e82e9d7537f649b1188f7a3c93c5f2b3bf9d0b6ca61a291c2a4628ff47d
llama,llama3_2_3b,seqkd,20,20,14,mlp.down_proj,50,0.1,2516582,7374286,25165824,0.2930277983347575,648969,0.0880043166212973,0.8800433060920894,rank32_norm_matched_lowrank_bf16_mask,32,3,0.8741710430838249,0.0007805858475177,0.0058722630082644,bf16_merged_minus_base,saved_merged_bf16,serialized_bf16_deployed_merged_checkpoint,7452b4b561c63348fc90833179fbb4b1b40c1b1c9930392fbd5e0b50ac119fed,3e599e82e9d7537f649b1188f7a3c93c5f2b3bf9d0b6ca61a291c2a4628ff47d
llama,llama3_2_3b,seqkd,40,40,14,mlp.down_proj,16,0.01,251658,9340842,25165824,0.3711717128753662,72321,0.0077424497705881,0.7742457154370668,rank32_norm_matched_lowrank_bf16_mask,32,3,0.7638298588615523,0.0025806292523342,0.0104158565755144,bf16_merged_minus_base,saved_merged_bf16,serialized_bf16_deployed_merged_checkpoint,7452b4b561c63348fc90833179fbb4b1b40c1b1c9930392fbd5e0b50ac119fed,285324b23cfcc994e7fe9e7087b42289975c268372861e7a4acbf45654fde633
llama,llama3_2_3b,seqkd,40,40,14,mlp.down_proj,16,0.1,2516582,9340842,25165824,0.3711717128753662,885523,0.0948011967229506,0.9480121179119748,rank32_norm_matched_lowrank_bf16_mask,32,3,0.947928124833576,0.0008843369355666,8.399307839868086e-05,bf16_merged_minus_base,saved_merged_bf16,serialized_bf16_deployed_merged_checkpoint,7452b4b561c63348fc90833179fbb4b1b40c1b1c9930392fbd5e0b50ac119fed,285324b23cfcc994e7fe9e7087b42289975c268372861e7a4acbf45654fde633
llama,llama3_2_3b,seqkd,40,40,14,mlp.down_proj,32,0.01,251658,9340842,25165824,0.3711717128753662,64811,0.0069384537282613,0.6938460345292755,rank32_norm_matched_lowrank_bf16_mask,32,3,0.6838950570625325,0.0039293802478832,0.009950977466743,bf16_merged_minus_base,saved_merged_bf16,serialized_bf16_deployed_merged_checkpoint,7452b4b561c63348fc90833179fbb4b1b40c1b1c9930392fbd5e0b50ac119fed,285324b23cfcc994e7fe9e7087b42289975c268372861e7a4acbf45654fde633
llama,llama3_2_3b,seqkd,40,40,14,mlp.down_proj,32,0.1,2516582,9340842,25165824,0.3711717128753662,861968,0.0922794754477166,0.9227949011514656,rank32_norm_matched_lowrank_bf16_mask,32,3,0.9197495244490568,0.000703506107558,0.0030453767024085,bf16_merged_minus_base,saved_merged_bf16,serialized_bf16_deployed_merged_checkpoint,7452b4b561c63348fc90833179fbb4b1b40c1b1c9930392fbd5e0b50ac119fed,285324b23cfcc994e7fe9e7087b42289975c268372861e7a4acbf45654fde633
llama,llama3_2_3b,seqkd,40,40,14,mlp.down_proj,50,0.01,251658,9340842,25165824,0.3711717128753662,59797,0.0064016712840234,0.640167738913874,rank32_norm_matched_lowrank_bf16_mask,32,3,0.6301548777950767,0.0027807040068961,0.0100128611187972,bf16_merged_minus_base,saved_merged_bf16,serialized_bf16_deployed_merged_checkpoint,7452b4b561c63348fc90833179fbb4b1b40c1b1c9930392fbd5e0b50ac119fed,285324b23cfcc994e7fe9e7087b42289975c268372861e7a4acbf45654fde633
llama,llama3_2_3b,seqkd,40,40,14,mlp.down_proj,50,0.1,2516582,9340842,25165824,0.3711717128753662,835160,0.0894094986297809,0.8940951284104025,rank32_norm_matched_lowrank_bf16_mask,32,3,0.8915086961164835,0.000734574756123,0.0025864322939189,bf16_merged_minus_base,saved_merged_bf16,serialized_bf16_deployed_merged_checkpoint,7452b4b561c63348fc90833179fbb4b1b40c1b1c9930392fbd5e0b50ac119fed,285324b23cfcc994e7fe9e7087b42289975c268372861e7a4acbf45654fde633
llama,llama3_2_3b,seqkd,80,80,14,mlp.down_proj,16,0.01,251658,11601118,25165824,0.4609870115915934,92785,0.0079979360609899,0.7997943688423463,rank32_norm_matched_lowrank_bf16_mask,32,3,0.801449925086302,0.0007100425116364,-0.0016555562439556,bf16_merged_minus_base,saved_merged_bf16,serialized_bf16_deployed_merged_checkpoint,7452b4b561c63348fc90833179fbb4b1b40c1b1c9930392fbd5e0b50ac119fed,c85d47bfa7e06936e61317e06aa73b5a126d1768243976a86b3c4fb165b929c2
llama,llama3_2_3b,seqkd,80,80,14,mlp.down_proj,16,0.1,2516582,11601118,25165824,0.4609870115915934,1107945,0.095503295458248,0.955033106380905,rank32_norm_matched_lowrank_bf16_mask,32,3,0.9575062132792592,0.0010869661864762,-0.0024731068983542,bf16_merged_minus_base,saved_merged_bf16,serialized_bf16_deployed_merged_checkpoint,7452b4b561c63348fc90833179fbb4b1b40c1b1c9930392fbd5e0b50ac119fed,c85d47bfa7e06936e61317e06aa73b5a126d1768243976a86b3c4fb165b929c2
llama,llama3_2_3b,seqkd,80,80,14,mlp.down_proj,32,0.01,251658,11601118,25165824,0.4609870115915934,84819,0.0073112781026794,0.731128507526421,rank32_norm_matched_lowrank_bf16_mask,32,3,0.7334771330353339,0.0017785378591507,-0.0023486255089129,bf16_merged_minus_base,saved_merged_bf16,serialized_bf16_deployed_merged_checkpoint,7452b4b561c63348fc90833179fbb4b1b40c1b1c9930392fbd5e0b50ac119fed,c85d47bfa7e06936e61317e06aa73b5a126d1768243976a86b3c4fb165b929c2
llama,llama3_2_3b,seqkd,80,80,14,mlp.down_proj,32,0.1,2516582,11601118,25165824,0.4609870115915934,1083872,0.0934282368302779,0.934282516802986,rank32_norm_matched_lowrank_bf16_mask,32,3,0.9346929096996957,0.0009028633213044,-0.0004103928967096,bf16_merged_minus_base,saved_merged_bf16,serialized_bf16_deployed_merged_checkpoint,7452b4b561c63348fc90833179fbb4b1b40c1b1c9930392fbd5e0b50ac119fed,c85d47bfa7e06936e61317e06aa73b5a126d1768243976a86b3c4fb165b929c2
llama,llama3_2_3b,seqkd,80,80,14,mlp.down_proj,50,0.01,251658,11601118,25165824,0.4609870115915934,79411,0.0068451161344966,0.6845122662514368,rank32_norm_matched_lowrank_bf16_mask,32,3,0.6864500027044084,0.0017193195918747,-0.0019377364529715,bf16_merged_minus_base,saved_merged_bf16,serialized_bf16_deployed_merged_checkpoint,7452b4b561c63348fc90833179fbb4b1b40c1b1c9930392fbd5e0b50ac119fed,c85d47bfa7e06936e61317e06aa73b5a126d1768243976a86b3c4fb165b929c2
llama,llama3_2_3b,seqkd,80,80,14,mlp.down_proj,50,0.1,2516582,11601118,25165824,0.4609870115915934,1055704,0.0910001949812078,0.910002094453016,rank32_norm_matched_lowrank_bf16_mask,32,3,0.91064255752178,0.0007128929913731,-0.000640463068764,bf16_merged_minus_base,saved_merged_bf16,serialized_bf16_deployed_merged_checkpoint,7452b4b561c63348fc90833179fbb4b1b40c1b1c9930392fbd5e0b50ac119fed,c85d47bfa7e06936e61317e06aa73b5a126d1768243976a86b3c4fb165b929c2
llama,llama3_2_3b,seqkd,160,160,14,mlp.down_proj,16,0.01,251658,13911183,25165824,0.5527807474136353,114763,0.0082496937895217,0.8249701657050299,rank32_norm_matched_lowrank_bf16_mask,32,3,0.837212264691568,0.0023662166369988,-0.012242098986538,bf16_merged_minus_base,saved_merged_bf16,serialized_bf16_deployed_merged_checkpoint,7452b4b561c63348fc90833179fbb4b1b40c1b1c9930392fbd5e0b50ac119fed,97096bd1d0ee33314c6e0dbf5f36d48e6b772dff6387e5d96e7bc9dad52f1f04
llama,llama3_2_3b,seqkd,160,160,14,mlp.down_proj,16,0.1,2516582,13911183,25165824,0.5527807474136353,1338730,0.0962340873525997,0.962341026485984,rank32_norm_matched_lowrank_bf16_mask,32,3,0.9671001337745264,0.0001308496598095,-0.0047591072885425,bf16_merged_minus_base,saved_merged_bf16,serialized_bf16_deployed_merged_checkpoint,7452b4b561c63348fc90833179fbb4b1b40c1b1c9930392fbd5e0b50ac119fed,97096bd1d0ee33314c6e0dbf5f36d48e6b772dff6387e5d96e7bc9dad52f1f04
llama,llama3_2_3b,seqkd,160,160,14,mlp.down_proj,32,0.01,251658,13911183,25165824,0.5527807474136353,107073,0.0076969011190493,0.7696908459393242,rank32_norm_matched_lowrank_bf16_mask,32,3,0.7800452949975863,0.0025640331202674,-0.0103544490582621,bf16_merged_minus_base,saved_merged_bf16,serialized_bf16_deployed_merged_checkpoint,7452b4b561c63348fc90833179fbb4b1b40c1b1c9930392fbd5e0b50ac119fed,97096bd1d0ee33314c6e0dbf5f36d48e6b772dff6387e5d96e7bc9dad52f1f04
llama,llama3_2_3b,seqkd,160,160,14,mlp.down_proj,32,0.1,2516582,13911183,25165824,0.5527807474136353,1314066,0.0944611252687855,0.9446114028297944,rank32_norm_matched_lowrank_bf16_mask,32,3,0.9478535406897268,0.0002115752192396,-0.0032421378599322,bf16_merged_minus_base,saved_merged_bf16,serialized_bf16_deployed_merged_checkpoint,7452b4b561c63348fc90833179fbb4b1b40c1b1c9930392fbd5e0b50ac119fed,97096bd1d0ee33314c6e0dbf5f36d48e6b772dff6387e5d96e7bc9dad52f1f04
llama,llama3_2_3b,seqkd,160,160,14,mlp.down_proj,50,0.01,251658,13911183,25165824,0.5527807474136353,101427,0.0072910405966192,0.729104754990407,rank32_norm_matched_lowrank_bf16_mask,32,3,0.7413669525917254,0.0026394457089068,-0.0122621976013184,bf16_merged_minus_base,saved_merged_bf16,serialized_bf16_deployed_merged_checkpoint,7452b4b561c63348fc90833179fbb4b1b40c1b1c9930392fbd5e0b50ac119fed,97096bd1d0ee33314c6e0dbf5f36d48e6b772dff6387e5d96e7bc9dad52f1f04
llama,llama3_2_3b,seqkd,160,160,14,mlp.down_proj,50,0.1,2516582,13911183,25165824,0.5527807474136353,1286540,0.0924824294238671,0.9248244412355572,rank32_norm_matched_lowrank_bf16_mask,32,3,0.9289812078855118,0.0003689151540349,-0.0041567666499544,bf16_merged_minus_base,saved_merged_bf16,serialized_bf16_deployed_merged_checkpoint,7452b4b561c63348fc90833179fbb4b1b40c1b1c9930392fbd5e0b50ac119fed,97096bd1d0ee33314c6e0dbf5f36d48e6b772dff6387e5d96e7bc9dad52f1f04
llama,llama3_2_3b,seqkd,320,320,14,mlp.down_proj,16,0.01,251658,15816594,25165824,0.6284949779510498,135074,0.0085400181606735,0.854002630507728,rank32_norm_matched_lowrank_bf16_mask,32,3,0.8621778976789773,0.0031230090454616,-0.0081752671712493,bf16_merged_minus_base,saved_merged_bf16,serialized_bf16_deployed_merged_checkpoint,7452b4b561c63348fc90833179fbb4b1b40c1b1c9930392fbd5e0b50ac119fed,6a41f256386ac9d107f9ad06e85d1907135ef13aeb8636f412d5f423f5279ebc
llama,llama3_2_3b,seqkd,320,320,14,mlp.down_proj,16,0.1,2516582,15816594,25165824,0.6284949779510498,1532475,0.0968903292327033,0.9689034463300884,rank32_norm_matched_lowrank_bf16_mask,32,3,0.9707937825766324,0.0005922970788264,-0.0018903362465437,bf16_merged_minus_base,saved_merged_bf16,serialized_bf16_deployed_merged_checkpoint,7452b4b561c63348fc90833179fbb4b1b40c1b1c9930392fbd5e0b50ac119fed,6a41f256386ac9d107f9ad06e85d1907135ef13aeb8636f412d5f423f5279ebc
llama,llama3_2_3b,seqkd,320,320,14,mlp.down_proj,32,0.01,251658,15816594,25165824,0.6284949779510498,127866,0.0080842942545025,0.8084301964293731,rank32_norm_matched_lowrank_bf16_mask,32,3,0.8142847831061396,0.0031060017338367,-0.0058545866767665,bf16_merged_minus_base,saved_merged_bf16,serialized_bf16_deployed_merged_checkpoint,7452b4b561c63348fc90833179fbb4b1b40c1b1c9930392fbd5e0b50ac119fed,6a41f256386ac9d107f9ad06e85d1907135ef13aeb8636f412d5f423f5279ebc
llama,llama3_2_3b,seqkd,320,320,14,mlp.down_proj,32,0.1,2516582,15816594,25165824,0.6284949779510498,1509161,0.0954163077082208,0.9541632287423696,rank32_norm_matched_lowrank_bf16_mask,32,3,0.9556983157215588,0.0007427827846136,-0.0015350869791893,bf16_merged_minus_base,saved_merged_bf16,serialized_bf16_deployed_merged_checkpoint,7452b4b561c63348fc90833179fbb4b1b40c1b1c9930392fbd5e0b50ac119fed,6a41f256386ac9d107f9ad06e85d1907135ef13aeb8636f412d5f423f5279ebc
llama,llama3_2_3b,seqkd,320,320,14,mlp.down_proj,50,0.01,251658,15816594,25165824,0.6284949779510498,122434,0.0077408574817056,0.7740864863969613,rank32_norm_matched_lowrank_bf16_mask,32,3,0.7809439847367182,0.0041133594494891,-0.0068574983397569,bf16_merged_minus_base,saved_merged_bf16,serialized_bf16_deployed_merged_checkpoint,7452b4b561c63348fc90833179fbb4b1b40c1b1c9930392fbd5e0b50ac119fed,6a41f256386ac9d107f9ad06e85d1907135ef13aeb8636f412d5f423f5279ebc
llama,llama3_2_3b,seqkd,320,320,14,mlp.down_proj,50,0.1,2516582,15816594,25165824,0.6284949779510498,1483018,0.0937634234020295,0.937634383053267,rank32_norm_matched_lowrank_bf16_mask,32,3,0.9398672458846676,0.000764000006989,-0.0022328628314007,bf16_merged_minus_base,saved_merged_bf16,serialized_bf16_deployed_merged_checkpoint,7452b4b561c63348fc90833179fbb4b1b40c1b1c9930392fbd5e0b50ac119fed,6a41f256386ac9d107f9ad06e85d1907135ef13aeb8636f412d5f423f5279ebc
qwen,qwen3_4b,opd,5,5,18,self_attn.q_proj,16,0.01,104858,2217259,10485760,0.2114542961120605,6419,0.002895015873202,0.2895004829634995,rank32_norm_matched_lowrank_bf16_mask,32,3,0.2748635534618897,0.0033746263982537,0.0146369295016098,bf16_merged_minus_base,saved_merged_bf16,saved_merged_bf16,d391105000c51be44ccf2db63aba9c91185024e95bf4e57166754bb8e26bc44a,8ed6466295edfc6657cc26a5651f81d535a285631cb2140540926029f710e816
qwen,qwen3_4b,opd,5,5,18,self_attn.q_proj,16,0.1,1048576,2217259,10485760,0.2114542961120605,169099,0.0762648838047336,0.7626488380473369,rank32_norm_matched_lowrank_bf16_mask,32,3,0.7480653384360939,0.0036387813116905,0.0145834996112429,bf16_merged_minus_base,saved_merged_bf16,saved_merged_bf16,d391105000c51be44ccf2db63aba9c91185024e95bf4e57166754bb8e26bc44a,8ed6466295edfc6657cc26a5651f81d535a285631cb2140540926029f710e816
qwen,qwen3_4b,opd,5,5,18,self_attn.q_proj,32,0.01,104858,2217259,10485760,0.2114542961120605,4989,0.0022500754309713,0.2250066847647451,rank32_norm_matched_lowrank_bf16_mask,32,3,0.2118251875174441,0.0003858090433908,0.013181497247301,bf16_merged_minus_base,saved_merged_bf16,saved_merged_bf16,d391105000c51be44ccf2db63aba9c91185024e95bf4e57166754bb8e26bc44a,8ed6466295edfc6657cc26a5651f81d535a285631cb2140540926029f710e816
qwen,qwen3_4b,opd,5,5,18,self_attn.q_proj,32,0.1,1048576,2217259,10485760,0.2114542961120605,147685,0.0666070134341545,0.6660701343415452,rank32_norm_matched_lowrank_bf16_mask,32,3,0.6480563441809247,0.0020693966509177,0.0180137901606204,bf16_merged_minus_base,saved_merged_bf16,saved_merged_bf16,d391105000c51be44ccf2db63aba9c91185024e95bf4e57166754bb8e26bc44a,8ed6466295edfc6657cc26a5651f81d535a285631cb2140540926029f710e816
qwen,qwen3_4b,opd,5,5,18,self_attn.q_proj,50,0.01,104858,2217259,10485760,0.2114542961120605,3859,0.0017404371794183,0.1740430540202749,rank32_norm_matched_lowrank_bf16_mask,32,3,0.1649031337728629,0.0011103844876912,0.0091399202474119,bf16_merged_minus_base,saved_merged_bf16,saved_merged_bf16,d391105000c51be44ccf2db63aba9c91185024e95bf4e57166754bb8e26bc44a,8ed6466295edfc6657cc26a5651f81d535a285631cb2140540926029f710e816
qwen,qwen3_4b,opd,5,5,18,self_attn.q_proj,50,0.1,1048576,2217259,10485760,0.2114542961120605,130595,0.0588992986385442,0.5889929863854426,rank32_norm_matched_lowrank_bf16_mask,32,3,0.5710420807981941,0.0016731530368414,0.0179509055872485,bf16_merged_minus_base,saved_merged_bf16,saved_merged_bf16,d391105000c51be44ccf2db63aba9c91185024e95bf4e57166754bb8e26bc44a,8ed6466295edfc6657cc26a5651f81d535a285631cb2140540926029f710e816
qwen,qwen3_4b,opd,20,20,18,self_attn.q_proj,16,0.01,104858,4491001,10485760,0.4282952308654785,17204,0.0038307718034353,0.383075719025638,rank32_norm_matched_lowrank_bf16_mask,32,3,0.3432618005169785,0.0072750258087882,0.0398139185086594,bf16_merged_minus_base,saved_merged_bf16,saved_merged_bf16,d391105000c51be44ccf2db63aba9c91185024e95bf4e57166754bb8e26bc44a,601e239685c60a82eac9edb452b449d86b17b509e2067496d6896addc7410a49
qwen,qwen3_4b,opd,20,20,18,self_attn.q_proj,16,0.1,1048576,4491001,10485760,0.4282952308654785,368121,0.0819685856226707,0.8196858562267076,rank32_norm_matched_lowrank_bf16_mask,32,3,0.8089516478938802,0.0010228574290787,0.0107342083328274,bf16_merged_minus_base,saved_merged_bf16,saved_merged_bf16,d391105000c51be44ccf2db63aba9c91185024e95bf4e57166754bb8e26bc44a,601e239685c60a82eac9edb452b449d86b17b509e2067496d6896addc7410a49
qwen,qwen3_4b,opd,20,20,18,self_attn.q_proj,32,0.01,104858,4491001,10485760,0.4282952308654785,13963,0.0031091064107979,0.3109094550543468,rank32_norm_matched_lowrank_bf16_mask,32,3,0.2748746007552414,0.0040898406562615,0.0360348542991053,bf16_merged_minus_base,saved_merged_bf16,saved_merged_bf16,d391105000c51be44ccf2db63aba9c91185024e95bf4e57166754bb8e26bc44a,601e239685c60a82eac9edb452b449d86b17b509e2067496d6896addc7410a49
qwen,qwen3_4b,opd,20,20,18,self_attn.q_proj,32,0.1,1048576,4491001,10485760,0.4282952308654785,335461,0.0746962648193576,0.7469626481935765,rank32_norm_matched_lowrank_bf16_mask,32,3,0.7356839715461138,0.0002654874329974,0.0112786766474627,bf16_merged_minus_base,saved_merged_bf16,saved_merged_bf16,d391105000c51be44ccf2db63aba9c91185024e95bf4e57166754bb8e26bc44a,601e239685c60a82eac9edb452b449d86b17b509e2067496d6896addc7410a49
qwen,qwen3_4b,opd,20,20,18,self_attn.q_proj,50,0.01,104858,4491001,10485760,0.4282952308654785,11544,0.002570473709536,0.2570463903994399,rank32_norm_matched_lowrank_bf16_mask,32,3,0.2250428189268004,0.0046793678150401,0.0320035714726395,bf16_merged_minus_base,saved_merged_bf16,saved_merged_bf16,d391105000c51be44ccf2db63aba9c91185024e95bf4e57166754bb8e26bc44a,601e239685c60a82eac9edb452b449d86b17b509e2067496d6896addc7410a49
qwen,qwen3_4b,opd,20,20,18,self_attn.q_proj,50,0.1,1048576,4491001,10485760,0.4282952308654785,308175,0.0686205592027256,0.6862055920272563,rank32_norm_matched_lowrank_bf16_mask,32,3,0.6769236550548762,0.000659339912689,0.0092819369723801,bf16_merged_minus_base,saved_merged_bf16,saved_merged_bf16,d391105000c51be44ccf2db63aba9c91185024e95bf4e57166754bb8e26bc44a,601e239685c60a82eac9edb452b449d86b17b509e2067496d6896addc7410a49
qwen,qwen3_4b,opd,40,40,18,self_attn.q_proj,16,0.01,104858,5387493,10485760,0.5137913703918457,24728,0.0045898899543813,0.4589872445407512,rank32_norm_matched_lowrank_bf16_mask,32,3,0.3948382654667011,0.0015963332713479,0.06414897907405,bf16_merged_minus_base,saved_merged_bf16,saved_merged_bf16,d391105000c51be44ccf2db63aba9c91185024e95bf4e57166754bb8e26bc44a,4b034423a56b57bf4ff84b6e72110387cf224a461bfaea7f20dfcf273bbe5561
qwen,qwen3_4b,opd,40,40,18,self_attn.q_proj,16,0.1,1048576,5387493,10485760,0.5137913703918457,455983,0.0846373257468733,0.8463732574687335,rank32_norm_matched_lowrank_bf16_mask,32,3,0.8386403579941372,0.0007078154662386,0.0077328994745963,bf16_merged_minus_base,saved_merged_bf16,saved_merged_bf16,d391105000c51be44ccf2db63aba9c91185024e95bf4e57166754bb8e26bc44a,4b034423a56b57bf4ff84b6e72110387cf224a461bfaea7f20dfcf273bbe5561
qwen,qwen3_4b,opd,40,40,18,self_attn.q_proj,32,0.01,104858,5387493,10485760,0.5137913703918457,20821,0.0038646917963512,0.38646770537783,rank32_norm_matched_lowrank_bf16_mask,32,3,0.3267134579378581,0.0022893813441682,0.0597542474399718,bf16_merged_minus_base,saved_merged_bf16,saved_merged_bf16,d391105000c51be44ccf2db63aba9c91185024e95bf4e57166754bb8e26bc44a,4b034423a56b57bf4ff84b6e72110387cf224a461bfaea7f20dfcf273bbe5561
qwen,qwen3_4b,opd,40,40,18,self_attn.q_proj,32,0.1,1048576,5387493,10485760,0.5137913703918457,423211,0.0785543480056493,0.7855434800564938,rank32_norm_matched_lowrank_bf16_mask,32,3,0.7781396918572016,0.0014596444677234,0.0074037881992922,bf16_merged_minus_base,saved_merged_bf16,saved_merged_bf16,d391105000c51be44ccf2db63aba9c91185024e95bf4e57166754bb8e26bc44a,4b034423a56b57bf4ff84b6e72110387cf224a461bfaea7f20dfcf273bbe5561
qwen,qwen3_4b,opd,40,40,18,self_attn.q_proj,50,0.01,104858,5387493,10485760,0.5137913703918457,17783,0.0033007931518426,0.3300780560364032,rank32_norm_matched_lowrank_bf16_mask,32,3,0.2777253848819653,0.0014766805588531,0.0523526711544378,bf16_merged_minus_base,saved_merged_bf16,saved_merged_bf16,d391105000c51be44ccf2db63aba9c91185024e95bf4e57166754bb8e26bc44a,4b034423a56b57bf4ff84b6e72110387cf224a461bfaea7f20dfcf273bbe5561
qwen,qwen3_4b,opd,40,40,18,self_attn.q_proj,50,0.1,1048576,5387493,10485760,0.5137913703918457,395411,0.0733942484936871,0.7339424849368713,rank32_norm_matched_lowrank_bf16_mask,32,3,0.7279014992495704,0.0011329498865884,0.0060409856873009,bf16_merged_minus_base,saved_merged_bf16,saved_merged_bf16,d391105000c51be44ccf2db63aba9c91185024e95bf4e57166754bb8e26bc44a,4b034423a56b57bf4ff84b6e72110387cf224a461bfaea7f20dfcf273bbe5561
qwen,qwen3_4b,opd,80,80,18,self_attn.q_proj,16,0.01,104858,5954397,10485760,0.5678555488586425,29118,0.0048901677197539,0.4890149065315722,rank32_norm_matched_lowrank_bf16_mask,32,3,0.4368512653516667,0.001195304501285,0.0521636411799055,bf16_merged_minus_base,saved_merged_bf16,saved_merged_bf16,d391105000c51be44ccf2db63aba9c91185024e95bf4e57166754bb8e26bc44a,303fac7d64c7bde380510fd37988071b7a8f63caa94b98b87007ca223758e191
qwen,qwen3_4b,opd,80,80,18,self_attn.q_proj,16,0.1,1048576,5954397,10485760,0.5678555488586425,513004,0.0861554914796578,0.8615549147965781,rank32_norm_matched_lowrank_bf16_mask,32,3,0.8561171778562539,0.0004270982405314,0.0054377369403242,bf16_merged_minus_base,saved_merged_bf16,saved_merged_bf16,d391105000c51be44ccf2db63aba9c91185024e95bf4e57166754bb8e26bc44a,303fac7d64c7bde380510fd37988071b7a8f63caa94b98b87007ca223758e191
qwen,qwen3_4b,opd,80,80,18,self_attn.q_proj,32,0.01,104858,5954397,10485760,0.5678555488586425,24956,0.0041911884612329,0.4191172473178761,rank32_norm_matched_lowrank_bf16_mask,32,3,0.3711314559263141,0.0021604853953465,0.047985791391562,bf16_merged_minus_base,saved_merged_bf16,saved_merged_bf16,d391105000c51be44ccf2db63aba9c91185024e95bf4e57166754bb8e26bc44a,303fac7d64c7bde380510fd37988071b7a8f63caa94b98b87007ca223758e191
qwen,qwen3_4b,opd,80,80,18,self_attn.q_proj,32,0.1,1048576,5954397,10485760,0.5678555488586425,479266,0.0804894265531841,0.8048942655318415,rank32_norm_matched_lowrank_bf16_mask,32,3,0.8023744516863794,0.0005528540821556,0.002519813845462,bf16_merged_minus_base,saved_merged_bf16,saved_merged_bf16,d391105000c51be44ccf2db63aba9c91185024e95bf4e57166754bb8e26bc44a,303fac7d64c7bde380510fd37988071b7a8f63caa94b98b87007ca223758e191
qwen,qwen3_4b,opd,80,80,18,self_attn.q_proj,50,0.01,104858,5954397,10485760,0.5678555488586425,21682,0.0036413426917956,0.3641328801228638,rank32_norm_matched_lowrank_bf16_mask,32,3,0.3213410849393396,0.0014584208052562,0.0427917951835242,bf16_merged_minus_base,saved_merged_bf16,saved_merged_bf16,d391105000c51be44ccf2db63aba9c91185024e95bf4e57166754bb8e26bc44a,303fac7d64c7bde380510fd37988071b7a8f63caa94b98b87007ca223758e191
qwen,qwen3_4b,opd,80,80,18,self_attn.q_proj,50,0.1,1048576,5954397,10485760,0.5678555488586425,451394,0.0758085159588787,0.758085159588788,rank32_norm_matched_lowrank_bf16_mask,32,3,0.7580230977587878,0.0010879127413634,6.206183000012633e-05,bf16_merged_minus_base,saved_merged_bf16,saved_merged_bf16,d391105000c51be44ccf2db63aba9c91185024e95bf4e57166754bb8e26bc44a,303fac7d64c7bde380510fd37988071b7a8f63caa94b98b87007ca223758e191
qwen,qwen3_4b,opd,160,160,18,self_attn.q_proj,16,0.01,104858,6772215,10485760,0.6458487510681152,35647,0.0052637135708184,0.5263693491421242,rank32_norm_matched_lowrank_bf16_mask,32,3,0.492658286021166,0.0058549560255426,0.0337110631209581,bf16_merged_minus_base,saved_merged_bf16,saved_merged_bf16,d391105000c51be44ccf2db63aba9c91185024e95bf4e57166754bb8e26bc44a,940c1a631ac08acffba72bb445ea55ec52c72f73f4ec27d2e5527dcfdfe1f197
qwen,qwen3_4b,opd,160,160,18,self_attn.q_proj,16,0.1,1048576,6772215,10485760,0.6458487510681152,594762,0.0878238508375767,0.8782385083757678,rank32_norm_matched_lowrank_bf16_mask,32,3,0.8764260153298675,0.0012321215963189,0.0018124930459002,bf16_merged_minus_base,saved_merged_bf16,saved_merged_bf16,d391105000c51be44ccf2db63aba9c91185024e95bf4e57166754bb8e26bc44a,940c1a631ac08acffba72bb445ea55ec52c72f73f4ec27d2e5527dcfdfe1f197
qwen,qwen3_4b,opd,160,160,18,self_attn.q_proj,32,0.01,104858,6772215,10485760,0.6458487510681152,31261,0.0046160672689806,0.4616049660148664,rank32_norm_matched_lowrank_bf16_mask,32,3,0.4323286669489794,0.0049440484203581,0.0292762990658869,bf16_merged_minus_base,saved_merged_bf16,saved_merged_bf16,d391105000c51be44ccf2db63aba9c91185024e95bf4e57166754bb8e26bc44a,940c1a631ac08acffba72bb445ea55ec52c72f73f4ec27d2e5527dcfdfe1f197
qwen,qwen3_4b,opd,160,160,18,self_attn.q_proj,32,0.1,1048576,6772215,10485760,0.6458487510681152,562765,0.0830991042074121,0.830991042074122,rank32_norm_matched_lowrank_bf16_mask,32,3,0.8330453123682348,0.0006700247624272,-0.0020542702941127,bf16_merged_minus_base,saved_merged_bf16,saved_merged_bf16,d391105000c51be44ccf2db63aba9c91185024e95bf4e57166754bb8e26bc44a,940c1a631ac08acffba72bb445ea55ec52c72f73f4ec27d2e5527dcfdfe1f197
qwen,qwen3_4b,opd,160,160,18,self_attn.q_proj,50,0.01,104858,6772215,10485760,0.6458487510681152,27800,0.0041050084795004,0.4104992820195542,rank32_norm_matched_lowrank_bf16_mask,32,3,0.385228422314428,0.0045946255873135,0.0252708597051262,bf16_merged_minus_base,saved_merged_bf16,saved_merged_bf16,d391105000c51be44ccf2db63aba9c91185024e95bf4e57166754bb8e26bc44a,940c1a631ac08acffba72bb445ea55ec52c72f73f4ec27d2e5527dcfdfe1f197
qwen,qwen3_4b,opd,160,160,18,self_attn.q_proj,50,0.1,1048576,6772215,10485760,0.6458487510681152,537143,0.0793157039461978,0.7931570394619781,rank32_norm_matched_lowrank_bf16_mask,32,3,0.7978173697859431,0.0006679264997136,-0.0046603303239649,bf16_merged_minus_base,saved_merged_bf16,saved_merged_bf16,d391105000c51be44ccf2db63aba9c91185024e95bf4e57166754bb8e26bc44a,940c1a631ac08acffba72bb445ea55ec52c72f73f4ec27d2e5527dcfdfe1f197
qwen,qwen3_4b,opd,320,320,18,self_attn.q_proj,16,0.01,104858,7707646,10485760,0.7350584030151367,46393,0.0060190880587925,0.6019065097881359,rank32_norm_matched_lowrank_bf16_mask,32,3,0.5788680148342343,0.005294613858106,0.0230384949539015,bf16_merged_minus_base,saved_merged_bf16,saved_merged_bf16,d391105000c51be44ccf2db63aba9c91185024e95bf4e57166754bb8e26bc44a,5a59f017de6903183ca627ae838a586de5d6d61bd6dbf34692ade866318bd7d6
qwen,qwen3_4b,opd,320,320,18,self_attn.q_proj,16,0.1,1048576,7707646,10485760,0.7350584030151367,698332,0.0906025004262001,0.9060250042620016,rank32_norm_matched_lowrank_bf16_mask,32,3,0.9027444918273384,0.0006352116695561,0.0032805124346634,bf16_merged_minus_base,saved_merged_bf16,saved_merged_bf16,d391105000c51be44ccf2db63aba9c91185024e95bf4e57166754bb8e26bc44a,5a59f017de6903183ca627ae838a586de5d6d61bd6dbf34692ade866318bd7d6
qwen,qwen3_4b,opd,320,320,18,self_attn.q_proj,32,0.01,104858,7707646,10485760,0.7350584030151367,41963,0.0054443341066779,0.5444313338270761,rank32_norm_matched_lowrank_bf16_mask,32,3,0.5246606627955575,0.0030861943166355,0.0197706710315186,bf16_merged_minus_base,saved_merged_bf16,saved_merged_bf16,d391105000c51be44ccf2db63aba9c91185024e95bf4e57166754bb8e26bc44a,5a59f017de6903183ca627ae838a586de5d6d61bd6dbf34692ade866318bd7d6
qwen,qwen3_4b,opd,320,320,18,self_attn.q_proj,32,0.1,1048576,7707646,10485760,0.7350584030151367,670718,0.0870198242109199,0.8701982421091992,rank32_norm_matched_lowrank_bf16_mask,32,3,0.8706013190237178,0.0009374806978526,-0.0004030769145186,bf16_merged_minus_base,saved_merged_bf16,saved_merged_bf16,d391105000c51be44ccf2db63aba9c91185024e95bf4e57166754bb8e26bc44a,5a59f017de6903183ca627ae838a586de5d6d61bd6dbf34692ade866318bd7d6
qwen,qwen3_4b,opd,320,320,18,self_attn.q_proj,50,0.01,104858,7707646,10485760,0.7350584030151367,38479,0.004992315422893,0.4992296378793714,rank32_norm_matched_lowrank_bf16_mask,32,3,0.4840968509106622,0.0027901547684174,0.0151327869687092,bf16_merged_minus_base,saved_merged_bf16,saved_merged_bf16,d391105000c51be44ccf2db63aba9c91185024e95bf4e57166754bb8e26bc44a,5a59f017de6903183ca627ae838a586de5d6d61bd6dbf34692ade866318bd7d6
qwen,qwen3_4b,opd,320,320,18,self_attn.q_proj,50,0.1,1048576,7707646,10485760,0.7350584030151367,647930,0.0840632795019387,0.8406327950193873,rank32_norm_matched_lowrank_bf16_mask,32,3,0.8440184257352686,0.0011132844126561,-0.0033856307158813,bf16_merged_minus_base,saved_merged_bf16,saved_merged_bf16,d391105000c51be44ccf2db63aba9c91185024e95bf4e57166754bb8e26bc44a,5a59f017de6903183ca627ae838a586de5d6d61bd6dbf34692ade866318bd7d6
qwen,qwen3_4b,sft,5,5,18,self_attn.q_proj,16,0.01,104858,90232,10485760,0.0086051940917968,264,0.0029257912935543,0.2925780132588921,rank32_norm_matched_lowrank_bf16_mask,32,3,0.2360519619230204,0.0169158439561885,0.0565260513358716,bf16_merged_minus_base,adapter_merge_quantized_to_bf16,adapter_merge_quantized_to_bf16_in_memory,d391105000c51be44ccf2db63aba9c91185024e95bf4e57166754bb8e26bc44a,f0b98a22270ebd014714a182f78cd603e3befe9d4e4116fef3410e7883f2c6f3
qwen,qwen3_4b,sft,5,5,18,self_attn.q_proj,16,0.1,1048576,90232,10485760,0.0086051940917968,6761,0.0749290717262168,0.7492907172621686,rank32_norm_matched_lowrank_bf16_mask,32,3,0.711953704324539,0.0220886901245858,0.0373370129376295,bf16_merged_minus_base,adapter_merge_quantized_to_bf16,adapter_merge_quantized_to_bf16_in_memory,d391105000c51be44ccf2db63aba9c91185024e95bf4e57166754bb8e26bc44a,f0b98a22270ebd014714a182f78cd603e3befe9d4e4116fef3410e7883f2c6f3
qwen,qwen3_4b,sft,5,5,18,self_attn.q_proj,32,0.01,104858,90232,10485760,0.0086051940917968,224,0.0024824895824097,0.2482480112499691,rank32_norm_matched_lowrank_bf16_mask,32,3,0.2486712196973931,0.0078414613810657,-0.000423208447424,bf16_merged_minus_base,adapter_merge_quantized_to_bf16,adapter_merge_quantized_to_bf16_in_memory,d391105000c51be44ccf2db63aba9c91185024e95bf4e57166754bb8e26bc44a,f0b98a22270ebd014714a182f78cd603e3befe9d4e4116fef3410e7883f2c6f3
qwen,qwen3_4b,sft,5,5,18,self_attn.q_proj,32,0.1,1048576,90232,10485760,0.0086051940917968,5805,0.0643341608298608,0.643341608298608,rank32_norm_matched_lowrank_bf16_mask,32,3,0.6278058056061266,0.005783493525981,0.0155358026924813,bf16_merged_minus_base,adapter_merge_quantized_to_bf16,adapter_merge_quantized_to_bf16_in_memory,d391105000c51be44ccf2db63aba9c91185024e95bf4e57166754bb8e26bc44a,f0b98a22270ebd014714a182f78cd603e3befe9d4e4116fef3410e7883f2c6f3
qwen,qwen3_4b,sft,5,5,18,self_attn.q_proj,50,0.01,104858,90232,10485760,0.0086051940917968,171,0.0018951148151431,0.189510758588146,rank32_norm_matched_lowrank_bf16_mask,32,3,0.2022702193380137,0.0233713904741051,-0.0127594607498677,bf16_merged_minus_base,adapter_merge_quantized_to_bf16,adapter_merge_quantized_to_bf16_in_memory,d391105000c51be44ccf2db63aba9c91185024e95bf4e57166754bb8e26bc44a,f0b98a22270ebd014714a182f78cd603e3befe9d4e4116fef3410e7883f2c6f3
qwen,qwen3_4b,sft,5,5,18,self_attn.q_proj,50,0.1,1048576,90232,10485760,0.0086051940917968,5073,0.0562217395159145,0.5622173951591453,rank32_norm_matched_lowrank_bf16_mask,32,3,0.5573958769200491,0.007156705571811,0.0048215182390961,bf16_merged_minus_base,adapter_merge_quantized_to_bf16,adapter_merge_quantized_to_bf16_in_memory,d391105000c51be44ccf2db63aba9c91185024e95bf4e57166754bb8e26bc44a,f0b98a22270ebd014714a182f78cd603e3befe9d4e4116fef3410e7883f2c6f3
qwen,qwen3_4b,sft,20,20,18,self_attn.q_proj,16,0.01,104858,1384573,10485760,0.132043170928955,4257,0.0030745941167421,0.30745823881411,rank32_norm_matched_lowrank_bf16_mask,32,3,0.2619326195608003,0.002871768378423,0.0455256192533097,bf16_merged_minus_base,adapter_merge_quantized_to_bf16,adapter_merge_quantized_to_bf16_in_memory,d391105000c51be44ccf2db63aba9c91185024e95bf4e57166754bb8e26bc44a,33cc9cd9b6f3bc17c956a248ebdac0e375de9f850ebe6dccfe71af4e3ca29ac3
qwen,qwen3_4b,sft,20,20,18,self_attn.q_proj,16,0.1,1048576,1384573,10485760,0.132043170928955,105187,0.0759707144368697,0.7597071443686971,rank32_norm_matched_lowrank_bf16_mask,32,3,0.7383901817716048,0.0039247854410931,0.0213169625970923,bf16_merged_minus_base,adapter_merge_quantized_to_bf16,adapter_merge_quantized_to_bf16_in_memory,d391105000c51be44ccf2db63aba9c91185024e95bf4e57166754bb8e26bc44a,33cc9cd9b6f3bc17c956a248ebdac0e375de9f850ebe6dccfe71af4e3ca29ac3
qwen,qwen3_4b,sft,20,20,18,self_attn.q_proj,32,0.01,104858,1384573,10485760,0.132043170928955,3333,0.0024072403549686,0.2407231172110474,rank32_norm_matched_lowrank_bf16_mask,32,3,0.2032219589506642,0.0024990525474669,0.0375011582603831,bf16_merged_minus_base,adapter_merge_quantized_to_bf16,adapter_merge_quantized_to_bf16_in_memory,d391105000c51be44ccf2db63aba9c91185024e95bf4e57166754bb8e26bc44a,33cc9cd9b6f3bc17c956a248ebdac0e375de9f850ebe6dccfe71af4e3ca29ac3
qwen,qwen3_4b,sft,20,20,18,self_attn.q_proj,32,0.1,1048576,1384573,10485760,0.132043170928955,91245,0.0659011839751316,0.6590118397513169,rank32_norm_matched_lowrank_bf16_mask,32,3,0.6340652327202803,0.0032022818587882,0.0249466070310366,bf16_merged_minus_base,adapter_merge_quantized_to_bf16,adapter_merge_quantized_to_bf16_in_memory,d391105000c51be44ccf2db63aba9c91185024e95bf4e57166754bb8e26bc44a,33cc9cd9b6f3bc17c956a248ebdac0e375de9f850ebe6dccfe71af4e3ca29ac3
qwen,qwen3_4b,sft,20,20,18,self_attn.q_proj,50,0.01,104858,1384573,10485760,0.132043170928955,2580,0.0018633903737831,0.1863383265540061,rank32_norm_matched_lowrank_bf16_mask,32,3,0.159177789850103,0.0009493117760944,0.027160536703903,bf16_merged_minus_base,adapter_merge_quantized_to_bf16,adapter_merge_quantized_to_bf16_in_memory,d391105000c51be44ccf2db63aba9c91185024e95bf4e57166754bb8e26bc44a,33cc9cd9b6f3bc17c956a248ebdac0e375de9f850ebe6dccfe71af4e3ca29ac3
qwen,qwen3_4b,sft,20,20,18,self_attn.q_proj,50,0.1,1048576,1384573,10485760,0.132043170928955,80212,0.0579326622720506,0.5793266227205066,rank32_norm_matched_lowrank_bf16_mask,32,3,0.5547719866974115,0.0018953232723103,0.0245546360230951,bf16_merged_minus_base,adapter_merge_quantized_to_bf16,adapter_merge_quantized_to_bf16_in_memory,d391105000c51be44ccf2db63aba9c91185024e95bf4e57166754bb8e26bc44a,33cc9cd9b6f3bc17c956a248ebdac0e375de9f850ebe6dccfe71af4e3ca29ac3
qwen,qwen3_4b,sft,40,40,18,self_attn.q_proj,16,0.01,104858,3356716,10485760,0.3201213836669921,10263,0.0030574525816303,0.3057440918418868,rank32_norm_matched_lowrank_bf16_mask,32,3,0.3063458068506567,0.0011279215722819,-0.0006017150087699,bf16_merged_minus_base,adapter_merge_quantized_to_bf16,adapter_merge_quantized_to_bf16_in_memory,d391105000c51be44ccf2db63aba9c91185024e95bf4e57166754bb8e26bc44a,0dd5cadb8ffddf0c6704280d6eff2220ea60fbfe0b5234c62832ab27ee9eb7a1
qwen,qwen3_4b,sft,40,40,18,self_attn.q_proj,16,0.1,1048576,3356716,10485760,0.3201213836669921,257960,0.0768489201946188,0.768489201946188,rank32_norm_matched_lowrank_bf16_mask,32,3,0.7814836632160572,0.0009342279677021,-0.0129944612698692,bf16_merged_minus_base,adapter_merge_quantized_to_bf16,adapter_merge_quantized_to_bf16_in_memory,d391105000c51be44ccf2db63aba9c91185024e95bf4e57166754bb8e26bc44a,0dd5cadb8ffddf0c6704280d6eff2220ea60fbfe0b5234c62832ab27ee9eb7a1
qwen,qwen3_4b,sft,40,40,18,self_attn.q_proj,32,0.01,104858,3356716,10485760,0.3201213836669921,8190,0.0024398846968286,0.2439875389442709,rank32_norm_matched_lowrank_bf16_mask,32,3,0.2389039176532194,0.0010389034285345,0.0050836212910515,bf16_merged_minus_base,adapter_merge_quantized_to_bf16,adapter_merge_quantized_to_bf16_in_memory,d391105000c51be44ccf2db63aba9c91185024e95bf4e57166754bb8e26bc44a,0dd5cadb8ffddf0c6704280d6eff2220ea60fbfe0b5234c62832ab27ee9eb7a1
qwen,qwen3_4b,sft,40,40,18,self_attn.q_proj,32,0.1,1048576,3356716,10485760,0.3201213836669921,232665,0.0693132811950728,0.6931328119507281,rank32_norm_matched_lowrank_bf16_mask,32,3,0.6946475497187513,0.001131595394586,-0.0015147377680232,bf16_merged_minus_base,adapter_merge_quantized_to_bf16,adapter_merge_quantized_to_bf16_in_memory,d391105000c51be44ccf2db63aba9c91185024e95bf4e57166754bb8e26bc44a,0dd5cadb8ffddf0c6704280d6eff2220ea60fbfe0b5234c62832ab27ee9eb7a1
qwen,qwen3_4b,sft,40,40,18,self_attn.q_proj,50,0.01,104858,3356716,10485760,0.3201213836669921,6599,0.0019659095377744,0.1965902038453289,rank32_norm_matched_lowrank_bf16_mask,32,3,0.190140217413491,0.0025117278372839,0.0064499864318378,bf16_merged_minus_base,adapter_merge_quantized_to_bf16,adapter_merge_quantized_to_bf16_in_memory,d391105000c51be44ccf2db63aba9c91185024e95bf4e57166754bb8e26bc44a,0dd5cadb8ffddf0c6704280d6eff2220ea60fbfe0b5234c62832ab27ee9eb7a1
qwen,qwen3_4b,sft,40,40,18,self_attn.q_proj,50,0.1,1048576,3356716,10485760,0.3201213836669921,211748,0.0630818931360293,0.6308189313602939,rank32_norm_matched_lowrank_bf16_mask,32,3,0.6253541589847306,0.0010085637054365,0.0054647723755633,bf16_merged_minus_base,adapter_merge_quantized_to_bf16,adapter_merge_quantized_to_bf16_in_memory,d391105000c51be44ccf2db63aba9c91185024e95bf4e57166754bb8e26bc44a,0dd5cadb8ffddf0c6704280d6eff2220ea60fbfe0b5234c62832ab27ee9eb7a1
qwen,qwen3_4b,sft,80,80,18,self_attn.q_proj,16,0.01,104858,5383021,10485760,0.5133648872375488,21964,0.0040802367295241,0.4080221164715663,rank32_norm_matched_lowrank_bf16_mask,32,3,0.4029667781676745,0.0019536359668732,0.0050553383038918,bf16_merged_minus_base,adapter_merge_quantized_to_bf16,adapter_merge_quantized_to_bf16_in_memory,d391105000c51be44ccf2db63aba9c91185024e95bf4e57166754bb8e26bc44a,639efd5988ca4e5d50b72f3fd1680a5f5b9f82d0b3eed7385b2572421248eb4d
qwen,qwen3_4b,sft,80,80,18,self_attn.q_proj,16,0.1,1048576,5383021,10485760,0.5133648872375488,443892,0.0824615025651952,0.8246150256519528,rank32_norm_matched_lowrank_bf16_mask,32,3,0.8413946980026878,0.0005236985049206,-0.016779672350735,bf16_merged_minus_base,adapter_merge_quantized_to_bf16,adapter_merge_quantized_to_bf16_in_memory,d391105000c51be44ccf2db63aba9c91185024e95bf4e57166754bb8e26bc44a,639efd5988ca4e5d50b72f3fd1680a5f5b9f82d0b3eed7385b2572421248eb4d
qwen,qwen3_4b,sft,80,80,18,self_attn.q_proj,32,0.01,104858,5383021,10485760,0.5133648872375488,18270,0.00339400496487,0.3393992017818028,rank32_norm_matched_lowrank_bf16_mask,32,3,0.33531371065436,0.0019285817571283,0.0040854911274427,bf16_merged_minus_base,adapter_merge_quantized_to_bf16,adapter_merge_quantized_to_bf16_in_memory,d391105000c51be44ccf2db63aba9c91185024e95bf4e57166754bb8e26bc44a,639efd5988ca4e5d50b72f3fd1680a5f5b9f82d0b3eed7385b2572421248eb4d
qwen,qwen3_4b,sft,80,80,18,self_attn.q_proj,32,0.1,1048576,5383021,10485760,0.5133648872375488,412157,0.0765661140835229,0.76566114083523,rank32_norm_matched_lowrank_bf16_mask,32,3,0.7812867638571713,0.0001960687873828,-0.0156256230219413,bf16_merged_minus_base,adapter_merge_quantized_to_bf16,adapter_merge_quantized_to_bf16_in_memory,d391105000c51be44ccf2db63aba9c91185024e95bf4e57166754bb8e26bc44a,639efd5988ca4e5d50b72f3fd1680a5f5b9f82d0b3eed7385b2572421248eb4d
qwen,qwen3_4b,sft,80,80,18,self_attn.q_proj,50,0.01,104858,5383021,10485760,0.5133648872375488,15509,0.0028810959496535,0.2881084959186633,rank32_norm_matched_lowrank_bf16_mask,32,3,0.2842517668902939,0.0015470294902864,0.0038567290283694,bf16_merged_minus_base,adapter_merge_quantized_to_bf16,adapter_merge_quantized_to_bf16_in_memory,d391105000c51be44ccf2db63aba9c91185024e95bf4e57166754bb8e26bc44a,639efd5988ca4e5d50b72f3fd1680a5f5b9f82d0b3eed7385b2572421248eb4d
qwen,qwen3_4b,sft,80,80,18,self_attn.q_proj,50,0.1,1048576,5383021,10485760,0.5133648872375488,386344,0.0717708513490844,0.7177085134908446,rank32_norm_matched_lowrank_bf16_mask,32,3,0.7300645890065766,0.0005963339666828,-0.0123560755157319,bf16_merged_minus_base,adapter_merge_quantized_to_bf16,adapter_merge_quantized_to_bf16_in_memory,d391105000c51be44ccf2db63aba9c91185024e95bf4e57166754bb8e26bc44a,639efd5988ca4e5d50b72f3fd1680a5f5b9f82d0b3eed7385b2572421248eb4d
qwen,qwen3_4b,sft,160,160,18,self_attn.q_proj,16,0.01,104858,6544167,10485760,0.6241003990173339,30293,0.0046290077866289,0.4628990128432931,rank32_norm_matched_lowrank_bf16_mask,32,3,0.4857209098686422,0.0008374787110892,-0.022821897025349,bf16_merged_minus_base,adapter_merge_quantized_to_bf16,adapter_merge_quantized_to_bf16_in_memory,d391105000c51be44ccf2db63aba9c91185024e95bf4e57166754bb8e26bc44a,195c3fd434e0ec60de133284a1f0f4a508f85252fd0c26333edf07b4257d003c
qwen,qwen3_4b,sft,160,160,18,self_attn.q_proj,16,0.1,1048576,6544167,10485760,0.6241003990173339,559393,0.0854796340007826,0.8547963400078269,rank32_norm_matched_lowrank_bf16_mask,32,3,0.8737448757899546,0.000558755814145,-0.0189485357821277,bf16_merged_minus_base,adapter_merge_quantized_to_bf16,adapter_merge_quantized_to_bf16_in_memory,d391105000c51be44ccf2db63aba9c91185024e95bf4e57166754bb8e26bc44a,195c3fd434e0ec60de133284a1f0f4a508f85252fd0c26333edf07b4257d003c
qwen,qwen3_4b,sft,160,160,18,self_attn.q_proj,32,0.01,104858,6544167,10485760,0.6241003990173339,26171,0.0039991338851835,0.3999118629756651,rank32_norm_matched_lowrank_bf16_mask,32,3,0.4224466664396453,0.001408500707819,-0.0225348034639801,bf16_merged_minus_base,adapter_merge_quantized_to_bf16,adapter_merge_quantized_to_bf16_in_memory,d391105000c51be44ccf2db63aba9c91185024e95bf4e57166754bb8e26bc44a,195c3fd434e0ec60de133284a1f0f4a508f85252fd0c26333edf07b4257d003c
qwen,qwen3_4b,sft,160,160,18,self_attn.q_proj,32,0.1,1048576,6544167,10485760,0.6241003990173339,528539,0.0807649010179599,0.8076490101795997,rank32_norm_matched_lowrank_bf16_mask,32,3,0.8278305184907461,0.000836356466451,-0.0201815083111464,bf16_merged_minus_base,adapter_merge_quantized_to_bf16,adapter_merge_quantized_to_bf16_in_memory,d391105000c51be44ccf2db63aba9c91185024e95bf4e57166754bb8e26bc44a,195c3fd434e0ec60de133284a1f0f4a508f85252fd0c26333edf07b4257d003c
qwen,qwen3_4b,sft,160,160,18,self_attn.q_proj,50,0.01,104858,6544167,10485760,0.6241003990173339,23095,0.0035290969805629,0.3529083518177749,rank32_norm_matched_lowrank_bf16_mask,32,3,0.3750223322670187,0.0014224382548674,-0.0221139804492438,bf16_merged_minus_base,adapter_merge_quantized_to_bf16,adapter_merge_quantized_to_bf16_in_memory,d391105000c51be44ccf2db63aba9c91185024e95bf4e57166754bb8e26bc44a,195c3fd434e0ec60de133284a1f0f4a508f85252fd0c26333edf07b4257d003c
qwen,qwen3_4b,sft,160,160,18,self_attn.q_proj,50,0.1,1048576,6544167,10485760,0.6241003990173339,503900,0.0769998687380685,0.7699986873806858,rank32_norm_matched_lowrank_bf16_mask,32,3,0.7902997334213001,0.0014364840674474,-0.0203010460406143,bf16_merged_minus_base,adapter_merge_quantized_to_bf16,adapter_merge_quantized_to_bf16_in_memory,d391105000c51be44ccf2db63aba9c91185024e95bf4e57166754bb8e26bc44a,195c3fd434e0ec60de133284a1f0f4a508f85252fd0c26333edf07b4257d003c
qwen,qwen3_4b,sft,320,320,18,self_attn.q_proj,16,0.01,104858,7340114,10485760,0.7000078201293946,39669,0.0054044119750728,0.5404391358955928,rank32_norm_matched_lowrank_bf16_mask,32,3,0.5518146990172065,0.0025001250724831,-0.0113755631216136,bf16_merged_minus_base,adapter_merge_quantized_to_bf16,adapter_merge_quantized_to_bf16_in_memory,d391105000c51be44ccf2db63aba9c91185024e95bf4e57166754bb8e26bc44a,6b877f363b6860c84feab6a8c1cd42a38812ef5d9496b56da401d9683712f766
qwen,qwen3_4b,sft,320,320,18,self_attn.q_proj,16,0.1,1048576,7340114,10485760,0.7000078201293946,646458,0.0880719291280762,0.8807192912807621,rank32_norm_matched_lowrank_bf16_mask,32,3,0.895341814376334,0.0012795924952167,-0.0146225230955718,bf16_merged_minus_base,adapter_merge_quantized_to_bf16,adapter_merge_quantized_to_bf16_in_memory,d391105000c51be44ccf2db63aba9c91185024e95bf4e57166754bb8e26bc44a,6b877f363b6860c84feab6a8c1cd42a38812ef5d9496b56da401d9683712f766
qwen,qwen3_4b,sft,320,320,18,self_attn.q_proj,32,0.01,104858,7340114,10485760,0.7000078201293946,35418,0.0048252656566369,0.4825247249779451,rank32_norm_matched_lowrank_bf16_mask,32,3,0.4950334778541769,0.0035381792245523,-0.0125087528762318,bf16_merged_minus_base,adapter_merge_quantized_to_bf16,adapter_merge_quantized_to_bf16_in_memory,d391105000c51be44ccf2db63aba9c91185024e95bf4e57166754bb8e26bc44a,6b877f363b6860c84feab6a8c1cd42a38812ef5d9496b56da401d9683712f766
qwen,qwen3_4b,sft,320,320,18,self_attn.q_proj,32,0.1,1048576,7340114,10485760,0.7000078201293946,619575,0.0844094519512912,0.8440945195129121,rank32_norm_matched_lowrank_bf16_mask,32,3,0.8598091172431327,0.0008184417741698,-0.0157145977302205,bf16_merged_minus_base,adapter_merge_quantized_to_bf16,adapter_merge_quantized_to_bf16_in_memory,d391105000c51be44ccf2db63aba9c91185024e95bf4e57166754bb8e26bc44a,6b877f363b6860c84feab6a8c1cd42a38812ef5d9496b56da401d9683712f766
qwen,qwen3_4b,sft,320,320,18,self_attn.q_proj,50,0.01,104858,7340114,10485760,0.7000078201293946,32556,0.0044353534563632,0.4435336536897052,rank32_norm_matched_lowrank_bf16_mask,32,3,0.4535313466290018,0.0032868592639205,-0.0099976929392965,bf16_merged_minus_base,adapter_merge_quantized_to_bf16,adapter_merge_quantized_to_bf16_in_memory,d391105000c51be44ccf2db63aba9c91185024e95bf4e57166754bb8e26bc44a,6b877f363b6860c84feab6a8c1cd42a38812ef5d9496b56da401d9683712f766
qwen,qwen3_4b,sft,320,320,18,self_attn.q_proj,50,0.1,1048576,7340114,10485760,0.7000078201293946,597179,0.0813582731821331,0.8135827318213313,rank32_norm_matched_lowrank_bf16_mask,32,3,0.8303021179064137,0.0013970342649749,-0.0167193860850823,bf16_merged_minus_base,adapter_merge_quantized_to_bf16,adapter_merge_quantized_to_bf16_in_memory,d391105000c51be44ccf2db63aba9c91185024e95bf4e57166754bb8e26bc44a,6b877f363b6860c84feab6a8c1cd42a38812ef5d9496b56da401d9683712f766
qwen,qwen3_4b,offkd,5,5,18,self_attn.q_proj,16,0.01,104858,2548924,10485760,0.2430843353271484,7669,0.003008720542472,0.3008709065157795,rank32_norm_matched_lowrank_bf16_mask,32,3,0.2742921586108225,0.0037933874328341,0.0265787479049569,bf16_merged_minus_base,adapter_merge_quantized_to_bf16,adapter_merge_quantized_to_bf16_in_memory,d391105000c51be44ccf2db63aba9c91185024e95bf4e57166754bb8e26bc44a,b1318f68f730810275e75130a0497584b5b4be17546011227665da10b4792cd2
qwen,qwen3_4b,offkd,5,5,18,self_attn.q_proj,16,0.1,1048576,2548924,10485760,0.2430843353271484,198857,0.0780160569714907,0.7801605697149072,rank32_norm_matched_lowrank_bf16_mask,32,3,0.755146160507182,0.0012817937099944,0.0250144092077252,bf16_merged_minus_base,adapter_merge_quantized_to_bf16,adapter_merge_quantized_to_bf16_in_memory,d391105000c51be44ccf2db63aba9c91185024e95bf4e57166754bb8e26bc44a,b1318f68f730810275e75130a0497584b5b4be17546011227665da10b4792cd2
qwen,qwen3_4b,offkd,5,5,18,self_attn.q_proj,32,0.01,104858,2548924,10485760,0.2430843353271484,5994,0.0023515805100505,0.2351571539516993,rank32_norm_matched_lowrank_bf16_mask,32,3,0.2122394586811589,0.0028880434206266,0.0229176952705403,bf16_merged_minus_base,adapter_merge_quantized_to_bf16,adapter_merge_quantized_to_bf16_in_memory,d391105000c51be44ccf2db63aba9c91185024e95bf4e57166754bb8e26bc44a,b1318f68f730810275e75130a0497584b5b4be17546011227665da10b4792cd2
qwen,qwen3_4b,offkd,5,5,18,self_attn.q_proj,32,0.1,1048576,2548924,10485760,0.2430843353271484,174763,0.0685634408872135,0.6856344088721359,rank32_norm_matched_lowrank_bf16_mask,32,3,0.6583877285242277,0.0001532323292245,0.0272466803479082,bf16_merged_minus_base,adapter_merge_quantized_to_bf16,adapter_merge_quantized_to_bf16_in_memory,d391105000c51be44ccf2db63aba9c91185024e95bf4e57166754bb8e26bc44a,b1318f68f730810275e75130a0497584b5b4be17546011227665da10b4792cd2
qwen,qwen3_4b,offkd,5,5,18,self_attn.q_proj,50,0.01,104858,2548924,10485760,0.2430843353271484,4734,0.0018572542767065,0.1857247191870778,rank32_norm_matched_lowrank_bf16_mask,32,3,0.1667870296927639,0.0028570597956889,0.0189376894943139,bf16_merged_minus_base,adapter_merge_quantized_to_bf16,adapter_merge_quantized_to_bf16_in_memory,d391105000c51be44ccf2db63aba9c91185024e95bf4e57166754bb8e26bc44a,b1318f68f730810275e75130a0497584b5b4be17546011227665da10b4792cd2
qwen,qwen3_4b,offkd,5,5,18,self_attn.q_proj,50,0.1,1048576,2548924,10485760,0.2430843353271484,154459,0.0605977267270424,0.6059772672704247,rank32_norm_matched_lowrank_bf16_mask,32,3,0.5834307751095258,0.0004137947800237,0.0225464921608988,bf16_merged_minus_base,adapter_merge_quantized_to_bf16,adapter_merge_quantized_to_bf16_in_memory,d391105000c51be44ccf2db63aba9c91185024e95bf4e57166754bb8e26bc44a,b1318f68f730810275e75130a0497584b5b4be17546011227665da10b4792cd2
qwen,qwen3_4b,offkd,20,20,18,self_attn.q_proj,16,0.01,104858,4638555,10485760,0.4423670768737793,17403,0.0037518149509922,0.3751800639008642,rank32_norm_matched_lowrank_bf16_mask,32,3,0.3601867154870431,0.003661988863592,0.0149933484138211,bf16_merged_minus_base,adapter_merge_quantized_to_bf16,adapter_merge_quantized_to_bf16_in_memory,d391105000c51be44ccf2db63aba9c91185024e95bf4e57166754bb8e26bc44a,372551074fc86b2c5a23a758b99d81c32f072def84ea782862ecd253d2d55464
qwen,qwen3_4b,offkd,20,20,18,self_attn.q_proj,16,0.1,1048576,4638555,10485760,0.4423670768737793,375679,0.0809905239886128,0.8099052398861283,rank32_norm_matched_lowrank_bf16_mask,32,3,0.817050358720954,0.0022696749118224,-0.0071451188348257,bf16_merged_minus_base,adapter_merge_quantized_to_bf16,adapter_merge_quantized_to_bf16_in_memory,d391105000c51be44ccf2db63aba9c91185024e95bf4e57166754bb8e26bc44a,372551074fc86b2c5a23a758b99d81c32f072def84ea782862ecd253d2d55464
qwen,qwen3_4b,offkd,20,20,18,self_attn.q_proj,32,0.01,104858,4638555,10485760,0.4423670768737793,14154,0.0030513813030135,0.3051369662962036,rank32_norm_matched_lowrank_bf16_mask,32,3,0.2914325381080498,0.0033887632261234,0.0137044281881538,bf16_merged_minus_base,adapter_merge_quantized_to_bf16,adapter_merge_quantized_to_bf16_in_memory,d391105000c51be44ccf2db63aba9c91185024e95bf4e57166754bb8e26bc44a,372551074fc86b2c5a23a758b99d81c32f072def84ea782862ecd253d2d55464
qwen,qwen3_4b,offkd,20,20,18,self_attn.q_proj,32,0.1,1048576,4638555,10485760,0.4423670768737793,346220,0.0746396237621414,0.7463962376214144,rank32_norm_matched_lowrank_bf16_mask,32,3,0.7475968556024525,0.0017667308264392,-0.001200617981038,bf16_merged_minus_base,adapter_merge_quantized_to_bf16,adapter_merge_quantized_to_bf16_in_memory,d391105000c51be44ccf2db63aba9c91185024e95bf4e57166754bb8e26bc44a,372551074fc86b2c5a23a758b99d81c32f072def84ea782862ecd253d2d55464
qwen,qwen3_4b,offkd,20,20,18,self_attn.q_proj,50,0.01,104858,4638555,10485760,0.4423670768737793,11882,0.0025615735935005,0.2561563821910055,rank32_norm_matched_lowrank_bf16_mask,32,3,0.2395168727999859,0.001874558779458,0.0166395093910196,bf16_merged_minus_base,adapter_merge_quantized_to_bf16,adapter_merge_quantized_to_bf16_in_memory,d391105000c51be44ccf2db63aba9c91185024e95bf4e57166754bb8e26bc44a,372551074fc86b2c5a23a758b99d81c32f072def84ea782862ecd253d2d55464
qwen,qwen3_4b,offkd,20,20,18,self_attn.q_proj,50,0.1,1048576,4638555,10485760,0.4423670768737793,319720,0.0689266377136845,0.6892663771368455,rank32_norm_matched_lowrank_bf16_mask,32,3,0.6902941330111697,0.0017504658231137,-0.0010277558743242,bf16_merged_minus_base,adapter_merge_quantized_to_bf16,adapter_merge_quantized_to_bf16_in_memory,d391105000c51be44ccf2db63aba9c91185024e95bf4e57166754bb8e26bc44a,372551074fc86b2c5a23a758b99d81c32f072def84ea782862ecd253d2d55464
qwen,qwen3_4b,offkd,40,40,18,self_attn.q_proj,16,0.01,104858,5526784,10485760,0.5270751953125,24480,0.0044293390152392,0.4429322118716267,rank32_norm_matched_lowrank_bf16_mask,32,3,0.4120426743366019,0.0029153789867157,0.0308895375350247,bf16_merged_minus_base,adapter_merge_quantized_to_bf16,adapter_merge_quantized_to_bf16_in_memory,d391105000c51be44ccf2db63aba9c91185024e95bf4e57166754bb8e26bc44a,32b34947033e0e60cdfdae8701fe13ddf1cec158b19b815eacf4d93fa8d459f9
qwen,qwen3_4b,offkd,40,40,18,self_attn.q_proj,16,0.1,1048576,5526784,10485760,0.5270751953125,466074,0.084330055236463,0.8433005523646301,rank32_norm_matched_lowrank_bf16_mask,32,3,0.8443708501478131,0.0009607627062381,-0.001070297783183,bf16_merged_minus_base,adapter_merge_quantized_to_bf16,adapter_merge_quantized_to_bf16_in_memory,d391105000c51be44ccf2db63aba9c91185024e95bf4e57166754bb8e26bc44a,32b34947033e0e60cdfdae8701fe13ddf1cec158b19b815eacf4d93fa8d459f9
qwen,qwen3_4b,offkd,40,40,18,self_attn.q_proj,32,0.01,104858,5526784,10485760,0.5270751953125,20557,0.003719522963083,0.3719508774283101,rank32_norm_matched_lowrank_bf16_mask,32,3,0.3449407945821581,0.0021064138954236,0.0270100828461519,bf16_merged_minus_base,adapter_merge_quantized_to_bf16,adapter_merge_quantized_to_bf16_in_memory,d391105000c51be44ccf2db63aba9c91185024e95bf4e57166754bb8e26bc44a,32b34947033e0e60cdfdae8701fe13ddf1cec158b19b815eacf4d93fa8d459f9
qwen,qwen3_4b,offkd,40,40,18,self_attn.q_proj,32,0.1,1048576,5526784,10485760,0.5270751953125,434957,0.0786998370119042,0.7869983701190421,rank32_norm_matched_lowrank_bf16_mask,32,3,0.7866331186048005,0.0010609769317475,0.0003652515142416,bf16_merged_minus_base,adapter_merge_quantized_to_bf16,adapter_merge_quantized_to_bf16_in_memory,d391105000c51be44ccf2db63aba9c91185024e95bf4e57166754bb8e26bc44a,32b34947033e0e60cdfdae8701fe13ddf1cec158b19b815eacf4d93fa8d459f9
qwen,qwen3_4b,offkd,40,40,18,self_attn.q_proj,50,0.01,104858,5526784,10485760,0.5270751953125,17692,0.0032011383111769,0.3201126099850008,rank32_norm_matched_lowrank_bf16_mask,32,3,0.2953156787472049,0.0022180325293687,0.0247969312377959,bf16_merged_minus_base,adapter_merge_quantized_to_bf16,adapter_merge_quantized_to_bf16_in_memory,d391105000c51be44ccf2db63aba9c91185024e95bf4e57166754bb8e26bc44a,32b34947033e0e60cdfdae8701fe13ddf1cec158b19b815eacf4d93fa8d459f9
qwen,qwen3_4b,offkd,40,40,18,self_attn.q_proj,50,0.1,1048576,5526784,10485760,0.5270751953125,407176,0.0736732247904025,0.7367322479040251,rank32_norm_matched_lowrank_bf16_mask,32,3,0.7393725742226689,0.001179723244042,-0.0026403263186437,bf16_merged_minus_base,adapter_merge_quantized_to_bf16,adapter_merge_quantized_to_bf16_in_memory,d391105000c51be44ccf2db63aba9c91185024e95bf4e57166754bb8e26bc44a,32b34947033e0e60cdfdae8701fe13ddf1cec158b19b815eacf4d93fa8d459f9
qwen,qwen3_4b,offkd,80,80,18,self_attn.q_proj,16,0.01,104858,6330100,10485760,0.6036853790283203,30273,0.0047823889038087,0.4782370660512505,rank32_norm_matched_lowrank_bf16_mask,32,3,0.4699827152103349,0.0031555061647776,0.0082543508409155,bf16_merged_minus_base,adapter_merge_quantized_to_bf16,adapter_merge_quantized_to_bf16_in_memory,d391105000c51be44ccf2db63aba9c91185024e95bf4e57166754bb8e26bc44a,fe7c5b2958cbe4a4210162308ccee0ec07c44e0923eef281db02324e755ab426
qwen,qwen3_4b,offkd,80,80,18,self_attn.q_proj,16,0.1,1048576,6330100,10485760,0.6036853790283203,543780,0.0859038561792072,0.8590385617920728,rank32_norm_matched_lowrank_bf16_mask,32,3,0.8673280672049848,0.0021260653490271,-0.0082895054129119,bf16_merged_minus_base,adapter_merge_quantized_to_bf16,adapter_merge_quantized_to_bf16_in_memory,d391105000c51be44ccf2db63aba9c91185024e95bf4e57166754bb8e26bc44a,fe7c5b2958cbe4a4210162308ccee0ec07c44e0923eef281db02324e755ab426
qwen,qwen3_4b,offkd,80,80,18,self_attn.q_proj,32,0.01,104858,6330100,10485760,0.6036853790283203,26103,0.0041236315382063,0.41236158078604,rank32_norm_matched_lowrank_bf16_mask,32,3,0.4063989365036691,0.0031099632420003,0.0059626442823709,bf16_merged_minus_base,adapter_merge_quantized_to_bf16,adapter_merge_quantized_to_bf16_in_memory,d391105000c51be44ccf2db63aba9c91185024e95bf4e57166754bb8e26bc44a,fe7c5b2958cbe4a4210162308ccee0ec07c44e0923eef281db02324e755ab426
qwen,qwen3_4b,offkd,80,80,18,self_attn.q_proj,32,0.1,1048576,6330100,10485760,0.6036853790283203,513245,0.0810800777238906,0.8108007772389062,rank32_norm_matched_lowrank_bf16_mask,32,3,0.820136188674204,0.00164931159049,-0.0093354114352978,bf16_merged_minus_base,adapter_merge_quantized_to_bf16,adapter_merge_quantized_to_bf16_in_memory,d391105000c51be44ccf2db63aba9c91185024e95bf4e57166754bb8e26bc44a,fe7c5b2958cbe4a4210162308ccee0ec07c44e0923eef281db02324e755ab426
qwen,qwen3_4b,offkd,80,80,18,self_attn.q_proj,50,0.01,104858,6330100,10485760,0.6036853790283203,22948,0.00362521919085,0.3625205361789084,rank32_norm_matched_lowrank_bf16_mask,32,3,0.3573416595891251,0.0015048751717423,0.0051788765897832,bf16_merged_minus_base,adapter_merge_quantized_to_bf16,adapter_merge_quantized_to_bf16_in_memory,d391105000c51be44ccf2db63aba9c91185024e95bf4e57166754bb8e26bc44a,fe7c5b2958cbe4a4210162308ccee0ec07c44e0923eef281db02324e755ab426
qwen,qwen3_4b,offkd,80,80,18,self_attn.q_proj,50,0.1,1048576,6330100,10485760,0.6036853790283203,486916,0.076920743748124,0.7692074374812404,rank32_norm_matched_lowrank_bf16_mask,32,3,0.7802547961194018,0.0013328803412611,-0.0110473586381614,bf16_merged_minus_base,adapter_merge_quantized_to_bf16,adapter_merge_quantized_to_bf16_in_memory,d391105000c51be44ccf2db63aba9c91185024e95bf4e57166754bb8e26bc44a,fe7c5b2958cbe4a4210162308ccee0ec07c44e0923eef281db02324e755ab426
qwen,qwen3_4b,offkd,160,160,18,self_attn.q_proj,16,0.01,104858,7102197,10485760,0.6773182868957519,36531,0.00514361964333,0.5143600022053145,rank32_norm_matched_lowrank_bf16_mask,32,3,0.530700240393034,0.0037651807284397,-0.0163402381877194,bf16_merged_minus_base,adapter_merge_quantized_to_bf16,adapter_merge_quantized_to_bf16_in_memory,d391105000c51be44ccf2db63aba9c91185024e95bf4e57166754bb8e26bc44a,a28e14eb75d3799b6cc75a4477bf0e2466e99cf94ea85ed1ae578e0434269b41
qwen,qwen3_4b,offkd,160,160,18,self_attn.q_proj,16,0.1,1048576,7102197,10485760,0.6773182868957519,620480,0.0873645155154102,0.8736451551541023,rank32_norm_matched_lowrank_bf16_mask,32,3,0.8879248416750533,0.0009747460056644,-0.0142796865209509,bf16_merged_minus_base,adapter_merge_quantized_to_bf16,adapter_merge_quantized_to_bf16_in_memory,d391105000c51be44ccf2db63aba9c91185024e95bf4e57166754bb8e26bc44a,a28e14eb75d3799b6cc75a4477bf0e2466e99cf94ea85ed1ae578e0434269b41
qwen,qwen3_4b,offkd,160,160,18,self_attn.q_proj,32,0.01,104858,7102197,10485760,0.6773182868957519,32355,0.0045556325739767,0.4555615195683926,rank32_norm_matched_lowrank_bf16_mask,32,3,0.4705431173790146,0.0029947337219026,-0.014981597810622,bf16_merged_minus_base,adapter_merge_quantized_to_bf16,adapter_merge_quantized_to_bf16_in_memory,d391105000c51be44ccf2db63aba9c91185024e95bf4e57166754bb8e26bc44a,a28e14eb75d3799b6cc75a4477bf0e2466e99cf94ea85ed1ae578e0434269b41
qwen,qwen3_4b,offkd,160,160,18,self_attn.q_proj,32,0.1,1048576,7102197,10485760,0.6773182868957519,592944,0.083487405376111,0.8348740537611109,rank32_norm_matched_lowrank_bf16_mask,32,3,0.8497314994737774,0.0008829284304263,-0.0148574457126664,bf16_merged_minus_base,adapter_merge_quantized_to_bf16,adapter_merge_quantized_to_bf16_in_memory,d391105000c51be44ccf2db63aba9c91185024e95bf4e57166754bb8e26bc44a,a28e14eb75d3799b6cc75a4477bf0e2466e99cf94ea85ed1ae578e0434269b41
qwen,qwen3_4b,offkd,160,160,18,self_attn.q_proj,50,0.01,104858,7102197,10485760,0.6773182868957519,29112,0.0040990133053194,0.4098997668884267,rank32_norm_matched_lowrank_bf16_mask,32,3,0.4263793198487147,0.0022731595752655,-0.0164795529602879,bf16_merged_minus_base,adapter_merge_quantized_to_bf16,adapter_merge_quantized_to_bf16_in_memory,d391105000c51be44ccf2db63aba9c91185024e95bf4e57166754bb8e26bc44a,a28e14eb75d3799b6cc75a4477bf0e2466e99cf94ea85ed1ae578e0434269b41
qwen,qwen3_4b,offkd,160,160,18,self_attn.q_proj,50,0.1,1048576,7102197,10485760,0.6773182868957519,569356,0.0801661795638729,0.8016617956387299,rank32_norm_matched_lowrank_bf16_mask,32,3,0.8178896260621871,0.0009434378157344,-0.0162278304234572,bf16_merged_minus_base,adapter_merge_quantized_to_bf16,adapter_merge_quantized_to_bf16_in_memory,d391105000c51be44ccf2db63aba9c91185024e95bf4e57166754bb8e26bc44a,a28e14eb75d3799b6cc75a4477bf0e2466e99cf94ea85ed1ae578e0434269b41
qwen,qwen3_4b,offkd,320,320,18,self_attn.q_proj,16,0.01,104858,7890466,10485760,0.7524934768676758,47175,0.0059787343358427,0.5978711528868254,rank32_norm_matched_lowrank_bf16_mask,32,3,0.6036738309175584,0.0033782903088266,-0.005802678030733,bf16_merged_minus_base,adapter_merge_quantized_to_bf16,adapter_merge_quantized_to_bf16_in_memory,d391105000c51be44ccf2db63aba9c91185024e95bf4e57166754bb8e26bc44a,f8ca0e613a217897020a1a06c9c1d572c80f159446ad47fb69220b8a282ed9d2
qwen,qwen3_4b,offkd,320,320,18,self_attn.q_proj,16,0.1,1048576,7890466,10485760,0.7524934768676758,710021,0.0899846726416411,0.899846726416412,rank32_norm_matched_lowrank_bf16_mask,32,3,0.9099724172795408,0.0012109695112327,-0.0101256908631289,bf16_merged_minus_base,adapter_merge_quantized_to_bf16,adapter_merge_quantized_to_bf16_in_memory,d391105000c51be44ccf2db63aba9c91185024e95bf4e57166754bb8e26bc44a,f8ca0e613a217897020a1a06c9c1d572c80f159446ad47fb69220b8a282ed9d2
qwen,qwen3_4b,offkd,320,320,18,self_attn.q_proj,32,0.01,104858,7890466,10485760,0.7524934768676758,43084,0.0054602605220021,0.5460239692840696,rank32_norm_matched_lowrank_bf16_mask,32,3,0.5531386128924777,0.0039074976484518,-0.007114643608408,bf16_merged_minus_base,adapter_merge_quantized_to_bf16,adapter_merge_quantized_to_bf16_in_memory,d391105000c51be44ccf2db63aba9c91185024e95bf4e57166754bb8e26bc44a,f8ca0e613a217897020a1a06c9c1d572c80f159446ad47fb69220b8a282ed9d2
qwen,qwen3_4b,offkd,320,320,18,self_attn.q_proj,32,0.1,1048576,7890466,10485760,0.7524934768676758,686167,0.0869615305357123,0.8696153053571234,rank32_norm_matched_lowrank_bf16_mask,32,3,0.8804809272310933,0.0010288841478742,-0.0108656218739698,bf16_merged_minus_base,adapter_merge_quantized_to_bf16,adapter_merge_quantized_to_bf16_in_memory,d391105000c51be44ccf2db63aba9c91185024e95bf4e57166754bb8e26bc44a,f8ca0e613a217897020a1a06c9c1d572c80f159446ad47fb69220b8a282ed9d2
qwen,qwen3_4b,offkd,320,320,18,self_attn.q_proj,50,0.01,104858,7890466,10485760,0.7524934768676758,39837,0.0050487512397873,0.5048731980403278,rank32_norm_matched_lowrank_bf16_mask,32,3,0.5137966784354552,0.0036085082718865,-0.0089234803951273,bf16_merged_minus_base,adapter_merge_quantized_to_bf16,adapter_merge_quantized_to_bf16_in_memory,d391105000c51be44ccf2db63aba9c91185024e95bf4e57166754bb8e26bc44a,f8ca0e613a217897020a1a06c9c1d572c80f159446ad47fb69220b8a282ed9d2
qwen,qwen3_4b,offkd,320,320,18,self_attn.q_proj,50,0.1,1048576,7890466,10485760,0.7524934768676758,665935,0.08439742342214,0.8439742342214009,rank32_norm_matched_lowrank_bf16_mask,32,3,0.8565039475173841,0.0008201314382845,-0.0125297132959831,bf16_merged_minus_base,adapter_merge_quantized_to_bf16,adapter_merge_quantized_to_bf16_in_memory,d391105000c51be44ccf2db63aba9c91185024e95bf4e57166754bb8e26bc44a,f8ca0e613a217897020a1a06c9c1d572c80f159446ad47fb69220b8a282ed9d2
qwen,qwen3_4b,seqkd,5,5,18,self_attn.q_proj,16,0.01,104858,2483524,10485760,0.2368473052978515,7424,0.0029893006872492,0.2989289284015589,rank32_norm_matched_lowrank_bf16_mask,32,3,0.2760214689712659,0.0044322440611159,0.0229074594302929,bf16_merged_minus_base,adapter_merge_quantized_to_bf16,adapter_merge_quantized_to_bf16_in_memory,d391105000c51be44ccf2db63aba9c91185024e95bf4e57166754bb8e26bc44a,6c573cf3191722901c464f4cfcc3d204e43b2d7952458c7df0ce1b6ddd853cfe
qwen,qwen3_4b,seqkd,5,5,18,self_attn.q_proj,16,0.1,1048576,2483524,10485760,0.2368473052978515,192188,0.077385199418246,0.7738519941824601,rank32_norm_matched_lowrank_bf16_mask,32,3,0.7540056277160311,0.0010863213027239,0.019846366466429,bf16_merged_minus_base,adapter_merge_quantized_to_bf16,adapter_merge_quantized_to_bf16_in_memory,d391105000c51be44ccf2db63aba9c91185024e95bf4e57166754bb8e26bc44a,6c573cf3191722901c464f4cfcc3d204e43b2d7952458c7df0ce1b6ddd853cfe
qwen,qwen3_4b,seqkd,5,5,18,self_attn.q_proj,32,0.01,104858,2483524,10485760,0.2368473052978515,5819,0.0023430415812369,0.2343032643276766,rank32_norm_matched_lowrank_bf16_mask,32,3,0.2115437676186305,0.0028152740318091,0.022759496709046,bf16_merged_minus_base,adapter_merge_quantized_to_bf16,adapter_merge_quantized_to_bf16_in_memory,d391105000c51be44ccf2db63aba9c91185024e95bf4e57166754bb8e26bc44a,6c573cf3191722901c464f4cfcc3d204e43b2d7952458c7df0ce1b6ddd853cfe
qwen,qwen3_4b,seqkd,5,5,18,self_attn.q_proj,32,0.1,1048576,2483524,10485760,0.2368473052978515,169273,0.0681583910604447,0.6815839106044476,rank32_norm_matched_lowrank_bf16_mask,32,3,0.656101748086649,0.001451489702284,0.0254821625177985,bf16_merged_minus_base,adapter_merge_quantized_to_bf16,adapter_merge_quantized_to_bf16_in_memory,d391105000c51be44ccf2db63aba9c91185024e95bf4e57166754bb8e26bc44a,6c573cf3191722901c464f4cfcc3d204e43b2d7952458c7df0ce1b6ddd853cfe
qwen,qwen3_4b,seqkd,5,5,18,self_attn.q_proj,50,0.01,104858,2483524,10485760,0.2368473052978515,4561,0.0018365032912909,0.1836496285613564,rank32_norm_matched_lowrank_bf16_mask,32,3,0.1658205829813358,0.0015075498983017,0.0178290455800206,bf16_merged_minus_base,adapter_merge_quantized_to_bf16,adapter_merge_quantized_to_bf16_in_memory,d391105000c51be44ccf2db63aba9c91185024e95bf4e57166754bb8e26bc44a,6c573cf3191722901c464f4cfcc3d204e43b2d7952458c7df0ce1b6ddd853cfe
qwen,qwen3_4b,seqkd,5,5,18,self_attn.q_proj,50,0.1,1048576,2483524,10485760,0.2368473052978515,149661,0.0602615477039883,0.6026154770398837,rank32_norm_matched_lowrank_bf16_mask,32,3,0.5795639978044518,0.0015756765952267,0.0230514792354319,bf16_merged_minus_base,adapter_merge_quantized_to_bf16,adapter_merge_quantized_to_bf16_in_memory,d391105000c51be44ccf2db63aba9c91185024e95bf4e57166754bb8e26bc44a,6c573cf3191722901c464f4cfcc3d204e43b2d7952458c7df0ce1b6ddd853cfe
qwen,qwen3_4b,seqkd,20,20,18,self_attn.q_proj,16,0.01,104858,4608796,10485760,0.4395290374755859,17169,0.0037252679441658,0.3725253733450664,rank32_norm_matched_lowrank_bf16_mask,32,3,0.363036800028002,0.0054479420003269,0.0094885733170643,bf16_merged_minus_base,adapter_merge_quantized_to_bf16,adapter_merge_quantized_to_bf16_in_memory,d391105000c51be44ccf2db63aba9c91185024e95bf4e57166754bb8e26bc44a,ab1c913d3fc8abed02681a580d24027c6ca78217cbe75477a4369c2dfc828387
qwen,qwen3_4b,seqkd,20,20,18,self_attn.q_proj,16,0.1,1048576,4608796,10485760,0.4395290374755859,374231,0.0811992980379257,0.8119929803792575,rank32_norm_matched_lowrank_bf16_mask,32,3,0.8202734091415352,0.0019670813159664,-0.0082804287622777,bf16_merged_minus_base,adapter_merge_quantized_to_bf16,adapter_merge_quantized_to_bf16_in_memory,d391105000c51be44ccf2db63aba9c91185024e95bf4e57166754bb8e26bc44a,ab1c913d3fc8abed02681a580d24027c6ca78217cbe75477a4369c2dfc828387
qwen,qwen3_4b,seqkd,20,20,18,self_attn.q_proj,32,0.01,104858,4608796,10485760,0.4395290374755859,14086,0.0030563296791613,0.305631802023333,rank32_norm_matched_lowrank_bf16_mask,32,3,0.2931412399785533,0.0049552010913216,0.0124905620447797,bf16_merged_minus_base,adapter_merge_quantized_to_bf16,adapter_merge_quantized_to_bf16_in_memory,d391105000c51be44ccf2db63aba9c91185024e95bf4e57166754bb8e26bc44a,ab1c913d3fc8abed02681a580d24027c6ca78217cbe75477a4369c2dfc828387
qwen,qwen3_4b,seqkd,20,20,18,self_attn.q_proj,32,0.1,1048576,4608796,10485760,0.4395290374755859,343980,0.0746355447279506,0.7463554472795064,rank32_norm_matched_lowrank_bf16_mask,32,3,0.7494541995714604,0.0008397715998938,-0.0030987522919539,bf16_merged_minus_base,adapter_merge_quantized_to_bf16,adapter_merge_quantized_to_bf16_in_memory,d391105000c51be44ccf2db63aba9c91185024e95bf4e57166754bb8e26bc44a,ab1c913d3fc8abed02681a580d24027c6ca78217cbe75477a4369c2dfc828387
qwen,qwen3_4b,seqkd,20,20,18,self_attn.q_proj,50,0.01,104858,4608796,10485760,0.4395290374755859,11824,0.0025655290448958,0.2565519258216591,rank32_norm_matched_lowrank_bf16_mask,32,3,0.2405809732868414,0.0035199788115935,0.0159709525348177,bf16_merged_minus_base,adapter_merge_quantized_to_bf16,adapter_merge_quantized_to_bf16_in_memory,d391105000c51be44ccf2db63aba9c91185024e95bf4e57166754bb8e26bc44a,ab1c913d3fc8abed02681a580d24027c6ca78217cbe75477a4369c2dfc828387
qwen,qwen3_4b,seqkd,20,20,18,self_attn.q_proj,50,0.1,1048576,4608796,10485760,0.4395290374755859,317836,0.0689629135244866,0.6896291352448666,rank32_norm_matched_lowrank_bf16_mask,32,3,0.6917851080662843,0.0008554292931226,-0.0021559728214177,bf16_merged_minus_base,adapter_merge_quantized_to_bf16,adapter_merge_quantized_to_bf16_in_memory,d391105000c51be44ccf2db63aba9c91185024e95bf4e57166754bb8e26bc44a,ab1c913d3fc8abed02681a580d24027c6ca78217cbe75477a4369c2dfc828387
qwen,qwen3_4b,seqkd,40,40,18,self_attn.q_proj,16,0.01,104858,5519741,10485760,0.5264035224914551,24438,0.0044273816470736,0.4427364758017421,rank32_norm_matched_lowrank_bf16_mask,32,3,0.4099624071648922,0.0036395110221084,0.0327740686368498,bf16_merged_minus_base,adapter_merge_quantized_to_bf16,adapter_merge_quantized_to_bf16_in_memory,d391105000c51be44ccf2db63aba9c91185024e95bf4e57166754bb8e26bc44a,7c09a91261ffa5f3191990576bf1457e422bcfcb035a0fb126dc1142aa0a53b9
qwen,qwen3_4b,seqkd,40,40,18,self_attn.q_proj,16,0.1,1048576,5519741,10485760,0.5264035224914551,468557,0.0848874974387385,0.8488749743873852,rank32_norm_matched_lowrank_bf16_mask,32,3,0.8448533684835241,0.0015354240331389,0.0040216059038611,bf16_merged_minus_base,adapter_merge_quantized_to_bf16,adapter_merge_quantized_to_bf16_in_memory,d391105000c51be44ccf2db63aba9c91185024e95bf4e57166754bb8e26bc44a,7c09a91261ffa5f3191990576bf1457e422bcfcb035a0fb126dc1142aa0a53b9
qwen,qwen3_4b,seqkd,40,40,18,self_attn.q_proj,32,0.01,104858,5519741,10485760,0.5264035224914551,20525,0.0037184715732133,0.3718457388424076,rank32_norm_matched_lowrank_bf16_mask,32,3,0.3447479610182467,0.0045632622078632,0.0270977778241608,bf16_merged_minus_base,adapter_merge_quantized_to_bf16,adapter_merge_quantized_to_bf16_in_memory,d391105000c51be44ccf2db63aba9c91185024e95bf4e57166754bb8e26bc44a,7c09a91261ffa5f3191990576bf1457e422bcfcb035a0fb126dc1142aa0a53b9
qwen,qwen3_4b,seqkd,40,40,18,self_attn.q_proj,32,0.1,1048576,5519741,10485760,0.5264035224914551,436499,0.0790796162356168,0.7907961623561686,rank32_norm_matched_lowrank_bf16_mask,32,3,0.7864997024918962,0.0015355978687104,0.0042964598642724,bf16_merged_minus_base,adapter_merge_quantized_to_bf16,adapter_merge_quantized_to_bf16_in_memory,d391105000c51be44ccf2db63aba9c91185024e95bf4e57166754bb8e26bc44a,7c09a91261ffa5f3191990576bf1457e422bcfcb035a0fb126dc1142aa0a53b9
qwen,qwen3_4b,seqkd,40,40,18,self_attn.q_proj,50,0.01,104858,5519741,10485760,0.5264035224914551,17830,0.0032302240268157,0.3230211704535994,rank32_norm_matched_lowrank_bf16_mask,32,3,0.2934953840714639,0.0030785418256102,0.0295257863821354,bf16_merged_minus_base,adapter_merge_quantized_to_bf16,adapter_merge_quantized_to_bf16_in_memory,d391105000c51be44ccf2db63aba9c91185024e95bf4e57166754bb8e26bc44a,7c09a91261ffa5f3191990576bf1457e422bcfcb035a0fb126dc1142aa0a53b9
qwen,qwen3_4b,seqkd,40,40,18,self_attn.q_proj,50,0.1,1048576,5519741,10485760,0.5264035224914551,408207,0.0739540134220065,0.7395401342200658,rank32_norm_matched_lowrank_bf16_mask,32,3,0.738650315361523,0.0005706016849593,0.0008898188585427,bf16_merged_minus_base,adapter_merge_quantized_to_bf16,adapter_merge_quantized_to_bf16_in_memory,d391105000c51be44ccf2db63aba9c91185024e95bf4e57166754bb8e26bc44a,7c09a91261ffa5f3191990576bf1457e422bcfcb035a0fb126dc1142aa0a53b9
qwen,qwen3_4b,seqkd,80,80,18,self_attn.q_proj,16,0.01,104858,6309022,10485760,0.6016752243041992,29924,0.004743048922638,0.4743030829411353,rank32_norm_matched_lowrank_bf16_mask,32,3,0.4664155222801155,0.0031507163452612,0.0078875606610197,bf16_merged_minus_base,adapter_merge_quantized_to_bf16,adapter_merge_quantized_to_bf16_in_memory,d391105000c51be44ccf2db63aba9c91185024e95bf4e57166754bb8e26bc44a,398d8ce7c212f6f96c23dd132563efb1091460cbf61dc6b9245b811070c4c2e5
qwen,qwen3_4b,seqkd,80,80,18,self_attn.q_proj,16,0.1,1048576,6309022,10485760,0.6016752243041992,544102,0.0862418929590038,0.862418929590038,rank32_norm_matched_lowrank_bf16_mask,32,3,0.8661058046999734,0.0017819253297649,-0.0036868751099354,bf16_merged_minus_base,adapter_merge_quantized_to_bf16,adapter_merge_quantized_to_bf16_in_memory,d391105000c51be44ccf2db63aba9c91185024e95bf4e57166754bb8e26bc44a,398d8ce7c212f6f96c23dd132563efb1091460cbf61dc6b9245b811070c4c2e5
qwen,qwen3_4b,seqkd,80,80,18,self_attn.q_proj,32,0.01,104858,6309022,10485760,0.6016752243041992,25733,0.0040787621282664,0.4078746569083089,rank32_norm_matched_lowrank_bf16_mask,32,3,0.4018643148648906,0.002651465268867,0.0060103420434182,bf16_merged_minus_base,adapter_merge_quantized_to_bf16,adapter_merge_quantized_to_bf16_in_memory,d391105000c51be44ccf2db63aba9c91185024e95bf4e57166754bb8e26bc44a,398d8ce7c212f6f96c23dd132563efb1091460cbf61dc6b9245b811070c4c2e5
qwen,qwen3_4b,seqkd,80,80,18,self_attn.q_proj,32,0.1,1048576,6309022,10485760,0.6016752243041992,512381,0.0812140138360589,0.8121401383605891,rank32_norm_matched_lowrank_bf16_mask,32,3,0.8179825018453428,0.0019566393270787,-0.0058423634847537,bf16_merged_minus_base,adapter_merge_quantized_to_bf16,adapter_merge_quantized_to_bf16_in_memory,d391105000c51be44ccf2db63aba9c91185024e95bf4e57166754bb8e26bc44a,398d8ce7c212f6f96c23dd132563efb1091460cbf61dc6b9245b811070c4c2e5
qwen,qwen3_4b,seqkd,80,80,18,self_attn.q_proj,50,0.01,104858,6309022,10485760,0.6016752243041992,22701,0.0035981805103865,0.359816678446956,rank32_norm_matched_lowrank_bf16_mask,32,3,0.3538385508375637,0.0033223155005424,0.0059781276093923,bf16_merged_minus_base,adapter_merge_quantized_to_bf16,adapter_merge_quantized_to_bf16_in_memory,d391105000c51be44ccf2db63aba9c91185024e95bf4e57166754bb8e26bc44a,398d8ce7c212f6f96c23dd132563efb1091460cbf61dc6b9245b811070c4c2e5
qwen,qwen3_4b,seqkd,80,80,18,self_attn.q_proj,50,0.1,1048576,6309022,10485760,0.6016752243041992,485682,0.0769821376435206,0.7698213764352067,rank32_norm_matched_lowrank_bf16_mask,32,3,0.778102251758781,0.0016705105938227,-0.0082808753235743,bf16_merged_minus_base,adapter_merge_quantized_to_bf16,adapter_merge_quantized_to_bf16_in_memory,d391105000c51be44ccf2db63aba9c91185024e95bf4e57166754bb8e26bc44a,398d8ce7c212f6f96c23dd132563efb1091460cbf61dc6b9245b811070c4c2e5
qwen,qwen3_4b,seqkd,160,160,18,self_attn.q_proj,16,0.01,104858,7068188,10485760,0.674074935913086,36300,0.0051356868266661,0.5135667235650423,rank32_norm_matched_lowrank_bf16_mask,32,3,0.5227873943959646,0.0036936542165446,-0.0092206708309222,bf16_merged_minus_base,adapter_merge_quantized_to_bf16,adapter_merge_quantized_to_bf16_in_memory,d391105000c51be44ccf2db63aba9c91185024e95bf4e57166754bb8e26bc44a,37e939fae03131e97c3a03fea0f5cd6bdcb33b9a676902bbc17032780343e509
qwen,qwen3_4b,seqkd,160,160,18,self_attn.q_proj,16,0.1,1048576,7068188,10485760,0.674074935913086,617967,0.0874293383254661,0.8742933832546615,rank32_norm_matched_lowrank_bf16_mask,32,3,0.8856232532122315,0.0004441699547916,-0.0113298699575699,bf16_merged_minus_base,adapter_merge_quantized_to_bf16,adapter_merge_quantized_to_bf16_in_memory,d391105000c51be44ccf2db63aba9c91185024e95bf4e57166754bb8e26bc44a,37e939fae03131e97c3a03fea0f5cd6bdcb33b9a676902bbc17032780343e509
qwen,qwen3_4b,seqkd,160,160,18,self_attn.q_proj,32,0.01,104858,7068188,10485760,0.674074935913086,32109,0.0045427484384965,0.4542731109352602,rank32_norm_matched_lowrank_bf16_mask,32,3,0.4630828238075938,0.0048382606359269,-0.0088097128723336,bf16_merged_minus_base,adapter_merge_quantized_to_bf16,adapter_merge_quantized_to_bf16_in_memory,d391105000c51be44ccf2db63aba9c91185024e95bf4e57166754bb8e26bc44a,37e939fae03131e97c3a03fea0f5cd6bdcb33b9a676902bbc17032780343e509
qwen,qwen3_4b,seqkd,160,160,18,self_attn.q_proj,32,0.1,1048576,7068188,10485760,0.674074935913086,589978,0.0834694832678474,0.8346948326784742,rank32_norm_matched_lowrank_bf16_mask,32,3,0.8466936847546752,0.0009505052128568,-0.0119988520762009,bf16_merged_minus_base,adapter_merge_quantized_to_bf16,adapter_merge_quantized_to_bf16_in_memory,d391105000c51be44ccf2db63aba9c91185024e95bf4e57166754bb8e26bc44a,37e939fae03131e97c3a03fea0f5cd6bdcb33b9a676902bbc17032780343e509
qwen,qwen3_4b,seqkd,160,160,18,self_attn.q_proj,50,0.01,104858,7068188,10485760,0.674074935913086,28845,0.0040809610610244,0.4080945493452795,rank32_norm_matched_lowrank_bf16_mask,32,3,0.4185684456439507,0.0052496789176398,-0.0104738962986712,bf16_merged_minus_base,adapter_merge_quantized_to_bf16,adapter_merge_quantized_to_bf16_in_memory,d391105000c51be44ccf2db63aba9c91185024e95bf4e57166754bb8e26bc44a,37e939fae03131e97c3a03fea0f5cd6bdcb33b9a676902bbc17032780343e509
qwen,qwen3_4b,seqkd,160,160,18,self_attn.q_proj,50,0.1,1048576,7068188,10485760,0.674074935913086,566261,0.0801140263954495,0.8011402639544958,rank32_norm_matched_lowrank_bf16_mask,32,3,0.8140559979537535,0.0013458790464728,-0.0129157339992577,bf16_merged_minus_base,adapter_merge_quantized_to_bf16,adapter_merge_quantized_to_bf16_in_memory,d391105000c51be44ccf2db63aba9c91185024e95bf4e57166754bb8e26bc44a,37e939fae03131e97c3a03fea0f5cd6bdcb33b9a676902bbc17032780343e509
qwen,qwen3_4b,seqkd,320,320,18,self_attn.q_proj,16,0.01,104858,7833423,10485760,0.7470534324645997,46302,0.0059108259569284,0.5910803409002806,rank32_norm_matched_lowrank_bf16_mask,32,3,0.6017522767336723,0.003337885138179,-0.0106719358333916,bf16_merged_minus_base,adapter_merge_quantized_to_bf16,adapter_merge_quantized_to_bf16_in_memory,d391105000c51be44ccf2db63aba9c91185024e95bf4e57166754bb8e26bc44a,481ce1902e34880eb3a97f408921ed0cd2211d4eb9d2ae0b2d91ccbd73f80512
qwen,qwen3_4b,seqkd,320,320,18,self_attn.q_proj,16,0.1,1048576,7833423,10485760,0.7470534324645997,704400,0.0899223749311124,0.8992237493111248,rank32_norm_matched_lowrank_bf16_mask,32,3,0.9082459996789624,2.710397569504366e-05,-0.0090222503678375,bf16_merged_minus_base,adapter_merge_quantized_to_bf16,adapter_merge_quantized_to_bf16_in_memory,d391105000c51be44ccf2db63aba9c91185024e95bf4e57166754bb8e26bc44a,481ce1902e34880eb3a97f408921ed0cd2211d4eb9d2ae0b2d91ccbd73f80512
qwen,qwen3_4b,seqkd,320,320,18,self_attn.q_proj,32,0.01,104858,7833423,10485760,0.7470534324645997,42086,0.0053726193517189,0.5372598856880741,rank32_norm_matched_lowrank_bf16_mask,32,3,0.550037250156869,0.0033237006470852,-0.0127773644687948,bf16_merged_minus_base,adapter_merge_quantized_to_bf16,adapter_merge_quantized_to_bf16_in_memory,d391105000c51be44ccf2db63aba9c91185024e95bf4e57166754bb8e26bc44a,481ce1902e34880eb3a97f408921ed0cd2211d4eb9d2ae0b2d91ccbd73f80512
qwen,qwen3_4b,seqkd,320,320,18,self_attn.q_proj,32,0.1,1048576,7833423,10485760,0.7470534324645997,680243,0.086838537890779,0.8683853789077903,rank32_norm_matched_lowrank_bf16_mask,32,3,0.8787660051440183,0.0003377329220297,-0.0103806262362279,bf16_merged_minus_base,adapter_merge_quantized_to_bf16,adapter_merge_quantized_to_bf16_in_memory,d391105000c51be44ccf2db63aba9c91185024e95bf4e57166754bb8e26bc44a,481ce1902e34880eb3a97f408921ed0cd2211d4eb9d2ae0b2d91ccbd73f80512
qwen,qwen3_4b,seqkd,320,320,18,self_attn.q_proj,50,0.01,104858,7833423,10485760,0.7470534324645997,38787,0.0049514752363047,0.4951456347997751,rank32_norm_matched_lowrank_bf16_mask,32,3,0.5107376657374179,0.0023936011427418,-0.0155920309376427,bf16_merged_minus_base,adapter_merge_quantized_to_bf16,adapter_merge_quantized_to_bf16_in_memory,d391105000c51be44ccf2db63aba9c91185024e95bf4e57166754bb8e26bc44a,481ce1902e34880eb3a97f408921ed0cd2211d4eb9d2ae0b2d91ccbd73f80512
qwen,qwen3_4b,seqkd,320,320,18,self_attn.q_proj,50,0.1,1048576,7833423,10485760,0.7470534324645997,659073,0.0841360156345444,0.8413601563454444,rank32_norm_matched_lowrank_bf16_mask,32,3,0.8540634156733838,0.0004989145463725,-0.0127032593279394,bf16_merged_minus_base,adapter_merge_quantized_to_bf16,adapter_merge_quantized_to_bf16_in_memory,d391105000c51be44ccf2db63aba9c91185024e95bf4e57166754bb8e26bc44a,481ce1902e34880eb3a97f408921ed0cd2211d4eb9d2ae0b2d91ccbd73f80512
qwen,qwen3_4b,opd,5,5,18,self_attn.k_proj,16,0.01,26214,573901,2621440,0.2189258575439453,1162,0.0020247394585477,0.2024770354091461,rank32_norm_matched_lowrank_bf16_mask,32,3,0.1811331589905978,0.0040923213395626,0.0213438764185482,bf16_merged_minus_base,saved_merged_bf16,saved_merged_bf16,051c50ef8c6c6f871a523296f3b054d0dd1cb3c204f81637332097c4236843f2,ceba90e2ffa1ff59a493eb01b21ed71a27c772ee37a8532360ddb6d1b871e3f5
qwen,qwen3_4b,opd,5,5,18,self_attn.k_proj,16,0.1,262144,573901,2621440,0.2189258575439453,33411,0.0582173580460741,0.5821735804607415,rank32_norm_matched_lowrank_bf16_mask,32,3,0.55267097098008,0.0053004759434129,0.0295026094806615,bf16_merged_minus_base,saved_merged_bf16,saved_merged_bf16,051c50ef8c6c6f871a523296f3b054d0dd1cb3c204f81637332097c4236843f2,ceba90e2ffa1ff59a493eb01b21ed71a27c772ee37a8532360ddb6d1b871e3f5
qwen,qwen3_4b,opd,5,5,18,self_attn.k_proj,32,0.01,26214,573901,2621440,0.2189258575439453,510,0.0008886550119271,0.0888668571933429,rank32_norm_matched_lowrank_bf16_mask,32,3,0.0835724769124301,0.0014820464411502,0.0052943802809128,bf16_merged_minus_base,saved_merged_bf16,saved_merged_bf16,051c50ef8c6c6f871a523296f3b054d0dd1cb3c204f81637332097c4236843f2,ceba90e2ffa1ff59a493eb01b21ed71a27c772ee37a8532360ddb6d1b871e3f5
qwen,qwen3_4b,opd,5,5,18,self_attn.k_proj,32,0.1,262144,573901,2621440,0.2189258575439453,26686,0.0464993091142897,0.4649930911428975,rank32_norm_matched_lowrank_bf16_mask,32,3,0.4406050569109869,0.0034223043829197,0.0243880342319106,bf16_merged_minus_base,saved_merged_bf16,saved_merged_bf16,051c50ef8c6c6f871a523296f3b054d0dd1cb3c204f81637332097c4236843f2,ceba90e2ffa1ff59a493eb01b21ed71a27c772ee37a8532360ddb6d1b871e3f5
qwen,qwen3_4b,opd,5,5,18,self_attn.k_proj,50,0.01,26214,573901,2621440,0.2189258575439453,294,0.0005122834774638,0.0512291294408683,rank32_norm_matched_lowrank_bf16_mask,32,3,0.0428617909013667,0.0021755406338281,0.0083673385395015,bf16_merged_minus_base,saved_merged_bf16,saved_merged_bf16,051c50ef8c6c6f871a523296f3b054d0dd1cb3c204f81637332097c4236843f2,ceba90e2ffa1ff59a493eb01b21ed71a27c772ee37a8532360ddb6d1b871e3f5
qwen,qwen3_4b,opd,5,5,18,self_attn.k_proj,50,0.1,262144,573901,2621440,0.2189258575439453,21656,0.0377347312515573,0.3773473125155732,rank32_norm_matched_lowrank_bf16_mask,32,3,0.3547862592273463,0.0020204748942527,0.0225610532882268,bf16_merged_minus_base,saved_merged_bf16,saved_merged_bf16,051c50ef8c6c6f871a523296f3b054d0dd1cb3c204f81637332097c4236843f2,ceba90e2ffa1ff59a493eb01b21ed71a27c772ee37a8532360ddb6d1b871e3f5
qwen,qwen3_4b,opd,20,20,18,self_attn.k_proj,16,0.01,26214,1140076,2621440,0.4349044799804687,3643,0.0031954010083538,0.3195449767047784,rank32_norm_matched_lowrank_bf16_mask,32,3,0.2796372639603793,0.0044859175393181,0.039907712744399,bf16_merged_minus_base,saved_merged_bf16,saved_merged_bf16,051c50ef8c6c6f871a523296f3b054d0dd1cb3c204f81637332097c4236843f2,93af4cd1bf71f62169567b2f51c235ef4203a96e17bd3d492596e8d7d81c5f89
qwen,qwen3_4b,opd,20,20,18,self_attn.k_proj,16,0.1,262144,1140076,2621440,0.4349044799804687,78615,0.0689559292538392,0.6895592925383921,rank32_norm_matched_lowrank_bf16_mask,32,3,0.6590216003627908,0.0017019849656867,0.0305376921756013,bf16_merged_minus_base,saved_merged_bf16,saved_merged_bf16,051c50ef8c6c6f871a523296f3b054d0dd1cb3c204f81637332097c4236843f2,93af4cd1bf71f62169567b2f51c235ef4203a96e17bd3d492596e8d7d81c5f89
qwen,qwen3_4b,opd,20,20,18,self_attn.k_proj,32,0.01,26214,1140076,2621440,0.4349044799804687,2090,0.0018332111192587,0.1833239092267326,rank32_norm_matched_lowrank_bf16_mask,32,3,0.1613705479345009,0.0029285054262094,0.0219533612922316,bf16_merged_minus_base,saved_merged_bf16,saved_merged_bf16,051c50ef8c6c6f871a523296f3b054d0dd1cb3c204f81637332097c4236843f2,93af4cd1bf71f62169567b2f51c235ef4203a96e17bd3d492596e8d7d81c5f89
qwen,qwen3_4b,opd,20,20,18,self_attn.k_proj,32,0.1,262144,1140076,2621440,0.4349044799804687,67107,0.0588618653493275,0.5886186534932759,rank32_norm_matched_lowrank_bf16_mask,32,3,0.5641419403580944,0.0001813880952305,0.0244767131351815,bf16_merged_minus_base,saved_merged_bf16,saved_merged_bf16,051c50ef8c6c6f871a523296f3b054d0dd1cb3c204f81637332097c4236843f2,93af4cd1bf71f62169567b2f51c235ef4203a96e17bd3d492596e8d7d81c5f89
qwen,qwen3_4b,opd,20,20,18,self_attn.k_proj,50,0.01,26214,1140076,2621440,0.4349044799804687,1414,0.0012402681926468,0.1240287117926315,rank32_norm_matched_lowrank_bf16_mask,32,3,0.1039463079645134,0.0014082999512888,0.020082403828118,bf16_merged_minus_base,saved_merged_bf16,saved_merged_bf16,051c50ef8c6c6f871a523296f3b054d0dd1cb3c204f81637332097c4236843f2,93af4cd1bf71f62169567b2f51c235ef4203a96e17bd3d492596e8d7d81c5f89
qwen,qwen3_4b,opd,20,20,18,self_attn.k_proj,50,0.1,262144,1140076,2621440,0.4349044799804687,58283,0.0511220304611271,0.5112203046112715,rank32_norm_matched_lowrank_bf16_mask,32,3,0.4892356557467075,0.0015070307671305,0.021984648864564,bf16_merged_minus_base,saved_merged_bf16,saved_merged_bf16,051c50ef8c6c6f871a523296f3b054d0dd1cb3c204f81637332097c4236843f2,93af4cd1bf71f62169567b2f51c235ef4203a96e17bd3d492596e8d7d81c5f89
qwen,qwen3_4b,opd,40,40,18,self_attn.k_proj,16,0.01,26214,1348048,2621440,0.514239501953125,5251,0.0038952618897843,0.389532132767081,rank32_norm_matched_lowrank_bf16_mask,32,3,0.3491089358299923,0.0008145134537461,0.0404231969370886,bf16_merged_minus_base,saved_merged_bf16,saved_merged_bf16,051c50ef8c6c6f871a523296f3b054d0dd1cb3c204f81637332097c4236843f2,fd884d7bb542cbd57825adfb003172e5ce55fd8721197f5f78f4d21a20c01f15
qwen,qwen3_4b,opd,40,40,18,self_attn.k_proj,16,0.1,262144,1348048,2621440,0.514239501953125,99310,0.0736694835792197,0.7366948357921974,rank32_norm_matched_lowrank_bf16_mask,32,3,0.7074834781193978,0.0017109754243612,0.0292113576727995,bf16_merged_minus_base,saved_merged_bf16,saved_merged_bf16,051c50ef8c6c6f871a523296f3b054d0dd1cb3c204f81637332097c4236843f2,fd884d7bb542cbd57825adfb003172e5ce55fd8721197f5f78f4d21a20c01f15
qwen,qwen3_4b,opd,40,40,18,self_attn.k_proj,32,0.01,26214,1348048,2621440,0.514239501953125,3445,0.0025555469834902,0.2555585978637581,rank32_norm_matched_lowrank_bf16_mask,32,3,0.2233166292221184,0.0037576617857507,0.0322419686416396,bf16_merged_minus_base,saved_merged_bf16,saved_merged_bf16,051c50ef8c6c6f871a523296f3b054d0dd1cb3c204f81637332097c4236843f2,fd884d7bb542cbd57825adfb003172e5ce55fd8721197f5f78f4d21a20c01f15
qwen,qwen3_4b,opd,40,40,18,self_attn.k_proj,32,0.1,262144,1348048,2621440,0.514239501953125,86990,0.0645303431331822,0.6453034313318221,rank32_norm_matched_lowrank_bf16_mask,32,3,0.6242994540564144,0.002323826982893,0.0210039772754077,bf16_merged_minus_base,saved_merged_bf16,saved_merged_bf16,051c50ef8c6c6f871a523296f3b054d0dd1cb3c204f81637332097c4236843f2,fd884d7bb542cbd57825adfb003172e5ce55fd8721197f5f78f4d21a20c01f15
qwen,qwen3_4b,opd,40,40,18,self_attn.k_proj,50,0.01,26214,1348048,2621440,0.514239501953125,2539,0.0018834640902994,0.188349283011925,rank32_norm_matched_lowrank_bf16_mask,32,3,0.1622291025634105,0.002883135446114,0.0261201804485145,bf16_merged_minus_base,saved_merged_bf16,saved_merged_bf16,051c50ef8c6c6f871a523296f3b054d0dd1cb3c204f81637332097c4236843f2,fd884d7bb542cbd57825adfb003172e5ce55fd8721197f5f78f4d21a20c01f15
qwen,qwen3_4b,opd,40,40,18,self_attn.k_proj,50,0.1,262144,1348048,2621440,0.514239501953125,77834,0.057738300119877,0.5773830011987704,rank32_norm_matched_lowrank_bf16_mask,32,3,0.558615150291379,0.0028215147147852,0.0187678509073914,bf16_merged_minus_base,saved_merged_bf16,saved_merged_bf16,051c50ef8c6c6f871a523296f3b054d0dd1cb3c204f81637332097c4236843f2,fd884d7bb542cbd57825adfb003172e5ce55fd8721197f5f78f4d21a20c01f15
qwen,qwen3_4b,opd,80,80,18,self_attn.k_proj,16,0.01,26214,1479964,2621440,0.5645614624023437,6098,0.0041203704954985,0.4120433368322153,rank32_norm_matched_lowrank_bf16_mask,32,3,0.3879428339773254,0.0028005436699152,0.0241005028548899,bf16_merged_minus_base,saved_merged_bf16,saved_merged_bf16,051c50ef8c6c6f871a523296f3b054d0dd1cb3c204f81637332097c4236843f2,59bab4c2802ea4206bab54e7596d26fca803bbf498738198647b2fdb82ba605b
qwen,qwen3_4b,opd,80,80,18,self_attn.k_proj,16,0.1,262144,1479964,2621440,0.5645614624023437,110794,0.0748626317937463,0.7486263179374634,rank32_norm_matched_lowrank_bf16_mask,32,3,0.7309624322148597,0.0018000625507731,0.0176638857226036,bf16_merged_minus_base,saved_merged_bf16,saved_merged_bf16,051c50ef8c6c6f871a523296f3b054d0dd1cb3c204f81637332097c4236843f2,59bab4c2802ea4206bab54e7596d26fca803bbf498738198647b2fdb82ba605b
qwen,qwen3_4b,opd,80,80,18,self_attn.k_proj,32,0.01,26214,1479964,2621440,0.5645614624023437,4255,0.0028750699341335,0.2875113804888612,rank32_norm_matched_lowrank_bf16_mask,32,3,0.2656211538515319,0.0027255200851721,0.0218902266373293,bf16_merged_minus_base,saved_merged_bf16,saved_merged_bf16,051c50ef8c6c6f871a523296f3b054d0dd1cb3c204f81637332097c4236843f2,59bab4c2802ea4206bab54e7596d26fca803bbf498738198647b2fdb82ba605b
qwen,qwen3_4b,opd,80,80,18,self_attn.k_proj,32,0.1,262144,1479964,2621440,0.5645614624023437,98842,0.0667867596779381,0.6678675967793811,rank32_norm_matched_lowrank_bf16_mask,32,3,0.6551531076103386,0.0028285590779869,0.0127144891690424,bf16_merged_minus_base,saved_merged_bf16,saved_merged_bf16,051c50ef8c6c6f871a523296f3b054d0dd1cb3c204f81637332097c4236843f2,59bab4c2802ea4206bab54e7596d26fca803bbf498738198647b2fdb82ba605b
qwen,qwen3_4b,opd,80,80,18,self_attn.k_proj,50,0.01,26214,1479964,2621440,0.5645614624023437,3231,0.0021831612120294,0.218319452493422,rank32_norm_matched_lowrank_bf16_mask,32,3,0.204642874094192,0.0022755581615925,0.0136765783992299,bf16_merged_minus_base,saved_merged_bf16,saved_merged_bf16,051c50ef8c6c6f871a523296f3b054d0dd1cb3c204f81637332097c4236843f2,59bab4c2802ea4206bab54e7596d26fca803bbf498738198647b2fdb82ba605b
qwen,qwen3_4b,opd,80,80,18,self_attn.k_proj,50,0.1,262144,1479964,2621440,0.5645614624023437,89742,0.0606379614639275,0.606379614639275,rank32_norm_matched_lowrank_bf16_mask,32,3,0.5960952441690845,0.0032247761823106,0.0102843704701904,bf16_merged_minus_base,saved_merged_bf16,saved_merged_bf16,051c50ef8c6c6f871a523296f3b054d0dd1cb3c204f81637332097c4236843f2,59bab4c2802ea4206bab54e7596d26fca803bbf498738198647b2fdb82ba605b
qwen,qwen3_4b,opd,160,160,18,self_attn.k_proj,16,0.01,26214,1684496,2621440,0.642584228515625,7980,0.0047373220239169,0.4737394310817441,rank32_norm_matched_lowrank_bf16_mask,32,3,0.4700531438096818,0.0031760340288409,0.0036862872720623,bf16_merged_minus_base,saved_merged_bf16,saved_merged_bf16,051c50ef8c6c6f871a523296f3b054d0dd1cb3c204f81637332097c4236843f2,61c18f7d0257536d1a87e342b61725551f13fb7c31997f8f25c423ba99b6b88d
qwen,qwen3_4b,opd,160,160,18,self_attn.k_proj,16,0.1,262144,1684496,2621440,0.642584228515625,131722,0.078196683162204,0.7819668316220401,rank32_norm_matched_lowrank_bf16_mask,32,3,0.7781732160497752,0.0022912275171998,0.0037936155722648,bf16_merged_minus_base,saved_merged_bf16,saved_merged_bf16,051c50ef8c6c6f871a523296f3b054d0dd1cb3c204f81637332097c4236843f2,61c18f7d0257536d1a87e342b61725551f13fb7c31997f8f25c423ba99b6b88d
qwen,qwen3_4b,opd,160,160,18,self_attn.k_proj,32,0.01,26214,1684496,2621440,0.642584228515625,6089,0.0036147310530865,0.3614786210346792,rank32_norm_matched_lowrank_bf16_mask,32,3,0.3557620988542034,0.0010200868969506,0.0057165221804757,bf16_merged_minus_base,saved_merged_bf16,saved_merged_bf16,051c50ef8c6c6f871a523296f3b054d0dd1cb3c204f81637332097c4236843f2,61c18f7d0257536d1a87e342b61725551f13fb7c31997f8f25c423ba99b6b88d
qwen,qwen3_4b,opd,160,160,18,self_attn.k_proj,32,0.1,262144,1684496,2621440,0.642584228515625,121148,0.0719194346558258,0.7191943465582583,rank32_norm_matched_lowrank_bf16_mask,32,3,0.7165506327476368,0.000623944414757,0.0026437138106215,bf16_merged_minus_base,saved_merged_bf16,saved_merged_bf16,051c50ef8c6c6f871a523296f3b054d0dd1cb3c204f81637332097c4236843f2,61c18f7d0257536d1a87e342b61725551f13fb7c31997f8f25c423ba99b6b88d
qwen,qwen3_4b,opd,160,160,18,self_attn.k_proj,50,0.01,26214,1684496,2621440,0.642584228515625,5064,0.003006240442245,0.3006286314533775,rank32_norm_matched_lowrank_bf16_mask,32,3,0.2961894407628112,0.0019915942173749,0.0044391906905662,bf16_merged_minus_base,saved_merged_bf16,saved_merged_bf16,051c50ef8c6c6f871a523296f3b054d0dd1cb3c204f81637332097c4236843f2,61c18f7d0257536d1a87e342b61725551f13fb7c31997f8f25c423ba99b6b88d
qwen,qwen3_4b,opd,160,160,18,self_attn.k_proj,50,0.1,262144,1684496,2621440,0.642584228515625,112798,0.0669624623626295,0.6696246236262953,rank32_norm_matched_lowrank_bf16_mask,32,3,0.6683029913647074,0.0011737785114425,0.0013216322615878,bf16_merged_minus_base,saved_merged_bf16,saved_merged_bf16,051c50ef8c6c6f871a523296f3b054d0dd1cb3c204f81637332097c4236843f2,61c18f7d0257536d1a87e342b61725551f13fb7c31997f8f25c423ba99b6b88d
qwen,qwen3_4b,opd,320,320,18,self_attn.k_proj,16,0.01,26214,1921944,2621440,0.7331634521484375,11052,0.0057504276919618,0.5750515437863956,rank32_norm_matched_lowrank_bf16_mask,32,3,0.5815447765243472,0.0042464334355743,-0.0064932327379516,bf16_merged_minus_base,saved_merged_bf16,saved_merged_bf16,051c50ef8c6c6f871a523296f3b054d0dd1cb3c204f81637332097c4236843f2,24ad746a6efb10071bcc6f58975d77ea15a163cdf09b116de7f3084a644ab754
qwen,qwen3_4b,opd,320,320,18,self_attn.k_proj,16,0.1,262144,1921944,2621440,0.7331634521484375,159117,0.0827896130168204,0.8278961301682047,rank32_norm_matched_lowrank_bf16_mask,32,3,0.833851134873245,0.002304231158963,-0.0059550047050402,bf16_merged_minus_base,saved_merged_bf16,saved_merged_bf16,051c50ef8c6c6f871a523296f3b054d0dd1cb3c204f81637332097c4236843f2,24ad746a6efb10071bcc6f58975d77ea15a163cdf09b116de7f3084a644ab754
qwen,qwen3_4b,opd,320,320,18,self_attn.k_proj,32,0.01,26214,1921944,2621440,0.7331634521484375,9242,0.0048086728853702,0.4808746261015081,rank32_norm_matched_lowrank_bf16_mask,32,3,0.4785865468430132,0.0018127832610458,0.0022880792584948,bf16_merged_minus_base,saved_merged_bf16,saved_merged_bf16,051c50ef8c6c6f871a523296f3b054d0dd1cb3c204f81637332097c4236843f2,24ad746a6efb10071bcc6f58975d77ea15a163cdf09b116de7f3084a644ab754
qwen,qwen3_4b,opd,320,320,18,self_attn.k_proj,32,0.1,262144,1921944,2621440,0.7331634521484375,149671,0.0778747976007625,0.7787479760076257,rank32_norm_matched_lowrank_bf16_mask,32,3,0.7867091826494764,0.0023773517059661,-0.0079612066418507,bf16_merged_minus_base,saved_merged_bf16,saved_merged_bf16,051c50ef8c6c6f871a523296f3b054d0dd1cb3c204f81637332097c4236843f2,24ad746a6efb10071bcc6f58975d77ea15a163cdf09b116de7f3084a644ab754
qwen,qwen3_4b,opd,320,320,18,self_attn.k_proj,50,0.01,26214,1921944,2621440,0.7331634521484375,8200,0.0042665134884263,0.4266578591249044,rank32_norm_matched_lowrank_bf16_mask,32,3,0.4220449442259955,0.0018217876919084,0.0046129148989088,bf16_merged_minus_base,saved_merged_bf16,saved_merged_bf16,051c50ef8c6c6f871a523296f3b054d0dd1cb3c204f81637332097c4236843f2,24ad746a6efb10071bcc6f58975d77ea15a163cdf09b116de7f3084a644ab754
qwen,qwen3_4b,opd,320,320,18,self_attn.k_proj,50,0.1,262144,1921944,2621440,0.7331634521484375,142543,0.0741660527049695,0.7416605270496955,rank32_norm_matched_lowrank_bf16_mask,32,3,0.7506734153728557,0.0023633380248649,-0.0090128883231601,bf16_merged_minus_base,saved_merged_bf16,saved_merged_bf16,051c50ef8c6c6f871a523296f3b054d0dd1cb3c204f81637332097c4236843f2,24ad746a6efb10071bcc6f58975d77ea15a163cdf09b116de7f3084a644ab754
qwen,qwen3_4b,sft,5,5,18,self_attn.k_proj,16,0.01,26214,24330,2621440,0.0092811584472656,46,0.0018906699547883,0.1890698804562566,rank32_norm_matched_lowrank_bf16_mask,32,3,0.1957367091573555,0.0103068670946886,-0.0066668287010988,bf16_merged_minus_base,adapter_merge_quantized_to_bf16,adapter_merge_quantized_to_bf16_in_memory,051c50ef8c6c6f871a523296f3b054d0dd1cb3c204f81637332097c4236843f2,b4711b1c108885ec188ff3ccad5dd41d1db86e166078c4dc8cf4ea84f3a977d9
qwen,qwen3_4b,sft,5,5,18,self_attn.k_proj,16,0.1,262144,24330,2621440,0.0092811584472656,1282,0.0526921496095355,0.5269214960953555,rank32_norm_matched_lowrank_bf16_mask,32,3,0.4973053187471152,0.0149308153913549,0.0296161773482403,bf16_merged_minus_base,adapter_merge_quantized_to_bf16,adapter_merge_quantized_to_bf16_in_memory,051c50ef8c6c6f871a523296f3b054d0dd1cb3c204f81637332097c4236843f2,b4711b1c108885ec188ff3ccad5dd41d1db86e166078c4dc8cf4ea84f3a977d9
qwen,qwen3_4b,sft,5,5,18,self_attn.k_proj,32,0.01,26214,24330,2621440,0.0092811584472656,23,0.0009453349773941,0.0945349402281283,rank32_norm_matched_lowrank_bf16_mask,32,3,0.0626613216659209,0.0111393798431627,0.0318736185622074,bf16_merged_minus_base,adapter_merge_quantized_to_bf16,adapter_merge_quantized_to_bf16_in_memory,051c50ef8c6c6f871a523296f3b054d0dd1cb3c204f81637332097c4236843f2,b4711b1c108885ec188ff3ccad5dd41d1db86e166078c4dc8cf4ea84f3a977d9
qwen,qwen3_4b,sft,5,5,18,self_attn.k_proj,32,0.1,262144,24330,2621440,0.0092811584472656,1022,0.0420057542129058,0.4200575421290587,rank32_norm_matched_lowrank_bf16_mask,32,3,0.3868167359101683,0.0058973429376104,0.0332408062188904,bf16_merged_minus_base,adapter_merge_quantized_to_bf16,adapter_merge_quantized_to_bf16_in_memory,051c50ef8c6c6f871a523296f3b054d0dd1cb3c204f81637332097c4236843f2,b4711b1c108885ec188ff3ccad5dd41d1db86e166078c4dc8cf4ea84f3a977d9
qwen,qwen3_4b,sft,5,5,18,self_attn.k_proj,50,0.01,26214,24330,2621440,0.0092811584472656,12,0.0004932182490752,0.0493225775103278,rank32_norm_matched_lowrank_bf16_mask,32,3,0.0156742145849579,0.0110839887029097,0.0336483629253698,bf16_merged_minus_base,adapter_merge_quantized_to_bf16,adapter_merge_quantized_to_bf16_in_memory,051c50ef8c6c6f871a523296f3b054d0dd1cb3c204f81637332097c4236843f2,b4711b1c108885ec188ff3ccad5dd41d1db86e166078c4dc8cf4ea84f3a977d9
qwen,qwen3_4b,sft,5,5,18,self_attn.k_proj,50,0.1,262144,24330,2621440,0.0092811584472656,775,0.0318536785861076,0.3185367858610768,rank32_norm_matched_lowrank_bf16_mask,32,3,0.2874308550081136,0.0117469922450379,0.0311059308529632,bf16_merged_minus_base,adapter_merge_quantized_to_bf16,adapter_merge_quantized_to_bf16_in_memory,051c50ef8c6c6f871a523296f3b054d0dd1cb3c204f81637332097c4236843f2,b4711b1c108885ec188ff3ccad5dd41d1db86e166078c4dc8cf4ea84f3a977d9
qwen,qwen3_4b,sft,20,20,18,self_attn.k_proj,16,0.01,26214,369188,2621440,0.1408340454101562,693,0.0018770924298731,0.1877121072467616,rank32_norm_matched_lowrank_bf16_mask,32,3,0.1643401785718228,0.0052291488464382,0.0233719286749388,bf16_merged_minus_base,adapter_merge_quantized_to_bf16,adapter_merge_quantized_to_bf16_in_memory,051c50ef8c6c6f871a523296f3b054d0dd1cb3c204f81637332097c4236843f2,c75f608fccccdb8323e72559a9268ca1ddd509c9543e9c668da5964568b98b41
qwen,qwen3_4b,sft,20,20,18,self_attn.k_proj,16,0.1,262144,369188,2621440,0.1408340454101562,20865,0.0565159214275653,0.5651592142756535,rank32_norm_matched_lowrank_bf16_mask,32,3,0.5330757284766713,0.0057759282743617,0.0320834857989822,bf16_merged_minus_base,adapter_merge_quantized_to_bf16,adapter_merge_quantized_to_bf16_in_memory,051c50ef8c6c6f871a523296f3b054d0dd1cb3c204f81637332097c4236843f2,c75f608fccccdb8323e72559a9268ca1ddd509c9543e9c668da5964568b98b41
qwen,qwen3_4b,sft,20,20,18,self_attn.k_proj,32,0.01,26214,369188,2621440,0.1408340454101562,284,0.0007692557721269,0.0769267510217609,rank32_norm_matched_lowrank_bf16_mask,32,3,0.0707262420054614,0.0018587687838692,0.0062005090162994,bf16_merged_minus_base,adapter_merge_quantized_to_bf16,adapter_merge_quantized_to_bf16_in_memory,051c50ef8c6c6f871a523296f3b054d0dd1cb3c204f81637332097c4236843f2,c75f608fccccdb8323e72559a9268ca1ddd509c9543e9c668da5964568b98b41
qwen,qwen3_4b,sft,20,20,18,self_attn.k_proj,32,0.1,262144,369188,2621440,0.1408340454101562,16513,0.0447278893138455,0.4472788931384551,rank32_norm_matched_lowrank_bf16_mask,32,3,0.4212303932465922,0.0015406853117008,0.0260484998918629,bf16_merged_minus_base,adapter_merge_quantized_to_bf16,adapter_merge_quantized_to_bf16_in_memory,051c50ef8c6c6f871a523296f3b054d0dd1cb3c204f81637332097c4236843f2,c75f608fccccdb8323e72559a9268ca1ddd509c9543e9c668da5964568b98b41
qwen,qwen3_4b,sft,20,20,18,self_attn.k_proj,50,0.01,26214,369188,2621440,0.1408340454101562,157,0.0004252575923377,0.0425264081352692,rank32_norm_matched_lowrank_bf16_mask,32,3,0.0391785562362351,0.0011558805541493,0.003347851899034,bf16_merged_minus_base,adapter_merge_quantized_to_bf16,adapter_merge_quantized_to_bf16_in_memory,051c50ef8c6c6f871a523296f3b054d0dd1cb3c204f81637332097c4236843f2,c75f608fccccdb8323e72559a9268ca1ddd509c9543e9c668da5964568b98b41
qwen,qwen3_4b,sft,20,20,18,self_attn.k_proj,50,0.1,262144,369188,2621440,0.1408340454101562,13139,0.0355889140492107,0.3558891404921069,rank32_norm_matched_lowrank_bf16_mask,32,3,0.3342376710792987,0.0025475627130115,0.0216514694128082,bf16_merged_minus_base,adapter_merge_quantized_to_bf16,adapter_merge_quantized_to_bf16_in_memory,051c50ef8c6c6f871a523296f3b054d0dd1cb3c204f81637332097c4236843f2,c75f608fccccdb8323e72559a9268ca1ddd509c9543e9c668da5964568b98b41
qwen,qwen3_4b,sft,40,40,18,self_attn.k_proj,16,0.01,26214,881973,2621440,0.3364459991455078,2382,0.0027007629485256,0.2700804159526604,rank32_norm_matched_lowrank_bf16_mask,32,3,0.2233759728149746,0.0022063432773708,0.0467044431376858,bf16_merged_minus_base,adapter_merge_quantized_to_bf16,adapter_merge_quantized_to_bf16_in_memory,051c50ef8c6c6f871a523296f3b054d0dd1cb3c204f81637332097c4236843f2,a2c5d89a716825f0bdfc7968c49632cb61cff47dc053ed80b47bfd5b7cc784d1
qwen,qwen3_4b,sft,40,40,18,self_attn.k_proj,16,0.1,262144,881973,2621440,0.3364459991455078,58009,0.0657718546939645,0.6577185469396455,rank32_norm_matched_lowrank_bf16_mask,32,3,0.6032256971398088,0.0019847911892291,0.0544928497998367,bf16_merged_minus_base,adapter_merge_quantized_to_bf16,adapter_merge_quantized_to_bf16_in_memory,051c50ef8c6c6f871a523296f3b054d0dd1cb3c204f81637332097c4236843f2,a2c5d89a716825f0bdfc7968c49632cb61cff47dc053ed80b47bfd5b7cc784d1
qwen,qwen3_4b,sft,40,40,18,self_attn.k_proj,32,0.01,26214,881973,2621440,0.3364459991455078,1180,0.0013379094371369,0.1337929852326361,rank32_norm_matched_lowrank_bf16_mask,32,3,0.1127470679420661,0.00145977895155,0.0210459172905699,bf16_merged_minus_base,adapter_merge_quantized_to_bf16,adapter_merge_quantized_to_bf16_in_memory,051c50ef8c6c6f871a523296f3b054d0dd1cb3c204f81637332097c4236843f2,a2c5d89a716825f0bdfc7968c49632cb61cff47dc053ed80b47bfd5b7cc784d1
qwen,qwen3_4b,sft,40,40,18,self_attn.k_proj,32,0.1,262144,881973,2621440,0.3364459991455078,48054,0.0544846610950675,0.5448466109506753,rank32_norm_matched_lowrank_bf16_mask,32,3,0.4987638526677263,0.0028495830445282,0.046082758282949,bf16_merged_minus_base,adapter_merge_quantized_to_bf16,adapter_merge_quantized_to_bf16_in_memory,051c50ef8c6c6f871a523296f3b054d0dd1cb3c204f81637332097c4236843f2,a2c5d89a716825f0bdfc7968c49632cb61cff47dc053ed80b47bfd5b7cc784d1
qwen,qwen3_4b,sft,40,40,18,self_attn.k_proj,50,0.01,26214,881973,2621440,0.3364459991455078,706,0.0008004780191683,0.0800490233680009,rank32_norm_matched_lowrank_bf16_mask,32,3,0.0637725670444025,0.0014690071979215,0.0162764563235984,bf16_merged_minus_base,adapter_merge_quantized_to_bf16,adapter_merge_quantized_to_bf16_in_memory,051c50ef8c6c6f871a523296f3b054d0dd1cb3c204f81637332097c4236843f2,a2c5d89a716825f0bdfc7968c49632cb61cff47dc053ed80b47bfd5b7cc784d1
qwen,qwen3_4b,sft,40,40,18,self_attn.k_proj,50,0.1,262144,881973,2621440,0.3364459991455078,40243,0.0456283809141549,0.4562838091415496,rank32_norm_matched_lowrank_bf16_mask,32,3,0.4168899653365805,0.0024790424099341,0.039393843804969,bf16_merged_minus_base,adapter_merge_quantized_to_bf16,adapter_merge_quantized_to_bf16_in_memory,051c50ef8c6c6f871a523296f3b054d0dd1cb3c204f81637332097c4236843f2,a2c5d89a716825f0bdfc7968c49632cb61cff47dc053ed80b47bfd5b7cc784d1
qwen,qwen3_4b,sft,80,80,18,self_attn.k_proj,16,0.01,26214,1372414,2621440,0.5235343933105469,5003,0.0036454014604922,0.364545708575295,rank32_norm_matched_lowrank_bf16_mask,32,3,0.3480022541117247,0.0027155653007891,0.0165434544635703,bf16_merged_minus_base,adapter_merge_quantized_to_bf16,adapter_merge_quantized_to_bf16_in_memory,051c50ef8c6c6f871a523296f3b054d0dd1cb3c204f81637332097c4236843f2,1f791c70238638d55eb8065e4a502e7e058fee3eb3d6d8db78788506d64f8e04
qwen,qwen3_4b,sft,80,80,18,self_attn.k_proj,16,0.1,262144,1372414,2621440,0.5235343933105469,98766,0.0719651650303771,0.7196516503037713,rank32_norm_matched_lowrank_bf16_mask,32,3,0.7093310765483567,0.0013147429232066,0.0103205737554146,bf16_merged_minus_base,adapter_merge_quantized_to_bf16,adapter_merge_quantized_to_bf16_in_memory,051c50ef8c6c6f871a523296f3b054d0dd1cb3c204f81637332097c4236843f2,1f791c70238638d55eb8065e4a502e7e058fee3eb3d6d8db78788506d64f8e04
qwen,qwen3_4b,sft,80,80,18,self_attn.k_proj,32,0.01,26214,1372414,2621440,0.5235343933105469,3232,0.0023549745193505,0.2355010453958332,rank32_norm_matched_lowrank_bf16_mask,32,3,0.2256283084126455,0.0003185034483289,0.0098727369831876,bf16_merged_minus_base,adapter_merge_quantized_to_bf16,adapter_merge_quantized_to_bf16_in_memory,051c50ef8c6c6f871a523296f3b054d0dd1cb3c204f81637332097c4236843f2,1f791c70238638d55eb8065e4a502e7e058fee3eb3d6d8db78788506d64f8e04
qwen,qwen3_4b,sft,80,80,18,self_attn.k_proj,32,0.1,262144,1372414,2621440,0.5235343933105469,87031,0.0634145381787128,0.6341453817871284,rank32_norm_matched_lowrank_bf16_mask,32,3,0.6248773643837494,0.0015837471801927,0.009268017403379,bf16_merged_minus_base,adapter_merge_quantized_to_bf16,adapter_merge_quantized_to_bf16_in_memory,051c50ef8c6c6f871a523296f3b054d0dd1cb3c204f81637332097c4236843f2,1f791c70238638d55eb8065e4a502e7e058fee3eb3d6d8db78788506d64f8e04
qwen,qwen3_4b,sft,80,80,18,self_attn.k_proj,50,0.01,26214,1372414,2621440,0.5235343933105469,2394,0.0017443715963258,0.1744398213730274,rank32_norm_matched_lowrank_bf16_mask,32,3,0.1630041971421624,0.0004968555154603,0.011435624230865,bf16_merged_minus_base,adapter_merge_quantized_to_bf16,adapter_merge_quantized_to_bf16_in_memory,051c50ef8c6c6f871a523296f3b054d0dd1cb3c204f81637332097c4236843f2,1f791c70238638d55eb8065e4a502e7e058fee3eb3d6d8db78788506d64f8e04
qwen,qwen3_4b,sft,80,80,18,self_attn.k_proj,50,0.1,262144,1372414,2621440,0.5235343933105469,77641,0.0565725794111689,0.5657257941116893,rank32_norm_matched_lowrank_bf16_mask,32,3,0.5610746454583379,0.0007608188903611,0.0046511486533514,bf16_merged_minus_base,adapter_merge_quantized_to_bf16,adapter_merge_quantized_to_bf16_in_memory,051c50ef8c6c6f871a523296f3b054d0dd1cb3c204f81637332097c4236843f2,1f791c70238638d55eb8065e4a502e7e058fee3eb3d6d8db78788506d64f8e04
qwen,qwen3_4b,sft,160,160,18,self_attn.k_proj,16,0.01,26214,1655235,2621440,0.6314220428466797,7266,0.0043897090141279,0.438977599679387,rank32_norm_matched_lowrank_bf16_mask,32,3,0.4547639344021766,0.0048340712013636,-0.0157863347227896,bf16_merged_minus_base,adapter_merge_quantized_to_bf16,adapter_merge_quantized_to_bf16_in_memory,051c50ef8c6c6f871a523296f3b054d0dd1cb3c204f81637332097c4236843f2,7cff09e12a6d6f5e243ff6ea56894823c1266b1e8f78f8f632673284e54d8c25
qwen,qwen3_4b,sft,160,160,18,self_attn.k_proj,16,0.1,262144,1655235,2621440,0.6314220428466797,125861,0.0760381456409512,0.7603814564095128,rank32_norm_matched_lowrank_bf16_mask,32,3,0.770804560639352,0.0018679244441685,-0.0104231042298391,bf16_merged_minus_base,adapter_merge_quantized_to_bf16,adapter_merge_quantized_to_bf16_in_memory,051c50ef8c6c6f871a523296f3b054d0dd1cb3c204f81637332097c4236843f2,7cff09e12a6d6f5e243ff6ea56894823c1266b1e8f78f8f632673284e54d8c25
qwen,qwen3_4b,sft,160,160,18,self_attn.k_proj,32,0.01,26214,1655235,2621440,0.6314220428466797,5454,0.003295000407797,0.3295050686280452,rank32_norm_matched_lowrank_bf16_mask,32,3,0.3359053450019768,0.0045339799718947,-0.0064002763739315,bf16_merged_minus_base,adapter_merge_quantized_to_bf16,adapter_merge_quantized_to_bf16_in_memory,051c50ef8c6c6f871a523296f3b054d0dd1cb3c204f81637332097c4236843f2,7cff09e12a6d6f5e243ff6ea56894823c1266b1e8f78f8f632673284e54d8c25
qwen,qwen3_4b,sft,160,160,18,self_attn.k_proj,32,0.1,262144,1655235,2621440,0.6314220428466797,114894,0.0694125003398309,0.694125003398309,rank32_norm_matched_lowrank_bf16_mask,32,3,0.7058810533989286,0.0014879062499753,-0.0117560500006196,bf16_merged_minus_base,adapter_merge_quantized_to_bf16,adapter_merge_quantized_to_bf16_in_memory,051c50ef8c6c6f871a523296f3b054d0dd1cb3c204f81637332097c4236843f2,7cff09e12a6d6f5e243ff6ea56894823c1266b1e8f78f8f632673284e54d8c25
qwen,qwen3_4b,sft,160,160,18,self_attn.k_proj,50,0.01,26214,1655235,2621440,0.6314220428466797,4476,0.0027041477494132,0.2704189012062945,rank32_norm_matched_lowrank_bf16_mask,32,3,0.2760214897269282,0.0031743440940288,-0.0056025885206337,bf16_merged_minus_base,adapter_merge_quantized_to_bf16,adapter_merge_quantized_to_bf16_in_memory,051c50ef8c6c6f871a523296f3b054d0dd1cb3c204f81637332097c4236843f2,7cff09e12a6d6f5e243ff6ea56894823c1266b1e8f78f8f632673284e54d8c25
qwen,qwen3_4b,sft,160,160,18,self_attn.k_proj,50,0.1,262144,1655235,2621440,0.6314220428466797,106247,0.0641884687068603,0.6418846870686036,rank32_norm_matched_lowrank_bf16_mask,32,3,0.6558479790144801,0.0014224884069299,-0.0139632919458765,bf16_merged_minus_base,adapter_merge_quantized_to_bf16,adapter_merge_quantized_to_bf16_in_memory,051c50ef8c6c6f871a523296f3b054d0dd1cb3c204f81637332097c4236843f2,7cff09e12a6d6f5e243ff6ea56894823c1266b1e8f78f8f632673284e54d8c25
qwen,qwen3_4b,sft,320,320,18,self_attn.k_proj,16,0.01,26214,1855752,2621440,0.7079132080078125,9671,0.00521136444956,0.5211443969884317,rank32_norm_matched_lowrank_bf16_mask,32,3,0.5494449170562898,0.0060307328775908,-0.0283005200678581,bf16_merged_minus_base,adapter_merge_quantized_to_bf16,adapter_merge_quantized_to_bf16_in_memory,051c50ef8c6c6f871a523296f3b054d0dd1cb3c204f81637332097c4236843f2,beb071c2025d8ae0b523d11729ad1a60ca2249082f2be45a4d3e10b2a6f90136
qwen,qwen3_4b,sft,320,320,18,self_attn.k_proj,16,0.1,262144,1855752,2621440,0.7079132080078125,149013,0.0802979061857403,0.8029790618574033,rank32_norm_matched_lowrank_bf16_mask,32,3,0.8217152796055158,0.0019586069738952,-0.0187362177481125,bf16_merged_minus_base,adapter_merge_quantized_to_bf16,adapter_merge_quantized_to_bf16_in_memory,051c50ef8c6c6f871a523296f3b054d0dd1cb3c204f81637332097c4236843f2,beb071c2025d8ae0b523d11729ad1a60ca2249082f2be45a4d3e10b2a6f90136
qwen,qwen3_4b,sft,320,320,18,self_attn.k_proj,32,0.01,26214,1855752,2621440,0.7079132080078125,7888,0.0042505679638227,0.4250632823332385,rank32_norm_matched_lowrank_bf16_mask,32,3,0.44359144738597,0.004724828602374,-0.0185281650527315,bf16_merged_minus_base,adapter_merge_quantized_to_bf16,adapter_merge_quantized_to_bf16_in_memory,051c50ef8c6c6f871a523296f3b054d0dd1cb3c204f81637332097c4236843f2,beb071c2025d8ae0b523d11729ad1a60ca2249082f2be45a4d3e10b2a6f90136
qwen,qwen3_4b,sft,320,320,18,self_attn.k_proj,32,0.1,262144,1855752,2621440,0.7079132080078125,139344,0.0750876194663942,0.7508761946639421,rank32_norm_matched_lowrank_bf16_mask,32,3,0.7694159937914314,0.0024743971858697,-0.0185397991274893,bf16_merged_minus_base,adapter_merge_quantized_to_bf16,adapter_merge_quantized_to_bf16_in_memory,051c50ef8c6c6f871a523296f3b054d0dd1cb3c204f81637332097c4236843f2,beb071c2025d8ae0b523d11729ad1a60ca2249082f2be45a4d3e10b2a6f90136
qwen,qwen3_4b,sft,320,320,18,self_attn.k_proj,50,0.01,26214,1855752,2621440,0.7079132080078125,6857,0.003694998038531,0.3695054420586988,rank32_norm_matched_lowrank_bf16_mask,32,3,0.3883310178889804,0.0090904180469659,-0.0188255758302816,bf16_merged_minus_base,adapter_merge_quantized_to_bf16,adapter_merge_quantized_to_bf16_in_memory,051c50ef8c6c6f871a523296f3b054d0dd1cb3c204f81637332097c4236843f2,beb071c2025d8ae0b523d11729ad1a60ca2249082f2be45a4d3e10b2a6f90136
qwen,qwen3_4b,sft,320,320,18,self_attn.k_proj,50,0.1,262144,1855752,2621440,0.7079132080078125,131592,0.0709103371571201,0.7091033715712013,rank32_norm_matched_lowrank_bf16_mask,32,3,0.7301966617321854,0.0027223989123076,-0.0210932901609841,bf16_merged_minus_base,adapter_merge_quantized_to_bf16,adapter_merge_quantized_to_bf16_in_memory,051c50ef8c6c6f871a523296f3b054d0dd1cb3c204f81637332097c4236843f2,beb071c2025d8ae0b523d11729ad1a60ca2249082f2be45a4d3e10b2a6f90136
qwen,qwen3_4b,offkd,5,5,18,self_attn.k_proj,16,0.01,26214,674535,2621440,0.2573146820068359,1360,0.0020162037551794,0.2016234520476742,rank32_norm_matched_lowrank_bf16_mask,32,3,0.1889984576571412,0.0043080069880578,0.012624994390533,bf16_merged_minus_base,adapter_merge_quantized_to_bf16,adapter_merge_quantized_to_bf16_in_memory,051c50ef8c6c6f871a523296f3b054d0dd1cb3c204f81637332097c4236843f2,daff83f54441bc7b79d3c80943935bc818901f6b84caec49307b522c3568a6cf
qwen,qwen3_4b,offkd,5,5,18,self_attn.k_proj,16,0.1,262144,674535,2621440,0.2573146820068359,39280,0.0582327084584195,0.582327084584195,rank32_norm_matched_lowrank_bf16_mask,32,3,0.5646782427992915,0.0047683617043028,0.0176488417849035,bf16_merged_minus_base,adapter_merge_quantized_to_bf16,adapter_merge_quantized_to_bf16_in_memory,051c50ef8c6c6f871a523296f3b054d0dd1cb3c204f81637332097c4236843f2,daff83f54441bc7b79d3c80943935bc818901f6b84caec49307b522c3568a6cf
qwen,qwen3_4b,offkd,5,5,18,self_attn.k_proj,32,0.01,26214,674535,2621440,0.2573146820068359,637,0.0009443542588598,0.0944368668782121,rank32_norm_matched_lowrank_bf16_mask,32,3,0.0844545291971187,0.0013712494452574,0.0099823376810934,bf16_merged_minus_base,adapter_merge_quantized_to_bf16,adapter_merge_quantized_to_bf16_in_memory,051c50ef8c6c6f871a523296f3b054d0dd1cb3c204f81637332097c4236843f2,daff83f54441bc7b79d3c80943935bc818901f6b84caec49307b522c3568a6cf
qwen,qwen3_4b,offkd,5,5,18,self_attn.k_proj,32,0.1,262144,674535,2621440,0.2573146820068359,31809,0.0471569303297827,0.4715693032978273,rank32_norm_matched_lowrank_bf16_mask,32,3,0.4552220814565269,0.0031157302113739,0.0163472218413004,bf16_merged_minus_base,adapter_merge_quantized_to_bf16,adapter_merge_quantized_to_bf16_in_memory,051c50ef8c6c6f871a523296f3b054d0dd1cb3c204f81637332097c4236843f2,daff83f54441bc7b79d3c80943935bc818901f6b84caec49307b522c3568a6cf
qwen,qwen3_4b,offkd,5,5,18,self_attn.k_proj,50,0.01,26214,674535,2621440,0.2573146820068359,335,0.000496638424989,0.0496646003205668,rank32_norm_matched_lowrank_bf16_mask,32,3,0.0447307689628748,0.0004635542989394,0.0049338313576919,bf16_merged_minus_base,adapter_merge_quantized_to_bf16,adapter_merge_quantized_to_bf16_in_memory,051c50ef8c6c6f871a523296f3b054d0dd1cb3c204f81637332097c4236843f2,daff83f54441bc7b79d3c80943935bc818901f6b84caec49307b522c3568a6cf
qwen,qwen3_4b,offkd,5,5,18,self_attn.k_proj,50,0.1,262144,674535,2621440,0.2573146820068359,25932,0.0384442616024372,0.3844426160243723,rank32_norm_matched_lowrank_bf16_mask,32,3,0.3698355754186646,0.0027154694556532,0.0146070406057077,bf16_merged_minus_base,adapter_merge_quantized_to_bf16,adapter_merge_quantized_to_bf16_in_memory,051c50ef8c6c6f871a523296f3b054d0dd1cb3c204f81637332097c4236843f2,daff83f54441bc7b79d3c80943935bc818901f6b84caec49307b522c3568a6cf
qwen,qwen3_4b,offkd,20,20,18,self_attn.k_proj,16,0.01,26214,1228115,2621440,0.4684886932373047,4111,0.0033474063910952,0.3347457469242715,rank32_norm_matched_lowrank_bf16_mask,32,3,0.3001321003785928,0.0061655254435533,0.0346136465456787,bf16_merged_minus_base,adapter_merge_quantized_to_bf16,adapter_merge_quantized_to_bf16_in_memory,051c50ef8c6c6f871a523296f3b054d0dd1cb3c204f81637332097c4236843f2,9d52b05664aa6277f3fa9822297e7bb8836a666725ce5d6aea6438471c59f24d
qwen,qwen3_4b,offkd,20,20,18,self_attn.k_proj,16,0.1,262144,1228115,2621440,0.4684886932373047,86444,0.0703875451403166,0.7038754514031667,rank32_norm_matched_lowrank_bf16_mask,32,3,0.6734330485239504,0.0018016965761014,0.0304424028792162,bf16_merged_minus_base,adapter_merge_quantized_to_bf16,adapter_merge_quantized_to_bf16_in_memory,051c50ef8c6c6f871a523296f3b054d0dd1cb3c204f81637332097c4236843f2,9d52b05664aa6277f3fa9822297e7bb8836a666725ce5d6aea6438471c59f24d
qwen,qwen3_4b,offkd,20,20,18,self_attn.k_proj,32,0.01,26214,1228115,2621440,0.4684886932373047,2457,0.0020006269771153,0.2000657504726186,rank32_norm_matched_lowrank_bf16_mask,32,3,0.1791175999919455,0.0039738418426112,0.020948150480673,bf16_merged_minus_base,adapter_merge_quantized_to_bf16,adapter_merge_quantized_to_bf16_in_memory,051c50ef8c6c6f871a523296f3b054d0dd1cb3c204f81637332097c4236843f2,9d52b05664aa6277f3fa9822297e7bb8836a666725ce5d6aea6438471c59f24d
qwen,qwen3_4b,offkd,20,20,18,self_attn.k_proj,32,0.1,262144,1228115,2621440,0.4684886932373047,74542,0.0606962703004197,0.6069627030041975,rank32_norm_matched_lowrank_bf16_mask,32,3,0.5851909039755598,0.0025422376710706,0.0217717990286376,bf16_merged_minus_base,adapter_merge_quantized_to_bf16,adapter_merge_quantized_to_bf16_in_memory,051c50ef8c6c6f871a523296f3b054d0dd1cb3c204f81637332097c4236843f2,9d52b05664aa6277f3fa9822297e7bb8836a666725ce5d6aea6438471c59f24d
qwen,qwen3_4b,offkd,20,20,18,self_attn.k_proj,50,0.01,26214,1228115,2621440,0.4684886932373047,1727,0.0014062201015377,0.1406241559081043,rank32_norm_matched_lowrank_bf16_mask,32,3,0.122543903428178,0.0027501973062332,0.0180802524799262,bf16_merged_minus_base,adapter_merge_quantized_to_bf16,adapter_merge_quantized_to_bf16_in_memory,051c50ef8c6c6f871a523296f3b054d0dd1cb3c204f81637332097c4236843f2,9d52b05664aa6277f3fa9822297e7bb8836a666725ce5d6aea6438471c59f24d
qwen,qwen3_4b,offkd,20,20,18,self_attn.k_proj,50,0.1,262144,1228115,2621440,0.4684886932373047,65097,0.0530056224376381,0.5300562243763817,rank32_norm_matched_lowrank_bf16_mask,32,3,0.514934557163442,0.0021762133852262,0.0151216672129396,bf16_merged_minus_base,adapter_merge_quantized_to_bf16,adapter_merge_quantized_to_bf16_in_memory,051c50ef8c6c6f871a523296f3b054d0dd1cb3c204f81637332097c4236843f2,9d52b05664aa6277f3fa9822297e7bb8836a666725ce5d6aea6438471c59f24d
qwen,qwen3_4b,offkd,40,40,18,self_attn.k_proj,16,0.01,26214,1437494,2621440,0.5483604431152344,5460,0.0037982767232419,0.3798334681229665,rank32_norm_matched_lowrank_bf16_mask,32,3,0.3691162548085973,0.0027287029616839,0.0107172133143691,bf16_merged_minus_base,adapter_merge_quantized_to_bf16,adapter_merge_quantized_to_bf16_in_memory,051c50ef8c6c6f871a523296f3b054d0dd1cb3c204f81637332097c4236843f2,2720a7e6d0b575fb6ab292825a0bb6fd7ed770b7cc6db54e2875977fa0f144e0
qwen,qwen3_4b,offkd,40,40,18,self_attn.k_proj,16,0.1,262144,1437494,2621440,0.5483604431152344,104952,0.0730103916955479,0.7301039169554795,rank32_norm_matched_lowrank_bf16_mask,32,3,0.7218854859593753,0.0020468213926158,0.0082184309961041,bf16_merged_minus_base,adapter_merge_quantized_to_bf16,adapter_merge_quantized_to_bf16_in_memory,051c50ef8c6c6f871a523296f3b054d0dd1cb3c204f81637332097c4236843f2,2720a7e6d0b575fb6ab292825a0bb6fd7ed770b7cc6db54e2875977fa0f144e0
qwen,qwen3_4b,offkd,40,40,18,self_attn.k_proj,32,0.01,26214,1437494,2621440,0.5483604431152344,3606,0.0025085322095257,0.2508570487273658,rank32_norm_matched_lowrank_bf16_mask,32,3,0.2486387884331183,0.0020022024361608,0.0022182602942475,bf16_merged_minus_base,adapter_merge_quantized_to_bf16,adapter_merge_quantized_to_bf16_in_memory,051c50ef8c6c6f871a523296f3b054d0dd1cb3c204f81637332097c4236843f2,2720a7e6d0b575fb6ab292825a0bb6fd7ed770b7cc6db54e2875977fa0f144e0
qwen,qwen3_4b,offkd,40,40,18,self_attn.k_proj,32,0.1,262144,1437494,2621440,0.5483604431152344,93028,0.064715400551237,0.6471540055123709,rank32_norm_matched_lowrank_bf16_mask,32,3,0.6431559227848412,0.0025499980433032,0.0039980827275296,bf16_merged_minus_base,adapter_merge_quantized_to_bf16,adapter_merge_quantized_to_bf16_in_memory,051c50ef8c6c6f871a523296f3b054d0dd1cb3c204f81637332097c4236843f2,2720a7e6d0b575fb6ab292825a0bb6fd7ed770b7cc6db54e2875977fa0f144e0
qwen,qwen3_4b,offkd,40,40,18,self_attn.k_proj,50,0.01,26214,1437494,2621440,0.5483604431152344,2776,0.0019311384951867,0.1931167962471346,rank32_norm_matched_lowrank_bf16_mask,32,3,0.18535443836995,0.0021488535995478,0.0077623578771846,bf16_merged_minus_base,adapter_merge_quantized_to_bf16,adapter_merge_quantized_to_bf16_in_memory,051c50ef8c6c6f871a523296f3b054d0dd1cb3c204f81637332097c4236843f2,2720a7e6d0b575fb6ab292825a0bb6fd7ed770b7cc6db54e2875977fa0f144e0
qwen,qwen3_4b,offkd,40,40,18,self_attn.k_proj,50,0.1,262144,1437494,2621440,0.5483604431152344,83376,0.0580009377430444,0.580009377430445,rank32_norm_matched_lowrank_bf16_mask,32,3,0.5832531617544483,0.0008592405989553,-0.0032437843240032,bf16_merged_minus_base,adapter_merge_quantized_to_bf16,adapter_merge_quantized_to_bf16_in_memory,051c50ef8c6c6f871a523296f3b054d0dd1cb3c204f81637332097c4236843f2,2720a7e6d0b575fb6ab292825a0bb6fd7ed770b7cc6db54e2875977fa0f144e0
qwen,qwen3_4b,offkd,80,80,18,self_attn.k_proj,16,0.01,26214,1621146,2621440,0.6184181213378906,7078,0.0043660472283187,0.4366113849928991,rank32_norm_matched_lowrank_bf16_mask,32,3,0.4426426497431595,0.0041939990329616,-0.0060312647502603,bf16_merged_minus_base,adapter_merge_quantized_to_bf16,adapter_merge_quantized_to_bf16_in_memory,051c50ef8c6c6f871a523296f3b054d0dd1cb3c204f81637332097c4236843f2,ac387316874fd85ab2bbbd6460bb2bacc34b89a91f371a33de8bb4109010563c
qwen,qwen3_4b,offkd,80,80,18,self_attn.k_proj,16,0.1,262144,1621146,2621440,0.6184181213378906,122998,0.0758710196367261,0.7587101963672611,rank32_norm_matched_lowrank_bf16_mask,32,3,0.7650526337888713,0.000901637076102,-0.0063424374216102,bf16_merged_minus_base,adapter_merge_quantized_to_bf16,adapter_merge_quantized_to_bf16_in_memory,051c50ef8c6c6f871a523296f3b054d0dd1cb3c204f81637332097c4236843f2,ac387316874fd85ab2bbbd6460bb2bacc34b89a91f371a33de8bb4109010563c
qwen,qwen3_4b,offkd,80,80,18,self_attn.k_proj,32,0.01,26214,1621146,2621440,0.6184181213378906,5155,0.0031798493164711,0.3179897837861535,rank32_norm_matched_lowrank_bf16_mask,32,3,0.324276024018958,0.0019159435631617,-0.0062862402328044,bf16_merged_minus_base,adapter_merge_quantized_to_bf16,adapter_merge_quantized_to_bf16_in_memory,051c50ef8c6c6f871a523296f3b054d0dd1cb3c204f81637332097c4236843f2,ac387316874fd85ab2bbbd6460bb2bacc34b89a91f371a33de8bb4109010563c
qwen,qwen3_4b,offkd,80,80,18,self_attn.k_proj,32,0.1,262144,1621146,2621440,0.6184181213378906,111929,0.0690431336844429,0.6904313368444298,rank32_norm_matched_lowrank_bf16_mask,32,3,0.6978530359074392,0.0006233559790647,-0.0074216990630093,bf16_merged_minus_base,adapter_merge_quantized_to_bf16,adapter_merge_quantized_to_bf16_in_memory,051c50ef8c6c6f871a523296f3b054d0dd1cb3c204f81637332097c4236843f2,ac387316874fd85ab2bbbd6460bb2bacc34b89a91f371a33de8bb4109010563c
qwen,qwen3_4b,offkd,80,80,18,self_attn.k_proj,50,0.01,26214,1621146,2621440,0.6184181213378906,4211,0.0025975451933385,0.2597584829337522,rank32_norm_matched_lowrank_bf16_mask,32,3,0.2643719187216919,0.0013717154059453,-0.0046134357879397,bf16_merged_minus_base,adapter_merge_quantized_to_bf16,adapter_merge_quantized_to_bf16_in_memory,051c50ef8c6c6f871a523296f3b054d0dd1cb3c204f81637332097c4236843f2,ac387316874fd85ab2bbbd6460bb2bacc34b89a91f371a33de8bb4109010563c
qwen,qwen3_4b,offkd,80,80,18,self_attn.k_proj,50,0.1,262144,1621146,2621440,0.6184181213378906,102655,0.0633224891527351,0.6332248915273516,rank32_norm_matched_lowrank_bf16_mask,32,3,0.6452336822687769,0.000164079603743,-0.0120087907414252,bf16_merged_minus_base,adapter_merge_quantized_to_bf16,adapter_merge_quantized_to_bf16_in_memory,051c50ef8c6c6f871a523296f3b054d0dd1cb3c204f81637332097c4236843f2,ac387316874fd85ab2bbbd6460bb2bacc34b89a91f371a33de8bb4109010563c
qwen,qwen3_4b,offkd,160,160,18,self_attn.k_proj,16,0.01,26214,1812768,2621440,0.69151611328125,9078,0.0050078112588042,0.5007887673105869,rank32_norm_matched_lowrank_bf16_mask,32,3,0.5240244675647672,0.0062348242004278,-0.0232357002541803,bf16_merged_minus_base,adapter_merge_quantized_to_bf16,adapter_merge_quantized_to_bf16_in_memory,051c50ef8c6c6f871a523296f3b054d0dd1cb3c204f81637332097c4236843f2,40fac06b44a6f72f2b421668aff5247dd6445b30f4449daced851a0b2e2aaf4f
qwen,qwen3_4b,offkd,160,160,18,self_attn.k_proj,16,0.1,262144,1812768,2621440,0.69151611328125,143987,0.0794293588589383,0.7942935885893838,rank32_norm_matched_lowrank_bf16_mask,32,3,0.8088328389985854,0.0034414684807782,-0.0145392504092015,bf16_merged_minus_base,adapter_merge_quantized_to_bf16,adapter_merge_quantized_to_bf16_in_memory,051c50ef8c6c6f871a523296f3b054d0dd1cb3c204f81637332097c4236843f2,40fac06b44a6f72f2b421668aff5247dd6445b30f4449daced851a0b2e2aaf4f
qwen,qwen3_4b,offkd,160,160,18,self_attn.k_proj,32,0.01,26214,1812768,2621440,0.69151611328125,7227,0.0039867208600328,0.3986781693493733,rank32_norm_matched_lowrank_bf16_mask,32,3,0.4112524170509644,0.0053254698301752,-0.0125742477015911,bf16_merged_minus_base,adapter_merge_quantized_to_bf16,adapter_merge_quantized_to_bf16_in_memory,051c50ef8c6c6f871a523296f3b054d0dd1cb3c204f81637332097c4236843f2,40fac06b44a6f72f2b421668aff5247dd6445b30f4449daced851a0b2e2aaf4f
qwen,qwen3_4b,offkd,160,160,18,self_attn.k_proj,32,0.1,262144,1812768,2621440,0.69151611328125,133919,0.0738754214549241,0.7387542145492418,rank32_norm_matched_lowrank_bf16_mask,32,3,0.753810913784228,0.0023057400485084,-0.0150566992349862,bf16_merged_minus_base,adapter_merge_quantized_to_bf16,adapter_merge_quantized_to_bf16_in_memory,051c50ef8c6c6f871a523296f3b054d0dd1cb3c204f81637332097c4236843f2,40fac06b44a6f72f2b421668aff5247dd6445b30f4449daced851a0b2e2aaf4f
qwen,qwen3_4b,offkd,160,160,18,self_attn.k_proj,50,0.01,26214,1812768,2621440,0.69151611328125,6253,0.0034494209959575,0.3449473630748071,rank32_norm_matched_lowrank_bf16_mask,32,3,0.3522090890464919,0.0047438083838379,-0.0072617259716847,bf16_merged_minus_base,adapter_merge_quantized_to_bf16,adapter_merge_quantized_to_bf16_in_memory,051c50ef8c6c6f871a523296f3b054d0dd1cb3c204f81637332097c4236843f2,40fac06b44a6f72f2b421668aff5247dd6445b30f4449daced851a0b2e2aaf4f
qwen,qwen3_4b,offkd,160,160,18,self_attn.k_proj,50,0.1,262144,1812768,2621440,0.69151611328125,125885,0.0694435250401595,0.6944352504015958,rank32_norm_matched_lowrank_bf16_mask,32,3,0.7118351407606737,0.002640788286778,-0.0173998903590778,bf16_merged_minus_base,adapter_merge_quantized_to_bf16,adapter_merge_quantized_to_bf16_in_memory,051c50ef8c6c6f871a523296f3b054d0dd1cb3c204f81637332097c4236843f2,40fac06b44a6f72f2b421668aff5247dd6445b30f4449daced851a0b2e2aaf4f
qwen,qwen3_4b,offkd,320,320,18,self_attn.k_proj,16,0.01,26214,2007550,2621440,0.7658195495605469,11761,0.005858384598142,0.5858473991360876,rank32_norm_matched_lowrank_bf16_mask,32,3,0.6243688848238629,0.0059215658021102,-0.0385214856877752,bf16_merged_minus_base,adapter_merge_quantized_to_bf16,adapter_merge_quantized_to_bf16_in_memory,051c50ef8c6c6f871a523296f3b054d0dd1cb3c204f81637332097c4236843f2,1eb1fd57c5eeb12f62f4c539924a11392ff56ac6f6d55bf658194e467ea54128
qwen,qwen3_4b,offkd,320,320,18,self_attn.k_proj,16,0.1,262144,2007550,2621440,0.7658195495605469,167960,0.0836641677666807,0.8366416776668077,rank32_norm_matched_lowrank_bf16_mask,32,3,0.8565046017592494,0.002118716189984,-0.0198629240924416,bf16_merged_minus_base,adapter_merge_quantized_to_bf16,adapter_merge_quantized_to_bf16_in_memory,051c50ef8c6c6f871a523296f3b054d0dd1cb3c204f81637332097c4236843f2,1eb1fd57c5eeb12f62f4c539924a11392ff56ac6f6d55bf658194e467ea54128
qwen,qwen3_4b,offkd,320,320,18,self_attn.k_proj,32,0.01,26214,2007550,2621440,0.7658195495605469,10115,0.0050384797389853,0.5038556621257994,rank32_norm_matched_lowrank_bf16_mask,32,3,0.5297114458461237,0.0029093514741951,-0.0258557837203243,bf16_merged_minus_base,adapter_merge_quantized_to_bf16,adapter_merge_quantized_to_bf16_in_memory,051c50ef8c6c6f871a523296f3b054d0dd1cb3c204f81637332097c4236843f2,1eb1fd57c5eeb12f62f4c539924a11392ff56ac6f6d55bf658194e467ea54128
qwen,qwen3_4b,offkd,320,320,18,self_attn.k_proj,32,0.1,262144,2007550,2621440,0.7658195495605469,159825,0.0796119648327563,0.7961196483275634,rank32_norm_matched_lowrank_bf16_mask,32,3,0.8153132206818517,0.0010762517486039,-0.0191935723542883,bf16_merged_minus_base,adapter_merge_quantized_to_bf16,adapter_merge_quantized_to_bf16_in_memory,051c50ef8c6c6f871a523296f3b054d0dd1cb3c204f81637332097c4236843f2,1eb1fd57c5eeb12f62f4c539924a11392ff56ac6f6d55bf658194e467ea54128
qwen,qwen3_4b,offkd,320,320,18,self_attn.k_proj,50,0.01,26214,2007550,2621440,0.7658195495605469,9157,0.0045612811636073,0.4561350764296534,rank32_norm_matched_lowrank_bf16_mask,32,3,0.4835688475808293,0.0017519628526167,-0.0274337711511758,bf16_merged_minus_base,adapter_merge_quantized_to_bf16,adapter_merge_quantized_to_bf16_in_memory,051c50ef8c6c6f871a523296f3b054d0dd1cb3c204f81637332097c4236843f2,1eb1fd57c5eeb12f62f4c539924a11392ff56ac6f6d55bf658194e467ea54128
qwen,qwen3_4b,offkd,320,320,18,self_attn.k_proj,50,0.1,262144,2007550,2621440,0.7658195495605469,152968,0.0761963587457348,0.7619635874573485,rank32_norm_matched_lowrank_bf16_mask,32,3,0.7826060845699327,0.0001326663702272,-0.0206424971125842,bf16_merged_minus_base,adapter_merge_quantized_to_bf16,adapter_merge_quantized_to_bf16_in_memory,051c50ef8c6c6f871a523296f3b054d0dd1cb3c204f81637332097c4236843f2,1eb1fd57c5eeb12f62f4c539924a11392ff56ac6f6d55bf658194e467ea54128
qwen,qwen3_4b,seqkd,5,5,18,self_attn.k_proj,16,0.01,26214,654474,2621440,0.2496620178222656,1333,0.0020367501229995,0.2036781201814263,rank32_norm_matched_lowrank_bf16_mask,32,3,0.1855521841014488,0.0020228571074506,0.0181259360799775,bf16_merged_minus_base,adapter_merge_quantized_to_bf16,adapter_merge_quantized_to_bf16_in_memory,051c50ef8c6c6f871a523296f3b054d0dd1cb3c204f81637332097c4236843f2,c32400b4c20a76a532a5bd669adda010a6f58b98f095d63cf612e0b2828c6141
qwen,qwen3_4b,seqkd,5,5,18,self_attn.k_proj,16,0.1,262144,654474,2621440,0.2496620178222656,38113,0.0582345517163401,0.5823455171634014,rank32_norm_matched_lowrank_bf16_mask,32,3,0.5606580115610916,0.0027867458184453,0.0216875056023098,bf16_merged_minus_base,adapter_merge_quantized_to_bf16,adapter_merge_quantized_to_bf16_in_memory,051c50ef8c6c6f871a523296f3b054d0dd1cb3c204f81637332097c4236843f2,c32400b4c20a76a532a5bd669adda010a6f58b98f095d63cf612e0b2828c6141
qwen,qwen3_4b,seqkd,5,5,18,self_attn.k_proj,32,0.01,26214,654474,2621440,0.2496620178222656,601,0.0009182946916149,0.0918308703893752,rank32_norm_matched_lowrank_bf16_mask,32,3,0.0862558951928169,0.0028311100745757,0.0055749751965583,bf16_merged_minus_base,adapter_merge_quantized_to_bf16,adapter_merge_quantized_to_bf16_in_memory,051c50ef8c6c6f871a523296f3b054d0dd1cb3c204f81637332097c4236843f2,c32400b4c20a76a532a5bd669adda010a6f58b98f095d63cf612e0b2828c6141
qwen,qwen3_4b,seqkd,5,5,18,self_attn.k_proj,32,0.1,262144,654474,2621440,0.2496620178222656,30734,0.0469598486723689,0.4695984867236895,rank32_norm_matched_lowrank_bf16_mask,32,3,0.4528313366306138,0.0035915529166578,0.0167671500930756,bf16_merged_minus_base,adapter_merge_quantized_to_bf16,adapter_merge_quantized_to_bf16_in_memory,051c50ef8c6c6f871a523296f3b054d0dd1cb3c204f81637332097c4236843f2,c32400b4c20a76a532a5bd669adda010a6f58b98f095d63cf612e0b2828c6141
qwen,qwen3_4b,seqkd,5,5,18,self_attn.k_proj,50,0.01,26214,654474,2621440,0.2496620178222656,314,0.0004797745976157,0.0479781918506885,rank32_norm_matched_lowrank_bf16_mask,32,3,0.0450873822982857,0.0019100590881459,0.0028908095524028,bf16_merged_minus_base,adapter_merge_quantized_to_bf16,adapter_merge_quantized_to_bf16_in_memory,051c50ef8c6c6f871a523296f3b054d0dd1cb3c204f81637332097c4236843f2,c32400b4c20a76a532a5bd669adda010a6f58b98f095d63cf612e0b2828c6141
qwen,qwen3_4b,seqkd,5,5,18,self_attn.k_proj,50,0.1,262144,654474,2621440,0.2496620178222656,25016,0.0382230615731106,0.3822306157311061,rank32_norm_matched_lowrank_bf16_mask,32,3,0.3649460075303634,0.0029499286992257,0.0172846082007427,bf16_merged_minus_base,adapter_merge_quantized_to_bf16,adapter_merge_quantized_to_bf16_in_memory,051c50ef8c6c6f871a523296f3b054d0dd1cb3c204f81637332097c4236843f2,c32400b4c20a76a532a5bd669adda010a6f58b98f095d63cf612e0b2828c6141
qwen,qwen3_4b,seqkd,20,20,18,self_attn.k_proj,16,0.01,26214,1224422,2621440,0.4670799255371093,4047,0.0033052329997337,0.3305283434356468,rank32_norm_matched_lowrank_bf16_mask,32,3,0.3052398606152877,0.0014605106623163,0.0252884828203591,bf16_merged_minus_base,adapter_merge_quantized_to_bf16,adapter_merge_quantized_to_bf16_in_memory,051c50ef8c6c6f871a523296f3b054d0dd1cb3c204f81637332097c4236843f2,f68860e93e22a0ba9ab9922a99e5b9e9795bc2daabba01ea228f5405c4c1cb68
qwen,qwen3_4b,seqkd,20,20,18,self_attn.k_proj,16,0.1,262144,1224422,2621440,0.4670799255371093,85755,0.0700371277223048,0.7003712772230489,rank32_norm_matched_lowrank_bf16_mask,32,3,0.6795766666305564,0.0019920919348546,0.0207946105924925,bf16_merged_minus_base,adapter_merge_quantized_to_bf16,adapter_merge_quantized_to_bf16_in_memory,051c50ef8c6c6f871a523296f3b054d0dd1cb3c204f81637332097c4236843f2,f68860e93e22a0ba9ab9922a99e5b9e9795bc2daabba01ea228f5405c4c1cb68
qwen,qwen3_4b,seqkd,20,20,18,self_attn.k_proj,32,0.01,26214,1224422,2621440,0.4670799255371093,2359,0.0019266233373787,0.1926652735766471,rank32_norm_matched_lowrank_bf16_mask,32,3,0.1835553740909681,0.0020843528752498,0.009109899485679,bf16_merged_minus_base,adapter_merge_quantized_to_bf16,adapter_merge_quantized_to_bf16_in_memory,051c50ef8c6c6f871a523296f3b054d0dd1cb3c204f81637332097c4236843f2,f68860e93e22a0ba9ab9922a99e5b9e9795bc2daabba01ea228f5405c4c1cb68
qwen,qwen3_4b,seqkd,20,20,18,self_attn.k_proj,32,0.1,262144,1224422,2621440,0.4670799255371093,73829,0.0602970217784391,0.6029702177843913,rank32_norm_matched_lowrank_bf16_mask,32,3,0.5886059992123164,0.0012610874491873,0.0143642185720749,bf16_merged_minus_base,adapter_merge_quantized_to_bf16,adapter_merge_quantized_to_bf16_in_memory,051c50ef8c6c6f871a523296f3b054d0dd1cb3c204f81637332097c4236843f2,f68860e93e22a0ba9ab9922a99e5b9e9795bc2daabba01ea228f5405c4c1cb68
qwen,qwen3_4b,seqkd,20,20,18,self_attn.k_proj,50,0.01,26214,1224422,2621440,0.4670799255371093,1658,0.0013541083057965,0.1354128968164819,rank32_norm_matched_lowrank_bf16_mask,32,3,0.1241118412927578,0.0026448262957552,0.011301055523724,bf16_merged_minus_base,adapter_merge_quantized_to_bf16,adapter_merge_quantized_to_bf16_in_memory,051c50ef8c6c6f871a523296f3b054d0dd1cb3c204f81637332097c4236843f2,f68860e93e22a0ba9ab9922a99e5b9e9795bc2daabba01ea228f5405c4c1cb68
qwen,qwen3_4b,seqkd,20,20,18,self_attn.k_proj,50,0.1,262144,1224422,2621440,0.4670799255371093,64398,0.0525946119883504,0.5259461198835043,rank32_norm_matched_lowrank_bf16_mask,32,3,0.5189587889326975,0.0015462732050909,0.0069873309508067,bf16_merged_minus_base,adapter_merge_quantized_to_bf16,adapter_merge_quantized_to_bf16_in_memory,051c50ef8c6c6f871a523296f3b054d0dd1cb3c204f81637332097c4236843f2,f68860e93e22a0ba9ab9922a99e5b9e9795bc2daabba01ea228f5405c4c1cb68
qwen,qwen3_4b,seqkd,40,40,18,self_attn.k_proj,16,0.01,26214,1437364,2621440,0.5483108520507812,5471,0.0038062731500162,0.380633123002162,rank32_norm_matched_lowrank_bf16_mask,32,3,0.373497885522609,0.0002695061253787,0.007135237479553,bf16_merged_minus_base,adapter_merge_quantized_to_bf16,adapter_merge_quantized_to_bf16_in_memory,051c50ef8c6c6f871a523296f3b054d0dd1cb3c204f81637332097c4236843f2,6e224c5f123c1611882f8cc6df86ba9cd986f52473e9cda7b5924fd0b4a8362a
qwen,qwen3_4b,seqkd,40,40,18,self_attn.k_proj,16,0.1,262144,1437364,2621440,0.5483108520507812,105195,0.0731860544719361,0.7318605447193614,rank32_norm_matched_lowrank_bf16_mask,32,3,0.7253876434686428,0.001763733806458,0.0064729012507185,bf16_merged_minus_base,adapter_merge_quantized_to_bf16,adapter_merge_quantized_to_bf16_in_memory,051c50ef8c6c6f871a523296f3b054d0dd1cb3c204f81637332097c4236843f2,6e224c5f123c1611882f8cc6df86ba9cd986f52473e9cda7b5924fd0b4a8362a
qwen,qwen3_4b,seqkd,40,40,18,self_attn.k_proj,32,0.01,26214,1437364,2621440,0.5483108520507812,3623,0.0025205862954686,0.2520624757150124,rank32_norm_matched_lowrank_bf16_mask,32,3,0.2525089997347905,0.0007554447695025,-0.000446524019778,bf16_merged_minus_base,adapter_merge_quantized_to_bf16,adapter_merge_quantized_to_bf16_in_memory,051c50ef8c6c6f871a523296f3b054d0dd1cb3c204f81637332097c4236843f2,6e224c5f123c1611882f8cc6df86ba9cd986f52473e9cda7b5924fd0b4a8362a
qwen,qwen3_4b,seqkd,40,40,18,self_attn.k_proj,32,0.1,262144,1437364,2621440,0.5483108520507812,93329,0.0649306647446297,0.6493066474462975,rank32_norm_matched_lowrank_bf16_mask,32,3,0.645649770497513,0.0018642954796974,0.0036568769487844,bf16_merged_minus_base,adapter_merge_quantized_to_bf16,adapter_merge_quantized_to_bf16_in_memory,051c50ef8c6c6f871a523296f3b054d0dd1cb3c204f81637332097c4236843f2,6e224c5f123c1611882f8cc6df86ba9cd986f52473e9cda7b5924fd0b4a8362a
qwen,qwen3_4b,seqkd,40,40,18,self_attn.k_proj,50,0.01,26214,1437364,2621440,0.5483108520507812,2783,0.0019361831797651,0.1936212724026717,rank32_norm_matched_lowrank_bf16_mask,32,3,0.1917374224998557,0.0010049542650604,0.001883849902816,bf16_merged_minus_base,adapter_merge_quantized_to_bf16,adapter_merge_quantized_to_bf16_in_memory,051c50ef8c6c6f871a523296f3b054d0dd1cb3c204f81637332097c4236843f2,6e224c5f123c1611882f8cc6df86ba9cd986f52473e9cda7b5924fd0b4a8362a
qwen,qwen3_4b,seqkd,40,40,18,self_attn.k_proj,50,0.1,262144,1437364,2621440,0.5483108520507812,83707,0.0582364661978455,0.582364661978455,rank32_norm_matched_lowrank_bf16_mask,32,3,0.5845975168697161,0.001196404515086,-0.002232854891261,bf16_merged_minus_base,adapter_merge_quantized_to_bf16,adapter_merge_quantized_to_bf16_in_memory,051c50ef8c6c6f871a523296f3b054d0dd1cb3c204f81637332097c4236843f2,6e224c5f123c1611882f8cc6df86ba9cd986f52473e9cda7b5924fd0b4a8362a
qwen,qwen3_4b,seqkd,80,80,18,self_attn.k_proj,16,0.01,26214,1617590,2621440,0.6170616149902344,7087,0.0043812090826476,0.4381275935612969,rank32_norm_matched_lowrank_bf16_mask,32,3,0.4450474379302205,0.0063602197070786,-0.0069198443689236,bf16_merged_minus_base,adapter_merge_quantized_to_bf16,adapter_merge_quantized_to_bf16_in_memory,051c50ef8c6c6f871a523296f3b054d0dd1cb3c204f81637332097c4236843f2,128667706d0cf8d778ab7309fc7a1c21713d1cd185dca29054cc6a71761ed846
qwen,qwen3_4b,seqkd,80,80,18,self_attn.k_proj,16,0.1,262144,1617590,2621440,0.6170616149902344,123503,0.0763500021637126,0.7635000216371268,rank32_norm_matched_lowrank_bf16_mask,32,3,0.765840872474489,0.0013219126625962,-0.0023408508373621,bf16_merged_minus_base,adapter_merge_quantized_to_bf16,adapter_merge_quantized_to_bf16_in_memory,051c50ef8c6c6f871a523296f3b054d0dd1cb3c204f81637332097c4236843f2,128667706d0cf8d778ab7309fc7a1c21713d1cd185dca29054cc6a71761ed846
qwen,qwen3_4b,seqkd,80,80,18,self_attn.k_proj,32,0.01,26214,1617590,2621440,0.6170616149902344,5224,0.0032294957313039,0.3229545010250056,rank32_norm_matched_lowrank_bf16_mask,32,3,0.3241220040596084,0.0056818448061313,-0.0011675030346027,bf16_merged_minus_base,adapter_merge_quantized_to_bf16,adapter_merge_quantized_to_bf16_in_memory,051c50ef8c6c6f871a523296f3b054d0dd1cb3c204f81637332097c4236843f2,128667706d0cf8d778ab7309fc7a1c21713d1cd185dca29054cc6a71761ed846
qwen,qwen3_4b,seqkd,80,80,18,self_attn.k_proj,32,0.1,262144,1617590,2621440,0.6170616149902344,112291,0.0694187031324377,0.6941870313243776,rank32_norm_matched_lowrank_bf16_mask,32,3,0.6968588288706883,0.0008157147641761,-0.0026717975463106,bf16_merged_minus_base,adapter_merge_quantized_to_bf16,adapter_merge_quantized_to_bf16_in_memory,051c50ef8c6c6f871a523296f3b054d0dd1cb3c204f81637332097c4236843f2,128667706d0cf8d778ab7309fc7a1c21713d1cd185dca29054cc6a71761ed846
qwen,qwen3_4b,seqkd,80,80,18,self_attn.k_proj,50,0.01,26214,1617590,2621440,0.6170616149902344,4241,0.0026218015690007,0.2621841575128347,rank32_norm_matched_lowrank_bf16_mask,32,3,0.2646305164591903,0.0051621986829747,-0.0024463589463555,bf16_merged_minus_base,adapter_merge_quantized_to_bf16,adapter_merge_quantized_to_bf16_in_memory,051c50ef8c6c6f871a523296f3b054d0dd1cb3c204f81637332097c4236843f2,128667706d0cf8d778ab7309fc7a1c21713d1cd185dca29054cc6a71761ed846
qwen,qwen3_4b,seqkd,80,80,18,self_attn.k_proj,50,0.1,262144,1617590,2621440,0.6170616149902344,103050,0.0637058834438887,0.6370588344388874,rank32_norm_matched_lowrank_bf16_mask,32,3,0.6440784659866448,0.0009771091415428,-0.0070196315477573,bf16_merged_minus_base,adapter_merge_quantized_to_bf16,adapter_merge_quantized_to_bf16_in_memory,051c50ef8c6c6f871a523296f3b054d0dd1cb3c204f81637332097c4236843f2,128667706d0cf8d778ab7309fc7a1c21713d1cd185dca29054cc6a71761ed846
qwen,qwen3_4b,seqkd,160,160,18,self_attn.k_proj,16,0.01,26214,1800017,2621440,0.6866519927978516,8936,0.0049643975584675,0.4964473310318552,rank32_norm_matched_lowrank_bf16_mask,32,3,0.5218694283042938,0.0019597574497085,-0.0254220972724386,bf16_merged_minus_base,adapter_merge_quantized_to_bf16,adapter_merge_quantized_to_bf16_in_memory,051c50ef8c6c6f871a523296f3b054d0dd1cb3c204f81637332097c4236843f2,2247b2344c6a1088f1de7afa5b5a2cf79439e2c23303924f12ffe5d6f0d79bee
qwen,qwen3_4b,seqkd,160,160,18,self_attn.k_proj,16,0.1,262144,1800017,2621440,0.6866519927978516,142665,0.0792575847894769,0.7925758478947699,rank32_norm_matched_lowrank_bf16_mask,32,3,0.8053088530509213,0.0031244620721816,-0.0127330051561513,bf16_merged_minus_base,adapter_merge_quantized_to_bf16,adapter_merge_quantized_to_bf16_in_memory,051c50ef8c6c6f871a523296f3b054d0dd1cb3c204f81637332097c4236843f2,2247b2344c6a1088f1de7afa5b5a2cf79439e2c23303924f12ffe5d6f0d79bee
qwen,qwen3_4b,seqkd,160,160,18,self_attn.k_proj,32,0.01,26214,1800017,2621440,0.6866519927978516,7071,0.0039282962327578,0.3928356174716034,rank32_norm_matched_lowrank_bf16_mask,32,3,0.4089449076153857,0.0031689781715604,-0.0161092901437823,bf16_merged_minus_base,adapter_merge_quantized_to_bf16,adapter_merge_quantized_to_bf16_in_memory,051c50ef8c6c6f871a523296f3b054d0dd1cb3c204f81637332097c4236843f2,2247b2344c6a1088f1de7afa5b5a2cf79439e2c23303924f12ffe5d6f0d79bee
qwen,qwen3_4b,seqkd,160,160,18,self_attn.k_proj,32,0.1,262144,1800017,2621440,0.6866519927978516,132728,0.0737370813720092,0.7373708137200926,rank32_norm_matched_lowrank_bf16_mask,32,3,0.7498389088287934,0.0031941849711708,-0.0124680951087008,bf16_merged_minus_base,adapter_merge_quantized_to_bf16,adapter_merge_quantized_to_bf16_in_memory,051c50ef8c6c6f871a523296f3b054d0dd1cb3c204f81637332097c4236843f2,2247b2344c6a1088f1de7afa5b5a2cf79439e2c23303924f12ffe5d6f0d79bee
qwen,qwen3_4b,seqkd,160,160,18,self_attn.k_proj,50,0.01,26214,1800017,2621440,0.6866519927978516,6095,0.0033860791314748,0.338613079973048,rank32_norm_matched_lowrank_bf16_mask,32,3,0.3504763902219907,0.0045580974297142,-0.0118633102489427,bf16_merged_minus_base,adapter_merge_quantized_to_bf16,adapter_merge_quantized_to_bf16_in_memory,051c50ef8c6c6f871a523296f3b054d0dd1cb3c204f81637332097c4236843f2,2247b2344c6a1088f1de7afa5b5a2cf79439e2c23303924f12ffe5d6f0d79bee
qwen,qwen3_4b,seqkd,160,160,18,self_attn.k_proj,50,0.1,262144,1800017,2621440,0.6866519927978516,124477,0.0691532357749954,0.6915323577499546,rank32_norm_matched_lowrank_bf16_mask,32,3,0.7069968736685825,0.0031412833173423,-0.0154645159186279,bf16_merged_minus_base,adapter_merge_quantized_to_bf16,adapter_merge_quantized_to_bf16_in_memory,051c50ef8c6c6f871a523296f3b054d0dd1cb3c204f81637332097c4236843f2,2247b2344c6a1088f1de7afa5b5a2cf79439e2c23303924f12ffe5d6f0d79bee
qwen,qwen3_4b,seqkd,320,320,18,self_attn.k_proj,16,0.01,26214,1986660,2621440,0.7578506469726562,11497,0.0057870999567112,0.5787188262196222,rank32_norm_matched_lowrank_bf16_mask,32,3,0.6152191369316394,0.0032558263609812,-0.0365003107120172,bf16_merged_minus_base,adapter_merge_quantized_to_bf16,adapter_merge_quantized_to_bf16_in_memory,051c50ef8c6c6f871a523296f3b054d0dd1cb3c204f81637332097c4236843f2,db7805a27b15e3834f9d74a5fa6a8077c9bbeccbde95efeda6433e73087ea7fe
qwen,qwen3_4b,seqkd,320,320,18,self_attn.k_proj,16,0.1,262144,1986660,2621440,0.7578506469726562,165189,0.0831491045271964,0.831491045271964,rank32_norm_matched_lowrank_bf16_mask,32,3,0.8520832049935088,0.0002847106294576,-0.0205921597215447,bf16_merged_minus_base,adapter_merge_quantized_to_bf16,adapter_merge_quantized_to_bf16_in_memory,051c50ef8c6c6f871a523296f3b054d0dd1cb3c204f81637332097c4236843f2,db7805a27b15e3834f9d74a5fa6a8077c9bbeccbde95efeda6433e73087ea7fe
qwen,qwen3_4b,seqkd,320,320,18,self_attn.k_proj,32,0.01,26214,1986660,2621440,0.7578506469726562,9732,0.0048986741566246,0.4898748905600907,rank32_norm_matched_lowrank_bf16_mask,32,3,0.5222765427989714,0.002869435186334,-0.0324016522388806,bf16_merged_minus_base,adapter_merge_quantized_to_bf16,adapter_merge_quantized_to_bf16_in_memory,051c50ef8c6c6f871a523296f3b054d0dd1cb3c204f81637332097c4236843f2,db7805a27b15e3834f9d74a5fa6a8077c9bbeccbde95efeda6433e73087ea7fe
qwen,qwen3_4b,seqkd,320,320,18,self_attn.k_proj,32,0.1,262144,1986660,2621440,0.7578506469726562,156630,0.0788408685935187,0.7884086859351876,rank32_norm_matched_lowrank_bf16_mask,32,3,0.8083479831952315,0.0004994456247707,-0.0199392972600438,bf16_merged_minus_base,adapter_merge_quantized_to_bf16,adapter_merge_quantized_to_bf16_in_memory,051c50ef8c6c6f871a523296f3b054d0dd1cb3c204f81637332097c4236843f2,db7805a27b15e3834f9d74a5fa6a8077c9bbeccbde95efeda6433e73087ea7fe
qwen,qwen3_4b,seqkd,320,320,18,self_attn.k_proj,50,0.01,26214,1986660,2621440,0.7578506469726562,8715,0.004386759687113,0.4386826624775165,rank32_norm_matched_lowrank_bf16_mask,32,3,0.4686673813695614,0.0017102768503895,-0.0299847188920448,bf16_merged_minus_base,adapter_merge_quantized_to_bf16,adapter_merge_quantized_to_bf16_in_memory,051c50ef8c6c6f871a523296f3b054d0dd1cb3c204f81637332097c4236843f2,db7805a27b15e3834f9d74a5fa6a8077c9bbeccbde95efeda6433e73087ea7fe
qwen,qwen3_4b,seqkd,320,320,18,self_attn.k_proj,50,0.1,262144,1986660,2621440,0.7578506469726562,149476,0.0752398497981536,0.7523984979815368,rank32_norm_matched_lowrank_bf16_mask,32,3,0.7752950684473979,0.001132379296922,-0.0228965704658611,bf16_merged_minus_base,adapter_merge_quantized_to_bf16,adapter_merge_quantized_to_bf16_in_memory,051c50ef8c6c6f871a523296f3b054d0dd1cb3c204f81637332097c4236843f2,db7805a27b15e3834f9d74a5fa6a8077c9bbeccbde95efeda6433e73087ea7fe
qwen,qwen3_4b,opd,5,5,18,self_attn.v_proj,16,0.01,26214,587630,2621440,0.2241630554199218,2343,0.0039872028317138,0.3987263672529149,rank32_norm_matched_lowrank_bf16_mask,32,3,0.3906869557013512,0.0024999811761226,0.0080394115515636,bf16_merged_minus_base,saved_merged_bf16,saved_merged_bf16,f9ebf1cb3715b509594cee9662c45e4d6591f8ab67a1394aaa8b1b02fa52b465,845a703a07ff2f0513d064e19aad064e27e8727fceb75a0661237e947d05722f
qwen,qwen3_4b,opd,5,5,18,self_attn.v_proj,16,0.1,262144,587630,2621440,0.2241630554199218,47947,0.0815938600820244,0.815938600820244,rank32_norm_matched_lowrank_bf16_mask,32,3,0.8046949288663218,0.0021951737706394,0.0112436719539222,bf16_merged_minus_base,saved_merged_bf16,saved_merged_bf16,f9ebf1cb3715b509594cee9662c45e4d6591f8ab67a1394aaa8b1b02fa52b465,845a703a07ff2f0513d064e19aad064e27e8727fceb75a0661237e947d05722f
qwen,qwen3_4b,opd,5,5,18,self_attn.v_proj,32,0.01,26214,587630,2621440,0.2241630554199218,1622,0.0027602402872555,0.2760282405822569,rank32_norm_matched_lowrank_bf16_mask,32,3,0.272819278497505,0.0025456065143555,0.0032089620847519,bf16_merged_minus_base,saved_merged_bf16,saved_merged_bf16,f9ebf1cb3715b509594cee9662c45e4d6591f8ab67a1394aaa8b1b02fa52b465,845a703a07ff2f0513d064e19aad064e27e8727fceb75a0661237e947d05722f
qwen,qwen3_4b,opd,5,5,18,self_attn.v_proj,32,0.1,262144,587630,2621440,0.2241630554199218,42083,0.0716147916205775,0.7161479162057758,rank32_norm_matched_lowrank_bf16_mask,32,3,0.7039473717944777,0.0017848945934727,0.012200544411298,bf16_merged_minus_base,saved_merged_bf16,saved_merged_bf16,f9ebf1cb3715b509594cee9662c45e4d6591f8ab67a1394aaa8b1b02fa52b465,845a703a07ff2f0513d064e19aad064e27e8727fceb75a0661237e947d05722f
qwen,qwen3_4b,opd,5,5,18,self_attn.v_proj,50,0.01,26214,587630,2621440,0.2241630554199218,1181,0.0020097680513248,0.2009798718419515,rank32_norm_matched_lowrank_bf16_mask,32,3,0.1889541608121376,0.0035317481977113,0.0120257110298138,bf16_merged_minus_base,saved_merged_bf16,saved_merged_bf16,f9ebf1cb3715b509594cee9662c45e4d6591f8ab67a1394aaa8b1b02fa52b465,845a703a07ff2f0513d064e19aad064e27e8727fceb75a0661237e947d05722f
qwen,qwen3_4b,opd,5,5,18,self_attn.v_proj,50,0.1,262144,587630,2621440,0.2241630554199218,36679,0.0624185286659973,0.6241852866599731,rank32_norm_matched_lowrank_bf16_mask,32,3,0.6130994402168778,0.0012936076945102,0.0110858464430952,bf16_merged_minus_base,saved_merged_bf16,saved_merged_bf16,f9ebf1cb3715b509594cee9662c45e4d6591f8ab67a1394aaa8b1b02fa52b465,845a703a07ff2f0513d064e19aad064e27e8727fceb75a0661237e947d05722f
qwen,qwen3_4b,opd,20,20,18,self_attn.v_proj,16,0.01,26214,1270026,2621440,0.4844764709472656,6931,0.0054573685893044,0.5457451863411273,rank32_norm_matched_lowrank_bf16_mask,32,3,0.5880603252725555,0.0069463234721142,-0.0423151389314281,bf16_merged_minus_base,saved_merged_bf16,saved_merged_bf16,f9ebf1cb3715b509594cee9662c45e4d6591f8ab67a1394aaa8b1b02fa52b465,e151282201b949ab244ef3ce2cde1d072ab4f55227b0b44aa7a175570c856fd7
qwen,qwen3_4b,opd,20,20,18,self_attn.v_proj,16,0.1,262144,1270026,2621440,0.4844764709472656,111267,0.0876100174327139,0.8761001743271397,rank32_norm_matched_lowrank_bf16_mask,32,3,0.8900821164011218,0.004393739446063,-0.013981942073982,bf16_merged_minus_base,saved_merged_bf16,saved_merged_bf16,f9ebf1cb3715b509594cee9662c45e4d6591f8ab67a1394aaa8b1b02fa52b465,e151282201b949ab244ef3ce2cde1d072ab4f55227b0b44aa7a175570c856fd7
qwen,qwen3_4b,opd,20,20,18,self_attn.v_proj,32,0.01,26214,1270026,2621440,0.4844764709472656,5568,0.0043841622140019,0.438422911202914,rank32_norm_matched_lowrank_bf16_mask,32,3,0.4810489628357807,0.0039968429957305,-0.0426260516328667,bf16_merged_minus_base,saved_merged_bf16,saved_merged_bf16,f9ebf1cb3715b509594cee9662c45e4d6591f8ab67a1394aaa8b1b02fa52b465,e151282201b949ab244ef3ce2cde1d072ab4f55227b0b44aa7a175570c856fd7
qwen,qwen3_4b,opd,20,20,18,self_attn.v_proj,32,0.1,262144,1270026,2621440,0.4844764709472656,102811,0.0809518860243806,0.809518860243806,rank32_norm_matched_lowrank_bf16_mask,32,3,0.8248333938459965,0.0023985586082364,-0.0153145336021904,bf16_merged_minus_base,saved_merged_bf16,saved_merged_bf16,f9ebf1cb3715b509594cee9662c45e4d6591f8ab67a1394aaa8b1b02fa52b465,e151282201b949ab244ef3ce2cde1d072ab4f55227b0b44aa7a175570c856fd7
qwen,qwen3_4b,opd,20,20,18,self_attn.v_proj,50,0.01,26214,1270026,2621440,0.4844764709472656,4814,0.0037904735808558,0.3790531419775194,rank32_norm_matched_lowrank_bf16_mask,32,3,0.410954084008124,0.0030897798785499,-0.0319009420306046,bf16_merged_minus_base,saved_merged_bf16,saved_merged_bf16,f9ebf1cb3715b509594cee9662c45e4d6591f8ab67a1394aaa8b1b02fa52b465,e151282201b949ab244ef3ce2cde1d072ab4f55227b0b44aa7a175570c856fd7
qwen,qwen3_4b,opd,20,20,18,self_attn.v_proj,50,0.1,262144,1270026,2621440,0.4844764709472656,94738,0.0745953232453508,0.7459532324535088,rank32_norm_matched_lowrank_bf16_mask,32,3,0.7647070848152918,0.0018918003597717,-0.018753852361783,bf16_merged_minus_base,saved_merged_bf16,saved_merged_bf16,f9ebf1cb3715b509594cee9662c45e4d6591f8ab67a1394aaa8b1b02fa52b465,e151282201b949ab244ef3ce2cde1d072ab4f55227b0b44aa7a175570c856fd7
qwen,qwen3_4b,opd,40,40,18,self_attn.v_proj,16,0.01,26214,1453005,2621440,0.5542774200439453,9157,0.0063021118303102,0.6302207994372702,rank32_norm_matched_lowrank_bf16_mask,32,3,0.6638961732353404,0.0081461242117164,-0.0336753737980702,bf16_merged_minus_base,saved_merged_bf16,saved_merged_bf16,f9ebf1cb3715b509594cee9662c45e4d6591f8ab67a1394aaa8b1b02fa52b465,195aec021c6a930247a8cf01b18a82db52e2bf2b9f28c28b9f59e9297c8c4f73
qwen,qwen3_4b,opd,40,40,18,self_attn.v_proj,16,0.1,262144,1453005,2621440,0.5542774200439453,131902,0.0907787653862168,0.9077876538621684,rank32_norm_matched_lowrank_bf16_mask,32,3,0.9107298977165658,0.003073792232644,-0.0029422438543973,bf16_merged_minus_base,saved_merged_bf16,saved_merged_bf16,f9ebf1cb3715b509594cee9662c45e4d6591f8ab67a1394aaa8b1b02fa52b465,195aec021c6a930247a8cf01b18a82db52e2bf2b9f28c28b9f59e9297c8c4f73
qwen,qwen3_4b,opd,40,40,18,self_attn.v_proj,32,0.01,26214,1453005,2621440,0.5542774200439453,7737,0.0053248268244087,0.5324908076057835,rank32_norm_matched_lowrank_bf16_mask,32,3,0.5677370310555861,0.0078414555040689,-0.0352462234498026,bf16_merged_minus_base,saved_merged_bf16,saved_merged_bf16,f9ebf1cb3715b509594cee9662c45e4d6591f8ab67a1394aaa8b1b02fa52b465,195aec021c6a930247a8cf01b18a82db52e2bf2b9f28c28b9f59e9297c8c4f73
qwen,qwen3_4b,opd,40,40,18,self_attn.v_proj,32,0.1,262144,1453005,2621440,0.5542774200439453,123545,0.0850272366578229,0.8502723665782292,rank32_norm_matched_lowrank_bf16_mask,32,3,0.858432403674826,0.0027843176907664,-0.0081600370965967,bf16_merged_minus_base,saved_merged_bf16,saved_merged_bf16,f9ebf1cb3715b509594cee9662c45e4d6591f8ab67a1394aaa8b1b02fa52b465,195aec021c6a930247a8cf01b18a82db52e2bf2b9f28c28b9f59e9297c8c4f73
qwen,qwen3_4b,opd,40,40,18,self_attn.v_proj,50,0.01,26214,1453005,2621440,0.5542774200439453,6926,0.004766673204841,0.4766745939611809,rank32_norm_matched_lowrank_bf16_mask,32,3,0.5036232496367878,0.0067209889270408,-0.0269486556756069,bf16_merged_minus_base,saved_merged_bf16,saved_merged_bf16,f9ebf1cb3715b509594cee9662c45e4d6591f8ab67a1394aaa8b1b02fa52b465,195aec021c6a930247a8cf01b18a82db52e2bf2b9f28c28b9f59e9297c8c4f73
qwen,qwen3_4b,opd,40,40,18,self_attn.v_proj,50,0.1,262144,1453005,2621440,0.5542774200439453,115626,0.0795771521777282,0.7957715217772823,rank32_norm_matched_lowrank_bf16_mask,32,3,0.8070163856130971,0.0014926563715351,-0.0112448638358148,bf16_merged_minus_base,saved_merged_bf16,saved_merged_bf16,f9ebf1cb3715b509594cee9662c45e4d6591f8ab67a1394aaa8b1b02fa52b465,195aec021c6a930247a8cf01b18a82db52e2bf2b9f28c28b9f59e9297c8c4f73
qwen,qwen3_4b,opd,80,80,18,self_attn.v_proj,16,0.01,26214,1522803,2621440,0.5809032440185546,9871,0.0064821253963907,0.6482224307284096,rank32_norm_matched_lowrank_bf16_mask,32,3,0.6939035012020826,0.0047259887178217,-0.0456810704736729,bf16_merged_minus_base,saved_merged_bf16,saved_merged_bf16,f9ebf1cb3715b509594cee9662c45e4d6591f8ab67a1394aaa8b1b02fa52b465,15df83d06cd9f080335dd190ee9dd8394bcdc0ea8da963f5bb6c58cfbd39dc30
qwen,qwen3_4b,opd,80,80,18,self_attn.v_proj,16,0.1,262144,1522803,2621440,0.5809032440185546,139615,0.0916829031726362,0.9168290317263624,rank32_norm_matched_lowrank_bf16_mask,32,3,0.9236805716771154,0.0014322396517315,-0.0068515399507528,bf16_merged_minus_base,saved_merged_bf16,saved_merged_bf16,f9ebf1cb3715b509594cee9662c45e4d6591f8ab67a1394aaa8b1b02fa52b465,15df83d06cd9f080335dd190ee9dd8394bcdc0ea8da963f5bb6c58cfbd39dc30
qwen,qwen3_4b,opd,80,80,18,self_attn.v_proj,32,0.01,26214,1522803,2621440,0.5809032440185546,8578,0.0056330332945233,0.5633119249101709,rank32_norm_matched_lowrank_bf16_mask,32,3,0.6023045645734607,0.0047271434806914,-0.0389926396632898,bf16_merged_minus_base,saved_merged_bf16,saved_merged_bf16,f9ebf1cb3715b509594cee9662c45e4d6591f8ab67a1394aaa8b1b02fa52b465,15df83d06cd9f080335dd190ee9dd8394bcdc0ea8da963f5bb6c58cfbd39dc30
qwen,qwen3_4b,opd,80,80,18,self_attn.v_proj,32,0.1,262144,1522803,2621440,0.5809032440185546,131528,0.0863723016043441,0.863723016043441,rank32_norm_matched_lowrank_bf16_mask,32,3,0.8743133109479698,0.0016134993655638,-0.0105902949045287,bf16_merged_minus_base,saved_merged_bf16,saved_merged_bf16,f9ebf1cb3715b509594cee9662c45e4d6591f8ab67a1394aaa8b1b02fa52b465,15df83d06cd9f080335dd190ee9dd8394bcdc0ea8da963f5bb6c58cfbd39dc30
qwen,qwen3_4b,opd,80,80,18,self_attn.v_proj,50,0.01,26214,1522803,2621440,0.5809032440185546,7740,0.0050827323035218,0.5082809861045375,rank32_norm_matched_lowrank_bf16_mask,32,3,0.5400313813513117,0.0051362924156982,-0.0317503952467741,bf16_merged_minus_base,saved_merged_bf16,saved_merged_bf16,f9ebf1cb3715b509594cee9662c45e4d6591f8ab67a1394aaa8b1b02fa52b465,15df83d06cd9f080335dd190ee9dd8394bcdc0ea8da963f5bb6c58cfbd39dc30
qwen,qwen3_4b,opd,80,80,18,self_attn.v_proj,50,0.1,262144,1522803,2621440,0.5809032440185546,123798,0.0812961361384236,0.8129613613842369,rank32_norm_matched_lowrank_bf16_mask,32,3,0.8257958000506797,0.002015701111386,-0.0128344386664427,bf16_merged_minus_base,saved_merged_bf16,saved_merged_bf16,f9ebf1cb3715b509594cee9662c45e4d6591f8ab67a1394aaa8b1b02fa52b465,15df83d06cd9f080335dd190ee9dd8394bcdc0ea8da963f5bb6c58cfbd39dc30
qwen,qwen3_4b,opd,160,160,18,self_attn.v_proj,16,0.01,26214,1617553,2621440,0.6170475006103515,10924,0.0067534108619624,0.6753513912406703,rank32_norm_matched_lowrank_bf16_mask,32,3,0.7110942478864773,0.0073958205299516,-0.035742856645807,bf16_merged_minus_base,saved_merged_bf16,saved_merged_bf16,f9ebf1cb3715b509594cee9662c45e4d6591f8ab67a1394aaa8b1b02fa52b465,7209384cf745dc70e2081213bab11fdcb9a8a5cf3a3394276d372b229a25c001
qwen,qwen3_4b,opd,160,160,18,self_attn.v_proj,16,0.1,262144,1617553,2621440,0.6170475006103515,148744,0.0919561831977066,0.9195618319770666,rank32_norm_matched_lowrank_bf16_mask,32,3,0.9283520667470972,0.0035812750751373,-0.0087902347700304,bf16_merged_minus_base,saved_merged_bf16,saved_merged_bf16,f9ebf1cb3715b509594cee9662c45e4d6591f8ab67a1394aaa8b1b02fa52b465,7209384cf745dc70e2081213bab11fdcb9a8a5cf3a3394276d372b229a25c001
qwen,qwen3_4b,opd,160,160,18,self_attn.v_proj,32,0.01,26214,1617553,2621440,0.6170475006103515,9579,0.0059219079683942,0.5921998330917595,rank32_norm_matched_lowrank_bf16_mask,32,3,0.6304373127294327,0.0114898393170803,-0.0382374796376732,bf16_merged_minus_base,saved_merged_bf16,saved_merged_bf16,f9ebf1cb3715b509594cee9662c45e4d6591f8ab67a1394aaa8b1b02fa52b465,7209384cf745dc70e2081213bab11fdcb9a8a5cf3a3394276d372b229a25c001
qwen,qwen3_4b,opd,160,160,18,self_attn.v_proj,32,0.1,262144,1617553,2621440,0.6170475006103515,141347,0.0873832263919636,0.8738322639196368,rank32_norm_matched_lowrank_bf16_mask,32,3,0.8836006949993275,0.0046464646604193,-0.0097684310796907,bf16_merged_minus_base,saved_merged_bf16,saved_merged_bf16,f9ebf1cb3715b509594cee9662c45e4d6591f8ab67a1394aaa8b1b02fa52b465,7209384cf745dc70e2081213bab11fdcb9a8a5cf3a3394276d372b229a25c001
qwen,qwen3_4b,opd,160,160,18,self_attn.v_proj,50,0.01,26214,1617553,2621440,0.6170475006103515,8773,0.005423624450018,0.5423707209222264,rank32_norm_matched_lowrank_bf16_mask,32,3,0.5743085927410628,0.0105249647019755,-0.0319378718188364,bf16_merged_minus_base,saved_merged_bf16,saved_merged_bf16,f9ebf1cb3715b509594cee9662c45e4d6591f8ab67a1394aaa8b1b02fa52b465,7209384cf745dc70e2081213bab11fdcb9a8a5cf3a3394276d372b229a25c001
qwen,qwen3_4b,opd,160,160,18,self_attn.v_proj,50,0.1,262144,1617553,2621440,0.6170475006103515,133572,0.0825765832711509,0.8257658327115094,rank32_norm_matched_lowrank_bf16_mask,32,3,0.8389131785392698,0.0032181394006253,-0.0131473458277604,bf16_merged_minus_base,saved_merged_bf16,saved_merged_bf16,f9ebf1cb3715b509594cee9662c45e4d6591f8ab67a1394aaa8b1b02fa52b465,7209384cf745dc70e2081213bab11fdcb9a8a5cf3a3394276d372b229a25c001
qwen,qwen3_4b,opd,320,320,18,self_attn.v_proj,16,0.01,26214,1770985,2621440,0.6755771636962891,13106,0.0074004014714975,0.7400514394385598,rank32_norm_matched_lowrank_bf16_mask,32,3,0.7465531883841461,0.0072481662726436,-0.0065017489455863,bf16_merged_minus_base,saved_merged_bf16,saved_merged_bf16,f9ebf1cb3715b509594cee9662c45e4d6591f8ab67a1394aaa8b1b02fa52b465,c0a00e13d8945f5b9a1c6b32be76aa26685cdc7a95c5ac12ff26273ec0f401ce
qwen,qwen3_4b,opd,320,320,18,self_attn.v_proj,16,0.1,262144,1770985,2621440,0.6755771636962891,166035,0.0937529115153431,0.9375291151534316,rank32_norm_matched_lowrank_bf16_mask,32,3,0.9378580420565952,0.0019393179278727,-0.0003289269031635,bf16_merged_minus_base,saved_merged_bf16,saved_merged_bf16,f9ebf1cb3715b509594cee9662c45e4d6591f8ab67a1394aaa8b1b02fa52b465,c0a00e13d8945f5b9a1c6b32be76aa26685cdc7a95c5ac12ff26273ec0f401ce
qwen,qwen3_4b,opd,320,320,18,self_attn.v_proj,32,0.01,26214,1770985,2621440,0.6755771636962891,11801,0.0066635234064658,0.6663625085315462,rank32_norm_matched_lowrank_bf16_mask,32,3,0.6778622831857114,0.0043206522396036,-0.0114997746541651,bf16_merged_minus_base,saved_merged_bf16,saved_merged_bf16,f9ebf1cb3715b509594cee9662c45e4d6591f8ab67a1394aaa8b1b02fa52b465,c0a00e13d8945f5b9a1c6b32be76aa26685cdc7a95c5ac12ff26273ec0f401ce
qwen,qwen3_4b,opd,320,320,18,self_attn.v_proj,32,0.1,262144,1770985,2621440,0.6755771636962891,159095,0.0898341883189298,0.8983418831892986,rank32_norm_matched_lowrank_bf16_mask,32,3,0.8984268021639533,0.0011940324320281,-8.491897465467968e-05,bf16_merged_minus_base,saved_merged_bf16,saved_merged_bf16,f9ebf1cb3715b509594cee9662c45e4d6591f8ab67a1394aaa8b1b02fa52b465,c0a00e13d8945f5b9a1c6b32be76aa26685cdc7a95c5ac12ff26273ec0f401ce
qwen,qwen3_4b,opd,320,320,18,self_attn.v_proj,50,0.01,26214,1770985,2621440,0.6755771636962891,10910,0.0061604135551684,0.6160507557053783,rank32_norm_matched_lowrank_bf16_mask,32,3,0.6257550191020534,0.0041780050265515,-0.0097042633966751,bf16_merged_minus_base,saved_merged_bf16,saved_merged_bf16,f9ebf1cb3715b509594cee9662c45e4d6591f8ab67a1394aaa8b1b02fa52b465,c0a00e13d8945f5b9a1c6b32be76aa26685cdc7a95c5ac12ff26273ec0f401ce
qwen,qwen3_4b,opd,320,320,18,self_attn.v_proj,50,0.1,262144,1770985,2621440,0.6755771636962891,151755,0.0856896021140777,0.8568960211407776,rank32_norm_matched_lowrank_bf16_mask,32,3,0.8615148978008365,0.0007123181778416,-0.0046188766600588,bf16_merged_minus_base,saved_merged_bf16,saved_merged_bf16,f9ebf1cb3715b509594cee9662c45e4d6591f8ab67a1394aaa8b1b02fa52b465,c0a00e13d8945f5b9a1c6b32be76aa26685cdc7a95c5ac12ff26273ec0f401ce
qwen,qwen3_4b,sft,5,5,18,self_attn.v_proj,16,0.01,26214,25167,2621440,0.0096004486083984,78,0.0030992966980569,0.3099343990293159,rank32_norm_matched_lowrank_bf16_mask,32,3,0.4009899415669937,0.0347272983555744,-0.0910555425376777,bf16_merged_minus_base,adapter_merge_quantized_to_bf16,adapter_merge_quantized_to_bf16_in_memory,f9ebf1cb3715b509594cee9662c45e4d6591f8ab67a1394aaa8b1b02fa52b465,3680c0714d83fe31181e3b0a6811696afe561fec14acccf84d0b3b4cf87515f6
qwen,qwen3_4b,sft,5,5,18,self_attn.v_proj,16,0.1,262144,25167,2621440,0.0096004486083984,1853,0.0736281638653792,0.7362816386537927,rank32_norm_matched_lowrank_bf16_mask,32,3,0.7483284337975804,0.0183068652734046,-0.0120467951437877,bf16_merged_minus_base,adapter_merge_quantized_to_bf16,adapter_merge_quantized_to_bf16_in_memory,f9ebf1cb3715b509594cee9662c45e4d6591f8ab67a1394aaa8b1b02fa52b465,3680c0714d83fe31181e3b0a6811696afe561fec14acccf84d0b3b4cf87515f6
qwen,qwen3_4b,sft,5,5,18,self_attn.v_proj,32,0.01,26214,25167,2621440,0.0096004486083984,52,0.0020661977987046,0.2066229326862106,rank32_norm_matched_lowrank_bf16_mask,32,3,0.2697205738225744,0.0252329709863597,-0.0630976411363638,bf16_merged_minus_base,adapter_merge_quantized_to_bf16,adapter_merge_quantized_to_bf16_in_memory,f9ebf1cb3715b509594cee9662c45e4d6591f8ab67a1394aaa8b1b02fa52b465,3680c0714d83fe31181e3b0a6811696afe561fec14acccf84d0b3b4cf87515f6
qwen,qwen3_4b,sft,5,5,18,self_attn.v_proj,32,0.1,262144,25167,2621440,0.0096004486083984,1630,0.0647673540747804,0.6476735407478047,rank32_norm_matched_lowrank_bf16_mask,32,3,0.641072657821011,0.01641388698933,0.0066008829267937,bf16_merged_minus_base,adapter_merge_quantized_to_bf16,adapter_merge_quantized_to_bf16_in_memory,f9ebf1cb3715b509594cee9662c45e4d6591f8ab67a1394aaa8b1b02fa52b465,3680c0714d83fe31181e3b0a6811696afe561fec14acccf84d0b3b4cf87515f6
qwen,qwen3_4b,sft,5,5,18,self_attn.v_proj,50,0.01,26214,25167,2621440,0.0096004486083984,32,0.0012715063376644,0.127152573960745,rank32_norm_matched_lowrank_bf16_mask,32,3,0.1166381212623036,0.0093189933898948,0.0105144526984413,bf16_merged_minus_base,adapter_merge_quantized_to_bf16,adapter_merge_quantized_to_bf16_in_memory,f9ebf1cb3715b509594cee9662c45e4d6591f8ab67a1394aaa8b1b02fa52b465,3680c0714d83fe31181e3b0a6811696afe561fec14acccf84d0b3b4cf87515f6
qwen,qwen3_4b,sft,5,5,18,self_attn.v_proj,50,0.1,262144,25167,2621440,0.0096004486083984,1403,0.0557476059919736,0.5574760599197363,rank32_norm_matched_lowrank_bf16_mask,32,3,0.57903232319299,0.0248662117770227,-0.0215562632732537,bf16_merged_minus_base,adapter_merge_quantized_to_bf16,adapter_merge_quantized_to_bf16_in_memory,f9ebf1cb3715b509594cee9662c45e4d6591f8ab67a1394aaa8b1b02fa52b465,3680c0714d83fe31181e3b0a6811696afe561fec14acccf84d0b3b4cf87515f6
qwen,qwen3_4b,sft,20,20,18,self_attn.v_proj,16,0.01,26214,384421,2621440,0.1466449737548828,1418,0.0036886642509124,0.3688720536320985,rank32_norm_matched_lowrank_bf16_mask,32,3,0.3649314936235,0.009962944018079,0.0039405600085984,bf16_merged_minus_base,adapter_merge_quantized_to_bf16,adapter_merge_quantized_to_bf16_in_memory,f9ebf1cb3715b509594cee9662c45e4d6591f8ab67a1394aaa8b1b02fa52b465,75e22e1338116e2673f433e378e231973956b3908183f9d0fa44388acbe4f052
qwen,qwen3_4b,sft,20,20,18,self_attn.v_proj,16,0.1,262144,384421,2621440,0.1466449737548828,29958,0.0779301859159619,0.7793018591596192,rank32_norm_matched_lowrank_bf16_mask,32,3,0.7846390845641094,0.0050079245549937,-0.0053372254044901,bf16_merged_minus_base,adapter_merge_quantized_to_bf16,adapter_merge_quantized_to_bf16_in_memory,f9ebf1cb3715b509594cee9662c45e4d6591f8ab67a1394aaa8b1b02fa52b465,75e22e1338116e2673f433e378e231973956b3908183f9d0fa44388acbe4f052
qwen,qwen3_4b,sft,20,20,18,self_attn.v_proj,32,0.01,26214,384421,2621440,0.1466449737548828,965,0.0025102686897958,0.2510306994040727,rank32_norm_matched_lowrank_bf16_mask,32,3,0.2443914259716906,0.003493764428679,0.006639273432382,bf16_merged_minus_base,adapter_merge_quantized_to_bf16,adapter_merge_quantized_to_bf16_in_memory,f9ebf1cb3715b509594cee9662c45e4d6591f8ab67a1394aaa8b1b02fa52b465,75e22e1338116e2673f433e378e231973956b3908183f9d0fa44388acbe4f052
qwen,qwen3_4b,sft,20,20,18,self_attn.v_proj,32,0.1,262144,384421,2621440,0.1466449737548828,26195,0.0681414386831104,0.6814143868311044,rank32_norm_matched_lowrank_bf16_mask,32,3,0.6828755848320891,0.0011669999533074,-0.0014611980009846,bf16_merged_minus_base,adapter_merge_quantized_to_bf16,adapter_merge_quantized_to_bf16_in_memory,f9ebf1cb3715b509594cee9662c45e4d6591f8ab67a1394aaa8b1b02fa52b465,75e22e1338116e2673f433e378e231973956b3908183f9d0fa44388acbe4f052
qwen,qwen3_4b,sft,20,20,18,self_attn.v_proj,50,0.01,26214,384421,2621440,0.1466449737548828,688,0.0017897045166627,0.1789731825803129,rank32_norm_matched_lowrank_bf16_mask,32,3,0.166470784171266,0.001885361139078,0.0125023984090469,bf16_merged_minus_base,adapter_merge_quantized_to_bf16,adapter_merge_quantized_to_bf16_in_memory,f9ebf1cb3715b509594cee9662c45e4d6591f8ab67a1394aaa8b1b02fa52b465,75e22e1338116e2673f433e378e231973956b3908183f9d0fa44388acbe4f052
qwen,qwen3_4b,sft,20,20,18,self_attn.v_proj,50,0.1,262144,384421,2621440,0.1466449737548828,22889,0.0595414922701933,0.5954149227019335,rank32_norm_matched_lowrank_bf16_mask,32,3,0.5887769451920748,0.0037260687969505,0.0066379775098587,bf16_merged_minus_base,adapter_merge_quantized_to_bf16,adapter_merge_quantized_to_bf16_in_memory,f9ebf1cb3715b509594cee9662c45e4d6591f8ab67a1394aaa8b1b02fa52b465,75e22e1338116e2673f433e378e231973956b3908183f9d0fa44388acbe4f052
qwen,qwen3_4b,sft,40,40,18,self_attn.v_proj,16,0.01,26214,846705,2621440,0.3229923248291015,3967,0.004685220944721,0.4685292436609993,rank32_norm_matched_lowrank_bf16_mask,32,3,0.4615306268603005,0.0049731034871113,0.0069986168006987,bf16_merged_minus_base,adapter_merge_quantized_to_bf16,adapter_merge_quantized_to_bf16_in_memory,f9ebf1cb3715b509594cee9662c45e4d6591f8ab67a1394aaa8b1b02fa52b465,4f113802c35ebf82736ac9b38f536e6031438b8b5d7c03a88bb2255a42f65417
qwen,qwen3_4b,sft,40,40,18,self_attn.v_proj,16,0.1,262144,846705,2621440,0.3229923248291015,71753,0.0847438009696411,0.8474380096964114,rank32_norm_matched_lowrank_bf16_mask,32,3,0.8406582875445846,0.0006007981475302,0.0067797221518267,bf16_merged_minus_base,adapter_merge_quantized_to_bf16,adapter_merge_quantized_to_bf16_in_memory,f9ebf1cb3715b509594cee9662c45e4d6591f8ab67a1394aaa8b1b02fa52b465,4f113802c35ebf82736ac9b38f536e6031438b8b5d7c03a88bb2255a42f65417
qwen,qwen3_4b,sft,40,40,18,self_attn.v_proj,32,0.01,26214,846705,2621440,0.3229923248291015,2919,0.0034474817085053,0.3447534313704202,rank32_norm_matched_lowrank_bf16_mask,32,3,0.3357957136581669,0.0026280869581597,0.0089577177122532,bf16_merged_minus_base,adapter_merge_quantized_to_bf16,adapter_merge_quantized_to_bf16_in_memory,f9ebf1cb3715b509594cee9662c45e4d6591f8ab67a1394aaa8b1b02fa52b465,4f113802c35ebf82736ac9b38f536e6031438b8b5d7c03a88bb2255a42f65417
qwen,qwen3_4b,sft,40,40,18,self_attn.v_proj,32,0.1,262144,846705,2621440,0.3229923248291015,64573,0.0762638699428962,0.7626386994289629,rank32_norm_matched_lowrank_bf16_mask,32,3,0.7551692681525793,0.0006872516827358,0.0074694312763835,bf16_merged_minus_base,adapter_merge_quantized_to_bf16,adapter_merge_quantized_to_bf16_in_memory,f9ebf1cb3715b509594cee9662c45e4d6591f8ab67a1394aaa8b1b02fa52b465,4f113802c35ebf82736ac9b38f536e6031438b8b5d7c03a88bb2255a42f65417
qwen,qwen3_4b,sft,40,40,18,self_attn.v_proj,50,0.01,26214,846705,2621440,0.3229923248291015,2296,0.0027116882503351,0.2711729628045511,rank32_norm_matched_lowrank_bf16_mask,32,3,0.2553979158506701,0.0044584426835992,0.015775046953881,bf16_merged_minus_base,adapter_merge_quantized_to_bf16,adapter_merge_quantized_to_bf16_in_memory,f9ebf1cb3715b509594cee9662c45e4d6591f8ab67a1394aaa8b1b02fa52b465,4f113802c35ebf82736ac9b38f536e6031438b8b5d7c03a88bb2255a42f65417
qwen,qwen3_4b,sft,40,40,18,self_attn.v_proj,50,0.1,262144,846705,2621440,0.3229923248291015,58262,0.0688102704011432,0.6881027040114326,rank32_norm_matched_lowrank_bf16_mask,32,3,0.6757968378630644,0.0004603211839971,0.0123058661483681,bf16_merged_minus_base,adapter_merge_quantized_to_bf16,adapter_merge_quantized_to_bf16_in_memory,f9ebf1cb3715b509594cee9662c45e4d6591f8ab67a1394aaa8b1b02fa52b465,4f113802c35ebf82736ac9b38f536e6031438b8b5d7c03a88bb2255a42f65417
qwen,qwen3_4b,sft,80,80,18,self_attn.v_proj,16,0.01,26214,1260962,2621440,0.4810188293457031,7469,0.0059232554192751,0.5923345802359267,rank32_norm_matched_lowrank_bf16_mask,32,3,0.6091434143384696,0.0048592446314743,-0.0168088341025429,bf16_merged_minus_base,adapter_merge_quantized_to_bf16,adapter_merge_quantized_to_bf16_in_memory,f9ebf1cb3715b509594cee9662c45e4d6591f8ab67a1394aaa8b1b02fa52b465,5174873d93c4570db5fc6ce4f32a23e3550e2f39efcbb5b10193bf733f540ee3
qwen,qwen3_4b,sft,80,80,18,self_attn.v_proj,16,0.1,262144,1260962,2621440,0.4810188293457031,111944,0.0887766641659304,0.8877666416593046,rank32_norm_matched_lowrank_bf16_mask,32,3,0.89383299085539,0.0022748594834365,-0.0060663491960853,bf16_merged_minus_base,adapter_merge_quantized_to_bf16,adapter_merge_quantized_to_bf16_in_memory,f9ebf1cb3715b509594cee9662c45e4d6591f8ab67a1394aaa8b1b02fa52b465,5174873d93c4570db5fc6ce4f32a23e3550e2f39efcbb5b10193bf733f540ee3
qwen,qwen3_4b,sft,80,80,18,self_attn.v_proj,32,0.01,26214,1260962,2621440,0.4810188293457031,6097,0.0048351972541599,0.4835271034540695,rank32_norm_matched_lowrank_bf16_mask,32,3,0.5019187174568932,0.0051216050459933,-0.0183916140028236,bf16_merged_minus_base,adapter_merge_quantized_to_bf16,adapter_merge_quantized_to_bf16_in_memory,f9ebf1cb3715b509594cee9662c45e4d6591f8ab67a1394aaa8b1b02fa52b465,5174873d93c4570db5fc6ce4f32a23e3550e2f39efcbb5b10193bf733f540ee3
qwen,qwen3_4b,sft,80,80,18,self_attn.v_proj,32,0.1,262144,1260962,2621440,0.4810188293457031,103945,0.0824330947324344,0.8243309473243444,rank32_norm_matched_lowrank_bf16_mask,32,3,0.8283596724440124,0.0014339252639907,-0.004028725119668,bf16_merged_minus_base,adapter_merge_quantized_to_bf16,adapter_merge_quantized_to_bf16_in_memory,f9ebf1cb3715b509594cee9662c45e4d6591f8ab67a1394aaa8b1b02fa52b465,5174873d93c4570db5fc6ce4f32a23e3550e2f39efcbb5b10193bf733f540ee3
qwen,qwen3_4b,sft,80,80,18,self_attn.v_proj,50,0.01,26214,1260962,2621440,0.4810188293457031,5265,0.0041753835563641,0.4175447268633223,rank32_norm_matched_lowrank_bf16_mask,32,3,0.4294341286389724,0.0029720603129922,-0.0118894017756501,bf16_merged_minus_base,adapter_merge_quantized_to_bf16,adapter_merge_quantized_to_bf16_in_memory,f9ebf1cb3715b509594cee9662c45e4d6591f8ab67a1394aaa8b1b02fa52b465,5174873d93c4570db5fc6ce4f32a23e3550e2f39efcbb5b10193bf733f540ee3
qwen,qwen3_4b,sft,80,80,18,self_attn.v_proj,50,0.1,262144,1260962,2621440,0.4810188293457031,96353,0.0764122947400476,0.7641229474004768,rank32_norm_matched_lowrank_bf16_mask,32,3,0.7688147915280621,0.0024328289221147,-0.0046918441275852,bf16_merged_minus_base,adapter_merge_quantized_to_bf16,adapter_merge_quantized_to_bf16_in_memory,f9ebf1cb3715b509594cee9662c45e4d6591f8ab67a1394aaa8b1b02fa52b465,5174873d93c4570db5fc6ce4f32a23e3550e2f39efcbb5b10193bf733f540ee3
qwen,qwen3_4b,sft,160,160,18,self_attn.v_proj,16,0.01,26214,1448416,2621440,0.55252685546875,9110,0.0062896294987075,0.6289725472301796,rank32_norm_matched_lowrank_bf16_mask,32,3,0.642278308869678,0.0065928086864959,-0.0133057616394983,bf16_merged_minus_base,adapter_merge_quantized_to_bf16,adapter_merge_quantized_to_bf16_in_memory,f9ebf1cb3715b509594cee9662c45e4d6591f8ab67a1394aaa8b1b02fa52b465,b13cd66bc46a493ec910fd74ececeac31c4976b158d527865bd346c5674dd6b2
qwen,qwen3_4b,sft,160,160,18,self_attn.v_proj,16,0.1,262144,1448416,2621440,0.55252685546875,130714,0.0902461723703687,0.9024617237036872,rank32_norm_matched_lowrank_bf16_mask,32,3,0.9056717120272229,0.0039625815887518,-0.0032099883235355,bf16_merged_minus_base,adapter_merge_quantized_to_bf16,adapter_merge_quantized_to_bf16_in_memory,f9ebf1cb3715b509594cee9662c45e4d6591f8ab67a1394aaa8b1b02fa52b465,b13cd66bc46a493ec910fd74ececeac31c4976b158d527865bd346c5674dd6b2
qwen,qwen3_4b,sft,160,160,18,self_attn.v_proj,32,0.01,26214,1448416,2621440,0.55252685546875,7622,0.0052623003336058,0.5262380631161833,rank32_norm_matched_lowrank_bf16_mask,32,3,0.549879791307803,0.009853337987121,-0.0236417281916196,bf16_merged_minus_base,adapter_merge_quantized_to_bf16,adapter_merge_quantized_to_bf16_in_memory,f9ebf1cb3715b509594cee9662c45e4d6591f8ab67a1394aaa8b1b02fa52b465,b13cd66bc46a493ec910fd74ececeac31c4976b158d527865bd346c5674dd6b2
qwen,qwen3_4b,sft,160,160,18,self_attn.v_proj,32,0.1,262144,1448416,2621440,0.55252685546875,122173,0.0843493858118109,0.8434938581181097,rank32_norm_matched_lowrank_bf16_mask,32,3,0.8527743830368841,0.004616746281497,-0.0092805249187744,bf16_merged_minus_base,adapter_merge_quantized_to_bf16,adapter_merge_quantized_to_bf16_in_memory,f9ebf1cb3715b509594cee9662c45e4d6591f8ab67a1394aaa8b1b02fa52b465,b13cd66bc46a493ec910fd74ececeac31c4976b158d527865bd346c5674dd6b2
qwen,qwen3_4b,sft,160,160,18,self_attn.v_proj,50,0.01,26214,1448416,2621440,0.55252685546875,6754,0.0046630249872964,0.4663096140496853,rank32_norm_matched_lowrank_bf16_mask,32,3,0.4832744953691328,0.0092001922777188,-0.0169648813194475,bf16_merged_minus_base,adapter_merge_quantized_to_bf16,adapter_merge_quantized_to_bf16_in_memory,f9ebf1cb3715b509594cee9662c45e4d6591f8ab67a1394aaa8b1b02fa52b465,b13cd66bc46a493ec910fd74ececeac31c4976b158d527865bd346c5674dd6b2
qwen,qwen3_4b,sft,160,160,18,self_attn.v_proj,50,0.1,262144,1448416,2621440,0.55252685546875,114599,0.0791202251286923,0.791202251286923,rank32_norm_matched_lowrank_bf16_mask,32,3,0.8012654494186316,0.0040741975684393,-0.0100631981317086,bf16_merged_minus_base,adapter_merge_quantized_to_bf16,adapter_merge_quantized_to_bf16_in_memory,f9ebf1cb3715b509594cee9662c45e4d6591f8ab67a1394aaa8b1b02fa52b465,b13cd66bc46a493ec910fd74ececeac31c4976b158d527865bd346c5674dd6b2
qwen,qwen3_4b,sft,320,320,18,self_attn.v_proj,16,0.01,26214,1621389,2621440,0.6185108184814453,10821,0.0066739073720125,0.6674009209311241,rank32_norm_matched_lowrank_bf16_mask,32,3,0.697133271386873,0.0041347396816691,-0.0297323504557488,bf16_merged_minus_base,adapter_merge_quantized_to_bf16,adapter_merge_quantized_to_bf16_in_memory,f9ebf1cb3715b509594cee9662c45e4d6591f8ab67a1394aaa8b1b02fa52b465,7c83b47e1efcc5c1cf69c22175533a1008e610333e2f2262c85e93e97c7c0886
qwen,qwen3_4b,sft,320,320,18,self_attn.v_proj,16,0.1,262144,1621389,2621440,0.6185108184814453,148134,0.0913624059371316,0.9136240593713169,rank32_norm_matched_lowrank_bf16_mask,32,3,0.9247844554901952,0.0005754707703208,-0.0111603961188782,bf16_merged_minus_base,adapter_merge_quantized_to_bf16,adapter_merge_quantized_to_bf16_in_memory,f9ebf1cb3715b509594cee9662c45e4d6591f8ab67a1394aaa8b1b02fa52b465,7c83b47e1efcc5c1cf69c22175533a1008e610333e2f2262c85e93e97c7c0886
qwen,qwen3_4b,sft,320,320,18,self_attn.v_proj,32,0.01,26214,1621389,2621440,0.6185108184814453,9435,0.005819084747707,0.5819173541248642,rank32_norm_matched_lowrank_bf16_mask,32,3,0.6187371058250718,0.0045382698806232,-0.0368197517002075,bf16_merged_minus_base,adapter_merge_quantized_to_bf16,adapter_merge_quantized_to_bf16_in_memory,f9ebf1cb3715b509594cee9662c45e4d6591f8ab67a1394aaa8b1b02fa52b465,7c83b47e1efcc5c1cf69c22175533a1008e610333e2f2262c85e93e97c7c0886
qwen,qwen3_4b,sft,320,320,18,self_attn.v_proj,32,0.1,262144,1621389,2621440,0.6185108184814453,140007,0.0863500369127951,0.8635003691279515,rank32_norm_matched_lowrank_bf16_mask,32,3,0.8790173638415437,0.0011176468253439,-0.0155169947135922,bf16_merged_minus_base,adapter_merge_quantized_to_bf16,adapter_merge_quantized_to_bf16_in_memory,f9ebf1cb3715b509594cee9662c45e4d6591f8ab67a1394aaa8b1b02fa52b465,7c83b47e1efcc5c1cf69c22175533a1008e610333e2f2262c85e93e97c7c0886
qwen,qwen3_4b,sft,320,320,18,self_attn.v_proj,50,0.01,26214,1621389,2621440,0.6185108184814453,8472,0.0052251495477026,0.522522927837398,rank32_norm_matched_lowrank_bf16_mask,32,3,0.5622840713805483,0.0016629274719325,-0.0397611435431503,bf16_merged_minus_base,adapter_merge_quantized_to_bf16,adapter_merge_quantized_to_bf16_in_memory,f9ebf1cb3715b509594cee9662c45e4d6591f8ab67a1394aaa8b1b02fa52b465,7c83b47e1efcc5c1cf69c22175533a1008e610333e2f2262c85e93e97c7c0886
qwen,qwen3_4b,sft,320,320,18,self_attn.v_proj,50,0.1,262144,1621389,2621440,0.6185108184814453,132472,0.0817027869314519,0.8170278693145199,rank32_norm_matched_lowrank_bf16_mask,32,3,0.8343629667046196,0.0002168733456505,-0.0173350973900997,bf16_merged_minus_base,adapter_merge_quantized_to_bf16,adapter_merge_quantized_to_bf16_in_memory,f9ebf1cb3715b509594cee9662c45e4d6591f8ab67a1394aaa8b1b02fa52b465,7c83b47e1efcc5c1cf69c22175533a1008e610333e2f2262c85e93e97c7c0886
qwen,qwen3_4b,offkd,5,5,18,self_attn.v_proj,16,0.01,26214,606207,2621440,0.2312496185302734,2420,0.0039920357237709,0.3992096638331445,rank32_norm_matched_lowrank_bf16_mask,32,3,0.4017463868842519,0.0095237328321896,-0.0025367230511074,bf16_merged_minus_base,adapter_merge_quantized_to_bf16,adapter_merge_quantized_to_bf16_in_memory,f9ebf1cb3715b509594cee9662c45e4d6591f8ab67a1394aaa8b1b02fa52b465,611931b8dadb1fd87e609c07546d4e9f205dcdc427b9893ef7fa098ec34b4954
qwen,qwen3_4b,offkd,5,5,18,self_attn.v_proj,16,0.1,262144,606207,2621440,0.2312496185302734,49023,0.0808684162340586,0.8086841623405867,rank32_norm_matched_lowrank_bf16_mask,32,3,0.8136143479127361,0.0083389094606173,-0.0049301855721494,bf16_merged_minus_base,adapter_merge_quantized_to_bf16,adapter_merge_quantized_to_bf16_in_memory,f9ebf1cb3715b509594cee9662c45e4d6591f8ab67a1394aaa8b1b02fa52b465,611931b8dadb1fd87e609c07546d4e9f205dcdc427b9893ef7fa098ec34b4954
qwen,qwen3_4b,offkd,5,5,18,self_attn.v_proj,32,0.01,26214,606207,2621440,0.2312496185302734,1705,0.0028125706235658,0.2812613540642609,rank32_norm_matched_lowrank_bf16_mask,32,3,0.2767063631519692,0.01211154473419,0.0045549909122916,bf16_merged_minus_base,adapter_merge_quantized_to_bf16,adapter_merge_quantized_to_bf16_in_memory,f9ebf1cb3715b509594cee9662c45e4d6591f8ab67a1394aaa8b1b02fa52b465,611931b8dadb1fd87e609c07546d4e9f205dcdc427b9893ef7fa098ec34b4954
qwen,qwen3_4b,offkd,5,5,18,self_attn.v_proj,32,0.1,262144,606207,2621440,0.2312496185302734,43450,0.0716751868586143,0.716751868586143,rank32_norm_matched_lowrank_bf16_mask,32,3,0.7099343993675232,0.0056749900944412,0.0068174692186198,bf16_merged_minus_base,adapter_merge_quantized_to_bf16,adapter_merge_quantized_to_bf16_in_memory,f9ebf1cb3715b509594cee9662c45e4d6591f8ab67a1394aaa8b1b02fa52b465,611931b8dadb1fd87e609c07546d4e9f205dcdc427b9893ef7fa098ec34b4954
qwen,qwen3_4b,offkd,5,5,18,self_attn.v_proj,50,0.01,26214,606207,2621440,0.2312496185302734,1237,0.0020405571034316,0.2040588240337189,rank32_norm_matched_lowrank_bf16_mask,32,3,0.1930065052859602,0.0092494608509214,0.0110523187477586,bf16_merged_minus_base,adapter_merge_quantized_to_bf16,adapter_merge_quantized_to_bf16_in_memory,f9ebf1cb3715b509594cee9662c45e4d6591f8ab67a1394aaa8b1b02fa52b465,611931b8dadb1fd87e609c07546d4e9f205dcdc427b9893ef7fa098ec34b4954
qwen,qwen3_4b,offkd,5,5,18,self_attn.v_proj,50,0.1,262144,606207,2621440,0.2312496185302734,38296,0.0631731405279054,0.6317314052790549,rank32_norm_matched_lowrank_bf16_mask,32,3,0.6196749458913349,0.0040768143596637,0.01205645938772,bf16_merged_minus_base,adapter_merge_quantized_to_bf16,adapter_merge_quantized_to_bf16_in_memory,f9ebf1cb3715b509594cee9662c45e4d6591f8ab67a1394aaa8b1b02fa52b465,611931b8dadb1fd87e609c07546d4e9f205dcdc427b9893ef7fa098ec34b4954
qwen,qwen3_4b,offkd,20,20,18,self_attn.v_proj,16,0.01,26214,1092839,2621440,0.4168849945068359,6108,0.0055891123944149,0.5589197678803324,rank32_norm_matched_lowrank_bf16_mask,32,3,0.5468880897018419,0.0099100632677681,0.0120316781784904,bf16_merged_minus_base,adapter_merge_quantized_to_bf16,adapter_merge_quantized_to_bf16_in_memory,f9ebf1cb3715b509594cee9662c45e4d6591f8ab67a1394aaa8b1b02fa52b465,98c253063273704ac475661aa45f99f00ad190cbf67df92d92d2f4ccdcf667db
qwen,qwen3_4b,offkd,20,20,18,self_attn.v_proj,16,0.1,262144,1092839,2621440,0.4168849945068359,96581,0.088376238402912,0.8837623840291206,rank32_norm_matched_lowrank_bf16_mask,32,3,0.8723378517534844,0.004269143104896,0.0114245322756361,bf16_merged_minus_base,adapter_merge_quantized_to_bf16,adapter_merge_quantized_to_bf16_in_memory,f9ebf1cb3715b509594cee9662c45e4d6591f8ab67a1394aaa8b1b02fa52b465,98c253063273704ac475661aa45f99f00ad190cbf67df92d92d2f4ccdcf667db
qwen,qwen3_4b,offkd,20,20,18,self_attn.v_proj,32,0.01,26214,1092839,2621440,0.4168849945068359,4773,0.0043675234869912,0.4367590131127744,rank32_norm_matched_lowrank_bf16_mask,32,3,0.4333197797085189,0.0113278681376473,0.0034392334042555,bf16_merged_minus_base,adapter_merge_quantized_to_bf16,adapter_merge_quantized_to_bf16_in_memory,f9ebf1cb3715b509594cee9662c45e4d6591f8ab67a1394aaa8b1b02fa52b465,98c253063273704ac475661aa45f99f00ad190cbf67df92d92d2f4ccdcf667db
qwen,qwen3_4b,offkd,20,20,18,self_attn.v_proj,32,0.1,262144,1092839,2621440,0.4168849945068359,88948,0.0813916780056348,0.8139167800563487,rank32_norm_matched_lowrank_bf16_mask,32,3,0.7997130265617707,0.0044998873392269,0.014203753494578,bf16_merged_minus_base,adapter_merge_quantized_to_bf16,adapter_merge_quantized_to_bf16_in_memory,f9ebf1cb3715b509594cee9662c45e4d6591f8ab67a1394aaa8b1b02fa52b465,98c253063273704ac475661aa45f99f00ad190cbf67df92d92d2f4ccdcf667db
qwen,qwen3_4b,offkd,20,20,18,self_attn.v_proj,50,0.01,26214,1092839,2621440,0.4168849945068359,3913,0.0035805823181639,0.358063695434797,rank32_norm_matched_lowrank_bf16_mask,32,3,0.3557077598937037,0.0105124762454523,0.0023559355410933,bf16_merged_minus_base,adapter_merge_quantized_to_bf16,adapter_merge_quantized_to_bf16_in_memory,f9ebf1cb3715b509594cee9662c45e4d6591f8ab67a1394aaa8b1b02fa52b465,98c253063273704ac475661aa45f99f00ad190cbf67df92d92d2f4ccdcf667db
qwen,qwen3_4b,offkd,20,20,18,self_attn.v_proj,50,0.1,262144,1092839,2621440,0.4168849945068359,81038,0.0741536493481656,0.7415364934816565,rank32_norm_matched_lowrank_bf16_mask,32,3,0.7344365510687093,0.0029160729041761,0.0070999424129472,bf16_merged_minus_base,adapter_merge_quantized_to_bf16,adapter_merge_quantized_to_bf16_in_memory,f9ebf1cb3715b509594cee9662c45e4d6591f8ab67a1394aaa8b1b02fa52b465,98c253063273704ac475661aa45f99f00ad190cbf67df92d92d2f4ccdcf667db
qwen,qwen3_4b,offkd,40,40,18,self_attn.v_proj,16,0.01,26214,1297032,2621440,0.4947784423828125,7862,0.0060615312498072,0.606162374284532,rank32_norm_matched_lowrank_bf16_mask,32,3,0.6119998279861809,0.001921151226657,-0.0058374537016488,bf16_merged_minus_base,adapter_merge_quantized_to_bf16,adapter_merge_quantized_to_bf16_in_memory,f9ebf1cb3715b509594cee9662c45e4d6591f8ab67a1394aaa8b1b02fa52b465,8cab9a4136111d5b25287a8af8a9dd4f785b04ee9e125fe33655fd3d4af3a31e
qwen,qwen3_4b,offkd,40,40,18,self_attn.v_proj,16,0.1,262144,1297032,2621440,0.4947784423828125,117184,0.0903478094603679,0.9034780946036798,rank32_norm_matched_lowrank_bf16_mask,32,3,0.8982709759796427,0.0017421807479623,0.0052071186240371,bf16_merged_minus_base,adapter_merge_quantized_to_bf16,adapter_merge_quantized_to_bf16_in_memory,f9ebf1cb3715b509594cee9662c45e4d6591f8ab67a1394aaa8b1b02fa52b465,8cab9a4136111d5b25287a8af8a9dd4f785b04ee9e125fe33655fd3d4af3a31e
qwen,qwen3_4b,offkd,40,40,18,self_attn.v_proj,32,0.01,26214,1297032,2621440,0.4947784423828125,6442,0.0049667240283971,0.4966799815747844,rank32_norm_matched_lowrank_bf16_mask,32,3,0.5124018666357076,0.0017448188670045,-0.0157218850609232,bf16_merged_minus_base,adapter_merge_quantized_to_bf16,adapter_merge_quantized_to_bf16_in_memory,f9ebf1cb3715b509594cee9662c45e4d6591f8ab67a1394aaa8b1b02fa52b465,8cab9a4136111d5b25287a8af8a9dd4f785b04ee9e125fe33655fd3d4af3a31e
qwen,qwen3_4b,offkd,40,40,18,self_attn.v_proj,32,0.1,262144,1297032,2621440,0.4947784423828125,109308,0.0842754843365468,0.8427548433654682,rank32_norm_matched_lowrank_bf16_mask,32,3,0.8378454629796598,0.0019877692599101,0.0049093803858084,bf16_merged_minus_base,adapter_merge_quantized_to_bf16,adapter_merge_quantized_to_bf16_in_memory,f9ebf1cb3715b509594cee9662c45e4d6591f8ab67a1394aaa8b1b02fa52b465,8cab9a4136111d5b25287a8af8a9dd4f785b04ee9e125fe33655fd3d4af3a31e
qwen,qwen3_4b,offkd,40,40,18,self_attn.v_proj,50,0.01,26214,1297032,2621440,0.4947784423828125,5530,0.0042635802354914,0.4263645293555663,rank32_norm_matched_lowrank_bf16_mask,32,3,0.4410349377427596,0.0019458366530466,-0.0146704083871933,bf16_merged_minus_base,adapter_merge_quantized_to_bf16,adapter_merge_quantized_to_bf16_in_memory,f9ebf1cb3715b509594cee9662c45e4d6591f8ab67a1394aaa8b1b02fa52b465,8cab9a4136111d5b25287a8af8a9dd4f785b04ee9e125fe33655fd3d4af3a31e
qwen,qwen3_4b,offkd,40,40,18,self_attn.v_proj,50,0.1,262144,1297032,2621440,0.4947784423828125,101079,0.0779309993893751,0.7793099938937513,rank32_norm_matched_lowrank_bf16_mask,32,3,0.7808340465059662,0.0013871303837717,-0.0015240526122148,bf16_merged_minus_base,adapter_merge_quantized_to_bf16,adapter_merge_quantized_to_bf16_in_memory,f9ebf1cb3715b509594cee9662c45e4d6591f8ab67a1394aaa8b1b02fa52b465,8cab9a4136111d5b25287a8af8a9dd4f785b04ee9e125fe33655fd3d4af3a31e
qwen,qwen3_4b,offkd,80,80,18,self_attn.v_proj,16,0.01,26214,1433750,2621440,0.5469322204589844,9159,0.0063881429816913,0.6388240458505006,rank32_norm_matched_lowrank_bf16_mask,32,3,0.6506989783443539,0.0049936005121266,-0.0118749324938532,bf16_merged_minus_base,adapter_merge_quantized_to_bf16,adapter_merge_quantized_to_bf16_in_memory,f9ebf1cb3715b509594cee9662c45e4d6591f8ab67a1394aaa8b1b02fa52b465,1573f9506df3357afd1d0dfe6e5b282d89eaeeeeec665dbfb9f0130a5b65d85b
qwen,qwen3_4b,offkd,80,80,18,self_attn.v_proj,16,0.1,262144,1433750,2621440,0.5469322204589844,130395,0.0909468177855274,0.9094681778552748,rank32_norm_matched_lowrank_bf16_mask,32,3,0.9106139603703765,0.0006562044999532,-0.0011457825151016,bf16_merged_minus_base,adapter_merge_quantized_to_bf16,adapter_merge_quantized_to_bf16_in_memory,f9ebf1cb3715b509594cee9662c45e4d6591f8ab67a1394aaa8b1b02fa52b465,1573f9506df3357afd1d0dfe6e5b282d89eaeeeeec665dbfb9f0130a5b65d85b
qwen,qwen3_4b,offkd,80,80,18,self_attn.v_proj,32,0.01,26214,1433750,2621440,0.5469322204589844,7678,0.00535518744551,0.5355269160432519,rank32_norm_matched_lowrank_bf16_mask,32,3,0.5557145135901825,0.0019164318759511,-0.0201875975469306,bf16_merged_minus_base,adapter_merge_quantized_to_bf16,adapter_merge_quantized_to_bf16_in_memory,f9ebf1cb3715b509594cee9662c45e4d6591f8ab67a1394aaa8b1b02fa52b465,1573f9506df3357afd1d0dfe6e5b282d89eaeeeeec665dbfb9f0130a5b65d85b
qwen,qwen3_4b,offkd,80,80,18,self_attn.v_proj,32,0.1,262144,1433750,2621440,0.5469322204589844,122213,0.0852401046207497,0.8524010462074978,rank32_norm_matched_lowrank_bf16_mask,32,3,0.8550477763186591,0.0014452085399992,-0.0026467301111613,bf16_merged_minus_base,adapter_merge_quantized_to_bf16,adapter_merge_quantized_to_bf16_in_memory,f9ebf1cb3715b509594cee9662c45e4d6591f8ab67a1394aaa8b1b02fa52b465,1573f9506df3357afd1d0dfe6e5b282d89eaeeeeec665dbfb9f0130a5b65d85b
qwen,qwen3_4b,offkd,80,80,18,self_attn.v_proj,50,0.01,26214,1433750,2621440,0.5469322204589844,6760,0.0047149084568439,0.4714980401735325,rank32_norm_matched_lowrank_bf16_mask,32,3,0.491863503488346,0.0020338110071187,-0.0203654633148135,bf16_merged_minus_base,adapter_merge_quantized_to_bf16,adapter_merge_quantized_to_bf16_in_memory,f9ebf1cb3715b509594cee9662c45e4d6591f8ab67a1394aaa8b1b02fa52b465,1573f9506df3357afd1d0dfe6e5b282d89eaeeeeec665dbfb9f0130a5b65d85b
qwen,qwen3_4b,offkd,80,80,18,self_attn.v_proj,50,0.1,262144,1433750,2621440,0.5469322204589844,114344,0.0797517000871839,0.7975170008718396,rank32_norm_matched_lowrank_bf16_mask,32,3,0.8031824754626791,0.0016690013828649,-0.0056654745908394,bf16_merged_minus_base,adapter_merge_quantized_to_bf16,adapter_merge_quantized_to_bf16_in_memory,f9ebf1cb3715b509594cee9662c45e4d6591f8ab67a1394aaa8b1b02fa52b465,1573f9506df3357afd1d0dfe6e5b282d89eaeeeeec665dbfb9f0130a5b65d85b
qwen,qwen3_4b,offkd,160,160,18,self_attn.v_proj,16,0.01,26214,1572235,2621440,0.5997600555419922,10431,0.0066345043838866,0.6634605619934301,rank32_norm_matched_lowrank_bf16_mask,32,3,0.6843873828797346,0.0063958184964309,-0.0209268208863044,bf16_merged_minus_base,adapter_merge_quantized_to_bf16,adapter_merge_quantized_to_bf16_in_memory,f9ebf1cb3715b509594cee9662c45e4d6591f8ab67a1394aaa8b1b02fa52b465,ab17ad2f966f296d4e86358b251b2a34b1b423d631978c2fea9bf7c0afd6a44d
qwen,qwen3_4b,offkd,160,160,18,self_attn.v_proj,16,0.1,262144,1572235,2621440,0.5997600555419922,144001,0.0915899976784641,0.915899976784641,rank32_norm_matched_lowrank_bf16_mask,32,3,0.9206527641120438,0.0005066756401496,-0.0047527873274028,bf16_merged_minus_base,adapter_merge_quantized_to_bf16,adapter_merge_quantized_to_bf16_in_memory,f9ebf1cb3715b509594cee9662c45e4d6591f8ab67a1394aaa8b1b02fa52b465,ab17ad2f966f296d4e86358b251b2a34b1b423d631978c2fea9bf7c0afd6a44d
qwen,qwen3_4b,offkd,160,160,18,self_attn.v_proj,32,0.01,26214,1572235,2621440,0.5997600555419922,9006,0.0057281513259786,0.5728238731965134,rank32_norm_matched_lowrank_bf16_mask,32,3,0.59833286395326,0.0034253166302081,-0.0255089907567466,bf16_merged_minus_base,adapter_merge_quantized_to_bf16,adapter_merge_quantized_to_bf16_in_memory,f9ebf1cb3715b509594cee9662c45e4d6591f8ab67a1394aaa8b1b02fa52b465,ab17ad2f966f296d4e86358b251b2a34b1b423d631978c2fea9bf7c0afd6a44d
qwen,qwen3_4b,offkd,160,160,18,self_attn.v_proj,32,0.1,262144,1572235,2621440,0.5997600555419922,136277,0.0866772460859858,0.8667724608598587,rank32_norm_matched_lowrank_bf16_mask,32,3,0.8712346116236303,0.001136772520338,-0.0044621507637715,bf16_merged_minus_base,adapter_merge_quantized_to_bf16,adapter_merge_quantized_to_bf16_in_memory,f9ebf1cb3715b509594cee9662c45e4d6591f8ab67a1394aaa8b1b02fa52b465,ab17ad2f966f296d4e86358b251b2a34b1b423d631978c2fea9bf7c0afd6a44d
qwen,qwen3_4b,offkd,160,160,18,self_attn.v_proj,50,0.01,26214,1572235,2621440,0.5997600555419922,8087,0.0051436331082821,0.5143711595092386,rank32_norm_matched_lowrank_bf16_mask,32,3,0.5389797797135895,0.002338343927127,-0.0246086202043508,bf16_merged_minus_base,adapter_merge_quantized_to_bf16,adapter_merge_quantized_to_bf16_in_memory,f9ebf1cb3715b509594cee9662c45e4d6591f8ab67a1394aaa8b1b02fa52b465,ab17ad2f966f296d4e86358b251b2a34b1b423d631978c2fea9bf7c0afd6a44d
qwen,qwen3_4b,offkd,160,160,18,self_attn.v_proj,50,0.1,262144,1572235,2621440,0.5997600555419922,128594,0.081790572020086,0.8179057202008606,rank32_norm_matched_lowrank_bf16_mask,32,3,0.8254598535983799,0.0020514671288365,-0.0075541333975193,bf16_merged_minus_base,adapter_merge_quantized_to_bf16,adapter_merge_quantized_to_bf16_in_memory,f9ebf1cb3715b509594cee9662c45e4d6591f8ab67a1394aaa8b1b02fa52b465,ab17ad2f966f296d4e86358b251b2a34b1b423d631978c2fea9bf7c0afd6a44d
qwen,qwen3_4b,offkd,320,320,18,self_attn.v_proj,16,0.01,26214,1748548,2621440,0.6670181274414062,12402,0.007092742092296,0.7092850320602903,rank32_norm_matched_lowrank_bf16_mask,32,3,0.7349901193665881,0.0078838265514835,-0.0257050873062978,bf16_merged_minus_base,adapter_merge_quantized_to_bf16,adapter_merge_quantized_to_bf16_in_memory,f9ebf1cb3715b509594cee9662c45e4d6591f8ab67a1394aaa8b1b02fa52b465,7a8f85ad91b059d2286d633141e96a3efa8e177faffdc1480cac78918d4e3ebe
qwen,qwen3_4b,offkd,320,320,18,self_attn.v_proj,16,0.1,262144,1748548,2621440,0.6670181274414062,161679,0.0924647192985265,0.9246471929852657,rank32_norm_matched_lowrank_bf16_mask,32,3,0.9352665345026284,0.0035464432222708,-0.0106193415173627,bf16_merged_minus_base,adapter_merge_quantized_to_bf16,adapter_merge_quantized_to_bf16_in_memory,f9ebf1cb3715b509594cee9662c45e4d6591f8ab67a1394aaa8b1b02fa52b465,7a8f85ad91b059d2286d633141e96a3efa8e177faffdc1480cac78918d4e3ebe
qwen,qwen3_4b,offkd,320,320,18,self_attn.v_proj,32,0.01,26214,1748548,2621440,0.6670181274414062,10951,0.0062629107122023,0.6263006278094048,rank32_norm_matched_lowrank_bf16_mask,32,3,0.6612891771597192,0.0060272162055297,-0.0349885493503144,bf16_merged_minus_base,adapter_merge_quantized_to_bf16,adapter_merge_quantized_to_bf16_in_memory,f9ebf1cb3715b509594cee9662c45e4d6591f8ab67a1394aaa8b1b02fa52b465,7a8f85ad91b059d2286d633141e96a3efa8e177faffdc1480cac78918d4e3ebe
qwen,qwen3_4b,offkd,320,320,18,self_attn.v_proj,32,0.1,262144,1748548,2621440,0.6670181274414062,154402,0.0883029805301312,0.8830298053013129,rank32_norm_matched_lowrank_bf16_mask,32,3,0.893597785238228,0.0023700703578413,-0.010567979936915,bf16_merged_minus_base,adapter_merge_quantized_to_bf16,adapter_merge_quantized_to_bf16_in_memory,f9ebf1cb3715b509594cee9662c45e4d6591f8ab67a1394aaa8b1b02fa52b465,7a8f85ad91b059d2286d633141e96a3efa8e177faffdc1480cac78918d4e3ebe
qwen,qwen3_4b,offkd,320,320,18,self_attn.v_proj,50,0.01,26214,1748548,2621440,0.6670181274414062,10077,0.0057630674136483,0.576315535242021,rank32_norm_matched_lowrank_bf16_mask,32,3,0.6095032565255281,0.0057973349024324,-0.0331877212835071,bf16_merged_minus_base,adapter_merge_quantized_to_bf16,adapter_merge_quantized_to_bf16_in_memory,f9ebf1cb3715b509594cee9662c45e4d6591f8ab67a1394aaa8b1b02fa52b465,7a8f85ad91b059d2286d633141e96a3efa8e177faffdc1480cac78918d4e3ebe
qwen,qwen3_4b,offkd,320,320,18,self_attn.v_proj,50,0.1,262144,1748548,2621440,0.6670181274414062,147647,0.0844397751734582,0.8443977517345821,rank32_norm_matched_lowrank_bf16_mask,32,3,0.8548871482981998,0.0011290171992115,-0.0104893965636176,bf16_merged_minus_base,adapter_merge_quantized_to_bf16,adapter_merge_quantized_to_bf16_in_memory,f9ebf1cb3715b509594cee9662c45e4d6591f8ab67a1394aaa8b1b02fa52b465,7a8f85ad91b059d2286d633141e96a3efa8e177faffdc1480cac78918d4e3ebe
qwen,qwen3_4b,seqkd,5,5,18,self_attn.v_proj,16,0.01,26214,589408,2621440,0.22484130859375,2359,0.0040023209729084,0.4002382044411773,rank32_norm_matched_lowrank_bf16_mask,32,3,0.3939531614010645,0.0050148022060456,0.0062850430401127,bf16_merged_minus_base,adapter_merge_quantized_to_bf16,adapter_merge_quantized_to_bf16_in_memory,f9ebf1cb3715b509594cee9662c45e4d6591f8ab67a1394aaa8b1b02fa52b465,eaa789b92ba5d557ece95b7d1fa3c4c0aa36d3bd597d718d0efac22a8780b7de
qwen,qwen3_4b,seqkd,5,5,18,self_attn.v_proj,16,0.1,262144,589408,2621440,0.22484130859375,47647,0.0808387398881589,0.8083873988815896,rank32_norm_matched_lowrank_bf16_mask,32,3,0.8049468084488366,0.0034242100983436,0.003440590432753,bf16_merged_minus_base,adapter_merge_quantized_to_bf16,adapter_merge_quantized_to_bf16_in_memory,f9ebf1cb3715b509594cee9662c45e4d6591f8ab67a1394aaa8b1b02fa52b465,eaa789b92ba5d557ece95b7d1fa3c4c0aa36d3bd597d718d0efac22a8780b7de
qwen,qwen3_4b,seqkd,5,5,18,self_attn.v_proj,32,0.01,26214,589408,2621440,0.22484130859375,1696,0.0028774634887887,0.2877507396067133,rank32_norm_matched_lowrank_bf16_mask,32,3,0.2673051060237644,0.0040183073869977,0.0204456335829489,bf16_merged_minus_base,adapter_merge_quantized_to_bf16,adapter_merge_quantized_to_bf16_in_memory,f9ebf1cb3715b509594cee9662c45e4d6591f8ab67a1394aaa8b1b02fa52b465,eaa789b92ba5d557ece95b7d1fa3c4c0aa36d3bd597d718d0efac22a8780b7de
qwen,qwen3_4b,seqkd,5,5,18,self_attn.v_proj,32,0.1,262144,589408,2621440,0.22484130859375,42265,0.0717075438405993,0.7170754384059937,rank32_norm_matched_lowrank_bf16_mask,32,3,0.7053982155566554,0.0033391858917973,0.0116772228493383,bf16_merged_minus_base,adapter_merge_quantized_to_bf16,adapter_merge_quantized_to_bf16_in_memory,f9ebf1cb3715b509594cee9662c45e4d6591f8ab67a1394aaa8b1b02fa52b465,eaa789b92ba5d557ece95b7d1fa3c4c0aa36d3bd597d718d0efac22a8780b7de
qwen,qwen3_4b,seqkd,5,5,18,self_attn.v_proj,50,0.01,26214,589408,2621440,0.22484130859375,1225,0.0020783565883055,0.2078388301994244,rank32_norm_matched_lowrank_bf16_mask,32,3,0.1910255802074981,0.0023269885065885,0.0168132499919262,bf16_merged_minus_base,adapter_merge_quantized_to_bf16,adapter_merge_quantized_to_bf16_in_memory,f9ebf1cb3715b509594cee9662c45e4d6591f8ab67a1394aaa8b1b02fa52b465,eaa789b92ba5d557ece95b7d1fa3c4c0aa36d3bd597d718d0efac22a8780b7de
qwen,qwen3_4b,seqkd,5,5,18,self_attn.v_proj,50,0.1,262144,589408,2621440,0.22484130859375,37180,0.0630802432271024,0.6308024322710245,rank32_norm_matched_lowrank_bf16_mask,32,3,0.614416724071945,0.0009096859608559,0.0163857081990794,bf16_merged_minus_base,adapter_merge_quantized_to_bf16,adapter_merge_quantized_to_bf16_in_memory,f9ebf1cb3715b509594cee9662c45e4d6591f8ab67a1394aaa8b1b02fa52b465,eaa789b92ba5d557ece95b7d1fa3c4c0aa36d3bd597d718d0efac22a8780b7de
qwen,qwen3_4b,seqkd,20,20,18,self_attn.v_proj,16,0.01,26214,1109871,2621440,0.4233821868896484,6204,0.005589838819106,0.5589924114578944,rank32_norm_matched_lowrank_bf16_mask,32,3,0.5467686062655667,0.0072058498939796,0.0122238051923276,bf16_merged_minus_base,adapter_merge_quantized_to_bf16,adapter_merge_quantized_to_bf16_in_memory,f9ebf1cb3715b509594cee9662c45e4d6591f8ab67a1394aaa8b1b02fa52b465,6cbf8c2e7886bf71f4ab90ec353e72045f6a2a655ad95bce5a727444e95ce583
qwen,qwen3_4b,seqkd,20,20,18,self_attn.v_proj,16,0.1,262144,1109871,2621440,0.4233821868896484,97748,0.0880714965973523,0.8807149659735231,rank32_norm_matched_lowrank_bf16_mask,32,3,0.8753425713012527,0.00221895859653,0.0053723946722703,bf16_merged_minus_base,adapter_merge_quantized_to_bf16,adapter_merge_quantized_to_bf16_in_memory,f9ebf1cb3715b509594cee9662c45e4d6591f8ab67a1394aaa8b1b02fa52b465,6cbf8c2e7886bf71f4ab90ec353e72045f6a2a655ad95bce5a727444e95ce583
qwen,qwen3_4b,seqkd,20,20,18,self_attn.v_proj,32,0.01,26214,1109871,2621440,0.4233821868896484,4810,0.0043338369954706,0.4333903125584255,rank32_norm_matched_lowrank_bf16_mask,32,3,0.4334250269426774,0.0047725118089809,-3.471438425189932e-05,bf16_merged_minus_base,adapter_merge_quantized_to_bf16,adapter_merge_quantized_to_bf16_in_memory,f9ebf1cb3715b509594cee9662c45e4d6591f8ab67a1394aaa8b1b02fa52b465,6cbf8c2e7886bf71f4ab90ec353e72045f6a2a655ad95bce5a727444e95ce583
qwen,qwen3_4b,seqkd,20,20,18,self_attn.v_proj,32,0.1,262144,1109871,2621440,0.4233821868896484,90010,0.0810995151688799,0.8109951516887999,rank32_norm_matched_lowrank_bf16_mask,32,3,0.8034699987326924,0.0028853646383473,0.0075251529561074,bf16_merged_minus_base,adapter_merge_quantized_to_bf16,adapter_merge_quantized_to_bf16_in_memory,f9ebf1cb3715b509594cee9662c45e4d6591f8ab67a1394aaa8b1b02fa52b465,6cbf8c2e7886bf71f4ab90ec353e72045f6a2a655ad95bce5a727444e95ce583
qwen,qwen3_4b,seqkd,20,20,18,self_attn.v_proj,50,0.01,26214,1109871,2621440,0.4233821868896484,3981,0.0035869033428209,0.3586958075457572,rank32_norm_matched_lowrank_bf16_mask,32,3,0.3576248427083428,0.0042182908748013,0.0010709648374143,bf16_merged_minus_base,adapter_merge_quantized_to_bf16,adapter_merge_quantized_to_bf16_in_memory,f9ebf1cb3715b509594cee9662c45e4d6591f8ab67a1394aaa8b1b02fa52b465,6cbf8c2e7886bf71f4ab90ec353e72045f6a2a655ad95bce5a727444e95ce583
qwen,qwen3_4b,seqkd,20,20,18,self_attn.v_proj,50,0.1,262144,1109871,2621440,0.4233821868896484,82350,0.074197812178172,0.7419781217817205,rank32_norm_matched_lowrank_bf16_mask,32,3,0.7363991810655239,0.0022930561589105,0.0055789407161965,bf16_merged_minus_base,adapter_merge_quantized_to_bf16,adapter_merge_quantized_to_bf16_in_memory,f9ebf1cb3715b509594cee9662c45e4d6591f8ab67a1394aaa8b1b02fa52b465,6cbf8c2e7886bf71f4ab90ec353e72045f6a2a655ad95bce5a727444e95ce583
qwen,qwen3_4b,seqkd,40,40,18,self_attn.v_proj,16,0.01,26214,1319863,2621440,0.5034877777099609,8046,0.0060960872454186,0.6096180265747415,rank32_norm_matched_lowrank_bf16_mask,32,3,0.6121597135544862,0.0119305986541341,-0.0025416869797446,bf16_merged_minus_base,adapter_merge_quantized_to_bf16,adapter_merge_quantized_to_bf16_in_memory,f9ebf1cb3715b509594cee9662c45e4d6591f8ab67a1394aaa8b1b02fa52b465,79dc23c62b226bfd947a3df1377ca1263659108bb9869086562d574ee6460c4e
qwen,qwen3_4b,seqkd,40,40,18,self_attn.v_proj,16,0.1,262144,1319863,2621440,0.5034877777099609,118940,0.0901154134936732,0.901154134936732,rank32_norm_matched_lowrank_bf16_mask,32,3,0.9015089287426332,0.0022306146846574,-0.000354793805901,bf16_merged_minus_base,adapter_merge_quantized_to_bf16,adapter_merge_quantized_to_bf16_in_memory,f9ebf1cb3715b509594cee9662c45e4d6591f8ab67a1394aaa8b1b02fa52b465,79dc23c62b226bfd947a3df1377ca1263659108bb9869086562d574ee6460c4e
qwen,qwen3_4b,seqkd,40,40,18,self_attn.v_proj,32,0.01,26214,1319863,2621440,0.5034877777099609,6618,0.0050141567723316,0.5014233283459657,rank32_norm_matched_lowrank_bf16_mask,32,3,0.5131228197760517,0.0089658434051015,-0.0116994914300859,bf16_merged_minus_base,adapter_merge_quantized_to_bf16,adapter_merge_quantized_to_bf16_in_memory,f9ebf1cb3715b509594cee9662c45e4d6591f8ab67a1394aaa8b1b02fa52b465,79dc23c62b226bfd947a3df1377ca1263659108bb9869086562d574ee6460c4e
qwen,qwen3_4b,seqkd,40,40,18,self_attn.v_proj,32,0.1,262144,1319863,2621440,0.5034877777099609,111030,0.0841223672456914,0.8412236724569142,rank32_norm_matched_lowrank_bf16_mask,32,3,0.8412509809237926,0.0012795598577643,-2.730846687837296e-05,bf16_merged_minus_base,adapter_merge_quantized_to_bf16,adapter_merge_quantized_to_bf16_in_memory,f9ebf1cb3715b509594cee9662c45e4d6591f8ab67a1394aaa8b1b02fa52b465,79dc23c62b226bfd947a3df1377ca1263659108bb9869086562d574ee6460c4e
qwen,qwen3_4b,seqkd,40,40,18,self_attn.v_proj,50,0.01,26214,1319863,2621440,0.5034877777099609,5704,0.0043216606572045,0.4321726601519172,rank32_norm_matched_lowrank_bf16_mask,32,3,0.4442938023258967,0.0056327178818622,-0.0121211421739795,bf16_merged_minus_base,adapter_merge_quantized_to_bf16,adapter_merge_quantized_to_bf16_in_memory,f9ebf1cb3715b509594cee9662c45e4d6591f8ab67a1394aaa8b1b02fa52b465,79dc23c62b226bfd947a3df1377ca1263659108bb9869086562d574ee6460c4e
qwen,qwen3_4b,seqkd,40,40,18,self_attn.v_proj,50,0.1,262144,1319863,2621440,0.5034877777099609,102917,0.0779755171559472,0.7797551715594725,rank32_norm_matched_lowrank_bf16_mask,32,3,0.7818935456149733,0.0014135502043569,-0.0021383740555007,bf16_merged_minus_base,adapter_merge_quantized_to_bf16,adapter_merge_quantized_to_bf16_in_memory,f9ebf1cb3715b509594cee9662c45e4d6591f8ab67a1394aaa8b1b02fa52b465,79dc23c62b226bfd947a3df1377ca1263659108bb9869086562d574ee6460c4e
qwen,qwen3_4b,seqkd,80,80,18,self_attn.v_proj,16,0.01,26214,1460666,2621440,0.5571998596191406,9309,0.0063731202068097,0.6373217454390556,rank32_norm_matched_lowrank_bf16_mask,32,3,0.6611138311395683,0.0047107121993681,-0.0237920857005127,bf16_merged_minus_base,adapter_merge_quantized_to_bf16,adapter_merge_quantized_to_bf16_in_memory,f9ebf1cb3715b509594cee9662c45e4d6591f8ab67a1394aaa8b1b02fa52b465,23bb330aae981819780518c7a67c2eb2e21d5489072c33e1f18bde3c21205229
qwen,qwen3_4b,seqkd,80,80,18,self_attn.v_proj,16,0.1,262144,1460666,2621440,0.5571998596191406,132480,0.0906983526692618,0.9069835266926184,rank32_norm_matched_lowrank_bf16_mask,32,3,0.9117857126923112,0.0013166522130287,-0.0048021859996928,bf16_merged_minus_base,adapter_merge_quantized_to_bf16,adapter_merge_quantized_to_bf16_in_memory,f9ebf1cb3715b509594cee9662c45e4d6591f8ab67a1394aaa8b1b02fa52b465,23bb330aae981819780518c7a67c2eb2e21d5489072c33e1f18bde3c21205229
qwen,qwen3_4b,seqkd,80,80,18,self_attn.v_proj,32,0.01,26214,1460666,2621440,0.5571998596191406,7885,0.0053982224546884,0.5398304826283117,rank32_norm_matched_lowrank_bf16_mask,32,3,0.5671494937612334,0.0018200244356199,-0.0273190111329216,bf16_merged_minus_base,adapter_merge_quantized_to_bf16,adapter_merge_quantized_to_bf16_in_memory,f9ebf1cb3715b509594cee9662c45e4d6591f8ab67a1394aaa8b1b02fa52b465,23bb330aae981819780518c7a67c2eb2e21d5489072c33e1f18bde3c21205229
qwen,qwen3_4b,seqkd,80,80,18,self_attn.v_proj,32,0.1,262144,1460666,2621440,0.5571998596191406,124297,0.0850961136906041,0.8509611369060415,rank32_norm_matched_lowrank_bf16_mask,32,3,0.858755397994828,0.001961927524207,-0.0077942610887865,bf16_merged_minus_base,adapter_merge_quantized_to_bf16,adapter_merge_quantized_to_bf16_in_memory,f9ebf1cb3715b509594cee9662c45e4d6591f8ab67a1394aaa8b1b02fa52b465,23bb330aae981819780518c7a67c2eb2e21d5489072c33e1f18bde3c21205229
qwen,qwen3_4b,seqkd,80,80,18,self_attn.v_proj,50,0.01,26214,1460666,2621440,0.5571998596191406,6945,0.0047546803992151,0.4754752950987476,rank32_norm_matched_lowrank_bf16_mask,32,3,0.5035615243967967,0.0043697666004047,-0.0280862292980491,bf16_merged_minus_base,adapter_merge_quantized_to_bf16,adapter_merge_quantized_to_bf16_in_memory,f9ebf1cb3715b509594cee9662c45e4d6591f8ab67a1394aaa8b1b02fa52b465,23bb330aae981819780518c7a67c2eb2e21d5489072c33e1f18bde3c21205229
qwen,qwen3_4b,seqkd,80,80,18,self_attn.v_proj,50,0.1,262144,1460666,2621440,0.5571998596191406,116475,0.0797410222460165,0.7974102224601654,rank32_norm_matched_lowrank_bf16_mask,32,3,0.8085592722128014,0.0018654170302653,-0.011149049752636,bf16_merged_minus_base,adapter_merge_quantized_to_bf16,adapter_merge_quantized_to_bf16_in_memory,f9ebf1cb3715b509594cee9662c45e4d6591f8ab67a1394aaa8b1b02fa52b465,23bb330aae981819780518c7a67c2eb2e21d5489072c33e1f18bde3c21205229
qwen,qwen3_4b,seqkd,160,160,18,self_attn.v_proj,16,0.01,26214,1603898,2621440,0.6118385314941406,10815,0.0067429474941673,0.6743050384950797,rank32_norm_matched_lowrank_bf16_mask,32,3,0.695644139727797,0.0026989155068373,-0.0213391012327173,bf16_merged_minus_base,adapter_merge_quantized_to_bf16,adapter_merge_quantized_to_bf16_in_memory,f9ebf1cb3715b509594cee9662c45e4d6591f8ab67a1394aaa8b1b02fa52b465,b1fe64ca3b0ef87572e5e1a4bb2abb2237ec57e51ba046c3a67b0bc418d7d123
qwen,qwen3_4b,seqkd,160,160,18,self_attn.v_proj,16,0.1,262144,1603898,2621440,0.6118385314941406,146969,0.0916323856005805,0.916323856005806,rank32_norm_matched_lowrank_bf16_mask,32,3,0.9237509279101248,0.0027843634441384,-0.007427071904319,bf16_merged_minus_base,adapter_merge_quantized_to_bf16,adapter_merge_quantized_to_bf16_in_memory,f9ebf1cb3715b509594cee9662c45e4d6591f8ab67a1394aaa8b1b02fa52b465,b1fe64ca3b0ef87572e5e1a4bb2abb2237ec57e51ba046c3a67b0bc418d7d123
qwen,qwen3_4b,seqkd,160,160,18,self_attn.v_proj,32,0.01,26214,1603898,2621440,0.6118385314941406,9401,0.0058613452975189,0.5861434735915159,rank32_norm_matched_lowrank_bf16_mask,32,3,0.6124856498604458,0.0016364785613729,-0.0263421762689299,bf16_merged_minus_base,adapter_merge_quantized_to_bf16,adapter_merge_quantized_to_bf16_in_memory,f9ebf1cb3715b509594cee9662c45e4d6591f8ab67a1394aaa8b1b02fa52b465,b1fe64ca3b0ef87572e5e1a4bb2abb2237ec57e51ba046c3a67b0bc418d7d123
qwen,qwen3_4b,seqkd,160,160,18,self_attn.v_proj,32,0.1,262144,1603898,2621440,0.6118385314941406,139019,0.0866757112983493,0.866757112983494,rank32_norm_matched_lowrank_bf16_mask,32,3,0.8773538123218767,0.0023100229457746,-0.0105966993383826,bf16_merged_minus_base,adapter_merge_quantized_to_bf16,adapter_merge_quantized_to_bf16_in_memory,f9ebf1cb3715b509594cee9662c45e4d6591f8ab67a1394aaa8b1b02fa52b465,b1fe64ca3b0ef87572e5e1a4bb2abb2237ec57e51ba046c3a67b0bc418d7d123
qwen,qwen3_4b,seqkd,160,160,18,self_attn.v_proj,50,0.01,26214,1603898,2621440,0.6118385314941406,8524,0.0053145524216627,0.5314633516534498,rank32_norm_matched_lowrank_bf16_mask,32,3,0.5535039036233154,0.0026193202662904,-0.0220405519698655,bf16_merged_minus_base,adapter_merge_quantized_to_bf16,adapter_merge_quantized_to_bf16_in_memory,f9ebf1cb3715b509594cee9662c45e4d6591f8ab67a1394aaa8b1b02fa52b465,b1fe64ca3b0ef87572e5e1a4bb2abb2237ec57e51ba046c3a67b0bc418d7d123
qwen,qwen3_4b,seqkd,160,160,18,self_attn.v_proj,50,0.1,262144,1603898,2621440,0.6118385314941406,131458,0.0819615711223531,0.8196157112235317,rank32_norm_matched_lowrank_bf16_mask,32,3,0.8311035790482729,0.0022446009957125,-0.0114878678247412,bf16_merged_minus_base,adapter_merge_quantized_to_bf16,adapter_merge_quantized_to_bf16_in_memory,f9ebf1cb3715b509594cee9662c45e4d6591f8ab67a1394aaa8b1b02fa52b465,b1fe64ca3b0ef87572e5e1a4bb2abb2237ec57e51ba046c3a67b0bc418d7d123
qwen,qwen3_4b,seqkd,320,320,18,self_attn.v_proj,16,0.01,26214,1778119,2621440,0.6782985687255859,12872,0.0072391105432201,0.7239221004966402,rank32_norm_matched_lowrank_bf16_mask,32,3,0.7538344442193677,0.0071771952634632,-0.0299123437227275,bf16_merged_minus_base,adapter_merge_quantized_to_bf16,adapter_merge_quantized_to_bf16_in_memory,f9ebf1cb3715b509594cee9662c45e4d6591f8ab67a1394aaa8b1b02fa52b465,b7cc116abc147bcd1cab9d417172013dbfa8ec5d707b277d5468f244deebed6d
qwen,qwen3_4b,seqkd,320,320,18,self_attn.v_proj,16,0.1,262144,1778119,2621440,0.6782985687255859,164980,0.0927834413782204,0.9278344137822048,rank32_norm_matched_lowrank_bf16_mask,32,3,0.9367184121303834,0.0018565682277736,-0.0088839983481787,bf16_merged_minus_base,adapter_merge_quantized_to_bf16,adapter_merge_quantized_to_bf16_in_memory,f9ebf1cb3715b509594cee9662c45e4d6591f8ab67a1394aaa8b1b02fa52b465,b7cc116abc147bcd1cab9d417172013dbfa8ec5d707b277d5468f244deebed6d
qwen,qwen3_4b,seqkd,320,320,18,self_attn.v_proj,32,0.01,26214,1778119,2621440,0.6782985687255859,11523,0.006480443659845,0.6480542545076744,rank32_norm_matched_lowrank_bf16_mask,32,3,0.6783727036813274,0.0057337268066146,-0.030318449173653,bf16_merged_minus_base,adapter_merge_quantized_to_bf16,adapter_merge_quantized_to_bf16_in_memory,f9ebf1cb3715b509594cee9662c45e4d6591f8ab67a1394aaa8b1b02fa52b465,b7cc116abc147bcd1cab9d417172013dbfa8ec5d707b277d5468f244deebed6d
qwen,qwen3_4b,seqkd,320,320,18,self_attn.v_proj,32,0.1,262144,1778119,2621440,0.6782985687255859,157654,0.0886633571768818,0.8866335717688186,rank32_norm_matched_lowrank_bf16_mask,32,3,0.8980038971185272,0.0028595687282594,-0.0113703253497086,bf16_merged_minus_base,adapter_merge_quantized_to_bf16,adapter_merge_quantized_to_bf16_in_memory,f9ebf1cb3715b509594cee9662c45e4d6591f8ab67a1394aaa8b1b02fa52b465,b7cc116abc147bcd1cab9d417172013dbfa8ec5d707b277d5468f244deebed6d
qwen,qwen3_4b,seqkd,320,320,18,self_attn.v_proj,50,0.01,26214,1778119,2621440,0.6782985687255859,10615,0.0059697916731107,0.59698827662926,rank32_norm_matched_lowrank_bf16_mask,32,3,0.6258695637618275,0.0057767539495205,-0.0288812871325674,bf16_merged_minus_base,adapter_merge_quantized_to_bf16,adapter_merge_quantized_to_bf16_in_memory,f9ebf1cb3715b509594cee9662c45e4d6591f8ab67a1394aaa8b1b02fa52b465,b7cc116abc147bcd1cab9d417172013dbfa8ec5d707b277d5468f244deebed6d
qwen,qwen3_4b,seqkd,320,320,18,self_attn.v_proj,50,0.1,262144,1778119,2621440,0.6782985687255859,151022,0.0849335730623203,0.8493357306232036,rank32_norm_matched_lowrank_bf16_mask,32,3,0.8591402056087599,0.0023319212386362,-0.0098044749855563,bf16_merged_minus_base,adapter_merge_quantized_to_bf16,adapter_merge_quantized_to_bf16_in_memory,f9ebf1cb3715b509594cee9662c45e4d6591f8ab67a1394aaa8b1b02fa52b465,b7cc116abc147bcd1cab9d417172013dbfa8ec5d707b277d5468f244deebed6d
qwen,qwen3_4b,opd,5,5,18,self_attn.o_proj,16,0.01,104858,2098289,10485760,0.2001084327697753,10784,0.0051394255033505,0.5139405898072961,rank32_norm_matched_lowrank_bf16_mask,32,3,0.5020967016249496,0.0006849480273557,0.0118438881823464,bf16_merged_minus_base,saved_merged_bf16,saved_merged_bf16,06165e9b53a45b9fb9a040fa87966daa49c82c0728111da9da9149a1cf22f8ba,7c1b4a8fd32b3fe6bedbed46f8e78333815ec6edd24b102a222061c858c10880
qwen,qwen3_4b,opd,5,5,18,self_attn.o_proj,16,0.1,1048576,2098289,10485760,0.2001084327697753,167519,0.0798359997121464,0.7983599971214642,rank32_norm_matched_lowrank_bf16_mask,32,3,0.7997633957334657,0.000460770123914,-0.0014033986120014,bf16_merged_minus_base,saved_merged_bf16,saved_merged_bf16,06165e9b53a45b9fb9a040fa87966daa49c82c0728111da9da9149a1cf22f8ba,7c1b4a8fd32b3fe6bedbed46f8e78333815ec6edd24b102a222061c858c10880
qwen,qwen3_4b,opd,5,5,18,self_attn.o_proj,32,0.01,104858,2098289,10485760,0.2001084327697753,8219,0.003917000946962,0.3916986004846222,rank32_norm_matched_lowrank_bf16_mask,32,3,0.3856936531924851,0.001537448442777,0.0060049472921371,bf16_merged_minus_base,saved_merged_bf16,saved_merged_bf16,06165e9b53a45b9fb9a040fa87966daa49c82c0728111da9da9149a1cf22f8ba,7c1b4a8fd32b3fe6bedbed46f8e78333815ec6edd24b102a222061c858c10880
qwen,qwen3_4b,opd,5,5,18,self_attn.o_proj,32,0.1,1048576,2098289,10485760,0.2001084327697753,152278,0.0725724626112037,0.725724626112037,rank32_norm_matched_lowrank_bf16_mask,32,3,0.7283807867626017,0.0012574016316329,-0.0026561606505646,bf16_merged_minus_base,saved_merged_bf16,saved_merged_bf16,06165e9b53a45b9fb9a040fa87966daa49c82c0728111da9da9149a1cf22f8ba,7c1b4a8fd32b3fe6bedbed46f8e78333815ec6edd24b102a222061c858c10880
qwen,qwen3_4b,opd,5,5,18,self_attn.o_proj,50,0.01,104858,2098289,10485760,0.2001084327697753,6761,0.0032221490938569,0.3222136802380497,rank32_norm_matched_lowrank_bf16_mask,32,3,0.3207548494850016,0.0035977867259325,0.001458830753048,bf16_merged_minus_base,saved_merged_bf16,saved_merged_bf16,06165e9b53a45b9fb9a040fa87966daa49c82c0728111da9da9149a1cf22f8ba,7c1b4a8fd32b3fe6bedbed46f8e78333815ec6edd24b102a222061c858c10880
qwen,qwen3_4b,opd,5,5,18,self_attn.o_proj,50,0.1,1048576,2098289,10485760,0.2001084327697753,140224,0.066827782064339,0.6682778206433909,rank32_norm_matched_lowrank_bf16_mask,32,3,0.6695498437817743,0.0010509258160515,-0.0012720231383833,bf16_merged_minus_base,saved_merged_bf16,saved_merged_bf16,06165e9b53a45b9fb9a040fa87966daa49c82c0728111da9da9149a1cf22f8ba,7c1b4a8fd32b3fe6bedbed46f8e78333815ec6edd24b102a222061c858c10880
qwen,qwen3_4b,opd,20,20,18,self_attn.o_proj,16,0.01,104858,4789154,10485760,0.4567293167114258,28854,0.0060248636815604,0.6024840698617121,rank32_norm_matched_lowrank_bf16_mask,32,3,0.6132190069481863,0.0007683036061244,-0.0107349370864742,bf16_merged_minus_base,saved_merged_bf16,saved_merged_bf16,06165e9b53a45b9fb9a040fa87966daa49c82c0728111da9da9149a1cf22f8ba,131f665fe98b9033423eabb3ca934d82aa446dbe1ab36a365ad11f90579b4016
qwen,qwen3_4b,opd,20,20,18,self_attn.o_proj,16,0.1,1048576,4789154,10485760,0.4567293167114258,407033,0.0849905849759686,0.8499058497596861,rank32_norm_matched_lowrank_bf16_mask,32,3,0.864244571426063,0.0002208026595463,-0.0143387216663769,bf16_merged_minus_base,saved_merged_bf16,saved_merged_bf16,06165e9b53a45b9fb9a040fa87966daa49c82c0728111da9da9149a1cf22f8ba,131f665fe98b9033423eabb3ca934d82aa446dbe1ab36a365ad11f90579b4016
qwen,qwen3_4b,opd,20,20,18,self_attn.o_proj,32,0.01,104858,4789154,10485760,0.4567293167114258,23588,0.0049252957829295,0.4925276994488828,rank32_norm_matched_lowrank_bf16_mask,32,3,0.5099755671785061,0.0021422557313959,-0.0174478677296233,bf16_merged_minus_base,saved_merged_bf16,saved_merged_bf16,06165e9b53a45b9fb9a040fa87966daa49c82c0728111da9da9149a1cf22f8ba,131f665fe98b9033423eabb3ca934d82aa446dbe1ab36a365ad11f90579b4016
qwen,qwen3_4b,opd,20,20,18,self_attn.o_proj,32,0.1,1048576,4789154,10485760,0.4567293167114258,379765,0.0792968862559024,0.792968862559024,rank32_norm_matched_lowrank_bf16_mask,32,3,0.8115329837040002,0.0008030035424271,-0.0185641211449761,bf16_merged_minus_base,saved_merged_bf16,saved_merged_bf16,06165e9b53a45b9fb9a040fa87966daa49c82c0728111da9da9149a1cf22f8ba,131f665fe98b9033423eabb3ca934d82aa446dbe1ab36a365ad11f90579b4016
qwen,qwen3_4b,opd,20,20,18,self_attn.o_proj,50,0.01,104858,4789154,10485760,0.4567293167114258,20529,0.0042865608414346,0.4286544489565081,rank32_norm_matched_lowrank_bf16_mask,32,3,0.4466891068008364,0.0012691824870658,-0.0180346578443282,bf16_merged_minus_base,saved_merged_bf16,saved_merged_bf16,06165e9b53a45b9fb9a040fa87966daa49c82c0728111da9da9149a1cf22f8ba,131f665fe98b9033423eabb3ca934d82aa446dbe1ab36a365ad11f90579b4016
qwen,qwen3_4b,opd,20,20,18,self_attn.o_proj,50,0.1,1048576,4789154,10485760,0.4567293167114258,358290,0.0748127957463886,0.748127957463886,rank32_norm_matched_lowrank_bf16_mask,32,3,0.7652535709547653,0.0009033429450932,-0.0171256134908792,bf16_merged_minus_base,saved_merged_bf16,saved_merged_bf16,06165e9b53a45b9fb9a040fa87966daa49c82c0728111da9da9149a1cf22f8ba,131f665fe98b9033423eabb3ca934d82aa446dbe1ab36a365ad11f90579b4016
qwen,qwen3_4b,opd,40,40,18,self_attn.o_proj,16,0.01,104858,5579173,10485760,0.5320713996887207,36455,0.0065341225303463,0.6534097604742077,rank32_norm_matched_lowrank_bf16_mask,32,3,0.6607464428566848,0.0040177267161147,-0.007336682382477,bf16_merged_minus_base,saved_merged_bf16,saved_merged_bf16,06165e9b53a45b9fb9a040fa87966daa49c82c0728111da9da9149a1cf22f8ba,59b2a9757ba09fa5c71eec43fa24f641dea4e9655399adda0971b71850238d94
qwen,qwen3_4b,opd,40,40,18,self_attn.o_proj,16,0.1,1048576,5579173,10485760,0.5320713996887207,487600,0.0873964653901214,0.8739646539012144,rank32_norm_matched_lowrank_bf16_mask,32,3,0.8864446170718326,0.0017260638735288,-0.0124799631706182,bf16_merged_minus_base,saved_merged_bf16,saved_merged_bf16,06165e9b53a45b9fb9a040fa87966daa49c82c0728111da9da9149a1cf22f8ba,59b2a9757ba09fa5c71eec43fa24f641dea4e9655399adda0971b71850238d94
qwen,qwen3_4b,opd,40,40,18,self_attn.o_proj,32,0.01,104858,5579173,10485760,0.5320713996887207,30853,0.0055300310637436,0.5530009968429771,rank32_norm_matched_lowrank_bf16_mask,32,3,0.570900503110357,0.002768386818866,-0.0178995062673799,bf16_merged_minus_base,saved_merged_bf16,saved_merged_bf16,06165e9b53a45b9fb9a040fa87966daa49c82c0728111da9da9149a1cf22f8ba,59b2a9757ba09fa5c71eec43fa24f641dea4e9655399adda0971b71850238d94
qwen,qwen3_4b,opd,40,40,18,self_attn.o_proj,32,0.1,1048576,5579173,10485760,0.5320713996887207,459682,0.0823924979562383,0.8239249795623831,rank32_norm_matched_lowrank_bf16_mask,32,3,0.8416997604920281,0.0020791779598279,-0.017774780929645,bf16_merged_minus_base,saved_merged_bf16,saved_merged_bf16,06165e9b53a45b9fb9a040fa87966daa49c82c0728111da9da9149a1cf22f8ba,59b2a9757ba09fa5c71eec43fa24f641dea4e9655399adda0971b71850238d94
qwen,qwen3_4b,opd,40,40,18,self_attn.o_proj,50,0.01,104858,5579173,10485760,0.5320713996887207,27435,0.0049173954634495,0.491737670514604,rank32_norm_matched_lowrank_bf16_mask,32,3,0.5136898074158424,0.0020147366768103,-0.0219521369012383,bf16_merged_minus_base,saved_merged_bf16,saved_merged_bf16,06165e9b53a45b9fb9a040fa87966daa49c82c0728111da9da9149a1cf22f8ba,59b2a9757ba09fa5c71eec43fa24f641dea4e9655399adda0971b71850238d94
qwen,qwen3_4b,opd,40,40,18,self_attn.o_proj,50,0.1,1048576,5579173,10485760,0.5320713996887207,436979,0.0783232568697905,0.7832325686979055,rank32_norm_matched_lowrank_bf16_mask,32,3,0.8025138785707256,0.00149536500431,-0.0192813098728201,bf16_merged_minus_base,saved_merged_bf16,saved_merged_bf16,06165e9b53a45b9fb9a040fa87966daa49c82c0728111da9da9149a1cf22f8ba,59b2a9757ba09fa5c71eec43fa24f641dea4e9655399adda0971b71850238d94
qwen,qwen3_4b,opd,80,80,18,self_attn.o_proj,16,0.01,104858,6007060,10485760,0.5728778839111328,40111,0.0066773096989209,0.6677284227103053,rank32_norm_matched_lowrank_bf16_mask,32,3,0.6833411466218268,0.0026725808676,-0.0156127239115214,bf16_merged_minus_base,saved_merged_bf16,saved_merged_bf16,06165e9b53a45b9fb9a040fa87966daa49c82c0728111da9da9149a1cf22f8ba,2bae4d1b602420f75680927a67130a29c068d719a2f44164f628cf43c96644fe
qwen,qwen3_4b,opd,80,80,18,self_attn.o_proj,16,0.1,1048576,6007060,10485760,0.5728778839111328,530988,0.0883939897387407,0.8839398973874075,rank32_norm_matched_lowrank_bf16_mask,32,3,0.8962783550927056,0.0012061957654842,-0.012338457705298,bf16_merged_minus_base,saved_merged_bf16,saved_merged_bf16,06165e9b53a45b9fb9a040fa87966daa49c82c0728111da9da9149a1cf22f8ba,2bae4d1b602420f75680927a67130a29c068d719a2f44164f628cf43c96644fe
qwen,qwen3_4b,opd,80,80,18,self_attn.o_proj,32,0.01,104858,6007060,10485760,0.5728778839111328,34692,0.0057752045093606,0.5775182478787843,rank32_norm_matched_lowrank_bf16_mask,32,3,0.6025975043400198,0.0025909201062429,-0.0250792564612355,bf16_merged_minus_base,saved_merged_bf16,saved_merged_bf16,06165e9b53a45b9fb9a040fa87966daa49c82c0728111da9da9149a1cf22f8ba,2bae4d1b602420f75680927a67130a29c068d719a2f44164f628cf43c96644fe
qwen,qwen3_4b,opd,80,80,18,self_attn.o_proj,32,0.1,1048576,6007060,10485760,0.5728778839111328,503913,0.0838867932066601,0.8388679320666016,rank32_norm_matched_lowrank_bf16_mask,32,3,0.8562894811136129,0.0012597161566681,-0.0174215490470113,bf16_merged_minus_base,saved_merged_bf16,saved_merged_bf16,06165e9b53a45b9fb9a040fa87966daa49c82c0728111da9da9149a1cf22f8ba,2bae4d1b602420f75680927a67130a29c068d719a2f44164f628cf43c96644fe
qwen,qwen3_4b,opd,80,80,18,self_attn.o_proj,50,0.01,104858,6007060,10485760,0.5728778839111328,31360,0.0052205238502695,0.5220503935627427,rank32_norm_matched_lowrank_bf16_mask,32,3,0.5474095006447746,0.0017581688049085,-0.0253591070820318,bf16_merged_minus_base,saved_merged_bf16,saved_merged_bf16,06165e9b53a45b9fb9a040fa87966daa49c82c0728111da9da9149a1cf22f8ba,2bae4d1b602420f75680927a67130a29c068d719a2f44164f628cf43c96644fe
qwen,qwen3_4b,opd,80,80,18,self_attn.o_proj,50,0.1,1048576,6007060,10485760,0.5728778839111328,481378,0.0801353740432091,0.8013537404320916,rank32_norm_matched_lowrank_bf16_mask,32,3,0.8199032005884995,0.0006347528752875,-0.0185494601564079,bf16_merged_minus_base,saved_merged_bf16,saved_merged_bf16,06165e9b53a45b9fb9a040fa87966daa49c82c0728111da9da9149a1cf22f8ba,2bae4d1b602420f75680927a67130a29c068d719a2f44164f628cf43c96644fe
qwen,qwen3_4b,opd,160,160,18,self_attn.o_proj,16,0.01,104858,6682287,10485760,0.6372725486755371,47330,0.0070829044008436,0.7082877381810622,rank32_norm_matched_lowrank_bf16_mask,32,3,0.7205687376444505,0.0019137059648849,-0.0122809994633883,bf16_merged_minus_base,saved_merged_bf16,saved_merged_bf16,06165e9b53a45b9fb9a040fa87966daa49c82c0728111da9da9149a1cf22f8ba,8a44b10eda5860d47bf22dea84580a6acaaa96457fe4df499471f99dcce6562a
qwen,qwen3_4b,opd,160,160,18,self_attn.o_proj,16,0.1,1048576,6682287,10485760,0.6372725486755371,603255,0.0902767271145342,0.9027672711453428,rank32_norm_matched_lowrank_bf16_mask,32,3,0.9101765084260882,0.0001719825234549,-0.0074092372807452,bf16_merged_minus_base,saved_merged_bf16,saved_merged_bf16,06165e9b53a45b9fb9a040fa87966daa49c82c0728111da9da9149a1cf22f8ba,8a44b10eda5860d47bf22dea84580a6acaaa96457fe4df499471f99dcce6562a
qwen,qwen3_4b,opd,160,160,18,self_attn.o_proj,32,0.01,104858,6682287,10485760,0.6372725486755371,42246,0.006322087033975,0.6322062917218921,rank32_norm_matched_lowrank_bf16_mask,32,3,0.6465089733920383,0.0034677186918638,-0.0143026816701461,bf16_merged_minus_base,saved_merged_bf16,saved_merged_bf16,06165e9b53a45b9fb9a040fa87966daa49c82c0728111da9da9149a1cf22f8ba,8a44b10eda5860d47bf22dea84580a6acaaa96457fe4df499471f99dcce6562a
qwen,qwen3_4b,opd,160,160,18,self_attn.o_proj,32,0.1,1048576,6682287,10485760,0.6372725486755371,578979,0.0866438391526733,0.8664383915267333,rank32_norm_matched_lowrank_bf16_mask,32,3,0.8759882714889383,0.0003212554752612,-0.009549879962205,bf16_merged_minus_base,saved_merged_bf16,saved_merged_bf16,06165e9b53a45b9fb9a040fa87966daa49c82c0728111da9da9149a1cf22f8ba,8a44b10eda5860d47bf22dea84580a6acaaa96457fe4df499471f99dcce6562a
qwen,qwen3_4b,opd,160,160,18,self_attn.o_proj,50,0.01,104858,6682287,10485760,0.6372725486755371,38851,0.0058140274429996,0.5814005264329695,rank32_norm_matched_lowrank_bf16_mask,32,3,0.5977020073767432,0.0040407648369267,-0.0163014809437737,bf16_merged_minus_base,saved_merged_bf16,saved_merged_bf16,06165e9b53a45b9fb9a040fa87966daa49c82c0728111da9da9149a1cf22f8ba,8a44b10eda5860d47bf22dea84580a6acaaa96457fe4df499471f99dcce6562a
qwen,qwen3_4b,opd,160,160,18,self_attn.o_proj,50,0.1,1048576,6682287,10485760,0.6372725486755371,556919,0.0833425741815638,0.8334257418156389,rank32_norm_matched_lowrank_bf16_mask,32,3,0.8445368696892808,0.0005812928739359,-0.0111111278736418,bf16_merged_minus_base,saved_merged_bf16,saved_merged_bf16,06165e9b53a45b9fb9a040fa87966daa49c82c0728111da9da9149a1cf22f8ba,8a44b10eda5860d47bf22dea84580a6acaaa96457fe4df499471f99dcce6562a
qwen,qwen3_4b,opd,320,320,18,self_attn.o_proj,16,0.01,104858,7494894,10485760,0.7147687911987305,57525,0.0076752252933797,0.7675196014830482,rank32_norm_matched_lowrank_bf16_mask,32,3,0.7718271829497803,0.0028366645468545,-0.004307581466732,bf16_merged_minus_base,saved_merged_bf16,saved_merged_bf16,06165e9b53a45b9fb9a040fa87966daa49c82c0728111da9da9149a1cf22f8ba,1e75410e589e9a9a9a5114c62d7b1c835306462376dfeb53f18698b47ce75cc5
qwen,qwen3_4b,opd,320,320,18,self_attn.o_proj,16,0.1,1048576,7494894,10485760,0.7147687911987305,694184,0.0926209229910389,0.9262092299103896,rank32_norm_matched_lowrank_bf16_mask,32,3,0.9292144942697492,0.0010791511704688,-0.0030052643593594,bf16_merged_minus_base,saved_merged_bf16,saved_merged_bf16,06165e9b53a45b9fb9a040fa87966daa49c82c0728111da9da9149a1cf22f8ba,1e75410e589e9a9a9a5114c62d7b1c835306462376dfeb53f18698b47ce75cc5
qwen,qwen3_4b,opd,320,320,18,self_attn.o_proj,32,0.01,104858,7494894,10485760,0.7147687911987305,52841,0.0070502664880917,0.705023959356206,rank32_norm_matched_lowrank_bf16_mask,32,3,0.7105877254572417,0.002434008222568,-0.0055637661010357,bf16_merged_minus_base,saved_merged_bf16,saved_merged_bf16,06165e9b53a45b9fb9a040fa87966daa49c82c0728111da9da9149a1cf22f8ba,1e75410e589e9a9a9a5114c62d7b1c835306462376dfeb53f18698b47ce75cc5
qwen,qwen3_4b,opd,320,320,18,self_attn.o_proj,32,0.1,1048576,7494894,10485760,0.7147687911987305,672826,0.089771249600061,0.8977124960006105,rank32_norm_matched_lowrank_bf16_mask,32,3,0.9014489457976188,0.0006288147759959,-0.0037364497970081,bf16_merged_minus_base,saved_merged_bf16,saved_merged_bf16,06165e9b53a45b9fb9a040fa87966daa49c82c0728111da9da9149a1cf22f8ba,1e75410e589e9a9a9a5114c62d7b1c835306462376dfeb53f18698b47ce75cc5
qwen,qwen3_4b,opd,320,320,18,self_attn.o_proj,50,0.01,104858,7494894,10485760,0.7147687911987305,49522,0.0066074316728161,0.6607406467560802,rank32_norm_matched_lowrank_bf16_mask,32,3,0.6690291584962779,0.0030012791895789,-0.0082885117401976,bf16_merged_minus_base,saved_merged_bf16,saved_merged_bf16,06165e9b53a45b9fb9a040fa87966daa49c82c0728111da9da9149a1cf22f8ba,1e75410e589e9a9a9a5114c62d7b1c835306462376dfeb53f18698b47ce75cc5
qwen,qwen3_4b,opd,320,320,18,self_attn.o_proj,50,0.1,1048576,7494894,10485760,0.7147687911987305,652637,0.0870775490620681,0.8707754906206812,rank32_norm_matched_lowrank_bf16_mask,32,3,0.8770263533249505,0.0006772367529423,-0.0062508627042693,bf16_merged_minus_base,saved_merged_bf16,saved_merged_bf16,06165e9b53a45b9fb9a040fa87966daa49c82c0728111da9da9149a1cf22f8ba,1e75410e589e9a9a9a5114c62d7b1c835306462376dfeb53f18698b47ce75cc5
qwen,qwen3_4b,sft,5,5,18,self_attn.o_proj,16,0.01,104858,82619,10485760,0.0078791618347167,403,0.0048778126096902,0.4877794002382821,rank32_norm_matched_lowrank_bf16_mask,32,3,0.459925484493529,0.0384831109115579,0.0278539157447531,bf16_merged_minus_base,adapter_merge_quantized_to_bf16,adapter_merge_quantized_to_bf16_in_memory,06165e9b53a45b9fb9a040fa87966daa49c82c0728111da9da9149a1cf22f8ba,d1cbf4ed8b3b20afee5f4f1d3cec3a8af0bd922b5b66d1ac610b944177c2ef5d
qwen,qwen3_4b,sft,5,5,18,self_attn.o_proj,16,0.1,1048576,82619,10485760,0.0078791618347167,6402,0.0774882290998438,0.7748822909984386,rank32_norm_matched_lowrank_bf16_mask,32,3,0.7800298001971592,0.0128033130085047,-0.0051475091987205,bf16_merged_minus_base,adapter_merge_quantized_to_bf16,adapter_merge_quantized_to_bf16_in_memory,06165e9b53a45b9fb9a040fa87966daa49c82c0728111da9da9149a1cf22f8ba,d1cbf4ed8b3b20afee5f4f1d3cec3a8af0bd922b5b66d1ac610b944177c2ef5d
qwen,qwen3_4b,sft,5,5,18,self_attn.o_proj,32,0.01,104858,82619,10485760,0.0078791618347167,260,0.0031469758772195,0.3146963872505046,rank32_norm_matched_lowrank_bf16_mask,32,3,0.2887831511266324,0.0351321245636597,0.0259132361238722,bf16_merged_minus_base,adapter_merge_quantized_to_bf16,adapter_merge_quantized_to_bf16_in_memory,06165e9b53a45b9fb9a040fa87966daa49c82c0728111da9da9149a1cf22f8ba,d1cbf4ed8b3b20afee5f4f1d3cec3a8af0bd922b5b66d1ac610b944177c2ef5d
qwen,qwen3_4b,sft,5,5,18,self_attn.o_proj,32,0.1,1048576,82619,10485760,0.0078791618347167,5857,0.0708916835110567,0.7089168351105678,rank32_norm_matched_lowrank_bf16_mask,32,3,0.7233084777360541,0.006612186403446,-0.0143916426254863,bf16_merged_minus_base,adapter_merge_quantized_to_bf16,adapter_merge_quantized_to_bf16_in_memory,06165e9b53a45b9fb9a040fa87966daa49c82c0728111da9da9149a1cf22f8ba,d1cbf4ed8b3b20afee5f4f1d3cec3a8af0bd922b5b66d1ac610b944177c2ef5d
qwen,qwen3_4b,sft,5,5,18,self_attn.o_proj,50,0.01,104858,82619,10485760,0.0078791618347167,236,0.0028564857962454,0.2856474899658426,rank32_norm_matched_lowrank_bf16_mask,32,3,0.3194376717626322,0.0328162720200058,-0.0337901817967895,bf16_merged_minus_base,adapter_merge_quantized_to_bf16,adapter_merge_quantized_to_bf16_in_memory,06165e9b53a45b9fb9a040fa87966daa49c82c0728111da9da9149a1cf22f8ba,d1cbf4ed8b3b20afee5f4f1d3cec3a8af0bd922b5b66d1ac610b944177c2ef5d
qwen,qwen3_4b,sft,5,5,18,self_attn.o_proj,50,0.1,1048576,82619,10485760,0.0078791618347167,5271,0.0637988840339389,0.6379888403393893,rank32_norm_matched_lowrank_bf16_mask,32,3,0.6602045850129432,0.006642852575234,-0.0222157446735539,bf16_merged_minus_base,adapter_merge_quantized_to_bf16,adapter_merge_quantized_to_bf16_in_memory,06165e9b53a45b9fb9a040fa87966daa49c82c0728111da9da9149a1cf22f8ba,d1cbf4ed8b3b20afee5f4f1d3cec3a8af0bd922b5b66d1ac610b944177c2ef5d
qwen,qwen3_4b,sft,20,20,18,self_attn.o_proj,16,0.01,104858,1339221,10485760,0.1277180671691894,6313,0.004713934443979,0.4713916461814763,rank32_norm_matched_lowrank_bf16_mask,32,3,0.4960591855122945,0.0076425041576776,-0.0246675393308182,bf16_merged_minus_base,adapter_merge_quantized_to_bf16,adapter_merge_quantized_to_bf16_in_memory,06165e9b53a45b9fb9a040fa87966daa49c82c0728111da9da9149a1cf22f8ba,431bb60b206b92e79c3c80a02719771d13518dbdf9ce3cf4ae54e2a3935fc551
qwen,qwen3_4b,sft,20,20,18,self_attn.o_proj,16,0.1,1048576,1339221,10485760,0.1277180671691894,103342,0.0771657553159635,0.7716575531596354,rank32_norm_matched_lowrank_bf16_mask,32,3,0.791388048673146,0.0021038570790369,-0.0197304955135106,bf16_merged_minus_base,adapter_merge_quantized_to_bf16,adapter_merge_quantized_to_bf16_in_memory,06165e9b53a45b9fb9a040fa87966daa49c82c0728111da9da9149a1cf22f8ba,431bb60b206b92e79c3c80a02719771d13518dbdf9ce3cf4ae54e2a3935fc551
qwen,qwen3_4b,sft,20,20,18,self_attn.o_proj,32,0.01,104858,1339221,10485760,0.1277180671691894,4883,0.0036461495152779,0.3646135606374384,rank32_norm_matched_lowrank_bf16_mask,32,3,0.377414832440591,0.0083139021590565,-0.0128012718031526,bf16_merged_minus_base,adapter_merge_quantized_to_bf16,adapter_merge_quantized_to_bf16_in_memory,06165e9b53a45b9fb9a040fa87966daa49c82c0728111da9da9149a1cf22f8ba,431bb60b206b92e79c3c80a02719771d13518dbdf9ce3cf4ae54e2a3935fc551
qwen,qwen3_4b,sft,20,20,18,self_attn.o_proj,32,0.1,1048576,1339221,10485760,0.1277180671691894,94015,0.0702012587914914,0.7020125879149147,rank32_norm_matched_lowrank_bf16_mask,32,3,0.7164287235763732,0.0020232122328772,-0.0144161356614584,bf16_merged_minus_base,adapter_merge_quantized_to_bf16,adapter_merge_quantized_to_bf16_in_memory,06165e9b53a45b9fb9a040fa87966daa49c82c0728111da9da9149a1cf22f8ba,431bb60b206b92e79c3c80a02719771d13518dbdf9ce3cf4ae54e2a3935fc551
qwen,qwen3_4b,sft,20,20,18,self_attn.o_proj,50,0.01,104858,1339221,10485760,0.1277180671691894,3998,0.0029853175838789,0.2985306195839604,rank32_norm_matched_lowrank_bf16_mask,32,3,0.3118342780375524,0.0033693217772203,-0.0133036584535919,bf16_merged_minus_base,adapter_merge_quantized_to_bf16,adapter_merge_quantized_to_bf16_in_memory,06165e9b53a45b9fb9a040fa87966daa49c82c0728111da9da9149a1cf22f8ba,431bb60b206b92e79c3c80a02719771d13518dbdf9ce3cf4ae54e2a3935fc551
qwen,qwen3_4b,sft,20,20,18,self_attn.o_proj,50,0.1,1048576,1339221,10485760,0.1277180671691894,86307,0.0644456740149684,0.644456740149684,rank32_norm_matched_lowrank_bf16_mask,32,3,0.6566669405097135,0.0010476874146621,-0.0122102003600295,bf16_merged_minus_base,adapter_merge_quantized_to_bf16,adapter_merge_quantized_to_bf16_in_memory,06165e9b53a45b9fb9a040fa87966daa49c82c0728111da9da9149a1cf22f8ba,431bb60b206b92e79c3c80a02719771d13518dbdf9ce3cf4ae54e2a3935fc551
qwen,qwen3_4b,sft,40,40,18,self_attn.o_proj,16,0.01,104858,3243269,10485760,0.3093022346496582,16862,0.005199075377343,0.5199055544520075,rank32_norm_matched_lowrank_bf16_mask,32,3,0.542230367061398,0.0013270940410427,-0.0223248126093905,bf16_merged_minus_base,adapter_merge_quantized_to_bf16,adapter_merge_quantized_to_bf16_in_memory,06165e9b53a45b9fb9a040fa87966daa49c82c0728111da9da9149a1cf22f8ba,454a3a2d51b8adb9266811fa1978cfe903a2fa57a472f75eabd16fe156f67e66
qwen,qwen3_4b,sft,40,40,18,self_attn.o_proj,16,0.1,1048576,3243269,10485760,0.3093022346496582,262684,0.0809935901092385,0.8099359010923854,rank32_norm_matched_lowrank_bf16_mask,32,3,0.8234823563598694,0.0017567794151236,-0.0135464552674839,bf16_merged_minus_base,adapter_merge_quantized_to_bf16,adapter_merge_quantized_to_bf16_in_memory,06165e9b53a45b9fb9a040fa87966daa49c82c0728111da9da9149a1cf22f8ba,454a3a2d51b8adb9266811fa1978cfe903a2fa57a472f75eabd16fe156f67e66
qwen,qwen3_4b,sft,40,40,18,self_attn.o_proj,32,0.01,104858,3243269,10485760,0.3093022346496582,13541,0.0041751085093465,0.4175092582632329,rank32_norm_matched_lowrank_bf16_mask,32,3,0.429014774978165,0.0015020285133088,-0.0115055167149321,bf16_merged_minus_base,adapter_merge_quantized_to_bf16,adapter_merge_quantized_to_bf16_in_memory,06165e9b53a45b9fb9a040fa87966daa49c82c0728111da9da9149a1cf22f8ba,454a3a2d51b8adb9266811fa1978cfe903a2fa57a472f75eabd16fe156f67e66
qwen,qwen3_4b,sft,40,40,18,self_attn.o_proj,32,0.1,1048576,3243269,10485760,0.3093022346496582,242777,0.0748556471880685,0.7485564718806857,rank32_norm_matched_lowrank_bf16_mask,32,3,0.7580202247011686,0.001633718759148,-0.0094637528204828,bf16_merged_minus_base,adapter_merge_quantized_to_bf16,adapter_merge_quantized_to_bf16_in_memory,06165e9b53a45b9fb9a040fa87966daa49c82c0728111da9da9149a1cf22f8ba,454a3a2d51b8adb9266811fa1978cfe903a2fa57a472f75eabd16fe156f67e66
qwen,qwen3_4b,sft,40,40,18,self_attn.o_proj,50,0.01,104858,3243269,10485760,0.3093022346496582,11410,0.00351805539411,0.351804197384498,rank32_norm_matched_lowrank_bf16_mask,32,3,0.3624323190572667,0.0031119769160697,-0.0106281216727687,bf16_merged_minus_base,adapter_merge_quantized_to_bf16,adapter_merge_quantized_to_bf16_in_memory,06165e9b53a45b9fb9a040fa87966daa49c82c0728111da9da9149a1cf22f8ba,454a3a2d51b8adb9266811fa1978cfe903a2fa57a472f75eabd16fe156f67e66
qwen,qwen3_4b,sft,40,40,18,self_attn.o_proj,50,0.1,1048576,3243269,10485760,0.3093022346496582,225819,0.069626972045797,0.69626972045797,rank32_norm_matched_lowrank_bf16_mask,32,3,0.7037606767112967,0.001891040151845,-0.0074909562533267,bf16_merged_minus_base,adapter_merge_quantized_to_bf16,adapter_merge_quantized_to_bf16_in_memory,06165e9b53a45b9fb9a040fa87966daa49c82c0728111da9da9149a1cf22f8ba,454a3a2d51b8adb9266811fa1978cfe903a2fa57a472f75eabd16fe156f67e66
qwen,qwen3_4b,sft,80,80,18,self_attn.o_proj,16,0.01,104858,5430676,10485760,0.5179096221923828,33749,0.0062145117845365,0.6214488078145906,rank32_norm_matched_lowrank_bf16_mask,32,3,0.64856649933067,0.0022407409376036,-0.0271176915160794,bf16_merged_minus_base,adapter_merge_quantized_to_bf16,adapter_merge_quantized_to_bf16_in_memory,06165e9b53a45b9fb9a040fa87966daa49c82c0728111da9da9149a1cf22f8ba,a43333602ce25441910d0735a351c9892ee81e96fc0c2b02c032e81bfb8a60a6
qwen,qwen3_4b,sft,80,80,18,self_attn.o_proj,16,0.1,1048576,5430676,10485760,0.5179096221923828,470645,0.0866641648295718,0.8666416482957187,rank32_norm_matched_lowrank_bf16_mask,32,3,0.8806148649279707,0.0009520468735173,-0.013973216632252,bf16_merged_minus_base,adapter_merge_quantized_to_bf16,adapter_merge_quantized_to_bf16_in_memory,06165e9b53a45b9fb9a040fa87966daa49c82c0728111da9da9149a1cf22f8ba,a43333602ce25441910d0735a351c9892ee81e96fc0c2b02c032e81bfb8a60a6
qwen,qwen3_4b,sft,80,80,18,self_attn.o_proj,32,0.01,104858,5430676,10485760,0.5179096221923828,28999,0.00533985087676,0.533983050692326,rank32_norm_matched_lowrank_bf16_mask,32,3,0.5553993768868969,0.0012400433911525,-0.0214163261945709,bf16_merged_minus_base,adapter_merge_quantized_to_bf16,adapter_merge_quantized_to_bf16_in_memory,06165e9b53a45b9fb9a040fa87966daa49c82c0728111da9da9149a1cf22f8ba,a43333602ce25441910d0735a351c9892ee81e96fc0c2b02c032e81bfb8a60a6
qwen,qwen3_4b,sft,80,80,18,self_attn.o_proj,32,0.1,1048576,5430676,10485760,0.5179096221923828,446158,0.0821551497456302,0.821551497456302,rank32_norm_matched_lowrank_bf16_mask,32,3,0.8344487902936715,0.0008691848468447,-0.0128972928373695,bf16_merged_minus_base,adapter_merge_quantized_to_bf16,adapter_merge_quantized_to_bf16_in_memory,06165e9b53a45b9fb9a040fa87966daa49c82c0728111da9da9149a1cf22f8ba,a43333602ce25441910d0735a351c9892ee81e96fc0c2b02c032e81bfb8a60a6
qwen,qwen3_4b,sft,80,80,18,self_attn.o_proj,50,0.01,104858,5430676,10485760,0.5179096221923828,25868,0.0047633112341815,0.4763293063660502,rank32_norm_matched_lowrank_bf16_mask,32,3,0.4973238331411084,0.0018601345443674,-0.0209945267750582,bf16_merged_minus_base,adapter_merge_quantized_to_bf16,adapter_merge_quantized_to_bf16_in_memory,06165e9b53a45b9fb9a040fa87966daa49c82c0728111da9da9149a1cf22f8ba,a43333602ce25441910d0735a351c9892ee81e96fc0c2b02c032e81bfb8a60a6
qwen,qwen3_4b,sft,80,80,18,self_attn.o_proj,50,0.1,1048576,5430676,10485760,0.5179096221923828,423918,0.0780598953058514,0.7805989530585143,rank32_norm_matched_lowrank_bf16_mask,32,3,0.7932969672279757,0.0010073158744905,-0.0126980141694613,bf16_merged_minus_base,adapter_merge_quantized_to_bf16,adapter_merge_quantized_to_bf16_in_memory,06165e9b53a45b9fb9a040fa87966daa49c82c0728111da9da9149a1cf22f8ba,a43333602ce25441910d0735a351c9892ee81e96fc0c2b02c032e81bfb8a60a6
qwen,qwen3_4b,sft,160,160,18,self_attn.o_proj,16,0.01,104858,6611017,10485760,0.6304757118225097,46212,0.0069901499270082,0.6990123261804111,rank32_norm_matched_lowrank_bf16_mask,32,3,0.7158851288221125,0.0043279659969174,-0.0168728026417014,bf16_merged_minus_base,adapter_merge_quantized_to_bf16,adapter_merge_quantized_to_bf16_in_memory,06165e9b53a45b9fb9a040fa87966daa49c82c0728111da9da9149a1cf22f8ba,16c67cb074b850b0f2fb2e010dbe5e9d02b5d93e02c15e89f7e11727731fabf6
qwen,qwen3_4b,sft,160,160,18,self_attn.o_proj,16,0.1,1048576,6611017,10485760,0.6304757118225097,595255,0.0900398531723636,0.9003985317236365,rank32_norm_matched_lowrank_bf16_mask,32,3,0.9087680277333496,0.001601499019439,-0.0083694960097132,bf16_merged_minus_base,adapter_merge_quantized_to_bf16,adapter_merge_quantized_to_bf16_in_memory,06165e9b53a45b9fb9a040fa87966daa49c82c0728111da9da9149a1cf22f8ba,16c67cb074b850b0f2fb2e010dbe5e9d02b5d93e02c15e89f7e11727731fabf6
qwen,qwen3_4b,sft,160,160,18,self_attn.o_proj,32,0.01,104858,6611017,10485760,0.6304757118225097,41225,0.0062358030542048,0.6235779266594704,rank32_norm_matched_lowrank_bf16_mask,32,3,0.6375311011167722,0.0041880996926234,-0.0139531744573018,bf16_merged_minus_base,adapter_merge_quantized_to_bf16,adapter_merge_quantized_to_bf16_in_memory,06165e9b53a45b9fb9a040fa87966daa49c82c0728111da9da9149a1cf22f8ba,16c67cb074b850b0f2fb2e010dbe5e9d02b5d93e02c15e89f7e11727731fabf6
qwen,qwen3_4b,sft,160,160,18,self_attn.o_proj,32,0.1,1048576,6611017,10485760,0.6304757118225097,571315,0.0864186251525294,0.8641862515252949,rank32_norm_matched_lowrank_bf16_mask,32,3,0.8721709982023356,0.0014888045353935,-0.0079847466770406,bf16_merged_minus_base,adapter_merge_quantized_to_bf16,adapter_merge_quantized_to_bf16_in_memory,06165e9b53a45b9fb9a040fa87966daa49c82c0728111da9da9149a1cf22f8ba,16c67cb074b850b0f2fb2e010dbe5e9d02b5d93e02c15e89f7e11727731fabf6
qwen,qwen3_4b,sft,160,160,18,self_attn.o_proj,50,0.01,104858,6611017,10485760,0.6304757118225097,38058,0.005756754217997,0.5756732257806216,rank32_norm_matched_lowrank_bf16_mask,32,3,0.5873944655220337,0.0020621625403374,-0.011721239741412,bf16_merged_minus_base,adapter_merge_quantized_to_bf16,adapter_merge_quantized_to_bf16_in_memory,06165e9b53a45b9fb9a040fa87966daa49c82c0728111da9da9149a1cf22f8ba,16c67cb074b850b0f2fb2e010dbe5e9d02b5d93e02c15e89f7e11727731fabf6
qwen,qwen3_4b,sft,160,160,18,self_attn.o_proj,50,0.1,1048576,6611017,10485760,0.6304757118225097,550072,0.0832053525198921,0.8320535251989218,rank32_norm_matched_lowrank_bf16_mask,32,3,0.8405278244489995,0.001154880321927,-0.0084742992500777,bf16_merged_minus_base,adapter_merge_quantized_to_bf16,adapter_merge_quantized_to_bf16_in_memory,06165e9b53a45b9fb9a040fa87966daa49c82c0728111da9da9149a1cf22f8ba,16c67cb074b850b0f2fb2e010dbe5e9d02b5d93e02c15e89f7e11727731fabf6
qwen,qwen3_4b,sft,320,320,18,self_attn.o_proj,16,0.01,104858,7464144,10485760,0.7118362426757813,56642,0.0075885459873228,0.7588517039427659,rank32_norm_matched_lowrank_bf16_mask,32,3,0.7657011862694878,0.0034569753178131,-0.0068494823267218,bf16_merged_minus_base,adapter_merge_quantized_to_bf16,adapter_merge_quantized_to_bf16_in_memory,06165e9b53a45b9fb9a040fa87966daa49c82c0728111da9da9149a1cf22f8ba,1aa843f4e24c75bb0ace6fac8b5aa06651f61525c31c4333e03801b40fe632b4
qwen,qwen3_4b,sft,320,320,18,self_attn.o_proj,16,0.1,1048576,7464144,10485760,0.7118362426757813,689249,0.0923413321072047,0.923413321072048,rank32_norm_matched_lowrank_bf16_mask,32,3,0.9274034837701568,0.001906999268929,-0.0039901626981088,bf16_merged_minus_base,adapter_merge_quantized_to_bf16,adapter_merge_quantized_to_bf16_in_memory,06165e9b53a45b9fb9a040fa87966daa49c82c0728111da9da9149a1cf22f8ba,1aa843f4e24c75bb0ace6fac8b5aa06651f61525c31c4333e03801b40fe632b4
qwen,qwen3_4b,sft,320,320,18,self_attn.o_proj,32,0.01,104858,7464144,10485760,0.7118362426757813,51791,0.0069386389115751,0.6938612442869212,rank32_norm_matched_lowrank_bf16_mask,32,3,0.7046330616558213,0.0041857272570107,-0.0107718173689,bf16_merged_minus_base,adapter_merge_quantized_to_bf16,adapter_merge_quantized_to_bf16_in_memory,06165e9b53a45b9fb9a040fa87966daa49c82c0728111da9da9149a1cf22f8ba,1aa843f4e24c75bb0ace6fac8b5aa06651f61525c31c4333e03801b40fe632b4
qwen,qwen3_4b,sft,320,320,18,self_attn.o_proj,32,0.1,1048576,7464144,10485760,0.7118362426757813,668123,0.0895110008595761,0.8951100085957613,rank32_norm_matched_lowrank_bf16_mask,32,3,0.8991805551386847,0.0015387659638063,-0.0040705465429233,bf16_merged_minus_base,adapter_merge_quantized_to_bf16,adapter_merge_quantized_to_bf16_in_memory,06165e9b53a45b9fb9a040fa87966daa49c82c0728111da9da9149a1cf22f8ba,1aa843f4e24c75bb0ace6fac8b5aa06651f61525c31c4333e03801b40fe632b4
qwen,qwen3_4b,sft,320,320,18,self_attn.o_proj,50,0.01,104858,7464144,10485760,0.7118362426757813,48859,0.0065458276260479,0.6545802655792451,rank32_norm_matched_lowrank_bf16_mask,32,3,0.6626504798120544,0.0043043795963118,-0.0080702142328092,bf16_merged_minus_base,adapter_merge_quantized_to_bf16,adapter_merge_quantized_to_bf16_in_memory,06165e9b53a45b9fb9a040fa87966daa49c82c0728111da9da9149a1cf22f8ba,1aa843f4e24c75bb0ace6fac8b5aa06651f61525c31c4333e03801b40fe632b4
qwen,qwen3_4b,sft,320,320,18,self_attn.o_proj,50,0.1,1048576,7464144,10485760,0.7118362426757813,649018,0.0869514307333834,0.869514307333835,rank32_norm_matched_lowrank_bf16_mask,32,3,0.8743045964922233,0.0012890051964817,-0.0047902891583883,bf16_merged_minus_base,adapter_merge_quantized_to_bf16,adapter_merge_quantized_to_bf16_in_memory,06165e9b53a45b9fb9a040fa87966daa49c82c0728111da9da9149a1cf22f8ba,1aa843f4e24c75bb0ace6fac8b5aa06651f61525c31c4333e03801b40fe632b4
qwen,qwen3_4b,offkd,5,5,18,self_attn.o_proj,16,0.01,104858,2214384,10485760,0.2111801147460937,11199,0.0050573884204365,0.505736912810438,rank32_norm_matched_lowrank_bf16_mask,32,3,0.5004295894699033,0.0026179886739892,0.0053073233405346,bf16_merged_minus_base,adapter_merge_quantized_to_bf16,adapter_merge_quantized_to_bf16_in_memory,06165e9b53a45b9fb9a040fa87966daa49c82c0728111da9da9149a1cf22f8ba,da44e023177e3d05596702dbfca8ef417dde7a093844b751dce13f663bd95204
qwen,qwen3_4b,offkd,5,5,18,self_attn.o_proj,16,0.1,1048576,2214384,10485760,0.2111801147460937,177769,0.0802792108324482,0.8027921083244821,rank32_norm_matched_lowrank_bf16_mask,32,3,0.7985957273058069,0.0034684020581836,0.0041963810186752,bf16_merged_minus_base,adapter_merge_quantized_to_bf16,adapter_merge_quantized_to_bf16_in_memory,06165e9b53a45b9fb9a040fa87966daa49c82c0728111da9da9149a1cf22f8ba,da44e023177e3d05596702dbfca8ef417dde7a093844b751dce13f663bd95204
qwen,qwen3_4b,offkd,5,5,18,self_attn.o_proj,32,0.01,104858,2214384,10485760,0.2111801147460937,8716,0.0039360833532034,0.3936068338294292,rank32_norm_matched_lowrank_bf16_mask,32,3,0.3871400839190902,0.0045775564695879,0.0064667499103389,bf16_merged_minus_base,adapter_merge_quantized_to_bf16,adapter_merge_quantized_to_bf16_in_memory,06165e9b53a45b9fb9a040fa87966daa49c82c0728111da9da9149a1cf22f8ba,da44e023177e3d05596702dbfca8ef417dde7a093844b751dce13f663bd95204
qwen,qwen3_4b,offkd,5,5,18,self_attn.o_proj,32,0.1,1048576,2214384,10485760,0.2111801147460937,162287,0.0732876501997846,0.7328765019978468,rank32_norm_matched_lowrank_bf16_mask,32,3,0.7283626896433159,0.0023757774154466,0.0045138123545309,bf16_merged_minus_base,adapter_merge_quantized_to_bf16,adapter_merge_quantized_to_bf16_in_memory,06165e9b53a45b9fb9a040fa87966daa49c82c0728111da9da9149a1cf22f8ba,da44e023177e3d05596702dbfca8ef417dde7a093844b751dce13f663bd95204
qwen,qwen3_4b,offkd,5,5,18,self_attn.o_proj,50,0.01,104858,2214384,10485760,0.2111801147460937,7283,0.0032889507872166,0.3288938240912956,rank32_norm_matched_lowrank_bf16_mask,32,3,0.3229784036480492,0.0023203188619339,0.0059154204432464,bf16_merged_minus_base,adapter_merge_quantized_to_bf16,adapter_merge_quantized_to_bf16_in_memory,06165e9b53a45b9fb9a040fa87966daa49c82c0728111da9da9149a1cf22f8ba,da44e023177e3d05596702dbfca8ef417dde7a093844b751dce13f663bd95204
qwen,qwen3_4b,offkd,5,5,18,self_attn.o_proj,50,0.1,1048576,2214384,10485760,0.2111801147460937,148873,0.0672299835981473,0.6722998359814739,rank32_norm_matched_lowrank_bf16_mask,32,3,0.6688709158000575,0.0007902909799813,0.0034289201814163,bf16_merged_minus_base,adapter_merge_quantized_to_bf16,adapter_merge_quantized_to_bf16_in_memory,06165e9b53a45b9fb9a040fa87966daa49c82c0728111da9da9149a1cf22f8ba,da44e023177e3d05596702dbfca8ef417dde7a093844b751dce13f663bd95204
qwen,qwen3_4b,offkd,20,20,18,self_attn.o_proj,16,0.01,104858,4268717,10485760,0.4070965766906738,24449,0.0057274820513985,0.5727460202871807,rank32_norm_matched_lowrank_bf16_mask,32,3,0.5878906369630451,0.0058336693157021,-0.0151446166758644,bf16_merged_minus_base,adapter_merge_quantized_to_bf16,adapter_merge_quantized_to_bf16_in_memory,06165e9b53a45b9fb9a040fa87966daa49c82c0728111da9da9149a1cf22f8ba,fa29851897d7f55c59b405eec19e883e325a7560595314a538325c0d39f3420c
qwen,qwen3_4b,offkd,20,20,18,self_attn.o_proj,16,0.1,1048576,4268717,10485760,0.4070965766906738,359867,0.0843033164297375,0.8430331642973755,rank32_norm_matched_lowrank_bf16_mask,32,3,0.8513261025227665,0.0018783275672873,-0.008292938225391,bf16_merged_minus_base,adapter_merge_quantized_to_bf16,adapter_merge_quantized_to_bf16_in_memory,06165e9b53a45b9fb9a040fa87966daa49c82c0728111da9da9149a1cf22f8ba,fa29851897d7f55c59b405eec19e883e325a7560595314a538325c0d39f3420c
qwen,qwen3_4b,offkd,20,20,18,self_attn.o_proj,32,0.01,104858,4268717,10485760,0.4070965766906738,20219,0.004736551989743,0.4736533921300056,rank32_norm_matched_lowrank_bf16_mask,32,3,0.4831027191401478,0.0041197096184923,-0.0094493270101421,bf16_merged_minus_base,adapter_merge_quantized_to_bf16,adapter_merge_quantized_to_bf16_in_memory,06165e9b53a45b9fb9a040fa87966daa49c82c0728111da9da9149a1cf22f8ba,fa29851897d7f55c59b405eec19e883e325a7560595314a538325c0d39f3420c
qwen,qwen3_4b,offkd,20,20,18,self_attn.o_proj,32,0.1,1048576,4268717,10485760,0.4070965766906738,335304,0.0785491284617837,0.7854912846178371,rank32_norm_matched_lowrank_bf16_mask,32,3,0.7957967263603631,0.0013739226210133,-0.010305441742526,bf16_merged_minus_base,adapter_merge_quantized_to_bf16,adapter_merge_quantized_to_bf16_in_memory,06165e9b53a45b9fb9a040fa87966daa49c82c0728111da9da9149a1cf22f8ba,fa29851897d7f55c59b405eec19e883e325a7560595314a538325c0d39f3420c
qwen,qwen3_4b,offkd,20,20,18,self_attn.o_proj,50,0.01,104858,4268717,10485760,0.4070965766906738,17388,0.0040733550619542,0.4073339523397071,rank32_norm_matched_lowrank_bf16_mask,32,3,0.4179869801560525,0.0045325473523498,-0.0106530278163454,bf16_merged_minus_base,adapter_merge_quantized_to_bf16,adapter_merge_quantized_to_bf16_in_memory,06165e9b53a45b9fb9a040fa87966daa49c82c0728111da9da9149a1cf22f8ba,fa29851897d7f55c59b405eec19e883e325a7560595314a538325c0d39f3420c
qwen,qwen3_4b,offkd,20,20,18,self_attn.o_proj,50,0.1,1048576,4268717,10485760,0.4070965766906738,313984,0.0735546535410991,0.7355465354109911,rank32_norm_matched_lowrank_bf16_mask,32,3,0.7463802045937026,0.0012582337214892,-0.0108336691827114,bf16_merged_minus_base,adapter_merge_quantized_to_bf16,adapter_merge_quantized_to_bf16_in_memory,06165e9b53a45b9fb9a040fa87966daa49c82c0728111da9da9149a1cf22f8ba,fa29851897d7f55c59b405eec19e883e325a7560595314a538325c0d39f3420c
qwen,qwen3_4b,offkd,40,40,18,self_attn.o_proj,16,0.01,104858,5344491,10485760,0.5096903800964355,33791,0.0063225852564818,0.6322561137825177,rank32_norm_matched_lowrank_bf16_mask,32,3,0.6430957824586278,0.0029721015127083,-0.01083966867611,bf16_merged_minus_base,adapter_merge_quantized_to_bf16,adapter_merge_quantized_to_bf16_in_memory,06165e9b53a45b9fb9a040fa87966daa49c82c0728111da9da9149a1cf22f8ba,7480c48d72bf93d319314c7ab7c23e3e9f2ab5fa851b6ff8f09c9f240c65d43f
qwen,qwen3_4b,offkd,40,40,18,self_attn.o_proj,16,0.1,1048576,5344491,10485760,0.5096903800964355,465460,0.0870915490361944,0.8709154903619447,rank32_norm_matched_lowrank_bf16_mask,32,3,0.8782418844851314,0.0004204533187998,-0.0073263941231866,bf16_merged_minus_base,adapter_merge_quantized_to_bf16,adapter_merge_quantized_to_bf16_in_memory,06165e9b53a45b9fb9a040fa87966daa49c82c0728111da9da9149a1cf22f8ba,7480c48d72bf93d319314c7ab7c23e3e9f2ab5fa851b6ff8f09c9f240c65d43f
qwen,qwen3_4b,offkd,40,40,18,self_attn.o_proj,32,0.01,104858,5344491,10485760,0.5096903800964355,28794,0.0053876037961332,0.5387583244134182,rank32_norm_matched_lowrank_bf16_mask,32,3,0.5500899993158838,0.0023376566590604,-0.0113316749024655,bf16_merged_minus_base,adapter_merge_quantized_to_bf16,adapter_merge_quantized_to_bf16_in_memory,06165e9b53a45b9fb9a040fa87966daa49c82c0728111da9da9149a1cf22f8ba,7480c48d72bf93d319314c7ab7c23e3e9f2ab5fa851b6ff8f09c9f240c65d43f
qwen,qwen3_4b,offkd,40,40,18,self_attn.o_proj,32,0.1,1048576,5344491,10485760,0.5096903800964355,439328,0.0822020282193383,0.8220202821933839,rank32_norm_matched_lowrank_bf16_mask,32,3,0.8313127219906123,0.0011435607320765,-0.0092924397972284,bf16_merged_minus_base,adapter_merge_quantized_to_bf16,adapter_merge_quantized_to_bf16_in_memory,06165e9b53a45b9fb9a040fa87966daa49c82c0728111da9da9149a1cf22f8ba,7480c48d72bf93d319314c7ab7c23e3e9f2ab5fa851b6ff8f09c9f240c65d43f
qwen,qwen3_4b,offkd,40,40,18,self_attn.o_proj,50,0.01,104858,5344491,10485760,0.5096903800964355,25592,0.0047884821959659,0.4788463929425643,rank32_norm_matched_lowrank_bf16_mask,32,3,0.4897560707681336,0.0023221993061482,-0.0109096778255692,bf16_merged_minus_base,adapter_merge_quantized_to_bf16,adapter_merge_quantized_to_bf16_in_memory,06165e9b53a45b9fb9a040fa87966daa49c82c0728111da9da9149a1cf22f8ba,7480c48d72bf93d319314c7ab7c23e3e9f2ab5fa851b6ff8f09c9f240c65d43f
qwen,qwen3_4b,offkd,40,40,18,self_attn.o_proj,50,0.1,1048576,5344491,10485760,0.5096903800964355,416077,0.0778515671557871,0.7785156715578715,rank32_norm_matched_lowrank_bf16_mask,32,3,0.7896006215184764,0.0008141297351064,-0.0110849499606049,bf16_merged_minus_base,adapter_merge_quantized_to_bf16,adapter_merge_quantized_to_bf16_in_memory,06165e9b53a45b9fb9a040fa87966daa49c82c0728111da9da9149a1cf22f8ba,7480c48d72bf93d319314c7ab7c23e3e9f2ab5fa851b6ff8f09c9f240c65d43f
qwen,qwen3_4b,offkd,80,80,18,self_attn.o_proj,16,0.01,104858,6187456,10485760,0.590081787109375,42434,0.0068580689705106,0.6858042809153507,rank32_norm_matched_lowrank_bf16_mask,32,3,0.6928461706917539,0.0015964672872393,-0.0070418897764031,bf16_merged_minus_base,adapter_merge_quantized_to_bf16,adapter_merge_quantized_to_bf16_in_memory,06165e9b53a45b9fb9a040fa87966daa49c82c0728111da9da9149a1cf22f8ba,b05c2e682e706b321fde665d2f6c7307d01e97375e2d8d26012e211247f16408
qwen,qwen3_4b,offkd,80,80,18,self_attn.o_proj,16,0.1,1048576,6187456,10485760,0.590081787109375,552387,0.0892753015132552,0.8927530151325521,rank32_norm_matched_lowrank_bf16_mask,32,3,0.8999252868441227,0.0017937100394008,-0.0071722717115705,bf16_merged_minus_base,adapter_merge_quantized_to_bf16,adapter_merge_quantized_to_bf16_in_memory,06165e9b53a45b9fb9a040fa87966daa49c82c0728111da9da9149a1cf22f8ba,b05c2e682e706b321fde665d2f6c7307d01e97375e2d8d26012e211247f16408
qwen,qwen3_4b,offkd,80,80,18,self_attn.o_proj,32,0.01,104858,6187456,10485760,0.590081787109375,37185,0.0060097397056237,0.6009716780373595,rank32_norm_matched_lowrank_bf16_mask,32,3,0.6116243205838295,0.0013705853064416,-0.01065264254647,bf16_merged_minus_base,adapter_merge_quantized_to_bf16,adapter_merge_quantized_to_bf16_in_memory,06165e9b53a45b9fb9a040fa87966daa49c82c0728111da9da9149a1cf22f8ba,b05c2e682e706b321fde665d2f6c7307d01e97375e2d8d26012e211247f16408
qwen,qwen3_4b,offkd,80,80,18,self_attn.o_proj,32,0.1,1048576,6187456,10485760,0.590081787109375,527251,0.085212888786603,0.8521288878660309,rank32_norm_matched_lowrank_bf16_mask,32,3,0.8598786407768789,0.0018277987493079,-0.007749752910848,bf16_merged_minus_base,adapter_merge_quantized_to_bf16,adapter_merge_quantized_to_bf16_in_memory,06165e9b53a45b9fb9a040fa87966daa49c82c0728111da9da9149a1cf22f8ba,b05c2e682e706b321fde665d2f6c7307d01e97375e2d8d26012e211247f16408
qwen,qwen3_4b,offkd,80,80,18,self_attn.o_proj,50,0.01,104858,6187456,10485760,0.590081787109375,33641,0.0054369679558125,0.5436947215504858,rank32_norm_matched_lowrank_bf16_mask,32,3,0.5564579960967869,0.0035229381298862,-0.0127632745463011,bf16_merged_minus_base,adapter_merge_quantized_to_bf16,adapter_merge_quantized_to_bf16_in_memory,06165e9b53a45b9fb9a040fa87966daa49c82c0728111da9da9149a1cf22f8ba,b05c2e682e706b321fde665d2f6c7307d01e97375e2d8d26012e211247f16408
qwen,qwen3_4b,offkd,80,80,18,self_attn.o_proj,50,0.1,1048576,6187456,10485760,0.590081787109375,503856,0.0814318517982188,0.8143185179821885,rank32_norm_matched_lowrank_bf16_mask,32,3,0.8247209539240329,0.001560565427686,-0.0104024359418444,bf16_merged_minus_base,adapter_merge_quantized_to_bf16,adapter_merge_quantized_to_bf16_in_memory,06165e9b53a45b9fb9a040fa87966daa49c82c0728111da9da9149a1cf22f8ba,b05c2e682e706b321fde665d2f6c7307d01e97375e2d8d26012e211247f16408
qwen,qwen3_4b,offkd,160,160,18,self_attn.o_proj,16,0.01,104858,6960103,10485760,0.663767147064209,50337,0.0072322205576555,0.7232192969028798,rank32_norm_matched_lowrank_bf16_mask,32,3,0.7360746243005546,0.0029400064751928,-0.0128553273976748,bf16_merged_minus_base,adapter_merge_quantized_to_bf16,adapter_merge_quantized_to_bf16_in_memory,06165e9b53a45b9fb9a040fa87966daa49c82c0728111da9da9149a1cf22f8ba,eda2186be97572a651c09fc715b0000fe0ebcbd85e1db4156da35265883150fe
qwen,qwen3_4b,offkd,160,160,18,self_attn.o_proj,16,0.1,1048576,6960103,10485760,0.663767147064209,633295,0.0909893143822727,0.909893143822728,rank32_norm_matched_lowrank_bf16_mask,32,3,0.9159867212527338,0.0016086470459898,-0.0060935774300059,bf16_merged_minus_base,adapter_merge_quantized_to_bf16,adapter_merge_quantized_to_bf16_in_memory,06165e9b53a45b9fb9a040fa87966daa49c82c0728111da9da9149a1cf22f8ba,eda2186be97572a651c09fc715b0000fe0ebcbd85e1db4156da35265883150fe
qwen,qwen3_4b,offkd,160,160,18,self_attn.o_proj,32,0.01,104858,6960103,10485760,0.663767147064209,45263,0.0065032083576924,0.6503183550015902,rank32_norm_matched_lowrank_bf16_mask,32,3,0.6646755376854163,0.0015647615223975,-0.0143571826838261,bf16_merged_minus_base,adapter_merge_quantized_to_bf16,adapter_merge_quantized_to_bf16_in_memory,06165e9b53a45b9fb9a040fa87966daa49c82c0728111da9da9149a1cf22f8ba,eda2186be97572a651c09fc715b0000fe0ebcbd85e1db4156da35265883150fe
qwen,qwen3_4b,offkd,160,160,18,self_attn.o_proj,32,0.1,1048576,6960103,10485760,0.663767147064209,609879,0.0876249963542206,0.8762499635422062,rank32_norm_matched_lowrank_bf16_mask,32,3,0.8835172790760492,0.0014944664882334,-0.0072673155338429,bf16_merged_minus_base,adapter_merge_quantized_to_bf16,adapter_merge_quantized_to_bf16_in_memory,06165e9b53a45b9fb9a040fa87966daa49c82c0728111da9da9149a1cf22f8ba,eda2186be97572a651c09fc715b0000fe0ebcbd85e1db4156da35265883150fe
qwen,qwen3_4b,offkd,160,160,18,self_attn.o_proj,50,0.01,104858,6960103,10485760,0.663767147064209,41866,0.0060151408678865,0.6015117922032692,rank32_norm_matched_lowrank_bf16_mask,32,3,0.6181537891984372,0.001099207398147,-0.0166419969951679,bf16_merged_minus_base,adapter_merge_quantized_to_bf16,adapter_merge_quantized_to_bf16_in_memory,06165e9b53a45b9fb9a040fa87966daa49c82c0728111da9da9149a1cf22f8ba,eda2186be97572a651c09fc715b0000fe0ebcbd85e1db4156da35265883150fe
qwen,qwen3_4b,offkd,160,160,18,self_attn.o_proj,50,0.1,1048576,6960103,10485760,0.663767147064209,588488,0.0845516222963941,0.8455162229639417,rank32_norm_matched_lowrank_bf16_mask,32,3,0.854311000574541,0.0009844202899061,-0.0087947776105993,bf16_merged_minus_base,adapter_merge_quantized_to_bf16,adapter_merge_quantized_to_bf16_in_memory,06165e9b53a45b9fb9a040fa87966daa49c82c0728111da9da9149a1cf22f8ba,eda2186be97572a651c09fc715b0000fe0ebcbd85e1db4156da35265883150fe
qwen,qwen3_4b,offkd,320,320,18,self_attn.o_proj,16,0.01,104858,7732086,10485760,0.7373891830444336,59579,0.0077054238662115,0.77053944724643,rank32_norm_matched_lowrank_bf16_mask,32,3,0.7874122670033689,0.0015722810016611,-0.0168728197569388,bf16_merged_minus_base,adapter_merge_quantized_to_bf16,adapter_merge_quantized_to_bf16_in_memory,06165e9b53a45b9fb9a040fa87966daa49c82c0728111da9da9149a1cf22f8ba,e08a6e242855f65e7e08986be268b94c3ae94400405d446597f195edbbcbca73
qwen,qwen3_4b,offkd,320,320,18,self_attn.o_proj,16,0.1,1048576,7732086,10485760,0.7373891830444336,717373,0.0927787145668064,0.9277871456680642,rank32_norm_matched_lowrank_bf16_mask,32,3,0.9337292032059744,0.0009309291256754,-0.0059420575379102,bf16_merged_minus_base,adapter_merge_quantized_to_bf16,adapter_merge_quantized_to_bf16_in_memory,06165e9b53a45b9fb9a040fa87966daa49c82c0728111da9da9149a1cf22f8ba,e08a6e242855f65e7e08986be268b94c3ae94400405d446597f195edbbcbca73
qwen,qwen3_4b,offkd,320,320,18,self_attn.o_proj,32,0.01,104858,7732086,10485760,0.7373891830444336,54922,0.0071031284442516,0.7103101348070364,rank32_norm_matched_lowrank_bf16_mask,32,3,0.7285360382121565,0.0007799714006502,-0.01822590340512,bf16_merged_minus_base,adapter_merge_quantized_to_bf16,adapter_merge_quantized_to_bf16_in_memory,06165e9b53a45b9fb9a040fa87966daa49c82c0728111da9da9149a1cf22f8ba,e08a6e242855f65e7e08986be268b94c3ae94400405d446597f195edbbcbca73
qwen,qwen3_4b,offkd,320,320,18,self_attn.o_proj,32,0.1,1048576,7732086,10485760,0.7373891830444336,697156,0.0901640255941281,0.9016402559412816,rank32_norm_matched_lowrank_bf16_mask,32,3,0.9089333383795996,0.0001781722064272,-0.0072930824383179,bf16_merged_minus_base,adapter_merge_quantized_to_bf16,adapter_merge_quantized_to_bf16_in_memory,06165e9b53a45b9fb9a040fa87966daa49c82c0728111da9da9149a1cf22f8ba,e08a6e242855f65e7e08986be268b94c3ae94400405d446597f195edbbcbca73
qwen,qwen3_4b,offkd,320,320,18,self_attn.o_proj,50,0.01,104858,7732086,10485760,0.7373891830444336,51946,0.006718238777996,0.6718213150046669,rank32_norm_matched_lowrank_bf16_mask,32,3,0.6892219451173389,0.0020867776451144,-0.017400630112672,bf16_merged_minus_base,adapter_merge_quantized_to_bf16,adapter_merge_quantized_to_bf16_in_memory,06165e9b53a45b9fb9a040fa87966daa49c82c0728111da9da9149a1cf22f8ba,e08a6e242855f65e7e08986be268b94c3ae94400405d446597f195edbbcbca73
qwen,qwen3_4b,offkd,320,320,18,self_attn.o_proj,50,0.1,1048576,7732086,10485760,0.7373891830444336,679047,0.0878219668017143,0.8782196680171431,rank32_norm_matched_lowrank_bf16_mask,32,3,0.8856902841934775,0.0003114089868885,-0.0074706161763343,bf16_merged_minus_base,adapter_merge_quantized_to_bf16,adapter_merge_quantized_to_bf16_in_memory,06165e9b53a45b9fb9a040fa87966daa49c82c0728111da9da9149a1cf22f8ba,e08a6e242855f65e7e08986be268b94c3ae94400405d446597f195edbbcbca73
qwen,qwen3_4b,seqkd,5,5,18,self_attn.o_proj,16,0.01,104858,2155193,10485760,0.2055352210998535,10848,0.0050334239207347,0.5033404719819488,rank32_norm_matched_lowrank_bf16_mask,32,3,0.510444783150035,0.0027004378172823,-0.0071043111680862,bf16_merged_minus_base,adapter_merge_quantized_to_bf16,adapter_merge_quantized_to_bf16_in_memory,06165e9b53a45b9fb9a040fa87966daa49c82c0728111da9da9149a1cf22f8ba,ea4eaeab6d00185adf8396f89ab001948dff769f77a31745593db8a0fe0a8aa4
qwen,qwen3_4b,seqkd,5,5,18,self_attn.o_proj,16,0.1,1048576,2155193,10485760,0.2055352210998535,172035,0.0798234775261426,0.7982347752614267,rank32_norm_matched_lowrank_bf16_mask,32,3,0.7998142858211734,0.001469788432041,-0.0015795105597466,bf16_merged_minus_base,adapter_merge_quantized_to_bf16,adapter_merge_quantized_to_bf16_in_memory,06165e9b53a45b9fb9a040fa87966daa49c82c0728111da9da9149a1cf22f8ba,ea4eaeab6d00185adf8396f89ab001948dff769f77a31745593db8a0fe0a8aa4
qwen,qwen3_4b,seqkd,5,5,18,self_attn.o_proj,32,0.01,104858,2155193,10485760,0.2055352210998535,8496,0.0039421063450001,0.3942091307115262,rank32_norm_matched_lowrank_bf16_mask,32,3,0.3883016442925254,0.0037285615995521,0.0059074864190008,bf16_merged_minus_base,adapter_merge_quantized_to_bf16,adapter_merge_quantized_to_bf16_in_memory,06165e9b53a45b9fb9a040fa87966daa49c82c0728111da9da9149a1cf22f8ba,ea4eaeab6d00185adf8396f89ab001948dff769f77a31745593db8a0fe0a8aa4
qwen,qwen3_4b,seqkd,5,5,18,self_attn.o_proj,32,0.1,1048576,2155193,10485760,0.2055352210998535,156772,0.0727415131730661,0.7274151317306617,rank32_norm_matched_lowrank_bf16_mask,32,3,0.7271290832413909,0.0018446778378652,0.0002860484892708,bf16_merged_minus_base,adapter_merge_quantized_to_bf16,adapter_merge_quantized_to_bf16_in_memory,06165e9b53a45b9fb9a040fa87966daa49c82c0728111da9da9149a1cf22f8ba,ea4eaeab6d00185adf8396f89ab001948dff769f77a31745593db8a0fe0a8aa4
qwen,qwen3_4b,seqkd,5,5,18,self_attn.o_proj,50,0.01,104858,2155193,10485760,0.2055352210998535,7025,0.0032595688645982,0.3259556430377203,rank32_norm_matched_lowrank_bf16_mask,32,3,0.3227154383554987,0.0038611277003473,0.0032402046822215,bf16_merged_minus_base,adapter_merge_quantized_to_bf16,adapter_merge_quantized_to_bf16_in_memory,06165e9b53a45b9fb9a040fa87966daa49c82c0728111da9da9149a1cf22f8ba,ea4eaeab6d00185adf8396f89ab001948dff769f77a31745593db8a0fe0a8aa4
qwen,qwen3_4b,seqkd,5,5,18,self_attn.o_proj,50,0.1,1048576,2155193,10485760,0.2055352210998535,144378,0.0669907521043359,0.669907521043359,rank32_norm_matched_lowrank_bf16_mask,32,3,0.6676295266683184,0.0013994510897751,0.0022779943750406,bf16_merged_minus_base,adapter_merge_quantized_to_bf16,adapter_merge_quantized_to_bf16_in_memory,06165e9b53a45b9fb9a040fa87966daa49c82c0728111da9da9149a1cf22f8ba,ea4eaeab6d00185adf8396f89ab001948dff769f77a31745593db8a0fe0a8aa4
qwen,qwen3_4b,seqkd,20,20,18,self_attn.o_proj,16,0.01,104858,4303401,10485760,0.4104043006896972,24773,0.0057566097140378,0.5756587754398238,rank32_norm_matched_lowrank_bf16_mask,32,3,0.5830998788961712,0.0026019973541996,-0.0074411034563474,bf16_merged_minus_base,adapter_merge_quantized_to_bf16,adapter_merge_quantized_to_bf16_in_memory,06165e9b53a45b9fb9a040fa87966daa49c82c0728111da9da9149a1cf22f8ba,186ec1aca49b6dede2409c00bbf111eef6ebc5d679c224b06a1b5440cdf09f8a
qwen,qwen3_4b,seqkd,20,20,18,self_attn.o_proj,16,0.1,1048576,4303401,10485760,0.4104043006896972,362821,0.0843102931843906,0.8431029318439067,rank32_norm_matched_lowrank_bf16_mask,32,3,0.8494995516436169,0.0025667223838369,-0.0063966197997101,bf16_merged_minus_base,adapter_merge_quantized_to_bf16,adapter_merge_quantized_to_bf16_in_memory,06165e9b53a45b9fb9a040fa87966daa49c82c0728111da9da9149a1cf22f8ba,186ec1aca49b6dede2409c00bbf111eef6ebc5d679c224b06a1b5440cdf09f8a
qwen,qwen3_4b,seqkd,20,20,18,self_attn.o_proj,32,0.01,104858,4303401,10485760,0.4104043006896972,20434,0.0047483374196362,0.4748319306235562,rank32_norm_matched_lowrank_bf16_mask,32,3,0.4799998434313284,0.004006434638334,-0.0051679128077722,bf16_merged_minus_base,adapter_merge_quantized_to_bf16,adapter_merge_quantized_to_bf16_in_memory,06165e9b53a45b9fb9a040fa87966daa49c82c0728111da9da9149a1cf22f8ba,186ec1aca49b6dede2409c00bbf111eef6ebc5d679c224b06a1b5440cdf09f8a
qwen,qwen3_4b,seqkd,20,20,18,self_attn.o_proj,32,0.1,1048576,4303401,10485760,0.4104043006896972,338101,0.0785659993107776,0.7856599931077769,rank32_norm_matched_lowrank_bf16_mask,32,3,0.7929112015301977,0.0026690198653004,-0.0072512084224207,bf16_merged_minus_base,adapter_merge_quantized_to_bf16,adapter_merge_quantized_to_bf16_in_memory,06165e9b53a45b9fb9a040fa87966daa49c82c0728111da9da9149a1cf22f8ba,186ec1aca49b6dede2409c00bbf111eef6ebc5d679c224b06a1b5440cdf09f8a
qwen,qwen3_4b,seqkd,20,20,18,self_attn.o_proj,50,0.01,104858,4303401,10485760,0.4104043006896972,17639,0.0040988511179878,0.4098835482171336,rank32_norm_matched_lowrank_bf16_mask,32,3,0.4152955386075739,0.0028259319062166,-0.0054119903904402,bf16_merged_minus_base,adapter_merge_quantized_to_bf16,adapter_merge_quantized_to_bf16_in_memory,06165e9b53a45b9fb9a040fa87966daa49c82c0728111da9da9149a1cf22f8ba,186ec1aca49b6dede2409c00bbf111eef6ebc5d679c224b06a1b5440cdf09f8a
qwen,qwen3_4b,seqkd,20,20,18,self_attn.o_proj,50,0.1,1048576,4303401,10485760,0.4104043006896972,316747,0.0736038774913144,0.7360387749131443,rank32_norm_matched_lowrank_bf16_mask,32,3,0.7439435132977832,0.0024361501513103,-0.0079047383846388,bf16_merged_minus_base,adapter_merge_quantized_to_bf16,adapter_merge_quantized_to_bf16_in_memory,06165e9b53a45b9fb9a040fa87966daa49c82c0728111da9da9149a1cf22f8ba,186ec1aca49b6dede2409c00bbf111eef6ebc5d679c224b06a1b5440cdf09f8a
qwen,qwen3_4b,seqkd,40,40,18,self_attn.o_proj,16,0.01,104858,5364563,10485760,0.5116045951843262,33914,0.0063218569713879,0.6321832855509469,rank32_norm_matched_lowrank_bf16_mask,32,3,0.6464395226738818,0.0018697270595787,-0.0142562371229348,bf16_merged_minus_base,adapter_merge_quantized_to_bf16,adapter_merge_quantized_to_bf16_in_memory,06165e9b53a45b9fb9a040fa87966daa49c82c0728111da9da9149a1cf22f8ba,e8b6bf61ac580531fd446c38800e9d5342eb090791e41ab87aee10471fd30a7d
qwen,qwen3_4b,seqkd,40,40,18,self_attn.o_proj,16,0.1,1048576,5364563,10485760,0.5116045951843262,466760,0.0870080191061229,0.8700801910612289,rank32_norm_matched_lowrank_bf16_mask,32,3,0.8781682933472964,0.0015711359397364,-0.0080881022860674,bf16_merged_minus_base,adapter_merge_quantized_to_bf16,adapter_merge_quantized_to_bf16_in_memory,06165e9b53a45b9fb9a040fa87966daa49c82c0728111da9da9149a1cf22f8ba,e8b6bf61ac580531fd446c38800e9d5342eb090791e41ab87aee10471fd30a7d
qwen,qwen3_4b,seqkd,40,40,18,self_attn.o_proj,32,0.01,104858,5364563,10485760,0.5116045951843262,28958,0.0053980165765599,0.5397995984839394,rank32_norm_matched_lowrank_bf16_mask,32,3,0.5508689768103276,0.0023642954726754,-0.0110693783263882,bf16_merged_minus_base,adapter_merge_quantized_to_bf16,adapter_merge_quantized_to_bf16_in_memory,06165e9b53a45b9fb9a040fa87966daa49c82c0728111da9da9149a1cf22f8ba,e8b6bf61ac580531fd446c38800e9d5342eb090791e41ab87aee10471fd30a7d
qwen,qwen3_4b,seqkd,40,40,18,self_attn.o_proj,32,0.1,1048576,5364563,10485760,0.5116045951843262,440877,0.082183208585676,0.8218320858567603,rank32_norm_matched_lowrank_bf16_mask,32,3,0.831079521367282,0.0016120680851223,-0.0092474355105217,bf16_merged_minus_base,adapter_merge_quantized_to_bf16,adapter_merge_quantized_to_bf16_in_memory,06165e9b53a45b9fb9a040fa87966daa49c82c0728111da9da9149a1cf22f8ba,e8b6bf61ac580531fd446c38800e9d5342eb090791e41ab87aee10471fd30a7d
qwen,qwen3_4b,seqkd,40,40,18,self_attn.o_proj,50,0.01,104858,5364563,10485760,0.5116045951843262,25756,0.0048011366443082,0.4801118329495249,rank32_norm_matched_lowrank_bf16_mask,32,3,0.4902214277559011,0.0008180871105252,-0.0101095948063761,bf16_merged_minus_base,adapter_merge_quantized_to_bf16,adapter_merge_quantized_to_bf16_in_memory,06165e9b53a45b9fb9a040fa87966daa49c82c0728111da9da9149a1cf22f8ba,e8b6bf61ac580531fd446c38800e9d5342eb090791e41ab87aee10471fd30a7d
qwen,qwen3_4b,seqkd,40,40,18,self_attn.o_proj,50,0.1,1048576,5364563,10485760,0.5116045951843262,418010,0.0779206060214038,0.7792060602140378,rank32_norm_matched_lowrank_bf16_mask,32,3,0.7898382387738222,0.001441727332016,-0.0106321785597843,bf16_merged_minus_base,adapter_merge_quantized_to_bf16,adapter_merge_quantized_to_bf16_in_memory,06165e9b53a45b9fb9a040fa87966daa49c82c0728111da9da9149a1cf22f8ba,e8b6bf61ac580531fd446c38800e9d5342eb090791e41ab87aee10471fd30a7d
qwen,qwen3_4b,seqkd,80,80,18,self_attn.o_proj,16,0.01,104858,6186506,10485760,0.5899911880493164,42322,0.0068410181773039,0.6840992080990173,rank32_norm_matched_lowrank_bf16_mask,32,3,0.6906492186350017,0.0020517277728556,-0.0065500105359844,bf16_merged_minus_base,adapter_merge_quantized_to_bf16,adapter_merge_quantized_to_bf16_in_memory,06165e9b53a45b9fb9a040fa87966daa49c82c0728111da9da9149a1cf22f8ba,9677dd91d51ad135ccec5b3b3f361252f7dbee402241fdb5dc5f355c28ec0c1b
qwen,qwen3_4b,seqkd,80,80,18,self_attn.o_proj,16,0.1,1048576,6186506,10485760,0.5899911880493164,551251,0.0891053851721795,0.8910538517217959,rank32_norm_matched_lowrank_bf16_mask,32,3,0.8987081445513354,0.0009910186492278,-0.0076542928295395,bf16_merged_minus_base,adapter_merge_quantized_to_bf16,adapter_merge_quantized_to_bf16_in_memory,06165e9b53a45b9fb9a040fa87966daa49c82c0728111da9da9149a1cf22f8ba,9677dd91d51ad135ccec5b3b3f361252f7dbee402241fdb5dc5f355c28ec0c1b
qwen,qwen3_4b,seqkd,80,80,18,self_attn.o_proj,32,0.01,104858,6186506,10485760,0.5899911880493164,37178,0.0060095310664856,0.6009508142031393,rank32_norm_matched_lowrank_bf16_mask,32,3,0.6078884856192673,0.002928808299683,-0.0069376714161279,bf16_merged_minus_base,adapter_merge_quantized_to_bf16,adapter_merge_quantized_to_bf16_in_memory,06165e9b53a45b9fb9a040fa87966daa49c82c0728111da9da9149a1cf22f8ba,9677dd91d51ad135ccec5b3b3f361252f7dbee402241fdb5dc5f355c28ec0c1b
qwen,qwen3_4b,seqkd,80,80,18,self_attn.o_proj,32,0.1,1048576,6186506,10485760,0.5899911880493164,527075,0.0851975250650367,0.8519752506503672,rank32_norm_matched_lowrank_bf16_mask,32,3,0.859773998011567,0.001741611952707,-0.0077987473611997,bf16_merged_minus_base,adapter_merge_quantized_to_bf16,adapter_merge_quantized_to_bf16_in_memory,06165e9b53a45b9fb9a040fa87966daa49c82c0728111da9da9149a1cf22f8ba,9677dd91d51ad135ccec5b3b3f361252f7dbee402241fdb5dc5f355c28ec0c1b
qwen,qwen3_4b,seqkd,80,80,18,self_attn.o_proj,50,0.01,104858,6186506,10485760,0.5899911880493164,33658,0.0054405507729241,0.544053001894918,rank32_norm_matched_lowrank_bf16_mask,32,3,0.5527814987777923,0.0029241464111482,-0.0087284968828742,bf16_merged_minus_base,adapter_merge_quantized_to_bf16,adapter_merge_quantized_to_bf16_in_memory,06165e9b53a45b9fb9a040fa87966daa49c82c0728111da9da9149a1cf22f8ba,9677dd91d51ad135ccec5b3b3f361252f7dbee402241fdb5dc5f355c28ec0c1b
qwen,qwen3_4b,seqkd,80,80,18,self_attn.o_proj,50,0.1,1048576,6186506,10485760,0.5899911880493164,503780,0.081432071673413,0.8143207167341308,rank32_norm_matched_lowrank_bf16_mask,32,3,0.8240658306821224,0.0017032068687743,-0.0097451139479916,bf16_merged_minus_base,adapter_merge_quantized_to_bf16,adapter_merge_quantized_to_bf16_in_memory,06165e9b53a45b9fb9a040fa87966daa49c82c0728111da9da9149a1cf22f8ba,9677dd91d51ad135ccec5b3b3f361252f7dbee402241fdb5dc5f355c28ec0c1b
qwen,qwen3_4b,seqkd,160,160,18,self_attn.o_proj,16,0.01,104858,6935396,10485760,0.661410903930664,50352,0.0072601477983376,0.7260120103177381,rank32_norm_matched_lowrank_bf16_mask,32,3,0.7330656764803241,0.003788687337989,-0.0070536661625859,bf16_merged_minus_base,adapter_merge_quantized_to_bf16,adapter_merge_quantized_to_bf16_in_memory,06165e9b53a45b9fb9a040fa87966daa49c82c0728111da9da9149a1cf22f8ba,d13ed7012b0695168db37535aaf1aabada5e6b650fef4027c1bef33533e985db
qwen,qwen3_4b,seqkd,160,160,18,self_attn.o_proj,16,0.1,1048576,6935396,10485760,0.661410903930664,630758,0.0909476546112147,0.909476546112147,rank32_norm_matched_lowrank_bf16_mask,32,3,0.9153039741568992,0.0006863744742871,-0.0058274280447522,bf16_merged_minus_base,adapter_merge_quantized_to_bf16,adapter_merge_quantized_to_bf16_in_memory,06165e9b53a45b9fb9a040fa87966daa49c82c0728111da9da9149a1cf22f8ba,d13ed7012b0695168db37535aaf1aabada5e6b650fef4027c1bef33533e985db
qwen,qwen3_4b,seqkd,160,160,18,self_attn.o_proj,32,0.01,104858,6935396,10485760,0.661410903930664,45236,0.0065224826383381,0.65224577571364,rank32_norm_matched_lowrank_bf16_mask,32,3,0.6621116926082982,0.0019383088469853,-0.0098659168946582,bf16_merged_minus_base,adapter_merge_quantized_to_bf16,adapter_merge_quantized_to_bf16_in_memory,06165e9b53a45b9fb9a040fa87966daa49c82c0728111da9da9149a1cf22f8ba,d13ed7012b0695168db37535aaf1aabada5e6b650fef4027c1bef33533e985db
qwen,qwen3_4b,seqkd,160,160,18,self_attn.o_proj,32,0.1,1048576,6935396,10485760,0.661410903930664,607340,0.0875710629933748,0.8757106299337486,rank32_norm_matched_lowrank_bf16_mask,32,3,0.8821673513551399,0.0003166576569566,-0.0064567214213913,bf16_merged_minus_base,adapter_merge_quantized_to_bf16,adapter_merge_quantized_to_bf16_in_memory,06165e9b53a45b9fb9a040fa87966daa49c82c0728111da9da9149a1cf22f8ba,d13ed7012b0695168db37535aaf1aabada5e6b650fef4027c1bef33533e985db
qwen,qwen3_4b,seqkd,160,160,18,self_attn.o_proj,50,0.01,104858,6935396,10485760,0.661410903930664,41735,0.0060176808937802,0.6017657938236971,rank32_norm_matched_lowrank_bf16_mask,32,3,0.6140928156337474,0.0018748237397475,-0.0123270218100502,bf16_merged_minus_base,adapter_merge_quantized_to_bf16,adapter_merge_quantized_to_bf16_in_memory,06165e9b53a45b9fb9a040fa87966daa49c82c0728111da9da9149a1cf22f8ba,d13ed7012b0695168db37535aaf1aabada5e6b650fef4027c1bef33533e985db
qwen,qwen3_4b,seqkd,160,160,18,self_attn.o_proj,50,0.1,1048576,6935396,10485760,0.661410903930664,585710,0.0844522792930641,0.8445227929306416,rank32_norm_matched_lowrank_bf16_mask,32,3,0.8528125237760028,0.000425286260958,-0.0082897308453612,bf16_merged_minus_base,adapter_merge_quantized_to_bf16,adapter_merge_quantized_to_bf16_in_memory,06165e9b53a45b9fb9a040fa87966daa49c82c0728111da9da9149a1cf22f8ba,d13ed7012b0695168db37535aaf1aabada5e6b650fef4027c1bef33533e985db
qwen,qwen3_4b,seqkd,320,320,18,self_attn.o_proj,16,0.01,104858,7689906,10485760,0.733366584777832,59054,0.0076794176677842,0.7679388373242406,rank32_norm_matched_lowrank_bf16_mask,32,3,0.781245514118134,0.0045145451199548,-0.0133066767938934,bf16_merged_minus_base,adapter_merge_quantized_to_bf16,adapter_merge_quantized_to_bf16_in_memory,06165e9b53a45b9fb9a040fa87966daa49c82c0728111da9da9149a1cf22f8ba,4c143183c2bada1a6127dffacda2359a470da4f08f1639bb6cc5c4847ebf0bab
qwen,qwen3_4b,seqkd,320,320,18,self_attn.o_proj,16,0.1,1048576,7689906,10485760,0.733366584777832,712484,0.0926518477599076,0.926518477599076,rank32_norm_matched_lowrank_bf16_mask,32,3,0.9325533943137796,0.0014007942773416,-0.0060349167147036,bf16_merged_minus_base,adapter_merge_quantized_to_bf16,adapter_merge_quantized_to_bf16_in_memory,06165e9b53a45b9fb9a040fa87966daa49c82c0728111da9da9149a1cf22f8ba,4c143183c2bada1a6127dffacda2359a470da4f08f1639bb6cc5c4847ebf0bab
qwen,qwen3_4b,seqkd,320,320,18,self_attn.o_proj,32,0.01,104858,7689906,10485760,0.733366584777832,54316,0.007063285298936,0.7063258354743701,rank32_norm_matched_lowrank_bf16_mask,32,3,0.7222264525613099,0.0037157998420976,-0.0159006170869397,bf16_merged_minus_base,adapter_merge_quantized_to_bf16,adapter_merge_quantized_to_bf16_in_memory,06165e9b53a45b9fb9a040fa87966daa49c82c0728111da9da9149a1cf22f8ba,4c143183c2bada1a6127dffacda2359a470da4f08f1639bb6cc5c4847ebf0bab
qwen,qwen3_4b,seqkd,320,320,18,self_attn.o_proj,32,0.1,1048576,7689906,10485760,0.733366584777832,691657,0.0899434921571213,0.899434921571213,rank32_norm_matched_lowrank_bf16_mask,32,3,0.9068136782697048,0.0011178303963378,-0.0073787566984919,bf16_merged_minus_base,adapter_merge_quantized_to_bf16,adapter_merge_quantized_to_bf16_in_memory,06165e9b53a45b9fb9a040fa87966daa49c82c0728111da9da9149a1cf22f8ba,4c143183c2bada1a6127dffacda2359a470da4f08f1639bb6cc5c4847ebf0bab
qwen,qwen3_4b,seqkd,320,320,18,self_attn.o_proj,50,0.01,104858,7689906,10485760,0.733366584777832,51142,0.0066505364304843,0.6650511060797967,rank32_norm_matched_lowrank_bf16_mask,32,3,0.683883339045562,0.0029107266296086,-0.0188322329657653,bf16_merged_minus_base,adapter_merge_quantized_to_bf16,adapter_merge_quantized_to_bf16_in_memory,06165e9b53a45b9fb9a040fa87966daa49c82c0728111da9da9149a1cf22f8ba,4c143183c2bada1a6127dffacda2359a470da4f08f1639bb6cc5c4847ebf0bab
qwen,qwen3_4b,seqkd,320,320,18,self_attn.o_proj,50,0.1,1048576,7689906,10485760,0.733366584777832,673402,0.0875696009808182,0.8756960098081823,rank32_norm_matched_lowrank_bf16_mask,32,3,0.8838041008654473,0.0008711523339306,-0.0081080910572649,bf16_merged_minus_base,adapter_merge_quantized_to_bf16,adapter_merge_quantized_to_bf16_in_memory,06165e9b53a45b9fb9a040fa87966daa49c82c0728111da9da9149a1cf22f8ba,4c143183c2bada1a6127dffacda2359a470da4f08f1639bb6cc5c4847ebf0bab
qwen,qwen3_4b,opd,5,5,18,mlp.gate_proj,16,0.01,249037,4990142,24903680,0.2003776951840049,31373,0.0062869954402099,0.6286990391164644,rank32_norm_matched_lowrank_bf16_mask,32,3,0.604164256900637,0.00385994823325,0.0245347822158273,bf16_merged_minus_base,saved_merged_bf16,saved_merged_bf16,fb744d801a72585f421671cbaef5697b50b82d744cc7d27ca1a9e19394717ed3,040e7577b0acaafea49d509ceb0beacef06273221d88966c6c59c73b7b4fd942
qwen,qwen3_4b,opd,5,5,18,mlp.gate_proj,16,0.1,2490368,4990142,24903680,0.2003776951840049,438627,0.0878987010790474,0.8789870107904745,rank32_norm_matched_lowrank_bf16_mask,32,3,0.8807241817659222,0.0020450310467339,-0.0017371709754476,bf16_merged_minus_base,saved_merged_bf16,saved_merged_bf16,fb744d801a72585f421671cbaef5697b50b82d744cc7d27ca1a9e19394717ed3,040e7577b0acaafea49d509ceb0beacef06273221d88966c6c59c73b7b4fd942
qwen,qwen3_4b,opd,5,5,18,mlp.gate_proj,32,0.01,249037,4990142,24903680,0.2003776951840049,25682,0.0051465469319309,0.5146542798772523,rank32_norm_matched_lowrank_bf16_mask,32,3,0.4910146007897422,0.0016157081633897,0.02363967908751,bf16_merged_minus_base,saved_merged_bf16,saved_merged_bf16,fb744d801a72585f421671cbaef5697b50b82d744cc7d27ca1a9e19394717ed3,040e7577b0acaafea49d509ceb0beacef06273221d88966c6c59c73b7b4fd942
qwen,qwen3_4b,opd,5,5,18,mlp.gate_proj,32,0.1,2490368,4990142,24903680,0.2003776951840049,407662,0.0816934668392202,0.8169346683922021,rank32_norm_matched_lowrank_bf16_mask,32,3,0.814934983534573,0.000894695501602,0.001999684857629,bf16_merged_minus_base,saved_merged_bf16,saved_merged_bf16,fb744d801a72585f421671cbaef5697b50b82d744cc7d27ca1a9e19394717ed3,040e7577b0acaafea49d509ceb0beacef06273221d88966c6c59c73b7b4fd942
qwen,qwen3_4b,opd,5,5,18,mlp.gate_proj,50,0.01,249037,4990142,24903680,0.2003776951840049,21708,0.0043501768085958,0.4350173314997038,rank32_norm_matched_lowrank_bf16_mask,32,3,0.4144617146070719,0.0024795561639226,0.0205556168926319,bf16_merged_minus_base,saved_merged_bf16,saved_merged_bf16,fb744d801a72585f421671cbaef5697b50b82d744cc7d27ca1a9e19394717ed3,040e7577b0acaafea49d509ceb0beacef06273221d88966c6c59c73b7b4fd942
qwen,qwen3_4b,opd,5,5,18,mlp.gate_proj,50,0.1,2490368,4990142,24903680,0.2003776951840049,380268,0.0762038434978403,0.7620384349784034,rank32_norm_matched_lowrank_bf16_mask,32,3,0.7606355330386578,0.0010265751225162,0.0014029019397455,bf16_merged_minus_base,saved_merged_bf16,saved_merged_bf16,fb744d801a72585f421671cbaef5697b50b82d744cc7d27ca1a9e19394717ed3,040e7577b0acaafea49d509ceb0beacef06273221d88966c6c59c73b7b4fd942
qwen,qwen3_4b,opd,20,20,18,mlp.gate_proj,16,0.01,249037,10307805,24903680,0.4139069005062705,75523,0.007326778106493,0.7326772222405097,rank32_norm_matched_lowrank_bf16_mask,32,3,0.7232505404269794,0.0017461712664612,0.0094266818135302,bf16_merged_minus_base,saved_merged_bf16,saved_merged_bf16,fb744d801a72585f421671cbaef5697b50b82d744cc7d27ca1a9e19394717ed3,570e61715d3237275fcbdd5fafd24755eecb6bcc999a5d2544d379adbe1b185f
qwen,qwen3_4b,opd,20,20,18,mlp.gate_proj,16,0.1,2490368,10307805,24903680,0.4139069005062705,929177,0.0901430517942471,0.9014305179424718,rank32_norm_matched_lowrank_bf16_mask,32,3,0.9173469430803656,0.0001308937227865,-0.0159164251378938,bf16_merged_minus_base,saved_merged_bf16,saved_merged_bf16,fb744d801a72585f421671cbaef5697b50b82d744cc7d27ca1a9e19394717ed3,570e61715d3237275fcbdd5fafd24755eecb6bcc999a5d2544d379adbe1b185f
qwen,qwen3_4b,opd,20,20,18,mlp.gate_proj,32,0.01,249037,10307805,24903680,0.4139069005062705,64644,0.0062713642720249,0.6271359235532952,rank32_norm_matched_lowrank_bf16_mask,32,3,0.6214552178896029,0.0004420017695903,0.0056807056636922,bf16_merged_minus_base,saved_merged_bf16,saved_merged_bf16,fb744d801a72585f421671cbaef5697b50b82d744cc7d27ca1a9e19394717ed3,570e61715d3237275fcbdd5fafd24755eecb6bcc999a5d2544d379adbe1b185f
qwen,qwen3_4b,opd,20,20,18,mlp.gate_proj,32,0.1,2490368,10307805,24903680,0.4139069005062705,884292,0.0857885844755503,0.8578858447555032,rank32_norm_matched_lowrank_bf16_mask,32,3,0.8712366498280657,0.0003023789867806,-0.0133508050725624,bf16_merged_minus_base,saved_merged_bf16,saved_merged_bf16,fb744d801a72585f421671cbaef5697b50b82d744cc7d27ca1a9e19394717ed3,570e61715d3237275fcbdd5fafd24755eecb6bcc999a5d2544d379adbe1b185f
qwen,qwen3_4b,opd,20,20,18,mlp.gate_proj,50,0.01,249037,10307805,24903680,0.4139069005062705,56673,0.0054980667562104,0.54980623407487,rank32_norm_matched_lowrank_bf16_mask,32,3,0.5500064137014454,0.0009245086543271,-0.0002001796265754,bf16_merged_minus_base,saved_merged_bf16,saved_merged_bf16,fb744d801a72585f421671cbaef5697b50b82d744cc7d27ca1a9e19394717ed3,570e61715d3237275fcbdd5fafd24755eecb6bcc999a5d2544d379adbe1b185f
qwen,qwen3_4b,opd,20,20,18,mlp.gate_proj,50,0.1,2490368,10307805,24903680,0.4139069005062705,840775,0.0815668321238129,0.8156683212381297,rank32_norm_matched_lowrank_bf16_mask,32,3,0.8307345018881661,0.0003464383260726,-0.0150661806500363,bf16_merged_minus_base,saved_merged_bf16,saved_merged_bf16,fb744d801a72585f421671cbaef5697b50b82d744cc7d27ca1a9e19394717ed3,570e61715d3237275fcbdd5fafd24755eecb6bcc999a5d2544d379adbe1b185f
qwen,qwen3_4b,opd,40,40,18,mlp.gate_proj,16,0.01,249037,12331424,24903680,0.4951647306743421,95784,0.007767472759026,0.7767466521019035,rank32_norm_matched_lowrank_bf16_mask,32,3,0.7712084804176644,0.0099554857911191,0.005538171684239,bf16_merged_minus_base,saved_merged_bf16,saved_merged_bf16,fb744d801a72585f421671cbaef5697b50b82d744cc7d27ca1a9e19394717ed3,cd9ec0baf0860d42d4eecd638820614fd0004efb3ce48146ee484c8c32c63351
qwen,qwen3_4b,opd,40,40,18,mlp.gate_proj,16,0.1,2490368,12331424,24903680,0.4951647306743421,1129716,0.0916127772429202,0.916127772429202,rank32_norm_matched_lowrank_bf16_mask,32,3,0.9323348089317036,0.002470810414596,-0.0162070365025014,bf16_merged_minus_base,saved_merged_bf16,saved_merged_bf16,fb744d801a72585f421671cbaef5697b50b82d744cc7d27ca1a9e19394717ed3,cd9ec0baf0860d42d4eecd638820614fd0004efb3ce48146ee484c8c32c63351
qwen,qwen3_4b,opd,40,40,18,mlp.gate_proj,32,0.01,249037,12331424,24903680,0.4951647306743421,84022,0.006813649421186,0.6813643949188397,rank32_norm_matched_lowrank_bf16_mask,32,3,0.6802112367158282,0.0080654078868987,0.0011531582030115,bf16_merged_minus_base,saved_merged_bf16,saved_merged_bf16,fb744d801a72585f421671cbaef5697b50b82d744cc7d27ca1a9e19394717ed3,cd9ec0baf0860d42d4eecd638820614fd0004efb3ce48146ee484c8c32c63351
qwen,qwen3_4b,opd,40,40,18,mlp.gate_proj,32,0.1,2490368,12331424,24903680,0.4951647306743421,1083490,0.0878641428597378,0.8786414285973786,rank32_norm_matched_lowrank_bf16_mask,32,3,0.8944928404967013,0.0017025689905359,-0.0158514118993227,bf16_merged_minus_base,saved_merged_bf16,saved_merged_bf16,fb744d801a72585f421671cbaef5697b50b82d744cc7d27ca1a9e19394717ed3,cd9ec0baf0860d42d4eecd638820614fd0004efb3ce48146ee484c8c32c63351
qwen,qwen3_4b,opd,40,40,18,mlp.gate_proj,50,0.01,249037,12331424,24903680,0.4951647306743421,75344,0.0061099188544648,0.6109913947628604,rank32_norm_matched_lowrank_bf16_mask,32,3,0.6149881356133998,0.0067393332304133,-0.0039967408505394,bf16_merged_minus_base,saved_merged_bf16,saved_merged_bf16,fb744d801a72585f421671cbaef5697b50b82d744cc7d27ca1a9e19394717ed3,cd9ec0baf0860d42d4eecd638820614fd0004efb3ce48146ee484c8c32c63351
qwen,qwen3_4b,opd,40,40,18,mlp.gate_proj,50,0.1,2490368,12331424,24903680,0.4951647306743421,1037312,0.0841194009710476,0.8411940097104763,rank32_norm_matched_lowrank_bf16_mask,32,3,0.8602717070922107,0.0014579220317982,-0.0190776973817343,bf16_merged_minus_base,saved_merged_bf16,saved_merged_bf16,fb744d801a72585f421671cbaef5697b50b82d744cc7d27ca1a9e19394717ed3,cd9ec0baf0860d42d4eecd638820614fd0004efb3ce48146ee484c8c32c63351
qwen,qwen3_4b,opd,80,80,18,mlp.gate_proj,16,0.01,249037,14001729,24903680,0.5622353403191818,115058,0.008217413720834,0.8217407121482369,rank32_norm_matched_lowrank_bf16_mask,32,3,0.8121278489353863,0.003409017940303,0.0096128632128505,bf16_merged_minus_base,saved_merged_bf16,saved_merged_bf16,fb744d801a72585f421671cbaef5697b50b82d744cc7d27ca1a9e19394717ed3,f706baa39df1263cbe053dbdb6ad0ea07131a76903136be444a28205db3edce4
qwen,qwen3_4b,opd,80,80,18,mlp.gate_proj,16,0.1,2490368,14001729,24903680,0.5622353403191818,1305680,0.0932513406022927,0.9325134060229276,rank32_norm_matched_lowrank_bf16_mask,32,3,0.9434451330289044,0.0015707778302985,-0.0109317270059767,bf16_merged_minus_base,saved_merged_bf16,saved_merged_bf16,fb744d801a72585f421671cbaef5697b50b82d744cc7d27ca1a9e19394717ed3,f706baa39df1263cbe053dbdb6ad0ea07131a76903136be444a28205db3edce4
qwen,qwen3_4b,opd,80,80,18,mlp.gate_proj,32,0.01,249037,14001729,24903680,0.5622353403191818,103149,0.0073668759051114,0.7366869988821159,rank32_norm_matched_lowrank_bf16_mask,32,3,0.7341777931477201,0.0031528170316004,0.0025092057343957,bf16_merged_minus_base,saved_merged_bf16,saved_merged_bf16,fb744d801a72585f421671cbaef5697b50b82d744cc7d27ca1a9e19394717ed3,f706baa39df1263cbe053dbdb6ad0ea07131a76903136be444a28205db3edce4
qwen,qwen3_4b,opd,80,80,18,mlp.gate_proj,32,0.1,2490368,14001729,24903680,0.5622353403191818,1260857,0.0900500930992165,0.9005009309921654,rank32_norm_matched_lowrank_bf16_mask,32,3,0.912510177369256,0.0009997624206445,-0.0120092463770905,bf16_merged_minus_base,saved_merged_bf16,saved_merged_bf16,fb744d801a72585f421671cbaef5697b50b82d744cc7d27ca1a9e19394717ed3,f706baa39df1263cbe053dbdb6ad0ea07131a76903136be444a28205db3edce4
qwen,qwen3_4b,opd,80,80,18,mlp.gate_proj,50,0.01,249037,14001729,24903680,0.5622353403191818,93912,0.0067071716642994,0.6707166277813382,rank32_norm_matched_lowrank_bf16_mask,32,3,0.6756883933744512,0.0030874150292979,-0.0049717655931129,bf16_merged_minus_base,saved_merged_bf16,saved_merged_bf16,fb744d801a72585f421671cbaef5697b50b82d744cc7d27ca1a9e19394717ed3,f706baa39df1263cbe053dbdb6ad0ea07131a76903136be444a28205db3edce4
qwen,qwen3_4b,opd,80,80,18,mlp.gate_proj,50,0.1,2490368,14001729,24903680,0.5622353403191818,1214399,0.0867320743031092,0.8673207430310929,rank32_norm_matched_lowrank_bf16_mask,32,3,0.8841150658843225,0.000427171878043,-0.0167943228532296,bf16_merged_minus_base,saved_merged_bf16,saved_merged_bf16,fb744d801a72585f421671cbaef5697b50b82d744cc7d27ca1a9e19394717ed3,f706baa39df1263cbe053dbdb6ad0ea07131a76903136be444a28205db3edce4
qwen,qwen3_4b,opd,160,160,18,mlp.gate_proj,16,0.01,249037,17031101,24903680,0.6838788885819285,154662,0.0090811510072073,0.908114371419385,rank32_norm_matched_lowrank_bf16_mask,32,3,0.8791020831892724,0.0014809459561952,0.0290122882301125,bf16_merged_minus_base,saved_merged_bf16,saved_merged_bf16,fb744d801a72585f421671cbaef5697b50b82d744cc7d27ca1a9e19394717ed3,64fb65beda25d1777585fc6e0967149f12c84b0984e6f4b780becc77a4ecffa0
qwen,qwen3_4b,opd,160,160,18,mlp.gate_proj,16,0.1,2490368,17031101,24903680,0.6838788885819285,1643977,0.0965279343948462,0.9652793439484624,rank32_norm_matched_lowrank_bf16_mask,32,3,0.9644643028063568,0.000377283814115,0.0008150411421055,bf16_merged_minus_base,saved_merged_bf16,saved_merged_bf16,fb744d801a72585f421671cbaef5697b50b82d744cc7d27ca1a9e19394717ed3,64fb65beda25d1777585fc6e0967149f12c84b0984e6f4b780becc77a4ecffa0
qwen,qwen3_4b,opd,160,160,18,mlp.gate_proj,32,0.01,249037,17031101,24903680,0.6838788885819285,143928,0.0084508922823016,0.8450885495444856,rank32_norm_matched_lowrank_bf16_mask,32,3,0.8256679859934666,0.0019203584137123,0.019420563551019,bf16_merged_minus_base,saved_merged_bf16,saved_merged_bf16,fb744d801a72585f421671cbaef5697b50b82d744cc7d27ca1a9e19394717ed3,64fb65beda25d1777585fc6e0967149f12c84b0984e6f4b780becc77a4ecffa0
qwen,qwen3_4b,opd,160,160,18,mlp.gate_proj,32,0.1,2490368,17031101,24903680,0.6838788885819285,1603743,0.0941655504244851,0.9416555042448518,rank32_norm_matched_lowrank_bf16_mask,32,3,0.9448033350802368,0.0007189082990753,-0.0031478308353849,bf16_merged_minus_base,saved_merged_bf16,saved_merged_bf16,fb744d801a72585f421671cbaef5697b50b82d744cc7d27ca1a9e19394717ed3,64fb65beda25d1777585fc6e0967149f12c84b0984e6f4b780becc77a4ecffa0
qwen,qwen3_4b,opd,160,160,18,mlp.gate_proj,50,0.01,249037,17031101,24903680,0.6838788885819285,135030,0.0079284363353843,0.7928429968108492,rank32_norm_matched_lowrank_bf16_mask,32,3,0.7850260283761892,0.0014382127405451,0.00781696843466,bf16_merged_minus_base,saved_merged_bf16,saved_merged_bf16,fb744d801a72585f421671cbaef5697b50b82d744cc7d27ca1a9e19394717ed3,64fb65beda25d1777585fc6e0967149f12c84b0984e6f4b780becc77a4ecffa0
qwen,qwen3_4b,opd,160,160,18,mlp.gate_proj,50,0.1,2490368,17031101,24903680,0.6838788885819285,1561914,0.0917095142586495,0.917095142586495,rank32_norm_matched_lowrank_bf16_mask,32,3,0.9261614058409898,0.0006203201807496,-0.0090662632544947,bf16_merged_minus_base,saved_merged_bf16,saved_merged_bf16,fb744d801a72585f421671cbaef5697b50b82d744cc7d27ca1a9e19394717ed3,64fb65beda25d1777585fc6e0967149f12c84b0984e6f4b780becc77a4ecffa0
qwen,qwen3_4b,opd,320,320,18,mlp.gate_proj,16,0.01,249037,19404578,24903680,0.7791851646021792,184223,0.0094937905890043,0.949378296460264,rank32_norm_matched_lowrank_bf16_mask,32,3,0.9234706557952976,0.0022599529591218,0.0259076406649664,bf16_merged_minus_base,saved_merged_bf16,saved_merged_bf16,fb744d801a72585f421671cbaef5697b50b82d744cc7d27ca1a9e19394717ed3,b627400f0aa433d9ea48a1833145891a8b74ad50db135e51b8ac9e05bfa5066c
qwen,qwen3_4b,opd,320,320,18,mlp.gate_proj,16,0.1,2490368,19404578,24903680,0.7791851646021792,1905948,0.0982215640041231,0.9822156400412316,rank32_norm_matched_lowrank_bf16_mask,32,3,0.9775341691651848,0.0003631881467263,0.0046814708760466,bf16_merged_minus_base,saved_merged_bf16,saved_merged_bf16,fb744d801a72585f421671cbaef5697b50b82d744cc7d27ca1a9e19394717ed3,b627400f0aa433d9ea48a1833145891a8b74ad50db135e51b8ac9e05bfa5066c
qwen,qwen3_4b,opd,320,320,18,mlp.gate_proj,32,0.01,249037,19404578,24903680,0.7791851646021792,175185,0.0090280242116061,0.902801696125844,rank32_norm_matched_lowrank_bf16_mask,32,3,0.8864708969955926,0.0023922247384919,0.0163307991302513,bf16_merged_minus_base,saved_merged_bf16,saved_merged_bf16,fb744d801a72585f421671cbaef5697b50b82d744cc7d27ca1a9e19394717ed3,b627400f0aa433d9ea48a1833145891a8b74ad50db135e51b8ac9e05bfa5066c
qwen,qwen3_4b,opd,320,320,18,mlp.gate_proj,32,0.1,2490368,19404578,24903680,0.7791851646021792,1872221,0.0964834690040669,0.9648346900406698,rank32_norm_matched_lowrank_bf16_mask,32,3,0.9646844964695696,0.0002429469662438,0.0001501935711002,bf16_merged_minus_base,saved_merged_bf16,saved_merged_bf16,fb744d801a72585f421671cbaef5697b50b82d744cc7d27ca1a9e19394717ed3,b627400f0aa433d9ea48a1833145891a8b74ad50db135e51b8ac9e05bfa5066c
qwen,qwen3_4b,opd,320,320,18,mlp.gate_proj,50,0.01,249037,19404578,24903680,0.7791851646021792,167392,0.0086264179514751,0.8626411023654837,rank32_norm_matched_lowrank_bf16_mask,32,3,0.8578623395458692,0.0013835600733455,0.0047787628196145,bf16_merged_minus_base,saved_merged_bf16,saved_merged_bf16,fb744d801a72585f421671cbaef5697b50b82d744cc7d27ca1a9e19394717ed3,b627400f0aa433d9ea48a1833145891a8b74ad50db135e51b8ac9e05bfa5066c
qwen,qwen3_4b,opd,320,320,18,mlp.gate_proj,50,0.1,2490368,19404578,24903680,0.7791851646021792,1838247,0.0947326450490188,0.9473264504901884,rank32_norm_matched_lowrank_bf16_mask,32,3,0.9528345348896704,0.0001309714543357,-0.005508084399482,bf16_merged_minus_base,saved_merged_bf16,saved_merged_bf16,fb744d801a72585f421671cbaef5697b50b82d744cc7d27ca1a9e19394717ed3,b627400f0aa433d9ea48a1833145891a8b74ad50db135e51b8ac9e05bfa5066c
qwen,qwen3_4b,sft,5,5,18,mlp.gate_proj,16,0.01,249037,201709,24903680,0.0080995660079152,1166,0.0057806047325602,0.5780600090194091,rank32_norm_matched_lowrank_bf16_mask,32,3,0.5867851443828981,0.0198866622576889,-0.0087251353634889,bf16_merged_minus_base,adapter_merge_quantized_to_bf16,adapter_merge_quantized_to_bf16_in_memory,fb744d801a72585f421671cbaef5697b50b82d744cc7d27ca1a9e19394717ed3,bfa9f20cc704eed2ab5fb052c187f2d41b34dd640151af7fb0f791d09ed8167a
qwen,qwen3_4b,sft,5,5,18,mlp.gate_proj,16,0.1,2490368,201709,24903680,0.0080995660079152,17002,0.0842897441363548,0.8428974413635484,rank32_norm_matched_lowrank_bf16_mask,32,3,0.887505139900293,0.0072166535735438,-0.0446076985367446,bf16_merged_minus_base,adapter_merge_quantized_to_bf16,adapter_merge_quantized_to_bf16_in_memory,fb744d801a72585f421671cbaef5697b50b82d744cc7d27ca1a9e19394717ed3,bfa9f20cc704eed2ab5fb052c187f2d41b34dd640151af7fb0f791d09ed8167a
qwen,qwen3_4b,sft,5,5,18,mlp.gate_proj,32,0.01,249037,201709,24903680,0.0080995660079152,910,0.0045114496626328,0.451144603951683,rank32_norm_matched_lowrank_bf16_mask,32,3,0.4868157483017232,0.022729499147496,-0.0356711443500402,bf16_merged_minus_base,adapter_merge_quantized_to_bf16,adapter_merge_quantized_to_bf16_in_memory,fb744d801a72585f421671cbaef5697b50b82d744cc7d27ca1a9e19394717ed3,bfa9f20cc704eed2ab5fb052c187f2d41b34dd640151af7fb0f791d09ed8167a
qwen,qwen3_4b,sft,5,5,18,mlp.gate_proj,32,0.1,2490368,201709,24903680,0.0080995660079152,15678,0.0777258327590737,0.7772583275907371,rank32_norm_matched_lowrank_bf16_mask,32,3,0.8069476930529627,0.0075130783673614,-0.0296893654622255,bf16_merged_minus_base,adapter_merge_quantized_to_bf16,adapter_merge_quantized_to_bf16_in_memory,fb744d801a72585f421671cbaef5697b50b82d744cc7d27ca1a9e19394717ed3,bfa9f20cc704eed2ab5fb052c187f2d41b34dd640151af7fb0f791d09ed8167a
qwen,qwen3_4b,sft,5,5,18,mlp.gate_proj,50,0.01,249037,201709,24903680,0.0080995660079152,736,0.0036488208260414,0.3648817895697128,rank32_norm_matched_lowrank_bf16_mask,32,3,0.4412865595943387,0.0361431013267268,-0.0764047700246258,bf16_merged_minus_base,adapter_merge_quantized_to_bf16,adapter_merge_quantized_to_bf16_in_memory,fb744d801a72585f421671cbaef5697b50b82d744cc7d27ca1a9e19394717ed3,bfa9f20cc704eed2ab5fb052c187f2d41b34dd640151af7fb0f791d09ed8167a
qwen,qwen3_4b,sft,5,5,18,mlp.gate_proj,50,0.1,2490368,201709,24903680,0.0080995660079152,14620,0.0724806528216391,0.7248065282163909,rank32_norm_matched_lowrank_bf16_mask,32,3,0.7595439368329474,0.0112064565170022,-0.0347374086165565,bf16_merged_minus_base,adapter_merge_quantized_to_bf16,adapter_merge_quantized_to_bf16_in_memory,fb744d801a72585f421671cbaef5697b50b82d744cc7d27ca1a9e19394717ed3,bfa9f20cc704eed2ab5fb052c187f2d41b34dd640151af7fb0f791d09ed8167a
qwen,qwen3_4b,sft,20,20,18,mlp.gate_proj,16,0.01,249037,3137524,24903680,0.1259863602487664,19052,0.0060723041481116,0.6072299271483605,rank32_norm_matched_lowrank_bf16_mask,32,3,0.5868917224942621,0.001944386764818,0.0203382046540984,bf16_merged_minus_base,adapter_merge_quantized_to_bf16,adapter_merge_quantized_to_bf16_in_memory,fb744d801a72585f421671cbaef5697b50b82d744cc7d27ca1a9e19394717ed3,0124418aa739f31736419ea7155c313dfcd883b04f57ea8dcdc255e628ed6acc
qwen,qwen3_4b,sft,20,20,18,mlp.gate_proj,16,0.1,2490368,3137524,24903680,0.1259863602487664,268818,0.0856783884362318,0.8567838843623188,rank32_norm_matched_lowrank_bf16_mask,32,3,0.872955094691337,0.0026046328167609,-0.0161712103290182,bf16_merged_minus_base,adapter_merge_quantized_to_bf16,adapter_merge_quantized_to_bf16_in_memory,fb744d801a72585f421671cbaef5697b50b82d744cc7d27ca1a9e19394717ed3,0124418aa739f31736419ea7155c313dfcd883b04f57ea8dcdc255e628ed6acc
qwen,qwen3_4b,sft,20,20,18,mlp.gate_proj,32,0.01,249037,3137524,24903680,0.1259863602487664,15084,0.0048076126270269,0.4807608766064388,rank32_norm_matched_lowrank_bf16_mask,32,3,0.4749769242444408,0.0019976734945487,0.0057839523619979,bf16_merged_minus_base,adapter_merge_quantized_to_bf16,adapter_merge_quantized_to_bf16_in_memory,fb744d801a72585f421671cbaef5697b50b82d744cc7d27ca1a9e19394717ed3,0124418aa739f31736419ea7155c313dfcd883b04f57ea8dcdc255e628ed6acc
qwen,qwen3_4b,sft,20,20,18,mlp.gate_proj,32,0.1,2490368,3137524,24903680,0.1259863602487664,249373,0.0794808262821256,0.7948082628212565,rank32_norm_matched_lowrank_bf16_mask,32,3,0.8031465020971081,0.0006878979655903,-0.0083382392758516,bf16_merged_minus_base,adapter_merge_quantized_to_bf16,adapter_merge_quantized_to_bf16_in_memory,fb744d801a72585f421671cbaef5697b50b82d744cc7d27ca1a9e19394717ed3,0124418aa739f31736419ea7155c313dfcd883b04f57ea8dcdc255e628ed6acc
qwen,qwen3_4b,sft,20,20,18,mlp.gate_proj,50,0.01,249037,3137524,24903680,0.1259863602487664,12502,0.0039846707148694,0.3984667514806216,rank32_norm_matched_lowrank_bf16_mask,32,3,0.3960378260350095,0.0037197810190606,0.0024289254456121,bf16_merged_minus_base,adapter_merge_quantized_to_bf16,adapter_merge_quantized_to_bf16_in_memory,fb744d801a72585f421671cbaef5697b50b82d744cc7d27ca1a9e19394717ed3,0124418aa739f31736419ea7155c313dfcd883b04f57ea8dcdc255e628ed6acc
qwen,qwen3_4b,sft,20,20,18,mlp.gate_proj,50,0.1,2490368,3137524,24903680,0.1259863602487664,230710,0.0735325052493622,0.7353250524936223,rank32_norm_matched_lowrank_bf16_mask,32,3,0.7477548051042403,0.0010483867547038,-0.0124297526106179,bf16_merged_minus_base,adapter_merge_quantized_to_bf16,adapter_merge_quantized_to_bf16_in_memory,fb744d801a72585f421671cbaef5697b50b82d744cc7d27ca1a9e19394717ed3,0124418aa739f31736419ea7155c313dfcd883b04f57ea8dcdc255e628ed6acc
qwen,qwen3_4b,sft,40,40,18,mlp.gate_proj,16,0.01,249037,7812663,24903680,0.3137152019299959,55611,0.0071180594888068,0.7118053772339402,rank32_norm_matched_lowrank_bf16_mask,32,3,0.669841059566726,0.0049754383866242,0.0419643176672142,bf16_merged_minus_base,adapter_merge_quantized_to_bf16,adapter_merge_quantized_to_bf16_in_memory,fb744d801a72585f421671cbaef5697b50b82d744cc7d27ca1a9e19394717ed3,5c96781fe5c1f93458b053dfc38397de223dc61e97b8ba1224de0b7f6cdbebf7
qwen,qwen3_4b,sft,40,40,18,mlp.gate_proj,16,0.1,2490368,7812663,24903680,0.3137152019299959,700120,0.0896134903041382,0.8961349030413829,rank32_norm_matched_lowrank_bf16_mask,32,3,0.9008018029454408,8.890470751321306e-05,-0.0046668999040579,bf16_merged_minus_base,adapter_merge_quantized_to_bf16,adapter_merge_quantized_to_bf16_in_memory,fb744d801a72585f421671cbaef5697b50b82d744cc7d27ca1a9e19394717ed3,5c96781fe5c1f93458b053dfc38397de223dc61e97b8ba1224de0b7f6cdbebf7
qwen,qwen3_4b,sft,40,40,18,mlp.gate_proj,32,0.01,249037,7812663,24903680,0.3137152019299959,45769,0.0058583097722249,0.5858305067454318,rank32_norm_matched_lowrank_bf16_mask,32,3,0.5570076510432206,0.0015584908218001,0.0288228557022112,bf16_merged_minus_base,adapter_merge_quantized_to_bf16,adapter_merge_quantized_to_bf16_in_memory,fb744d801a72585f421671cbaef5697b50b82d744cc7d27ca1a9e19394717ed3,5c96781fe5c1f93458b053dfc38397de223dc61e97b8ba1224de0b7f6cdbebf7
qwen,qwen3_4b,sft,40,40,18,mlp.gate_proj,32,0.1,2490368,7812663,24903680,0.3137152019299959,659265,0.0843841594088981,0.8438415940889809,rank32_norm_matched_lowrank_bf16_mask,32,3,0.8467286730319122,0.0013806071231998,-0.0028870789429313,bf16_merged_minus_base,adapter_merge_quantized_to_bf16,adapter_merge_quantized_to_bf16_in_memory,fb744d801a72585f421671cbaef5697b50b82d744cc7d27ca1a9e19394717ed3,5c96781fe5c1f93458b053dfc38397de223dc61e97b8ba1224de0b7f6cdbebf7
qwen,qwen3_4b,sft,40,40,18,mlp.gate_proj,50,0.01,249037,7812663,24903680,0.3137152019299959,39098,0.0050044395873724,0.5004435568339464,rank32_norm_matched_lowrank_bf16_mask,32,3,0.4797304246548852,0.0013774807930492,0.0207131321790611,bf16_merged_minus_base,adapter_merge_quantized_to_bf16,adapter_merge_quantized_to_bf16_in_memory,fb744d801a72585f421671cbaef5697b50b82d744cc7d27ca1a9e19394717ed3,5c96781fe5c1f93458b053dfc38397de223dc61e97b8ba1224de0b7f6cdbebf7
qwen,qwen3_4b,sft,40,40,18,mlp.gate_proj,50,0.1,2490368,7812663,24903680,0.3137152019299959,619955,0.0793525843876793,0.7935258438767933,rank32_norm_matched_lowrank_bf16_mask,32,3,0.7970000470650304,0.0010107541000978,-0.0034742031882371,bf16_merged_minus_base,adapter_merge_quantized_to_bf16,adapter_merge_quantized_to_bf16_in_memory,fb744d801a72585f421671cbaef5697b50b82d744cc7d27ca1a9e19394717ed3,5c96781fe5c1f93458b053dfc38397de223dc61e97b8ba1224de0b7f6cdbebf7
qwen,qwen3_4b,sft,80,80,18,mlp.gate_proj,16,0.01,249037,14167197,24903680,0.5688796595523232,120093,0.0084768356083422,0.847682880065057,rank32_norm_matched_lowrank_bf16_mask,32,3,0.8121898979533997,0.0044827438076626,0.0354929821116573,bf16_merged_minus_base,adapter_merge_quantized_to_bf16,adapter_merge_quantized_to_bf16_in_memory,fb744d801a72585f421671cbaef5697b50b82d744cc7d27ca1a9e19394717ed3,5e903d5d72cb654b098b9fc044d3fe9470fc048b7dd6aaac14bdab2779f79678
qwen,qwen3_4b,sft,80,80,18,mlp.gate_proj,16,0.1,2490368,14167197,24903680,0.5688796595523232,1338345,0.0944678753320081,0.9446787533200816,rank32_norm_matched_lowrank_bf16_mask,32,3,0.9438429452018152,0.0015359256434832,0.0008358081182665,bf16_merged_minus_base,adapter_merge_quantized_to_bf16,adapter_merge_quantized_to_bf16_in_memory,fb744d801a72585f421671cbaef5697b50b82d744cc7d27ca1a9e19394717ed3,5e903d5d72cb654b098b9fc044d3fe9470fc048b7dd6aaac14bdab2779f79678
qwen,qwen3_4b,sft,80,80,18,mlp.gate_proj,32,0.01,249037,14167197,24903680,0.5688796595523232,106746,0.0075347296998834,0.7534723648790902,rank32_norm_matched_lowrank_bf16_mask,32,3,0.7339089981617354,0.00437922461609,0.0195633667173548,bf16_merged_minus_base,adapter_merge_quantized_to_bf16,adapter_merge_quantized_to_bf16_in_memory,fb744d801a72585f421671cbaef5697b50b82d744cc7d27ca1a9e19394717ed3,5e903d5d72cb654b098b9fc044d3fe9470fc048b7dd6aaac14bdab2779f79678
qwen,qwen3_4b,sft,80,80,18,mlp.gate_proj,32,0.1,2490368,14167197,24903680,0.5688796595523232,1290402,0.0910837902515225,0.910837902515226,rank32_norm_matched_lowrank_bf16_mask,32,3,0.9123500797104004,0.0013280564557198,-0.0015121771951746,bf16_merged_minus_base,adapter_merge_quantized_to_bf16,adapter_merge_quantized_to_bf16_in_memory,fb744d801a72585f421671cbaef5697b50b82d744cc7d27ca1a9e19394717ed3,5e903d5d72cb654b098b9fc044d3fe9470fc048b7dd6aaac14bdab2779f79678
qwen,qwen3_4b,sft,80,80,18,mlp.gate_proj,50,0.01,249037,14167197,24903680,0.5688796595523232,96979,0.0068453202140126,0.6845314716580414,rank32_norm_matched_lowrank_bf16_mask,32,3,0.6761031076232092,0.0049379005941015,0.0084283640348321,bf16_merged_minus_base,adapter_merge_quantized_to_bf16,adapter_merge_quantized_to_bf16_in_memory,fb744d801a72585f421671cbaef5697b50b82d744cc7d27ca1a9e19394717ed3,5e903d5d72cb654b098b9fc044d3fe9470fc048b7dd6aaac14bdab2779f79678
qwen,qwen3_4b,sft,80,80,18,mlp.gate_proj,50,0.1,2490368,14167197,24903680,0.5688796595523232,1243957,0.0878054423892037,0.8780544238920374,rank32_norm_matched_lowrank_bf16_mask,32,3,0.8836250543626886,0.0012571708539057,-0.0055706304706512,bf16_merged_minus_base,adapter_merge_quantized_to_bf16,adapter_merge_quantized_to_bf16_in_memory,fb744d801a72585f421671cbaef5697b50b82d744cc7d27ca1a9e19394717ed3,5e903d5d72cb654b098b9fc044d3fe9470fc048b7dd6aaac14bdab2779f79678
qwen,qwen3_4b,sft,160,160,18,mlp.gate_proj,16,0.01,249037,18139606,24903680,0.7283905832391037,167512,0.0092345996930694,0.923459227682227,rank32_norm_matched_lowrank_bf16_mask,32,3,0.8946831813905344,0.0008387216204038,0.0287760462916926,bf16_merged_minus_base,adapter_merge_quantized_to_bf16,adapter_merge_quantized_to_bf16_in_memory,fb744d801a72585f421671cbaef5697b50b82d744cc7d27ca1a9e19394717ed3,bbbd30f1e96980400462d0fb1cdbc915405967c6e868d539baeb417188280a64
qwen,qwen3_4b,sft,160,160,18,mlp.gate_proj,16,0.1,2490368,18139606,24903680,0.7283905832391037,1762996,0.0971904240919014,0.9719042409190144,rank32_norm_matched_lowrank_bf16_mask,32,3,0.9693044714452536,0.0001797118004073,0.0025997694737607,bf16_merged_minus_base,adapter_merge_quantized_to_bf16,adapter_merge_quantized_to_bf16_in_memory,fb744d801a72585f421671cbaef5697b50b82d744cc7d27ca1a9e19394717ed3,bbbd30f1e96980400462d0fb1cdbc915405967c6e868d539baeb417188280a64
qwen,qwen3_4b,sft,160,160,18,mlp.gate_proj,32,0.01,249037,18139606,24903680,0.7283905832391037,157177,0.0086648519267728,0.8664844968086429,rank32_norm_matched_lowrank_bf16_mask,32,3,0.8472318165911258,0.0012017865437573,0.0192526802175171,bf16_merged_minus_base,adapter_merge_quantized_to_bf16,adapter_merge_quantized_to_bf16_in_memory,fb744d801a72585f421671cbaef5697b50b82d744cc7d27ca1a9e19394717ed3,bbbd30f1e96980400462d0fb1cdbc915405967c6e868d539baeb417188280a64
qwen,qwen3_4b,sft,160,160,18,mlp.gate_proj,32,0.1,2490368,18139606,24903680,0.7283905832391037,1725078,0.095100081005067,0.9510008100506704,rank32_norm_matched_lowrank_bf16_mask,32,3,0.95227017542351,0.000176806528357,-0.0012693653728396,bf16_merged_minus_base,adapter_merge_quantized_to_bf16,adapter_merge_quantized_to_bf16_in_memory,fb744d801a72585f421671cbaef5697b50b82d744cc7d27ca1a9e19394717ed3,bbbd30f1e96980400462d0fb1cdbc915405967c6e868d539baeb417188280a64
qwen,qwen3_4b,sft,160,160,18,mlp.gate_proj,50,0.01,249037,18139606,24903680,0.7283905832391037,148614,0.008192790956981,0.8192784377403797,rank32_norm_matched_lowrank_bf16_mask,32,3,0.8121347269246041,0.0012361238490342,0.0071437108157755,bf16_merged_minus_base,adapter_merge_quantized_to_bf16,adapter_merge_quantized_to_bf16_in_memory,fb744d801a72585f421671cbaef5697b50b82d744cc7d27ca1a9e19394717ed3,bbbd30f1e96980400462d0fb1cdbc915405967c6e868d539baeb417188280a64
qwen,qwen3_4b,sft,160,160,18,mlp.gate_proj,50,0.1,2490368,18139606,24903680,0.7283905832391037,1687590,0.0930334429535018,0.9303344295350184,rank32_norm_matched_lowrank_bf16_mask,32,3,0.9368570989635624,0.000185206102205,-0.0065226694285439,bf16_merged_minus_base,adapter_merge_quantized_to_bf16,adapter_merge_quantized_to_bf16_in_memory,fb744d801a72585f421671cbaef5697b50b82d744cc7d27ca1a9e19394717ed3,bbbd30f1e96980400462d0fb1cdbc915405967c6e868d539baeb417188280a64
qwen,qwen3_4b,sft,320,320,18,mlp.gate_proj,16,0.01,249037,19867606,24903680,0.7977779187654194,188854,0.0095056243817196,0.9505616747814362,rank32_norm_matched_lowrank_bf16_mask,32,3,0.9278387308690492,0.0038102826905237,0.0227229439123869,bf16_merged_minus_base,adapter_merge_quantized_to_bf16,adapter_merge_quantized_to_bf16_in_memory,fb744d801a72585f421671cbaef5697b50b82d744cc7d27ca1a9e19394717ed3,5f2cc92d2f6013274373eb164664047f6096043e76e7c2951afc3920ab067777
qwen,qwen3_4b,sft,320,320,18,mlp.gate_proj,16,0.1,2490368,19867606,24903680,0.7977779187654194,1950375,0.0981685966593056,0.981685966593056,rank32_norm_matched_lowrank_bf16_mask,32,3,0.978575872802789,0.0005172132768212,0.0031100937902669,bf16_merged_minus_base,adapter_merge_quantized_to_bf16,adapter_merge_quantized_to_bf16_in_memory,fb744d801a72585f421671cbaef5697b50b82d744cc7d27ca1a9e19394717ed3,5f2cc92d2f6013274373eb164664047f6096043e76e7c2951afc3920ab067777
qwen,qwen3_4b,sft,320,320,18,mlp.gate_proj,32,0.01,249037,19867606,24903680,0.7977779187654194,180271,0.0090736146066113,0.9073607319650326,rank32_norm_matched_lowrank_bf16_mask,32,3,0.894275996622485,0.002328513161666,0.0130847353425476,bf16_merged_minus_base,adapter_merge_quantized_to_bf16,adapter_merge_quantized_to_bf16_in_memory,fb744d801a72585f421671cbaef5697b50b82d744cc7d27ca1a9e19394717ed3,5f2cc92d2f6013274373eb164664047f6096043e76e7c2951afc3920ab067777
qwen,qwen3_4b,sft,320,320,18,mlp.gate_proj,32,0.1,2490368,19867606,24903680,0.7977779187654194,1921292,0.0967047564764471,0.9670475647644712,rank32_norm_matched_lowrank_bf16_mask,32,3,0.9668517122648423,0.0002298815104917,0.0001958524996288,bf16_merged_minus_base,adapter_merge_quantized_to_bf16,adapter_merge_quantized_to_bf16_in_memory,fb744d801a72585f421671cbaef5697b50b82d744cc7d27ca1a9e19394717ed3,5f2cc92d2f6013274373eb164664047f6096043e76e7c2951afc3920ab067777
qwen,qwen3_4b,sft,320,320,18,mlp.gate_proj,50,0.01,249037,19867606,24903680,0.7977779187654194,173148,0.0087150912898111,0.8715084290777855,rank32_norm_matched_lowrank_bf16_mask,32,3,0.8683090799609224,0.0023384516765457,0.003199349116863,bf16_merged_minus_base,adapter_merge_quantized_to_bf16,adapter_merge_quantized_to_bf16_in_memory,fb744d801a72585f421671cbaef5697b50b82d744cc7d27ca1a9e19394717ed3,5f2cc92d2f6013274373eb164664047f6096043e76e7c2951afc3920ab067777
qwen,qwen3_4b,sft,320,320,18,mlp.gate_proj,50,0.1,2490368,19867606,24903680,0.7977779187654194,1890877,0.0951738724836802,0.951738724836802,rank32_norm_matched_lowrank_bf16_mask,32,3,0.9560367705811054,0.0001935903279119,-0.0042980457443032,bf16_merged_minus_base,adapter_merge_quantized_to_bf16,adapter_merge_quantized_to_bf16_in_memory,fb744d801a72585f421671cbaef5697b50b82d744cc7d27ca1a9e19394717ed3,5f2cc92d2f6013274373eb164664047f6096043e76e7c2951afc3920ab067777
qwen,qwen3_4b,offkd,5,5,18,mlp.gate_proj,16,0.01,249037,5767552,24903680,0.2315943667763157,39732,0.0068888845735591,0.6888879041140576,rank32_norm_matched_lowrank_bf16_mask,32,3,0.6272869129711381,0.0009748485977183,0.0616009911429195,bf16_merged_minus_base,adapter_merge_quantized_to_bf16,adapter_merge_quantized_to_bf16_in_memory,fb744d801a72585f421671cbaef5697b50b82d744cc7d27ca1a9e19394717ed3,639662801dc654680d8cfc362ad132c6e23caab720ffaeebbfa27f01a42a29a8
qwen,qwen3_4b,offkd,5,5,18,mlp.gate_proj,16,0.1,2490368,5767552,24903680,0.2315943667763157,516939,0.0896288407976209,0.896288407976209,rank32_norm_matched_lowrank_bf16_mask,32,3,0.8876039224055189,0.001592277722411,0.0086844855706901,bf16_merged_minus_base,adapter_merge_quantized_to_bf16,adapter_merge_quantized_to_bf16_in_memory,fb744d801a72585f421671cbaef5697b50b82d744cc7d27ca1a9e19394717ed3,639662801dc654680d8cfc362ad132c6e23caab720ffaeebbfa27f01a42a29a8
qwen,qwen3_4b,offkd,5,5,18,mlp.gate_proj,32,0.01,249037,5767552,24903680,0.2315943667763157,31445,0.0054520531414367,0.5452048762928255,rank32_norm_matched_lowrank_bf16_mask,32,3,0.5083566090835182,0.0047089177780604,0.0368482672093073,bf16_merged_minus_base,adapter_merge_quantized_to_bf16,adapter_merge_quantized_to_bf16_in_memory,fb744d801a72585f421671cbaef5697b50b82d744cc7d27ca1a9e19394717ed3,639662801dc654680d8cfc362ad132c6e23caab720ffaeebbfa27f01a42a29a8
qwen,qwen3_4b,offkd,5,5,18,mlp.gate_proj,32,0.1,2490368,5767552,24903680,0.2315943667763157,479381,0.0831168925741805,0.8311689257418052,rank32_norm_matched_lowrank_bf16_mask,32,3,0.8239798167272658,0.0021042300155708,0.0071891090145393,bf16_merged_minus_base,adapter_merge_quantized_to_bf16,adapter_merge_quantized_to_bf16_in_memory,fb744d801a72585f421671cbaef5697b50b82d744cc7d27ca1a9e19394717ed3,639662801dc654680d8cfc362ad132c6e23caab720ffaeebbfa27f01a42a29a8
qwen,qwen3_4b,offkd,5,5,18,mlp.gate_proj,50,0.01,249037,5767552,24903680,0.2315943667763157,26181,0.0045393608934951,0.4539357247963894,rank32_norm_matched_lowrank_bf16_mask,32,3,0.4301517743528831,0.0008977664308774,0.0237839504435062,bf16_merged_minus_base,adapter_merge_quantized_to_bf16,adapter_merge_quantized_to_bf16_in_memory,fb744d801a72585f421671cbaef5697b50b82d744cc7d27ca1a9e19394717ed3,639662801dc654680d8cfc362ad132c6e23caab720ffaeebbfa27f01a42a29a8
qwen,qwen3_4b,offkd,5,5,18,mlp.gate_proj,50,0.1,2490368,5767552,24903680,0.2315943667763157,448561,0.0777732042988082,0.7777320429880824,rank32_norm_matched_lowrank_bf16_mask,32,3,0.769328238891582,0.0020795896678603,0.0084038040965004,bf16_merged_minus_base,adapter_merge_quantized_to_bf16,adapter_merge_quantized_to_bf16_in_memory,fb744d801a72585f421671cbaef5697b50b82d744cc7d27ca1a9e19394717ed3,639662801dc654680d8cfc362ad132c6e23caab720ffaeebbfa27f01a42a29a8
qwen,qwen3_4b,offkd,20,20,18,mlp.gate_proj,16,0.01,249037,11138662,24903680,0.447269720780222,90147,0.0080931623564841,0.8093155856917894,rank32_norm_matched_lowrank_bf16_mask,32,3,0.7449957763874564,0.0038709838965809,0.064319809304333,bf16_merged_minus_base,adapter_merge_quantized_to_bf16,adapter_merge_quantized_to_bf16_in_memory,fb744d801a72585f421671cbaef5697b50b82d744cc7d27ca1a9e19394717ed3,5ebab17aa68f5ba15498ef7e91800e8a5d81d92190c3424421821bb67183f303
qwen,qwen3_4b,offkd,20,20,18,mlp.gate_proj,16,0.1,2490368,11138662,24903680,0.447269720780222,1038734,0.0932548271955823,0.9325482719558238,rank32_norm_matched_lowrank_bf16_mask,32,3,0.923149363466702,0.0011317035187765,0.0093989084891218,bf16_merged_minus_base,adapter_merge_quantized_to_bf16,adapter_merge_quantized_to_bf16_in_memory,fb744d801a72585f421671cbaef5697b50b82d744cc7d27ca1a9e19394717ed3,5ebab17aa68f5ba15498ef7e91800e8a5d81d92190c3424421821bb67183f303
qwen,qwen3_4b,offkd,20,20,18,mlp.gate_proj,32,0.01,249037,11138662,24903680,0.447269720780222,76933,0.0069068439279331,0.6906838381091599,rank32_norm_matched_lowrank_bf16_mask,32,3,0.6430726750947214,0.0025326143857425,0.0476111630144384,bf16_merged_minus_base,adapter_merge_quantized_to_bf16,adapter_merge_quantized_to_bf16_in_memory,fb744d801a72585f421671cbaef5697b50b82d744cc7d27ca1a9e19394717ed3,5ebab17aa68f5ba15498ef7e91800e8a5d81d92190c3424421821bb67183f303
qwen,qwen3_4b,offkd,20,20,18,mlp.gate_proj,32,0.1,2490368,11138662,24903680,0.447269720780222,986717,0.0885848767114039,0.8858487671140394,rank32_norm_matched_lowrank_bf16_mask,32,3,0.8804445793651302,0.0010453043839642,0.0054041877489091,bf16_merged_minus_base,adapter_merge_quantized_to_bf16,adapter_merge_quantized_to_bf16_in_memory,fb744d801a72585f421671cbaef5697b50b82d744cc7d27ca1a9e19394717ed3,5ebab17aa68f5ba15498ef7e91800e8a5d81d92190c3424421821bb67183f303
qwen,qwen3_4b,offkd,20,20,18,mlp.gate_proj,50,0.01,249037,11138662,24903680,0.447269720780222,67804,0.0060872661366329,0.6087261247988962,rank32_norm_matched_lowrank_bf16_mask,32,3,0.5732006151073988,0.0031674822998932,0.0355255096914973,bf16_merged_minus_base,adapter_merge_quantized_to_bf16,adapter_merge_quantized_to_bf16_in_memory,fb744d801a72585f421671cbaef5697b50b82d744cc7d27ca1a9e19394717ed3,5ebab17aa68f5ba15498ef7e91800e8a5d81d92190c3424421821bb67183f303
qwen,qwen3_4b,offkd,20,20,18,mlp.gate_proj,50,0.1,2490368,11138662,24903680,0.447269720780222,942655,0.0846291053629242,0.8462910536292421,rank32_norm_matched_lowrank_bf16_mask,32,3,0.8419241873619853,0.0009782544117822,0.0043668662672567,bf16_merged_minus_base,adapter_merge_quantized_to_bf16,adapter_merge_quantized_to_bf16_in_memory,fb744d801a72585f421671cbaef5697b50b82d744cc7d27ca1a9e19394717ed3,5ebab17aa68f5ba15498ef7e91800e8a5d81d92190c3424421821bb67183f303
qwen,qwen3_4b,offkd,40,40,18,mlp.gate_proj,16,0.01,249037,13933243,24903680,0.5594853049830386,120162,0.0086241228980216,0.8624115972044477,rank32_norm_matched_lowrank_bf16_mask,32,3,0.8017883895108487,0.0033709181269703,0.0606232076935989,bf16_merged_minus_base,adapter_merge_quantized_to_bf16,adapter_merge_quantized_to_bf16_in_memory,fb744d801a72585f421671cbaef5697b50b82d744cc7d27ca1a9e19394717ed3,407c3824c7c689ae52daa101a83346e58de63874508ffdf10c3c286ffd1f7b6a
qwen,qwen3_4b,offkd,40,40,18,mlp.gate_proj,16,0.1,2490368,13933243,24903680,0.5594853049830386,1323816,0.0950113336859193,0.9501133368591936,rank32_norm_matched_lowrank_bf16_mask,32,3,0.9417109124364744,0.001173726198055,0.0084024244227191,bf16_merged_minus_base,adapter_merge_quantized_to_bf16,adapter_merge_quantized_to_bf16_in_memory,fb744d801a72585f421671cbaef5697b50b82d744cc7d27ca1a9e19394717ed3,407c3824c7c689ae52daa101a83346e58de63874508ffdf10c3c286ffd1f7b6a
qwen,qwen3_4b,offkd,40,40,18,mlp.gate_proj,32,0.01,249037,13933243,24903680,0.5594853049830386,106767,0.0076627530288533,0.7662746874946096,rank32_norm_matched_lowrank_bf16_mask,32,3,0.7212075069721692,0.0033718881474337,0.0450671805224404,bf16_merged_minus_base,adapter_merge_quantized_to_bf16,adapter_merge_quantized_to_bf16_in_memory,fb744d801a72585f421671cbaef5697b50b82d744cc7d27ca1a9e19394717ed3,407c3824c7c689ae52daa101a83346e58de63874508ffdf10c3c286ffd1f7b6a
qwen,qwen3_4b,offkd,40,40,18,mlp.gate_proj,32,0.1,2490368,13933243,24903680,0.5594853049830386,1272692,0.0913421232946271,0.913421232946271,rank32_norm_matched_lowrank_bf16_mask,32,3,0.909514417080984,0.0006222921306342,0.0039068158652868,bf16_merged_minus_base,adapter_merge_quantized_to_bf16,adapter_merge_quantized_to_bf16_in_memory,fb744d801a72585f421671cbaef5697b50b82d744cc7d27ca1a9e19394717ed3,407c3824c7c689ae52daa101a83346e58de63874508ffdf10c3c286ffd1f7b6a
qwen,qwen3_4b,offkd,40,40,18,mlp.gate_proj,50,0.01,249037,13933243,24903680,0.5594853049830386,97006,0.0069621982477446,0.6962192656448349,rank32_norm_matched_lowrank_bf16_mask,32,3,0.6625432061212367,0.0030845583755492,0.0336760595235982,bf16_merged_minus_base,adapter_merge_quantized_to_bf16,adapter_merge_quantized_to_bf16_in_memory,fb744d801a72585f421671cbaef5697b50b82d744cc7d27ca1a9e19394717ed3,407c3824c7c689ae52daa101a83346e58de63874508ffdf10c3c286ffd1f7b6a
qwen,qwen3_4b,offkd,40,40,18,mlp.gate_proj,50,0.1,2490368,13933243,24903680,0.5594853049830386,1228209,0.0881495427877056,0.8814954278770563,rank32_norm_matched_lowrank_bf16_mask,32,3,0.8806038242233649,0.0006198762498051,0.0008916036536913,bf16_merged_minus_base,adapter_merge_quantized_to_bf16,adapter_merge_quantized_to_bf16_in_memory,fb744d801a72585f421671cbaef5697b50b82d744cc7d27ca1a9e19394717ed3,407c3824c7c689ae52daa101a83346e58de63874508ffdf10c3c286ffd1f7b6a
qwen,qwen3_4b,offkd,80,80,18,mlp.gate_proj,16,0.01,249037,16655387,24903680,0.6687922025981702,152189,0.009137524093556,0.9137516755269682,rank32_norm_matched_lowrank_bf16_mask,32,3,0.8613449350098724,0.0035853828935312,0.0524067405170958,bf16_merged_minus_base,adapter_merge_quantized_to_bf16,adapter_merge_quantized_to_bf16_in_memory,fb744d801a72585f421671cbaef5697b50b82d744cc7d27ca1a9e19394717ed3,a75325a1ca613c8d6ce96f9be9dbf1cab684df3fde7196f413504d724b17c1bc
qwen,qwen3_4b,offkd,80,80,18,mlp.gate_proj,16,0.1,2490368,16655387,24903680,0.6687922025981702,1611859,0.0967770367629404,0.9677703676294044,rank32_norm_matched_lowrank_bf16_mask,32,3,0.959487030839828,0.0001364587309635,0.0082833367895761,bf16_merged_minus_base,adapter_merge_quantized_to_bf16,adapter_merge_quantized_to_bf16_in_memory,fb744d801a72585f421671cbaef5697b50b82d744cc7d27ca1a9e19394717ed3,a75325a1ca613c8d6ce96f9be9dbf1cab684df3fde7196f413504d724b17c1bc
qwen,qwen3_4b,offkd,80,80,18,mlp.gate_proj,32,0.01,249037,16655387,24903680,0.6687922025981702,140289,0.0084230405453803,0.8423033780891054,rank32_norm_matched_lowrank_bf16_mask,32,3,0.8026091100828173,0.0023502370952454,0.039694268006288,bf16_merged_minus_base,adapter_merge_quantized_to_bf16,adapter_merge_quantized_to_bf16_in_memory,fb744d801a72585f421671cbaef5697b50b82d744cc7d27ca1a9e19394717ed3,a75325a1ca613c8d6ce96f9be9dbf1cab684df3fde7196f413504d724b17c1bc
qwen,qwen3_4b,offkd,80,80,18,mlp.gate_proj,32,0.1,2490368,16655387,24903680,0.6687922025981702,1566909,0.0940782102511337,0.9407821025113376,rank32_norm_matched_lowrank_bf16_mask,32,3,0.9371498001737644,0.0002560620782297,0.0036323023375733,bf16_merged_minus_base,adapter_merge_quantized_to_bf16,adapter_merge_quantized_to_bf16_in_memory,fb744d801a72585f421671cbaef5697b50b82d744cc7d27ca1a9e19394717ed3,a75325a1ca613c8d6ce96f9be9dbf1cab684df3fde7196f413504d724b17c1bc
qwen,qwen3_4b,offkd,80,80,18,mlp.gate_proj,50,0.01,249037,16655387,24903680,0.6687922025981702,131043,0.007867904840638,0.7867898521974683,rank32_norm_matched_lowrank_bf16_mask,32,3,0.7584789613738349,0.0026168984499093,0.0283108908236334,bf16_merged_minus_base,adapter_merge_quantized_to_bf16,adapter_merge_quantized_to_bf16_in_memory,fb744d801a72585f421671cbaef5697b50b82d744cc7d27ca1a9e19394717ed3,a75325a1ca613c8d6ce96f9be9dbf1cab684df3fde7196f413504d724b17c1bc
qwen,qwen3_4b,offkd,80,80,18,mlp.gate_proj,50,0.1,2490368,16655387,24903680,0.6687922025981702,1526965,0.0916799471546353,0.9167994715463532,rank32_norm_matched_lowrank_bf16_mask,32,3,0.9172062703428912,0.0004394436534569,-0.000406798796538,bf16_merged_minus_base,adapter_merge_quantized_to_bf16,adapter_merge_quantized_to_bf16_in_memory,fb744d801a72585f421671cbaef5697b50b82d744cc7d27ca1a9e19394717ed3,a75325a1ca613c8d6ce96f9be9dbf1cab684df3fde7196f413504d724b17c1bc
qwen,qwen3_4b,offkd,160,160,18,mlp.gate_proj,16,0.01,249037,18860485,24903680,0.7573372690301192,177582,0.0094155585076417,0.941555094606778,rank32_norm_matched_lowrank_bf16_mask,32,3,0.91054453876459,0.004119933888756,0.0310105558421881,bf16_merged_minus_base,adapter_merge_quantized_to_bf16,adapter_merge_quantized_to_bf16_in_memory,fb744d801a72585f421671cbaef5697b50b82d744cc7d27ca1a9e19394717ed3,34123120e943126fa6875b989140543a62f9588fb8a6f76831157c486eaa2f40
qwen,qwen3_4b,offkd,160,160,18,mlp.gate_proj,16,0.1,2490368,18860485,24903680,0.7573372690301192,1844442,0.0977939856795835,0.9779398567958352,rank32_norm_matched_lowrank_bf16_mask,32,3,0.9736037719810228,0.0005611884112487,0.0043360848148124,bf16_merged_minus_base,adapter_merge_quantized_to_bf16,adapter_merge_quantized_to_bf16_in_memory,fb744d801a72585f421671cbaef5697b50b82d744cc7d27ca1a9e19394717ed3,34123120e943126fa6875b989140543a62f9588fb8a6f76831157c486eaa2f40
qwen,qwen3_4b,offkd,160,160,18,mlp.gate_proj,32,0.01,249037,18860485,24903680,0.7573372690301192,168130,0.0089144049052821,0.8914397746181347,rank32_norm_matched_lowrank_bf16_mask,32,3,0.8694872789551621,0.0030359423733604,0.0219524956629726,bf16_merged_minus_base,adapter_merge_quantized_to_bf16,adapter_merge_quantized_to_bf16_in_memory,fb744d801a72585f421671cbaef5697b50b82d744cc7d27ca1a9e19394717ed3,34123120e943126fa6875b989140543a62f9588fb8a6f76831157c486eaa2f40
qwen,qwen3_4b,offkd,160,160,18,mlp.gate_proj,32,0.1,2490368,18860485,24903680,0.7573372690301192,1809562,0.0959446164825559,0.95944616482556,rank32_norm_matched_lowrank_bf16_mask,32,3,0.9586333679676468,0.0001707439609094,0.000812796857913,bf16_merged_minus_base,adapter_merge_quantized_to_bf16,adapter_merge_quantized_to_bf16_in_memory,fb744d801a72585f421671cbaef5697b50b82d744cc7d27ca1a9e19394717ed3,34123120e943126fa6875b989140543a62f9588fb8a6f76831157c486eaa2f40
qwen,qwen3_4b,offkd,160,160,18,mlp.gate_proj,50,0.01,249037,18860485,24903680,0.7573372690301192,160386,0.0085038110101622,0.8503804180806767,rank32_norm_matched_lowrank_bf16_mask,32,3,0.8381229346264081,0.0035353069256666,0.0122574834542685,bf16_merged_minus_base,adapter_merge_quantized_to_bf16,adapter_merge_quantized_to_bf16_in_memory,fb744d801a72585f421671cbaef5697b50b82d744cc7d27ca1a9e19394717ed3,34123120e943126fa6875b989140543a62f9588fb8a6f76831157c486eaa2f40
qwen,qwen3_4b,offkd,160,160,18,mlp.gate_proj,50,0.1,2490368,18860485,24903680,0.7573372690301192,1775510,0.0941391485955955,0.941391485955955,rank32_norm_matched_lowrank_bf16_mask,32,3,0.945092052630788,0.0001184258109395,-0.0037005666748328,bf16_merged_minus_base,adapter_merge_quantized_to_bf16,adapter_merge_quantized_to_bf16_in_memory,fb744d801a72585f421671cbaef5697b50b82d744cc7d27ca1a9e19394717ed3,34123120e943126fa6875b989140543a62f9588fb8a6f76831157c486eaa2f40
qwen,qwen3_4b,offkd,320,320,18,mlp.gate_proj,16,0.01,249037,20301413,24903680,0.8151973122044613,193770,0.0095446558325767,0.9544648167325565,rank32_norm_matched_lowrank_bf16_mask,32,3,0.9341079446833276,0.0031887227667877,0.0203568720492288,bf16_merged_minus_base,adapter_merge_quantized_to_bf16,adapter_merge_quantized_to_bf16_in_memory,fb744d801a72585f421671cbaef5697b50b82d744cc7d27ca1a9e19394717ed3,12dbd3d1d02e36c3ffad61f4225d17af2e86640c63ae1f1dde0127ec6fbedf22
qwen,qwen3_4b,offkd,320,320,18,mlp.gate_proj,16,0.1,2490368,20301413,24903680,0.8151973122044613,1998482,0.0984405371192635,0.9844053711926356,rank32_norm_matched_lowrank_bf16_mask,32,3,0.980571211766766,0.000461693322153,0.0038341594258698,bf16_merged_minus_base,adapter_merge_quantized_to_bf16,adapter_merge_quantized_to_bf16_in_memory,fb744d801a72585f421671cbaef5697b50b82d744cc7d27ca1a9e19394717ed3,12dbd3d1d02e36c3ffad61f4225d17af2e86640c63ae1f1dde0127ec6fbedf22
qwen,qwen3_4b,offkd,320,320,18,mlp.gate_proj,32,0.01,249037,20301413,24903680,0.8151973122044613,185663,0.00914532402252,0.9145316677969584,rank32_norm_matched_lowrank_bf16_mask,32,3,0.9038145179333616,0.0037833812634288,0.0107171498635966,bf16_merged_minus_base,adapter_merge_quantized_to_bf16,adapter_merge_quantized_to_bf16_in_memory,fb744d801a72585f421671cbaef5697b50b82d744cc7d27ca1a9e19394717ed3,12dbd3d1d02e36c3ffad61f4225d17af2e86640c63ae1f1dde0127ec6fbedf22
qwen,qwen3_4b,offkd,320,320,18,mlp.gate_proj,32,0.1,2490368,20301413,24903680,0.8151973122044613,1969946,0.097034920672763,0.9703492067276304,rank32_norm_matched_lowrank_bf16_mask,32,3,0.9701635706090392,0.0005353442368229,0.0001856361185911,bf16_merged_minus_base,adapter_merge_quantized_to_bf16,adapter_merge_quantized_to_bf16_in_memory,fb744d801a72585f421671cbaef5697b50b82d744cc7d27ca1a9e19394717ed3,12dbd3d1d02e36c3ffad61f4225d17af2e86640c63ae1f1dde0127ec6fbedf22
qwen,qwen3_4b,offkd,320,320,18,mlp.gate_proj,50,0.01,249037,20301413,24903680,0.8151973122044613,179390,0.008836330751953,0.8836323655553144,rank32_norm_matched_lowrank_bf16_mask,32,3,0.880088737689053,0.0031840383418445,0.0035436278662613,bf16_merged_minus_base,adapter_merge_quantized_to_bf16,adapter_merge_quantized_to_bf16_in_memory,fb744d801a72585f421671cbaef5697b50b82d744cc7d27ca1a9e19394717ed3,12dbd3d1d02e36c3ffad61f4225d17af2e86640c63ae1f1dde0127ec6fbedf22
qwen,qwen3_4b,offkd,320,320,18,mlp.gate_proj,50,0.1,2490368,20301413,24903680,0.8151973122044613,1942208,0.0956686118350481,0.9566861183504812,rank32_norm_matched_lowrank_bf16_mask,32,3,0.9603265674567464,0.0003424993613496,-0.0036404491062649,bf16_merged_minus_base,adapter_merge_quantized_to_bf16,adapter_merge_quantized_to_bf16_in_memory,fb744d801a72585f421671cbaef5697b50b82d744cc7d27ca1a9e19394717ed3,12dbd3d1d02e36c3ffad61f4225d17af2e86640c63ae1f1dde0127ec6fbedf22
qwen,qwen3_4b,seqkd,5,5,18,mlp.gate_proj,16,0.01,249037,5618046,24903680,0.2255909969932154,38290,0.0068155369322358,0.681553145872235,rank32_norm_matched_lowrank_bf16_mask,32,3,0.6152525348460438,0.0039354863398786,0.0663006110261912,bf16_merged_minus_base,adapter_merge_quantized_to_bf16,adapter_merge_quantized_to_bf16_in_memory,fb744d801a72585f421671cbaef5697b50b82d744cc7d27ca1a9e19394717ed3,740b41850101da639b1fc92b24ab1229d770f29307ce41a093bd2f2082ed6313
qwen,qwen3_4b,seqkd,5,5,18,mlp.gate_proj,16,0.1,2490368,5618046,24903680,0.2255909969932154,503132,0.0895564044865421,0.8955640448654212,rank32_norm_matched_lowrank_bf16_mask,32,3,0.8856914288123612,0.0009440868053745,0.00987261605306,bf16_merged_minus_base,adapter_merge_quantized_to_bf16,adapter_merge_quantized_to_bf16_in_memory,fb744d801a72585f421671cbaef5697b50b82d744cc7d27ca1a9e19394717ed3,740b41850101da639b1fc92b24ab1229d770f29307ce41a093bd2f2082ed6313
qwen,qwen3_4b,seqkd,5,5,18,mlp.gate_proj,32,0.01,249037,5618046,24903680,0.2255909969932154,30506,0.0054300018191378,0.5429997458338575,rank32_norm_matched_lowrank_bf16_mask,32,3,0.5001866497327422,0.0034332695527513,0.0428130961011152,bf16_merged_minus_base,adapter_merge_quantized_to_bf16,adapter_merge_quantized_to_bf16_in_memory,fb744d801a72585f421671cbaef5697b50b82d744cc7d27ca1a9e19394717ed3,740b41850101da639b1fc92b24ab1229d770f29307ce41a093bd2f2082ed6313
qwen,qwen3_4b,seqkd,5,5,18,mlp.gate_proj,32,0.1,2490368,5618046,24903680,0.2255909969932154,466366,0.0830121362480834,0.8301213624808341,rank32_norm_matched_lowrank_bf16_mask,32,3,0.8219188699738623,0.0011635556579785,0.0082024925069718,bf16_merged_minus_base,adapter_merge_quantized_to_bf16,adapter_merge_quantized_to_bf16_in_memory,fb744d801a72585f421671cbaef5697b50b82d744cc7d27ca1a9e19394717ed3,740b41850101da639b1fc92b24ab1229d770f29307ce41a093bd2f2082ed6313
qwen,qwen3_4b,seqkd,5,5,18,mlp.gate_proj,50,0.01,249037,5618046,24903680,0.2255909969932154,25563,0.0045501585426676,0.4550154888464858,rank32_norm_matched_lowrank_bf16_mask,32,3,0.4251671534592345,0.0027887725889238,0.0298483353872513,bf16_merged_minus_base,adapter_merge_quantized_to_bf16,adapter_merge_quantized_to_bf16_in_memory,fb744d801a72585f421671cbaef5697b50b82d744cc7d27ca1a9e19394717ed3,740b41850101da639b1fc92b24ab1229d770f29307ce41a093bd2f2082ed6313
qwen,qwen3_4b,seqkd,5,5,18,mlp.gate_proj,50,0.1,2490368,5618046,24903680,0.2255909969932154,436440,0.0776853731706718,0.776853731706718,rank32_norm_matched_lowrank_bf16_mask,32,3,0.7681250746663597,0.0006550184908635,0.0087286570403583,bf16_merged_minus_base,adapter_merge_quantized_to_bf16,adapter_merge_quantized_to_bf16_in_memory,fb744d801a72585f421671cbaef5697b50b82d744cc7d27ca1a9e19394717ed3,740b41850101da639b1fc92b24ab1229d770f29307ce41a093bd2f2082ed6313
qwen,qwen3_4b,seqkd,20,20,18,mlp.gate_proj,16,0.01,249037,11145888,24903680,0.4475598787006579,90421,0.0081124985286053,0.811249201351038,rank32_norm_matched_lowrank_bf16_mask,32,3,0.747711021273174,0.0088205607308581,0.0635381800778639,bf16_merged_minus_base,adapter_merge_quantized_to_bf16,adapter_merge_quantized_to_bf16_in_memory,fb744d801a72585f421671cbaef5697b50b82d744cc7d27ca1a9e19394717ed3,a652fac039b3108da104ce6ee7f2e12c0101064c8005f84f63f4118b14113f7c
qwen,qwen3_4b,seqkd,20,20,18,mlp.gate_proj,16,0.1,2490368,11145888,24903680,0.4475598787006579,1037981,0.093126810533176,0.93126810533176,rank32_norm_matched_lowrank_bf16_mask,32,3,0.9244207445286636,0.0026829748692486,0.0068473608030963,bf16_merged_minus_base,adapter_merge_quantized_to_bf16,adapter_merge_quantized_to_bf16_in_memory,fb744d801a72585f421671cbaef5697b50b82d744cc7d27ca1a9e19394717ed3,a652fac039b3108da104ce6ee7f2e12c0101064c8005f84f63f4118b14113f7c
qwen,qwen3_4b,seqkd,20,20,18,mlp.gate_proj,32,0.01,249037,11145888,24903680,0.4475598787006579,77196,0.0069259622921027,0.6925956729907292,rank32_norm_matched_lowrank_bf16_mask,32,3,0.6485453536351823,0.0062306712273036,0.0440503193555469,bf16_merged_minus_base,adapter_merge_quantized_to_bf16,adapter_merge_quantized_to_bf16_in_memory,fb744d801a72585f421671cbaef5697b50b82d744cc7d27ca1a9e19394717ed3,a652fac039b3108da104ce6ee7f2e12c0101064c8005f84f63f4118b14113f7c
qwen,qwen3_4b,seqkd,20,20,18,mlp.gate_proj,32,0.1,2490368,11145888,24903680,0.4475598787006579,986908,0.0885445825402157,0.8854458254021572,rank32_norm_matched_lowrank_bf16_mask,32,3,0.8816534970087838,0.0019055535728698,0.0037923283933734,bf16_merged_minus_base,adapter_merge_quantized_to_bf16,adapter_merge_quantized_to_bf16_in_memory,fb744d801a72585f421671cbaef5697b50b82d744cc7d27ca1a9e19394717ed3,a652fac039b3108da104ce6ee7f2e12c0101064c8005f84f63f4118b14113f7c
qwen,qwen3_4b,seqkd,20,20,18,mlp.gate_proj,50,0.01,249037,11145888,24903680,0.4475598787006579,67874,0.0060896000390457,0.6089595148527482,rank32_norm_matched_lowrank_bf16_mask,32,3,0.5775988041728529,0.0050538047442829,0.0313607106798953,bf16_merged_minus_base,adapter_merge_quantized_to_bf16,adapter_merge_quantized_to_bf16_in_memory,fb744d801a72585f421671cbaef5697b50b82d744cc7d27ca1a9e19394717ed3,a652fac039b3108da104ce6ee7f2e12c0101064c8005f84f63f4118b14113f7c
qwen,qwen3_4b,seqkd,20,20,18,mlp.gate_proj,50,0.1,2490368,11145888,24903680,0.4475598787006579,941441,0.084465320304672,0.84465320304672,rank32_norm_matched_lowrank_bf16_mask,32,3,0.8430619787087013,0.0016084211290419,0.0015912243380187,bf16_merged_minus_base,adapter_merge_quantized_to_bf16,adapter_merge_quantized_to_bf16_in_memory,fb744d801a72585f421671cbaef5697b50b82d744cc7d27ca1a9e19394717ed3,a652fac039b3108da104ce6ee7f2e12c0101064c8005f84f63f4118b14113f7c
qwen,qwen3_4b,seqkd,40,40,18,mlp.gate_proj,16,0.01,249037,13915376,24903680,0.5587678608141448,120233,0.0086402983289851,0.8640291390017579,rank32_norm_matched_lowrank_bf16_mask,32,3,0.8039948844816055,0.0091727865774179,0.0600342545201524,bf16_merged_minus_base,adapter_merge_quantized_to_bf16,adapter_merge_quantized_to_bf16_in_memory,fb744d801a72585f421671cbaef5697b50b82d744cc7d27ca1a9e19394717ed3,125a1a8f7c866b1eeb5448f2e845c6dc2f39513ad4cb3951f1500b79cc98ddee
qwen,qwen3_4b,seqkd,40,40,18,mlp.gate_proj,16,0.1,2490368,13915376,24903680,0.5587678608141448,1319601,0.094830423554491,0.9483042355449108,rank32_norm_matched_lowrank_bf16_mask,32,3,0.9427845890808282,0.0017654342889883,0.0055196464640826,bf16_merged_minus_base,adapter_merge_quantized_to_bf16,adapter_merge_quantized_to_bf16_in_memory,fb744d801a72585f421671cbaef5697b50b82d744cc7d27ca1a9e19394717ed3,125a1a8f7c866b1eeb5448f2e845c6dc2f39513ad4cb3951f1500b79cc98ddee
qwen,qwen3_4b,seqkd,40,40,18,mlp.gate_proj,32,0.01,249037,13915376,24903680,0.5587678608141448,106838,0.0076776940845867,0.767768791868038,rank32_norm_matched_lowrank_bf16_mask,32,3,0.7249112178632267,0.0089283390588241,0.0428575740048113,bf16_merged_minus_base,adapter_merge_quantized_to_bf16,adapter_merge_quantized_to_bf16_in_memory,fb744d801a72585f421671cbaef5697b50b82d744cc7d27ca1a9e19394717ed3,125a1a8f7c866b1eeb5448f2e845c6dc2f39513ad4cb3951f1500b79cc98ddee
qwen,qwen3_4b,seqkd,40,40,18,mlp.gate_proj,32,0.1,2490368,13915376,24903680,0.5587678608141448,1269645,0.0912404379155834,0.9124043791558344,rank32_norm_matched_lowrank_bf16_mask,32,3,0.9104077986037324,0.0016962413302995,0.0019965805521021,bf16_merged_minus_base,adapter_merge_quantized_to_bf16,adapter_merge_quantized_to_bf16_in_memory,fb744d801a72585f421671cbaef5697b50b82d744cc7d27ca1a9e19394717ed3,125a1a8f7c866b1eeb5448f2e845c6dc2f39513ad4cb3951f1500b79cc98ddee
qwen,qwen3_4b,seqkd,40,40,18,mlp.gate_proj,50,0.01,249037,13915376,24903680,0.5587678608141448,96846,0.0069596394664434,0.6959633877202119,rank32_norm_matched_lowrank_bf16_mask,32,3,0.6658262853854503,0.0077356672203975,0.0301371023347616,bf16_merged_minus_base,adapter_merge_quantized_to_bf16,adapter_merge_quantized_to_bf16_in_memory,fb744d801a72585f421671cbaef5697b50b82d744cc7d27ca1a9e19394717ed3,125a1a8f7c866b1eeb5448f2e845c6dc2f39513ad4cb3951f1500b79cc98ddee
qwen,qwen3_4b,seqkd,40,40,18,mlp.gate_proj,50,0.1,2490368,13915376,24903680,0.5587678608141448,1223818,0.0879471744062108,0.8794717440621079,rank32_norm_matched_lowrank_bf16_mask,32,3,0.8811046478480048,0.0021508343419339,-0.0016329037858968,bf16_merged_minus_base,adapter_merge_quantized_to_bf16,adapter_merge_quantized_to_bf16_in_memory,fb744d801a72585f421671cbaef5697b50b82d744cc7d27ca1a9e19394717ed3,125a1a8f7c866b1eeb5448f2e845c6dc2f39513ad4cb3951f1500b79cc98ddee
qwen,qwen3_4b,seqkd,80,80,18,mlp.gate_proj,16,0.01,249037,16575901,24903680,0.6656004654733758,151783,0.0091568476428521,0.9156840289047145,rank32_norm_matched_lowrank_bf16_mask,32,3,0.8651182492620498,0.0021743850542338,0.0505657796426645,bf16_merged_minus_base,adapter_merge_quantized_to_bf16,adapter_merge_quantized_to_bf16_in_memory,fb744d801a72585f421671cbaef5697b50b82d744cc7d27ca1a9e19394717ed3,e3c94ec8494f932ea59876affed626e51a4e18730d9b246abf2418841fe693c7
qwen,qwen3_4b,seqkd,80,80,18,mlp.gate_proj,16,0.1,2490368,16575901,24903680,0.6656004654733758,1601953,0.0966434946733815,0.9664349467338156,rank32_norm_matched_lowrank_bf16_mask,32,3,0.9609388000956608,0.0013092284146292,0.0054961466381546,bf16_merged_minus_base,adapter_merge_quantized_to_bf16,adapter_merge_quantized_to_bf16_in_memory,fb744d801a72585f421671cbaef5697b50b82d744cc7d27ca1a9e19394717ed3,e3c94ec8494f932ea59876affed626e51a4e18730d9b246abf2418841fe693c7
qwen,qwen3_4b,seqkd,80,80,18,mlp.gate_proj,32,0.01,249037,16575901,24903680,0.6656004654733758,140302,0.008464215610361,0.8464208812804414,rank32_norm_matched_lowrank_bf16_mask,32,3,0.8056611784077159,0.0031075812366937,0.0407597028727254,bf16_merged_minus_base,adapter_merge_quantized_to_bf16,adapter_merge_quantized_to_bf16_in_memory,fb744d801a72585f421671cbaef5697b50b82d744cc7d27ca1a9e19394717ed3,e3c94ec8494f932ea59876affed626e51a4e18730d9b246abf2418841fe693c7
qwen,qwen3_4b,seqkd,80,80,18,mlp.gate_proj,32,0.1,2490368,16575901,24903680,0.6656004654733758,1559120,0.0940594420779902,0.940594420779902,rank32_norm_matched_lowrank_bf16_mask,32,3,0.9381404261236456,0.0011882346453703,0.0024539946562565,bf16_merged_minus_base,adapter_merge_quantized_to_bf16,adapter_merge_quantized_to_bf16_in_memory,fb744d801a72585f421671cbaef5697b50b82d744cc7d27ca1a9e19394717ed3,e3c94ec8494f932ea59876affed626e51a4e18730d9b246abf2418841fe693c7
qwen,qwen3_4b,seqkd,80,80,18,mlp.gate_proj,50,0.01,249037,16575901,24903680,0.6656004654733758,130940,0.0078994197660808,0.7899413422108095,rank32_norm_matched_lowrank_bf16_mask,32,3,0.7609282380325455,0.0044034493643446,0.0290131041782639,bf16_merged_minus_base,adapter_merge_quantized_to_bf16,adapter_merge_quantized_to_bf16_in_memory,fb744d801a72585f421671cbaef5697b50b82d744cc7d27ca1a9e19394717ed3,e3c94ec8494f932ea59876affed626e51a4e18730d9b246abf2418841fe693c7
qwen,qwen3_4b,seqkd,80,80,18,mlp.gate_proj,50,0.1,2490368,16575901,24903680,0.6656004654733758,1517281,0.0915353560569648,0.9153535605696488,rank32_norm_matched_lowrank_bf16_mask,32,3,0.917353691138112,0.0011837209989529,-0.0020001305684633,bf16_merged_minus_base,adapter_merge_quantized_to_bf16,adapter_merge_quantized_to_bf16_in_memory,fb744d801a72585f421671cbaef5697b50b82d744cc7d27ca1a9e19394717ed3,e3c94ec8494f932ea59876affed626e51a4e18730d9b246abf2418841fe693c7
qwen,qwen3_4b,seqkd,160,160,18,mlp.gate_proj,16,0.01,249037,18677787,24903680,0.7500010841771176,176279,0.0094378953994924,0.9437887819979852,rank32_norm_matched_lowrank_bf16_mask,32,3,0.9048724392480976,0.0045407522880264,0.0389163427498877,bf16_merged_minus_base,adapter_merge_quantized_to_bf16,adapter_merge_quantized_to_bf16_in_memory,fb744d801a72585f421671cbaef5697b50b82d744cc7d27ca1a9e19394717ed3,1921e45fec071c4b2e135026689b1de4e7016816eefe16f6365694137ef1b572
qwen,qwen3_4b,seqkd,160,160,18,mlp.gate_proj,16,0.1,2490368,18677787,24903680,0.7500010841771176,1826168,0.0977721825396124,0.9777218253961244,rank32_norm_matched_lowrank_bf16_mask,32,3,0.9729948454190424,0.0007336413632934,0.0047269799770819,bf16_merged_minus_base,adapter_merge_quantized_to_bf16,adapter_merge_quantized_to_bf16_in_memory,fb744d801a72585f421671cbaef5697b50b82d744cc7d27ca1a9e19394717ed3,1921e45fec071c4b2e135026689b1de4e7016816eefe16f6365694137ef1b572
qwen,qwen3_4b,seqkd,160,160,18,mlp.gate_proj,32,0.01,249037,18677787,24903680,0.7500010841771176,166698,0.0089249331304613,0.8924925962905403,rank32_norm_matched_lowrank_bf16_mask,32,3,0.8632119458049635,0.0045282336276528,0.0292806504855768,bf16_merged_minus_base,adapter_merge_quantized_to_bf16,adapter_merge_quantized_to_bf16_in_memory,fb744d801a72585f421671cbaef5697b50b82d744cc7d27ca1a9e19394717ed3,1921e45fec071c4b2e135026689b1de4e7016816eefe16f6365694137ef1b572
qwen,qwen3_4b,seqkd,160,160,18,mlp.gate_proj,32,0.1,2490368,18677787,24903680,0.7500010841771176,1790110,0.0958416540460601,0.9584165404606017,rank32_norm_matched_lowrank_bf16_mask,32,3,0.9575541799158804,0.0006432582291921,0.0008623605447212,bf16_merged_minus_base,adapter_merge_quantized_to_bf16,adapter_merge_quantized_to_bf16_in_memory,fb744d801a72585f421671cbaef5697b50b82d744cc7d27ca1a9e19394717ed3,1921e45fec071c4b2e135026689b1de4e7016816eefe16f6365694137ef1b572
qwen,qwen3_4b,seqkd,160,160,18,mlp.gate_proj,50,0.01,249037,18677787,24903680,0.7500010841771176,158800,0.008502077896059,0.8502071068095467,rank32_norm_matched_lowrank_bf16_mask,32,3,0.8311793657704487,0.0041840149945278,0.0190277410390979,bf16_merged_minus_base,adapter_merge_quantized_to_bf16,adapter_merge_quantized_to_bf16_in_memory,fb744d801a72585f421671cbaef5697b50b82d744cc7d27ca1a9e19394717ed3,1921e45fec071c4b2e135026689b1de4e7016816eefe16f6365694137ef1b572
qwen,qwen3_4b,seqkd,160,160,18,mlp.gate_proj,50,0.1,2490368,18677787,24903680,0.7500010841771176,1755270,0.0939763367041288,0.9397633670412882,rank32_norm_matched_lowrank_bf16_mask,32,3,0.9440626039529582,0.0007833220629428,-0.00429923691167,bf16_merged_minus_base,adapter_merge_quantized_to_bf16,adapter_merge_quantized_to_bf16_in_memory,fb744d801a72585f421671cbaef5697b50b82d744cc7d27ca1a9e19394717ed3,1921e45fec071c4b2e135026689b1de4e7016816eefe16f6365694137ef1b572
qwen,qwen3_4b,seqkd,320,320,18,mlp.gate_proj,16,0.01,249037,19997866,24903680,0.8030084710372122,190764,0.0095392178345429,0.9539210173658952,rank32_norm_matched_lowrank_bf16_mask,32,3,0.9277830380443672,0.0018443240200168,0.0261379793215281,bf16_merged_minus_base,adapter_merge_quantized_to_bf16,adapter_merge_quantized_to_bf16_in_memory,fb744d801a72585f421671cbaef5697b50b82d744cc7d27ca1a9e19394717ed3,9d2ac0f13b9ec16b107945f2702f77de96fd348f9388621b49de874fdcca6fc2
qwen,qwen3_4b,seqkd,320,320,18,mlp.gate_proj,16,0.1,2490368,19997866,24903680,0.8030084710372122,1965838,0.0983023888648918,0.9830238886489188,rank32_norm_matched_lowrank_bf16_mask,32,3,0.979715992837142,0.000631130764854,0.0033078958117768,bf16_merged_minus_base,adapter_merge_quantized_to_bf16,adapter_merge_quantized_to_bf16_in_memory,fb744d801a72585f421671cbaef5697b50b82d744cc7d27ca1a9e19394717ed3,9d2ac0f13b9ec16b107945f2702f77de96fd348f9388621b49de874fdcca6fc2
qwen,qwen3_4b,seqkd,320,320,18,mlp.gate_proj,32,0.01,249037,19997866,24903680,0.8030084710372122,182412,0.0091215732718681,0.9121565946391756,rank32_norm_matched_lowrank_bf16_mask,32,3,0.8963669737269194,0.0019479097559418,0.0157896209122562,bf16_merged_minus_base,adapter_merge_quantized_to_bf16,adapter_merge_quantized_to_bf16_in_memory,fb744d801a72585f421671cbaef5697b50b82d744cc7d27ca1a9e19394717ed3,9d2ac0f13b9ec16b107945f2702f77de96fd348f9388621b49de874fdcca6fc2
qwen,qwen3_4b,seqkd,320,320,18,mlp.gate_proj,32,0.1,2490368,19997866,24903680,0.8030084710372122,1936625,0.0968415829969057,0.9684158299690576,rank32_norm_matched_lowrank_bf16_mask,32,3,0.9681498543950668,0.0005019113578102,0.0002659755739908,bf16_merged_minus_base,adapter_merge_quantized_to_bf16,adapter_merge_quantized_to_bf16_in_memory,fb744d801a72585f421671cbaef5697b50b82d744cc7d27ca1a9e19394717ed3,9d2ac0f13b9ec16b107945f2702f77de96fd348f9388621b49de874fdcca6fc2
qwen,qwen3_4b,seqkd,320,320,18,mlp.gate_proj,50,0.01,249037,19997866,24903680,0.8030084710372122,175843,0.0087930882225133,0.8793081160841203,rank32_norm_matched_lowrank_bf16_mask,32,3,0.8711630129244469,0.0011793417975734,0.0081451031596734,bf16_merged_minus_base,adapter_merge_quantized_to_bf16,adapter_merge_quantized_to_bf16_in_memory,fb744d801a72585f421671cbaef5697b50b82d744cc7d27ca1a9e19394717ed3,9d2ac0f13b9ec16b107945f2702f77de96fd348f9388621b49de874fdcca6fc2
qwen,qwen3_4b,seqkd,320,320,18,mlp.gate_proj,50,0.1,2490368,19997866,24903680,0.8030084710372122,1907624,0.0953913782600603,0.9539137826006034,rank32_norm_matched_lowrank_bf16_mask,32,3,0.9577470442433148,0.0002484915951176,-0.0038332616427112,bf16_merged_minus_base,adapter_merge_quantized_to_bf16,adapter_merge_quantized_to_bf16_in_memory,fb744d801a72585f421671cbaef5697b50b82d744cc7d27ca1a9e19394717ed3,9d2ac0f13b9ec16b107945f2702f77de96fd348f9388621b49de874fdcca6fc2
qwen,qwen3_4b,opd,5,5,18,mlp.up_proj,16,0.01,249037,5188553,24903680,0.2083448309647409,42981,0.0082838124617788,0.8283805809102766,rank32_norm_matched_lowrank_bf16_mask,32,3,0.827924617571676,0.0022329859797903,0.0004559633386005,bf16_merged_minus_base,saved_merged_bf16,saved_merged_bf16,4a9779bc3b95ef4fdf7d4135ffac78612351703a854f0e312c8c5260f5baa953,fe3ca451024f1116c7f197a16a0a721036cad912419ce1a289383a0d48448893
qwen,qwen3_4b,opd,5,5,18,mlp.up_proj,16,0.1,2490368,5188553,24903680,0.2083448309647409,507406,0.0977933539466591,0.9779335394665912,rank32_norm_matched_lowrank_bf16_mask,32,3,0.9866560672449016,0.0013832527578728,-0.0087225277783102,bf16_merged_minus_base,saved_merged_bf16,saved_merged_bf16,4a9779bc3b95ef4fdf7d4135ffac78612351703a854f0e312c8c5260f5baa953,fe3ca451024f1116c7f197a16a0a721036cad912419ce1a289383a0d48448893
qwen,qwen3_4b,opd,5,5,18,mlp.up_proj,32,0.01,249037,5188553,24903680,0.2083448309647409,37023,0.0071355154317591,0.7135509701272927,rank32_norm_matched_lowrank_bf16_mask,32,3,0.7108385615091275,0.0030824052336446,0.0027124086181652,bf16_merged_minus_base,saved_merged_bf16,saved_merged_bf16,4a9779bc3b95ef4fdf7d4135ffac78612351703a854f0e312c8c5260f5baa953,fe3ca451024f1116c7f197a16a0a721036cad912419ce1a289383a0d48448893
qwen,qwen3_4b,opd,5,5,18,mlp.up_proj,32,0.1,2490368,5188553,24903680,0.2083448309647409,477292,0.0919894236408493,0.919894236408494,rank32_norm_matched_lowrank_bf16_mask,32,3,0.9261440090041164,0.0015125792045087,-0.0062497725956224,bf16_merged_minus_base,saved_merged_bf16,saved_merged_bf16,4a9779bc3b95ef4fdf7d4135ffac78612351703a854f0e312c8c5260f5baa953,fe3ca451024f1116c7f197a16a0a721036cad912419ce1a289383a0d48448893
qwen,qwen3_4b,opd,5,5,18,mlp.up_proj,50,0.01,249037,5188553,24903680,0.2083448309647409,32844,0.0063300885622638,0.633008347861081,rank32_norm_matched_lowrank_bf16_mask,32,3,0.6257500998908708,0.0025731303049964,0.0072582479702101,bf16_merged_minus_base,saved_merged_bf16,saved_merged_bf16,4a9779bc3b95ef4fdf7d4135ffac78612351703a854f0e312c8c5260f5baa953,fe3ca451024f1116c7f197a16a0a721036cad912419ce1a289383a0d48448893
qwen,qwen3_4b,opd,5,5,18,mlp.up_proj,50,0.1,2490368,5188553,24903680,0.2083448309647409,450675,0.0868594770064023,0.8685947700640236,rank32_norm_matched_lowrank_bf16_mask,32,3,0.8719515829912575,0.001235907704,-0.0033568129272338,bf16_merged_minus_base,saved_merged_bf16,saved_merged_bf16,4a9779bc3b95ef4fdf7d4135ffac78612351703a854f0e312c8c5260f5baa953,fe3ca451024f1116c7f197a16a0a721036cad912419ce1a289383a0d48448893
qwen,qwen3_4b,opd,20,20,18,mlp.up_proj,16,0.01,249037,11165759,24903680,0.4483577929045024,98119,0.0087874903981001,0.8787483340923558,rank32_norm_matched_lowrank_bf16_mask,32,3,0.8935726649228731,0.0010010401452777,-0.0148243308305173,bf16_merged_minus_base,saved_merged_bf16,saved_merged_bf16,4a9779bc3b95ef4fdf7d4135ffac78612351703a854f0e312c8c5260f5baa953,fabbc39fa937eca842a9269e1a1e6f308008a838d79b36327fd65da230ce7ee9
qwen,qwen3_4b,opd,20,20,18,mlp.up_proj,16,0.1,2490368,11165759,24903680,0.4483577929045024,1093694,0.0979507080530754,0.9795070805307547,rank32_norm_matched_lowrank_bf16_mask,32,3,0.994107041680809,0.0006726733253486,-0.0145999611500541,bf16_merged_minus_base,saved_merged_bf16,saved_merged_bf16,4a9779bc3b95ef4fdf7d4135ffac78612351703a854f0e312c8c5260f5baa953,fabbc39fa937eca842a9269e1a1e6f308008a838d79b36327fd65da230ce7ee9
qwen,qwen3_4b,opd,20,20,18,mlp.up_proj,32,0.01,249037,11165759,24903680,0.4483577929045024,88713,0.0079450935668591,0.7945087186206051,rank32_norm_matched_lowrank_bf16_mask,32,3,0.8134330752420675,0.0003916224944374,-0.0189243566214624,bf16_merged_minus_base,saved_merged_bf16,saved_merged_bf16,4a9779bc3b95ef4fdf7d4135ffac78612351703a854f0e312c8c5260f5baa953,fabbc39fa937eca842a9269e1a1e6f308008a838d79b36327fd65da230ce7ee9
qwen,qwen3_4b,opd,20,20,18,mlp.up_proj,32,0.1,2490368,11165759,24903680,0.4483577929045024,1051127,0.0941384280280453,0.941384280280454,rank32_norm_matched_lowrank_bf16_mask,32,3,0.9563044653480668,0.0008688229768052,-0.0149201850676129,bf16_merged_minus_base,saved_merged_bf16,saved_merged_bf16,4a9779bc3b95ef4fdf7d4135ffac78612351703a854f0e312c8c5260f5baa953,fabbc39fa937eca842a9269e1a1e6f308008a838d79b36327fd65da230ce7ee9
qwen,qwen3_4b,opd,20,20,18,mlp.up_proj,50,0.01,249037,11165759,24903680,0.4483577929045024,81696,0.0073166544253731,0.7316648549415413,rank32_norm_matched_lowrank_bf16_mask,32,3,0.7508754846294597,0.0010419865484848,-0.0192106296879184,bf16_merged_minus_base,saved_merged_bf16,saved_merged_bf16,4a9779bc3b95ef4fdf7d4135ffac78612351703a854f0e312c8c5260f5baa953,fabbc39fa937eca842a9269e1a1e6f308008a838d79b36327fd65da230ce7ee9
qwen,qwen3_4b,opd,20,20,18,mlp.up_proj,50,0.1,2490368,11165759,24903680,0.4483577929045024,1011218,0.0905641972032532,0.9056419720325328,rank32_norm_matched_lowrank_bf16_mask,32,3,0.9207908032664074,0.0008129240530314,-0.0151488312338746,bf16_merged_minus_base,saved_merged_bf16,saved_merged_bf16,4a9779bc3b95ef4fdf7d4135ffac78612351703a854f0e312c8c5260f5baa953,fabbc39fa937eca842a9269e1a1e6f308008a838d79b36327fd65da230ce7ee9
qwen,qwen3_4b,opd,40,40,18,mlp.up_proj,16,0.01,249037,13117962,24903680,0.5267479344418174,118664,0.0090459173460023,0.9045910081284804,rank32_norm_matched_lowrank_bf16_mask,32,3,0.9160419970744073,0.0035737544624544,-0.0114509889459267,bf16_merged_minus_base,saved_merged_bf16,saved_merged_bf16,4a9779bc3b95ef4fdf7d4135ffac78612351703a854f0e312c8c5260f5baa953,09245b0e6b22a319d77f47a79a1e50113af436ceda7e66e832506ef22c419ec8
qwen,qwen3_4b,opd,40,40,18,mlp.up_proj,16,0.1,2490368,13117962,24903680,0.5267479344418174,1296086,0.0988023901883539,0.9880239018835396,rank32_norm_matched_lowrank_bf16_mask,32,3,0.9966086780743768,0.0013152164043355,-0.008584776190837,bf16_merged_minus_base,saved_merged_bf16,saved_merged_bf16,4a9779bc3b95ef4fdf7d4135ffac78612351703a854f0e312c8c5260f5baa953,09245b0e6b22a319d77f47a79a1e50113af436ceda7e66e832506ef22c419ec8
qwen,qwen3_4b,opd,40,40,18,mlp.up_proj,32,0.01,249037,13117962,24903680,0.5267479344418174,109337,0.0083349075107855,0.8334900817075412,rank32_norm_matched_lowrank_bf16_mask,32,3,0.8517580754397667,0.0034824821110353,-0.0182679937322254,bf16_merged_minus_base,saved_merged_bf16,saved_merged_bf16,4a9779bc3b95ef4fdf7d4135ffac78612351703a854f0e312c8c5260f5baa953,09245b0e6b22a319d77f47a79a1e50113af436ceda7e66e832506ef22c419ec8
qwen,qwen3_4b,opd,40,40,18,mlp.up_proj,32,0.1,2490368,13117962,24903680,0.5267479344418174,1254292,0.095616376995146,0.9561637699514604,rank32_norm_matched_lowrank_bf16_mask,32,3,0.9666441704552304,0.0015090054551696,-0.01048040050377,bf16_merged_minus_base,saved_merged_bf16,saved_merged_bf16,4a9779bc3b95ef4fdf7d4135ffac78612351703a854f0e312c8c5260f5baa953,09245b0e6b22a319d77f47a79a1e50113af436ceda7e66e832506ef22c419ec8
qwen,qwen3_4b,opd,40,40,18,mlp.up_proj,50,0.01,249037,13117962,24903680,0.5267479344418174,102174,0.0077888623248031,0.7788856069618365,rank32_norm_matched_lowrank_bf16_mask,32,3,0.7990163628977976,0.0014859487325448,-0.0201307559359611,bf16_merged_minus_base,saved_merged_bf16,saved_merged_bf16,4a9779bc3b95ef4fdf7d4135ffac78612351703a854f0e312c8c5260f5baa953,09245b0e6b22a319d77f47a79a1e50113af436ceda7e66e832506ef22c419ec8
qwen,qwen3_4b,opd,40,40,18,mlp.up_proj,50,0.1,2490368,13117962,24903680,0.5267479344418174,1212721,0.0924473633937954,0.9244736339379548,rank32_norm_matched_lowrank_bf16_mask,32,3,0.9374929412671684,0.0009200856336792,-0.0130193073292138,bf16_merged_minus_base,saved_merged_bf16,saved_merged_bf16,4a9779bc3b95ef4fdf7d4135ffac78612351703a854f0e312c8c5260f5baa953,09245b0e6b22a319d77f47a79a1e50113af436ceda7e66e832506ef22c419ec8
qwen,qwen3_4b,opd,80,80,18,mlp.up_proj,16,0.01,249037,14433215,24903680,0.5795615346808183,133359,0.0092397293326538,0.9239721912287164,rank32_norm_matched_lowrank_bf16_mask,32,3,0.9298214995544208,0.0011559435084105,-0.0058493083257045,bf16_merged_minus_base,saved_merged_bf16,saved_merged_bf16,4a9779bc3b95ef4fdf7d4135ffac78612351703a854f0e312c8c5260f5baa953,5e1afdef859e5f0039db260c8d68e0703886aac0697ce67b405f349d65f4e299
qwen,qwen3_4b,opd,80,80,18,mlp.up_proj,16,0.1,2490368,14433215,24903680,0.5795615346808183,1437103,0.0995691535115357,0.9956915351153572,rank32_norm_matched_lowrank_bf16_mask,32,3,0.9975226903824757,0.0001727282270424,-0.0018311552671184,bf16_merged_minus_base,saved_merged_bf16,saved_merged_bf16,4a9779bc3b95ef4fdf7d4135ffac78612351703a854f0e312c8c5260f5baa953,5e1afdef859e5f0039db260c8d68e0703886aac0697ce67b405f349d65f4e299
qwen,qwen3_4b,opd,80,80,18,mlp.up_proj,32,0.01,249037,14433215,24903680,0.5795615346808183,124461,0.0086232346708616,0.8623227745597768,rank32_norm_matched_lowrank_bf16_mask,32,3,0.8747039463349892,0.0008460116694574,-0.0123811717752123,bf16_merged_minus_base,saved_merged_bf16,saved_merged_bf16,4a9779bc3b95ef4fdf7d4135ffac78612351703a854f0e312c8c5260f5baa953,5e1afdef859e5f0039db260c8d68e0703886aac0697ce67b405f349d65f4e299
qwen,qwen3_4b,opd,80,80,18,mlp.up_proj,32,0.1,2490368,14433215,24903680,0.5795615346808183,1395866,0.0967120631127576,0.9671206311275762,rank32_norm_matched_lowrank_bf16_mask,32,3,0.971473375929591,0.0005236339398216,-0.0043527448020148,bf16_merged_minus_base,saved_merged_bf16,saved_merged_bf16,4a9779bc3b95ef4fdf7d4135ffac78612351703a854f0e312c8c5260f5baa953,5e1afdef859e5f0039db260c8d68e0703886aac0697ce67b405f349d65f4e299
qwen,qwen3_4b,opd,80,80,18,mlp.up_proj,50,0.01,249037,14433215,24903680,0.5795615346808183,117114,0.0081142004743918,0.811419395793009,rank32_norm_matched_lowrank_bf16_mask,32,3,0.8269444951195036,0.0003997832194511,-0.0155250993264945,bf16_merged_minus_base,saved_merged_bf16,saved_merged_bf16,4a9779bc3b95ef4fdf7d4135ffac78612351703a854f0e312c8c5260f5baa953,5e1afdef859e5f0039db260c8d68e0703886aac0697ce67b405f349d65f4e299
qwen,qwen3_4b,opd,80,80,18,mlp.up_proj,50,0.1,2490368,14433215,24903680,0.5795615346808183,1355941,0.093945874152086,0.93945874152086,rank32_norm_matched_lowrank_bf16_mask,32,3,0.9466289755367892,0.0002645336105299,-0.0071702340159292,bf16_merged_minus_base,saved_merged_bf16,saved_merged_bf16,4a9779bc3b95ef4fdf7d4135ffac78612351703a854f0e312c8c5260f5baa953,5e1afdef859e5f0039db260c8d68e0703886aac0697ce67b405f349d65f4e299
qwen,qwen3_4b,opd,160,160,18,mlp.up_proj,16,0.01,249037,16254905,24903680,0.6527109648052015,155108,0.0095422274076655,0.95422197443646,rank32_norm_matched_lowrank_bf16_mask,32,3,0.9430083040663664,0.0005904342349993,0.0112136703700937,bf16_merged_minus_base,saved_merged_bf16,saved_merged_bf16,4a9779bc3b95ef4fdf7d4135ffac78612351703a854f0e312c8c5260f5baa953,7bcb83658ea5409106333f7610278fc28a9a17f3db4b63b22219efe20753d823
qwen,qwen3_4b,opd,160,160,18,mlp.up_proj,16,0.1,2490368,16254905,24903680,0.6527109648052015,1635346,0.1006063092955634,1.006063092955634,rank32_norm_matched_lowrank_bf16_mask,32,3,0.997473039954271,0.0005692494064456,0.008590053001363,bf16_merged_minus_base,saved_merged_bf16,saved_merged_bf16,4a9779bc3b95ef4fdf7d4135ffac78612351703a854f0e312c8c5260f5baa953,7bcb83658ea5409106333f7610278fc28a9a17f3db4b63b22219efe20753d823
qwen,qwen3_4b,opd,160,160,18,mlp.up_proj,32,0.01,249037,16254905,24903680,0.6527109648052015,146805,0.0090314277444254,0.9031420491344389,rank32_norm_matched_lowrank_bf16_mask,32,3,0.8988603628188544,0.0010541460886281,0.0042816863155843,bf16_merged_minus_base,saved_merged_bf16,saved_merged_bf16,4a9779bc3b95ef4fdf7d4135ffac78612351703a854f0e312c8c5260f5baa953,7bcb83658ea5409106333f7610278fc28a9a17f3db4b63b22219efe20753d823
qwen,qwen3_4b,opd,160,160,18,mlp.up_proj,32,0.1,2490368,16254905,24903680,0.6527109648052015,1596186,0.0981971903250126,0.9819719032501266,rank32_norm_matched_lowrank_bf16_mask,32,3,0.97714821730431,0.000492704604853,0.0048236859458167,bf16_merged_minus_base,saved_merged_bf16,saved_merged_bf16,4a9779bc3b95ef4fdf7d4135ffac78612351703a854f0e312c8c5260f5baa953,7bcb83658ea5409106333f7610278fc28a9a17f3db4b63b22219efe20753d823
qwen,qwen3_4b,opd,160,160,18,mlp.up_proj,50,0.01,249037,16254905,24903680,0.6527109648052015,139685,0.0085934061134162,0.8593399212107494,rank32_norm_matched_lowrank_bf16_mask,32,3,0.8600751689014682,0.0009045020957896,-0.0007352476907187,bf16_merged_minus_base,saved_merged_bf16,saved_merged_bf16,4a9779bc3b95ef4fdf7d4135ffac78612351703a854f0e312c8c5260f5baa953,7bcb83658ea5409106333f7610278fc28a9a17f3db4b63b22219efe20753d823
qwen,qwen3_4b,opd,160,160,18,mlp.up_proj,50,0.1,2490368,16254905,24903680,0.6527109648052015,1559049,0.0959125260959691,0.959125260959692,rank32_norm_matched_lowrank_bf16_mask,32,3,0.9572846228182604,0.0006242536130345,0.0018406381414314,bf16_merged_minus_base,saved_merged_bf16,saved_merged_bf16,4a9779bc3b95ef4fdf7d4135ffac78612351703a854f0e312c8c5260f5baa953,7bcb83658ea5409106333f7610278fc28a9a17f3db4b63b22219efe20753d823
qwen,qwen3_4b,opd,320,320,18,mlp.up_proj,16,0.01,249037,18220475,24903680,0.7316378543251439,177086,0.0097190660506929,0.9719058245374042,rank32_norm_matched_lowrank_bf16_mask,32,3,0.9565637815417376,0.0006906574079877,0.0153420429956664,bf16_merged_minus_base,saved_merged_bf16,saved_merged_bf16,4a9779bc3b95ef4fdf7d4135ffac78612351703a854f0e312c8c5260f5baa953,c3bf36cc1b2ac4c0f832b64e8d6588504610c3a4628984be53175fccf9796ef3
qwen,qwen3_4b,opd,320,320,18,mlp.up_proj,16,0.1,2490368,18220475,24903680,0.7316378543251439,1840369,0.1010055445865159,1.0100554458651598,rank32_norm_matched_lowrank_bf16_mask,32,3,0.997715105153274,0.0002289768001816,0.0123403407118859,bf16_merged_minus_base,saved_merged_bf16,saved_merged_bf16,4a9779bc3b95ef4fdf7d4135ffac78612351703a854f0e312c8c5260f5baa953,c3bf36cc1b2ac4c0f832b64e8d6588504610c3a4628984be53175fccf9796ef3
qwen,qwen3_4b,opd,320,320,18,mlp.up_proj,32,0.01,249037,18220475,24903680,0.7316378543251439,170262,0.0093445423349281,0.9344534830386788,rank32_norm_matched_lowrank_bf16_mask,32,3,0.9233928660624072,0.0001224776571605,0.0110606169762716,bf16_merged_minus_base,saved_merged_bf16,saved_merged_bf16,4a9779bc3b95ef4fdf7d4135ffac78612351703a854f0e312c8c5260f5baa953,c3bf36cc1b2ac4c0f832b64e8d6588504610c3a4628984be53175fccf9796ef3
qwen,qwen3_4b,opd,320,320,18,mlp.up_proj,32,0.1,2490368,18220475,24903680,0.7316378543251439,1806925,0.0991700271260765,0.9917002712607657,rank32_norm_matched_lowrank_bf16_mask,32,3,0.9829249888337782,0.0003642876334234,0.0087752824269874,bf16_merged_minus_base,saved_merged_bf16,saved_merged_bf16,4a9779bc3b95ef4fdf7d4135ffac78612351703a854f0e312c8c5260f5baa953,c3bf36cc1b2ac4c0f832b64e8d6588504610c3a4628984be53175fccf9796ef3
qwen,qwen3_4b,opd,320,320,18,mlp.up_proj,50,0.01,249037,18220475,24903680,0.7316378543251439,164143,0.0090087113535733,0.9008704118735706,rank32_norm_matched_lowrank_bf16_mask,32,3,0.8946179233272246,0.0008211923984476,0.006252488546346,bf16_merged_minus_base,saved_merged_bf16,saved_merged_bf16,4a9779bc3b95ef4fdf7d4135ffac78612351703a854f0e312c8c5260f5baa953,c3bf36cc1b2ac4c0f832b64e8d6588504610c3a4628984be53175fccf9796ef3
qwen,qwen3_4b,opd,320,320,18,mlp.up_proj,50,0.1,2490368,18220475,24903680,0.7316378543251439,1774517,0.097391368776061,0.97391368776061,rank32_norm_matched_lowrank_bf16_mask,32,3,0.967925931177897,0.0002072060780442,0.0059877565827128,bf16_merged_minus_base,saved_merged_bf16,saved_merged_bf16,4a9779bc3b95ef4fdf7d4135ffac78612351703a854f0e312c8c5260f5baa953,c3bf36cc1b2ac4c0f832b64e8d6588504610c3a4628984be53175fccf9796ef3
qwen,qwen3_4b,sft,5,5,18,mlp.up_proj,16,0.01,249037,217093,24903680,0.0087173060366981,1751,0.0080656677092306,0.8065661231745166,rank32_norm_matched_lowrank_bf16_mask,32,3,0.8146584800264588,0.0382656839886784,-0.0080923568519422,bf16_merged_minus_base,adapter_merge_quantized_to_bf16,adapter_merge_quantized_to_bf16_in_memory,4a9779bc3b95ef4fdf7d4135ffac78612351703a854f0e312c8c5260f5baa953,3f9d35a904c55bcc88213da2a46ef66b5b7398d89fab96006d55b3305c88afeb
qwen,qwen3_4b,sft,5,5,18,mlp.up_proj,16,0.1,2490368,217093,24903680,0.0087173060366981,21034,0.0968893515682219,0.9688935156822192,rank32_norm_matched_lowrank_bf16_mask,32,3,0.9759119643029828,0.0105737534463252,-0.0070184486207636,bf16_merged_minus_base,adapter_merge_quantized_to_bf16,adapter_merge_quantized_to_bf16_in_memory,4a9779bc3b95ef4fdf7d4135ffac78612351703a854f0e312c8c5260f5baa953,3f9d35a904c55bcc88213da2a46ef66b5b7398d89fab96006d55b3305c88afeb
qwen,qwen3_4b,sft,5,5,18,mlp.up_proj,32,0.01,249037,217093,24903680,0.0087173060366981,1461,0.0067298346791467,0.672982927446013,rank32_norm_matched_lowrank_bf16_mask,32,3,0.6471032626874563,0.0190980605721388,0.0258796647585566,bf16_merged_minus_base,adapter_merge_quantized_to_bf16,adapter_merge_quantized_to_bf16_in_memory,4a9779bc3b95ef4fdf7d4135ffac78612351703a854f0e312c8c5260f5baa953,3f9d35a904c55bcc88213da2a46ef66b5b7398d89fab96006d55b3305c88afeb
qwen,qwen3_4b,sft,5,5,18,mlp.up_proj,32,0.1,2490368,217093,24903680,0.0087173060366981,19486,0.08975876698005,0.8975876698005003,rank32_norm_matched_lowrank_bf16_mask,32,3,0.90280618519654,0.0143086575265396,-0.0052185153960395,bf16_merged_minus_base,adapter_merge_quantized_to_bf16,adapter_merge_quantized_to_bf16_in_memory,4a9779bc3b95ef4fdf7d4135ffac78612351703a854f0e312c8c5260f5baa953,3f9d35a904c55bcc88213da2a46ef66b5b7398d89fab96006d55b3305c88afeb
qwen,qwen3_4b,sft,5,5,18,mlp.up_proj,50,0.01,249037,217093,24903680,0.0087173060366981,1247,0.0057440820293606,0.5744077416325655,rank32_norm_matched_lowrank_bf16_mask,32,3,0.5775901909382833,0.0132071573795194,-0.0031824493057178,bf16_merged_minus_base,adapter_merge_quantized_to_bf16,adapter_merge_quantized_to_bf16_in_memory,4a9779bc3b95ef4fdf7d4135ffac78612351703a854f0e312c8c5260f5baa953,3f9d35a904c55bcc88213da2a46ef66b5b7398d89fab96006d55b3305c88afeb
qwen,qwen3_4b,sft,5,5,18,mlp.up_proj,50,0.1,2490368,217093,24903680,0.0087173060366981,18394,0.0847286646736652,0.8472866467366521,rank32_norm_matched_lowrank_bf16_mask,32,3,0.8543124647016419,0.0159728197122165,-0.0070258179649898,bf16_merged_minus_base,adapter_merge_quantized_to_bf16,adapter_merge_quantized_to_bf16_in_memory,4a9779bc3b95ef4fdf7d4135ffac78612351703a854f0e312c8c5260f5baa953,3f9d35a904c55bcc88213da2a46ef66b5b7398d89fab96006d55b3305c88afeb
qwen,qwen3_4b,sft,20,20,18,mlp.up_proj,16,0.01,249037,3429742,24903680,0.1377202887284128,27731,0.0080854478266878,0.8085441333317114,rank32_norm_matched_lowrank_bf16_mask,32,3,0.8222340093181749,0.0076968460252924,-0.0136898759864635,bf16_merged_minus_base,adapter_merge_quantized_to_bf16,adapter_merge_quantized_to_bf16_in_memory,4a9779bc3b95ef4fdf7d4135ffac78612351703a854f0e312c8c5260f5baa953,057afddc99e0ab7783db4f4053845f9d1e372a84a2ccb0082567f18ccb56474b
qwen,qwen3_4b,sft,20,20,18,mlp.up_proj,16,0.1,2490368,3429742,24903680,0.1377202887284128,333501,0.0972379263513115,0.9723792635131157,rank32_norm_matched_lowrank_bf16_mask,32,3,0.9835771053209889,0.0027807408556553,-0.0111978418078733,bf16_merged_minus_base,adapter_merge_quantized_to_bf16,adapter_merge_quantized_to_bf16_in_memory,4a9779bc3b95ef4fdf7d4135ffac78612351703a854f0e312c8c5260f5baa953,057afddc99e0ab7783db4f4053845f9d1e372a84a2ccb0082567f18ccb56474b
qwen,qwen3_4b,sft,20,20,18,mlp.up_proj,32,0.01,249037,3429742,24903680,0.1377202887284128,23697,0.0069092660614122,0.6909260512625424,rank32_norm_matched_lowrank_bf16_mask,32,3,0.6964630863530799,0.0027223936054116,-0.0055370350905374,bf16_merged_minus_base,adapter_merge_quantized_to_bf16,adapter_merge_quantized_to_bf16_in_memory,4a9779bc3b95ef4fdf7d4135ffac78612351703a854f0e312c8c5260f5baa953,057afddc99e0ab7783db4f4053845f9d1e372a84a2ccb0082567f18ccb56474b
qwen,qwen3_4b,sft,20,20,18,mlp.up_proj,32,0.1,2490368,3429742,24903680,0.1377202887284128,310603,0.0905616224194123,0.905616224194123,rank32_norm_matched_lowrank_bf16_mask,32,3,0.9201965523146028,0.0027123388838082,-0.0145803281204797,bf16_merged_minus_base,adapter_merge_quantized_to_bf16,adapter_merge_quantized_to_bf16_in_memory,4a9779bc3b95ef4fdf7d4135ffac78612351703a854f0e312c8c5260f5baa953,057afddc99e0ab7783db4f4053845f9d1e372a84a2ccb0082567f18ccb56474b
qwen,qwen3_4b,sft,20,20,18,mlp.up_proj,50,0.01,249037,3429742,24903680,0.1377202887284128,20696,0.0060342731319148,0.6034268285829252,rank32_norm_matched_lowrank_bf16_mask,32,3,0.6074815772667659,0.0042768097932483,-0.0040547486838407,bf16_merged_minus_base,adapter_merge_quantized_to_bf16,adapter_merge_quantized_to_bf16_in_memory,4a9779bc3b95ef4fdf7d4135ffac78612351703a854f0e312c8c5260f5baa953,057afddc99e0ab7783db4f4053845f9d1e372a84a2ccb0082567f18ccb56474b
qwen,qwen3_4b,sft,20,20,18,mlp.up_proj,50,0.1,2490368,3429742,24903680,0.1377202887284128,292382,0.085248977911458,0.8524897791145806,rank32_norm_matched_lowrank_bf16_mask,32,3,0.8629931552388008,0.0016429639877692,-0.0105033761242202,bf16_merged_minus_base,adapter_merge_quantized_to_bf16,adapter_merge_quantized_to_bf16_in_memory,4a9779bc3b95ef4fdf7d4135ffac78612351703a854f0e312c8c5260f5baa953,057afddc99e0ab7783db4f4053845f9d1e372a84a2ccb0082567f18ccb56474b
qwen,qwen3_4b,sft,40,40,18,mlp.up_proj,16,0.01,249037,8202583,24903680,0.3293723256964432,71395,0.0087039655679192,0.8703958577820963,rank32_norm_matched_lowrank_bf16_mask,32,3,0.861599129290109,0.0032484610043776,0.0087967284919873,bf16_merged_minus_base,adapter_merge_quantized_to_bf16,adapter_merge_quantized_to_bf16_in_memory,4a9779bc3b95ef4fdf7d4135ffac78612351703a854f0e312c8c5260f5baa953,a8e8314c7e504c62810209866ae8659f1f47c9d81e26ffc86c9180a8f4edb8f5
qwen,qwen3_4b,sft,40,40,18,mlp.up_proj,16,0.1,2490368,8202583,24903680,0.3293723256964432,812215,0.0990194186392262,0.990194186392262,rank32_norm_matched_lowrank_bf16_mask,32,3,0.9916264185686736,0.0016261512854653,-0.0014322321764115,bf16_merged_minus_base,adapter_merge_quantized_to_bf16,adapter_merge_quantized_to_bf16_in_memory,4a9779bc3b95ef4fdf7d4135ffac78612351703a854f0e312c8c5260f5baa953,a8e8314c7e504c62810209866ae8659f1f47c9d81e26ffc86c9180a8f4edb8f5
qwen,qwen3_4b,sft,40,40,18,mlp.up_proj,32,0.01,249037,8202583,24903680,0.3293723256964432,62664,0.0076395447629118,0.7639538627643011,rank32_norm_matched_lowrank_bf16_mask,32,3,0.7621923300832388,0.0036881910955903,0.0017615326810622,bf16_merged_minus_base,adapter_merge_quantized_to_bf16,adapter_merge_quantized_to_bf16_in_memory,4a9779bc3b95ef4fdf7d4135ffac78612351703a854f0e312c8c5260f5baa953,a8e8314c7e504c62810209866ae8659f1f47c9d81e26ffc86c9180a8f4edb8f5
qwen,qwen3_4b,sft,40,40,18,mlp.up_proj,32,0.1,2490368,8202583,24903680,0.3293723256964432,769070,0.0937594901508463,0.9375949015084638,rank32_norm_matched_lowrank_bf16_mask,32,3,0.9418536910601424,0.0010792057771748,-0.0042587895516786,bf16_merged_minus_base,adapter_merge_quantized_to_bf16,adapter_merge_quantized_to_bf16_in_memory,4a9779bc3b95ef4fdf7d4135ffac78612351703a854f0e312c8c5260f5baa953,a8e8314c7e504c62810209866ae8659f1f47c9d81e26ffc86c9180a8f4edb8f5
qwen,qwen3_4b,sft,40,40,18,mlp.up_proj,50,0.01,249037,8202583,24903680,0.3293723256964432,56331,0.0068674708930101,0.6867465377788817,rank32_norm_matched_lowrank_bf16_mask,32,3,0.6858269536487785,0.0010046438778154,0.0009195841301031,bf16_merged_minus_base,adapter_merge_quantized_to_bf16,adapter_merge_quantized_to_bf16_in_memory,4a9779bc3b95ef4fdf7d4135ffac78612351703a854f0e312c8c5260f5baa953,a8e8314c7e504c62810209866ae8659f1f47c9d81e26ffc86c9180a8f4edb8f5
qwen,qwen3_4b,sft,40,40,18,mlp.up_proj,50,0.1,2490368,8202583,24903680,0.3293723256964432,732545,0.08930662451084,0.8930662451084006,rank32_norm_matched_lowrank_bf16_mask,32,3,0.8970494020421794,0.0007217537898918,-0.0039831569337788,bf16_merged_minus_base,adapter_merge_quantized_to_bf16,adapter_merge_quantized_to_bf16_in_memory,4a9779bc3b95ef4fdf7d4135ffac78612351703a854f0e312c8c5260f5baa953,a8e8314c7e504c62810209866ae8659f1f47c9d81e26ffc86c9180a8f4edb8f5
qwen,qwen3_4b,sft,80,80,18,mlp.up_proj,16,0.01,249037,13813368,24903680,0.5546717593544408,128603,0.009310039376349,0.9310031899516796,rank32_norm_matched_lowrank_bf16_mask,32,3,0.9166077773096518,0.0017328834263124,0.0143954126420277,bf16_merged_minus_base,adapter_merge_quantized_to_bf16,adapter_merge_quantized_to_bf16_in_memory,4a9779bc3b95ef4fdf7d4135ffac78612351703a854f0e312c8c5260f5baa953,a8cbbeb33aba5ffbbe6447c46167d5d9628fd2d7c423219e8b13ae4191ea432f
qwen,qwen3_4b,sft,80,80,18,mlp.up_proj,16,0.1,2490368,13813368,24903680,0.5546717593544408,1384159,0.1002043093328144,1.002043093328144,rank32_norm_matched_lowrank_bf16_mask,32,3,0.9958451136355242,0.0003535522214346,0.0061979796926199,bf16_merged_minus_base,adapter_merge_quantized_to_bf16,adapter_merge_quantized_to_bf16_in_memory,4a9779bc3b95ef4fdf7d4135ffac78612351703a854f0e312c8c5260f5baa953,a8cbbeb33aba5ffbbe6447c46167d5d9628fd2d7c423219e8b13ae4191ea432f
qwen,qwen3_4b,sft,80,80,18,mlp.up_proj,32,0.01,249037,13813368,24903680,0.5546717593544408,118644,0.0085890711085088,0.8589064210681483,rank32_norm_matched_lowrank_bf16_mask,32,3,0.8557294256122688,0.0018248973166154,0.0031769954558794,bf16_merged_minus_base,adapter_merge_quantized_to_bf16,adapter_merge_quantized_to_bf16_in_memory,4a9779bc3b95ef4fdf7d4135ffac78612351703a854f0e312c8c5260f5baa953,a8cbbeb33aba5ffbbe6447c46167d5d9628fd2d7c423219e8b13ae4191ea432f
qwen,qwen3_4b,sft,80,80,18,mlp.up_proj,32,0.1,2490368,13813368,24903680,0.5546717593544408,1337996,0.0968624016966752,0.9686240169667528,rank32_norm_matched_lowrank_bf16_mask,32,3,0.9666646769065952,0.0006033922436347,0.0019593400601574,bf16_merged_minus_base,adapter_merge_quantized_to_bf16,adapter_merge_quantized_to_bf16_in_memory,4a9779bc3b95ef4fdf7d4135ffac78612351703a854f0e312c8c5260f5baa953,a8cbbeb33aba5ffbbe6447c46167d5d9628fd2d7c423219e8b13ae4191ea432f
qwen,qwen3_4b,sft,80,80,18,mlp.up_proj,50,0.01,249037,13813368,24903680,0.5546717593544408,110931,0.0080306989577053,0.8030692508303054,rank32_norm_matched_lowrank_bf16_mask,32,3,0.8049765164003216,0.0011002873874238,-0.0019072655700161,bf16_merged_minus_base,adapter_merge_quantized_to_bf16,adapter_merge_quantized_to_bf16_in_memory,4a9779bc3b95ef4fdf7d4135ffac78612351703a854f0e312c8c5260f5baa953,a8cbbeb33aba5ffbbe6447c46167d5d9628fd2d7c423219e8b13ae4191ea432f
qwen,qwen3_4b,sft,80,80,18,mlp.up_proj,50,0.1,2490368,13813368,24903680,0.5546717593544408,1297420,0.0939249573311881,0.9392495733118816,rank32_norm_matched_lowrank_bf16_mask,32,3,0.9395500252039592,0.0010672409977849,-0.0003004518920775,bf16_merged_minus_base,adapter_merge_quantized_to_bf16,adapter_merge_quantized_to_bf16_in_memory,4a9779bc3b95ef4fdf7d4135ffac78612351703a854f0e312c8c5260f5baa953,a8cbbeb33aba5ffbbe6447c46167d5d9628fd2d7c423219e8b13ae4191ea432f
qwen,qwen3_4b,sft,160,160,18,mlp.up_proj,16,0.01,249037,16804728,24903680,0.6747889468544408,161396,0.0096042018650941,0.960419415202191,rank32_norm_matched_lowrank_bf16_mask,32,3,0.9432735668830884,0.0003662414814686,0.0171458483191025,bf16_merged_minus_base,adapter_merge_quantized_to_bf16,adapter_merge_quantized_to_bf16_in_memory,4a9779bc3b95ef4fdf7d4135ffac78612351703a854f0e312c8c5260f5baa953,fe7841b83b510c12de4aa66d57d73a011acc902f449c8c371f7d39d61cb94c7f
qwen,qwen3_4b,sft,160,160,18,mlp.up_proj,16,0.1,2490368,16804728,24903680,0.6747889468544408,1693098,0.1007512885659321,1.0075128856593216,rank32_norm_matched_lowrank_bf16_mask,32,3,0.9965748910286324,0.0005917980981073,0.0109379946306891,bf16_merged_minus_base,adapter_merge_quantized_to_bf16,adapter_merge_quantized_to_bf16_in_memory,4a9779bc3b95ef4fdf7d4135ffac78612351703a854f0e312c8c5260f5baa953,fe7841b83b510c12de4aa66d57d73a011acc902f449c8c371f7d39d61cb94c7f
qwen,qwen3_4b,sft,160,160,18,mlp.up_proj,32,0.01,249037,16804728,24903680,0.6747889468544408,153136,0.009112673528545,0.9112666210216036,rank32_norm_matched_lowrank_bf16_mask,32,3,0.9017352805865364,0.0014512965380393,0.0095313404350672,bf16_merged_minus_base,adapter_merge_quantized_to_bf16,adapter_merge_quantized_to_bf16_in_memory,4a9779bc3b95ef4fdf7d4135ffac78612351703a854f0e312c8c5260f5baa953,fe7841b83b510c12de4aa66d57d73a011acc902f449c8c371f7d39d61cb94c7f
qwen,qwen3_4b,sft,160,160,18,mlp.up_proj,32,0.1,2490368,16804728,24903680,0.6747889468544408,1656034,0.09854571880009,0.9854571880009008,rank32_norm_matched_lowrank_bf16_mask,32,3,0.9774884597678004,0.0005699988410034,0.0079687282331003,bf16_merged_minus_base,adapter_merge_quantized_to_bf16,adapter_merge_quantized_to_bf16_in_memory,4a9779bc3b95ef4fdf7d4135ffac78612351703a854f0e312c8c5260f5baa953,fe7841b83b510c12de4aa66d57d73a011acc902f449c8c371f7d39d61cb94c7f
qwen,qwen3_4b,sft,160,160,18,mlp.up_proj,50,0.01,249037,16804728,24903680,0.6747889468544408,146249,0.0087028483888581,0.8702841399657069,rank32_norm_matched_lowrank_bf16_mask,32,3,0.8658432250765888,0.0011093378820165,0.004440914889118,bf16_merged_minus_base,adapter_merge_quantized_to_bf16,adapter_merge_quantized_to_bf16_in_memory,4a9779bc3b95ef4fdf7d4135ffac78612351703a854f0e312c8c5260f5baa953,fe7841b83b510c12de4aa66d57d73a011acc902f449c8c371f7d39d61cb94c7f
qwen,qwen3_4b,sft,160,160,18,mlp.up_proj,50,0.1,2490368,16804728,24903680,0.6747889468544408,1619717,0.0963846008099625,0.9638460080996252,rank32_norm_matched_lowrank_bf16_mask,32,3,0.9590587004224416,0.0004347012949177,0.0047873076771837,bf16_merged_minus_base,adapter_merge_quantized_to_bf16,adapter_merge_quantized_to_bf16_in_memory,4a9779bc3b95ef4fdf7d4135ffac78612351703a854f0e312c8c5260f5baa953,fe7841b83b510c12de4aa66d57d73a011acc902f449c8c371f7d39d61cb94c7f
qwen,qwen3_4b,sft,320,320,18,mlp.up_proj,16,0.01,249037,18556704,24903680,0.7451390316611842,180653,0.0097351878868143,0.9735180068548112,rank32_norm_matched_lowrank_bf16_mask,32,3,0.957809295882968,0.0001920155125457,0.0157087109718431,bf16_merged_minus_base,adapter_merge_quantized_to_bf16,adapter_merge_quantized_to_bf16_in_memory,4a9779bc3b95ef4fdf7d4135ffac78612351703a854f0e312c8c5260f5baa953,fafaed14cccdb174a49919fc02e0023a0ee658ea156f833f9d0d1fa420065923
qwen,qwen3_4b,sft,320,320,18,mlp.up_proj,16,0.1,2490368,18556704,24903680,0.7451390316611842,1871985,0.1008791755259985,1.008791755259986,rank32_norm_matched_lowrank_bf16_mask,32,3,0.9975831852201572,0.0003531211839192,0.0112085700398286,bf16_merged_minus_base,adapter_merge_quantized_to_bf16,adapter_merge_quantized_to_bf16_in_memory,4a9779bc3b95ef4fdf7d4135ffac78612351703a854f0e312c8c5260f5baa953,fafaed14cccdb174a49919fc02e0023a0ee658ea156f833f9d0d1fa420065923
qwen,qwen3_4b,sft,320,320,18,mlp.up_proj,32,0.01,249037,18556704,24903680,0.7451390316611842,173782,0.0093649173905021,0.936490986959767,rank32_norm_matched_lowrank_bf16_mask,32,3,0.927115439647033,0.0010120013116935,0.0093755473127339,bf16_merged_minus_base,adapter_merge_quantized_to_bf16,adapter_merge_quantized_to_bf16_in_memory,4a9779bc3b95ef4fdf7d4135ffac78612351703a854f0e312c8c5260f5baa953,fafaed14cccdb174a49919fc02e0023a0ee658ea156f833f9d0d1fa420065923
qwen,qwen3_4b,sft,320,320,18,mlp.up_proj,32,0.1,2490368,18556704,24903680,0.7451390316611842,1840046,0.0991580185791614,0.9915801857916148,rank32_norm_matched_lowrank_bf16_mask,32,3,0.9834943014702509,0.0004331435928726,0.008085884321364,bf16_merged_minus_base,adapter_merge_quantized_to_bf16,adapter_merge_quantized_to_bf16_in_memory,4a9779bc3b95ef4fdf7d4135ffac78612351703a854f0e312c8c5260f5baa953,fafaed14cccdb174a49919fc02e0023a0ee658ea156f833f9d0d1fa420065923
qwen,qwen3_4b,sft,320,320,18,mlp.up_proj,50,0.01,249037,18556704,24903680,0.7451390316611842,167690,0.0090366263319175,0.9036619074661548,rank32_norm_matched_lowrank_bf16_mask,32,3,0.8996188640210173,0.0014423089281077,0.0040430434451375,bf16_merged_minus_base,adapter_merge_quantized_to_bf16,adapter_merge_quantized_to_bf16_in_memory,4a9779bc3b95ef4fdf7d4135ffac78612351703a854f0e312c8c5260f5baa953,fafaed14cccdb174a49919fc02e0023a0ee658ea156f833f9d0d1fa420065923
qwen,qwen3_4b,sft,320,320,18,mlp.up_proj,50,0.1,2490368,18556704,24903680,0.7451390316611842,1809150,0.0974930677344425,0.974930677344425,rank32_norm_matched_lowrank_bf16_mask,32,3,0.9696165572169568,0.0001106363965357,0.0053141201274681,bf16_merged_minus_base,adapter_merge_quantized_to_bf16,adapter_merge_quantized_to_bf16_in_memory,4a9779bc3b95ef4fdf7d4135ffac78612351703a854f0e312c8c5260f5baa953,fafaed14cccdb174a49919fc02e0023a0ee658ea156f833f9d0d1fa420065923
qwen,qwen3_4b,offkd,5,5,18,mlp.up_proj,16,0.01,249037,5839570,24903680,0.234486228541324,49213,0.0084275040799236,0.8427497311849809,rank32_norm_matched_lowrank_bf16_mask,32,3,0.8326284221074512,0.0009930962741061,0.0101213090775296,bf16_merged_minus_base,adapter_merge_quantized_to_bf16,adapter_merge_quantized_to_bf16_in_memory,4a9779bc3b95ef4fdf7d4135ffac78612351703a854f0e312c8c5260f5baa953,e3c5f7bf59bea2640711216731c9f40d0707d93ad89d68eb4512f68163a13107
qwen,qwen3_4b,offkd,5,5,18,mlp.up_proj,16,0.1,2490368,5839570,24903680,0.234486228541324,577859,0.0989557450291716,0.9895574502917168,rank32_norm_matched_lowrank_bf16_mask,32,3,0.986506467975474,0.001606395899742,0.0030509823162425,bf16_merged_minus_base,adapter_merge_quantized_to_bf16,adapter_merge_quantized_to_bf16_in_memory,4a9779bc3b95ef4fdf7d4135ffac78612351703a854f0e312c8c5260f5baa953,e3c5f7bf59bea2640711216731c9f40d0707d93ad89d68eb4512f68163a13107
qwen,qwen3_4b,offkd,5,5,18,mlp.up_proj,32,0.01,249037,5839570,24903680,0.234486228541324,42730,0.0073173195971621,0.7317313720670195,rank32_norm_matched_lowrank_bf16_mask,32,3,0.7184259217640402,0.0004461688953734,0.0133054503029793,bf16_merged_minus_base,adapter_merge_quantized_to_bf16,adapter_merge_quantized_to_bf16_in_memory,4a9779bc3b95ef4fdf7d4135ffac78612351703a854f0e312c8c5260f5baa953,e3c5f7bf59bea2640711216731c9f40d0707d93ad89d68eb4512f68163a13107
qwen,qwen3_4b,offkd,5,5,18,mlp.up_proj,32,0.1,2490368,5839570,24903680,0.234486228541324,544141,0.093181689747704,0.9318168974770402,rank32_norm_matched_lowrank_bf16_mask,32,3,0.9285810683171696,0.0022856261308418,0.0032358291598705,bf16_merged_minus_base,adapter_merge_quantized_to_bf16,adapter_merge_quantized_to_bf16_in_memory,4a9779bc3b95ef4fdf7d4135ffac78612351703a854f0e312c8c5260f5baa953,e3c5f7bf59bea2640711216731c9f40d0707d93ad89d68eb4512f68163a13107
qwen,qwen3_4b,offkd,5,5,18,mlp.up_proj,50,0.01,249037,5839570,24903680,0.234486228541324,37824,0.0064771892450985,0.647718404330984,rank32_norm_matched_lowrank_bf16_mask,32,3,0.6334845353694141,0.0011809215837905,0.0142338689615699,bf16_merged_minus_base,adapter_merge_quantized_to_bf16,adapter_merge_quantized_to_bf16_in_memory,4a9779bc3b95ef4fdf7d4135ffac78612351703a854f0e312c8c5260f5baa953,e3c5f7bf59bea2640711216731c9f40d0707d93ad89d68eb4512f68163a13107
qwen,qwen3_4b,offkd,5,5,18,mlp.up_proj,50,0.1,2490368,5839570,24903680,0.234486228541324,513956,0.0880126447666523,0.8801264476665234,rank32_norm_matched_lowrank_bf16_mask,32,3,0.8751259151476898,0.001585711646722,0.0050005325188335,bf16_merged_minus_base,adapter_merge_quantized_to_bf16,adapter_merge_quantized_to_bf16_in_memory,4a9779bc3b95ef4fdf7d4135ffac78612351703a854f0e312c8c5260f5baa953,e3c5f7bf59bea2640711216731c9f40d0707d93ad89d68eb4512f68163a13107
qwen,qwen3_4b,offkd,20,20,18,mlp.up_proj,16,0.01,249037,10976031,24903680,0.4407393204538445,100940,0.0091964025976238,0.919639521205256,rank32_norm_matched_lowrank_bf16_mask,32,3,0.890504612501962,0.0027680816905625,0.0291349087032939,bf16_merged_minus_base,adapter_merge_quantized_to_bf16,adapter_merge_quantized_to_bf16_in_memory,4a9779bc3b95ef4fdf7d4135ffac78612351703a854f0e312c8c5260f5baa953,0562d253f4d9c44ef969f3612ea1d4290347fccca08bd6987c681a601c37c233
qwen,qwen3_4b,offkd,20,20,18,mlp.up_proj,16,0.1,2490368,10976031,24903680,0.4407393204538445,1104718,0.1006482215657007,1.0064822156570077,rank32_norm_matched_lowrank_bf16_mask,32,3,0.9936842111483356,0.0010751319684015,0.0127980045086717,bf16_merged_minus_base,adapter_merge_quantized_to_bf16,adapter_merge_quantized_to_bf16_in_memory,4a9779bc3b95ef4fdf7d4135ffac78612351703a854f0e312c8c5260f5baa953,0562d253f4d9c44ef969f3612ea1d4290347fccca08bd6987c681a601c37c233
qwen,qwen3_4b,offkd,20,20,18,mlp.up_proj,32,0.01,249037,10976031,24903680,0.4407393204538445,91164,0.0083057345592409,0.8305727888959378,rank32_norm_matched_lowrank_bf16_mask,32,3,0.8135501900392746,0.0023123420139804,0.0170225988566631,bf16_merged_minus_base,adapter_merge_quantized_to_bf16,adapter_merge_quantized_to_bf16_in_memory,4a9779bc3b95ef4fdf7d4135ffac78612351703a854f0e312c8c5260f5baa953,0562d253f4d9c44ef969f3612ea1d4290347fccca08bd6987c681a601c37c233
qwen,qwen3_4b,offkd,20,20,18,mlp.up_proj,32,0.1,2490368,10976031,24903680,0.4407393204538445,1058401,0.0964283901894956,0.9642839018949564,rank32_norm_matched_lowrank_bf16_mask,32,3,0.955621466665095,0.0006294056260975,0.0086624352298613,bf16_merged_minus_base,adapter_merge_quantized_to_bf16,adapter_merge_quantized_to_bf16_in_memory,4a9779bc3b95ef4fdf7d4135ffac78612351703a854f0e312c8c5260f5baa953,0562d253f4d9c44ef969f3612ea1d4290347fccca08bd6987c681a601c37c233
qwen,qwen3_4b,offkd,20,20,18,mlp.up_proj,50,0.01,249037,10976031,24903680,0.4407393204538445,83498,0.0076073035872438,0.760729747786769,rank32_norm_matched_lowrank_bf16_mask,32,3,0.7495784523616345,0.0020322845181341,0.0111512954251346,bf16_merged_minus_base,adapter_merge_quantized_to_bf16,adapter_merge_quantized_to_bf16_in_memory,4a9779bc3b95ef4fdf7d4135ffac78612351703a854f0e312c8c5260f5baa953,0562d253f4d9c44ef969f3612ea1d4290347fccca08bd6987c681a601c37c233
qwen,qwen3_4b,offkd,20,20,18,mlp.up_proj,50,0.1,2490368,10976031,24903680,0.4407393204538445,1016052,0.0925700738272331,0.9257007382723316,rank32_norm_matched_lowrank_bf16_mask,32,3,0.9201556948124228,0.0007668165384074,0.0055450434599088,bf16_merged_minus_base,adapter_merge_quantized_to_bf16,adapter_merge_quantized_to_bf16_in_memory,4a9779bc3b95ef4fdf7d4135ffac78612351703a854f0e312c8c5260f5baa953,0562d253f4d9c44ef969f3612ea1d4290347fccca08bd6987c681a601c37c233
qwen,qwen3_4b,offkd,40,40,18,mlp.up_proj,16,0.01,249037,13448269,24903680,0.5400113155967311,126489,0.0094055971069585,0.940558955338447,rank32_norm_matched_lowrank_bf16_mask,32,3,0.9177730649240688,0.0042648503853296,0.0227858904143781,bf16_merged_minus_base,adapter_merge_quantized_to_bf16,adapter_merge_quantized_to_bf16_in_memory,4a9779bc3b95ef4fdf7d4135ffac78612351703a854f0e312c8c5260f5baa953,7746c17bb93e67e3aba4cb166b884ed78ab13978e73f76a55648894ccb02ca36
qwen,qwen3_4b,offkd,40,40,18,mlp.up_proj,16,0.1,2490368,13448269,24903680,0.5400113155967311,1356298,0.1008529796660075,1.0085297966600757,rank32_norm_matched_lowrank_bf16_mask,32,3,0.9962661642193456,0.0015296524501979,0.0122636324407301,bf16_merged_minus_base,adapter_merge_quantized_to_bf16,adapter_merge_quantized_to_bf16_in_memory,4a9779bc3b95ef4fdf7d4135ffac78612351703a854f0e312c8c5260f5baa953,7746c17bb93e67e3aba4cb166b884ed78ab13978e73f76a55648894ccb02ca36
qwen,qwen3_4b,offkd,40,40,18,mlp.up_proj,32,0.01,249037,13448269,24903680,0.5400113155967311,116664,0.0086750198110998,0.8675012844247688,rank32_norm_matched_lowrank_bf16_mask,32,3,0.8564266777183502,0.0037797323120852,0.0110746067064185,bf16_merged_minus_base,adapter_merge_quantized_to_bf16,adapter_merge_quantized_to_bf16_in_memory,4a9779bc3b95ef4fdf7d4135ffac78612351703a854f0e312c8c5260f5baa953,7746c17bb93e67e3aba4cb166b884ed78ab13978e73f76a55648894ccb02ca36
qwen,qwen3_4b,offkd,40,40,18,mlp.up_proj,32,0.1,2490368,13448269,24903680,0.5400113155967311,1310134,0.0974202702221378,0.974202702221379,rank32_norm_matched_lowrank_bf16_mask,32,3,0.9672421559467176,0.0014406787232103,0.0069605462746614,bf16_merged_minus_base,adapter_merge_quantized_to_bf16,adapter_merge_quantized_to_bf16_in_memory,4a9779bc3b95ef4fdf7d4135ffac78612351703a854f0e312c8c5260f5baa953,7746c17bb93e67e3aba4cb166b884ed78ab13978e73f76a55648894ccb02ca36
qwen,qwen3_4b,offkd,40,40,18,mlp.up_proj,50,0.01,249037,13448269,24903680,0.5400113155967311,108562,0.008072563093436,0.807255661041296,rank32_norm_matched_lowrank_bf16_mask,32,3,0.8040989868521331,0.0035168492740299,0.0031566741891628,bf16_merged_minus_base,adapter_merge_quantized_to_bf16,adapter_merge_quantized_to_bf16_in_memory,4a9779bc3b95ef4fdf7d4135ffac78612351703a854f0e312c8c5260f5baa953,7746c17bb93e67e3aba4cb166b884ed78ab13978e73f76a55648894ccb02ca36
qwen,qwen3_4b,offkd,40,40,18,mlp.up_proj,50,0.1,2490368,13448269,24903680,0.5400113155967311,1267635,0.0942600865583518,0.9426008655835186,rank32_norm_matched_lowrank_bf16_mask,32,3,0.9394597686027962,0.0010611061426933,0.0031410969807224,bf16_merged_minus_base,adapter_merge_quantized_to_bf16,adapter_merge_quantized_to_bf16_in_memory,4a9779bc3b95ef4fdf7d4135ffac78612351703a854f0e312c8c5260f5baa953,7746c17bb93e67e3aba4cb166b884ed78ab13978e73f76a55648894ccb02ca36
qwen,qwen3_4b,offkd,80,80,18,mlp.up_proj,16,0.01,249037,15610066,24903680,0.6268176430150082,148766,0.0095301326720847,0.9530125018497037,rank32_norm_matched_lowrank_bf16_mask,32,3,0.9350650012382687,0.0018814432628467,0.0179475006114347,bf16_merged_minus_base,adapter_merge_quantized_to_bf16,adapter_merge_quantized_to_bf16_in_memory,4a9779bc3b95ef4fdf7d4135ffac78612351703a854f0e312c8c5260f5baa953,a444bd48ee18b1312925d1b4a65a60282553c0ab6c4231296043bb4f39b68d15
qwen,qwen3_4b,offkd,80,80,18,mlp.up_proj,16,0.1,2490368,15610066,24903680,0.6268176430150082,1577602,0.1010631217062118,1.0106312170621188,rank32_norm_matched_lowrank_bf16_mask,32,3,0.9969614626131698,0.000392189487094,0.013669754448949,bf16_merged_minus_base,adapter_merge_quantized_to_bf16,adapter_merge_quantized_to_bf16_in_memory,4a9779bc3b95ef4fdf7d4135ffac78612351703a854f0e312c8c5260f5baa953,a444bd48ee18b1312925d1b4a65a60282553c0ab6c4231296043bb4f39b68d15
qwen,qwen3_4b,offkd,80,80,18,mlp.up_proj,32,0.01,249037,15610066,24903680,0.6268176430150082,140073,0.0089732484154775,0.8973241209119929,rank32_norm_matched_lowrank_bf16_mask,32,3,0.8858250248330882,0.0014242273233145,0.0114990960789046,bf16_merged_minus_base,adapter_merge_quantized_to_bf16,adapter_merge_quantized_to_bf16_in_memory,4a9779bc3b95ef4fdf7d4135ffac78612351703a854f0e312c8c5260f5baa953,a444bd48ee18b1312925d1b4a65a60282553c0ab6c4231296043bb4f39b68d15
qwen,qwen3_4b,offkd,80,80,18,mlp.up_proj,32,0.1,2490368,15610066,24903680,0.6268176430150082,1536653,0.0984398784732876,0.9843987847328768,rank32_norm_matched_lowrank_bf16_mask,32,3,0.9742072454224476,0.0006639749414669,0.0101915393104292,bf16_merged_minus_base,adapter_merge_quantized_to_bf16,adapter_merge_quantized_to_bf16_in_memory,4a9779bc3b95ef4fdf7d4135ffac78612351703a854f0e312c8c5260f5baa953,a444bd48ee18b1312925d1b4a65a60282553c0ab6c4231296043bb4f39b68d15
qwen,qwen3_4b,offkd,80,80,18,mlp.up_proj,50,0.01,249037,15610066,24903680,0.6268176430150082,132769,0.0085053452048184,0.8505338374230893,rank32_norm_matched_lowrank_bf16_mask,32,3,0.8456412805075987,0.0019938216187165,0.0048925569154906,bf16_merged_minus_base,adapter_merge_quantized_to_bf16,adapter_merge_quantized_to_bf16_in_memory,4a9779bc3b95ef4fdf7d4135ffac78612351703a854f0e312c8c5260f5baa953,a444bd48ee18b1312925d1b4a65a60282553c0ab6c4231296043bb4f39b68d15
qwen,qwen3_4b,offkd,80,80,18,mlp.up_proj,50,0.1,2490368,15610066,24903680,0.6268176430150082,1496204,0.0958486658544557,0.9584866585445572,rank32_norm_matched_lowrank_bf16_mask,32,3,0.9525223926234092,0.0007036107760584,0.0059642659211479,bf16_merged_minus_base,adapter_merge_quantized_to_bf16,adapter_merge_quantized_to_bf16_in_memory,4a9779bc3b95ef4fdf7d4135ffac78612351703a854f0e312c8c5260f5baa953,a444bd48ee18b1312925d1b4a65a60282553c0ab6c4231296043bb4f39b68d15
qwen,qwen3_4b,offkd,160,160,18,mlp.up_proj,16,0.01,249037,17491809,24903680,0.7023784838224713,169297,0.0096786444443796,0.9678636671523052,rank32_norm_matched_lowrank_bf16_mask,32,3,0.947735709662142,0.0025417516709778,0.0201279574901632,bf16_merged_minus_base,adapter_merge_quantized_to_bf16,adapter_merge_quantized_to_bf16_in_memory,4a9779bc3b95ef4fdf7d4135ffac78612351703a854f0e312c8c5260f5baa953,b0a576376c49955d387a69c4953c6ef2b49fb4f51e7101f9f730455366c3aba5
qwen,qwen3_4b,offkd,160,160,18,mlp.up_proj,16,0.1,2490368,17491809,24903680,0.7023784838224713,1770244,0.1012041693343438,1.0120416933434386,rank32_norm_matched_lowrank_bf16_mask,32,3,0.9975652319583296,0.0006464455692187,0.014476461385109,bf16_merged_minus_base,adapter_merge_quantized_to_bf16,adapter_merge_quantized_to_bf16_in_memory,4a9779bc3b95ef4fdf7d4135ffac78612351703a854f0e312c8c5260f5baa953,b0a576376c49955d387a69c4953c6ef2b49fb4f51e7101f9f730455366c3aba5
qwen,qwen3_4b,offkd,160,160,18,mlp.up_proj,32,0.01,249037,17491809,24903680,0.7023784838224713,161730,0.0092460419616976,0.9246034536261264,rank32_norm_matched_lowrank_bf16_mask,32,3,0.9105366202005496,0.0021523109254138,0.014066833425577,bf16_merged_minus_base,adapter_merge_quantized_to_bf16,adapter_merge_quantized_to_bf16_in_memory,4a9779bc3b95ef4fdf7d4135ffac78612351703a854f0e312c8c5260f5baa953,b0a576376c49955d387a69c4953c6ef2b49fb4f51e7101f9f730455366c3aba5
qwen,qwen3_4b,offkd,160,160,18,mlp.up_proj,32,0.1,2490368,17491809,24903680,0.7023784838224713,1734354,0.099152351823645,0.99152351823645,rank32_norm_matched_lowrank_bf16_mask,32,3,0.9803653809491828,0.0008549793582337,0.0111581372872673,bf16_merged_minus_base,adapter_merge_quantized_to_bf16,adapter_merge_quantized_to_bf16_in_memory,4a9779bc3b95ef4fdf7d4135ffac78612351703a854f0e312c8c5260f5baa953,b0a576376c49955d387a69c4953c6ef2b49fb4f51e7101f9f730455366c3aba5
qwen,qwen3_4b,offkd,160,160,18,mlp.up_proj,50,0.01,249037,17491809,24903680,0.7023784838224713,155119,0.0088680936317107,0.8868086509802209,rank32_norm_matched_lowrank_bf16_mask,32,3,0.878622339818811,0.0020279817202591,0.0081863111614098,bf16_merged_minus_base,adapter_merge_quantized_to_bf16,adapter_merge_quantized_to_bf16_in_memory,4a9779bc3b95ef4fdf7d4135ffac78612351703a854f0e312c8c5260f5baa953,b0a576376c49955d387a69c4953c6ef2b49fb4f51e7101f9f730455366c3aba5
qwen,qwen3_4b,offkd,160,160,18,mlp.up_proj,50,0.1,2490368,17491809,24903680,0.7023784838224713,1697671,0.0970551988076247,0.9705519880762477,rank32_norm_matched_lowrank_bf16_mask,32,3,0.9633938718833308,0.0007857058869762,0.0071581161929168,bf16_merged_minus_base,adapter_merge_quantized_to_bf16,adapter_merge_quantized_to_bf16_in_memory,4a9779bc3b95ef4fdf7d4135ffac78612351703a854f0e312c8c5260f5baa953,b0a576376c49955d387a69c4953c6ef2b49fb4f51e7101f9f730455366c3aba5
qwen,qwen3_4b,offkd,320,320,18,mlp.up_proj,16,0.01,249037,19243929,24903680,0.7727343509071751,189166,0.0098299053171522,0.9829897422819004,rank32_norm_matched_lowrank_bf16_mask,32,3,0.9618760702429008,0.0008948151395181,0.0211136720389998,bf16_merged_minus_base,adapter_merge_quantized_to_bf16,adapter_merge_quantized_to_bf16_in_memory,4a9779bc3b95ef4fdf7d4135ffac78612351703a854f0e312c8c5260f5baa953,166ffb64bb0b6c1be1031c45b18394617d6cdec117e25e5cf7505a415231d580
qwen,qwen3_4b,offkd,320,320,18,mlp.up_proj,16,0.1,2490368,19243929,24903680,0.7727343509071751,1946370,0.1011420277013077,1.0114202770130778,rank32_norm_matched_lowrank_bf16_mask,32,3,0.997880171718914,0.0005215720087855,0.0135401052941637,bf16_merged_minus_base,adapter_merge_quantized_to_bf16,adapter_merge_quantized_to_bf16_in_memory,4a9779bc3b95ef4fdf7d4135ffac78612351703a854f0e312c8c5260f5baa953,166ffb64bb0b6c1be1031c45b18394617d6cdec117e25e5cf7505a415231d580
qwen,qwen3_4b,offkd,320,320,18,mlp.up_proj,32,0.01,249037,19243929,24903680,0.7727343509071751,183008,0.0095099082936753,0.950990065632968,rank32_norm_matched_lowrank_bf16_mask,32,3,0.9340188580069378,0.0011189202966759,0.0169712076260302,bf16_merged_minus_base,adapter_merge_quantized_to_bf16,adapter_merge_quantized_to_bf16_in_memory,4a9779bc3b95ef4fdf7d4135ffac78612351703a854f0e312c8c5260f5baa953,166ffb64bb0b6c1be1031c45b18394617d6cdec117e25e5cf7505a415231d580
qwen,qwen3_4b,offkd,320,320,18,mlp.up_proj,32,0.1,2490368,19243929,24903680,0.7727343509071751,1917082,0.0996200931732807,0.996200931732808,rank32_norm_matched_lowrank_bf16_mask,32,3,0.9853241787665272,0.0004603008204547,0.0108767529662806,bf16_merged_minus_base,adapter_merge_quantized_to_bf16,adapter_merge_quantized_to_bf16_in_memory,4a9779bc3b95ef4fdf7d4135ffac78612351703a854f0e312c8c5260f5baa953,166ffb64bb0b6c1be1031c45b18394617d6cdec117e25e5cf7505a415231d580
qwen,qwen3_4b,offkd,320,320,18,mlp.up_proj,50,0.01,249037,19243929,24903680,0.7727343509071751,177481,0.009222700832039,0.9222693425347788,rank32_norm_matched_lowrank_bf16_mask,32,3,0.909869120110288,0.0005752917604304,0.012400222424491,bf16_merged_minus_base,adapter_merge_quantized_to_bf16,adapter_merge_quantized_to_bf16_in_memory,4a9779bc3b95ef4fdf7d4135ffac78612351703a854f0e312c8c5260f5baa953,166ffb64bb0b6c1be1031c45b18394617d6cdec117e25e5cf7505a415231d580
qwen,qwen3_4b,offkd,320,320,18,mlp.up_proj,50,0.1,2490368,19243929,24903680,0.7727343509071751,1886922,0.0980528456532966,0.9805284565329668,rank32_norm_matched_lowrank_bf16_mask,32,3,0.972865508685026,0.0006812274644987,0.007662947847941,bf16_merged_minus_base,adapter_merge_quantized_to_bf16,adapter_merge_quantized_to_bf16_in_memory,4a9779bc3b95ef4fdf7d4135ffac78612351703a854f0e312c8c5260f5baa953,166ffb64bb0b6c1be1031c45b18394617d6cdec117e25e5cf7505a415231d580
qwen,qwen3_4b,seqkd,5,5,18,mlp.up_proj,16,0.01,249037,5680968,24903680,0.2281176115337171,48275,0.0084976715235854,0.8497664699160513,rank32_norm_matched_lowrank_bf16_mask,32,3,0.8379723476312133,0.0006284093283219,0.011794122284838,bf16_merged_minus_base,adapter_merge_quantized_to_bf16,adapter_merge_quantized_to_bf16_in_memory,4a9779bc3b95ef4fdf7d4135ffac78612351703a854f0e312c8c5260f5baa953,230fa6f740048e5f1ce8ebc4407b3780d8c6ada641c77d03a6b34fa3e85beffd
qwen,qwen3_4b,seqkd,5,5,18,mlp.up_proj,16,0.1,2490368,5680968,24903680,0.2281176115337171,562901,0.0990854023469239,0.9908540234692396,rank32_norm_matched_lowrank_bf16_mask,32,3,0.9888644682815664,0.000732749980351,0.0019895551876734,bf16_merged_minus_base,adapter_merge_quantized_to_bf16,adapter_merge_quantized_to_bf16_in_memory,4a9779bc3b95ef4fdf7d4135ffac78612351703a854f0e312c8c5260f5baa953,230fa6f740048e5f1ce8ebc4407b3780d8c6ada641c77d03a6b34fa3e85beffd
qwen,qwen3_4b,seqkd,5,5,18,mlp.up_proj,32,0.01,249037,5680968,24903680,0.2281176115337171,41650,0.007331497026563,0.7331491138685352,rank32_norm_matched_lowrank_bf16_mask,32,3,0.7204225686961836,0.0013922264360552,0.0127265451723516,bf16_merged_minus_base,adapter_merge_quantized_to_bf16,adapter_merge_quantized_to_bf16_in_memory,4a9779bc3b95ef4fdf7d4135ffac78612351703a854f0e312c8c5260f5baa953,230fa6f740048e5f1ce8ebc4407b3780d8c6ada641c77d03a6b34fa3e85beffd
qwen,qwen3_4b,seqkd,5,5,18,mlp.up_proj,32,0.1,2490368,5680968,24903680,0.2281176115337171,529473,0.0932011938810428,0.932011938810428,rank32_norm_matched_lowrank_bf16_mask,32,3,0.929465793796776,0.0007795165836729,0.002546145013652,bf16_merged_minus_base,adapter_merge_quantized_to_bf16,adapter_merge_quantized_to_bf16_in_memory,4a9779bc3b95ef4fdf7d4135ffac78612351703a854f0e312c8c5260f5baa953,230fa6f740048e5f1ce8ebc4407b3780d8c6ada641c77d03a6b34fa3e85beffd
qwen,qwen3_4b,seqkd,5,5,18,mlp.up_proj,50,0.01,249037,5680968,24903680,0.2281176115337171,36796,0.0064770651762164,0.64770599745274,rank32_norm_matched_lowrank_bf16_mask,32,3,0.6328775654455073,0.0011233585908034,0.0148284320072327,bf16_merged_minus_base,adapter_merge_quantized_to_bf16,adapter_merge_quantized_to_bf16_in_memory,4a9779bc3b95ef4fdf7d4135ffac78612351703a854f0e312c8c5260f5baa953,230fa6f740048e5f1ce8ebc4407b3780d8c6ada641c77d03a6b34fa3e85beffd
qwen,qwen3_4b,seqkd,5,5,18,mlp.up_proj,50,0.1,2490368,5680968,24903680,0.2281176115337171,499954,0.0880050723749896,0.8800507237498961,rank32_norm_matched_lowrank_bf16_mask,32,3,0.8758824809674608,0.0007861593540145,0.0041682427824353,bf16_merged_minus_base,adapter_merge_quantized_to_bf16,adapter_merge_quantized_to_bf16_in_memory,4a9779bc3b95ef4fdf7d4135ffac78612351703a854f0e312c8c5260f5baa953,230fa6f740048e5f1ce8ebc4407b3780d8c6ada641c77d03a6b34fa3e85beffd
qwen,qwen3_4b,seqkd,20,20,18,mlp.up_proj,16,0.01,249037,11013941,24903680,0.4422615854363692,101564,0.0092214040369382,0.9221396631288484,rank32_norm_matched_lowrank_bf16_mask,32,3,0.8912459209920024,0.0037779991345647,0.030893742136846,bf16_merged_minus_base,adapter_merge_quantized_to_bf16,adapter_merge_quantized_to_bf16_in_memory,4a9779bc3b95ef4fdf7d4135ffac78612351703a854f0e312c8c5260f5baa953,d6d588bacdb5dea7f0c8ce23e4ee40e933771657eb5d6c646840d795365ef1c5
qwen,qwen3_4b,seqkd,20,20,18,mlp.up_proj,16,0.1,2490368,11013941,24903680,0.4422615854363692,1108365,0.1006329160470353,1.0063291604703528,rank32_norm_matched_lowrank_bf16_mask,32,3,0.994792896849476,0.0017602536491142,0.0115362636208768,bf16_merged_minus_base,adapter_merge_quantized_to_bf16,adapter_merge_quantized_to_bf16_in_memory,4a9779bc3b95ef4fdf7d4135ffac78612351703a854f0e312c8c5260f5baa953,d6d588bacdb5dea7f0c8ce23e4ee40e933771657eb5d6c646840d795365ef1c5
qwen,qwen3_4b,seqkd,20,20,18,mlp.up_proj,32,0.01,249037,11013941,24903680,0.4422615854363692,91664,0.0083225432204512,0.8322536536670746,rank32_norm_matched_lowrank_bf16_mask,32,3,0.8136669120589476,0.0053950494997249,0.018586741608127,bf16_merged_minus_base,adapter_merge_quantized_to_bf16,adapter_merge_quantized_to_bf16_in_memory,4a9779bc3b95ef4fdf7d4135ffac78612351703a854f0e312c8c5260f5baa953,d6d588bacdb5dea7f0c8ce23e4ee40e933771657eb5d6c646840d795365ef1c5
qwen,qwen3_4b,seqkd,20,20,18,mlp.up_proj,32,0.1,2490368,11013941,24903680,0.4422615854363692,1062296,0.0964501262536271,0.964501262536271,rank32_norm_matched_lowrank_bf16_mask,32,3,0.956438563635256,0.001427718096856,0.0080626989010148,bf16_merged_minus_base,adapter_merge_quantized_to_bf16,adapter_merge_quantized_to_bf16_in_memory,4a9779bc3b95ef4fdf7d4135ffac78612351703a854f0e312c8c5260f5baa953,d6d588bacdb5dea7f0c8ce23e4ee40e933771657eb5d6c646840d795365ef1c5
qwen,qwen3_4b,seqkd,20,20,18,mlp.up_proj,50,0.01,249037,11013941,24903680,0.4422615854363692,83736,0.0076027282150866,0.7602722109384945,rank32_norm_matched_lowrank_bf16_mask,32,3,0.74838102870582,0.0048349464592837,0.0118911822326744,bf16_merged_minus_base,adapter_merge_quantized_to_bf16,adapter_merge_quantized_to_bf16_in_memory,4a9779bc3b95ef4fdf7d4135ffac78612351703a854f0e312c8c5260f5baa953,d6d588bacdb5dea7f0c8ce23e4ee40e933771657eb5d6c646840d795365ef1c5
qwen,qwen3_4b,seqkd,20,20,18,mlp.up_proj,50,0.1,2490368,11013941,24903680,0.4422615854363692,1018239,0.092450014032216,0.9245001403221608,rank32_norm_matched_lowrank_bf16_mask,32,3,0.9205941613065588,0.0015903268281916,0.003905979015602,bf16_merged_minus_base,adapter_merge_quantized_to_bf16,adapter_merge_quantized_to_bf16_in_memory,4a9779bc3b95ef4fdf7d4135ffac78612351703a854f0e312c8c5260f5baa953,d6d588bacdb5dea7f0c8ce23e4ee40e933771657eb5d6c646840d795365ef1c5
qwen,qwen3_4b,seqkd,40,40,18,mlp.up_proj,16,0.01,249037,13490554,24903680,0.5417092574270148,126625,0.0093861971865647,0.938618964857066,rank32_norm_matched_lowrank_bf16_mask,32,3,0.91968705571154,0.0027939424413792,0.0189319091455258,bf16_merged_minus_base,adapter_merge_quantized_to_bf16,adapter_merge_quantized_to_bf16_in_memory,4a9779bc3b95ef4fdf7d4135ffac78612351703a854f0e312c8c5260f5baa953,f3140f6348731d81e7372437b2900d45721302cef3c3d507594d50978ee5c09a
qwen,qwen3_4b,seqkd,40,40,18,mlp.up_proj,16,0.1,2490368,13490554,24903680,0.5417092574270148,1358551,0.1007038702784185,1.0070387027841852,rank32_norm_matched_lowrank_bf16_mask,32,3,0.9973065232742216,0.0010420046184605,0.0097321795099635,bf16_merged_minus_base,adapter_merge_quantized_to_bf16,adapter_merge_quantized_to_bf16_in_memory,4a9779bc3b95ef4fdf7d4135ffac78612351703a854f0e312c8c5260f5baa953,f3140f6348731d81e7372437b2900d45721302cef3c3d507594d50978ee5c09a
qwen,qwen3_4b,seqkd,40,40,18,mlp.up_proj,32,0.01,249037,13490554,24903680,0.5417092574270148,116804,0.0086582063271827,0.8658199373833345,rank32_norm_matched_lowrank_bf16_mask,32,3,0.8573996286260002,0.0016856609741296,0.0084203087573343,bf16_merged_minus_base,adapter_merge_quantized_to_bf16,adapter_merge_quantized_to_bf16_in_memory,4a9779bc3b95ef4fdf7d4135ffac78612351703a854f0e312c8c5260f5baa953,f3140f6348731d81e7372437b2900d45721302cef3c3d507594d50978ee5c09a
qwen,qwen3_4b,seqkd,40,40,18,mlp.up_proj,32,0.1,2490368,13490554,24903680,0.5417092574270148,1312531,0.0972925945072381,0.9729259450723818,rank32_norm_matched_lowrank_bf16_mask,32,3,0.9674862719315088,0.0006298381792296,0.0054396731408729,bf16_merged_minus_base,adapter_merge_quantized_to_bf16,adapter_merge_quantized_to_bf16_in_memory,4a9779bc3b95ef4fdf7d4135ffac78612351703a854f0e312c8c5260f5baa953,f3140f6348731d81e7372437b2900d45721302cef3c3d507594d50978ee5c09a
qwen,qwen3_4b,seqkd,40,40,18,mlp.up_proj,50,0.01,249037,13490554,24903680,0.5417092574270148,108766,0.0080623820193003,0.8062375544453595,rank32_norm_matched_lowrank_bf16_mask,32,3,0.8044871934426805,0.0023608648882259,0.001750361002679,bf16_merged_minus_base,adapter_merge_quantized_to_bf16,adapter_merge_quantized_to_bf16_in_memory,4a9779bc3b95ef4fdf7d4135ffac78612351703a854f0e312c8c5260f5baa953,f3140f6348731d81e7372437b2900d45721302cef3c3d507594d50978ee5c09a
qwen,qwen3_4b,seqkd,40,40,18,mlp.up_proj,50,0.1,2490368,13490554,24903680,0.5417092574270148,1269565,0.0941076993576394,0.9410769935763944,rank32_norm_matched_lowrank_bf16_mask,32,3,0.9392627130529928,0.000647139072358,0.0018142805234013,bf16_merged_minus_base,adapter_merge_quantized_to_bf16,adapter_merge_quantized_to_bf16_in_memory,4a9779bc3b95ef4fdf7d4135ffac78612351703a854f0e312c8c5260f5baa953,f3140f6348731d81e7372437b2900d45721302cef3c3d507594d50978ee5c09a
qwen,qwen3_4b,seqkd,80,80,18,mlp.up_proj,16,0.01,249037,15613509,24903680,0.6269558956748561,148495,0.0095106743781939,0.951066674023298,rank32_norm_matched_lowrank_bf16_mask,32,3,0.9377768185785668,0.001391808263333,0.0132898554447312,bf16_merged_minus_base,adapter_merge_quantized_to_bf16,adapter_merge_quantized_to_bf16_in_memory,4a9779bc3b95ef4fdf7d4135ffac78612351703a854f0e312c8c5260f5baa953,e1134b4b6aa95cba431e091dd2a7e4652438ab717e42fdc22b3dfb1038e0e18c
qwen,qwen3_4b,seqkd,80,80,18,mlp.up_proj,16,0.1,2490368,15613509,24903680,0.6269558956748561,1575390,0.1008991636665403,1.008991636665403,rank32_norm_matched_lowrank_bf16_mask,32,3,0.9979079590792828,0.0006620246449208,0.0110836775861201,bf16_merged_minus_base,adapter_merge_quantized_to_bf16,adapter_merge_quantized_to_bf16_in_memory,4a9779bc3b95ef4fdf7d4135ffac78612351703a854f0e312c8c5260f5baa953,e1134b4b6aa95cba431e091dd2a7e4652438ab717e42fdc22b3dfb1038e0e18c
qwen,qwen3_4b,seqkd,80,80,18,mlp.up_proj,32,0.01,249037,15613509,24903680,0.6269558956748561,139634,0.0089431530093587,0.8943145827170558,rank32_norm_matched_lowrank_bf16_mask,32,3,0.8888947817345155,0.0014570360471675,0.0054198009825402,bf16_merged_minus_base,adapter_merge_quantized_to_bf16,adapter_merge_quantized_to_bf16_in_memory,4a9779bc3b95ef4fdf7d4135ffac78612351703a854f0e312c8c5260f5baa953,e1134b4b6aa95cba431e091dd2a7e4652438ab717e42fdc22b3dfb1038e0e18c
qwen,qwen3_4b,seqkd,80,80,18,mlp.up_proj,32,0.1,2490368,15613509,24903680,0.6269558956748561,1532837,0.0981737673446756,0.981737673446757,rank32_norm_matched_lowrank_bf16_mask,32,3,0.974952158724276,0.0007230843968417,0.0067855147224809,bf16_merged_minus_base,adapter_merge_quantized_to_bf16,adapter_merge_quantized_to_bf16_in_memory,4a9779bc3b95ef4fdf7d4135ffac78612351703a854f0e312c8c5260f5baa953,e1134b4b6aa95cba431e091dd2a7e4652438ab717e42fdc22b3dfb1038e0e18c
qwen,qwen3_4b,seqkd,80,80,18,mlp.up_proj,50,0.01,249037,15613509,24903680,0.6269558956748561,132466,0.0084840633838299,0.8484056570333695,rank32_norm_matched_lowrank_bf16_mask,32,3,0.8469802801923864,0.0015520472399964,0.001425376840983,bf16_merged_minus_base,adapter_merge_quantized_to_bf16,adapter_merge_quantized_to_bf16_in_memory,4a9779bc3b95ef4fdf7d4135ffac78612351703a854f0e312c8c5260f5baa953,e1134b4b6aa95cba431e091dd2a7e4652438ab717e42fdc22b3dfb1038e0e18c
qwen,qwen3_4b,seqkd,80,80,18,mlp.up_proj,50,0.1,2490368,15613509,24903680,0.6269558956748561,1492899,0.0956158541939547,0.9561585419395474,rank32_norm_matched_lowrank_bf16_mask,32,3,0.9527439779528896,0.0003811256162506,0.0034145639866578,bf16_merged_minus_base,adapter_merge_quantized_to_bf16,adapter_merge_quantized_to_bf16_in_memory,4a9779bc3b95ef4fdf7d4135ffac78612351703a854f0e312c8c5260f5baa953,e1134b4b6aa95cba431e091dd2a7e4652438ab717e42fdc22b3dfb1038e0e18c
qwen,qwen3_4b,seqkd,160,160,18,mlp.up_proj,16,0.01,249037,17459741,24903680,0.7010908026444285,168035,0.009624140472645,0.9624132743560228,rank32_norm_matched_lowrank_bf16_mask,32,3,0.9476069289838592,0.0001874475975981,0.0148063453721637,bf16_merged_minus_base,adapter_merge_quantized_to_bf16,adapter_merge_quantized_to_bf16_in_memory,4a9779bc3b95ef4fdf7d4135ffac78612351703a854f0e312c8c5260f5baa953,9a425aaa00c79a38cda8321881245e6ce2e1053c4b29c176b0597ff006b73a6b
qwen,qwen3_4b,seqkd,160,160,18,mlp.up_proj,16,0.1,2490368,17459741,24903680,0.7010908026444285,1762461,0.1009442809031359,1.0094428090313596,rank32_norm_matched_lowrank_bf16_mask,32,3,0.9974549850791492,0.0009026653121537,0.0119878239522105,bf16_merged_minus_base,adapter_merge_quantized_to_bf16,adapter_merge_quantized_to_bf16_in_memory,4a9779bc3b95ef4fdf7d4135ffac78612351703a854f0e312c8c5260f5baa953,9a425aaa00c79a38cda8321881245e6ce2e1053c4b29c176b0597ff006b73a6b
qwen,qwen3_4b,seqkd,160,160,18,mlp.up_proj,32,0.01,249037,17459741,24903680,0.7010908026444285,160377,0.0091855314463141,0.9185524069473376,rank32_norm_matched_lowrank_bf16_mask,32,3,0.909815523697798,0.0016360209854682,0.0087368832495395,bf16_merged_minus_base,adapter_merge_quantized_to_bf16,adapter_merge_quantized_to_bf16_in_memory,4a9779bc3b95ef4fdf7d4135ffac78612351703a854f0e312c8c5260f5baa953,9a425aaa00c79a38cda8321881245e6ce2e1053c4b29c176b0597ff006b73a6b
qwen,qwen3_4b,seqkd,160,160,18,mlp.up_proj,32,0.1,2490368,17459741,24903680,0.7010908026444285,1726132,0.0988635512978113,0.9886355129781136,rank32_norm_matched_lowrank_bf16_mask,32,3,0.9794160296086252,0.0008143641230205,0.0092194833694884,bf16_merged_minus_base,adapter_merge_quantized_to_bf16,adapter_merge_quantized_to_bf16_in_memory,4a9779bc3b95ef4fdf7d4135ffac78612351703a854f0e312c8c5260f5baa953,9a425aaa00c79a38cda8321881245e6ce2e1053c4b29c176b0597ff006b73a6b
qwen,qwen3_4b,seqkd,160,160,18,mlp.up_proj,50,0.01,249037,17459741,24903680,0.7010908026444285,153920,0.0088157092364657,0.8815702156626836,rank32_norm_matched_lowrank_bf16_mask,32,3,0.8773986138274462,0.0008562637772451,0.0041716018352373,bf16_merged_minus_base,adapter_merge_quantized_to_bf16,adapter_merge_quantized_to_bf16_in_memory,4a9779bc3b95ef4fdf7d4135ffac78612351703a854f0e312c8c5260f5baa953,9a425aaa00c79a38cda8321881245e6ce2e1053c4b29c176b0597ff006b73a6b
qwen,qwen3_4b,seqkd,160,160,18,mlp.up_proj,50,0.1,2490368,17459741,24903680,0.7010908026444285,1689280,0.0967528670671575,0.9675286706715752,rank32_norm_matched_lowrank_bf16_mask,32,3,0.9624870792884522,0.0004171418096728,0.0050415913831229,bf16_merged_minus_base,adapter_merge_quantized_to_bf16,adapter_merge_quantized_to_bf16_in_memory,4a9779bc3b95ef4fdf7d4135ffac78612351703a854f0e312c8c5260f5baa953,9a425aaa00c79a38cda8321881245e6ce2e1053c4b29c176b0597ff006b73a6b
qwen,qwen3_4b,seqkd,320,320,18,mlp.up_proj,16,0.01,249037,19151496,24903680,0.7690227307771381,187046,0.0097666521717154,0.9766644328180428,rank32_norm_matched_lowrank_bf16_mask,32,3,0.962745219585224,0.0012037353180079,0.0139192132328187,bf16_merged_minus_base,adapter_merge_quantized_to_bf16,adapter_merge_quantized_to_bf16_in_memory,4a9779bc3b95ef4fdf7d4135ffac78612351703a854f0e312c8c5260f5baa953,6e16aa175bf6cd61f74f7d0dde7bcfe1e16cf05887b21bb3bf836d80819fe72b
qwen,qwen3_4b,seqkd,320,320,18,mlp.up_proj,16,0.1,2490368,19151496,24903680,0.7690227307771381,1932680,0.100915354079911,1.0091535407991103,rank32_norm_matched_lowrank_bf16_mask,32,3,0.9981643451292452,0.0004296423653173,0.0109891956698651,bf16_merged_minus_base,adapter_merge_quantized_to_bf16,adapter_merge_quantized_to_bf16_in_memory,4a9779bc3b95ef4fdf7d4135ffac78612351703a854f0e312c8c5260f5baa953,6e16aa175bf6cd61f74f7d0dde7bcfe1e16cf05887b21bb3bf836d80819fe72b
qwen,qwen3_4b,seqkd,320,320,18,mlp.up_proj,32,0.01,249037,19151496,24903680,0.7690227307771381,180783,0.0094396281105141,0.9439620529610055,rank32_norm_matched_lowrank_bf16_mask,32,3,0.9334555371542148,0.0012327383858973,0.0105065158067907,bf16_merged_minus_base,adapter_merge_quantized_to_bf16,adapter_merge_quantized_to_bf16_in_memory,4a9779bc3b95ef4fdf7d4135ffac78612351703a854f0e312c8c5260f5baa953,6e16aa175bf6cd61f74f7d0dde7bcfe1e16cf05887b21bb3bf836d80819fe72b
qwen,qwen3_4b,seqkd,320,320,18,mlp.up_proj,32,0.1,2490368,19151496,24903680,0.7690227307771381,1904254,0.0994310836082988,0.994310836082988,rank32_norm_matched_lowrank_bf16_mask,32,3,0.9851193925436188,0.0005853794180679,0.009191443539369,bf16_merged_minus_base,adapter_merge_quantized_to_bf16,adapter_merge_quantized_to_bf16_in_memory,4a9779bc3b95ef4fdf7d4135ffac78612351703a854f0e312c8c5260f5baa953,6e16aa175bf6cd61f74f7d0dde7bcfe1e16cf05887b21bb3bf836d80819fe72b
qwen,qwen3_4b,seqkd,320,320,18,mlp.up_proj,50,0.01,249037,19151496,24903680,0.7690227307771381,175139,0.0091449252841657,0.9144917939935588,rank32_norm_matched_lowrank_bf16_mask,32,3,0.9087907899152722,0.0014782640699442,0.0057010040782866,bf16_merged_minus_base,adapter_merge_quantized_to_bf16,adapter_merge_quantized_to_bf16_in_memory,4a9779bc3b95ef4fdf7d4135ffac78612351703a854f0e312c8c5260f5baa953,6e16aa175bf6cd61f74f7d0dde7bcfe1e16cf05887b21bb3bf836d80819fe72b
qwen,qwen3_4b,seqkd,320,320,18,mlp.up_proj,50,0.1,2490368,19151496,24903680,0.7690227307771381,1873626,0.0978318351736073,0.9783183517360732,rank32_norm_matched_lowrank_bf16_mask,32,3,0.9722405938800488,0.0004763053183666,0.0060777578560243,bf16_merged_minus_base,adapter_merge_quantized_to_bf16,adapter_merge_quantized_to_bf16_in_memory,4a9779bc3b95ef4fdf7d4135ffac78612351703a854f0e312c8c5260f5baa953,6e16aa175bf6cd61f74f7d0dde7bcfe1e16cf05887b21bb3bf836d80819fe72b
qwen,qwen3_4b,opd,5,5,18,mlp.down_proj,16,0.01,249037,2972560,24903680,0.1193622789884868,18285,0.0061512635573377,0.6151258617297903,rank32_norm_matched_lowrank_bf16_mask,32,3,0.6207265879939948,0.002468566317684,-0.0056007262642044,bf16_merged_minus_base,saved_merged_bf16,saved_merged_bf16,8659259cc1d3b78758a7a03914bf79471355c78ca8addfde173fef89e1f03c0c,0c4d32939019366d54047d88560d9c1d6a8d813073b7445b417299c83819ea97
qwen,qwen3_4b,opd,5,5,18,mlp.down_proj,16,0.1,2490368,2972560,24903680,0.1193622789884868,266145,0.0895339370778049,0.8953393707780499,rank32_norm_matched_lowrank_bf16_mask,32,3,0.9004995689565468,0.001551280725904,-0.0051601981784968,bf16_merged_minus_base,saved_merged_bf16,saved_merged_bf16,8659259cc1d3b78758a7a03914bf79471355c78ca8addfde173fef89e1f03c0c,0c4d32939019366d54047d88560d9c1d6a8d813073b7445b417299c83819ea97
qwen,qwen3_4b,opd,5,5,18,mlp.down_proj,32,0.01,249037,2972560,24903680,0.1193622789884868,15718,0.005287698145706,0.5287693899189961,rank32_norm_matched_lowrank_bf16_mask,32,3,0.5344862995334982,0.0037138998814995,-0.0057169096145021,bf16_merged_minus_base,saved_merged_bf16,saved_merged_bf16,8659259cc1d3b78758a7a03914bf79471355c78ca8addfde173fef89e1f03c0c,0c4d32939019366d54047d88560d9c1d6a8d813073b7445b417299c83819ea97
qwen,qwen3_4b,opd,5,5,18,mlp.down_proj,32,0.1,2490368,2972560,24903680,0.1193622789884868,248747,0.0836810695158382,0.836810695158382,rank32_norm_matched_lowrank_bf16_mask,32,3,0.8390569870241068,0.0008774702364542,-0.0022462918657247,bf16_merged_minus_base,saved_merged_bf16,saved_merged_bf16,8659259cc1d3b78758a7a03914bf79471355c78ca8addfde173fef89e1f03c0c,0c4d32939019366d54047d88560d9c1d6a8d813073b7445b417299c83819ea97
qwen,qwen3_4b,opd,5,5,18,mlp.down_proj,50,0.01,249037,2972560,24903680,0.1193622789884868,14059,0.0047295933471485,0.4729589548842834,rank32_norm_matched_lowrank_bf16_mask,32,3,0.4742224879822435,0.0008455134941165,-0.00126353309796,bf16_merged_minus_base,saved_merged_bf16,saved_merged_bf16,8659259cc1d3b78758a7a03914bf79471355c78ca8addfde173fef89e1f03c0c,0c4d32939019366d54047d88560d9c1d6a8d813073b7445b417299c83819ea97
qwen,qwen3_4b,opd,5,5,18,mlp.down_proj,50,0.1,2490368,2972560,24903680,0.1193622789884868,234472,0.0788788115294561,0.7887881152945609,rank32_norm_matched_lowrank_bf16_mask,32,3,0.7896136098867489,0.0008040488585999,-0.0008254945921879,bf16_merged_minus_base,saved_merged_bf16,saved_merged_bf16,8659259cc1d3b78758a7a03914bf79471355c78ca8addfde173fef89e1f03c0c,0c4d32939019366d54047d88560d9c1d6a8d813073b7445b417299c83819ea97
qwen,qwen3_4b,opd,20,20,18,mlp.down_proj,16,0.01,249037,8240252,24903680,0.3308849133943256,56770,0.0068893524130087,0.6889346880214475,rank32_norm_matched_lowrank_bf16_mask,32,3,0.6889746016821228,0.0039230012968079,-3.991366067523927e-05,bf16_merged_minus_base,saved_merged_bf16,saved_merged_bf16,8659259cc1d3b78758a7a03914bf79471355c78ca8addfde173fef89e1f03c0c,9f5df6606206569a27ba5b71392fa701379e0e7595cd84dee5cfcc8246d4ac82
qwen,qwen3_4b,opd,20,20,18,mlp.down_proj,16,0.1,2490368,8240252,24903680,0.3308849133943256,755449,0.0916779001418888,0.9167790014188888,rank32_norm_matched_lowrank_bf16_mask,32,3,0.9224544321250928,0.0014805722649967,-0.005675430706204,bf16_merged_minus_base,saved_merged_bf16,saved_merged_bf16,8659259cc1d3b78758a7a03914bf79471355c78ca8addfde173fef89e1f03c0c,9f5df6606206569a27ba5b71392fa701379e0e7595cd84dee5cfcc8246d4ac82
qwen,qwen3_4b,opd,20,20,18,mlp.down_proj,32,0.01,249037,8240252,24903680,0.3308849133943256,50180,0.0060896195893038,0.6089614698769814,rank32_norm_matched_lowrank_bf16_mask,32,3,0.6122752868971116,0.0032168940991568,-0.0033138170201302,bf16_merged_minus_base,saved_merged_bf16,saved_merged_bf16,8659259cc1d3b78758a7a03914bf79471355c78ca8addfde173fef89e1f03c0c,9f5df6606206569a27ba5b71392fa701379e0e7595cd84dee5cfcc8246d4ac82
qwen,qwen3_4b,opd,20,20,18,mlp.down_proj,32,0.1,2490368,8240252,24903680,0.3308849133943256,715922,0.0868810808213146,0.8688108082131469,rank32_norm_matched_lowrank_bf16_mask,32,3,0.8760168559857499,0.0018695106310265,-0.0072060477726029,bf16_merged_minus_base,saved_merged_bf16,saved_merged_bf16,8659259cc1d3b78758a7a03914bf79471355c78ca8addfde173fef89e1f03c0c,9f5df6606206569a27ba5b71392fa701379e0e7595cd84dee5cfcc8246d4ac82
qwen,qwen3_4b,opd,20,20,18,mlp.down_proj,50,0.01,249037,8240252,24903680,0.3308849133943256,45430,0.0055131809075741,0.5513176479974345,rank32_norm_matched_lowrank_bf16_mask,32,3,0.5543013419175596,0.0029281843087698,-0.002983693920125,bf16_merged_minus_base,saved_merged_bf16,saved_merged_bf16,8659259cc1d3b78758a7a03914bf79471355c78ca8addfde173fef89e1f03c0c,9f5df6606206569a27ba5b71392fa701379e0e7595cd84dee5cfcc8246d4ac82
qwen,qwen3_4b,opd,20,20,18,mlp.down_proj,50,0.1,2490368,8240252,24903680,0.3308849133943256,683175,0.0829070518717146,0.8290705187171461,rank32_norm_matched_lowrank_bf16_mask,32,3,0.8356245572876234,0.0012824004373446,-0.0065540385704773,bf16_merged_minus_base,saved_merged_bf16,saved_merged_bf16,8659259cc1d3b78758a7a03914bf79471355c78ca8addfde173fef89e1f03c0c,9f5df6606206569a27ba5b71392fa701379e0e7595cd84dee5cfcc8246d4ac82
qwen,qwen3_4b,opd,40,40,18,mlp.down_proj,16,0.01,249037,10048209,24903680,0.4034828989129317,74625,0.007426696638177,0.7426690673845096,rank32_norm_matched_lowrank_bf16_mask,32,3,0.7355635268003327,0.0077297495671853,0.0071055405841768,bf16_merged_minus_base,saved_merged_bf16,saved_merged_bf16,8659259cc1d3b78758a7a03914bf79471355c78ca8addfde173fef89e1f03c0c,9e2cd1b535e6751f24053d4572e8fb121484d812b6c6f9f09c7a25df47330638
qwen,qwen3_4b,opd,40,40,18,mlp.down_proj,16,0.1,2490368,10048209,24903680,0.4034828989129317,939872,0.0935362709911786,0.9353627099117864,rank32_norm_matched_lowrank_bf16_mask,32,3,0.937869287967164,0.0030565376876559,-0.0025065780553777,bf16_merged_minus_base,saved_merged_bf16,saved_merged_bf16,8659259cc1d3b78758a7a03914bf79471355c78ca8addfde173fef89e1f03c0c,9e2cd1b535e6751f24053d4572e8fb121484d812b6c6f9f09c7a25df47330638
qwen,qwen3_4b,opd,40,40,18,mlp.down_proj,32,0.01,249037,10048209,24903680,0.4034828989129317,67363,0.0067039807790622,0.6703975395138723,rank32_norm_matched_lowrank_bf16_mask,32,3,0.6665304227859292,0.0053652607909155,0.003867116727943,bf16_merged_minus_base,saved_merged_bf16,saved_merged_bf16,8659259cc1d3b78758a7a03914bf79471355c78ca8addfde173fef89e1f03c0c,9e2cd1b535e6751f24053d4572e8fb121484d812b6c6f9f09c7a25df47330638
qwen,qwen3_4b,opd,40,40,18,mlp.down_proj,32,0.1,2490368,10048209,24903680,0.4034828989129317,896429,0.0892128139452513,0.8921281394525133,rank32_norm_matched_lowrank_bf16_mask,32,3,0.8976904542325631,0.0019311099674463,-0.0055623147800497,bf16_merged_minus_base,saved_merged_bf16,saved_merged_bf16,8659259cc1d3b78758a7a03914bf79471355c78ca8addfde173fef89e1f03c0c,9e2cd1b535e6751f24053d4572e8fb121484d812b6c6f9f09c7a25df47330638
qwen,qwen3_4b,opd,40,40,18,mlp.down_proj,50,0.01,249037,10048209,24903680,0.4034828989129317,62033,0.0061735379907006,0.6173533032772299,rank32_norm_matched_lowrank_bf16_mask,32,3,0.6120838145826838,0.0041582746676081,0.0052694886945461,bf16_merged_minus_base,saved_merged_bf16,saved_merged_bf16,8659259cc1d3b78758a7a03914bf79471355c78ca8addfde173fef89e1f03c0c,9e2cd1b535e6751f24053d4572e8fb121484d812b6c6f9f09c7a25df47330638
qwen,qwen3_4b,opd,40,40,18,mlp.down_proj,50,0.1,2490368,10048209,24903680,0.4034828989129317,863122,0.0858980938792176,0.8589809387921767,rank32_norm_matched_lowrank_bf16_mask,32,3,0.8625535194685128,0.0013395803529311,-0.003572580676336,bf16_merged_minus_base,saved_merged_bf16,saved_merged_bf16,8659259cc1d3b78758a7a03914bf79471355c78ca8addfde173fef89e1f03c0c,9e2cd1b535e6751f24053d4572e8fb121484d812b6c6f9f09c7a25df47330638
qwen,qwen3_4b,opd,80,80,18,mlp.down_proj,16,0.01,249037,10699451,24903680,0.4296333312988281,79206,0.0074028097329479,0.7402803787799482,rank32_norm_matched_lowrank_bf16_mask,32,3,0.7529601493681631,0.0028821645538757,-0.0126797705882149,bf16_merged_minus_base,saved_merged_bf16,saved_merged_bf16,8659259cc1d3b78758a7a03914bf79471355c78ca8addfde173fef89e1f03c0c,4194899092c8bd3986bf4eb2261513a1bb34a3e69d4a1de535bf1aff81fa5ff5
qwen,qwen3_4b,opd,80,80,18,mlp.down_proj,16,0.1,2490368,10699451,24903680,0.4296333312988281,999367,0.093403577435889,0.93403577435889,rank32_norm_matched_lowrank_bf16_mask,32,3,0.9421026218394052,0.0006512629845686,-0.0080668474805151,bf16_merged_minus_base,saved_merged_bf16,saved_merged_bf16,8659259cc1d3b78758a7a03914bf79471355c78ca8addfde173fef89e1f03c0c,4194899092c8bd3986bf4eb2261513a1bb34a3e69d4a1de535bf1aff81fa5ff5
qwen,qwen3_4b,opd,80,80,18,mlp.down_proj,32,0.01,249037,10699451,24903680,0.4296333312988281,71884,0.006718475555428,0.6718470159863874,rank32_norm_matched_lowrank_bf16_mask,32,3,0.686111480917758,0.00258489430644,-0.0142644649313705,bf16_merged_minus_base,saved_merged_bf16,saved_merged_bf16,8659259cc1d3b78758a7a03914bf79471355c78ca8addfde173fef89e1f03c0c,4194899092c8bd3986bf4eb2261513a1bb34a3e69d4a1de535bf1aff81fa5ff5
qwen,qwen3_4b,opd,80,80,18,mlp.down_proj,32,0.1,2490368,10699451,24903680,0.4296333312988281,956416,0.0893892593180715,0.8938925931807155,rank32_norm_matched_lowrank_bf16_mask,32,3,0.9050597118064068,0.0008383693661191,-0.0111671186256914,bf16_merged_minus_base,saved_merged_bf16,saved_merged_bf16,8659259cc1d3b78758a7a03914bf79471355c78ca8addfde173fef89e1f03c0c,4194899092c8bd3986bf4eb2261513a1bb34a3e69d4a1de535bf1aff81fa5ff5
qwen,qwen3_4b,opd,80,80,18,mlp.down_proj,50,0.01,249037,10699451,24903680,0.4296333312988281,66512,0.0062163937196403,0.6216388727294891,rank32_norm_matched_lowrank_bf16_mask,32,3,0.6349776950496596,0.0014076692165657,-0.0133388223201704,bf16_merged_minus_base,saved_merged_bf16,saved_merged_bf16,8659259cc1d3b78758a7a03914bf79471355c78ca8addfde173fef89e1f03c0c,4194899092c8bd3986bf4eb2261513a1bb34a3e69d4a1de535bf1aff81fa5ff5
qwen,qwen3_4b,opd,80,80,18,mlp.down_proj,50,0.1,2490368,10699451,24903680,0.4296333312988281,923336,0.0862975119003769,0.8629751190037693,rank32_norm_matched_lowrank_bf16_mask,32,3,0.8723953349601471,0.0009426576250017,-0.0094202159563777,bf16_merged_minus_base,saved_merged_bf16,saved_merged_bf16,8659259cc1d3b78758a7a03914bf79471355c78ca8addfde173fef89e1f03c0c,4194899092c8bd3986bf4eb2261513a1bb34a3e69d4a1de535bf1aff81fa5ff5
qwen,qwen3_4b,opd,160,160,18,mlp.down_proj,16,0.01,249037,11667667,24903680,0.4685117621170847,90162,0.007727508849884,0.7727502643971789,rank32_norm_matched_lowrank_bf16_mask,32,3,0.7702827790361075,0.0003347663766644,0.0024674853610713,bf16_merged_minus_base,saved_merged_bf16,saved_merged_bf16,8659259cc1d3b78758a7a03914bf79471355c78ca8addfde173fef89e1f03c0c,f2ce196e5a47581476b59291f6dad649c96b8a314cc8bca3b22572dfc2c0eac4
qwen,qwen3_4b,opd,160,160,18,mlp.down_proj,16,0.1,2490368,11667667,24903680,0.4685117621170847,1105411,0.0947413908881698,0.9474139088816984,rank32_norm_matched_lowrank_bf16_mask,32,3,0.9464033063859754,0.0003618303848133,0.0010106024957231,bf16_merged_minus_base,saved_merged_bf16,saved_merged_bf16,8659259cc1d3b78758a7a03914bf79471355c78ca8addfde173fef89e1f03c0c,f2ce196e5a47581476b59291f6dad649c96b8a314cc8bca3b22572dfc2c0eac4
qwen,qwen3_4b,opd,160,160,18,mlp.down_proj,32,0.01,249037,11667667,24903680,0.4685117621170847,82287,0.0070525667213505,0.7052561057479942,rank32_norm_matched_lowrank_bf16_mask,32,3,0.7084851004960232,0.0005588897916049,-0.0032289947480289,bf16_merged_minus_base,saved_merged_bf16,saved_merged_bf16,8659259cc1d3b78758a7a03914bf79471355c78ca8addfde173fef89e1f03c0c,f2ce196e5a47581476b59291f6dad649c96b8a314cc8bca3b22572dfc2c0eac4
qwen,qwen3_4b,opd,160,160,18,mlp.down_proj,32,0.1,2490368,11667667,24903680,0.4685117621170847,1058101,0.0906865957007515,0.9068659570075148,rank32_norm_matched_lowrank_bf16_mask,32,3,0.9119917506550684,0.0003804337548734,-0.0051257936475533,bf16_merged_minus_base,saved_merged_bf16,saved_merged_bf16,8659259cc1d3b78758a7a03914bf79471355c78ca8addfde173fef89e1f03c0c,f2ce196e5a47581476b59291f6dad649c96b8a314cc8bca3b22572dfc2c0eac4
qwen,qwen3_4b,opd,160,160,18,mlp.down_proj,50,0.01,249037,11667667,24903680,0.4685117621170847,76536,0.0065596661269129,0.6559660858887612,rank32_norm_matched_lowrank_bf16_mask,32,3,0.65895682444605,0.001138803833447,-0.0029907385572888,bf16_merged_minus_base,saved_merged_bf16,saved_merged_bf16,8659259cc1d3b78758a7a03914bf79471355c78ca8addfde173fef89e1f03c0c,f2ce196e5a47581476b59291f6dad649c96b8a314cc8bca3b22572dfc2c0eac4
qwen,qwen3_4b,opd,160,160,18,mlp.down_proj,50,0.1,2490368,11667667,24903680,0.4685117621170847,1023045,0.0876820533187997,0.8768205331879972,rank32_norm_matched_lowrank_bf16_mask,32,3,0.8818097984838328,0.0001567989328538,-0.0049892652958355,bf16_merged_minus_base,saved_merged_bf16,saved_merged_bf16,8659259cc1d3b78758a7a03914bf79471355c78ca8addfde173fef89e1f03c0c,f2ce196e5a47581476b59291f6dad649c96b8a314cc8bca3b22572dfc2c0eac4
qwen,qwen3_4b,opd,320,320,18,mlp.down_proj,16,0.01,249037,13891426,24903680,0.5578061555561267,113966,0.0082040533491666,0.8204046760544549,rank32_norm_matched_lowrank_bf16_mask,32,3,0.8128050645851562,0.0032776499778919,0.0075996114692986,bf16_merged_minus_base,saved_merged_bf16,saved_merged_bf16,8659259cc1d3b78758a7a03914bf79471355c78ca8addfde173fef89e1f03c0c,9ab508065336c84a994e558f124431fc86997fc6af47d43fdc017b7af49cfc09
qwen,qwen3_4b,opd,320,320,18,mlp.down_proj,16,0.1,2490368,13891426,24903680,0.5578061555561267,1338393,0.0963466961563197,0.9634669615631972,rank32_norm_matched_lowrank_bf16_mask,32,3,0.9572289203652526,0.001550359269863,0.0062380411979445,bf16_merged_minus_base,saved_merged_bf16,saved_merged_bf16,8659259cc1d3b78758a7a03914bf79471355c78ca8addfde173fef89e1f03c0c,9ab508065336c84a994e558f124431fc86997fc6af47d43fdc017b7af49cfc09
qwen,qwen3_4b,opd,320,320,18,mlp.down_proj,32,0.01,249037,13891426,24903680,0.5578061555561267,105867,0.0076210318508697,0.7621025730468471,rank32_norm_matched_lowrank_bf16_mask,32,3,0.759583433646854,0.003215830038105,0.0025191393999931,bf16_merged_minus_base,saved_merged_bf16,saved_merged_bf16,8659259cc1d3b78758a7a03914bf79471355c78ca8addfde173fef89e1f03c0c,9ab508065336c84a994e558f124431fc86997fc6af47d43fdc017b7af49cfc09
qwen,qwen3_4b,opd,320,320,18,mlp.down_proj,32,0.1,2490368,13891426,24903680,0.5578061555561267,1289934,0.092858285391291,0.92858285391291,rank32_norm_matched_lowrank_bf16_mask,32,3,0.928592802667544,0.0014722063186916,-9.948754634003798e-06,bf16_merged_minus_base,saved_merged_bf16,saved_merged_bf16,8659259cc1d3b78758a7a03914bf79471355c78ca8addfde173fef89e1f03c0c,9ab508065336c84a994e558f124431fc86997fc6af47d43fdc017b7af49cfc09
qwen,qwen3_4b,opd,320,320,18,mlp.down_proj,50,0.01,249037,13891426,24903680,0.5578061555561267,99466,0.0071602440239036,0.7160238273558115,rank32_norm_matched_lowrank_bf16_mask,32,3,0.7158628306551122,0.0033708566572561,0.0001609967006992,bf16_merged_minus_base,saved_merged_bf16,saved_merged_bf16,8659259cc1d3b78758a7a03914bf79471355c78ca8addfde173fef89e1f03c0c,9ab508065336c84a994e558f124431fc86997fc6af47d43fdc017b7af49cfc09
qwen,qwen3_4b,opd,320,320,18,mlp.down_proj,50,0.1,2490368,13891426,24903680,0.5578061555561267,1251958,0.0901245127750023,0.9012451277500236,rank32_norm_matched_lowrank_bf16_mask,32,3,0.9038793935779186,0.0013668002077299,-0.0026342658278949,bf16_merged_minus_base,saved_merged_bf16,saved_merged_bf16,8659259cc1d3b78758a7a03914bf79471355c78ca8addfde173fef89e1f03c0c,9ab508065336c84a994e558f124431fc86997fc6af47d43fdc017b7af49cfc09
qwen,qwen3_4b,sft,5,5,18,mlp.down_proj,16,0.01,249037,120248,24903680,0.0048285233347039,724,0.0060208901603353,0.6020885324997457,rank32_norm_matched_lowrank_bf16_mask,32,3,0.5987701757344326,0.0245750421809575,0.0033183567653131,bf16_merged_minus_base,adapter_merge_quantized_to_bf16,adapter_merge_quantized_to_bf16_in_memory,8659259cc1d3b78758a7a03914bf79471355c78ca8addfde173fef89e1f03c0c,4f9f828943cb7c9bb88f78f50cf86931c5636c09f811e7d46f123777624040cc
qwen,qwen3_4b,sft,5,5,18,mlp.down_proj,16,0.1,2490368,120248,24903680,0.0048285233347039,10825,0.0900222872729692,0.900222872729692,rank32_norm_matched_lowrank_bf16_mask,32,3,0.9165090657365076,0.011602690381023,-0.0162861930068154,bf16_merged_minus_base,adapter_merge_quantized_to_bf16,adapter_merge_quantized_to_bf16_in_memory,8659259cc1d3b78758a7a03914bf79471355c78ca8addfde173fef89e1f03c0c,4f9f828943cb7c9bb88f78f50cf86931c5636c09f811e7d46f123777624040cc
qwen,qwen3_4b,sft,5,5,18,mlp.down_proj,32,0.01,249037,120248,24903680,0.0048285233347039,621,0.0051643270574146,0.5164322909977102,rank32_norm_matched_lowrank_bf16_mask,32,3,0.5900189524074883,0.0154325298833761,-0.0735866614097781,bf16_merged_minus_base,adapter_merge_quantized_to_bf16,adapter_merge_quantized_to_bf16_in_memory,8659259cc1d3b78758a7a03914bf79471355c78ca8addfde173fef89e1f03c0c,4f9f828943cb7c9bb88f78f50cf86931c5636c09f811e7d46f123777624040cc
qwen,qwen3_4b,sft,5,5,18,mlp.down_proj,32,0.1,2490368,120248,24903680,0.0048285233347039,9992,0.0830949371299314,0.8309493712993148,rank32_norm_matched_lowrank_bf16_mask,32,3,0.8343462519080749,0.0057587096364197,-0.00339688060876,bf16_merged_minus_base,adapter_merge_quantized_to_bf16,adapter_merge_quantized_to_bf16_in_memory,8659259cc1d3b78758a7a03914bf79471355c78ca8addfde173fef89e1f03c0c,4f9f828943cb7c9bb88f78f50cf86931c5636c09f811e7d46f123777624040cc
qwen,qwen3_4b,sft,5,5,18,mlp.down_proj,50,0.01,249037,120248,24903680,0.0048285233347039,576,0.0047901004590512,0.4790096612152673,rank32_norm_matched_lowrank_bf16_mask,32,3,0.5179151784129089,0.0184161579630147,-0.0389055171976415,bf16_merged_minus_base,adapter_merge_quantized_to_bf16,adapter_merge_quantized_to_bf16_in_memory,8659259cc1d3b78758a7a03914bf79471355c78ca8addfde173fef89e1f03c0c,4f9f828943cb7c9bb88f78f50cf86931c5636c09f811e7d46f123777624040cc
qwen,qwen3_4b,sft,5,5,18,mlp.down_proj,50,0.1,2490368,120248,24903680,0.0048285233347039,9262,0.0770241500898143,0.7702415008981439,rank32_norm_matched_lowrank_bf16_mask,32,3,0.7554613346554713,0.0106217431705627,0.0147801662426726,bf16_merged_minus_base,adapter_merge_quantized_to_bf16,adapter_merge_quantized_to_bf16_in_memory,8659259cc1d3b78758a7a03914bf79471355c78ca8addfde173fef89e1f03c0c,4f9f828943cb7c9bb88f78f50cf86931c5636c09f811e7d46f123777624040cc
qwen,qwen3_4b,sft,20,20,18,mlp.down_proj,16,0.01,249037,2031655,24903680,0.0815805134020353,12534,0.0061693545410022,0.6169349586433656,rank32_norm_matched_lowrank_bf16_mask,32,3,0.6132576341678754,0.0002500950079985,0.0036773244754901,bf16_merged_minus_base,adapter_merge_quantized_to_bf16,adapter_merge_quantized_to_bf16_in_memory,8659259cc1d3b78758a7a03914bf79471355c78ca8addfde173fef89e1f03c0c,f919525fb59bb5b5481b04fce0ecbde5b250fb2d46b68c6577e3370aef2e4778
qwen,qwen3_4b,sft,20,20,18,mlp.down_proj,16,0.1,2490368,2031655,24903680,0.0815805134020353,180678,0.0889314376702737,0.8893143767027374,rank32_norm_matched_lowrank_bf16_mask,32,3,0.8970047330049379,0.0030216294947348,-0.0076903563022004,bf16_merged_minus_base,adapter_merge_quantized_to_bf16,adapter_merge_quantized_to_bf16_in_memory,8659259cc1d3b78758a7a03914bf79471355c78ca8addfde173fef89e1f03c0c,f919525fb59bb5b5481b04fce0ecbde5b250fb2d46b68c6577e3370aef2e4778
qwen,qwen3_4b,sft,20,20,18,mlp.down_proj,32,0.01,249037,2031655,24903680,0.0815805134020353,10804,0.0053178320138015,0.5317827743085146,rank32_norm_matched_lowrank_bf16_mask,32,3,0.5334962712450632,0.0022735768624672,-0.0017134969365485,bf16_merged_minus_base,adapter_merge_quantized_to_bf16,adapter_merge_quantized_to_bf16_in_memory,8659259cc1d3b78758a7a03914bf79471355c78ca8addfde173fef89e1f03c0c,f919525fb59bb5b5481b04fce0ecbde5b250fb2d46b68c6577e3370aef2e4778
qwen,qwen3_4b,sft,20,20,18,mlp.down_proj,32,0.1,2490368,2031655,24903680,0.0815805134020353,169015,0.0831907976501915,0.831907976501916,rank32_norm_matched_lowrank_bf16_mask,32,3,0.8359231541223592,0.0012627488767418,-0.0040151776204432,bf16_merged_minus_base,adapter_merge_quantized_to_bf16,adapter_merge_quantized_to_bf16_in_memory,8659259cc1d3b78758a7a03914bf79471355c78ca8addfde173fef89e1f03c0c,f919525fb59bb5b5481b04fce0ecbde5b250fb2d46b68c6577e3370aef2e4778
qwen,qwen3_4b,sft,20,20,18,mlp.down_proj,50,0.01,249037,2031655,24903680,0.0815805134020353,9488,0.004670084241665,0.4670080491150672,rank32_norm_matched_lowrank_bf16_mask,32,3,0.4762822586565047,0.0006299815494336,-0.0092742095414375,bf16_merged_minus_base,adapter_merge_quantized_to_bf16,adapter_merge_quantized_to_bf16_in_memory,8659259cc1d3b78758a7a03914bf79471355c78ca8addfde173fef89e1f03c0c,f919525fb59bb5b5481b04fce0ecbde5b250fb2d46b68c6577e3370aef2e4778
qwen,qwen3_4b,sft,20,20,18,mlp.down_proj,50,0.1,2490368,2031655,24903680,0.0815805134020353,159092,0.0783066022528431,0.7830660225284313,rank32_norm_matched_lowrank_bf16_mask,32,3,0.7858428539872646,0.000636690680109,-0.0027768314588333,bf16_merged_minus_base,adapter_merge_quantized_to_bf16,adapter_merge_quantized_to_bf16_in_memory,8659259cc1d3b78758a7a03914bf79471355c78ca8addfde173fef89e1f03c0c,f919525fb59bb5b5481b04fce0ecbde5b250fb2d46b68c6577e3370aef2e4778
qwen,qwen3_4b,sft,40,40,18,mlp.down_proj,16,0.01,249037,5281285,24903680,0.2120684573524876,34031,0.00644369694118,0.64436917662888,rank32_norm_matched_lowrank_bf16_mask,32,3,0.6399340018013655,0.0048409577590998,0.0044351748275145,bf16_merged_minus_base,adapter_merge_quantized_to_bf16,adapter_merge_quantized_to_bf16_in_memory,8659259cc1d3b78758a7a03914bf79471355c78ca8addfde173fef89e1f03c0c,4da670c54814cc7ef56dfd73007188bf758cc115c02bda8aa0db47222f35e171
qwen,qwen3_4b,sft,40,40,18,mlp.down_proj,16,0.1,2490368,5281285,24903680,0.2120684573524876,475110,0.0899610606130894,0.8996106061308943,rank32_norm_matched_lowrank_bf16_mask,32,3,0.9073675459675512,0.0017970880181554,-0.007756939836657,bf16_merged_minus_base,adapter_merge_quantized_to_bf16,adapter_merge_quantized_to_bf16_in_memory,8659259cc1d3b78758a7a03914bf79471355c78ca8addfde173fef89e1f03c0c,4da670c54814cc7ef56dfd73007188bf758cc115c02bda8aa0db47222f35e171
qwen,qwen3_4b,sft,40,40,18,mlp.down_proj,32,0.01,249037,5281285,24903680,0.2120684573524876,29665,0.0056170041950017,0.5616999684022135,rank32_norm_matched_lowrank_bf16_mask,32,3,0.5565324088159923,0.0043241977821909,0.0051675595862211,bf16_merged_minus_base,adapter_merge_quantized_to_bf16,adapter_merge_quantized_to_bf16_in_memory,8659259cc1d3b78758a7a03914bf79471355c78ca8addfde173fef89e1f03c0c,4da670c54814cc7ef56dfd73007188bf758cc115c02bda8aa0db47222f35e171
qwen,qwen3_4b,sft,40,40,18,mlp.down_proj,32,0.1,2490368,5281285,24903680,0.2120684573524876,446798,0.0846002440693884,0.8460024406938842,rank32_norm_matched_lowrank_bf16_mask,32,3,0.851469444956729,0.0010159077746139,-0.0054670042628448,bf16_merged_minus_base,adapter_merge_quantized_to_bf16,adapter_merge_quantized_to_bf16_in_memory,8659259cc1d3b78758a7a03914bf79471355c78ca8addfde173fef89e1f03c0c,4da670c54814cc7ef56dfd73007188bf758cc115c02bda8aa0db47222f35e171
qwen,qwen3_4b,sft,40,40,18,mlp.down_proj,50,0.01,249037,5281285,24903680,0.2120684573524876,26419,0.005002381049309,0.5002377031929236,rank32_norm_matched_lowrank_bf16_mask,32,3,0.4956903559772442,0.0034349655944736,0.0045473472156793,bf16_merged_minus_base,adapter_merge_quantized_to_bf16,adapter_merge_quantized_to_bf16_in_memory,8659259cc1d3b78758a7a03914bf79471355c78ca8addfde173fef89e1f03c0c,4da670c54814cc7ef56dfd73007188bf758cc115c02bda8aa0db47222f35e171
qwen,qwen3_4b,sft,40,40,18,mlp.down_proj,50,0.1,2490368,5281285,24903680,0.2120684573524876,423735,0.0802333144301055,0.8023331443010555,rank32_norm_matched_lowrank_bf16_mask,32,3,0.8050511255068122,0.0009838026333219,-0.0027179812057567,bf16_merged_minus_base,adapter_merge_quantized_to_bf16,adapter_merge_quantized_to_bf16_in_memory,8659259cc1d3b78758a7a03914bf79471355c78ca8addfde173fef89e1f03c0c,4da670c54814cc7ef56dfd73007188bf758cc115c02bda8aa0db47222f35e171
qwen,qwen3_4b,sft,80,80,18,mlp.down_proj,16,0.01,249037,9774533,24903680,0.3924935190301192,69501,0.0071104164260328,0.7110410715703505,rank32_norm_matched_lowrank_bf16_mask,32,3,0.7300095730772908,0.002981883691604,-0.0189685015069402,bf16_merged_minus_base,adapter_merge_quantized_to_bf16,adapter_merge_quantized_to_bf16_in_memory,8659259cc1d3b78758a7a03914bf79471355c78ca8addfde173fef89e1f03c0c,95f745dee1ad2755122103c1237286d36f92773d3f8765b958dca5554d0dd891
qwen,qwen3_4b,sft,80,80,18,mlp.down_proj,16,0.1,2490368,9774533,24903680,0.3924935190301192,906300,0.0927205422499468,0.9272054224994688,rank32_norm_matched_lowrank_bf16_mask,32,3,0.935182156755884,0.0018343802163369,-0.0079767342564152,bf16_merged_minus_base,adapter_merge_quantized_to_bf16,adapter_merge_quantized_to_bf16_in_memory,8659259cc1d3b78758a7a03914bf79471355c78ca8addfde173fef89e1f03c0c,95f745dee1ad2755122103c1237286d36f92773d3f8765b958dca5554d0dd891
qwen,qwen3_4b,sft,80,80,18,mlp.down_proj,32,0.01,249037,9774533,24903680,0.3924935190301192,62628,0.0064072626283015,0.6407257482670452,rank32_norm_matched_lowrank_bf16_mask,32,3,0.6580141200686356,0.0038621036151915,-0.0172883718015903,bf16_merged_minus_base,adapter_merge_quantized_to_bf16,adapter_merge_quantized_to_bf16_in_memory,8659259cc1d3b78758a7a03914bf79471355c78ca8addfde173fef89e1f03c0c,95f745dee1ad2755122103c1237286d36f92773d3f8765b958dca5554d0dd891
qwen,qwen3_4b,sft,80,80,18,mlp.down_proj,32,0.1,2490368,9774533,24903680,0.3924935190301192,865018,0.088497117969728,0.8849711796972807,rank32_norm_matched_lowrank_bf16_mask,32,3,0.8937937932873141,0.0019483559167822,-0.0088226135900334,bf16_merged_minus_base,adapter_merge_quantized_to_bf16,adapter_merge_quantized_to_bf16_in_memory,8659259cc1d3b78758a7a03914bf79471355c78ca8addfde173fef89e1f03c0c,95f745dee1ad2755122103c1237286d36f92773d3f8765b958dca5554d0dd891
qwen,qwen3_4b,sft,80,80,18,mlp.down_proj,50,0.01,249037,9774533,24903680,0.3924935190301192,57541,0.0058868285574359,0.5886823829762096,rank32_norm_matched_lowrank_bf16_mask,32,3,0.6018749667393064,0.0046026088859002,-0.0131925837630968,bf16_merged_minus_base,adapter_merge_quantized_to_bf16,adapter_merge_quantized_to_bf16_in_memory,8659259cc1d3b78758a7a03914bf79471355c78ca8addfde173fef89e1f03c0c,95f745dee1ad2755122103c1237286d36f92773d3f8765b958dca5554d0dd891
qwen,qwen3_4b,sft,80,80,18,mlp.down_proj,50,0.1,2490368,9774533,24903680,0.3924935190301192,828624,0.0847737687314575,0.8477376873145755,rank32_norm_matched_lowrank_bf16_mask,32,3,0.857765681489605,0.0018534091466055,-0.0100279941750294,bf16_merged_minus_base,adapter_merge_quantized_to_bf16,adapter_merge_quantized_to_bf16_in_memory,8659259cc1d3b78758a7a03914bf79471355c78ca8addfde173fef89e1f03c0c,95f745dee1ad2755122103c1237286d36f92773d3f8765b958dca5554d0dd891
qwen,qwen3_4b,sft,160,160,18,mlp.down_proj,16,0.01,249037,12385882,24903680,0.4973514757658306,93145,0.0075202557234115,0.7520249683942931,rank32_norm_matched_lowrank_bf16_mask,32,3,0.7776446736279833,0.0028140934860355,-0.0256197052336901,bf16_merged_minus_base,adapter_merge_quantized_to_bf16,adapter_merge_quantized_to_bf16_in_memory,8659259cc1d3b78758a7a03914bf79471355c78ca8addfde173fef89e1f03c0c,ef2ddedfe0ae4bb230daab2d8b3923298fde8736d3b066908f382f04f97c6869
qwen,qwen3_4b,sft,160,160,18,mlp.down_proj,16,0.1,2490368,12385882,24903680,0.4973514757658306,1165131,0.094069279846199,0.9406927984619908,rank32_norm_matched_lowrank_bf16_mask,32,3,0.9479476342747916,0.0003189635035303,-0.0072548358128007,bf16_merged_minus_base,adapter_merge_quantized_to_bf16,adapter_merge_quantized_to_bf16_in_memory,8659259cc1d3b78758a7a03914bf79471355c78ca8addfde173fef89e1f03c0c,ef2ddedfe0ae4bb230daab2d8b3923298fde8736d3b066908f382f04f97c6869
qwen,qwen3_4b,sft,160,160,18,mlp.down_proj,32,0.01,249037,12385882,24903680,0.4973514757658306,85371,0.0068926056295385,0.6892600094131643,rank32_norm_matched_lowrank_bf16_mask,32,3,0.7176519729862796,0.0024424443800721,-0.0283919635731152,bf16_merged_minus_base,adapter_merge_quantized_to_bf16,adapter_merge_quantized_to_bf16_in_memory,8659259cc1d3b78758a7a03914bf79471355c78ca8addfde173fef89e1f03c0c,ef2ddedfe0ae4bb230daab2d8b3923298fde8736d3b066908f382f04f97c6869
qwen,qwen3_4b,sft,160,160,18,mlp.down_proj,32,0.1,2490368,12385882,24903680,0.4973514757658306,1120668,0.0904794668639665,0.9047946686396656,rank32_norm_matched_lowrank_bf16_mask,32,3,0.91447464427394,0.0005419702416645,-0.0096799756342743,bf16_merged_minus_base,adapter_merge_quantized_to_bf16,adapter_merge_quantized_to_bf16_in_memory,8659259cc1d3b78758a7a03914bf79471355c78ca8addfde173fef89e1f03c0c,ef2ddedfe0ae4bb230daab2d8b3923298fde8736d3b066908f382f04f97c6869
qwen,qwen3_4b,sft,160,160,18,mlp.down_proj,50,0.01,249037,12385882,24903680,0.4973514757658306,79613,0.0064277214977504,0.6427716335688964,rank32_norm_matched_lowrank_bf16_mask,32,3,0.6676718187778147,0.0015081507137266,-0.0249001852089182,bf16_merged_minus_base,adapter_merge_quantized_to_bf16,adapter_merge_quantized_to_bf16_in_memory,8659259cc1d3b78758a7a03914bf79471355c78ca8addfde173fef89e1f03c0c,ef2ddedfe0ae4bb230daab2d8b3923298fde8736d3b066908f382f04f97c6869
qwen,qwen3_4b,sft,160,160,18,mlp.down_proj,50,0.1,2490368,12385882,24903680,0.4973514757658306,1082030,0.0873599473981747,0.873599473981748,rank32_norm_matched_lowrank_bf16_mask,32,3,0.8848906856204576,0.0002978175984035,-0.0112912116387096,bf16_merged_minus_base,adapter_merge_quantized_to_bf16,adapter_merge_quantized_to_bf16_in_memory,8659259cc1d3b78758a7a03914bf79471355c78ca8addfde173fef89e1f03c0c,ef2ddedfe0ae4bb230daab2d8b3923298fde8736d3b066908f382f04f97c6869
qwen,qwen3_4b,sft,320,320,18,mlp.down_proj,16,0.01,249037,14828570,24903680,0.5954368992855674,118109,0.0079649622316919,0.7964955835082406,rank32_norm_matched_lowrank_bf16_mask,32,3,0.8228035589385211,0.0020428612377765,-0.0263079754302805,bf16_merged_minus_base,adapter_merge_quantized_to_bf16,adapter_merge_quantized_to_bf16_in_memory,8659259cc1d3b78758a7a03914bf79471355c78ca8addfde173fef89e1f03c0c,3a4a4040920bb990b15fdd4d8ad5fa2a0025b6c9d114c0207adf264a157ce921
qwen,qwen3_4b,sft,320,320,18,mlp.down_proj,16,0.1,2490368,14828570,24903680,0.5954368992855674,1413580,0.0953281402050231,0.9532814020502314,rank32_norm_matched_lowrank_bf16_mask,32,3,0.9598414039385164,0.0012415789118372,-0.0065600018882849,bf16_merged_minus_base,adapter_merge_quantized_to_bf16,adapter_merge_quantized_to_bf16_in_memory,8659259cc1d3b78758a7a03914bf79471355c78ca8addfde173fef89e1f03c0c,3a4a4040920bb990b15fdd4d8ad5fa2a0025b6c9d114c0207adf264a157ce921
qwen,qwen3_4b,sft,320,320,18,mlp.down_proj,32,0.01,249037,14828570,24903680,0.5954368992855674,110046,0.0074212145877856,0.7421208627856288,rank32_norm_matched_lowrank_bf16_mask,32,3,0.7730818900027572,0.0014018443890935,-0.0309610272171283,bf16_merged_minus_base,adapter_merge_quantized_to_bf16,adapter_merge_quantized_to_bf16_in_memory,8659259cc1d3b78758a7a03914bf79471355c78ca8addfde173fef89e1f03c0c,3a4a4040920bb990b15fdd4d8ad5fa2a0025b6c9d114c0207adf264a157ce921
qwen,qwen3_4b,sft,320,320,18,mlp.down_proj,32,0.1,2490368,14828570,24903680,0.5954368992855674,1370358,0.0924133615041774,0.924133615041774,rank32_norm_matched_lowrank_bf16_mask,32,3,0.9337332797221112,0.0014636810872991,-0.009599664680337,bf16_merged_minus_base,adapter_merge_quantized_to_bf16,adapter_merge_quantized_to_bf16_in_memory,8659259cc1d3b78758a7a03914bf79471355c78ca8addfde173fef89e1f03c0c,3a4a4040920bb990b15fdd4d8ad5fa2a0025b6c9d114c0207adf264a157ce921
qwen,qwen3_4b,sft,320,320,18,mlp.down_proj,50,0.01,249037,14828570,24903680,0.5954368992855674,104118,0.007021445763145,0.7021440124267497,rank32_norm_matched_lowrank_bf16_mask,32,3,0.7318595322793646,0.0014061310340134,-0.0297155198526148,bf16_merged_minus_base,adapter_merge_quantized_to_bf16,adapter_merge_quantized_to_bf16_in_memory,8659259cc1d3b78758a7a03914bf79471355c78ca8addfde173fef89e1f03c0c,3a4a4040920bb990b15fdd4d8ad5fa2a0025b6c9d114c0207adf264a157ce921
qwen,qwen3_4b,sft,320,320,18,mlp.down_proj,50,0.1,2490368,14828570,24903680,0.5954368992855674,1333256,0.0899112996060982,0.8991129960609823,rank32_norm_matched_lowrank_bf16_mask,32,3,0.910385794400098,0.0012060484627332,-0.0112727983391156,bf16_merged_minus_base,adapter_merge_quantized_to_bf16,adapter_merge_quantized_to_bf16_in_memory,8659259cc1d3b78758a7a03914bf79471355c78ca8addfde173fef89e1f03c0c,3a4a4040920bb990b15fdd4d8ad5fa2a0025b6c9d114c0207adf264a157ce921
qwen,qwen3_4b,offkd,5,5,18,mlp.down_proj,16,0.01,249037,3253046,24903680,0.1306251124331825,20524,0.0063091637806535,0.6309158713805053,rank32_norm_matched_lowrank_bf16_mask,32,3,0.6228984239711437,0.0050828096692965,0.0080174474093616,bf16_merged_minus_base,adapter_merge_quantized_to_bf16,adapter_merge_quantized_to_bf16_in_memory,8659259cc1d3b78758a7a03914bf79471355c78ca8addfde173fef89e1f03c0c,d1c439f552ff5ab23dfd7aeccc2336a2d6872a071c30748d8e94075956bba26e
qwen,qwen3_4b,offkd,5,5,18,mlp.down_proj,16,0.1,2490368,3253046,24903680,0.1306251124331825,294725,0.090599702555697,0.9059970255569704,rank32_norm_matched_lowrank_bf16_mask,32,3,0.9003330497734071,0.0010808856046965,0.0056639757835632,bf16_merged_minus_base,adapter_merge_quantized_to_bf16,adapter_merge_quantized_to_bf16_in_memory,8659259cc1d3b78758a7a03914bf79471355c78ca8addfde173fef89e1f03c0c,d1c439f552ff5ab23dfd7aeccc2336a2d6872a071c30748d8e94075956bba26e
qwen,qwen3_4b,offkd,5,5,18,mlp.down_proj,32,0.01,249037,3253046,24903680,0.1306251124331825,17782,0.0054662614669451,0.5466257077025992,rank32_norm_matched_lowrank_bf16_mask,32,3,0.5333960381992008,0.0022450007012613,0.0132296695033984,bf16_merged_minus_base,adapter_merge_quantized_to_bf16,adapter_merge_quantized_to_bf16_in_memory,8659259cc1d3b78758a7a03914bf79471355c78ca8addfde173fef89e1f03c0c,d1c439f552ff5ab23dfd7aeccc2336a2d6872a071c30748d8e94075956bba26e
qwen,qwen3_4b,offkd,5,5,18,mlp.down_proj,32,0.1,2490368,3253046,24903680,0.1306251124331825,274366,0.0843412604678814,0.843412604678815,rank32_norm_matched_lowrank_bf16_mask,32,3,0.8397482009074668,0.0004872799438345,0.0036644037713481,bf16_merged_minus_base,adapter_merge_quantized_to_bf16,adapter_merge_quantized_to_bf16_in_memory,8659259cc1d3b78758a7a03914bf79471355c78ca8addfde173fef89e1f03c0c,d1c439f552ff5ab23dfd7aeccc2336a2d6872a071c30748d8e94075956bba26e
qwen,qwen3_4b,offkd,5,5,18,mlp.down_proj,50,0.01,249037,3253046,24903680,0.1306251124331825,15712,0.004829934774977,0.4829930896087751,rank32_norm_matched_lowrank_bf16_mask,32,3,0.4776384190740632,0.0035271408737041,0.0053546705347118,bf16_merged_minus_base,adapter_merge_quantized_to_bf16,adapter_merge_quantized_to_bf16_in_memory,8659259cc1d3b78758a7a03914bf79471355c78ca8addfde173fef89e1f03c0c,d1c439f552ff5ab23dfd7aeccc2336a2d6872a071c30748d8e94075956bba26e
qwen,qwen3_4b,offkd,5,5,18,mlp.down_proj,50,0.1,2490368,3253046,24903680,0.1306251124331825,258240,0.0793840603545108,0.7938406035451082,rank32_norm_matched_lowrank_bf16_mask,32,3,0.7904404336750316,0.0009831357464327,0.0034001698700766,bf16_merged_minus_base,adapter_merge_quantized_to_bf16,adapter_merge_quantized_to_bf16_in_memory,8659259cc1d3b78758a7a03914bf79471355c78ca8addfde173fef89e1f03c0c,d1c439f552ff5ab23dfd7aeccc2336a2d6872a071c30748d8e94075956bba26e
qwen,qwen3_4b,offkd,20,20,18,mlp.down_proj,16,0.01,249037,7154700,24903680,0.2872948897512336,49480,0.006915733713503,0.6915728159522107,rank32_norm_matched_lowrank_bf16_mask,32,3,0.6781926472405088,0.0052338405876008,0.0133801687117018,bf16_merged_minus_base,adapter_merge_quantized_to_bf16,adapter_merge_quantized_to_bf16_in_memory,8659259cc1d3b78758a7a03914bf79471355c78ca8addfde173fef89e1f03c0c,954f55f9280e3f7b0cc1884817f5f28cc497fe64c648af50640c645517296f0a
qwen,qwen3_4b,offkd,20,20,18,mlp.down_proj,16,0.1,2490368,7154700,24903680,0.2872948897512336,662019,0.0925292465092876,0.925292465092876,rank32_norm_matched_lowrank_bf16_mask,32,3,0.9200846362202134,0.0002175474601041,0.0052078288726625,bf16_merged_minus_base,adapter_merge_quantized_to_bf16,adapter_merge_quantized_to_bf16_in_memory,8659259cc1d3b78758a7a03914bf79471355c78ca8addfde173fef89e1f03c0c,954f55f9280e3f7b0cc1884817f5f28cc497fe64c648af50640c645517296f0a
qwen,qwen3_4b,offkd,20,20,18,mlp.down_proj,32,0.01,249037,7154700,24903680,0.2872948897512336,43336,0.006056997498148,0.6056992633812651,rank32_norm_matched_lowrank_bf16_mask,32,3,0.5952769101768967,0.0038437900695395,0.0104223532043684,bf16_merged_minus_base,adapter_merge_quantized_to_bf16,adapter_merge_quantized_to_bf16_in_memory,8659259cc1d3b78758a7a03914bf79471355c78ca8addfde173fef89e1f03c0c,954f55f9280e3f7b0cc1884817f5f28cc497fe64c648af50640c645517296f0a
qwen,qwen3_4b,offkd,20,20,18,mlp.down_proj,32,0.1,2490368,7154700,24903680,0.2872948897512336,622211,0.0869653514473003,0.8696535144730038,rank32_norm_matched_lowrank_bf16_mask,32,3,0.8678404591072898,0.0010260223923609,0.0018130553657139,bf16_merged_minus_base,adapter_merge_quantized_to_bf16,adapter_merge_quantized_to_bf16_in_memory,8659259cc1d3b78758a7a03914bf79471355c78ca8addfde173fef89e1f03c0c,954f55f9280e3f7b0cc1884817f5f28cc497fe64c648af50640c645517296f0a
qwen,qwen3_4b,offkd,20,20,18,mlp.down_proj,50,0.01,249037,7154700,24903680,0.2872948897512336,38800,0.0054230086516555,0.5423004296472468,rank32_norm_matched_lowrank_bf16_mask,32,3,0.534073941758162,0.0045032469247536,0.0082264878890847,bf16_merged_minus_base,adapter_merge_quantized_to_bf16,adapter_merge_quantized_to_bf16_in_memory,8659259cc1d3b78758a7a03914bf79471355c78ca8addfde173fef89e1f03c0c,954f55f9280e3f7b0cc1884817f5f28cc497fe64c648af50640c645517296f0a
qwen,qwen3_4b,offkd,20,20,18,mlp.down_proj,50,0.1,2490368,7154700,24903680,0.2872948897512336,592847,0.0828611961368051,0.8286119613680518,rank32_norm_matched_lowrank_bf16_mask,32,3,0.8248434442294433,0.0013056997160584,0.0037685171386084,bf16_merged_minus_base,adapter_merge_quantized_to_bf16,adapter_merge_quantized_to_bf16_in_memory,8659259cc1d3b78758a7a03914bf79471355c78ca8addfde173fef89e1f03c0c,954f55f9280e3f7b0cc1884817f5f28cc497fe64c648af50640c645517296f0a
qwen,qwen3_4b,offkd,40,40,18,mlp.down_proj,16,0.01,249037,9484439,24903680,0.3808448791503906,69439,0.0073213608100595,0.7321354930322113,rank32_norm_matched_lowrank_bf16_mask,32,3,0.7196751392006847,0.0031258957191101,0.0124603538315265,bf16_merged_minus_base,adapter_merge_quantized_to_bf16,adapter_merge_quantized_to_bf16_in_memory,8659259cc1d3b78758a7a03914bf79471355c78ca8addfde173fef89e1f03c0c,e9b73e3cadadc1cd6afcb514266fd8ce4c072d09fe1ef4a8f12f07bd3a9bec32
qwen,qwen3_4b,offkd,40,40,18,mlp.down_proj,16,0.1,2490368,9484439,24903680,0.3808448791503906,887469,0.0935710588681101,0.9357105886811016,rank32_norm_matched_lowrank_bf16_mask,32,3,0.9315533563192924,0.000700172160817,0.0041572323618093,bf16_merged_minus_base,adapter_merge_quantized_to_bf16,adapter_merge_quantized_to_bf16_in_memory,8659259cc1d3b78758a7a03914bf79471355c78ca8addfde173fef89e1f03c0c,e9b73e3cadadc1cd6afcb514266fd8ce4c072d09fe1ef4a8f12f07bd3a9bec32
qwen,qwen3_4b,offkd,40,40,18,mlp.down_proj,32,0.01,249037,9484439,24903680,0.3808448791503906,61981,0.0065350201524834,0.6535014904251139,rank32_norm_matched_lowrank_bf16_mask,32,3,0.6469883992988469,0.0051076062251415,0.0065130911262669,bf16_merged_minus_base,adapter_merge_quantized_to_bf16,adapter_merge_quantized_to_bf16_in_memory,8659259cc1d3b78758a7a03914bf79471355c78ca8addfde173fef89e1f03c0c,e9b73e3cadadc1cd6afcb514266fd8ce4c072d09fe1ef4a8f12f07bd3a9bec32
qwen,qwen3_4b,offkd,40,40,18,mlp.down_proj,32,0.1,2490368,9484439,24903680,0.3808448791503906,841916,0.0887681390538755,0.887681390538755,rank32_norm_matched_lowrank_bf16_mask,32,3,0.888581564268231,0.0008191474383109,-0.0009001737294759,bf16_merged_minus_base,adapter_merge_quantized_to_bf16,adapter_merge_quantized_to_bf16_in_memory,8659259cc1d3b78758a7a03914bf79471355c78ca8addfde173fef89e1f03c0c,e9b73e3cadadc1cd6afcb514266fd8ce4c072d09fe1ef4a8f12f07bd3a9bec32
qwen,qwen3_4b,offkd,40,40,18,mlp.down_proj,50,0.01,249037,9484439,24903680,0.3808448791503906,56413,0.0059479532737782,0.5947948497015529,rank32_norm_matched_lowrank_bf16_mask,32,3,0.5886559926418983,0.0052026223365914,0.0061388570596546,bf16_merged_minus_base,adapter_merge_quantized_to_bf16,adapter_merge_quantized_to_bf16_in_memory,8659259cc1d3b78758a7a03914bf79471355c78ca8addfde173fef89e1f03c0c,e9b73e3cadadc1cd6afcb514266fd8ce4c072d09fe1ef4a8f12f07bd3a9bec32
qwen,qwen3_4b,offkd,40,40,18,mlp.down_proj,50,0.1,2490368,9484439,24903680,0.3808448791503906,807137,0.0851011852150664,0.8510118521506649,rank32_norm_matched_lowrank_bf16_mask,32,3,0.8510010762136132,0.0007111676034075,1.0775937051676898e-05,bf16_merged_minus_base,adapter_merge_quantized_to_bf16,adapter_merge_quantized_to_bf16_in_memory,8659259cc1d3b78758a7a03914bf79471355c78ca8addfde173fef89e1f03c0c,e9b73e3cadadc1cd6afcb514266fd8ce4c072d09fe1ef4a8f12f07bd3a9bec32
qwen,qwen3_4b,offkd,80,80,18,mlp.down_proj,16,0.01,249037,11718600,24903680,0.4705569618626645,90083,0.0076871810625842,0.7687174889058999,rank32_norm_matched_lowrank_bf16_mask,32,3,0.7582830158936452,0.0030508974749959,0.0104344730122546,bf16_merged_minus_base,adapter_merge_quantized_to_bf16,adapter_merge_quantized_to_bf16_in_memory,8659259cc1d3b78758a7a03914bf79471355c78ca8addfde173fef89e1f03c0c,51c3f8d4c49c8afcec2afb17d7617e7a09ce2e60325a70969e9ca6371ecab94d
qwen,qwen3_4b,offkd,80,80,18,mlp.down_proj,16,0.1,2490368,11718600,24903680,0.4705569618626645,1107778,0.0945315993378048,0.9453159933780486,rank32_norm_matched_lowrank_bf16_mask,32,3,0.9441043584180824,0.0007381903012357,0.0012116349599661,bf16_merged_minus_base,adapter_merge_quantized_to_bf16,adapter_merge_quantized_to_bf16_in_memory,8659259cc1d3b78758a7a03914bf79471355c78ca8addfde173fef89e1f03c0c,51c3f8d4c49c8afcec2afb17d7617e7a09ce2e60325a70969e9ca6371ecab94d
qwen,qwen3_4b,offkd,80,80,18,mlp.down_proj,32,0.01,249037,11718600,24903680,0.4705569618626645,81722,0.0069736999300257,0.6973694329492572,rank32_norm_matched_lowrank_bf16_mask,32,3,0.6967827799762919,0.0009456428183726,0.0005866529729653,bf16_merged_minus_base,adapter_merge_quantized_to_bf16,adapter_merge_quantized_to_bf16_in_memory,8659259cc1d3b78758a7a03914bf79471355c78ca8addfde173fef89e1f03c0c,51c3f8d4c49c8afcec2afb17d7617e7a09ce2e60325a70969e9ca6371ecab94d
qwen,qwen3_4b,offkd,80,80,18,mlp.down_proj,32,0.1,2490368,11718600,24903680,0.4705569618626645,1059666,0.090425989452665,0.90425989452665,rank32_norm_matched_lowrank_bf16_mask,32,3,0.908057627843747,0.0005541496879886,-0.003797733317097,bf16_merged_minus_base,adapter_merge_quantized_to_bf16,adapter_merge_quantized_to_bf16_in_memory,8659259cc1d3b78758a7a03914bf79471355c78ca8addfde173fef89e1f03c0c,51c3f8d4c49c8afcec2afb17d7617e7a09ce2e60325a70969e9ca6371ecab94d
qwen,qwen3_4b,offkd,80,80,18,mlp.down_proj,50,0.01,249037,11718600,24903680,0.4705569618626645,75529,0.0064452238321983,0.6445218656080915,rank32_norm_matched_lowrank_bf16_mask,32,3,0.6459366982960972,0.0018475649344593,-0.0014148326880056,bf16_merged_minus_base,adapter_merge_quantized_to_bf16,adapter_merge_quantized_to_bf16_in_memory,8659259cc1d3b78758a7a03914bf79471355c78ca8addfde173fef89e1f03c0c,51c3f8d4c49c8afcec2afb17d7617e7a09ce2e60325a70969e9ca6371ecab94d
qwen,qwen3_4b,offkd,80,80,18,mlp.down_proj,50,0.1,2490368,11718600,24903680,0.4705569618626645,1019676,0.0870134657723618,0.8701346577236189,rank32_norm_matched_lowrank_bf16_mask,32,3,0.8771563197663287,0.0010115223589058,-0.0070216620427098,bf16_merged_minus_base,adapter_merge_quantized_to_bf16,adapter_merge_quantized_to_bf16_in_memory,8659259cc1d3b78758a7a03914bf79471355c78ca8addfde173fef89e1f03c0c,51c3f8d4c49c8afcec2afb17d7617e7a09ce2e60325a70969e9ca6371ecab94d
qwen,qwen3_4b,offkd,160,160,18,mlp.down_proj,16,0.01,249037,14336875,24903680,0.5756930301063939,115318,0.0080434543790051,0.8043447919359128,rank32_norm_matched_lowrank_bf16_mask,32,3,0.8072810726524668,0.0023218035798802,-0.002936280716554,bf16_merged_minus_base,adapter_merge_quantized_to_bf16,adapter_merge_quantized_to_bf16_in_memory,8659259cc1d3b78758a7a03914bf79471355c78ca8addfde173fef89e1f03c0c,5d82f6ea173623cd50af4d8635044cdd14e31a043065addc12d8e320f742b920
qwen,qwen3_4b,offkd,160,160,18,mlp.down_proj,16,0.1,2490368,14336875,24903680,0.5756930301063939,1366480,0.0953122629582806,0.9531226295828066,rank32_norm_matched_lowrank_bf16_mask,32,3,0.956488747790139,0.0007029840573988,-0.0033661182073324,bf16_merged_minus_base,adapter_merge_quantized_to_bf16,adapter_merge_quantized_to_bf16_in_memory,8659259cc1d3b78758a7a03914bf79471355c78ca8addfde173fef89e1f03c0c,5d82f6ea173623cd50af4d8635044cdd14e31a043065addc12d8e320f742b920
qwen,qwen3_4b,offkd,160,160,18,mlp.down_proj,32,0.01,249037,14336875,24903680,0.5756930301063939,106856,0.007453228126771,0.7453222141131818,rank32_norm_matched_lowrank_bf16_mask,32,3,0.7566549795928758,0.0018831940649119,-0.0113327654796939,bf16_merged_minus_base,adapter_merge_quantized_to_bf16,adapter_merge_quantized_to_bf16_in_memory,8659259cc1d3b78758a7a03914bf79471355c78ca8addfde173fef89e1f03c0c,5d82f6ea173623cd50af4d8635044cdd14e31a043065addc12d8e320f742b920
qwen,qwen3_4b,offkd,160,160,18,mlp.down_proj,32,0.1,2490368,14336875,24903680,0.5756930301063939,1321709,0.0921894764375081,0.9218947643750818,rank32_norm_matched_lowrank_bf16_mask,32,3,0.928784349425451,0.0009082540164237,-0.0068895850503691,bf16_merged_minus_base,adapter_merge_quantized_to_bf16,adapter_merge_quantized_to_bf16_in_memory,8659259cc1d3b78758a7a03914bf79471355c78ca8addfde173fef89e1f03c0c,5d82f6ea173623cd50af4d8635044cdd14e31a043065addc12d8e320f742b920
qwen,qwen3_4b,offkd,160,160,18,mlp.down_proj,50,0.01,249037,14336875,24903680,0.5756930301063939,100537,0.0070124765682898,0.7012470936615347,rank32_norm_matched_lowrank_bf16_mask,32,3,0.7141008454162779,0.0023826357446933,-0.0128537517547432,bf16_merged_minus_base,adapter_merge_quantized_to_bf16,adapter_merge_quantized_to_bf16_in_memory,8659259cc1d3b78758a7a03914bf79471355c78ca8addfde173fef89e1f03c0c,5d82f6ea173623cd50af4d8635044cdd14e31a043065addc12d8e320f742b920
qwen,qwen3_4b,offkd,160,160,18,mlp.down_proj,50,0.1,2490368,14336875,24903680,0.5756930301063939,1282073,0.0894248572300449,0.894248572300449,rank32_norm_matched_lowrank_bf16_mask,32,3,0.9039533840360676,0.0004038801024927,-0.0097048117356187,bf16_merged_minus_base,adapter_merge_quantized_to_bf16,adapter_merge_quantized_to_bf16_in_memory,8659259cc1d3b78758a7a03914bf79471355c78ca8addfde173fef89e1f03c0c,5d82f6ea173623cd50af4d8635044cdd14e31a043065addc12d8e320f742b920
qwen,qwen3_4b,offkd,320,320,18,mlp.down_proj,16,0.01,249037,17219285,24903680,0.6914353621633429,146667,0.0085176010502178,0.8517594209787646,rank32_norm_matched_lowrank_bf16_mask,32,3,0.8656977230697978,0.0017020139037243,-0.0139383020910331,bf16_merged_minus_base,adapter_merge_quantized_to_bf16,adapter_merge_quantized_to_bf16_in_memory,8659259cc1d3b78758a7a03914bf79471355c78ca8addfde173fef89e1f03c0c,f5f0d5b45d7b2841a78a7e68e4d8dcb365ffa13fbcbd36f45df8ac08b104a649
qwen,qwen3_4b,offkd,320,320,18,mlp.down_proj,16,0.1,2490368,17219285,24903680,0.6914353621633429,1660655,0.0964415769876623,0.9644157698766238,rank32_norm_matched_lowrank_bf16_mask,32,3,0.9704318045301198,0.0001222981922149,-0.0060160346534959,bf16_merged_minus_base,adapter_merge_quantized_to_bf16,adapter_merge_quantized_to_bf16_in_memory,8659259cc1d3b78758a7a03914bf79471355c78ca8addfde173fef89e1f03c0c,f5f0d5b45d7b2841a78a7e68e4d8dcb365ffa13fbcbd36f45df8ac08b104a649
qwen,qwen3_4b,offkd,320,320,18,mlp.down_proj,32,0.01,249037,17219285,24903680,0.6914353621633429,139085,0.0080772807930178,0.8077274306205995,rank32_norm_matched_lowrank_bf16_mask,32,3,0.8274586699710773,0.0006377462176951,-0.0197312393504778,bf16_merged_minus_base,adapter_merge_quantized_to_bf16,adapter_merge_quantized_to_bf16_in_memory,8659259cc1d3b78758a7a03914bf79471355c78ca8addfde173fef89e1f03c0c,f5f0d5b45d7b2841a78a7e68e4d8dcb365ffa13fbcbd36f45df8ac08b104a649
qwen,qwen3_4b,offkd,320,320,18,mlp.down_proj,32,0.1,2490368,17219285,24903680,0.6914353621633429,1623396,0.0942777821494911,0.9427778214949112,rank32_norm_matched_lowrank_bf16_mask,32,3,0.95115527280796,0.0001773098008063,-0.0083774513130487,bf16_merged_minus_base,adapter_merge_quantized_to_bf16,adapter_merge_quantized_to_bf16_in_memory,8659259cc1d3b78758a7a03914bf79471355c78ca8addfde173fef89e1f03c0c,f5f0d5b45d7b2841a78a7e68e4d8dcb365ffa13fbcbd36f45df8ac08b104a649
qwen,qwen3_4b,offkd,320,320,18,mlp.down_proj,50,0.01,249037,17219285,24903680,0.6914353621633429,133633,0.007760659051755,0.7760652819220086,rank32_norm_matched_lowrank_bf16_mask,32,3,0.7948716879469178,0.0004831270039088,-0.0188064060249091,bf16_merged_minus_base,adapter_merge_quantized_to_bf16,adapter_merge_quantized_to_bf16_in_memory,8659259cc1d3b78758a7a03914bf79471355c78ca8addfde173fef89e1f03c0c,f5f0d5b45d7b2841a78a7e68e4d8dcb365ffa13fbcbd36f45df8ac08b104a649
qwen,qwen3_4b,offkd,320,320,18,mlp.down_proj,50,0.1,2490368,17219285,24903680,0.6914353621633429,1590547,0.0923700955062884,0.9237009550628844,rank32_norm_matched_lowrank_bf16_mask,32,3,0.9334247315177396,0.0003562379558685,-0.0097237764548552,bf16_merged_minus_base,adapter_merge_quantized_to_bf16,adapter_merge_quantized_to_bf16_in_memory,8659259cc1d3b78758a7a03914bf79471355c78ca8addfde173fef89e1f03c0c,f5f0d5b45d7b2841a78a7e68e4d8dcb365ffa13fbcbd36f45df8ac08b104a649
qwen,qwen3_4b,seqkd,5,5,18,mlp.down_proj,16,0.01,249037,3151394,24903680,0.1265433060495477,19714,0.0062556443275578,0.6255639303690501,rank32_norm_matched_lowrank_bf16_mask,32,3,0.6208635826890151,0.002805654169605,0.004700347680035,bf16_merged_minus_base,adapter_merge_quantized_to_bf16,adapter_merge_quantized_to_bf16_in_memory,8659259cc1d3b78758a7a03914bf79471355c78ca8addfde173fef89e1f03c0c,68f1acb1833d80ee20a7c1d5f1184c3f1c099828fccf114302e704339bcd36f3
qwen,qwen3_4b,seqkd,5,5,18,mlp.down_proj,16,0.1,2490368,3151394,24903680,0.1265433060495477,284326,0.0902222952763126,0.9022229527631264,rank32_norm_matched_lowrank_bf16_mask,32,3,0.8997112667671828,0.0031370537360113,0.0025116859959435,bf16_merged_minus_base,adapter_merge_quantized_to_bf16,adapter_merge_quantized_to_bf16_in_memory,8659259cc1d3b78758a7a03914bf79471355c78ca8addfde173fef89e1f03c0c,68f1acb1833d80ee20a7c1d5f1184c3f1c099828fccf114302e704339bcd36f3
qwen,qwen3_4b,seqkd,5,5,18,mlp.down_proj,32,0.01,249037,3151394,24903680,0.1265433060495477,17033,0.0054049097002786,0.5404905359630734,rank32_norm_matched_lowrank_bf16_mask,32,3,0.5359089517844199,0.0032787255912672,0.0045815841786535,bf16_merged_minus_base,adapter_merge_quantized_to_bf16,adapter_merge_quantized_to_bf16_in_memory,8659259cc1d3b78758a7a03914bf79471355c78ca8addfde173fef89e1f03c0c,68f1acb1833d80ee20a7c1d5f1184c3f1c099828fccf114302e704339bcd36f3
qwen,qwen3_4b,seqkd,5,5,18,mlp.down_proj,32,0.1,2490368,3151394,24903680,0.1265433060495477,264848,0.0840415384429874,0.8404153844298745,rank32_norm_matched_lowrank_bf16_mask,32,3,0.8397128275283076,0.0011212687152526,0.0007025569015669,bf16_merged_minus_base,adapter_merge_quantized_to_bf16,adapter_merge_quantized_to_bf16_in_memory,8659259cc1d3b78758a7a03914bf79471355c78ca8addfde173fef89e1f03c0c,68f1acb1833d80ee20a7c1d5f1184c3f1c099828fccf114302e704339bcd36f3
qwen,qwen3_4b,seqkd,5,5,18,mlp.down_proj,50,0.01,249037,3151394,24903680,0.1265433060495477,15183,0.004817867902268,0.4817864033069538,rank32_norm_matched_lowrank_bf16_mask,32,3,0.4794353716660609,0.0017013817960141,0.0023510316408928,bf16_merged_minus_base,adapter_merge_quantized_to_bf16,adapter_merge_quantized_to_bf16_in_memory,8659259cc1d3b78758a7a03914bf79471355c78ca8addfde173fef89e1f03c0c,68f1acb1833d80ee20a7c1d5f1184c3f1c099828fccf114302e704339bcd36f3
qwen,qwen3_4b,seqkd,5,5,18,mlp.down_proj,50,0.1,2490368,3151394,24903680,0.1265433060495477,248980,0.07900630641551,0.7900630641551009,rank32_norm_matched_lowrank_bf16_mask,32,3,0.7918392947339465,0.0015691920854723,-0.0017762305788456,bf16_merged_minus_base,adapter_merge_quantized_to_bf16,adapter_merge_quantized_to_bf16_in_memory,8659259cc1d3b78758a7a03914bf79471355c78ca8addfde173fef89e1f03c0c,68f1acb1833d80ee20a7c1d5f1184c3f1c099828fccf114302e704339bcd36f3
qwen,qwen3_4b,seqkd,20,20,18,mlp.down_proj,16,0.01,249037,7189617,24903680,0.288696971692537,49461,0.0068795041516119,0.6879498626726792,rank32_norm_matched_lowrank_bf16_mask,32,3,0.6735020933034432,0.001021062095274,0.0144477693692359,bf16_merged_minus_base,adapter_merge_quantized_to_bf16,adapter_merge_quantized_to_bf16_in_memory,8659259cc1d3b78758a7a03914bf79471355c78ca8addfde173fef89e1f03c0c,ff1f5ce0097574f5f8c3585e52efb7fa544268abed4ff427221213345b6a4d72
qwen,qwen3_4b,seqkd,20,20,18,mlp.down_proj,16,0.1,2490368,7189617,24903680,0.288696971692537,662371,0.0921288296720117,0.9212882967201176,rank32_norm_matched_lowrank_bf16_mask,32,3,0.9174728661204088,0.0007286437153658,0.0038154305997086,bf16_merged_minus_base,adapter_merge_quantized_to_bf16,adapter_merge_quantized_to_bf16_in_memory,8659259cc1d3b78758a7a03914bf79471355c78ca8addfde173fef89e1f03c0c,ff1f5ce0097574f5f8c3585e52efb7fa544268abed4ff427221213345b6a4d72
qwen,qwen3_4b,seqkd,20,20,18,mlp.down_proj,32,0.01,249037,7189617,24903680,0.288696971692537,43240,0.0060142285743454,0.6014223744357503,rank32_norm_matched_lowrank_bf16_mask,32,3,0.5896600021094637,0.0017186040216157,0.0117623723262866,bf16_merged_minus_base,adapter_merge_quantized_to_bf16,adapter_merge_quantized_to_bf16_in_memory,8659259cc1d3b78758a7a03914bf79471355c78ca8addfde173fef89e1f03c0c,ff1f5ce0097574f5f8c3585e52efb7fa544268abed4ff427221213345b6a4d72
qwen,qwen3_4b,seqkd,20,20,18,mlp.down_proj,32,0.1,2490368,7189617,24903680,0.288696971692537,624420,0.0868502452912304,0.868502452912304,rank32_norm_matched_lowrank_bf16_mask,32,3,0.8661620279746995,0.0012437974703099,0.0023404249376044,bf16_merged_minus_base,adapter_merge_quantized_to_bf16,adapter_merge_quantized_to_bf16_in_memory,8659259cc1d3b78758a7a03914bf79471355c78ca8addfde173fef89e1f03c0c,ff1f5ce0097574f5f8c3585e52efb7fa544268abed4ff427221213345b6a4d72
qwen,qwen3_4b,seqkd,20,20,18,mlp.down_proj,50,0.01,249037,7189617,24903680,0.288696971692537,38730,0.0053869350759574,0.5386930749744822,rank32_norm_matched_lowrank_bf16_mask,32,3,0.5309197043943118,0.0017758478715698,0.0077733705801703,bf16_merged_minus_base,adapter_merge_quantized_to_bf16,adapter_merge_quantized_to_bf16_in_memory,8659259cc1d3b78758a7a03914bf79471355c78ca8addfde173fef89e1f03c0c,ff1f5ce0097574f5f8c3585e52efb7fa544268abed4ff427221213345b6a4d72
qwen,qwen3_4b,seqkd,20,20,18,mlp.down_proj,50,0.1,2490368,7189617,24903680,0.288696971692537,594602,0.0827028755495598,0.8270287554955987,rank32_norm_matched_lowrank_bf16_mask,32,3,0.8228165209191136,0.0011425371223698,0.0042122345764851,bf16_merged_minus_base,adapter_merge_quantized_to_bf16,adapter_merge_quantized_to_bf16_in_memory,8659259cc1d3b78758a7a03914bf79471355c78ca8addfde173fef89e1f03c0c,ff1f5ce0097574f5f8c3585e52efb7fa544268abed4ff427221213345b6a4d72
qwen,qwen3_4b,seqkd,40,40,18,mlp.down_proj,16,0.01,249037,9537855,24903680,0.3829897830360814,69125,0.0072474366615973,0.7247430841228001,rank32_norm_matched_lowrank_bf16_mask,32,3,0.7128963787272911,0.0037616792915665,0.011846705395509,bf16_merged_minus_base,adapter_merge_quantized_to_bf16,adapter_merge_quantized_to_bf16_in_memory,8659259cc1d3b78758a7a03914bf79471355c78ca8addfde173fef89e1f03c0c,8cac05f8e8fe14ef41a8d11b2dbee70b14dff01f26a2ea53ac8e6504d6bb4f40
qwen,qwen3_4b,seqkd,40,40,18,mlp.down_proj,16,0.1,2490368,9537855,24903680,0.3829897830360814,888639,0.0931696906694429,0.9316969066944296,rank32_norm_matched_lowrank_bf16_mask,32,3,0.9297852404337305,0.0013499339609592,0.0019116662606992,bf16_merged_minus_base,adapter_merge_quantized_to_bf16,adapter_merge_quantized_to_bf16_in_memory,8659259cc1d3b78758a7a03914bf79471355c78ca8addfde173fef89e1f03c0c,8cac05f8e8fe14ef41a8d11b2dbee70b14dff01f26a2ea53ac8e6504d6bb4f40
qwen,qwen3_4b,seqkd,40,40,18,mlp.down_proj,32,0.01,249037,9537855,24903680,0.3829897830360814,61760,0.0064752504624991,0.6475245262267505,rank32_norm_matched_lowrank_bf16_mask,32,3,0.6380267888915792,0.0016283933012207,0.0094977373351713,bf16_merged_minus_base,adapter_merge_quantized_to_bf16,adapter_merge_quantized_to_bf16_in_memory,8659259cc1d3b78758a7a03914bf79471355c78ca8addfde173fef89e1f03c0c,8cac05f8e8fe14ef41a8d11b2dbee70b14dff01f26a2ea53ac8e6504d6bb4f40
qwen,qwen3_4b,seqkd,40,40,18,mlp.down_proj,32,0.1,2490368,9537855,24903680,0.3829897830360814,844179,0.0885082652231555,0.8850826522315552,rank32_norm_matched_lowrank_bf16_mask,32,3,0.8867263406947772,0.0005385323324677,-0.0016436884632219,bf16_merged_minus_base,adapter_merge_quantized_to_bf16,adapter_merge_quantized_to_bf16_in_memory,8659259cc1d3b78758a7a03914bf79471355c78ca8addfde173fef89e1f03c0c,8cac05f8e8fe14ef41a8d11b2dbee70b14dff01f26a2ea53ac8e6504d6bb4f40
qwen,qwen3_4b,seqkd,40,40,18,mlp.down_proj,50,0.01,249037,9537855,24903680,0.3829897830360814,56185,0.0058907374876216,0.5890732756808611,rank32_norm_matched_lowrank_bf16_mask,32,3,0.5830079977985888,0.0027279921525992,0.0060652778822722,bf16_merged_minus_base,adapter_merge_quantized_to_bf16,adapter_merge_quantized_to_bf16_in_memory,8659259cc1d3b78758a7a03914bf79471355c78ca8addfde173fef89e1f03c0c,8cac05f8e8fe14ef41a8d11b2dbee70b14dff01f26a2ea53ac8e6504d6bb4f40
qwen,qwen3_4b,seqkd,40,40,18,mlp.down_proj,50,0.1,2490368,9537855,24903680,0.3829897830360814,808706,0.0847890851769082,0.8478908517690823,rank32_norm_matched_lowrank_bf16_mask,32,3,0.8496881413565246,0.0008298739628645,-0.0017972895874422,bf16_merged_minus_base,adapter_merge_quantized_to_bf16,adapter_merge_quantized_to_bf16_in_memory,8659259cc1d3b78758a7a03914bf79471355c78ca8addfde173fef89e1f03c0c,8cac05f8e8fe14ef41a8d11b2dbee70b14dff01f26a2ea53ac8e6504d6bb4f40
qwen,qwen3_4b,seqkd,80,80,18,mlp.down_proj,16,0.01,249037,11840102,24903680,0.4754358392012747,89198,0.0075335499643499,0.7533543914204839,rank32_norm_matched_lowrank_bf16_mask,32,3,0.7544773918359938,0.0004707869735315,-0.0011230004155099,bf16_merged_minus_base,adapter_merge_quantized_to_bf16,adapter_merge_quantized_to_bf16_in_memory,8659259cc1d3b78758a7a03914bf79471355c78ca8addfde173fef89e1f03c0c,c0455cd76149d9ead1c771aaf8796c25c65cc8cb5ebf6f833b8d080c448e4405
qwen,qwen3_4b,seqkd,80,80,18,mlp.down_proj,16,0.1,2490368,11840102,24903680,0.4754358392012747,1112313,0.0939445454101662,0.9394454541016624,rank32_norm_matched_lowrank_bf16_mask,32,3,0.941192162535938,0.000805716323638,-0.0017467084342756,bf16_merged_minus_base,adapter_merge_quantized_to_bf16,adapter_merge_quantized_to_bf16_in_memory,8659259cc1d3b78758a7a03914bf79471355c78ca8addfde173fef89e1f03c0c,c0455cd76149d9ead1c771aaf8796c25c65cc8cb5ebf6f833b8d080c448e4405
qwen,qwen3_4b,seqkd,80,80,18,mlp.down_proj,32,0.01,249037,11840102,24903680,0.4754358392012747,81261,0.0068632010095858,0.6863195497793666,rank32_norm_matched_lowrank_bf16_mask,32,3,0.6890573527894029,0.0007645639332741,-0.0027378030100363,bf16_merged_minus_base,adapter_merge_quantized_to_bf16,adapter_merge_quantized_to_bf16_in_memory,8659259cc1d3b78758a7a03914bf79471355c78ca8addfde173fef89e1f03c0c,c0455cd76149d9ead1c771aaf8796c25c65cc8cb5ebf6f833b8d080c448e4405
qwen,qwen3_4b,seqkd,80,80,18,mlp.down_proj,32,0.1,2490368,11840102,24903680,0.4754358392012747,1066374,0.0900645957273003,0.9006459572730032,rank32_norm_matched_lowrank_bf16_mask,32,3,0.9053512328524516,0.0006195949314447,-0.0047052755794484,bf16_merged_minus_base,adapter_merge_quantized_to_bf16,adapter_merge_quantized_to_bf16_in_memory,8659259cc1d3b78758a7a03914bf79471355c78ca8addfde173fef89e1f03c0c,c0455cd76149d9ead1c771aaf8796c25c65cc8cb5ebf6f833b8d080c448e4405
qwen,qwen3_4b,seqkd,80,80,18,mlp.down_proj,50,0.01,249037,11840102,24903680,0.4754358392012747,75196,0.0063509588008616,0.6350953700447847,rank32_norm_matched_lowrank_bf16_mask,32,3,0.639064344183801,0.0015707901679708,-0.0039689741390163,bf16_merged_minus_base,adapter_merge_quantized_to_bf16,adapter_merge_quantized_to_bf16_in_memory,8659259cc1d3b78758a7a03914bf79471355c78ca8addfde173fef89e1f03c0c,c0455cd76149d9ead1c771aaf8796c25c65cc8cb5ebf6f833b8d080c448e4405
qwen,qwen3_4b,seqkd,80,80,18,mlp.down_proj,50,0.1,2490368,11840102,24903680,0.4754358392012747,1027193,0.0867554181543368,0.8675541815433685,rank32_norm_matched_lowrank_bf16_mask,32,3,0.8739701801472074,0.000160593603985,-0.0064159986038389,bf16_merged_minus_base,adapter_merge_quantized_to_bf16,adapter_merge_quantized_to_bf16_in_memory,8659259cc1d3b78758a7a03914bf79471355c78ca8addfde173fef89e1f03c0c,c0455cd76149d9ead1c771aaf8796c25c65cc8cb5ebf6f833b8d080c448e4405
qwen,qwen3_4b,seqkd,160,160,18,mlp.down_proj,16,0.01,249037,14447237,24903680,0.5801245839972246,114735,0.0079416569410469,0.794165056315373,rank32_norm_matched_lowrank_bf16_mask,32,3,0.8069899029538314,0.0027576982762378,-0.0128248466384583,bf16_merged_minus_base,adapter_merge_quantized_to_bf16,adapter_merge_quantized_to_bf16_in_memory,8659259cc1d3b78758a7a03914bf79471355c78ca8addfde173fef89e1f03c0c,e12e065e884d626f0209e37f3772a4fab6bd7998eff8ff5c3478db172d5bfa4d
qwen,qwen3_4b,seqkd,160,160,18,mlp.down_proj,16,0.1,2490368,14447237,24903680,0.5801245839972246,1372953,0.0950322196555645,0.950322196555646,rank32_norm_matched_lowrank_bf16_mask,32,3,0.9567987506738622,0.0009661040761521,-0.0064765541182162,bf16_merged_minus_base,adapter_merge_quantized_to_bf16,adapter_merge_quantized_to_bf16_in_memory,8659259cc1d3b78758a7a03914bf79471355c78ca8addfde173fef89e1f03c0c,e12e065e884d626f0209e37f3772a4fab6bd7998eff8ff5c3478db172d5bfa4d
qwen,qwen3_4b,seqkd,160,160,18,mlp.down_proj,32,0.01,249037,14447237,24903680,0.5801245839972246,106877,0.0073977467110147,0.739774076993229,rank32_norm_matched_lowrank_bf16_mask,32,3,0.7539466057525873,0.002396152132873,-0.0141725287593583,bf16_merged_minus_base,adapter_merge_quantized_to_bf16,adapter_merge_quantized_to_bf16_in_memory,8659259cc1d3b78758a7a03914bf79471355c78ca8addfde173fef89e1f03c0c,e12e065e884d626f0209e37f3772a4fab6bd7998eff8ff5c3478db172d5bfa4d
qwen,qwen3_4b,seqkd,160,160,18,mlp.down_proj,32,0.1,2490368,14447237,24903680,0.5801245839972246,1329229,0.0920057586097604,0.9200575860976048,rank32_norm_matched_lowrank_bf16_mask,32,3,0.9290797056341488,0.0012062445131536,-0.009022119536544,bf16_merged_minus_base,adapter_merge_quantized_to_bf16,adapter_merge_quantized_to_bf16_in_memory,8659259cc1d3b78758a7a03914bf79471355c78ca8addfde173fef89e1f03c0c,e12e065e884d626f0209e37f3772a4fab6bd7998eff8ff5c3478db172d5bfa4d
qwen,qwen3_4b,seqkd,160,160,18,mlp.down_proj,50,0.01,249037,14447237,24903680,0.5801245839972246,100448,0.0069527481275485,0.6952742543841599,rank32_norm_matched_lowrank_bf16_mask,32,3,0.713031324021356,0.002964671884359,-0.0177570696371961,bf16_merged_minus_base,adapter_merge_quantized_to_bf16,adapter_merge_quantized_to_bf16_in_memory,8659259cc1d3b78758a7a03914bf79471355c78ca8addfde173fef89e1f03c0c,e12e065e884d626f0209e37f3772a4fab6bd7998eff8ff5c3478db172d5bfa4d
qwen,qwen3_4b,seqkd,160,160,18,mlp.down_proj,50,0.1,2490368,14447237,24903680,0.5801245839972246,1290834,0.0893481570213044,0.8934815702130449,rank32_norm_matched_lowrank_bf16_mask,32,3,0.9041184756764906,0.0005244677534805,-0.0106369054634457,bf16_merged_minus_base,adapter_merge_quantized_to_bf16,adapter_merge_quantized_to_bf16_in_memory,8659259cc1d3b78758a7a03914bf79471355c78ca8addfde173fef89e1f03c0c,e12e065e884d626f0209e37f3772a4fab6bd7998eff8ff5c3478db172d5bfa4d
qwen,qwen3_4b,seqkd,320,320,18,mlp.down_proj,16,0.01,249037,17134014,24903680,0.688011330052426,144322,0.0084231284041205,0.8423121639560792,rank32_norm_matched_lowrank_bf16_mask,32,3,0.8592657453943003,0.0016254855334803,-0.0169535814382211,bf16_merged_minus_base,adapter_merge_quantized_to_bf16,adapter_merge_quantized_to_bf16_in_memory,8659259cc1d3b78758a7a03914bf79471355c78ca8addfde173fef89e1f03c0c,93a7ff71b4d4a011bb212b14d6e96f0b1327bac3f36fa18a8e0883dcebb29490
qwen,qwen3_4b,seqkd,320,320,18,mlp.down_proj,16,0.1,2490368,17134014,24903680,0.688011330052426,1649622,0.0962776148075985,0.962776148075985,rank32_norm_matched_lowrank_bf16_mask,32,3,0.970113962552342,0.0003617447165734,-0.0073378144763569,bf16_merged_minus_base,adapter_merge_quantized_to_bf16,adapter_merge_quantized_to_bf16_in_memory,8659259cc1d3b78758a7a03914bf79471355c78ca8addfde173fef89e1f03c0c,93a7ff71b4d4a011bb212b14d6e96f0b1327bac3f36fa18a8e0883dcebb29490
qwen,qwen3_4b,seqkd,320,320,18,mlp.down_proj,32,0.01,249037,17134014,24903680,0.688011330052426,137084,0.008000693824576,0.800068739927074,rank32_norm_matched_lowrank_bf16_mask,32,3,0.8215475472115701,0.0015808210864237,-0.0214788072844961,bf16_merged_minus_base,adapter_merge_quantized_to_bf16,adapter_merge_quantized_to_bf16_in_memory,8659259cc1d3b78758a7a03914bf79471355c78ca8addfde173fef89e1f03c0c,93a7ff71b4d4a011bb212b14d6e96f0b1327bac3f36fa18a8e0883dcebb29490
qwen,qwen3_4b,seqkd,320,320,18,mlp.down_proj,32,0.1,2490368,17134014,24903680,0.688011330052426,1613374,0.0941620568303492,0.9416205683034928,rank32_norm_matched_lowrank_bf16_mask,32,3,0.9503402520643442,0.000520749336066,-0.0087196837608515,bf16_merged_minus_base,adapter_merge_quantized_to_bf16,adapter_merge_quantized_to_bf16_in_memory,8659259cc1d3b78758a7a03914bf79471355c78ca8addfde173fef89e1f03c0c,93a7ff71b4d4a011bb212b14d6e96f0b1327bac3f36fa18a8e0883dcebb29490
qwen,qwen3_4b,seqkd,320,320,18,mlp.down_proj,50,0.01,249037,17134014,24903680,0.688011330052426,131331,0.0076649289536007,0.7664922797945971,rank32_norm_matched_lowrank_bf16_mask,32,3,0.7898384264479876,0.0008449608074476,-0.0233461466533905,bf16_merged_minus_base,adapter_merge_quantized_to_bf16,adapter_merge_quantized_to_bf16_in_memory,8659259cc1d3b78758a7a03914bf79471355c78ca8addfde173fef89e1f03c0c,93a7ff71b4d4a011bb212b14d6e96f0b1327bac3f36fa18a8e0883dcebb29490
qwen,qwen3_4b,seqkd,320,320,18,mlp.down_proj,50,0.1,2490368,17134014,24903680,0.688011330052426,1580036,0.0922163364638315,0.9221633646383154,rank32_norm_matched_lowrank_bf16_mask,32,3,0.9322383276647456,0.000449458331409,-0.0100749630264301,bf16_merged_minus_base,adapter_merge_quantized_to_bf16,adapter_merge_quantized_to_bf16_in_memory,8659259cc1d3b78758a7a03914bf79471355c78ca8addfde173fef89e1f03c0c,93a7ff71b4d4a011bb212b14d6e96f0b1327bac3f36fa18a8e0883dcebb29490
