model,domain,target,feature_block,heldout_checkpoint,fold_r2,fold_mae,fold_spearman,selected_alpha,n_test_rows,feature_columns,candidate,baseline,foldwise_wins_by_MAE,n_common_folds
llama,math,delta_nll_p,C-only,5.0,-22.475353295963238,0.02711140600066584,0.19999999999999998,1.0,4.0,intercept|c_equal5,,,,
llama,math,delta_nll_p,C-only,20.0,0.8970332982888897,0.016247290179756034,0.7999999999999999,1.0,4.0,intercept|c_equal5,,,,
llama,math,delta_nll_p,C-only,40.0,0.8993990240327588,0.024472974821028226,0.7999999999999999,1.0,4.0,intercept|c_equal5,,,,
llama,math,delta_nll_p,C-only,80.0,0.7248939528722209,0.05028500567928089,0.7999999999999999,1.0,4.0,intercept|c_equal5,,,,
llama,math,delta_nll_p,C-only,160.0,0.7420276820691989,0.04487878166242227,0.7999999999999999,1.0,4.0,intercept|c_equal5,,,,
llama,math,delta_nll_p,C-only,320.0,0.7244923577386162,0.042854188678582567,0.7999999999999999,1.0,4.0,intercept|c_equal5,,,,
llama,math,delta_nll_p,C-only-matched,5.0,-22.475353295963238,0.02711140600066584,0.19999999999999998,1.0,4.0,intercept|c_equal5,,,,
llama,math,delta_nll_p,C-only-matched,20.0,0.8970332982888897,0.016247290179756034,0.7999999999999999,1.0,4.0,intercept|c_equal5,,,,
llama,math,delta_nll_p,C-only-matched,40.0,0.8993990240327588,0.024472974821028226,0.7999999999999999,1.0,4.0,intercept|c_equal5,,,,
llama,math,delta_nll_p,C-only-matched,80.0,0.7248939528722209,0.05028500567928089,0.7999999999999999,1.0,4.0,intercept|c_equal5,,,,
llama,math,delta_nll_p,C-only-matched,160.0,0.7420276820691989,0.04487878166242227,0.7999999999999999,1.0,4.0,intercept|c_equal5,,,,
llama,math,delta_nll_p,C-only-matched,320.0,0.7244923577386162,0.042854188678582567,0.7999999999999999,1.0,4.0,intercept|c_equal5,,,,
llama,math,delta_nll_p,Pk4-only,5.0,-13.917093119578725,0.02135043222293733,0.39999999999999997,0.0,4.0,intercept|p4_equal5,,,,
llama,math,delta_nll_p,Pk4-only,20.0,0.311936908718765,0.04245699735264796,0.39999999999999997,1.0,4.0,intercept|p4_equal5,,,,
llama,math,delta_nll_p,Pk4-only,40.0,0.1992764250714144,0.06252982616733672,0.7999999999999999,1.0,4.0,intercept|p4_equal5,,,,
llama,math,delta_nll_p,Pk4-only,80.0,-0.026658338409832893,0.08257124492316806,0.7999999999999999,1.0,4.0,intercept|p4_equal5,,,,
llama,math,delta_nll_p,Pk4-only,160.0,-0.07529404294387798,0.09682880322247932,0.39999999999999997,10.0,4.0,intercept|p4_equal5,,,,
llama,math,delta_nll_p,Pk4-only,320.0,0.5768127516262714,0.0643826194229286,0.7999999999999999,1.0,4.0,intercept|p4_equal5,,,,
llama,math,delta_nll_p,Pk8-only,5.0,-13.23494852289124,0.020739522504602294,0.19999999999999998,0.0,4.0,intercept|p8_equal5,,,,
llama,math,delta_nll_p,Pk8-only,20.0,0.6253018419065884,0.03633022639139392,0.39999999999999997,0.0,4.0,intercept|p8_equal5,,,,
llama,math,delta_nll_p,Pk8-only,40.0,0.5945865273380356,0.04190628009912939,0.7999999999999999,1.0,4.0,intercept|p8_equal5,,,,
llama,math,delta_nll_p,Pk8-only,80.0,0.2628667746124369,0.06607406748891546,1.0,1.0,4.0,intercept|p8_equal5,,,,
llama,math,delta_nll_p,Pk8-only,160.0,0.0413706874326456,0.09125932413865862,0.7999999999999999,10.0,4.0,intercept|p8_equal5,,,,
llama,math,delta_nll_p,Pk8-only,320.0,0.5109111573033494,0.06879700195443018,0.7999999999999999,10.0,4.0,intercept|p8_equal5,,,,
llama,math,delta_nll_p,Pk16-only,5.0,-35.154565340973804,0.030309888143843597,-0.39999999999999997,1.0,4.0,intercept|p16_equal5,,,,
llama,math,delta_nll_p,Pk16-only,20.0,0.4495344925669795,0.04000610933799887,0.19999999999999998,10.0,4.0,intercept|p16_equal5,,,,
llama,math,delta_nll_p,Pk16-only,40.0,0.7103046174403345,0.04152184888435627,0.39999999999999997,10.0,4.0,intercept|p16_equal5,,,,
llama,math,delta_nll_p,Pk16-only,80.0,0.5163085570296508,0.05294558984609145,1.0,10.0,4.0,intercept|p16_equal5,,,,
llama,math,delta_nll_p,Pk16-only,160.0,0.4481470925384107,0.06649036487063345,0.7999999999999999,10.0,4.0,intercept|p16_equal5,,,,
llama,math,delta_nll_p,Pk16-only,320.0,0.5709796368220956,0.06196991821879433,0.7999999999999999,10.0,4.0,intercept|p16_equal5,,,,
llama,math,delta_nll_p,Pk32-only,5.0,-138.76867651344904,0.060483300592546,1.0,1.0,4.0,intercept|p32_equal5,,,,
llama,math,delta_nll_p,Pk32-only,20.0,0.4988582971527279,0.03550168176437191,0.19999999999999998,1.0,4.0,intercept|p32_equal5,,,,
llama,math,delta_nll_p,Pk32-only,40.0,0.7894207387486742,0.033162377660229427,1.0,10.0,4.0,intercept|p32_equal5,,,,
llama,math,delta_nll_p,Pk32-only,80.0,0.6138447305454084,0.05419102502081302,1.0,10.0,4.0,intercept|p32_equal5,,,,
llama,math,delta_nll_p,Pk32-only,160.0,0.5814844463214013,0.05831080736037566,1.0,10.0,4.0,intercept|p32_equal5,,,,
llama,math,delta_nll_p,Pk32-only,320.0,0.7360445815974203,0.048349166616758574,0.7999999999999999,10.0,4.0,intercept|p32_equal5,,,,
llama,math,delta_nll_p,PkAll-only,5.0,-349.29384880520576,0.08779099493944391,1.0,0.0,4.0,intercept|p4_equal5|p8_equal5|p16_equal5|p32_equal5,,,,
llama,math,delta_nll_p,PkAll-only,20.0,-0.6784799299066075,0.05350043469421198,0.19999999999999998,1.0,4.0,intercept|p4_equal5|p8_equal5|p16_equal5|p32_equal5,,,,
llama,math,delta_nll_p,PkAll-only,40.0,0.8455224676102222,0.028889097188898306,1.0,10.0,4.0,intercept|p4_equal5|p8_equal5|p16_equal5|p32_equal5,,,,
llama,math,delta_nll_p,PkAll-only,80.0,0.6402773782680797,0.04778951520427737,1.0,10.0,4.0,intercept|p4_equal5|p8_equal5|p16_equal5|p32_equal5,,,,
llama,math,delta_nll_p,PkAll-only,160.0,0.5501637082761575,0.06435653372333791,1.0,10.0,4.0,intercept|p4_equal5|p8_equal5|p16_equal5|p32_equal5,,,,
llama,math,delta_nll_p,PkAll-only,320.0,0.6997306088809432,0.05307266309634403,0.7999999999999999,10.0,4.0,intercept|p4_equal5|p8_equal5|p16_equal5|p32_equal5,,,,
llama,math,delta_nll_p,M0,5.0,-300.11940662320757,0.07966130156081158,-0.19999999999999998,0.0,4.0,intercept|arm_offkd|arm_opd|arm_seqkd|arm_sft|log1p_checkpoint,,,,
llama,math,delta_nll_p,M0,20.0,0.8178582616858717,0.02223569178858664,1.0,0.0,4.0,intercept|arm_offkd|arm_opd|arm_seqkd|arm_sft|log1p_checkpoint,,,,
llama,math,delta_nll_p,M0,40.0,0.932497403469795,0.01616675192932497,1.0,1.0,4.0,intercept|arm_offkd|arm_opd|arm_seqkd|arm_sft|log1p_checkpoint,,,,
llama,math,delta_nll_p,M0,80.0,0.8516143459489754,0.03351616846848056,1.0,1.0,4.0,intercept|arm_offkd|arm_opd|arm_seqkd|arm_sft|log1p_checkpoint,,,,
llama,math,delta_nll_p,M0,160.0,0.8748745682017558,0.0347414153703067,1.0,1.0,4.0,intercept|arm_offkd|arm_opd|arm_seqkd|arm_sft|log1p_checkpoint,,,,
llama,math,delta_nll_p,M0,320.0,0.9042044006037899,0.0276944474495563,1.0,1.0,4.0,intercept|arm_offkd|arm_opd|arm_seqkd|arm_sft|log1p_checkpoint,,,,
llama,math,delta_nll_p,M0+C5,5.0,-173.49179182607375,0.06437547712217748,-0.19999999999999998,0.1,4.0,intercept|arm_offkd|arm_opd|arm_seqkd|arm_sft|log1p_checkpoint|c_equal5,,,,
llama,math,delta_nll_p,M0+C5,20.0,0.6938966510043656,0.019124669704406305,1.0,1.0,4.0,intercept|arm_offkd|arm_opd|arm_seqkd|arm_sft|log1p_checkpoint|c_equal5,,,,
llama,math,delta_nll_p,M0+C5,40.0,0.9821584025394068,0.009971679487970734,1.0,1.0,4.0,intercept|arm_offkd|arm_opd|arm_seqkd|arm_sft|log1p_checkpoint|c_equal5,,,,
llama,math,delta_nll_p,M0+C5,80.0,0.8907952664465324,0.031447489879337126,0.7999999999999999,1.0,4.0,intercept|arm_offkd|arm_opd|arm_seqkd|arm_sft|log1p_checkpoint|c_equal5,,,,
llama,math,delta_nll_p,M0+C5,160.0,0.9232274793949088,0.02213788245713456,1.0,1.0,4.0,intercept|arm_offkd|arm_opd|arm_seqkd|arm_sft|log1p_checkpoint|c_equal5,,,,
llama,math,delta_nll_p,M0+C5,320.0,0.9493010976613477,0.018757263713692615,0.7999999999999999,1.0,4.0,intercept|arm_offkd|arm_opd|arm_seqkd|arm_sft|log1p_checkpoint|c_equal5,,,,
llama,math,delta_nll_p,M0+PkAll5,5.0,-117.87543684976967,0.05682191511180532,-0.19999999999999998,1.0,4.0,intercept|arm_offkd|arm_opd|arm_seqkd|arm_sft|log1p_checkpoint|p4_equal5|p8_equal5|p16_equal5|p32_equal5,,,,
llama,math,delta_nll_p,M0+PkAll5,20.0,-0.3495826164026694,0.0474796227067064,0.7999999999999999,0.1,4.0,intercept|arm_offkd|arm_opd|arm_seqkd|arm_sft|log1p_checkpoint|p4_equal5|p8_equal5|p16_equal5|p32_equal5,,,,
llama,math,delta_nll_p,M0+PkAll5,40.0,0.9924352747602903,0.006521512065756818,1.0,1.0,4.0,intercept|arm_offkd|arm_opd|arm_seqkd|arm_sft|log1p_checkpoint|p4_equal5|p8_equal5|p16_equal5|p32_equal5,,,,
llama,math,delta_nll_p,M0+PkAll5,80.0,0.9113744151604438,0.022304558674771956,1.0,1.0,4.0,intercept|arm_offkd|arm_opd|arm_seqkd|arm_sft|log1p_checkpoint|p4_equal5|p8_equal5|p16_equal5|p32_equal5,,,,
llama,math,delta_nll_p,M0+PkAll5,160.0,0.9245300489965416,0.02323266191651351,1.0,1.0,4.0,intercept|arm_offkd|arm_opd|arm_seqkd|arm_sft|log1p_checkpoint|p4_equal5|p8_equal5|p16_equal5|p32_equal5,,,,
llama,math,delta_nll_p,M0+PkAll5,320.0,0.6178556687641638,0.045501747370336125,0.7999999999999999,0.1,4.0,intercept|arm_offkd|arm_opd|arm_seqkd|arm_sft|log1p_checkpoint|p4_equal5|p8_equal5|p16_equal5|p32_equal5,,,,
llama,math,delta_nll_p,M0+PkAll5+C5,5.0,-89.54886452935436,0.05244531105862625,-0.19999999999999998,1.0,4.0,intercept|arm_offkd|arm_opd|arm_seqkd|arm_sft|log1p_checkpoint|p4_equal5|p8_equal5|p16_equal5|p32_equal5|c_equal5,,,,
llama,math,delta_nll_p,M0+PkAll5+C5,20.0,-0.1686625779775457,0.04025435093631006,0.7999999999999999,1.0,4.0,intercept|arm_offkd|arm_opd|arm_seqkd|arm_sft|log1p_checkpoint|p4_equal5|p8_equal5|p16_equal5|p32_equal5|c_equal5,,,,
llama,math,delta_nll_p,M0+PkAll5+C5,40.0,0.9963400292729648,0.0051330280993218,0.7999999999999999,1.0,4.0,intercept|arm_offkd|arm_opd|arm_seqkd|arm_sft|log1p_checkpoint|p4_equal5|p8_equal5|p16_equal5|p32_equal5|c_equal5,,,,
llama,math,delta_nll_p,M0+PkAll5+C5,80.0,0.9270519957592033,0.030540610994890225,1.0,0.0,4.0,intercept|arm_offkd|arm_opd|arm_seqkd|arm_sft|log1p_checkpoint|p4_equal5|p8_equal5|p16_equal5|p32_equal5|c_equal5,,,,
llama,math,delta_nll_p,M0+PkAll5+C5,160.0,0.9526700431364052,0.016449503803558682,1.0,1.0,4.0,intercept|arm_offkd|arm_opd|arm_seqkd|arm_sft|log1p_checkpoint|p4_equal5|p8_equal5|p16_equal5|p32_equal5|c_equal5,,,,
llama,math,delta_nll_p,M0+PkAll5+C5,320.0,0.9865525115011112,0.01136608049159797,0.7999999999999999,1.0,4.0,intercept|arm_offkd|arm_opd|arm_seqkd|arm_sft|log1p_checkpoint|p4_equal5|p8_equal5|p16_equal5|p32_equal5|c_equal5,,,,
llama,math,delta_nll_c,C-only,5.0,-179.01563549846136,0.014006084953381783,-0.7999999999999999,1.0,4.0,intercept|c_equal5,,,,
llama,math,delta_nll_c,C-only,20.0,0.8956194622377449,0.024518161271595673,0.7999999999999999,1.0,4.0,intercept|c_equal5,,,,
llama,math,delta_nll_c,C-only,40.0,0.8957978531811386,0.03373183973000641,0.7999999999999999,1.0,4.0,intercept|c_equal5,,,,
llama,math,delta_nll_c,C-only,80.0,0.7304539639322376,0.06446142474756852,0.7999999999999999,1.0,4.0,intercept|c_equal5,,,,
llama,math,delta_nll_c,C-only,160.0,0.7860985168372954,0.054750328315915184,0.7999999999999999,1.0,4.0,intercept|c_equal5,,,,
llama,math,delta_nll_c,C-only,320.0,0.6676352170203055,0.06039972940899207,0.7999999999999999,1.0,4.0,intercept|c_equal5,,,,
llama,math,delta_nll_c,C-only-matched,5.0,-179.01563549846136,0.014006084953381783,-0.7999999999999999,1.0,4.0,intercept|c_equal5,,,,
llama,math,delta_nll_c,C-only-matched,20.0,0.8956194622377449,0.024518161271595673,0.7999999999999999,1.0,4.0,intercept|c_equal5,,,,
llama,math,delta_nll_c,C-only-matched,40.0,0.8957978531811386,0.03373183973000641,0.7999999999999999,1.0,4.0,intercept|c_equal5,,,,
llama,math,delta_nll_c,C-only-matched,80.0,0.7304539639322376,0.06446142474756852,0.7999999999999999,1.0,4.0,intercept|c_equal5,,,,
llama,math,delta_nll_c,C-only-matched,160.0,0.7860985168372954,0.054750328315915184,0.7999999999999999,1.0,4.0,intercept|c_equal5,,,,
llama,math,delta_nll_c,C-only-matched,320.0,0.6676352170203055,0.06039972940899207,0.7999999999999999,1.0,4.0,intercept|c_equal5,,,,
llama,math,delta_nll_c,Pk4-only,5.0,-1415.24170611197,0.041405320745503287,0.39999999999999997,1.0,4.0,intercept|p4_equal5,,,,
llama,math,delta_nll_c,Pk4-only,20.0,0.3039942587300192,0.06847668479516514,0.39999999999999997,1.0,4.0,intercept|p4_equal5,,,,
llama,math,delta_nll_c,Pk4-only,40.0,0.19539213173226344,0.07713989773650516,0.7999999999999999,0.0,4.0,intercept|p4_equal5,,,,
llama,math,delta_nll_c,Pk4-only,80.0,-0.08591149277058485,0.0997805728474862,0.7999999999999999,1.0,4.0,intercept|p4_equal5,,,,
llama,math,delta_nll_c,Pk4-only,160.0,-0.06815182815983722,0.1130036746183759,0.39999999999999997,10.0,4.0,intercept|p4_equal5,,,,
llama,math,delta_nll_c,Pk4-only,320.0,0.26332568481873664,0.0961753569606906,0.7999999999999999,1.0,4.0,intercept|p4_equal5,,,,
llama,math,delta_nll_c,Pk8-only,5.0,-654.5466321461639,0.025702395330970403,0.0,1.0,4.0,intercept|p8_equal5,,,,
llama,math,delta_nll_c,Pk8-only,20.0,0.8169010977236566,0.035987041539360366,0.39999999999999997,1.0,4.0,intercept|p8_equal5,,,,
llama,math,delta_nll_c,Pk8-only,40.0,0.6178341588215167,0.049581457406310474,0.7999999999999999,0.1,4.0,intercept|p8_equal5,,,,
llama,math,delta_nll_c,Pk8-only,80.0,0.2149673519715144,0.076337222379688,1.0,1.0,4.0,intercept|p8_equal5,,,,
llama,math,delta_nll_c,Pk8-only,160.0,0.036136858244002035,0.1129751192880805,0.7999999999999999,1.0,4.0,intercept|p8_equal5,,,,
llama,math,delta_nll_c,Pk8-only,320.0,0.30785199658163376,0.09294269376066498,0.7999999999999999,1.0,4.0,intercept|p8_equal5,,,,
llama,math,delta_nll_c,Pk16-only,5.0,-372.0128911397619,0.01818282113391065,0.39999999999999997,1.0,4.0,intercept|p16_equal5,,,,
llama,math,delta_nll_c,Pk16-only,20.0,0.337596811347154,0.06365042490575168,0.19999999999999998,1.0,4.0,intercept|p16_equal5,,,,
llama,math,delta_nll_c,Pk16-only,40.0,0.8475268432849767,0.03564077404248412,0.39999999999999997,1.0,4.0,intercept|p16_equal5,,,,
llama,math,delta_nll_c,Pk16-only,80.0,0.633817168615229,0.05845276820951181,1.0,1.0,4.0,intercept|p16_equal5,,,,
llama,math,delta_nll_c,Pk16-only,160.0,0.6374296411856384,0.0645290946093907,0.7999999999999999,1.0,4.0,intercept|p16_equal5,,,,
llama,math,delta_nll_c,Pk16-only,320.0,0.4512329240057681,0.08045338105982183,0.7999999999999999,0.0,4.0,intercept|p16_equal5,,,,
llama,math,delta_nll_c,Pk32-only,5.0,-3338.3833966999964,0.05507858097454766,-0.39999999999999997,1.0,4.0,intercept|p32_equal5,,,,
llama,math,delta_nll_c,Pk32-only,20.0,0.7942990320451263,0.036521647113026925,0.19999999999999998,1.0,4.0,intercept|p32_equal5,,,,
llama,math,delta_nll_c,Pk32-only,40.0,0.9420658086800073,0.022318934667337864,1.0,1.0,4.0,intercept|p32_equal5,,,,
llama,math,delta_nll_c,Pk32-only,80.0,0.7804591174061797,0.04201927265138437,1.0,1.0,4.0,intercept|p32_equal5,,,,
llama,math,delta_nll_c,Pk32-only,160.0,0.7919507521404824,0.04867675818617144,1.0,1.0,4.0,intercept|p32_equal5,,,,
llama,math,delta_nll_c,Pk32-only,320.0,0.713912857941059,0.06330365161591665,0.7999999999999999,1.0,4.0,intercept|p32_equal5,,,,
llama,math,delta_nll_c,PkAll-only,5.0,-7403.993327915048,0.08141480202386266,-0.39999999999999997,0.1,4.0,intercept|p4_equal5|p8_equal5|p16_equal5|p32_equal5,,,,
llama,math,delta_nll_c,PkAll-only,20.0,0.12963128468980145,0.06185623623027704,0.19999999999999998,1.0,4.0,intercept|p4_equal5|p8_equal5|p16_equal5|p32_equal5,,,,
llama,math,delta_nll_c,PkAll-only,40.0,0.8588217852832555,0.03287695732692755,1.0,10.0,4.0,intercept|p4_equal5|p8_equal5|p16_equal5|p32_equal5,,,,
llama,math,delta_nll_c,PkAll-only,80.0,0.6131230086374649,0.056215117608995585,1.0,10.0,4.0,intercept|p4_equal5|p8_equal5|p16_equal5|p32_equal5,,,,
llama,math,delta_nll_c,PkAll-only,160.0,0.8497552806940432,0.04383872506026146,0.7999999999999999,1.0,4.0,intercept|p4_equal5|p8_equal5|p16_equal5|p32_equal5,,,,
llama,math,delta_nll_c,PkAll-only,320.0,0.8043345164285881,0.051759044558825754,0.7999999999999999,1.0,4.0,intercept|p4_equal5|p8_equal5|p16_equal5|p32_equal5,,,,
llama,math,delta_nll_c,M0,5.0,-11426.329290463038,0.09275785144741498,0.0,1.0,4.0,intercept|arm_offkd|arm_opd|arm_seqkd|arm_sft|log1p_checkpoint,,,,
llama,math,delta_nll_c,M0,20.0,0.943230805758487,0.020908082457426334,1.0,1.0,4.0,intercept|arm_offkd|arm_opd|arm_seqkd|arm_sft|log1p_checkpoint,,,,
llama,math,delta_nll_c,M0,40.0,0.9326999730249191,0.023553073195487315,1.0,0.0,4.0,intercept|arm_offkd|arm_opd|arm_seqkd|arm_sft|log1p_checkpoint,,,,
llama,math,delta_nll_c,M0,80.0,0.8454464432438356,0.03631701047492372,1.0,0.1,4.0,intercept|arm_offkd|arm_opd|arm_seqkd|arm_sft|log1p_checkpoint,,,,
llama,math,delta_nll_c,M0,160.0,0.8983817452944785,0.0405540725221843,1.0,1.0,4.0,intercept|arm_offkd|arm_opd|arm_seqkd|arm_sft|log1p_checkpoint,,,,
llama,math,delta_nll_c,M0,320.0,0.8037077714353511,0.04396497789701395,1.0,0.1,4.0,intercept|arm_offkd|arm_opd|arm_seqkd|arm_sft|log1p_checkpoint,,,,
llama,math,delta_nll_c,M0+C5,5.0,-5378.778892424417,0.05615332347780195,0.0,1.0,4.0,intercept|arm_offkd|arm_opd|arm_seqkd|arm_sft|log1p_checkpoint|c_equal5,,,,
llama,math,delta_nll_c,M0+C5,20.0,0.9371322717305477,0.018424018691277372,1.0,1.0,4.0,intercept|arm_offkd|arm_opd|arm_seqkd|arm_sft|log1p_checkpoint|c_equal5,,,,
llama,math,delta_nll_c,M0+C5,40.0,0.977853993147159,0.017130552392043356,1.0,1.0,4.0,intercept|arm_offkd|arm_opd|arm_seqkd|arm_sft|log1p_checkpoint|c_equal5,,,,
llama,math,delta_nll_c,M0+C5,80.0,0.8795607096361104,0.03391464903388225,0.7999999999999999,1.0,4.0,intercept|arm_offkd|arm_opd|arm_seqkd|arm_sft|log1p_checkpoint|c_equal5,,,,
llama,math,delta_nll_c,M0+C5,160.0,0.9378646732679338,0.02609367404813726,1.0,1.0,4.0,intercept|arm_offkd|arm_opd|arm_seqkd|arm_sft|log1p_checkpoint|c_equal5,,,,
llama,math,delta_nll_c,M0+C5,320.0,0.8551722218835799,0.046731196991191395,0.7999999999999999,1.0,4.0,intercept|arm_offkd|arm_opd|arm_seqkd|arm_sft|log1p_checkpoint|c_equal5,,,,
llama,math,delta_nll_c,M0+PkAll5,5.0,-4265.038196953497,0.06669214953906197,0.0,1.0,4.0,intercept|arm_offkd|arm_opd|arm_seqkd|arm_sft|log1p_checkpoint|p4_equal5|p8_equal5|p16_equal5|p32_equal5,,,,
llama,math,delta_nll_c,M0+PkAll5,20.0,0.3543780003378939,0.05108328335005862,0.7999999999999999,1.0,4.0,intercept|arm_offkd|arm_opd|arm_seqkd|arm_sft|log1p_checkpoint|p4_equal5|p8_equal5|p16_equal5|p32_equal5,,,,
llama,math,delta_nll_c,M0+PkAll5,40.0,0.9444223566715044,0.022182098105304016,1.0,10.0,4.0,intercept|arm_offkd|arm_opd|arm_seqkd|arm_sft|log1p_checkpoint|p4_equal5|p8_equal5|p16_equal5|p32_equal5,,,,
llama,math,delta_nll_c,M0+PkAll5,80.0,0.7584201996162252,0.041433137536573836,1.0,10.0,4.0,intercept|arm_offkd|arm_opd|arm_seqkd|arm_sft|log1p_checkpoint|p4_equal5|p8_equal5|p16_equal5|p32_equal5,,,,
llama,math,delta_nll_c,M0+PkAll5,160.0,0.9703285097215454,0.018707305155224598,1.0,0.01,4.0,intercept|arm_offkd|arm_opd|arm_seqkd|arm_sft|log1p_checkpoint|p4_equal5|p8_equal5|p16_equal5|p32_equal5,,,,
llama,math,delta_nll_c,M0+PkAll5,320.0,0.22930874079459973,0.07826862562287909,0.7999999999999999,0.0,4.0,intercept|arm_offkd|arm_opd|arm_seqkd|arm_sft|log1p_checkpoint|p4_equal5|p8_equal5|p16_equal5|p32_equal5,,,,
llama,math,delta_nll_c,M0+PkAll5+C5,5.0,-2813.8388899395695,0.04879697136452883,0.0,1.0,4.0,intercept|arm_offkd|arm_opd|arm_seqkd|arm_sft|log1p_checkpoint|p4_equal5|p8_equal5|p16_equal5|p32_equal5|c_equal5,,,,
llama,math,delta_nll_c,M0+PkAll5+C5,20.0,0.5989371609449321,0.04238344565825953,1.0,1.0,4.0,intercept|arm_offkd|arm_opd|arm_seqkd|arm_sft|log1p_checkpoint|p4_equal5|p8_equal5|p16_equal5|p32_equal5|c_equal5,,,,
llama,math,delta_nll_c,M0+PkAll5+C5,40.0,0.9601668827370716,0.019863383947789026,1.0,10.0,4.0,intercept|arm_offkd|arm_opd|arm_seqkd|arm_sft|log1p_checkpoint|p4_equal5|p8_equal5|p16_equal5|p32_equal5|c_equal5,,,,
llama,math,delta_nll_c,M0+PkAll5+C5,80.0,0.9399472155067131,0.03452273256028651,1.0,0.0,4.0,intercept|arm_offkd|arm_opd|arm_seqkd|arm_sft|log1p_checkpoint|p4_equal5|p8_equal5|p16_equal5|p32_equal5|c_equal5,,,,
llama,math,delta_nll_c,M0+PkAll5+C5,160.0,0.9736660471386608,0.019812740133535598,1.0,0.01,4.0,intercept|arm_offkd|arm_opd|arm_seqkd|arm_sft|log1p_checkpoint|p4_equal5|p8_equal5|p16_equal5|p32_equal5|c_equal5,,,,
llama,math,delta_nll_c,M0+PkAll5+C5,320.0,0.6502394051309343,0.047505629549952244,0.7999999999999999,0.1,4.0,intercept|arm_offkd|arm_opd|arm_seqkd|arm_sft|log1p_checkpoint|p4_equal5|p8_equal5|p16_equal5|p32_equal5|c_equal5,,,,
llama,math,delta_nll_b,C-only,5.0,-21.686142993003838,0.11285891152656533,-0.39999999999999997,100.0,4.0,intercept|c_equal5,,,,
llama,math,delta_nll_b,C-only,20.0,-5.671505038463528,0.08621210987775155,0.0,100.0,4.0,intercept|c_equal5,,,,
llama,math,delta_nll_b,C-only,40.0,-0.731958867880784,0.1223928872588832,-0.39999999999999997,1.0,4.0,intercept|c_equal5,,,,
llama,math,delta_nll_b,C-only,80.0,-0.08362060725710241,0.15520302717861728,0.0,1.0,4.0,intercept|c_equal5,,,,
llama,math,delta_nll_b,C-only,160.0,-0.03881784703569524,0.16798772110939836,0.0,100.0,4.0,intercept|c_equal5,,,,
llama,math,delta_nll_b,C-only,320.0,-0.07409628455231987,0.1906685879879405,0.0,100.0,4.0,intercept|c_equal5,,,,
llama,math,delta_nll_b,C-only-matched,5.0,-21.686142993003838,0.11285891152656533,-0.39999999999999997,100.0,4.0,intercept|c_equal5,,,,
llama,math,delta_nll_b,C-only-matched,20.0,-5.671505038463528,0.08621210987775155,0.0,100.0,4.0,intercept|c_equal5,,,,
llama,math,delta_nll_b,C-only-matched,40.0,-0.731958867880784,0.1223928872588832,-0.39999999999999997,1.0,4.0,intercept|c_equal5,,,,
llama,math,delta_nll_b,C-only-matched,80.0,-0.08362060725710241,0.15520302717861728,0.0,1.0,4.0,intercept|c_equal5,,,,
llama,math,delta_nll_b,C-only-matched,160.0,-0.03881784703569524,0.16798772110939836,0.0,100.0,4.0,intercept|c_equal5,,,,
llama,math,delta_nll_b,C-only-matched,320.0,-0.07409628455231987,0.1906685879879405,0.0,100.0,4.0,intercept|c_equal5,,,,
llama,math,delta_nll_b,Pk4-only,5.0,-19.946107273621074,0.10869351885515366,0.7999999999999999,100.0,4.0,intercept|p4_equal5,,,,
llama,math,delta_nll_b,Pk4-only,20.0,-5.2900427795238425,0.08302709120076614,-0.39999999999999997,100.0,4.0,intercept|p4_equal5,,,,
llama,math,delta_nll_b,Pk4-only,40.0,-0.026163829825295304,0.0938529241617348,-0.39999999999999997,100.0,4.0,intercept|p4_equal5,,,,
llama,math,delta_nll_b,Pk4-only,80.0,-0.07635447946017804,0.13368334285517292,0.7999999999999999,100.0,4.0,intercept|p4_equal5,,,,
llama,math,delta_nll_b,Pk4-only,160.0,-0.022001147975362123,0.16753909110807064,1.0,100.0,4.0,intercept|p4_equal5,,,,
llama,math,delta_nll_b,Pk4-only,320.0,-0.5072116281213133,0.29224431741914936,0.0,10.0,4.0,intercept|p4_equal5,,,,
llama,math,delta_nll_b,Pk8-only,5.0,-20.563107644573407,0.11015141484652836,0.39999999999999997,100.0,4.0,intercept|p8_equal5,,,,
llama,math,delta_nll_b,Pk8-only,20.0,-9.291881040794543,0.09575347393931938,-0.39999999999999997,10.0,4.0,intercept|p8_equal5,,,,
llama,math,delta_nll_b,Pk8-only,40.0,-0.9664880659847226,0.12215545224560294,-0.39999999999999997,0.0,4.0,intercept|p8_equal5,,,,
llama,math,delta_nll_b,Pk8-only,80.0,-0.029170264005347057,0.13440506705766897,0.39999999999999997,10.0,4.0,intercept|p8_equal5,,,,
llama,math,delta_nll_b,Pk8-only,160.0,0.1095424370129896,0.15886277402815918,0.7999999999999999,10.0,4.0,intercept|p8_equal5,,,,
llama,math,delta_nll_b,Pk8-only,320.0,-0.05945700793833231,0.19263567457209452,0.0,100.0,4.0,intercept|p8_equal5,,,,
llama,math,delta_nll_b,Pk16-only,5.0,-32.43455935345741,0.1378872803473109,0.0,0.0,4.0,intercept|p16_equal5,,,,
llama,math,delta_nll_b,Pk16-only,20.0,-5.971551913891282,0.08864572147505122,-0.7999999999999999,100.0,4.0,intercept|p16_equal5,,,,
llama,math,delta_nll_b,Pk16-only,40.0,-0.04098087418384644,0.095196283115596,-0.7999999999999999,100.0,4.0,intercept|p16_equal5,,,,
llama,math,delta_nll_b,Pk16-only,80.0,-0.11147452619090581,0.13684008935999653,0.39999999999999997,100.0,4.0,intercept|p16_equal5,,,,
llama,math,delta_nll_b,Pk16-only,160.0,-0.0662707955963655,0.16941591558001973,0.0,100.0,4.0,intercept|p16_equal5,,,,
llama,math,delta_nll_b,Pk16-only,320.0,-0.10528364621794806,0.18854312957168204,0.0,100.0,4.0,intercept|p16_equal5,,,,
llama,math,delta_nll_b,Pk32-only,5.0,-29.093623858471904,0.1304457548428292,-0.7999999999999999,0.0,4.0,intercept|p32_equal5,,,,
llama,math,delta_nll_b,Pk32-only,20.0,-5.947318322094927,0.08849574311014412,-0.7999999999999999,100.0,4.0,intercept|p32_equal5,,,,
llama,math,delta_nll_b,Pk32-only,40.0,-0.046572758075370535,0.09575979474051151,-0.19999999999999998,100.0,4.0,intercept|p32_equal5,,,,
llama,math,delta_nll_b,Pk32-only,80.0,-0.10829768974527165,0.13711208924745713,0.39999999999999997,100.0,4.0,intercept|p32_equal5,,,,
llama,math,delta_nll_b,Pk32-only,160.0,-0.06369278265449752,0.1696421712397761,0.39999999999999997,100.0,4.0,intercept|p32_equal5,,,,
llama,math,delta_nll_b,Pk32-only,320.0,-0.1013950259088423,0.18938414971320472,0.0,100.0,4.0,intercept|p32_equal5,,,,
llama,math,delta_nll_b,PkAll-only,5.0,-58.79819422908036,0.15891055076435154,0.39999999999999997,0.0,4.0,intercept|p4_equal5|p8_equal5|p16_equal5|p32_equal5,,,,
llama,math,delta_nll_b,PkAll-only,20.0,-4.6156175471403325,0.0858194037989001,-0.39999999999999997,0.01,4.0,intercept|p4_equal5|p8_equal5|p16_equal5|p32_equal5,,,,
llama,math,delta_nll_b,PkAll-only,40.0,0.04274331944775889,0.10178709200779716,0.39999999999999997,0.01,4.0,intercept|p4_equal5|p8_equal5|p16_equal5|p32_equal5,,,,
llama,math,delta_nll_b,PkAll-only,80.0,0.8734690690989313,0.05343703682472283,0.7999999999999999,0.0,4.0,intercept|p4_equal5|p8_equal5|p16_equal5|p32_equal5,,,,
llama,math,delta_nll_b,PkAll-only,160.0,0.01139242513320926,0.16543156397991682,0.7999999999999999,100.0,4.0,intercept|p4_equal5|p8_equal5|p16_equal5|p32_equal5,,,,
llama,math,delta_nll_b,PkAll-only,320.0,-0.2577960219994584,0.24480887059919293,0.0,0.1,4.0,intercept|p4_equal5|p8_equal5|p16_equal5|p32_equal5,,,,
llama,math,delta_nll_b,M0,5.0,-23.419279263776243,0.0820223231295663,0.6000000000000001,10.0,4.0,intercept|arm_offkd|arm_opd|arm_seqkd|arm_sft|log1p_checkpoint,,,,
llama,math,delta_nll_b,M0,20.0,-6.806109958033404,0.055775948044865166,1.0,10.0,4.0,intercept|arm_offkd|arm_opd|arm_seqkd|arm_sft|log1p_checkpoint,,,,
llama,math,delta_nll_b,M0,40.0,0.9196236702755901,0.024251347006525203,0.7999999999999999,10.0,4.0,intercept|arm_offkd|arm_opd|arm_seqkd|arm_sft|log1p_checkpoint,,,,
llama,math,delta_nll_b,M0,80.0,0.6775799981752157,0.06263851775290066,1.0,10.0,4.0,intercept|arm_offkd|arm_opd|arm_seqkd|arm_sft|log1p_checkpoint,,,,
llama,math,delta_nll_b,M0,160.0,0.5881267368259244,0.11933517520651293,1.0,10.0,4.0,intercept|arm_offkd|arm_opd|arm_seqkd|arm_sft|log1p_checkpoint,,,,
llama,math,delta_nll_b,M0,320.0,0.5200978759108701,0.15216226292824983,1.0,10.0,4.0,intercept|arm_offkd|arm_opd|arm_seqkd|arm_sft|log1p_checkpoint,,,,
llama,math,delta_nll_b,M0+C5,5.0,-107.28368555860379,0.18220304718294622,0.7999999999999999,0.1,4.0,intercept|arm_offkd|arm_opd|arm_seqkd|arm_sft|log1p_checkpoint|c_equal5,,,,
llama,math,delta_nll_b,M0+C5,20.0,-10.290231685722153,0.07317281992151153,1.0,1.0,4.0,intercept|arm_offkd|arm_opd|arm_seqkd|arm_sft|log1p_checkpoint|c_equal5,,,,
llama,math,delta_nll_b,M0+C5,40.0,0.8475738136569816,0.036476052414218696,0.7999999999999999,10.0,4.0,intercept|arm_offkd|arm_opd|arm_seqkd|arm_sft|log1p_checkpoint|c_equal5,,,,
llama,math,delta_nll_b,M0+C5,80.0,0.6867830710195415,0.06815704406868922,1.0,10.0,4.0,intercept|arm_offkd|arm_opd|arm_seqkd|arm_sft|log1p_checkpoint|c_equal5,,,,
llama,math,delta_nll_b,M0+C5,160.0,0.6303808703539034,0.11219866420282745,1.0,10.0,4.0,intercept|arm_offkd|arm_opd|arm_seqkd|arm_sft|log1p_checkpoint|c_equal5,,,,
llama,math,delta_nll_b,M0+C5,320.0,0.5580526376201778,0.1483568930440512,1.0,10.0,4.0,intercept|arm_offkd|arm_opd|arm_seqkd|arm_sft|log1p_checkpoint|c_equal5,,,,
llama,math,delta_nll_b,M0+PkAll5,5.0,-52.032285527789156,0.14587613649096398,0.7999999999999999,0.0,4.0,intercept|arm_offkd|arm_opd|arm_seqkd|arm_sft|log1p_checkpoint|p4_equal5|p8_equal5|p16_equal5|p32_equal5,,,,
llama,math,delta_nll_b,M0+PkAll5,20.0,-3.7772187783487077,0.05557809314186706,1.0,10.0,4.0,intercept|arm_offkd|arm_opd|arm_seqkd|arm_sft|log1p_checkpoint|p4_equal5|p8_equal5|p16_equal5|p32_equal5,,,,
llama,math,delta_nll_b,M0+PkAll5,40.0,0.8097204748069857,0.0446320306768498,0.7999999999999999,10.0,4.0,intercept|arm_offkd|arm_opd|arm_seqkd|arm_sft|log1p_checkpoint|p4_equal5|p8_equal5|p16_equal5|p32_equal5,,,,
llama,math,delta_nll_b,M0+PkAll5,80.0,0.7070109750499274,0.06374071794822095,1.0,10.0,4.0,intercept|arm_offkd|arm_opd|arm_seqkd|arm_sft|log1p_checkpoint|p4_equal5|p8_equal5|p16_equal5|p32_equal5,,,,
llama,math,delta_nll_b,M0+PkAll5,160.0,0.7109962565460439,0.0985487284125108,0.7999999999999999,10.0,4.0,intercept|arm_offkd|arm_opd|arm_seqkd|arm_sft|log1p_checkpoint|p4_equal5|p8_equal5|p16_equal5|p32_equal5,,,,
llama,math,delta_nll_b,M0+PkAll5,320.0,-0.21097884923610577,0.25288698793830017,0.39999999999999997,1.0,4.0,intercept|arm_offkd|arm_opd|arm_seqkd|arm_sft|log1p_checkpoint|p4_equal5|p8_equal5|p16_equal5|p32_equal5,,,,
llama,math,delta_nll_b,M0+PkAll5+C5,5.0,-39.61891089851141,0.1171330893080569,0.7999999999999999,0.1,4.0,intercept|arm_offkd|arm_opd|arm_seqkd|arm_sft|log1p_checkpoint|p4_equal5|p8_equal5|p16_equal5|p32_equal5|c_equal5,,,,
llama,math,delta_nll_b,M0+PkAll5+C5,20.0,-5.764857359456974,0.06685743728487686,1.0,1.0,4.0,intercept|arm_offkd|arm_opd|arm_seqkd|arm_sft|log1p_checkpoint|p4_equal5|p8_equal5|p16_equal5|p32_equal5|c_equal5,,,,
llama,math,delta_nll_b,M0+PkAll5+C5,40.0,0.6100743867519467,0.06272128005917993,0.7999999999999999,0.1,4.0,intercept|arm_offkd|arm_opd|arm_seqkd|arm_sft|log1p_checkpoint|p4_equal5|p8_equal5|p16_equal5|p32_equal5|c_equal5,,,,
llama,math,delta_nll_b,M0+PkAll5+C5,80.0,0.8080253124591206,0.06773616377536551,0.7999999999999999,0.001,4.0,intercept|arm_offkd|arm_opd|arm_seqkd|arm_sft|log1p_checkpoint|p4_equal5|p8_equal5|p16_equal5|p32_equal5|c_equal5,,,,
llama,math,delta_nll_b,M0+PkAll5+C5,160.0,0.7189698719185516,0.09723256823627648,1.0,10.0,4.0,intercept|arm_offkd|arm_opd|arm_seqkd|arm_sft|log1p_checkpoint|p4_equal5|p8_equal5|p16_equal5|p32_equal5|c_equal5,,,,
llama,math,delta_nll_b,M0+PkAll5+C5,320.0,0.2059267193472436,0.21569769062018251,0.7999999999999999,10.0,4.0,intercept|arm_offkd|arm_opd|arm_seqkd|arm_sft|log1p_checkpoint|p4_equal5|p8_equal5|p16_equal5|p32_equal5|c_equal5,,,,
llama,math,delta_nll_t,C-only,5.0,-8.69651881180242,0.14961805511928175,0.39999999999999997,0.0,4.0,intercept|c_equal5,,,,
llama,math,delta_nll_t,C-only,20.0,0.5051686987988415,0.23319286635541128,0.7999999999999999,0.0,4.0,intercept|c_equal5,,,,
llama,math,delta_nll_t,C-only,40.0,0.8484610277573919,0.24890691218502942,0.7999999999999999,0.0,4.0,intercept|c_equal5,,,,
llama,math,delta_nll_t,C-only,80.0,0.9234675130510497,0.1593079474554901,1.0,0.0,4.0,intercept|c_equal5,,,,
llama,math,delta_nll_t,C-only,160.0,0.7829296349972894,0.31416964468047476,0.7999999999999999,0.0,4.0,intercept|c_equal5,,,,
llama,math,delta_nll_t,C-only,320.0,0.8753823859130729,0.2847009680374168,0.7999999999999999,0.0,4.0,intercept|c_equal5,,,,
llama,math,delta_nll_t,C-only-matched,5.0,-8.69651881180242,0.14961805511928175,0.39999999999999997,0.0,4.0,intercept|c_equal5,,,,
llama,math,delta_nll_t,C-only-matched,20.0,0.5051686987988415,0.23319286635541128,0.7999999999999999,0.0,4.0,intercept|c_equal5,,,,
llama,math,delta_nll_t,C-only-matched,40.0,0.8484610277573919,0.24890691218502942,0.7999999999999999,0.0,4.0,intercept|c_equal5,,,,
llama,math,delta_nll_t,C-only-matched,80.0,0.9234675130510497,0.1593079474554901,1.0,0.0,4.0,intercept|c_equal5,,,,
llama,math,delta_nll_t,C-only-matched,160.0,0.7829296349972894,0.31416964468047476,0.7999999999999999,0.0,4.0,intercept|c_equal5,,,,
llama,math,delta_nll_t,C-only-matched,320.0,0.8753823859130729,0.2847009680374168,0.7999999999999999,0.0,4.0,intercept|c_equal5,,,,
llama,math,delta_nll_t,Pk4-only,5.0,-93.54345397977401,0.5151464142480344,0.19999999999999998,10.0,4.0,intercept|p4_equal5,,,,
llama,math,delta_nll_t,Pk4-only,20.0,0.05470572468538626,0.40436108540555493,0.39999999999999997,0.0,4.0,intercept|p4_equal5,,,,
llama,math,delta_nll_t,Pk4-only,40.0,0.2533603277708535,0.6635746752117756,0.7999999999999999,0.0,4.0,intercept|p4_equal5,,,,
llama,math,delta_nll_t,Pk4-only,80.0,0.056121732879864106,0.45789674112893963,0.6000000000000001,0.0,4.0,intercept|p4_equal5,,,,
llama,math,delta_nll_t,Pk4-only,160.0,0.23198403224122777,0.5552837728531118,0.39999999999999997,10.0,4.0,intercept|p4_equal5,,,,
llama,math,delta_nll_t,Pk4-only,320.0,0.10774363217246186,0.8071427599311783,0.7999999999999999,1.0,4.0,intercept|p4_equal5,,,,
llama,math,delta_nll_t,Pk8-only,5.0,-33.72432260155488,0.27424513323072663,0.39999999999999997,0.1,4.0,intercept|p8_equal5,,,,
llama,math,delta_nll_t,Pk8-only,20.0,-1.3412831755652586,0.6062356519659358,0.39999999999999997,0.0,4.0,intercept|p8_equal5,,,,
llama,math,delta_nll_t,Pk8-only,40.0,0.5646776706301161,0.479165502310576,0.7999999999999999,0.0,4.0,intercept|p8_equal5,,,,
llama,math,delta_nll_t,Pk8-only,80.0,0.47152635318824965,0.3674874188322679,0.7999999999999999,0.0,4.0,intercept|p8_equal5,,,,
llama,math,delta_nll_t,Pk8-only,160.0,0.5848917515120013,0.39278761593461403,0.7999999999999999,0.0,4.0,intercept|p8_equal5,,,,
llama,math,delta_nll_t,Pk8-only,320.0,0.6804063109000031,0.4204672721013429,0.7999999999999999,0.0,4.0,intercept|p8_equal5,,,,
llama,math,delta_nll_t,Pk16-only,5.0,-27.733883061508866,0.2733110818144124,-0.19999999999999998,0.0,4.0,intercept|p16_equal5,,,,
llama,math,delta_nll_t,Pk16-only,20.0,-2.6692190773723423,0.679265844967909,0.19999999999999998,0.1,4.0,intercept|p16_equal5,,,,
llama,math,delta_nll_t,Pk16-only,40.0,0.5678233922187937,0.46503226967625155,0.39999999999999997,0.0,4.0,intercept|p16_equal5,,,,
llama,math,delta_nll_t,Pk16-only,80.0,0.5010092381534099,0.3161656670278893,0.7999999999999999,0.0,4.0,intercept|p16_equal5,,,,
llama,math,delta_nll_t,Pk16-only,160.0,0.5020148867660792,0.42740677487187867,0.7999999999999999,0.0,4.0,intercept|p16_equal5,,,,
llama,math,delta_nll_t,Pk16-only,320.0,0.44095787928016306,0.5497653845595303,0.7999999999999999,0.0,4.0,intercept|p16_equal5,,,,
llama,math,delta_nll_t,Pk32-only,5.0,-14.47484588089175,0.20352038880097884,0.7999999999999999,0.0,4.0,intercept|p32_equal5,,,,
llama,math,delta_nll_t,Pk32-only,20.0,-0.7189775469407944,0.49571665537759785,0.19999999999999998,1.0,4.0,intercept|p32_equal5,,,,
llama,math,delta_nll_t,Pk32-only,40.0,0.7398921600864533,0.34650780894893274,1.0,0.0,4.0,intercept|p32_equal5,,,,
llama,math,delta_nll_t,Pk32-only,80.0,0.7355815798782773,0.21257715430225724,0.7999999999999999,0.0,4.0,intercept|p32_equal5,,,,
llama,math,delta_nll_t,Pk32-only,160.0,0.5331251299406469,0.40680278420901866,0.6000000000000001,0.0,4.0,intercept|p32_equal5,,,,
llama,math,delta_nll_t,Pk32-only,320.0,0.5625644761143289,0.4665212431800585,0.7999999999999999,0.0,4.0,intercept|p32_equal5,,,,
llama,math,delta_nll_t,PkAll-only,5.0,-116.4219905573801,0.47757177094556513,1.0,0.0,4.0,intercept|p4_equal5|p8_equal5|p16_equal5|p32_equal5,,,,
llama,math,delta_nll_t,PkAll-only,20.0,-2.101989148872302,0.6560204558864309,0.19999999999999998,0.1,4.0,intercept|p4_equal5|p8_equal5|p16_equal5|p32_equal5,,,,
llama,math,delta_nll_t,PkAll-only,40.0,0.6083412210833543,0.48001294579007986,0.7999999999999999,10.0,4.0,intercept|p4_equal5|p8_equal5|p16_equal5|p32_equal5,,,,
llama,math,delta_nll_t,PkAll-only,80.0,0.5917417352361991,0.33082613897777535,0.7999999999999999,10.0,4.0,intercept|p4_equal5|p8_equal5|p16_equal5|p32_equal5,,,,
llama,math,delta_nll_t,PkAll-only,160.0,0.7690536049119028,0.32552566325655546,0.7999999999999999,0.1,4.0,intercept|p4_equal5|p8_equal5|p16_equal5|p32_equal5,,,,
llama,math,delta_nll_t,PkAll-only,320.0,0.55181517150343,0.5377955651781559,0.7999999999999999,1.0,4.0,intercept|p4_equal5|p8_equal5|p16_equal5|p32_equal5,,,,
llama,math,delta_nll_t,M0,5.0,-155.3295314857756,0.6463286749465635,-0.19999999999999998,1.0,4.0,intercept|arm_offkd|arm_opd|arm_seqkd|arm_sft|log1p_checkpoint,,,,
llama,math,delta_nll_t,M0,20.0,0.5660715467042836,0.20931449411783626,0.7999999999999999,1.0,4.0,intercept|arm_offkd|arm_opd|arm_seqkd|arm_sft|log1p_checkpoint,,,,
llama,math,delta_nll_t,M0,40.0,0.7325804424333451,0.3215118600266884,0.7999999999999999,1.0,4.0,intercept|arm_offkd|arm_opd|arm_seqkd|arm_sft|log1p_checkpoint,,,,
llama,math,delta_nll_t,M0,80.0,0.9441289549013328,0.1253517775688365,1.0,0.0,4.0,intercept|arm_offkd|arm_opd|arm_seqkd|arm_sft|log1p_checkpoint,,,,
llama,math,delta_nll_t,M0,160.0,0.7738939125727594,0.2874481298363921,0.7999999999999999,0.1,4.0,intercept|arm_offkd|arm_opd|arm_seqkd|arm_sft|log1p_checkpoint,,,,
llama,math,delta_nll_t,M0,320.0,0.7125182981854706,0.4121767674433184,0.7999999999999999,1.0,4.0,intercept|arm_offkd|arm_opd|arm_seqkd|arm_sft|log1p_checkpoint,,,,
llama,math,delta_nll_t,M0+C5,5.0,-12.182854460676728,0.197810675472338,1.0,0.01,4.0,intercept|arm_offkd|arm_opd|arm_seqkd|arm_sft|log1p_checkpoint|c_equal5,,,,
llama,math,delta_nll_t,M0+C5,20.0,0.6824984074732258,0.23634578135339326,0.7999999999999999,0.0,4.0,intercept|arm_offkd|arm_opd|arm_seqkd|arm_sft|log1p_checkpoint|c_equal5,,,,
llama,math,delta_nll_t,M0+C5,40.0,0.8336673946912581,0.30360135687653234,0.7999999999999999,0.1,4.0,intercept|arm_offkd|arm_opd|arm_seqkd|arm_sft|log1p_checkpoint|c_equal5,,,,
llama,math,delta_nll_t,M0+C5,80.0,0.9481278446390169,0.12173013124442471,1.0,0.1,4.0,intercept|arm_offkd|arm_opd|arm_seqkd|arm_sft|log1p_checkpoint|c_equal5,,,,
llama,math,delta_nll_t,M0+C5,160.0,0.8655886282871564,0.23825504109351497,0.7999999999999999,0.1,4.0,intercept|arm_offkd|arm_opd|arm_seqkd|arm_sft|log1p_checkpoint|c_equal5,,,,
llama,math,delta_nll_t,M0+C5,320.0,0.9269883764110213,0.20999183294977208,0.7999999999999999,0.1,4.0,intercept|arm_offkd|arm_opd|arm_seqkd|arm_sft|log1p_checkpoint|c_equal5,,,,
llama,math,delta_nll_t,M0+PkAll5,5.0,-62.52389295145005,0.4252638542899914,1.0,0.0,4.0,intercept|arm_offkd|arm_opd|arm_seqkd|arm_sft|log1p_checkpoint|p4_equal5|p8_equal5|p16_equal5|p32_equal5,,,,
llama,math,delta_nll_t,M0+PkAll5,20.0,-0.492895459308182,0.4129417086880976,0.7999999999999999,0.1,4.0,intercept|arm_offkd|arm_opd|arm_seqkd|arm_sft|log1p_checkpoint|p4_equal5|p8_equal5|p16_equal5|p32_equal5,,,,
llama,math,delta_nll_t,M0+PkAll5,40.0,0.7976182993839186,0.32140698938108103,0.7999999999999999,10.0,4.0,intercept|arm_offkd|arm_opd|arm_seqkd|arm_sft|log1p_checkpoint|p4_equal5|p8_equal5|p16_equal5|p32_equal5,,,,
llama,math,delta_nll_t,M0+PkAll5,80.0,0.821526309879904,0.2263275315633157,1.0,10.0,4.0,intercept|arm_offkd|arm_opd|arm_seqkd|arm_sft|log1p_checkpoint|p4_equal5|p8_equal5|p16_equal5|p32_equal5,,,,
llama,math,delta_nll_t,M0+PkAll5,160.0,0.8421529282173789,0.2702211677294891,1.0,10.0,4.0,intercept|arm_offkd|arm_opd|arm_seqkd|arm_sft|log1p_checkpoint|p4_equal5|p8_equal5|p16_equal5|p32_equal5,,,,
llama,math,delta_nll_t,M0+PkAll5,320.0,0.749481221019106,0.37462250614156806,0.7999999999999999,10.0,4.0,intercept|arm_offkd|arm_opd|arm_seqkd|arm_sft|log1p_checkpoint|p4_equal5|p8_equal5|p16_equal5|p32_equal5,,,,
llama,math,delta_nll_t,M0+PkAll5+C5,5.0,-46.91741568844958,0.3692288585302988,1.0,0.0,4.0,intercept|arm_offkd|arm_opd|arm_seqkd|arm_sft|log1p_checkpoint|p4_equal5|p8_equal5|p16_equal5|p32_equal5|c_equal5,,,,
llama,math,delta_nll_t,M0+PkAll5+C5,20.0,0.20533028491595762,0.28853642281126934,0.7999999999999999,0.1,4.0,intercept|arm_offkd|arm_opd|arm_seqkd|arm_sft|log1p_checkpoint|p4_equal5|p8_equal5|p16_equal5|p32_equal5|c_equal5,,,,
llama,math,delta_nll_t,M0+PkAll5+C5,40.0,0.8411347708127734,0.3043960088322407,0.7999999999999999,1.0,4.0,intercept|arm_offkd|arm_opd|arm_seqkd|arm_sft|log1p_checkpoint|p4_equal5|p8_equal5|p16_equal5|p32_equal5|c_equal5,,,,
llama,math,delta_nll_t,M0+PkAll5+C5,80.0,0.8838393162443844,0.17308310731102472,1.0,10.0,4.0,intercept|arm_offkd|arm_opd|arm_seqkd|arm_sft|log1p_checkpoint|p4_equal5|p8_equal5|p16_equal5|p32_equal5|c_equal5,,,,
llama,math,delta_nll_t,M0+PkAll5+C5,160.0,0.8734330333532964,0.23693995132208126,1.0,10.0,4.0,intercept|arm_offkd|arm_opd|arm_seqkd|arm_sft|log1p_checkpoint|p4_equal5|p8_equal5|p16_equal5|p32_equal5|c_equal5,,,,
llama,math,delta_nll_t,M0+PkAll5+C5,320.0,0.8140429061090391,0.32260131036668166,0.7999999999999999,10.0,4.0,intercept|arm_offkd|arm_opd|arm_seqkd|arm_sft|log1p_checkpoint|p4_equal5|p8_equal5|p16_equal5|p32_equal5|c_equal5,,,,
llama,math,kl_b,C-only,5.0,-2060.4552390048607,0.1573592357701421,-0.7999999999999999,0.0,4.0,intercept|c_equal5,,,,
llama,math,kl_b,C-only,20.0,-0.13524906981489182,0.10039783189564647,0.39999999999999997,1.0,4.0,intercept|c_equal5,,,,
llama,math,kl_b,C-only,40.0,0.7333115618859665,0.04429195024973104,0.7999999999999999,0.0,4.0,intercept|c_equal5,,,,
llama,math,kl_b,C-only,80.0,0.8452748116828946,0.027486626624006166,0.7999999999999999,0.0,4.0,intercept|c_equal5,,,,
llama,math,kl_b,C-only,160.0,-1.0111795996768147,0.12182698605805418,0.7999999999999999,0.0,4.0,intercept|c_equal5,,,,
llama,math,kl_b,C-only,320.0,-1.0728278033753367,0.11663873803338098,0.7999999999999999,0.0,4.0,intercept|c_equal5,,,,
llama,math,kl_b,C-only-matched,5.0,-2060.4552390048607,0.1573592357701421,-0.7999999999999999,0.0,4.0,intercept|c_equal5,,,,
llama,math,kl_b,C-only-matched,20.0,-0.13524906981489182,0.10039783189564647,0.39999999999999997,1.0,4.0,intercept|c_equal5,,,,
llama,math,kl_b,C-only-matched,40.0,0.7333115618859665,0.04429195024973104,0.7999999999999999,0.0,4.0,intercept|c_equal5,,,,
llama,math,kl_b,C-only-matched,80.0,0.8452748116828946,0.027486626624006166,0.7999999999999999,0.0,4.0,intercept|c_equal5,,,,
llama,math,kl_b,C-only-matched,160.0,-1.0111795996768147,0.12182698605805418,0.7999999999999999,0.0,4.0,intercept|c_equal5,,,,
llama,math,kl_b,C-only-matched,320.0,-1.0728278033753367,0.11663873803338098,0.7999999999999999,0.0,4.0,intercept|c_equal5,,,,
llama,math,kl_b,Pk4-only,5.0,-1971.400159783613,0.1481703447454871,1.0,1.0,4.0,intercept|p4_equal5,,,,
llama,math,kl_b,Pk4-only,20.0,0.15262943981510246,0.08354108608514325,0.7999999999999999,0.0,4.0,intercept|p4_equal5,,,,
llama,math,kl_b,Pk4-only,40.0,0.5807855676673737,0.04327549716336989,0.7999999999999999,0.0,4.0,intercept|p4_equal5,,,,
llama,math,kl_b,Pk4-only,80.0,-0.5104869086573895,0.08757628377763099,0.7999999999999999,0.0,4.0,intercept|p4_equal5,,,,
llama,math,kl_b,Pk4-only,160.0,-0.7023894889578115,0.0953011535342354,0.39999999999999997,1.0,4.0,intercept|p4_equal5,,,,
llama,math,kl_b,Pk4-only,320.0,-2.5561180046587757,0.13886322808476137,0.7999999999999999,0.0,4.0,intercept|p4_equal5,,,,
llama,math,kl_b,Pk8-only,5.0,-1971.5340065426012,0.15045714707937916,0.7999999999999999,0.0,4.0,intercept|p8_equal5,,,,
llama,math,kl_b,Pk8-only,20.0,-0.5313604565639245,0.11000977405023935,0.7999999999999999,1.0,4.0,intercept|p8_equal5,,,,
llama,math,kl_b,Pk8-only,40.0,0.8957509169836888,0.02465932437968938,0.7999999999999999,0.0,4.0,intercept|p8_equal5,,,,
llama,math,kl_b,Pk8-only,80.0,0.1270165396684907,0.08444131672159455,1.0,0.0,4.0,intercept|p8_equal5,,,,
llama,math,kl_b,Pk8-only,160.0,-0.6443752166049219,0.10239352962139171,0.7999999999999999,0.0,4.0,intercept|p8_equal5,,,,
llama,math,kl_b,Pk8-only,320.0,0.6327185523213539,0.05255701926872239,0.7999999999999999,0.0,4.0,intercept|p8_equal5,,,,
llama,math,kl_b,Pk16-only,5.0,-1843.0440869513648,0.14827328426475067,0.6000000000000001,0.0,4.0,intercept|p16_equal5,,,,
llama,math,kl_b,Pk16-only,20.0,-2.1697198450392023,0.14433038825784708,1.0,1.0,4.0,intercept|p16_equal5,,,,
llama,math,kl_b,Pk16-only,40.0,0.7819167628560537,0.03625673209343289,0.39999999999999997,0.0,4.0,intercept|p16_equal5,,,,
llama,math,kl_b,Pk16-only,80.0,0.5157564625743485,0.07127046601933795,1.0,0.0,4.0,intercept|p16_equal5,,,,
llama,math,kl_b,Pk16-only,160.0,-0.7387484936136763,0.12150538968486181,0.7999999999999999,0.0,4.0,intercept|p16_equal5,,,,
llama,math,kl_b,Pk16-only,320.0,-0.2397066913241368,0.08820926725258886,0.7999999999999999,0.0,4.0,intercept|p16_equal5,,,,
llama,math,kl_b,Pk32-only,5.0,-1339.3679930523688,0.11928341502723586,0.39999999999999997,0.0,4.0,intercept|p32_equal5,,,,
llama,math,kl_b,Pk32-only,20.0,-0.9855710809671074,0.13499329485064562,1.0,0.0,4.0,intercept|p32_equal5,,,,
llama,math,kl_b,Pk32-only,40.0,0.7404874587686083,0.032146858377383486,1.0,0.0,4.0,intercept|p32_equal5,,,,
llama,math,kl_b,Pk32-only,80.0,0.8380016963816456,0.037554565660048854,1.0,0.0,4.0,intercept|p32_equal5,,,,
llama,math,kl_b,Pk32-only,160.0,-0.784121338327981,0.11922363446037679,1.0,0.0,4.0,intercept|p32_equal5,,,,
llama,math,kl_b,Pk32-only,320.0,-0.5992211930134246,0.10331189853982436,0.7999999999999999,0.0,4.0,intercept|p32_equal5,,,,
llama,math,kl_b,PkAll-only,5.0,-1599.8187533782489,0.13485261771621604,0.7999999999999999,10.0,4.0,intercept|p4_equal5|p8_equal5|p16_equal5|p32_equal5,,,,
llama,math,kl_b,PkAll-only,20.0,-0.5299091870671369,0.11446460366566179,1.0,10.0,4.0,intercept|p4_equal5|p8_equal5|p16_equal5|p32_equal5,,,,
llama,math,kl_b,PkAll-only,40.0,0.9819389615207528,0.012816036986263712,0.7999999999999999,10.0,4.0,intercept|p4_equal5|p8_equal5|p16_equal5|p32_equal5,,,,
llama,math,kl_b,PkAll-only,80.0,0.456538068181357,0.07110264066281048,1.0,1.0,4.0,intercept|p4_equal5|p8_equal5|p16_equal5|p32_equal5,,,,
llama,math,kl_b,PkAll-only,160.0,-0.3281588324006026,0.10934493715262487,0.7999999999999999,10.0,4.0,intercept|p4_equal5|p8_equal5|p16_equal5|p32_equal5,,,,
llama,math,kl_b,PkAll-only,320.0,-4.074264347701841,0.16259609002374817,0.7999999999999999,0.1,4.0,intercept|p4_equal5|p8_equal5|p16_equal5|p32_equal5,,,,
llama,math,kl_b,M0,5.0,-720.4182475477116,0.08097283243312849,-0.7999999999999999,1.0,4.0,intercept|arm_offkd|arm_opd|arm_seqkd|arm_sft|log1p_checkpoint,,,,
llama,math,kl_b,M0,20.0,0.6275993837527095,0.048363036313959336,0.19999999999999998,1.0,4.0,intercept|arm_offkd|arm_opd|arm_seqkd|arm_sft|log1p_checkpoint,,,,
llama,math,kl_b,M0,40.0,0.7792309732900793,0.03770779547286441,1.0,1.0,4.0,intercept|arm_offkd|arm_opd|arm_seqkd|arm_sft|log1p_checkpoint,,,,
llama,math,kl_b,M0,80.0,0.8596622056734604,0.03298898480777031,1.0,1.0,4.0,intercept|arm_offkd|arm_opd|arm_seqkd|arm_sft|log1p_checkpoint,,,,
llama,math,kl_b,M0,160.0,0.5784847613171,0.04285050259330346,1.0,1.0,4.0,intercept|arm_offkd|arm_opd|arm_seqkd|arm_sft|log1p_checkpoint,,,,
llama,math,kl_b,M0,320.0,0.6731098299464109,0.050530622209161574,1.0,1.0,4.0,intercept|arm_offkd|arm_opd|arm_seqkd|arm_sft|log1p_checkpoint,,,,
llama,math,kl_b,M0+C5,5.0,-125.813773103401,0.03511191558956752,-0.7999999999999999,1.0,4.0,intercept|arm_offkd|arm_opd|arm_seqkd|arm_sft|log1p_checkpoint|c_equal5,,,,
llama,math,kl_b,M0+C5,20.0,0.7596510832476977,0.03874365912033441,0.19999999999999998,0.01,4.0,intercept|arm_offkd|arm_opd|arm_seqkd|arm_sft|log1p_checkpoint|c_equal5,,,,
llama,math,kl_b,M0+C5,40.0,0.9695516404796442,0.014298269704527529,1.0,0.1,4.0,intercept|arm_offkd|arm_opd|arm_seqkd|arm_sft|log1p_checkpoint|c_equal5,,,,
llama,math,kl_b,M0+C5,80.0,0.8960885382500272,0.030017274550317927,0.7999999999999999,1.0,4.0,intercept|arm_offkd|arm_opd|arm_seqkd|arm_sft|log1p_checkpoint|c_equal5,,,,
llama,math,kl_b,M0+C5,160.0,0.6959778975107165,0.04410665045862729,1.0,0.1,4.0,intercept|arm_offkd|arm_opd|arm_seqkd|arm_sft|log1p_checkpoint|c_equal5,,,,
llama,math,kl_b,M0+C5,320.0,0.8233770596028354,0.03219140674018868,0.7999999999999999,1.0,4.0,intercept|arm_offkd|arm_opd|arm_seqkd|arm_sft|log1p_checkpoint|c_equal5,,,,
llama,math,kl_b,M0+PkAll5,5.0,-330.23188176975947,0.05771830094376056,-1.0,0.001,4.0,intercept|arm_offkd|arm_opd|arm_seqkd|arm_sft|log1p_checkpoint|p4_equal5|p8_equal5|p16_equal5|p32_equal5,,,,
llama,math,kl_b,M0+PkAll5,20.0,0.5231577038679264,0.057219805103883956,0.7999999999999999,0.1,4.0,intercept|arm_offkd|arm_opd|arm_seqkd|arm_sft|log1p_checkpoint|p4_equal5|p8_equal5|p16_equal5|p32_equal5,,,,
llama,math,kl_b,M0+PkAll5,40.0,0.9534612430615867,0.018498955325998136,1.0,0.01,4.0,intercept|arm_offkd|arm_opd|arm_seqkd|arm_sft|log1p_checkpoint|p4_equal5|p8_equal5|p16_equal5|p32_equal5,,,,
llama,math,kl_b,M0+PkAll5,80.0,0.8831585604721066,0.036718631780077275,1.0,0.0,4.0,intercept|arm_offkd|arm_opd|arm_seqkd|arm_sft|log1p_checkpoint|p4_equal5|p8_equal5|p16_equal5|p32_equal5,,,,
llama,math,kl_b,M0+PkAll5,160.0,0.7341050928398687,0.04327043604266108,1.0,1.0,4.0,intercept|arm_offkd|arm_opd|arm_seqkd|arm_sft|log1p_checkpoint|p4_equal5|p8_equal5|p16_equal5|p32_equal5,,,,
llama,math,kl_b,M0+PkAll5,320.0,-0.3573890222693621,0.0920103441813674,0.7999999999999999,1.0,4.0,intercept|arm_offkd|arm_opd|arm_seqkd|arm_sft|log1p_checkpoint|p4_equal5|p8_equal5|p16_equal5|p32_equal5,,,,
llama,math,kl_b,M0+PkAll5+C5,5.0,-170.57906764837026,0.041757414869938995,-0.7999999999999999,0.1,4.0,intercept|arm_offkd|arm_opd|arm_seqkd|arm_sft|log1p_checkpoint|p4_equal5|p8_equal5|p16_equal5|p32_equal5|c_equal5,,,,
llama,math,kl_b,M0+PkAll5+C5,20.0,0.6384123300336301,0.057744125748549646,0.19999999999999998,1.0,4.0,intercept|arm_offkd|arm_opd|arm_seqkd|arm_sft|log1p_checkpoint|p4_equal5|p8_equal5|p16_equal5|p32_equal5|c_equal5,,,,
llama,math,kl_b,M0+PkAll5+C5,40.0,0.9781285757478642,0.013539274420122233,1.0,1.0,4.0,intercept|arm_offkd|arm_opd|arm_seqkd|arm_sft|log1p_checkpoint|p4_equal5|p8_equal5|p16_equal5|p32_equal5|c_equal5,,,,
llama,math,kl_b,M0+PkAll5+C5,80.0,0.862400846056312,0.039289396191019614,1.0,0.0001,4.0,intercept|arm_offkd|arm_opd|arm_seqkd|arm_sft|log1p_checkpoint|p4_equal5|p8_equal5|p16_equal5|p32_equal5|c_equal5,,,,
llama,math,kl_b,M0+PkAll5+C5,160.0,0.7280028982487821,0.04621618251102773,1.0,1.0,4.0,intercept|arm_offkd|arm_opd|arm_seqkd|arm_sft|log1p_checkpoint|p4_equal5|p8_equal5|p16_equal5|p32_equal5|c_equal5,,,,
llama,math,kl_b,M0+PkAll5+C5,320.0,-0.1603095715356475,0.07807766036321073,0.7999999999999999,1.0,4.0,intercept|arm_offkd|arm_opd|arm_seqkd|arm_sft|log1p_checkpoint|p4_equal5|p8_equal5|p16_equal5|p32_equal5|c_equal5,,,,
llama,math,kl_t,C-only,5.0,-851.2287305622314,0.20757141274866153,-0.7999999999999999,0.0,4.0,intercept|c_equal5,,,,
llama,math,kl_t,C-only,20.0,-1.3649750367951405,0.2136481471566815,1.0,1.0,4.0,intercept|c_equal5,,,,
llama,math,kl_t,C-only,40.0,0.8696364625221484,0.08980579879448713,1.0,0.0,4.0,intercept|c_equal5,,,,
llama,math,kl_t,C-only,80.0,0.9397129482532314,0.07969154466215643,1.0,0.0,4.0,intercept|c_equal5,,,,
llama,math,kl_t,C-only,160.0,0.6485145063000061,0.21184825001066823,0.7999999999999999,0.0,4.0,intercept|c_equal5,,,,
llama,math,kl_t,C-only,320.0,0.7901397776316532,0.19944647198961157,0.7999999999999999,0.0,4.0,intercept|c_equal5,,,,
llama,math,kl_t,C-only-matched,5.0,-851.2287305622314,0.20757141274866153,-0.7999999999999999,0.0,4.0,intercept|c_equal5,,,,
llama,math,kl_t,C-only-matched,20.0,-1.3649750367951405,0.2136481471566815,1.0,1.0,4.0,intercept|c_equal5,,,,
llama,math,kl_t,C-only-matched,40.0,0.8696364625221484,0.08980579879448713,1.0,0.0,4.0,intercept|c_equal5,,,,
llama,math,kl_t,C-only-matched,80.0,0.9397129482532314,0.07969154466215643,1.0,0.0,4.0,intercept|c_equal5,,,,
llama,math,kl_t,C-only-matched,160.0,0.6485145063000061,0.21184825001066823,0.7999999999999999,0.0,4.0,intercept|c_equal5,,,,
llama,math,kl_t,C-only-matched,320.0,0.7901397776316532,0.19944647198961157,0.7999999999999999,0.0,4.0,intercept|c_equal5,,,,
llama,math,kl_t,Pk4-only,5.0,-1411.3548606379911,0.23683248631355364,1.0,0.1,4.0,intercept|p4_equal5,,,,
llama,math,kl_t,Pk4-only,20.0,-0.007595616956476814,0.1392334650925102,0.19999999999999998,0.0,4.0,intercept|p4_equal5,,,,
llama,math,kl_t,Pk4-only,40.0,0.45225804527106006,0.18223978334112526,0.39999999999999997,0.0,4.0,intercept|p4_equal5,,,,
llama,math,kl_t,Pk4-only,80.0,-0.009911588673002347,0.28933329132169894,0.6000000000000001,1.0,4.0,intercept|p4_equal5,,,,
llama,math,kl_t,Pk4-only,160.0,0.06141338247729389,0.33293360838493424,0.39999999999999997,10.0,4.0,intercept|p4_equal5,,,,
llama,math,kl_t,Pk4-only,320.0,0.05522420055862731,0.5163775143942687,0.7999999999999999,1.0,4.0,intercept|p4_equal5,,,,
llama,math,kl_t,Pk8-only,5.0,-1391.0315063057174,0.2486119631489685,0.7999999999999999,0.0,4.0,intercept|p8_equal5,,,,
llama,math,kl_t,Pk8-only,20.0,-3.953746840077044,0.3503442587345541,0.19999999999999998,0.1,4.0,intercept|p8_equal5,,,,
llama,math,kl_t,Pk8-only,40.0,0.8033885556611253,0.12886703997032986,0.39999999999999997,0.0,4.0,intercept|p8_equal5,,,,
llama,math,kl_t,Pk8-only,80.0,0.4336206591415558,0.23158938028540418,0.7999999999999999,0.0,4.0,intercept|p8_equal5,,,,
llama,math,kl_t,Pk8-only,160.0,0.49144715854697163,0.23545211862868765,0.7999999999999999,0.0,4.0,intercept|p8_equal5,,,,
llama,math,kl_t,Pk8-only,320.0,0.7288865409199696,0.23587261198681778,0.7999999999999999,0.0,4.0,intercept|p8_equal5,,,,
llama,math,kl_t,Pk16-only,5.0,-1356.712873097944,0.262239547179808,0.6000000000000001,0.0,4.0,intercept|p16_equal5,,,,
llama,math,kl_t,Pk16-only,20.0,-8.3377572452133,0.3995801842187456,0.39999999999999997,0.1,4.0,intercept|p16_equal5,,,,
llama,math,kl_t,Pk16-only,40.0,0.8119358821223025,0.10235410316523046,0.19999999999999998,0.0,4.0,intercept|p16_equal5,,,,
llama,math,kl_t,Pk16-only,80.0,0.49533663644853265,0.20003980998148024,0.7999999999999999,0.0,4.0,intercept|p16_equal5,,,,
llama,math,kl_t,Pk16-only,160.0,0.3472272745472098,0.2608142137673469,0.7999999999999999,0.0,4.0,intercept|p16_equal5,,,,
llama,math,kl_t,Pk16-only,320.0,0.36214382633061226,0.3472476892677554,0.7999999999999999,0.0,4.0,intercept|p16_equal5,,,,
llama,math,kl_t,Pk32-only,5.0,-750.3863570349414,0.19166350530098558,0.39999999999999997,0.0,4.0,intercept|p32_equal5,,,,
llama,math,kl_t,Pk32-only,20.0,-3.7125984572403707,0.32192520965132543,0.39999999999999997,1.0,4.0,intercept|p32_equal5,,,,
llama,math,kl_t,Pk32-only,40.0,0.883711859316217,0.07808983403029174,0.7999999999999999,0.0,4.0,intercept|p32_equal5,,,,
llama,math,kl_t,Pk32-only,80.0,0.7449242229138917,0.13718042709546208,0.7999999999999999,0.0,4.0,intercept|p32_equal5,,,,
llama,math,kl_t,Pk32-only,160.0,0.4081584822218054,0.22875688259580745,0.6000000000000001,0.0,4.0,intercept|p32_equal5,,,,
llama,math,kl_t,Pk32-only,320.0,0.4749720733137305,0.2796366383729919,0.7999999999999999,0.0,4.0,intercept|p32_equal5,,,,
llama,math,kl_t,PkAll-only,5.0,-1016.7836729726229,0.20508955631590695,0.7999999999999999,10.0,4.0,intercept|p4_equal5|p8_equal5|p16_equal5|p32_equal5,,,,
llama,math,kl_t,PkAll-only,20.0,-3.2212132794244184,0.3027250090479616,0.39999999999999997,10.0,4.0,intercept|p4_equal5|p8_equal5|p16_equal5|p32_equal5,,,,
llama,math,kl_t,PkAll-only,40.0,0.9111833931819353,0.0838320050898916,0.39999999999999997,10.0,4.0,intercept|p4_equal5|p8_equal5|p16_equal5|p32_equal5,,,,
llama,math,kl_t,PkAll-only,80.0,0.5444808186526239,0.21781705835278237,0.7999999999999999,10.0,4.0,intercept|p4_equal5|p8_equal5|p16_equal5|p32_equal5,,,,
llama,math,kl_t,PkAll-only,160.0,0.5246454530557656,0.25604462544866363,0.7999999999999999,10.0,4.0,intercept|p4_equal5|p8_equal5|p16_equal5|p32_equal5,,,,
llama,math,kl_t,PkAll-only,320.0,0.34321903823574507,0.41948339902556026,0.7999999999999999,1.0,4.0,intercept|p4_equal5|p8_equal5|p16_equal5|p32_equal5,,,,
llama,math,kl_t,M0,5.0,-2233.0549011185676,0.33131292780925875,-1.0,1.0,4.0,intercept|arm_offkd|arm_opd|arm_seqkd|arm_sft|log1p_checkpoint,,,,
llama,math,kl_t,M0,20.0,-0.4256912903639354,0.1955413680342308,1.0,0.1,4.0,intercept|arm_offkd|arm_opd|arm_seqkd|arm_sft|log1p_checkpoint,,,,
llama,math,kl_t,M0,40.0,0.7262720736199135,0.1399547121278069,1.0,0.0,4.0,intercept|arm_offkd|arm_opd|arm_seqkd|arm_sft|log1p_checkpoint,,,,
llama,math,kl_t,M0,80.0,0.8712771100967938,0.13165774858414747,1.0,1.0,4.0,intercept|arm_offkd|arm_opd|arm_seqkd|arm_sft|log1p_checkpoint,,,,
llama,math,kl_t,M0,160.0,0.7620885105608968,0.1623906420070106,0.7999999999999999,1.0,4.0,intercept|arm_offkd|arm_opd|arm_seqkd|arm_sft|log1p_checkpoint,,,,
llama,math,kl_t,M0,320.0,0.6200850795718202,0.30613077079744316,0.7999999999999999,1.0,4.0,intercept|arm_offkd|arm_opd|arm_seqkd|arm_sft|log1p_checkpoint,,,,
llama,math,kl_t,M0+C5,5.0,-1031.5172329363897,0.17549880412129587,0.39999999999999997,0.1,4.0,intercept|arm_offkd|arm_opd|arm_seqkd|arm_sft|log1p_checkpoint|c_equal5,,,,
llama,math,kl_t,M0+C5,20.0,-0.19949179499429714,0.16334387488051674,1.0,0.0,4.0,intercept|arm_offkd|arm_opd|arm_seqkd|arm_sft|log1p_checkpoint|c_equal5,,,,
llama,math,kl_t,M0+C5,40.0,0.9539099564718249,0.058422513398471,1.0,1.0,4.0,intercept|arm_offkd|arm_opd|arm_seqkd|arm_sft|log1p_checkpoint|c_equal5,,,,
llama,math,kl_t,M0+C5,80.0,0.9058961401351086,0.11227034139974164,1.0,1.0,4.0,intercept|arm_offkd|arm_opd|arm_seqkd|arm_sft|log1p_checkpoint|c_equal5,,,,
llama,math,kl_t,M0+C5,160.0,0.9045786496447864,0.09732627952318687,0.7999999999999999,1.0,4.0,intercept|arm_offkd|arm_opd|arm_seqkd|arm_sft|log1p_checkpoint|c_equal5,,,,
llama,math,kl_t,M0+C5,320.0,0.8921139502700973,0.14277039641861006,0.7999999999999999,1.0,4.0,intercept|arm_offkd|arm_opd|arm_seqkd|arm_sft|log1p_checkpoint|c_equal5,,,,
llama,math,kl_t,M0+PkAll5,5.0,-369.58376855283745,0.11205793045356649,-0.7999999999999999,10.0,4.0,intercept|arm_offkd|arm_opd|arm_seqkd|arm_sft|log1p_checkpoint|p4_equal5|p8_equal5|p16_equal5|p32_equal5,,,,
llama,math,kl_t,M0+PkAll5,20.0,-1.9822014772804697,0.19407834415213682,0.7999999999999999,0.1,4.0,intercept|arm_offkd|arm_opd|arm_seqkd|arm_sft|log1p_checkpoint|p4_equal5|p8_equal5|p16_equal5|p32_equal5,,,,
llama,math,kl_t,M0+PkAll5,40.0,0.9502300429061493,0.0669045354828134,1.0,10.0,4.0,intercept|arm_offkd|arm_opd|arm_seqkd|arm_sft|log1p_checkpoint|p4_equal5|p8_equal5|p16_equal5|p32_equal5,,,,
llama,math,kl_t,M0+PkAll5,80.0,0.7572050632082179,0.14141441374768976,1.0,10.0,4.0,intercept|arm_offkd|arm_opd|arm_seqkd|arm_sft|log1p_checkpoint|p4_equal5|p8_equal5|p16_equal5|p32_equal5,,,,
llama,math,kl_t,M0+PkAll5,160.0,0.789434566773209,0.17115949815951992,1.0,10.0,4.0,intercept|arm_offkd|arm_opd|arm_seqkd|arm_sft|log1p_checkpoint|p4_equal5|p8_equal5|p16_equal5|p32_equal5,,,,
llama,math,kl_t,M0+PkAll5,320.0,-0.24239630557844727,0.5173068650558135,0.7999999999999999,0.1,4.0,intercept|arm_offkd|arm_opd|arm_seqkd|arm_sft|log1p_checkpoint|p4_equal5|p8_equal5|p16_equal5|p32_equal5,,,,
llama,math,kl_t,M0+PkAll5+C5,5.0,-225.95903448230513,0.08337462705859373,-0.39999999999999997,10.0,4.0,intercept|arm_offkd|arm_opd|arm_seqkd|arm_sft|log1p_checkpoint|p4_equal5|p8_equal5|p16_equal5|p32_equal5|c_equal5,,,,
llama,math,kl_t,M0+PkAll5+C5,20.0,-0.4269912927613342,0.16664332662365652,1.0,0.1,4.0,intercept|arm_offkd|arm_opd|arm_seqkd|arm_sft|log1p_checkpoint|p4_equal5|p8_equal5|p16_equal5|p32_equal5|c_equal5,,,,
llama,math,kl_t,M0+PkAll5+C5,40.0,0.9682050447494436,0.05611582620065988,1.0,10.0,4.0,intercept|arm_offkd|arm_opd|arm_seqkd|arm_sft|log1p_checkpoint|p4_equal5|p8_equal5|p16_equal5|p32_equal5|c_equal5,,,,
llama,math,kl_t,M0+PkAll5+C5,80.0,0.7615871073460239,0.15544104278490384,1.0,0.0,4.0,intercept|arm_offkd|arm_opd|arm_seqkd|arm_sft|log1p_checkpoint|p4_equal5|p8_equal5|p16_equal5|p32_equal5|c_equal5,,,,
llama,math,kl_t,M0+PkAll5+C5,160.0,0.8403186631084378,0.15156377564568302,1.0,10.0,4.0,intercept|arm_offkd|arm_opd|arm_seqkd|arm_sft|log1p_checkpoint|p4_equal5|p8_equal5|p16_equal5|p32_equal5|c_equal5,,,,
llama,math,kl_t,M0+PkAll5+C5,320.0,0.24492941073614805,0.38777300655739655,0.7999999999999999,0.1,4.0,intercept|arm_offkd|arm_opd|arm_seqkd|arm_sft|log1p_checkpoint|p4_equal5|p8_equal5|p16_equal5|p32_equal5|c_equal5,,,,
llama,math,abs_delta_nll_c,C-only,5.0,-30.890940550634358,0.011086696758593754,-0.7999999999999999,1.0,4.0,intercept|c_equal5,,,,
llama,math,abs_delta_nll_c,C-only,20.0,0.8843066363149565,0.021976532658793447,0.7999999999999999,1.0,4.0,intercept|c_equal5,,,,
llama,math,abs_delta_nll_c,C-only,40.0,0.8910143843080202,0.031907967863770224,0.7999999999999999,1.0,4.0,intercept|c_equal5,,,,
llama,math,abs_delta_nll_c,C-only,80.0,0.722602367973746,0.06126408615635148,0.7999999999999999,1.0,4.0,intercept|c_equal5,,,,
llama,math,abs_delta_nll_c,C-only,160.0,0.7654033797150049,0.05211180644305864,0.7999999999999999,1.0,4.0,intercept|c_equal5,,,,
llama,math,abs_delta_nll_c,C-only,320.0,0.6569934172390337,0.0557729359923574,0.7999999999999999,1.0,4.0,intercept|c_equal5,,,,
llama,math,abs_delta_nll_c,C-only-matched,5.0,-30.890940550634358,0.011086696758593754,-0.7999999999999999,1.0,4.0,intercept|c_equal5,,,,
llama,math,abs_delta_nll_c,C-only-matched,20.0,0.8843066363149565,0.021976532658793447,0.7999999999999999,1.0,4.0,intercept|c_equal5,,,,
llama,math,abs_delta_nll_c,C-only-matched,40.0,0.8910143843080202,0.031907967863770224,0.7999999999999999,1.0,4.0,intercept|c_equal5,,,,
llama,math,abs_delta_nll_c,C-only-matched,80.0,0.722602367973746,0.06126408615635148,0.7999999999999999,1.0,4.0,intercept|c_equal5,,,,
llama,math,abs_delta_nll_c,C-only-matched,160.0,0.7654033797150049,0.05211180644305864,0.7999999999999999,1.0,4.0,intercept|c_equal5,,,,
llama,math,abs_delta_nll_c,C-only-matched,320.0,0.6569934172390337,0.0557729359923574,0.7999999999999999,1.0,4.0,intercept|c_equal5,,,,
llama,math,abs_delta_nll_c,Pk4-only,5.0,-647.7129793707775,0.0479741473499334,1.0,1.0,4.0,intercept|p4_equal5,,,,
llama,math,abs_delta_nll_c,Pk4-only,20.0,0.3210232734415487,0.06318145040296937,0.39999999999999997,1.0,4.0,intercept|p4_equal5,,,,
llama,math,abs_delta_nll_c,Pk4-only,40.0,0.193668640280387,0.07314399029121774,0.7999999999999999,0.0,4.0,intercept|p4_equal5,,,,
llama,math,abs_delta_nll_c,Pk4-only,80.0,-0.10701077536325165,0.0951630790767351,0.7999999999999999,1.0,4.0,intercept|p4_equal5,,,,
llama,math,abs_delta_nll_c,Pk4-only,160.0,-0.09151646018250315,0.10755927307313178,0.39999999999999997,10.0,4.0,intercept|p4_equal5,,,,
llama,math,abs_delta_nll_c,Pk4-only,320.0,0.22999828966249414,0.09654037530164383,0.7999999999999999,0.0,4.0,intercept|p4_equal5,,,,
llama,math,abs_delta_nll_c,Pk8-only,5.0,-275.93482416295217,0.02548253917271243,0.7999999999999999,0.1,4.0,intercept|p8_equal5,,,,
llama,math,abs_delta_nll_c,Pk8-only,20.0,0.8328158493018311,0.03296338201122389,0.39999999999999997,1.0,4.0,intercept|p8_equal5,,,,
llama,math,abs_delta_nll_c,Pk8-only,40.0,0.617687327422777,0.04794518579134582,0.7999999999999999,0.0,4.0,intercept|p8_equal5,,,,
llama,math,abs_delta_nll_c,Pk8-only,80.0,0.20209052710169195,0.07179978516904584,1.0,0.1,4.0,intercept|p8_equal5,,,,
llama,math,abs_delta_nll_c,Pk8-only,160.0,-0.0030750849253196044,0.10728852775749048,0.7999999999999999,1.0,4.0,intercept|p8_equal5,,,,
llama,math,abs_delta_nll_c,Pk8-only,320.0,0.334202888834499,0.08683954891420226,0.7999999999999999,1.0,4.0,intercept|p8_equal5,,,,
llama,math,abs_delta_nll_c,Pk16-only,5.0,-79.18344878364914,0.016643095689069458,0.6000000000000001,1.0,4.0,intercept|p16_equal5,,,,
llama,math,abs_delta_nll_c,Pk16-only,20.0,0.2726307862344097,0.060151078747921305,0.19999999999999998,1.0,4.0,intercept|p16_equal5,,,,
llama,math,abs_delta_nll_c,Pk16-only,40.0,0.8567644467620763,0.03258494124975926,0.39999999999999997,1.0,4.0,intercept|p16_equal5,,,,
llama,math,abs_delta_nll_c,Pk16-only,80.0,0.6294425293062338,0.052727604993962965,1.0,1.0,4.0,intercept|p16_equal5,,,,
llama,math,abs_delta_nll_c,Pk16-only,160.0,0.6383247603746862,0.060608768172638654,0.7999999999999999,1.0,4.0,intercept|p16_equal5,,,,
llama,math,abs_delta_nll_c,Pk16-only,320.0,0.47862858296624755,0.07481860586452985,0.7999999999999999,0.0,4.0,intercept|p16_equal5,,,,
llama,math,abs_delta_nll_c,Pk32-only,5.0,-894.2156129783435,0.04406486978076841,0.39999999999999997,1.0,4.0,intercept|p32_equal5,,,,
llama,math,abs_delta_nll_c,Pk32-only,20.0,0.7854438233072688,0.03381617310596462,0.19999999999999998,1.0,4.0,intercept|p32_equal5,,,,
llama,math,abs_delta_nll_c,Pk32-only,40.0,0.9455869688711737,0.02003496669640924,1.0,1.0,4.0,intercept|p32_equal5,,,,
llama,math,abs_delta_nll_c,Pk32-only,80.0,0.7765251812844107,0.038696323276510236,1.0,1.0,4.0,intercept|p32_equal5,,,,
llama,math,abs_delta_nll_c,Pk32-only,160.0,0.7940857421493718,0.045314255698249484,1.0,1.0,4.0,intercept|p32_equal5,,,,
llama,math,abs_delta_nll_c,Pk32-only,320.0,0.735344177493632,0.05854058728643158,0.7999999999999999,1.0,4.0,intercept|p32_equal5,,,,
llama,math,abs_delta_nll_c,PkAll-only,5.0,-849.2167066996805,0.04159130307884685,0.39999999999999997,1.0,4.0,intercept|p4_equal5|p8_equal5|p16_equal5|p32_equal5,,,,
llama,math,abs_delta_nll_c,PkAll-only,20.0,0.07516541184965009,0.058721642044855936,0.19999999999999998,1.0,4.0,intercept|p4_equal5|p8_equal5|p16_equal5|p32_equal5,,,,
llama,math,abs_delta_nll_c,PkAll-only,40.0,0.8651116362375697,0.028121971690354852,1.0,10.0,4.0,intercept|p4_equal5|p8_equal5|p16_equal5|p32_equal5,,,,
llama,math,abs_delta_nll_c,PkAll-only,80.0,0.8429297190308425,0.036225216324665896,1.0,1.0,4.0,intercept|p4_equal5|p8_equal5|p16_equal5|p32_equal5,,,,
llama,math,abs_delta_nll_c,PkAll-only,160.0,0.8601709611010667,0.03854272471661795,0.7999999999999999,1.0,4.0,intercept|p4_equal5|p8_equal5|p16_equal5|p32_equal5,,,,
llama,math,abs_delta_nll_c,PkAll-only,320.0,0.8308775440062892,0.04611863765554138,0.7999999999999999,1.0,4.0,intercept|p4_equal5|p8_equal5|p16_equal5|p32_equal5,,,,
llama,math,abs_delta_nll_c,M0,5.0,-4115.855419198394,0.08611624059173706,-0.7999999999999999,1.0,4.0,intercept|arm_offkd|arm_opd|arm_seqkd|arm_sft|log1p_checkpoint,,,,
llama,math,abs_delta_nll_c,M0,20.0,0.9377184407815139,0.02039862841221045,1.0,1.0,4.0,intercept|arm_offkd|arm_opd|arm_seqkd|arm_sft|log1p_checkpoint,,,,
llama,math,abs_delta_nll_c,M0,40.0,0.926691532399782,0.023704231186038906,1.0,0.0,4.0,intercept|arm_offkd|arm_opd|arm_seqkd|arm_sft|log1p_checkpoint,,,,
llama,math,abs_delta_nll_c,M0,80.0,0.8177901087382897,0.0371653560609877,1.0,1.0,4.0,intercept|arm_offkd|arm_opd|arm_seqkd|arm_sft|log1p_checkpoint,,,,
llama,math,abs_delta_nll_c,M0,160.0,0.8966898621222376,0.03796691399795369,1.0,1.0,4.0,intercept|arm_offkd|arm_opd|arm_seqkd|arm_sft|log1p_checkpoint,,,,
llama,math,abs_delta_nll_c,M0,320.0,0.8038069832613154,0.04033388776130852,1.0,1.0,4.0,intercept|arm_offkd|arm_opd|arm_seqkd|arm_sft|log1p_checkpoint,,,,
llama,math,abs_delta_nll_c,M0+C5,5.0,-2038.605725146794,0.052064770438520626,-0.7999999999999999,1.0,4.0,intercept|arm_offkd|arm_opd|arm_seqkd|arm_sft|log1p_checkpoint|c_equal5,,,,
llama,math,abs_delta_nll_c,M0+C5,20.0,0.935181929576174,0.016162754501827355,1.0,1.0,4.0,intercept|arm_offkd|arm_opd|arm_seqkd|arm_sft|log1p_checkpoint|c_equal5,,,,
llama,math,abs_delta_nll_c,M0+C5,40.0,0.9757528744613266,0.01726873912210606,1.0,1.0,4.0,intercept|arm_offkd|arm_opd|arm_seqkd|arm_sft|log1p_checkpoint|c_equal5,,,,
llama,math,abs_delta_nll_c,M0+C5,80.0,0.8717853343538875,0.03261008551178883,0.7999999999999999,1.0,4.0,intercept|arm_offkd|arm_opd|arm_seqkd|arm_sft|log1p_checkpoint|c_equal5,,,,
llama,math,abs_delta_nll_c,M0+C5,160.0,0.9325063194260723,0.026462881181995017,1.0,1.0,4.0,intercept|arm_offkd|arm_opd|arm_seqkd|arm_sft|log1p_checkpoint|c_equal5,,,,
llama,math,abs_delta_nll_c,M0+C5,320.0,0.8356672839354269,0.04662143200322157,0.7999999999999999,1.0,4.0,intercept|arm_offkd|arm_opd|arm_seqkd|arm_sft|log1p_checkpoint|c_equal5,,,,
llama,math,abs_delta_nll_c,M0+PkAll5,5.0,-1562.5247961794155,0.062265115284248274,-0.7999999999999999,1.0,4.0,intercept|arm_offkd|arm_opd|arm_seqkd|arm_sft|log1p_checkpoint|p4_equal5|p8_equal5|p16_equal5|p32_equal5,,,,
llama,math,abs_delta_nll_c,M0+PkAll5,20.0,0.32530674687265015,0.047071962198839544,0.39999999999999997,1.0,4.0,intercept|arm_offkd|arm_opd|arm_seqkd|arm_sft|log1p_checkpoint|p4_equal5|p8_equal5|p16_equal5|p32_equal5,,,,
llama,math,abs_delta_nll_c,M0+PkAll5,40.0,0.9415648561543616,0.02173567974517154,1.0,10.0,4.0,intercept|arm_offkd|arm_opd|arm_seqkd|arm_sft|log1p_checkpoint|p4_equal5|p8_equal5|p16_equal5|p32_equal5,,,,
llama,math,abs_delta_nll_c,M0+PkAll5,80.0,0.7471275494846399,0.040659532420577245,1.0,10.0,4.0,intercept|arm_offkd|arm_opd|arm_seqkd|arm_sft|log1p_checkpoint|p4_equal5|p8_equal5|p16_equal5|p32_equal5,,,,
llama,math,abs_delta_nll_c,M0+PkAll5,160.0,0.9687187743027171,0.017940756584663545,1.0,0.01,4.0,intercept|arm_offkd|arm_opd|arm_seqkd|arm_sft|log1p_checkpoint|p4_equal5|p8_equal5|p16_equal5|p32_equal5,,,,
llama,math,abs_delta_nll_c,M0+PkAll5,320.0,0.27484993568526916,0.07034606382987663,0.7999999999999999,0.0,4.0,intercept|arm_offkd|arm_opd|arm_seqkd|arm_sft|log1p_checkpoint|p4_equal5|p8_equal5|p16_equal5|p32_equal5,,,,
llama,math,abs_delta_nll_c,M0+PkAll5+C5,5.0,-1051.6478265322144,0.0466958691122954,-0.7999999999999999,1.0,4.0,intercept|arm_offkd|arm_opd|arm_seqkd|arm_sft|log1p_checkpoint|p4_equal5|p8_equal5|p16_equal5|p32_equal5|c_equal5,,,,
llama,math,abs_delta_nll_c,M0+PkAll5+C5,20.0,0.5777714125993463,0.03893431208478572,0.7999999999999999,1.0,4.0,intercept|arm_offkd|arm_opd|arm_seqkd|arm_sft|log1p_checkpoint|p4_equal5|p8_equal5|p16_equal5|p32_equal5|c_equal5,,,,
llama,math,abs_delta_nll_c,M0+PkAll5+C5,40.0,0.9579097395498862,0.019534286108904647,1.0,10.0,4.0,intercept|arm_offkd|arm_opd|arm_seqkd|arm_sft|log1p_checkpoint|p4_equal5|p8_equal5|p16_equal5|p32_equal5|c_equal5,,,,
llama,math,abs_delta_nll_c,M0+PkAll5+C5,80.0,0.9402907758088377,0.03323939548873783,1.0,0.0001,4.0,intercept|arm_offkd|arm_opd|arm_seqkd|arm_sft|log1p_checkpoint|p4_equal5|p8_equal5|p16_equal5|p32_equal5|c_equal5,,,,
llama,math,abs_delta_nll_c,M0+PkAll5+C5,160.0,0.97190929629098,0.01853675124648569,1.0,0.01,4.0,intercept|arm_offkd|arm_opd|arm_seqkd|arm_sft|log1p_checkpoint|p4_equal5|p8_equal5|p16_equal5|p32_equal5|c_equal5,,,,
llama,math,abs_delta_nll_c,M0+PkAll5+C5,320.0,0.6783341080038161,0.0436221095335836,0.7999999999999999,0.1,4.0,intercept|arm_offkd|arm_opd|arm_seqkd|arm_sft|log1p_checkpoint|p4_equal5|p8_equal5|p16_equal5|p32_equal5|c_equal5,,,,
llama,math,abs_delta_nll_b,C-only,5.0,-127.06334667073781,0.15419914094081388,-0.7999999999999999,10.0,4.0,intercept|c_equal5,,,,
llama,math,abs_delta_nll_b,C-only,20.0,-1.287299449422485,0.07352183145693023,0.7999999999999999,10.0,4.0,intercept|c_equal5,,,,
llama,math,abs_delta_nll_b,C-only,40.0,-1.149940976716648,0.07170562288251539,0.6000000000000001,0.0,4.0,intercept|c_equal5,,,,
llama,math,abs_delta_nll_b,C-only,80.0,-0.03165753998818244,0.0926478806541681,0.6000000000000001,10.0,4.0,intercept|c_equal5,,,,
llama,math,abs_delta_nll_b,C-only,160.0,0.05593600365843532,0.09636786708875189,0.6000000000000001,10.0,4.0,intercept|c_equal5,,,,
llama,math,abs_delta_nll_b,C-only,320.0,0.08123857210586627,0.11587085234030944,0.6000000000000001,10.0,4.0,intercept|c_equal5,,,,
llama,math,abs_delta_nll_b,C-only-matched,5.0,-127.06334667073781,0.15419914094081388,-0.7999999999999999,10.0,4.0,intercept|c_equal5,,,,
llama,math,abs_delta_nll_b,C-only-matched,20.0,-1.287299449422485,0.07352183145693023,0.7999999999999999,10.0,4.0,intercept|c_equal5,,,,
llama,math,abs_delta_nll_b,C-only-matched,40.0,-1.149940976716648,0.07170562288251539,0.6000000000000001,0.0,4.0,intercept|c_equal5,,,,
llama,math,abs_delta_nll_b,C-only-matched,80.0,-0.03165753998818244,0.0926478806541681,0.6000000000000001,10.0,4.0,intercept|c_equal5,,,,
llama,math,abs_delta_nll_b,C-only-matched,160.0,0.05593600365843532,0.09636786708875189,0.6000000000000001,10.0,4.0,intercept|c_equal5,,,,
llama,math,abs_delta_nll_b,C-only-matched,320.0,0.08123857210586627,0.11587085234030944,0.6000000000000001,10.0,4.0,intercept|c_equal5,,,,
llama,math,abs_delta_nll_b,Pk4-only,5.0,-205.586791086243,0.1969147394207042,1.0,100.0,4.0,intercept|p4_equal5,,,,
llama,math,abs_delta_nll_b,Pk4-only,20.0,-2.457498613333654,0.08087867252539063,0.39999999999999997,100.0,4.0,intercept|p4_equal5,,,,
llama,math,abs_delta_nll_b,Pk4-only,40.0,0.07186730285540754,0.04135984765498883,0.39999999999999997,10.0,4.0,intercept|p4_equal5,,,,
llama,math,abs_delta_nll_b,Pk4-only,80.0,-0.10821699668549467,0.08817225181801006,1.0,10.0,4.0,intercept|p4_equal5,,,,
llama,math,abs_delta_nll_b,Pk4-only,160.0,-0.2548448599853046,0.11393740236205602,0.7999999999999999,100.0,4.0,intercept|p4_equal5,,,,
llama,math,abs_delta_nll_b,Pk4-only,320.0,-1.8128557225072388,0.2722189307563295,0.6000000000000001,1.0,4.0,intercept|p4_equal5,,,,
llama,math,abs_delta_nll_b,Pk8-only,5.0,-79.04114154722599,0.12153510331050443,0.7999999999999999,1.0,4.0,intercept|p8_equal5,,,,
llama,math,abs_delta_nll_b,Pk8-only,20.0,-2.1403138154296486,0.07621759864193259,0.39999999999999997,10.0,4.0,intercept|p8_equal5,,,,
llama,math,abs_delta_nll_b,Pk8-only,40.0,-0.38164200366697165,0.046030162974253365,0.39999999999999997,10.0,4.0,intercept|p8_equal5,,,,
llama,math,abs_delta_nll_b,Pk8-only,80.0,-0.09967513738702394,0.08643682461420732,0.7999999999999999,10.0,4.0,intercept|p8_equal5,,,,
llama,math,abs_delta_nll_b,Pk8-only,160.0,0.2814020020567932,0.08180956097587996,1.0,10.0,4.0,intercept|p8_equal5,,,,
llama,math,abs_delta_nll_b,Pk8-only,320.0,0.12233315568698211,0.13212000123356613,0.6000000000000001,10.0,4.0,intercept|p8_equal5,,,,
llama,math,abs_delta_nll_b,Pk16-only,5.0,-139.2198068157131,0.16215301041462726,0.6000000000000001,1.0,4.0,intercept|p16_equal5,,,,
llama,math,abs_delta_nll_b,Pk16-only,20.0,-2.9664625871423134,0.09343121704491668,0.19999999999999998,10.0,4.0,intercept|p16_equal5,,,,
llama,math,abs_delta_nll_b,Pk16-only,40.0,-0.3574307942313131,0.052977819477021064,-0.19999999999999998,10.0,4.0,intercept|p16_equal5,,,,
llama,math,abs_delta_nll_b,Pk16-only,80.0,-0.5098734191287777,0.09922690713631996,0.7999999999999999,1.0,4.0,intercept|p16_equal5,,,,
llama,math,abs_delta_nll_b,Pk16-only,160.0,-0.12555121634998034,0.09266530224796976,0.6000000000000001,1.0,4.0,intercept|p16_equal5,,,,
llama,math,abs_delta_nll_b,Pk16-only,320.0,-0.20119216868173417,0.11450904020644107,0.6000000000000001,10.0,4.0,intercept|p16_equal5,,,,
llama,math,abs_delta_nll_b,Pk32-only,5.0,-144.70797959984264,0.1653756054863171,0.39999999999999997,10.0,4.0,intercept|p32_equal5,,,,
llama,math,abs_delta_nll_b,Pk32-only,20.0,-2.3927417254390364,0.09015552702333945,0.19999999999999998,10.0,4.0,intercept|p32_equal5,,,,
llama,math,abs_delta_nll_b,Pk32-only,40.0,-0.15300957265200577,0.05225867618195085,0.7999999999999999,10.0,4.0,intercept|p32_equal5,,,,
llama,math,abs_delta_nll_b,Pk32-only,80.0,-0.25442722112544747,0.08706576669623148,0.7999999999999999,10.0,4.0,intercept|p32_equal5,,,,
llama,math,abs_delta_nll_b,Pk32-only,160.0,-0.18657687965499758,0.0938303124347378,0.7999999999999999,10.0,4.0,intercept|p32_equal5,,,,
llama,math,abs_delta_nll_b,Pk32-only,320.0,-0.17584022569629032,0.11753900384961863,0.6000000000000001,10.0,4.0,intercept|p32_equal5,,,,
llama,math,abs_delta_nll_b,PkAll-only,5.0,-162.67754932036252,0.1574515448730931,0.19999999999999998,0.01,4.0,intercept|p4_equal5|p8_equal5|p16_equal5|p32_equal5,,,,
llama,math,abs_delta_nll_b,PkAll-only,20.0,-1.8248624367504034,0.08096774237807824,0.39999999999999997,100.0,4.0,intercept|p4_equal5|p8_equal5|p16_equal5|p32_equal5,,,,
llama,math,abs_delta_nll_b,PkAll-only,40.0,-0.43851113687392096,0.04974627708078313,0.39999999999999997,10.0,4.0,intercept|p4_equal5|p8_equal5|p16_equal5|p32_equal5,,,,
llama,math,abs_delta_nll_b,PkAll-only,80.0,-0.21073831708739021,0.08592951596414546,0.7999999999999999,100.0,4.0,intercept|p4_equal5|p8_equal5|p16_equal5|p32_equal5,,,,
llama,math,abs_delta_nll_b,PkAll-only,160.0,-0.07718583821964464,0.09904410585521836,1.0,100.0,4.0,intercept|p4_equal5|p8_equal5|p16_equal5|p32_equal5,,,,
llama,math,abs_delta_nll_b,PkAll-only,320.0,-1.213953352257323,0.22542791820686758,0.6000000000000001,0.1,4.0,intercept|p4_equal5|p8_equal5|p16_equal5|p32_equal5,,,,
llama,math,abs_delta_nll_b,M0,5.0,-84.93958226009565,0.09644366551717534,-0.6000000000000001,10.0,4.0,intercept|arm_offkd|arm_opd|arm_seqkd|arm_sft|log1p_checkpoint,,,,
llama,math,abs_delta_nll_b,M0,20.0,-3.7769083416599143,0.08682406286699565,0.7999999999999999,1.0,4.0,intercept|arm_offkd|arm_opd|arm_seqkd|arm_sft|log1p_checkpoint,,,,
llama,math,abs_delta_nll_b,M0,40.0,0.7875733210208771,0.022903967561008896,1.0,10.0,4.0,intercept|arm_offkd|arm_opd|arm_seqkd|arm_sft|log1p_checkpoint,,,,
llama,math,abs_delta_nll_b,M0,80.0,0.5470447747380969,0.0548489842659892,1.0,10.0,4.0,intercept|arm_offkd|arm_opd|arm_seqkd|arm_sft|log1p_checkpoint,,,,
llama,math,abs_delta_nll_b,M0,160.0,0.49824236678655687,0.07469701842754983,1.0,10.0,4.0,intercept|arm_offkd|arm_opd|arm_seqkd|arm_sft|log1p_checkpoint,,,,
llama,math,abs_delta_nll_b,M0,320.0,0.45463243358122174,0.11045306513116616,1.0,10.0,4.0,intercept|arm_offkd|arm_opd|arm_seqkd|arm_sft|log1p_checkpoint,,,,
llama,math,abs_delta_nll_b,M0+C5,5.0,-98.62655554812049,0.10495882082637158,0.39999999999999997,0.1,4.0,intercept|arm_offkd|arm_opd|arm_seqkd|arm_sft|log1p_checkpoint|c_equal5,,,,
llama,math,abs_delta_nll_b,M0+C5,20.0,-2.6572220651333036,0.06546457368072753,0.7999999999999999,1.0,4.0,intercept|arm_offkd|arm_opd|arm_seqkd|arm_sft|log1p_checkpoint|c_equal5,,,,
llama,math,abs_delta_nll_b,M0+C5,40.0,0.7813482582035759,0.024007252568062614,1.0,1.0,4.0,intercept|arm_offkd|arm_opd|arm_seqkd|arm_sft|log1p_checkpoint|c_equal5,,,,
llama,math,abs_delta_nll_b,M0+C5,80.0,0.7524284907884286,0.04184597165867852,1.0,1.0,4.0,intercept|arm_offkd|arm_opd|arm_seqkd|arm_sft|log1p_checkpoint|c_equal5,,,,
llama,math,abs_delta_nll_b,M0+C5,160.0,0.8138192618854379,0.04403615639861976,1.0,1.0,4.0,intercept|arm_offkd|arm_opd|arm_seqkd|arm_sft|log1p_checkpoint|c_equal5,,,,
llama,math,abs_delta_nll_b,M0+C5,320.0,0.5805306899008695,0.10313663401346222,1.0,10.0,4.0,intercept|arm_offkd|arm_opd|arm_seqkd|arm_sft|log1p_checkpoint|c_equal5,,,,
llama,math,abs_delta_nll_b,M0+PkAll5,5.0,-41.861182490357976,0.05983402074318741,0.19999999999999998,0.0,4.0,intercept|arm_offkd|arm_opd|arm_seqkd|arm_sft|log1p_checkpoint|p4_equal5|p8_equal5|p16_equal5|p32_equal5,,,,
llama,math,abs_delta_nll_b,M0+PkAll5,20.0,-0.5164899113510577,0.04211014728400289,1.0,1.0,4.0,intercept|arm_offkd|arm_opd|arm_seqkd|arm_sft|log1p_checkpoint|p4_equal5|p8_equal5|p16_equal5|p32_equal5,,,,
llama,math,abs_delta_nll_b,M0+PkAll5,40.0,0.060510618289801754,0.051028752410190475,0.7999999999999999,0.01,4.0,intercept|arm_offkd|arm_opd|arm_seqkd|arm_sft|log1p_checkpoint|p4_equal5|p8_equal5|p16_equal5|p32_equal5,,,,
llama,math,abs_delta_nll_b,M0+PkAll5,80.0,0.5337813904144524,0.06961291324763892,1.0,10.0,4.0,intercept|arm_offkd|arm_opd|arm_seqkd|arm_sft|log1p_checkpoint|p4_equal5|p8_equal5|p16_equal5|p32_equal5,,,,
llama,math,abs_delta_nll_b,M0+PkAll5,160.0,0.7485607385954611,0.05409163656006631,1.0,10.0,4.0,intercept|arm_offkd|arm_opd|arm_seqkd|arm_sft|log1p_checkpoint|p4_equal5|p8_equal5|p16_equal5|p32_equal5,,,,
llama,math,abs_delta_nll_b,M0+PkAll5,320.0,-0.5554825959068725,0.1988461223723764,0.6000000000000001,1.0,4.0,intercept|arm_offkd|arm_opd|arm_seqkd|arm_sft|log1p_checkpoint|p4_equal5|p8_equal5|p16_equal5|p32_equal5,,,,
llama,math,abs_delta_nll_b,M0+PkAll5+C5,5.0,-25.27206318390054,0.04537332202838835,0.39999999999999997,0.01,4.0,intercept|arm_offkd|arm_opd|arm_seqkd|arm_sft|log1p_checkpoint|p4_equal5|p8_equal5|p16_equal5|p32_equal5|c_equal5,,,,
llama,math,abs_delta_nll_b,M0+PkAll5+C5,20.0,-1.0708457705933783,0.06337722370229172,0.7999999999999999,0.1,4.0,intercept|arm_offkd|arm_opd|arm_seqkd|arm_sft|log1p_checkpoint|p4_equal5|p8_equal5|p16_equal5|p32_equal5|c_equal5,,,,
llama,math,abs_delta_nll_b,M0+PkAll5+C5,40.0,0.3124341466554147,0.04661144960563867,0.7999999999999999,0.01,4.0,intercept|arm_offkd|arm_opd|arm_seqkd|arm_sft|log1p_checkpoint|p4_equal5|p8_equal5|p16_equal5|p32_equal5|c_equal5,,,,
llama,math,abs_delta_nll_b,M0+PkAll5+C5,80.0,0.7561340073155303,0.05363838823323314,0.7999999999999999,0.001,4.0,intercept|arm_offkd|arm_opd|arm_seqkd|arm_sft|log1p_checkpoint|p4_equal5|p8_equal5|p16_equal5|p32_equal5|c_equal5,,,,
llama,math,abs_delta_nll_b,M0+PkAll5+C5,160.0,0.7658417709995984,0.044970643829663565,1.0,10.0,4.0,intercept|arm_offkd|arm_opd|arm_seqkd|arm_sft|log1p_checkpoint|p4_equal5|p8_equal5|p16_equal5|p32_equal5|c_equal5,,,,
llama,math,abs_delta_nll_b,M0+PkAll5+C5,320.0,0.021948966091737465,0.16576813530744586,0.6000000000000001,10.0,4.0,intercept|arm_offkd|arm_opd|arm_seqkd|arm_sft|log1p_checkpoint|p4_equal5|p8_equal5|p16_equal5|p32_equal5|c_equal5,,,,
llama,math,abs_delta_nll_t,C-only,5.0,-37.19619556087797,0.209944447005704,0.39999999999999997,0.0,4.0,intercept|c_equal5,,,,
llama,math,abs_delta_nll_t,C-only,20.0,0.45323541536319634,0.23104630874949048,0.7999999999999999,0.1,4.0,intercept|c_equal5,,,,
llama,math,abs_delta_nll_t,C-only,40.0,0.890941591388584,0.1844517408142461,0.7999999999999999,0.1,4.0,intercept|c_equal5,,,,
llama,math,abs_delta_nll_t,C-only,80.0,0.9237615802269612,0.15457818790657307,1.0,0.0,4.0,intercept|c_equal5,,,,
llama,math,abs_delta_nll_t,C-only,160.0,0.7856117136845673,0.2717171769563637,0.7999999999999999,0.0,4.0,intercept|c_equal5,,,,
llama,math,abs_delta_nll_t,C-only,320.0,0.8816759799002267,0.24236597590490405,0.7999999999999999,0.0,4.0,intercept|c_equal5,,,,
llama,math,abs_delta_nll_t,C-only-matched,5.0,-37.19619556087797,0.209944447005704,0.39999999999999997,0.0,4.0,intercept|c_equal5,,,,
llama,math,abs_delta_nll_t,C-only-matched,20.0,0.45323541536319634,0.23104630874949048,0.7999999999999999,0.1,4.0,intercept|c_equal5,,,,
llama,math,abs_delta_nll_t,C-only-matched,40.0,0.890941591388584,0.1844517408142461,0.7999999999999999,0.1,4.0,intercept|c_equal5,,,,
llama,math,abs_delta_nll_t,C-only-matched,80.0,0.9237615802269612,0.15457818790657307,1.0,0.0,4.0,intercept|c_equal5,,,,
llama,math,abs_delta_nll_t,C-only-matched,160.0,0.7856117136845673,0.2717171769563637,0.7999999999999999,0.0,4.0,intercept|c_equal5,,,,
llama,math,abs_delta_nll_t,C-only-matched,320.0,0.8816759799002267,0.24236597590490405,0.7999999999999999,0.0,4.0,intercept|c_equal5,,,,
llama,math,abs_delta_nll_t,Pk4-only,5.0,-241.45916896904657,0.5489763819251912,0.19999999999999998,10.0,4.0,intercept|p4_equal5,,,,
llama,math,abs_delta_nll_t,Pk4-only,20.0,0.06155581628714024,0.3753668102490408,0.39999999999999997,0.0,4.0,intercept|p4_equal5,,,,
llama,math,abs_delta_nll_t,Pk4-only,40.0,0.21715919892060676,0.5732119734897609,0.7999999999999999,0.0,4.0,intercept|p4_equal5,,,,
llama,math,abs_delta_nll_t,Pk4-only,80.0,0.08966574313028386,0.4439248072497332,0.6000000000000001,0.0,4.0,intercept|p4_equal5,,,,
llama,math,abs_delta_nll_t,Pk4-only,160.0,0.24510115617592243,0.500976067338371,0.39999999999999997,10.0,4.0,intercept|p4_equal5,,,,
llama,math,abs_delta_nll_t,Pk4-only,320.0,0.09944208895461304,0.7745862953950773,0.7999999999999999,1.0,4.0,intercept|p4_equal5,,,,
llama,math,abs_delta_nll_t,Pk8-only,5.0,-97.29315074682964,0.3204019582548373,0.39999999999999997,0.0,4.0,intercept|p8_equal5,,,,
llama,math,abs_delta_nll_t,Pk8-only,20.0,-1.4209795271867902,0.5816648988077139,0.39999999999999997,0.0,4.0,intercept|p8_equal5,,,,
llama,math,abs_delta_nll_t,Pk8-only,40.0,0.5361983620391649,0.39277917945924756,0.7999999999999999,0.0,4.0,intercept|p8_equal5,,,,
llama,math,abs_delta_nll_t,Pk8-only,80.0,0.5049744230608981,0.3392933277713351,0.7999999999999999,0.0,4.0,intercept|p8_equal5,,,,
llama,math,abs_delta_nll_t,Pk8-only,160.0,0.6191521494752917,0.34127281230871426,0.7999999999999999,0.0,4.0,intercept|p8_equal5,,,,
llama,math,abs_delta_nll_t,Pk8-only,320.0,0.7039122781402899,0.38978869692743406,0.7999999999999999,0.0,4.0,intercept|p8_equal5,,,,
llama,math,abs_delta_nll_t,Pk16-only,5.0,-84.90579957366289,0.3222482381278625,-0.19999999999999998,0.0,4.0,intercept|p16_equal5,,,,
llama,math,abs_delta_nll_t,Pk16-only,20.0,-2.970704216564027,0.6565674010246414,0.19999999999999998,0.0,4.0,intercept|p16_equal5,,,,
llama,math,abs_delta_nll_t,Pk16-only,40.0,0.5787735474233573,0.37876120384578305,0.39999999999999997,0.0,4.0,intercept|p16_equal5,,,,
llama,math,abs_delta_nll_t,Pk16-only,80.0,0.5382457416236333,0.29124468271590226,0.7999999999999999,0.0,4.0,intercept|p16_equal5,,,,
llama,math,abs_delta_nll_t,Pk16-only,160.0,0.5186626002433836,0.37355463537557276,0.7999999999999999,0.0,4.0,intercept|p16_equal5,,,,
llama,math,abs_delta_nll_t,Pk16-only,320.0,0.4484119727199406,0.5222856578507046,0.7999999999999999,0.0,4.0,intercept|p16_equal5,,,,
llama,math,abs_delta_nll_t,Pk32-only,5.0,-40.814375796686676,0.23212781794122078,0.7999999999999999,0.0,4.0,intercept|p32_equal5,,,,
llama,math,abs_delta_nll_t,Pk32-only,20.0,-0.8493258670436197,0.4757761811153836,0.19999999999999998,1.0,4.0,intercept|p32_equal5,,,,
llama,math,abs_delta_nll_t,Pk32-only,40.0,0.7773797302117036,0.26355460516604845,1.0,0.0,4.0,intercept|p32_equal5,,,,
llama,math,abs_delta_nll_t,Pk32-only,80.0,0.7586688819043443,0.20356854267984234,0.7999999999999999,0.0,4.0,intercept|p32_equal5,,,,
llama,math,abs_delta_nll_t,Pk32-only,160.0,0.5476876260592002,0.354533495374008,0.6000000000000001,0.0,4.0,intercept|p32_equal5,,,,
llama,math,abs_delta_nll_t,Pk32-only,320.0,0.5717423159698151,0.42575687525347333,0.7999999999999999,0.0,4.0,intercept|p32_equal5,,,,
llama,math,abs_delta_nll_t,PkAll-only,5.0,-242.86346845444146,0.481689910839862,1.0,0.0,4.0,intercept|p4_equal5|p8_equal5|p16_equal5|p32_equal5,,,,
llama,math,abs_delta_nll_t,PkAll-only,20.0,-2.0922243783045973,0.6155567183754893,0.19999999999999998,0.1,4.0,intercept|p4_equal5|p8_equal5|p16_equal5|p32_equal5,,,,
llama,math,abs_delta_nll_t,PkAll-only,40.0,0.6187420727470145,0.39538269372270435,0.7999999999999999,10.0,4.0,intercept|p4_equal5|p8_equal5|p16_equal5|p32_equal5,,,,
llama,math,abs_delta_nll_t,PkAll-only,80.0,0.6178207022618684,0.3064476551555936,0.7999999999999999,10.0,4.0,intercept|p4_equal5|p8_equal5|p16_equal5|p32_equal5,,,,
llama,math,abs_delta_nll_t,PkAll-only,160.0,0.8066155035801627,0.26643205334295234,0.7999999999999999,0.01,4.0,intercept|p4_equal5|p8_equal5|p16_equal5|p32_equal5,,,,
llama,math,abs_delta_nll_t,PkAll-only,320.0,0.7014389526431284,0.4140369566454161,0.7999999999999999,0.1,4.0,intercept|p4_equal5|p8_equal5|p16_equal5|p32_equal5,,,,
llama,math,abs_delta_nll_t,M0,5.0,-338.90362791968056,0.6280090301213053,-0.19999999999999998,0.1,4.0,intercept|arm_offkd|arm_opd|arm_seqkd|arm_sft|log1p_checkpoint,,,,
llama,math,abs_delta_nll_t,M0,20.0,0.587673937888141,0.1865766391345155,0.7999999999999999,1.0,4.0,intercept|arm_offkd|arm_opd|arm_seqkd|arm_sft|log1p_checkpoint,,,,
llama,math,abs_delta_nll_t,M0,40.0,0.7699054968573918,0.2457677052832148,0.7999999999999999,1.0,4.0,intercept|arm_offkd|arm_opd|arm_seqkd|arm_sft|log1p_checkpoint,,,,
llama,math,abs_delta_nll_t,M0,80.0,0.9207916564351946,0.14290122076977282,1.0,1.0,4.0,intercept|arm_offkd|arm_opd|arm_seqkd|arm_sft|log1p_checkpoint,,,,
llama,math,abs_delta_nll_t,M0,160.0,0.7908881061367742,0.26677033076622686,0.7999999999999999,0.1,4.0,intercept|arm_offkd|arm_opd|arm_seqkd|arm_sft|log1p_checkpoint,,,,
llama,math,abs_delta_nll_t,M0,320.0,0.7178673373398019,0.3716907828453768,0.7999999999999999,1.0,4.0,intercept|arm_offkd|arm_opd|arm_seqkd|arm_sft|log1p_checkpoint,,,,
llama,math,abs_delta_nll_t,M0+C5,5.0,-22.506671350977907,0.16990517141548206,1.0,0.0,4.0,intercept|arm_offkd|arm_opd|arm_seqkd|arm_sft|log1p_checkpoint|c_equal5,,,,
llama,math,abs_delta_nll_t,M0+C5,20.0,0.6980051790659323,0.21258999145544788,0.7999999999999999,0.0,4.0,intercept|arm_offkd|arm_opd|arm_seqkd|arm_sft|log1p_checkpoint|c_equal5,,,,
llama,math,abs_delta_nll_t,M0+C5,40.0,0.884304918463937,0.22839570306874782,0.7999999999999999,0.1,4.0,intercept|arm_offkd|arm_opd|arm_seqkd|arm_sft|log1p_checkpoint|c_equal5,,,,
llama,math,abs_delta_nll_t,M0+C5,80.0,0.9307450982367177,0.12146455886267189,1.0,0.1,4.0,intercept|arm_offkd|arm_opd|arm_seqkd|arm_sft|log1p_checkpoint|c_equal5,,,,
llama,math,abs_delta_nll_t,M0+C5,160.0,0.8970426577989085,0.19543381405646176,0.7999999999999999,0.1,4.0,intercept|arm_offkd|arm_opd|arm_seqkd|arm_sft|log1p_checkpoint|c_equal5,,,,
llama,math,abs_delta_nll_t,M0+C5,320.0,0.9456313350926208,0.1752707160390154,0.7999999999999999,0.01,4.0,intercept|arm_offkd|arm_opd|arm_seqkd|arm_sft|log1p_checkpoint|c_equal5,,,,
llama,math,abs_delta_nll_t,M0+PkAll5,5.0,-111.52978473324127,0.3625986566451623,0.7999999999999999,0.0,4.0,intercept|arm_offkd|arm_opd|arm_seqkd|arm_sft|log1p_checkpoint|p4_equal5|p8_equal5|p16_equal5|p32_equal5,,,,
llama,math,abs_delta_nll_t,M0+PkAll5,20.0,-0.4127260690096106,0.3623298595289183,0.7999999999999999,0.1,4.0,intercept|arm_offkd|arm_opd|arm_seqkd|arm_sft|log1p_checkpoint|p4_equal5|p8_equal5|p16_equal5|p32_equal5,,,,
llama,math,abs_delta_nll_t,M0+PkAll5,40.0,0.8211758815194358,0.24766501106446995,0.7999999999999999,10.0,4.0,intercept|arm_offkd|arm_opd|arm_seqkd|arm_sft|log1p_checkpoint|p4_equal5|p8_equal5|p16_equal5|p32_equal5,,,,
llama,math,abs_delta_nll_t,M0+PkAll5,80.0,0.8361217590241372,0.19286388839789909,1.0,10.0,4.0,intercept|arm_offkd|arm_opd|arm_seqkd|arm_sft|log1p_checkpoint|p4_equal5|p8_equal5|p16_equal5|p32_equal5,,,,
llama,math,abs_delta_nll_t,M0+PkAll5,160.0,0.8778833879489095,0.22288856847303118,1.0,10.0,4.0,intercept|arm_offkd|arm_opd|arm_seqkd|arm_sft|log1p_checkpoint|p4_equal5|p8_equal5|p16_equal5|p32_equal5,,,,
llama,math,abs_delta_nll_t,M0+PkAll5,320.0,0.7516267249477542,0.3714752783757061,0.7999999999999999,10.0,4.0,intercept|arm_offkd|arm_opd|arm_seqkd|arm_sft|log1p_checkpoint|p4_equal5|p8_equal5|p16_equal5|p32_equal5,,,,
llama,math,abs_delta_nll_t,M0+PkAll5+C5,5.0,-56.44757329098883,0.21367728391955487,0.39999999999999997,10.0,4.0,intercept|arm_offkd|arm_opd|arm_seqkd|arm_sft|log1p_checkpoint|p4_equal5|p8_equal5|p16_equal5|p32_equal5|c_equal5,,,,
llama,math,abs_delta_nll_t,M0+PkAll5+C5,20.0,0.3031266249467012,0.24743589829691787,0.7999999999999999,0.1,4.0,intercept|arm_offkd|arm_opd|arm_seqkd|arm_sft|log1p_checkpoint|p4_equal5|p8_equal5|p16_equal5|p32_equal5|c_equal5,,,,
llama,math,abs_delta_nll_t,M0+PkAll5+C5,40.0,0.8771266251484922,0.2295357892981479,0.7999999999999999,1.0,4.0,intercept|arm_offkd|arm_opd|arm_seqkd|arm_sft|log1p_checkpoint|p4_equal5|p8_equal5|p16_equal5|p32_equal5|c_equal5,,,,
llama,math,abs_delta_nll_t,M0+PkAll5+C5,80.0,0.8756309022393505,0.1700799474175238,1.0,0.0,4.0,intercept|arm_offkd|arm_opd|arm_seqkd|arm_sft|log1p_checkpoint|p4_equal5|p8_equal5|p16_equal5|p32_equal5|c_equal5,,,,
llama,math,abs_delta_nll_t,M0+PkAll5+C5,160.0,0.9089024706791992,0.19091906462252933,1.0,10.0,4.0,intercept|arm_offkd|arm_opd|arm_seqkd|arm_sft|log1p_checkpoint|p4_equal5|p8_equal5|p16_equal5|p32_equal5|c_equal5,,,,
llama,math,abs_delta_nll_t,M0+PkAll5+C5,320.0,0.8195031177272191,0.31003718326276636,0.7999999999999999,10.0,4.0,intercept|arm_offkd|arm_opd|arm_seqkd|arm_sft|log1p_checkpoint|p4_equal5|p8_equal5|p16_equal5|p32_equal5|c_equal5,,,,
llama,math,delta_nll_b_minus_c,C-only,5.0,-13.233914684926203,0.08850347640460653,0.39999999999999997,1.0,4.0,intercept|c_equal5,,,,
llama,math,delta_nll_b_minus_c,C-only,20.0,-0.14351588235464519,0.08273064736970857,0.39999999999999997,100.0,4.0,intercept|c_equal5,,,,
llama,math,delta_nll_b_minus_c,C-only,40.0,0.054105309041039606,0.1530695514392665,0.39999999999999997,100.0,4.0,intercept|c_equal5,,,,
llama,math,delta_nll_b_minus_c,C-only,80.0,0.08422599302620914,0.19031392848383558,0.39999999999999997,10.0,4.0,intercept|c_equal5,,,,
llama,math,delta_nll_b_minus_c,C-only,160.0,0.007914919237703821,0.2100668033381073,0.39999999999999997,10.0,4.0,intercept|c_equal5,,,,
llama,math,delta_nll_b_minus_c,C-only,320.0,-0.06704417636899107,0.21400507469769675,0.39999999999999997,10.0,4.0,intercept|c_equal5,,,,
llama,math,delta_nll_b_minus_c,C-only-matched,5.0,-13.233914684926203,0.08850347640460653,0.39999999999999997,1.0,4.0,intercept|c_equal5,,,,
llama,math,delta_nll_b_minus_c,C-only-matched,20.0,-0.14351588235464519,0.08273064736970857,0.39999999999999997,100.0,4.0,intercept|c_equal5,,,,
llama,math,delta_nll_b_minus_c,C-only-matched,40.0,0.054105309041039606,0.1530695514392665,0.39999999999999997,100.0,4.0,intercept|c_equal5,,,,
llama,math,delta_nll_b_minus_c,C-only-matched,80.0,0.08422599302620914,0.19031392848383558,0.39999999999999997,10.0,4.0,intercept|c_equal5,,,,
llama,math,delta_nll_b_minus_c,C-only-matched,160.0,0.007914919237703821,0.2100668033381073,0.39999999999999997,10.0,4.0,intercept|c_equal5,,,,
llama,math,delta_nll_b_minus_c,C-only-matched,320.0,-0.06704417636899107,0.21400507469769675,0.39999999999999997,10.0,4.0,intercept|c_equal5,,,,
llama,math,delta_nll_b_minus_c,Pk4-only,5.0,-0.14091528768767336,0.02320358715889821,-0.7999999999999999,100.0,4.0,intercept|p4_equal5,,,,
llama,math,delta_nll_b_minus_c,Pk4-only,20.0,-0.24076109856284478,0.08645574480782758,-0.7999999999999999,100.0,4.0,intercept|p4_equal5,,,,
llama,math,delta_nll_b_minus_c,Pk4-only,40.0,-0.004330365315398543,0.15985306522981046,-0.39999999999999997,100.0,4.0,intercept|p4_equal5,,,,
llama,math,delta_nll_b_minus_c,Pk4-only,80.0,-0.007216245583144154,0.20346280429451757,-0.39999999999999997,100.0,4.0,intercept|p4_equal5,,,,
llama,math,delta_nll_b_minus_c,Pk4-only,160.0,-0.024676063963534833,0.22157561603542197,-0.7999999999999999,100.0,4.0,intercept|p4_equal5,,,,
llama,math,delta_nll_b_minus_c,Pk4-only,320.0,-0.058865551945405103,0.2376388927247506,-0.39999999999999997,100.0,4.0,intercept|p4_equal5,,,,
llama,math,delta_nll_b_minus_c,Pk8-only,5.0,-0.37487336142410643,0.02616939817412669,-0.39999999999999997,100.0,4.0,intercept|p8_equal5,,,,
llama,math,delta_nll_b_minus_c,Pk8-only,20.0,-0.22419586580814,0.08563135599567705,0.7999999999999999,100.0,4.0,intercept|p8_equal5,,,,
llama,math,delta_nll_b_minus_c,Pk8-only,40.0,0.0010131178800474316,0.15892648621599498,0.39999999999999997,100.0,4.0,intercept|p8_equal5,,,,
llama,math,delta_nll_b_minus_c,Pk8-only,80.0,-0.003608536933437767,0.20327269687814958,0.19999999999999998,100.0,4.0,intercept|p8_equal5,,,,
llama,math,delta_nll_b_minus_c,Pk8-only,160.0,-0.03976145249858587,0.222917919896108,-0.39999999999999997,100.0,4.0,intercept|p8_equal5,,,,
llama,math,delta_nll_b_minus_c,Pk8-only,320.0,-0.015257026927189887,0.22933959028855,0.39999999999999997,100.0,4.0,intercept|p8_equal5,,,,
llama,math,delta_nll_b_minus_c,Pk16-only,5.0,-21.46349149777277,0.1097155339017068,0.0,10.0,4.0,intercept|p16_equal5,,,,
llama,math,delta_nll_b_minus_c,Pk16-only,20.0,0.130743257205707,0.07084227769283705,1.0,100.0,4.0,intercept|p16_equal5,,,,
llama,math,delta_nll_b_minus_c,Pk16-only,40.0,0.12254627202520518,0.1468247931489588,0.7999999999999999,100.0,4.0,intercept|p16_equal5,,,,
llama,math,delta_nll_b_minus_c,Pk16-only,80.0,0.21551202068495912,0.18179260715769519,0.19999999999999998,10.0,4.0,intercept|p16_equal5,,,,
llama,math,delta_nll_b_minus_c,Pk16-only,160.0,0.06420153258183892,0.20621498555309087,0.39999999999999997,10.0,4.0,intercept|p16_equal5,,,,
llama,math,delta_nll_b_minus_c,Pk16-only,320.0,-0.0034889148665711023,0.20868483530574242,0.39999999999999997,10.0,4.0,intercept|p16_equal5,,,,
llama,math,delta_nll_b_minus_c,Pk32-only,5.0,-71.71904397458802,0.19388973643997248,-0.7999999999999999,0.0,4.0,intercept|p32_equal5,,,,
llama,math,delta_nll_b_minus_c,Pk32-only,20.0,0.017314021861772555,0.0758988608123028,1.0,100.0,4.0,intercept|p32_equal5,,,,
llama,math,delta_nll_b_minus_c,Pk32-only,40.0,0.11515450649019832,0.14751952870776094,0.19999999999999998,100.0,4.0,intercept|p32_equal5,,,,
llama,math,delta_nll_b_minus_c,Pk32-only,80.0,0.052062236414719076,0.19824434066235008,0.19999999999999998,100.0,4.0,intercept|p32_equal5,,,,
llama,math,delta_nll_b_minus_c,Pk32-only,160.0,0.09957873622894131,0.20248221113893283,0.19999999999999998,10.0,4.0,intercept|p32_equal5,,,,
llama,math,delta_nll_b_minus_c,Pk32-only,320.0,0.0389342310131624,0.20085815284845515,0.39999999999999997,10.0,4.0,intercept|p32_equal5,,,,
llama,math,delta_nll_b_minus_c,PkAll-only,5.0,-99.35609122404834,0.2362125936323602,-0.39999999999999997,0.0,4.0,intercept|p4_equal5|p8_equal5|p16_equal5|p32_equal5,,,,
llama,math,delta_nll_b_minus_c,PkAll-only,20.0,0.521709683284483,0.07160238143641157,0.39999999999999997,0.1,4.0,intercept|p4_equal5|p8_equal5|p16_equal5|p32_equal5,,,,
llama,math,delta_nll_b_minus_c,PkAll-only,40.0,0.7314887078373394,0.0993201222884687,1.0,0.1,4.0,intercept|p4_equal5|p8_equal5|p16_equal5|p32_equal5,,,,
llama,math,delta_nll_b_minus_c,PkAll-only,80.0,0.9106886575665717,0.0550811323568055,1.0,0.1,4.0,intercept|p4_equal5|p8_equal5|p16_equal5|p32_equal5,,,,
llama,math,delta_nll_b_minus_c,PkAll-only,160.0,0.01471729547003664,0.21555358324629298,0.19999999999999998,100.0,4.0,intercept|p4_equal5|p8_equal5|p16_equal5|p32_equal5,,,,
llama,math,delta_nll_b_minus_c,PkAll-only,320.0,-0.499609936815667,0.2977450756040362,-0.7999999999999999,1.0,4.0,intercept|p4_equal5|p8_equal5|p16_equal5|p32_equal5,,,,
llama,math,delta_nll_b_minus_c,M0,5.0,-82.65493552126729,0.17775003803994655,0.7999999999999999,0.0,4.0,intercept|arm_offkd|arm_opd|arm_seqkd|arm_sft|log1p_checkpoint,,,,
llama,math,delta_nll_b_minus_c,M0,20.0,-0.12798740651152385,0.07945724275521583,1.0,0.0,4.0,intercept|arm_offkd|arm_opd|arm_seqkd|arm_sft|log1p_checkpoint,,,,
llama,math,delta_nll_b_minus_c,M0,40.0,0.9285153649835002,0.05265651064897138,1.0,1.0,4.0,intercept|arm_offkd|arm_opd|arm_seqkd|arm_sft|log1p_checkpoint,,,,
llama,math,delta_nll_b_minus_c,M0,80.0,0.8665130983122491,0.07256213872043615,1.0,1.0,4.0,intercept|arm_offkd|arm_opd|arm_seqkd|arm_sft|log1p_checkpoint,,,,
llama,math,delta_nll_b_minus_c,M0,160.0,0.8217339314265901,0.09922835632896965,1.0,1.0,4.0,intercept|arm_offkd|arm_opd|arm_seqkd|arm_sft|log1p_checkpoint,,,,
llama,math,delta_nll_b_minus_c,M0,320.0,0.7758226745969176,0.10704297420203479,1.0,1.0,4.0,intercept|arm_offkd|arm_opd|arm_seqkd|arm_sft|log1p_checkpoint,,,,
llama,math,delta_nll_b_minus_c,M0+C5,5.0,-197.79798664806967,0.21995317075461254,0.7999999999999999,0.1,4.0,intercept|arm_offkd|arm_opd|arm_seqkd|arm_sft|log1p_checkpoint|c_equal5,,,,
llama,math,delta_nll_b_minus_c,M0+C5,20.0,-0.08159563067848863,0.07712665874381075,1.0,1.0,4.0,intercept|arm_offkd|arm_opd|arm_seqkd|arm_sft|log1p_checkpoint|c_equal5,,,,
llama,math,delta_nll_b_minus_c,M0+C5,40.0,0.8788550603812798,0.05613121817326706,1.0,10.0,4.0,intercept|arm_offkd|arm_opd|arm_seqkd|arm_sft|log1p_checkpoint|c_equal5,,,,
llama,math,delta_nll_b_minus_c,M0+C5,80.0,0.737990757565971,0.10170082065035603,1.0,10.0,4.0,intercept|arm_offkd|arm_opd|arm_seqkd|arm_sft|log1p_checkpoint|c_equal5,,,,
llama,math,delta_nll_b_minus_c,M0+C5,160.0,0.6701144701854842,0.13047750054532728,1.0,10.0,4.0,intercept|arm_offkd|arm_opd|arm_seqkd|arm_sft|log1p_checkpoint|c_equal5,,,,
llama,math,delta_nll_b_minus_c,M0+C5,320.0,0.6120119939890376,0.1344929564662036,1.0,10.0,4.0,intercept|arm_offkd|arm_opd|arm_seqkd|arm_sft|log1p_checkpoint|c_equal5,,,,
llama,math,delta_nll_b_minus_c,M0+PkAll5,5.0,-68.93645318242079,0.14640879676011437,0.7999999999999999,0.01,4.0,intercept|arm_offkd|arm_opd|arm_seqkd|arm_sft|log1p_checkpoint|p4_equal5|p8_equal5|p16_equal5|p32_equal5,,,,
llama,math,delta_nll_b_minus_c,M0+PkAll5,20.0,0.478680718789415,0.05786047912961759,1.0,10.0,4.0,intercept|arm_offkd|arm_opd|arm_seqkd|arm_sft|log1p_checkpoint|p4_equal5|p8_equal5|p16_equal5|p32_equal5,,,,
llama,math,delta_nll_b_minus_c,M0+PkAll5,40.0,0.8984472507009469,0.05554174326653684,1.0,0.1,4.0,intercept|arm_offkd|arm_opd|arm_seqkd|arm_sft|log1p_checkpoint|p4_equal5|p8_equal5|p16_equal5|p32_equal5,,,,
llama,math,delta_nll_b_minus_c,M0+PkAll5,80.0,0.9556698719008957,0.03760944971579552,1.0,0.1,4.0,intercept|arm_offkd|arm_opd|arm_seqkd|arm_sft|log1p_checkpoint|p4_equal5|p8_equal5|p16_equal5|p32_equal5,,,,
llama,math,delta_nll_b_minus_c,M0+PkAll5,160.0,0.7180477510787018,0.12203576769451036,1.0,10.0,4.0,intercept|arm_offkd|arm_opd|arm_seqkd|arm_sft|log1p_checkpoint|p4_equal5|p8_equal5|p16_equal5|p32_equal5,,,,
llama,math,delta_nll_b_minus_c,M0+PkAll5,320.0,0.302492506307517,0.20578039368891038,1.0,1.0,4.0,intercept|arm_offkd|arm_opd|arm_seqkd|arm_sft|log1p_checkpoint|p4_equal5|p8_equal5|p16_equal5|p32_equal5,,,,
llama,math,delta_nll_b_minus_c,M0+PkAll5+C5,5.0,-72.80891444925503,0.15392776477205283,0.7999999999999999,0.1,4.0,intercept|arm_offkd|arm_opd|arm_seqkd|arm_sft|log1p_checkpoint|p4_equal5|p8_equal5|p16_equal5|p32_equal5|c_equal5,,,,
llama,math,delta_nll_b_minus_c,M0+PkAll5+C5,20.0,0.03679940934715498,0.09648857181443299,1.0,1.0,4.0,intercept|arm_offkd|arm_opd|arm_seqkd|arm_sft|log1p_checkpoint|p4_equal5|p8_equal5|p16_equal5|p32_equal5|c_equal5,,,,
llama,math,delta_nll_b_minus_c,M0+PkAll5+C5,40.0,0.8915343251451213,0.05923244440517465,1.0,0.01,4.0,intercept|arm_offkd|arm_opd|arm_seqkd|arm_sft|log1p_checkpoint|p4_equal5|p8_equal5|p16_equal5|p32_equal5|c_equal5,,,,
llama,math,delta_nll_b_minus_c,M0+PkAll5+C5,80.0,0.9279681372414925,0.05752689317422255,0.7999999999999999,0.001,4.0,intercept|arm_offkd|arm_opd|arm_seqkd|arm_sft|log1p_checkpoint|p4_equal5|p8_equal5|p16_equal5|p32_equal5|c_equal5,,,,
llama,math,delta_nll_b_minus_c,M0+PkAll5+C5,160.0,0.7193662127202771,0.12248697793659086,1.0,10.0,4.0,intercept|arm_offkd|arm_opd|arm_seqkd|arm_sft|log1p_checkpoint|p4_equal5|p8_equal5|p16_equal5|p32_equal5|c_equal5,,,,
llama,math,delta_nll_b_minus_c,M0+PkAll5+C5,320.0,0.4123812144865333,0.18923863059544704,1.0,10.0,4.0,intercept|arm_offkd|arm_opd|arm_seqkd|arm_sft|log1p_checkpoint|p4_equal5|p8_equal5|p16_equal5|p32_equal5|c_equal5,,,,
llama,math,delta_nll_b_minus_p,C-only,5.0,-14.782226920068231,0.08854494108067196,0.39999999999999997,10.0,4.0,intercept|c_equal5,,,,
llama,math,delta_nll_b_minus_p,C-only,20.0,-0.53429536387061,0.06543853220702997,0.39999999999999997,100.0,4.0,intercept|c_equal5,,,,
llama,math,delta_nll_b_minus_p,C-only,40.0,0.018896973515911575,0.1403912790160317,0.39999999999999997,100.0,4.0,intercept|c_equal5,,,,
llama,math,delta_nll_b_minus_p,C-only,80.0,-0.021876147125682754,0.18978431412895247,0.39999999999999997,100.0,4.0,intercept|c_equal5,,,,
llama,math,delta_nll_b_minus_p,C-only,160.0,-0.01923313645001845,0.21295448537734657,0.39999999999999997,100.0,4.0,intercept|c_equal5,,,,
llama,math,delta_nll_b_minus_p,C-only,320.0,-0.01957634046515322,0.2316818763924312,0.39999999999999997,100.0,4.0,intercept|c_equal5,,,,
llama,math,delta_nll_b_minus_p,C-only-matched,5.0,-14.782226920068231,0.08854494108067196,0.39999999999999997,10.0,4.0,intercept|c_equal5,,,,
llama,math,delta_nll_b_minus_p,C-only-matched,20.0,-0.53429536387061,0.06543853220702997,0.39999999999999997,100.0,4.0,intercept|c_equal5,,,,
llama,math,delta_nll_b_minus_p,C-only-matched,40.0,0.018896973515911575,0.1403912790160317,0.39999999999999997,100.0,4.0,intercept|c_equal5,,,,
llama,math,delta_nll_b_minus_p,C-only-matched,80.0,-0.021876147125682754,0.18978431412895247,0.39999999999999997,100.0,4.0,intercept|c_equal5,,,,
llama,math,delta_nll_b_minus_p,C-only-matched,160.0,-0.01923313645001845,0.21295448537734657,0.39999999999999997,100.0,4.0,intercept|c_equal5,,,,
llama,math,delta_nll_b_minus_p,C-only-matched,320.0,-0.01957634046515322,0.2316818763924312,0.39999999999999997,100.0,4.0,intercept|c_equal5,,,,
llama,math,delta_nll_b_minus_p,Pk4-only,5.0,-5.093344479870739,0.05188032776721893,0.7999999999999999,100.0,4.0,intercept|p4_equal5,,,,
llama,math,delta_nll_b_minus_p,Pk4-only,20.0,-0.5889092495203248,0.06645297491792661,-0.7999999999999999,100.0,4.0,intercept|p4_equal5,,,,
llama,math,delta_nll_b_minus_p,Pk4-only,40.0,-0.010679755271849611,0.14164769150951073,-0.39999999999999997,100.0,4.0,intercept|p4_equal5,,,,
llama,math,delta_nll_b_minus_p,Pk4-only,80.0,-0.028265616866822718,0.19091901462372868,0.39999999999999997,100.0,4.0,intercept|p4_equal5,,,,
llama,math,delta_nll_b_minus_p,Pk4-only,160.0,-0.030937582282409837,0.2154000528325985,-0.7999999999999999,100.0,4.0,intercept|p4_equal5,,,,
llama,math,delta_nll_b_minus_p,Pk4-only,320.0,-0.07477501833355049,0.2442062837337876,-0.39999999999999997,100.0,4.0,intercept|p4_equal5,,,,
llama,math,delta_nll_b_minus_p,Pk8-only,5.0,-5.821183323894,0.05522576030064894,-0.39999999999999997,100.0,4.0,intercept|p8_equal5,,,,
llama,math,delta_nll_b_minus_p,Pk8-only,20.0,-0.6575967437366388,0.0678120534756194,-0.7999999999999999,100.0,4.0,intercept|p8_equal5,,,,
llama,math,delta_nll_b_minus_p,Pk8-only,40.0,-0.027170886266942196,0.14255275928951672,-0.39999999999999997,100.0,4.0,intercept|p8_equal5,,,,
llama,math,delta_nll_b_minus_p,Pk8-only,80.0,-0.030749435661330704,0.19122503428171192,-0.19999999999999998,100.0,4.0,intercept|p8_equal5,,,,
llama,math,delta_nll_b_minus_p,Pk8-only,160.0,-0.04317097763398925,0.21630032784015069,-0.39999999999999997,100.0,4.0,intercept|p8_equal5,,,,
llama,math,delta_nll_b_minus_p,Pk8-only,320.0,-0.015837202907912795,0.2344178976480841,-0.39999999999999997,100.0,4.0,intercept|p8_equal5,,,,
llama,math,delta_nll_b_minus_p,Pk16-only,5.0,-54.66151556795385,0.1673740516136827,0.0,1.0,4.0,intercept|p16_equal5,,,,
llama,math,delta_nll_b_minus_p,Pk16-only,20.0,-0.2143785772787734,0.060605497585904486,1.0,100.0,4.0,intercept|p16_equal5,,,,
llama,math,delta_nll_b_minus_p,Pk16-only,40.0,0.09121250123284386,0.13639669709481966,0.7999999999999999,100.0,4.0,intercept|p16_equal5,,,,
llama,math,delta_nll_b_minus_p,Pk16-only,80.0,0.009407430586961252,0.18765206027327996,0.19999999999999998,100.0,4.0,intercept|p16_equal5,,,,
llama,math,delta_nll_b_minus_p,Pk16-only,160.0,-0.009708187476799246,0.21188326503418953,0.39999999999999997,100.0,4.0,intercept|p16_equal5,,,,
llama,math,delta_nll_b_minus_p,Pk16-only,320.0,-0.0015168428837410985,0.22919085503406209,0.39999999999999997,100.0,4.0,intercept|p16_equal5,,,,
llama,math,delta_nll_b_minus_p,Pk32-only,5.0,-78.95467950501482,0.19729708904247695,-0.7999999999999999,0.0,4.0,intercept|p32_equal5,,,,
llama,math,delta_nll_b_minus_p,Pk32-only,20.0,-0.34139095103590256,0.06135838760891786,1.0,100.0,4.0,intercept|p32_equal5,,,,
llama,math,delta_nll_b_minus_p,Pk32-only,40.0,0.08166606449921876,0.1369985118729894,0.19999999999999998,100.0,4.0,intercept|p32_equal5,,,,
llama,math,delta_nll_b_minus_p,Pk32-only,80.0,0.0037197639595166754,0.18798119328207816,0.19999999999999998,100.0,4.0,intercept|p32_equal5,,,,
llama,math,delta_nll_b_minus_p,Pk32-only,160.0,-0.0032678354788691077,0.2113337849304986,0.19999999999999998,100.0,4.0,intercept|p32_equal5,,,,
llama,math,delta_nll_b_minus_p,Pk32-only,320.0,0.0019980542281594627,0.22903698032473238,0.39999999999999997,100.0,4.0,intercept|p32_equal5,,,,
llama,math,delta_nll_b_minus_p,PkAll-only,5.0,-121.7514661014855,0.24670154570379532,0.19999999999999998,0.0,4.0,intercept|p4_equal5|p8_equal5|p16_equal5|p32_equal5,,,,
llama,math,delta_nll_b_minus_p,PkAll-only,20.0,0.162512236089982,0.06958008199853079,0.39999999999999997,0.1,4.0,intercept|p4_equal5|p8_equal5|p16_equal5|p32_equal5,,,,
llama,math,delta_nll_b_minus_p,PkAll-only,40.0,0.5881848114761865,0.1088126600901065,1.0,0.1,4.0,intercept|p4_equal5|p8_equal5|p16_equal5|p32_equal5,,,,
llama,math,delta_nll_b_minus_p,PkAll-only,80.0,0.04308802697231118,0.1840435814536125,0.19999999999999998,100.0,4.0,intercept|p4_equal5|p8_equal5|p16_equal5|p32_equal5,,,,
llama,math,delta_nll_b_minus_p,PkAll-only,160.0,-0.008625582036519308,0.21051965155378363,0.39999999999999997,100.0,4.0,intercept|p4_equal5|p8_equal5|p16_equal5|p32_equal5,,,,
llama,math,delta_nll_b_minus_p,PkAll-only,320.0,-0.7891447533670439,0.33532027470501513,-0.39999999999999997,1.0,4.0,intercept|p4_equal5|p8_equal5|p16_equal5|p32_equal5,,,,
llama,math,delta_nll_b_minus_p,M0,5.0,-72.27443212185601,0.15698757996835136,0.7999999999999999,1.0,4.0,intercept|arm_offkd|arm_opd|arm_seqkd|arm_sft|log1p_checkpoint,,,,
llama,math,delta_nll_b_minus_p,M0,20.0,-1.8803004076308287,0.0937097173828624,1.0,0.0,4.0,intercept|arm_offkd|arm_opd|arm_seqkd|arm_sft|log1p_checkpoint,,,,
llama,math,delta_nll_b_minus_p,M0,40.0,0.8585643523031491,0.05567800592240015,1.0,10.0,4.0,intercept|arm_offkd|arm_opd|arm_seqkd|arm_sft|log1p_checkpoint,,,,
llama,math,delta_nll_b_minus_p,M0,80.0,0.7101854125479133,0.09801922974934775,1.0,10.0,4.0,intercept|arm_offkd|arm_opd|arm_seqkd|arm_sft|log1p_checkpoint,,,,
llama,math,delta_nll_b_minus_p,M0,160.0,0.648145104605222,0.12273627599978221,1.0,10.0,4.0,intercept|arm_offkd|arm_opd|arm_seqkd|arm_sft|log1p_checkpoint,,,,
llama,math,delta_nll_b_minus_p,M0,320.0,0.5857593023310055,0.15914770449906618,1.0,10.0,4.0,intercept|arm_offkd|arm_opd|arm_seqkd|arm_sft|log1p_checkpoint,,,,
llama,math,delta_nll_b_minus_p,M0+C5,5.0,-198.159768859151,0.2244870227807712,0.7999999999999999,0.1,4.0,intercept|arm_offkd|arm_opd|arm_seqkd|arm_sft|log1p_checkpoint|c_equal5,,,,
llama,math,delta_nll_b_minus_p,M0+C5,20.0,-1.6586193715709703,0.0886447239219759,1.0,1.0,4.0,intercept|arm_offkd|arm_opd|arm_seqkd|arm_sft|log1p_checkpoint|c_equal5,,,,
llama,math,delta_nll_b_minus_p,M0+C5,40.0,0.8608509779967403,0.05516261285496999,1.0,10.0,4.0,intercept|arm_offkd|arm_opd|arm_seqkd|arm_sft|log1p_checkpoint|c_equal5,,,,
llama,math,delta_nll_b_minus_p,M0+C5,80.0,0.7115977396381286,0.097456628839948,1.0,10.0,4.0,intercept|arm_offkd|arm_opd|arm_seqkd|arm_sft|log1p_checkpoint|c_equal5,,,,
llama,math,delta_nll_b_minus_p,M0+C5,160.0,0.6377947119164842,0.1263044609485961,1.0,10.0,4.0,intercept|arm_offkd|arm_opd|arm_seqkd|arm_sft|log1p_checkpoint|c_equal5,,,,
llama,math,delta_nll_b_minus_p,M0+C5,320.0,0.5729444040781942,0.16175814561294105,1.0,10.0,4.0,intercept|arm_offkd|arm_opd|arm_seqkd|arm_sft|log1p_checkpoint|c_equal5,,,,
llama,math,delta_nll_b_minus_p,M0+PkAll5,5.0,-55.58991176029616,0.13079662089594463,0.7999999999999999,0.01,4.0,intercept|arm_offkd|arm_opd|arm_seqkd|arm_sft|log1p_checkpoint|p4_equal5|p8_equal5|p16_equal5|p32_equal5,,,,
llama,math,delta_nll_b_minus_p,M0+PkAll5,20.0,-0.2857415181590506,0.06328255755857676,1.0,10.0,4.0,intercept|arm_offkd|arm_opd|arm_seqkd|arm_sft|log1p_checkpoint|p4_equal5|p8_equal5|p16_equal5|p32_equal5,,,,
llama,math,delta_nll_b_minus_p,M0+PkAll5,40.0,0.7635281136409198,0.07757811272152576,1.0,0.01,4.0,intercept|arm_offkd|arm_opd|arm_seqkd|arm_sft|log1p_checkpoint|p4_equal5|p8_equal5|p16_equal5|p32_equal5,,,,
llama,math,delta_nll_b_minus_p,M0+PkAll5,80.0,0.9296655413051064,0.045748226498746214,1.0,0.1,4.0,intercept|arm_offkd|arm_opd|arm_seqkd|arm_sft|log1p_checkpoint|p4_equal5|p8_equal5|p16_equal5|p32_equal5,,,,
llama,math,delta_nll_b_minus_p,M0+PkAll5,160.0,0.6907985072120509,0.11805573923601557,1.0,10.0,4.0,intercept|arm_offkd|arm_opd|arm_seqkd|arm_sft|log1p_checkpoint|p4_equal5|p8_equal5|p16_equal5|p32_equal5,,,,
llama,math,delta_nll_b_minus_p,M0+PkAll5,320.0,0.2789342479268677,0.22015752628995086,0.7999999999999999,10.0,4.0,intercept|arm_offkd|arm_opd|arm_seqkd|arm_sft|log1p_checkpoint|p4_equal5|p8_equal5|p16_equal5|p32_equal5,,,,
llama,math,delta_nll_b_minus_p,M0+PkAll5+C5,5.0,-45.339661456693115,0.13208787687500714,0.7999999999999999,0.01,4.0,intercept|arm_offkd|arm_opd|arm_seqkd|arm_sft|log1p_checkpoint|p4_equal5|p8_equal5|p16_equal5|p32_equal5|c_equal5,,,,
llama,math,delta_nll_b_minus_p,M0+PkAll5+C5,20.0,-1.8131460177532674,0.11790117525179951,1.0,0.1,4.0,intercept|arm_offkd|arm_opd|arm_seqkd|arm_sft|log1p_checkpoint|p4_equal5|p8_equal5|p16_equal5|p32_equal5|c_equal5,,,,
llama,math,delta_nll_b_minus_p,M0+PkAll5+C5,40.0,0.8013039948451144,0.07221920593331038,1.0,0.01,4.0,intercept|arm_offkd|arm_opd|arm_seqkd|arm_sft|log1p_checkpoint|p4_equal5|p8_equal5|p16_equal5|p32_equal5|c_equal5,,,,
llama,math,delta_nll_b_minus_p,M0+PkAll5+C5,80.0,0.8967249398371594,0.06140982601943368,1.0,0.001,4.0,intercept|arm_offkd|arm_opd|arm_seqkd|arm_sft|log1p_checkpoint|p4_equal5|p8_equal5|p16_equal5|p32_equal5|c_equal5,,,,
llama,math,delta_nll_b_minus_p,M0+PkAll5+C5,160.0,0.6906199346609461,0.11797456138262172,1.0,10.0,4.0,intercept|arm_offkd|arm_opd|arm_seqkd|arm_sft|log1p_checkpoint|p4_equal5|p8_equal5|p16_equal5|p32_equal5|c_equal5,,,,
llama,math,delta_nll_b_minus_p,M0+PkAll5+C5,320.0,0.26474132408744355,0.2246893212717066,1.0,10.0,4.0,intercept|arm_offkd|arm_opd|arm_seqkd|arm_sft|log1p_checkpoint|p4_equal5|p8_equal5|p16_equal5|p32_equal5|c_equal5,,,,
llama,mmlu,delta_nll_p,C-only,5.0,-89.38114278199356,0.025212054610050993,0.0,0.0,4.0,intercept|c_equal5,,,,
llama,mmlu,delta_nll_p,C-only,20.0,0.4665558888895105,0.012254699105601972,0.7999999999999999,1.0,4.0,intercept|c_equal5,,,,
llama,mmlu,delta_nll_p,C-only,40.0,0.8199995847248394,0.014254562657917143,0.7999999999999999,10.0,4.0,intercept|c_equal5,,,,
llama,mmlu,delta_nll_p,C-only,80.0,0.6205149065555067,0.027009708122976105,0.39999999999999997,10.0,4.0,intercept|c_equal5,,,,
llama,mmlu,delta_nll_p,C-only,160.0,0.5508131304248844,0.02947416341245168,0.19999999999999998,10.0,4.0,intercept|c_equal5,,,,
llama,mmlu,delta_nll_p,C-only,320.0,0.5387514928618391,0.03541210727891395,0.19999999999999998,10.0,4.0,intercept|c_equal5,,,,
llama,mmlu,delta_nll_p,C-only-matched,5.0,-89.38114278199356,0.025212054610050993,0.0,0.0,4.0,intercept|c_equal5,,,,
llama,mmlu,delta_nll_p,C-only-matched,20.0,0.4665558888895105,0.012254699105601972,0.7999999999999999,1.0,4.0,intercept|c_equal5,,,,
llama,mmlu,delta_nll_p,C-only-matched,40.0,0.8199995847248394,0.014254562657917143,0.7999999999999999,10.0,4.0,intercept|c_equal5,,,,
llama,mmlu,delta_nll_p,C-only-matched,80.0,0.6205149065555067,0.027009708122976105,0.39999999999999997,10.0,4.0,intercept|c_equal5,,,,
llama,mmlu,delta_nll_p,C-only-matched,160.0,0.5508131304248844,0.02947416341245168,0.19999999999999998,10.0,4.0,intercept|c_equal5,,,,
llama,mmlu,delta_nll_p,C-only-matched,320.0,0.5387514928618391,0.03541210727891395,0.19999999999999998,10.0,4.0,intercept|c_equal5,,,,
llama,mmlu,delta_nll_p,Pk4-only,5.0,-19.680065316404736,0.011638838514514417,-0.7999999999999999,0.0,4.0,intercept|p4_equal5,,,,
llama,mmlu,delta_nll_p,Pk4-only,20.0,-0.07473556035291473,0.018046838880020608,0.39999999999999997,0.0,4.0,intercept|p4_equal5,,,,
llama,mmlu,delta_nll_p,Pk4-only,40.0,0.2675272755021102,0.026151510944442083,0.7999999999999999,1.0,4.0,intercept|p4_equal5,,,,
llama,mmlu,delta_nll_p,Pk4-only,80.0,-0.14085958176906632,0.039210386845280304,0.39999999999999997,0.0,4.0,intercept|p4_equal5,,,,
llama,mmlu,delta_nll_p,Pk4-only,160.0,-0.3288763466391913,0.052893914737725076,-0.39999999999999997,0.0,4.0,intercept|p4_equal5,,,,
llama,mmlu,delta_nll_p,Pk4-only,320.0,-0.02164247964500854,0.04008599158207561,0.19999999999999998,100.0,4.0,intercept|p4_equal5,,,,
llama,mmlu,delta_nll_p,Pk8-only,5.0,-14.79344220821384,0.009891451040240683,-1.0,0.0,4.0,intercept|p8_equal5,,,,
llama,mmlu,delta_nll_p,Pk8-only,20.0,-0.5992583614339213,0.02299249992455815,0.39999999999999997,0.0,4.0,intercept|p8_equal5,,,,
llama,mmlu,delta_nll_p,Pk8-only,40.0,0.6516500850719584,0.016162031596755503,0.7999999999999999,1.0,4.0,intercept|p8_equal5,,,,
llama,mmlu,delta_nll_p,Pk8-only,80.0,0.11425036595494986,0.03423174433176351,0.7999999999999999,1.0,4.0,intercept|p8_equal5,,,,
llama,mmlu,delta_nll_p,Pk8-only,160.0,-0.14449590423926906,0.045141475649642424,-0.19999999999999998,10.0,4.0,intercept|p8_equal5,,,,
llama,mmlu,delta_nll_p,Pk8-only,320.0,0.36973369467946926,0.042587650688773224,0.19999999999999998,1.0,4.0,intercept|p8_equal5,,,,
llama,mmlu,delta_nll_p,Pk16-only,5.0,-32.96304507250401,0.013021975799221604,-0.7999999999999999,1.0,4.0,intercept|p16_equal5,,,,
llama,mmlu,delta_nll_p,Pk16-only,20.0,-4.73673955465172,0.034454417661279726,0.19999999999999998,1.0,4.0,intercept|p16_equal5,,,,
llama,mmlu,delta_nll_p,Pk16-only,40.0,0.7986901888669906,0.01449364704271133,0.39999999999999997,10.0,4.0,intercept|p16_equal5,,,,
llama,mmlu,delta_nll_p,Pk16-only,80.0,0.4120094633603647,0.027130519719205114,0.7999999999999999,10.0,4.0,intercept|p16_equal5,,,,
llama,mmlu,delta_nll_p,Pk16-only,160.0,0.3053489153487341,0.03402855031083624,0.19999999999999998,10.0,4.0,intercept|p16_equal5,,,,
llama,mmlu,delta_nll_p,Pk16-only,320.0,0.41349078572736264,0.039132258397203676,0.19999999999999998,10.0,4.0,intercept|p16_equal5,,,,
llama,mmlu,delta_nll_p,Pk32-only,5.0,-153.47608644883857,0.02776708634056373,-0.19999999999999998,1.0,4.0,intercept|p32_equal5,,,,
llama,mmlu,delta_nll_p,Pk32-only,20.0,-1.9446768827564291,0.025920973967818388,0.19999999999999998,1.0,4.0,intercept|p32_equal5,,,,
llama,mmlu,delta_nll_p,Pk32-only,40.0,0.866250997495855,0.01245656690179876,1.0,10.0,4.0,intercept|p32_equal5,,,,
llama,mmlu,delta_nll_p,Pk32-only,80.0,0.5125786062404482,0.02665698845756488,0.7999999999999999,10.0,4.0,intercept|p32_equal5,,,,
llama,mmlu,delta_nll_p,Pk32-only,160.0,0.4274200562016308,0.030252906539836553,0.39999999999999997,10.0,4.0,intercept|p32_equal5,,,,
llama,mmlu,delta_nll_p,Pk32-only,320.0,0.525891352013993,0.03324809307685365,0.19999999999999998,10.0,4.0,intercept|p32_equal5,,,,
llama,mmlu,delta_nll_p,PkAll-only,5.0,-490.55552392527954,0.05060373374098462,-0.19999999999999998,0.1,4.0,intercept|p4_equal5|p8_equal5|p16_equal5|p32_equal5,,,,
llama,mmlu,delta_nll_p,PkAll-only,20.0,-4.509930478925161,0.035186995492122605,0.39999999999999997,1.0,4.0,intercept|p4_equal5|p8_equal5|p16_equal5|p32_equal5,,,,
llama,mmlu,delta_nll_p,PkAll-only,40.0,0.9143248651538577,0.008954521341881384,1.0,10.0,4.0,intercept|p4_equal5|p8_equal5|p16_equal5|p32_equal5,,,,
llama,mmlu,delta_nll_p,PkAll-only,80.0,0.50858182309848,0.025739753503921436,0.7999999999999999,10.0,4.0,intercept|p4_equal5|p8_equal5|p16_equal5|p32_equal5,,,,
llama,mmlu,delta_nll_p,PkAll-only,160.0,0.3474264518569321,0.034168410155173135,0.39999999999999997,10.0,4.0,intercept|p4_equal5|p8_equal5|p16_equal5|p32_equal5,,,,
llama,mmlu,delta_nll_p,PkAll-only,320.0,0.44849688971536716,0.034899969928609886,0.19999999999999998,10.0,4.0,intercept|p4_equal5|p8_equal5|p16_equal5|p32_equal5,,,,
llama,mmlu,delta_nll_p,M0,5.0,-259.77457172053664,0.04029229596530084,0.7999999999999999,1.0,4.0,intercept|arm_offkd|arm_opd|arm_seqkd|arm_sft|log1p_checkpoint,,,,
llama,mmlu,delta_nll_p,M0,20.0,-0.6121618147091938,0.014865100886952087,0.7999999999999999,1.0,4.0,intercept|arm_offkd|arm_opd|arm_seqkd|arm_sft|log1p_checkpoint,,,,
llama,mmlu,delta_nll_p,M0,40.0,0.9072532860626339,0.01077305960248792,0.7999999999999999,10.0,4.0,intercept|arm_offkd|arm_opd|arm_seqkd|arm_sft|log1p_checkpoint,,,,
llama,mmlu,delta_nll_p,M0,80.0,0.6707443674940805,0.021659536476847107,1.0,10.0,4.0,intercept|arm_offkd|arm_opd|arm_seqkd|arm_sft|log1p_checkpoint,,,,
llama,mmlu,delta_nll_p,M0,160.0,0.6887035066796154,0.023603753225259066,0.7999999999999999,10.0,4.0,intercept|arm_offkd|arm_opd|arm_seqkd|arm_sft|log1p_checkpoint,,,,
llama,mmlu,delta_nll_p,M0,320.0,0.6473623227163514,0.02798543044418944,0.7999999999999999,10.0,4.0,intercept|arm_offkd|arm_opd|arm_seqkd|arm_sft|log1p_checkpoint,,,,
llama,mmlu,delta_nll_p,M0+C5,5.0,-117.35232081470706,0.0282859528993177,0.39999999999999997,1.0,4.0,intercept|arm_offkd|arm_opd|arm_seqkd|arm_sft|log1p_checkpoint|c_equal5,,,,
llama,mmlu,delta_nll_p,M0+C5,20.0,-0.13210428708944644,0.014465872042889736,0.7999999999999999,10.0,4.0,intercept|arm_offkd|arm_opd|arm_seqkd|arm_sft|log1p_checkpoint|c_equal5,,,,
llama,mmlu,delta_nll_p,M0+C5,40.0,0.848662073249716,0.013375500174842632,0.39999999999999997,0.0,4.0,intercept|arm_offkd|arm_opd|arm_seqkd|arm_sft|log1p_checkpoint|c_equal5,,,,
llama,mmlu,delta_nll_p,M0+C5,80.0,0.8110384731442062,0.01658219434120031,1.0,10.0,4.0,intercept|arm_offkd|arm_opd|arm_seqkd|arm_sft|log1p_checkpoint|c_equal5,,,,
llama,mmlu,delta_nll_p,M0+C5,160.0,0.8862340153750742,0.01619607606806916,0.39999999999999997,0.0,4.0,intercept|arm_offkd|arm_opd|arm_seqkd|arm_sft|log1p_checkpoint|c_equal5,,,,
llama,mmlu,delta_nll_p,M0+C5,320.0,0.8345176463312022,0.0209495586200721,0.19999999999999998,0.1,4.0,intercept|arm_offkd|arm_opd|arm_seqkd|arm_sft|log1p_checkpoint|c_equal5,,,,
llama,mmlu,delta_nll_p,M0+PkAll5,5.0,-208.95722185531636,0.03854333542142098,1.0,0.1,4.0,intercept|arm_offkd|arm_opd|arm_seqkd|arm_sft|log1p_checkpoint|p4_equal5|p8_equal5|p16_equal5|p32_equal5,,,,
llama,mmlu,delta_nll_p,M0+PkAll5,20.0,-3.044430787695938,0.02922121543159265,0.39999999999999997,10.0,4.0,intercept|arm_offkd|arm_opd|arm_seqkd|arm_sft|log1p_checkpoint|p4_equal5|p8_equal5|p16_equal5|p32_equal5,,,,
llama,mmlu,delta_nll_p,M0+PkAll5,40.0,0.9469843255988862,0.007663489195692099,0.7999999999999999,0.1,4.0,intercept|arm_offkd|arm_opd|arm_seqkd|arm_sft|log1p_checkpoint|p4_equal5|p8_equal5|p16_equal5|p32_equal5,,,,
llama,mmlu,delta_nll_p,M0+PkAll5,80.0,0.9178799807064515,0.012488801026932731,1.0,0.1,4.0,intercept|arm_offkd|arm_opd|arm_seqkd|arm_sft|log1p_checkpoint|p4_equal5|p8_equal5|p16_equal5|p32_equal5,,,,
llama,mmlu,delta_nll_p,M0+PkAll5,160.0,0.6479422967851098,0.023711066811327064,0.39999999999999997,10.0,4.0,intercept|arm_offkd|arm_opd|arm_seqkd|arm_sft|log1p_checkpoint|p4_equal5|p8_equal5|p16_equal5|p32_equal5,,,,
llama,mmlu,delta_nll_p,M0+PkAll5,320.0,0.8749859605978116,0.01514800773906169,0.7999999999999999,1.0,4.0,intercept|arm_offkd|arm_opd|arm_seqkd|arm_sft|log1p_checkpoint|p4_equal5|p8_equal5|p16_equal5|p32_equal5,,,,
llama,mmlu,delta_nll_p,M0+PkAll5+C5,5.0,-134.08477478065123,0.0306279330313654,0.7999999999999999,0.1,4.0,intercept|arm_offkd|arm_opd|arm_seqkd|arm_sft|log1p_checkpoint|p4_equal5|p8_equal5|p16_equal5|p32_equal5|c_equal5,,,,
llama,mmlu,delta_nll_p,M0+PkAll5+C5,20.0,-2.1322984366276576,0.02458064465940802,0.39999999999999997,10.0,4.0,intercept|arm_offkd|arm_opd|arm_seqkd|arm_sft|log1p_checkpoint|p4_equal5|p8_equal5|p16_equal5|p32_equal5|c_equal5,,,,
llama,mmlu,delta_nll_p,M0+PkAll5+C5,40.0,0.9336235259519288,0.009441262495136847,0.19999999999999998,0.1,4.0,intercept|arm_offkd|arm_opd|arm_seqkd|arm_sft|log1p_checkpoint|p4_equal5|p8_equal5|p16_equal5|p32_equal5|c_equal5,,,,
llama,mmlu,delta_nll_p,M0+PkAll5+C5,80.0,0.8080892364331845,0.015783079339554695,0.7999999999999999,10.0,4.0,intercept|arm_offkd|arm_opd|arm_seqkd|arm_sft|log1p_checkpoint|p4_equal5|p8_equal5|p16_equal5|p32_equal5|c_equal5,,,,
llama,mmlu,delta_nll_p,M0+PkAll5+C5,160.0,0.7318831735771405,0.020554884766458455,0.39999999999999997,10.0,4.0,intercept|arm_offkd|arm_opd|arm_seqkd|arm_sft|log1p_checkpoint|p4_equal5|p8_equal5|p16_equal5|p32_equal5|c_equal5,,,,
llama,mmlu,delta_nll_p,M0+PkAll5+C5,320.0,0.9254229750288696,0.014846268061128405,0.39999999999999997,0.1,4.0,intercept|arm_offkd|arm_opd|arm_seqkd|arm_sft|log1p_checkpoint|p4_equal5|p8_equal5|p16_equal5|p32_equal5|c_equal5,,,,
llama,mmlu,delta_nll_f,C-only,5.0,-6.105993839746763,0.03179547013336043,-0.19999999999999998,1.0,4.0,intercept|c_equal5,,,,
llama,mmlu,delta_nll_f,C-only,20.0,0.5419332948989108,0.03541402609014876,0.7999999999999999,1.0,4.0,intercept|c_equal5,,,,
llama,mmlu,delta_nll_f,C-only,40.0,0.7677912112256571,0.060574298347617656,0.19999999999999998,1.0,4.0,intercept|c_equal5,,,,
llama,mmlu,delta_nll_f,C-only,80.0,0.5772599719271714,0.11434581701733174,0.19999999999999998,1.0,4.0,intercept|c_equal5,,,,
llama,mmlu,delta_nll_f,C-only,160.0,0.5140587713744531,0.114167867728773,0.19999999999999998,1.0,4.0,intercept|c_equal5,,,,
llama,mmlu,delta_nll_f,C-only,320.0,0.29201203802584474,0.09683524944005012,0.19999999999999998,1.0,4.0,intercept|c_equal5,,,,
llama,mmlu,delta_nll_f,C-only-matched,5.0,-6.105993839746763,0.03179547013336043,-0.19999999999999998,1.0,4.0,intercept|c_equal5,,,,
llama,mmlu,delta_nll_f,C-only-matched,20.0,0.5419332948989108,0.03541402609014876,0.7999999999999999,1.0,4.0,intercept|c_equal5,,,,
llama,mmlu,delta_nll_f,C-only-matched,40.0,0.7677912112256571,0.060574298347617656,0.19999999999999998,1.0,4.0,intercept|c_equal5,,,,
llama,mmlu,delta_nll_f,C-only-matched,80.0,0.5772599719271714,0.11434581701733174,0.19999999999999998,1.0,4.0,intercept|c_equal5,,,,
llama,mmlu,delta_nll_f,C-only-matched,160.0,0.5140587713744531,0.114167867728773,0.19999999999999998,1.0,4.0,intercept|c_equal5,,,,
llama,mmlu,delta_nll_f,C-only-matched,320.0,0.29201203802584474,0.09683524944005012,0.19999999999999998,1.0,4.0,intercept|c_equal5,,,,
llama,mmlu,delta_nll_f,Pk4-only,5.0,-23.187795030715066,0.0638885311324005,0.7999999999999999,0.0,4.0,intercept|p4_equal5,,,,
llama,mmlu,delta_nll_f,Pk4-only,20.0,-0.21146494199318977,0.07084321015970138,0.39999999999999997,0.0,4.0,intercept|p4_equal5,,,,
llama,mmlu,delta_nll_f,Pk4-only,40.0,0.1921881802883142,0.09371020271321531,0.7999999999999999,0.0,4.0,intercept|p4_equal5,,,,
llama,mmlu,delta_nll_f,Pk4-only,80.0,-0.26164744475315693,0.1738085165847753,-0.19999999999999998,0.0,4.0,intercept|p4_equal5,,,,
llama,mmlu,delta_nll_f,Pk4-only,160.0,-0.3920333430199432,0.1597163125702139,-0.39999999999999997,1.0,4.0,intercept|p4_equal5,,,,
llama,mmlu,delta_nll_f,Pk4-only,320.0,0.35619664085650293,0.13090681829131137,0.19999999999999998,1.0,4.0,intercept|p4_equal5,,,,
llama,mmlu,delta_nll_f,Pk8-only,5.0,-16.477617128607577,0.05351239210686942,0.39999999999999997,0.0,4.0,intercept|p8_equal5,,,,
llama,mmlu,delta_nll_f,Pk8-only,20.0,-0.1796318472434053,0.06726740026533938,0.39999999999999997,0.0,4.0,intercept|p8_equal5,,,,
llama,mmlu,delta_nll_f,Pk8-only,40.0,0.5155878172280429,0.07279056349401175,0.7999999999999999,0.0,4.0,intercept|p8_equal5,,,,
llama,mmlu,delta_nll_f,Pk8-only,80.0,-0.06625310565357623,0.17005854087103295,0.39999999999999997,0.1,4.0,intercept|p8_equal5,,,,
llama,mmlu,delta_nll_f,Pk8-only,160.0,-0.3637194131991248,0.16607827719596197,-0.19999999999999998,1.0,4.0,intercept|p8_equal5,,,,
llama,mmlu,delta_nll_f,Pk8-only,320.0,0.16026604033870806,0.14002589468358084,0.19999999999999998,0.0,4.0,intercept|p8_equal5,,,,
llama,mmlu,delta_nll_f,Pk16-only,5.0,-0.5698116999556435,0.011567016094353485,0.0,1.0,4.0,intercept|p16_equal5,,,,
llama,mmlu,delta_nll_f,Pk16-only,20.0,-3.430982340469619,0.1042695073708881,0.7999999999999999,1.0,4.0,intercept|p16_equal5,,,,
llama,mmlu,delta_nll_f,Pk16-only,40.0,0.8582913464863989,0.049641864748333514,1.0,1.0,4.0,intercept|p16_equal5,,,,
llama,mmlu,delta_nll_f,Pk16-only,80.0,0.3713829263924252,0.1375944896750479,0.39999999999999997,1.0,4.0,intercept|p16_equal5,,,,
llama,mmlu,delta_nll_f,Pk16-only,160.0,0.2528704840270283,0.12309810866452055,0.19999999999999998,1.0,4.0,intercept|p16_equal5,,,,
llama,mmlu,delta_nll_f,Pk16-only,320.0,0.32157467347418944,0.12609712120341535,0.19999999999999998,1.0,4.0,intercept|p16_equal5,,,,
llama,mmlu,delta_nll_f,Pk32-only,5.0,-19.234451769644004,0.046960984221579634,0.7999999999999999,1.0,4.0,intercept|p32_equal5,,,,
llama,mmlu,delta_nll_f,Pk32-only,20.0,-0.5987150078780317,0.08518311231386173,0.7999999999999999,10.0,4.0,intercept|p32_equal5,,,,
llama,mmlu,delta_nll_f,Pk32-only,40.0,0.7110039973906971,0.06124109354252396,0.39999999999999997,10.0,4.0,intercept|p32_equal5,,,,
llama,mmlu,delta_nll_f,Pk32-only,80.0,0.3351310710895372,0.1348407932454017,0.39999999999999997,10.0,4.0,intercept|p32_equal5,,,,
llama,mmlu,delta_nll_f,Pk32-only,160.0,0.22874259050010814,0.12259085009035361,0.39999999999999997,10.0,4.0,intercept|p32_equal5,,,,
llama,mmlu,delta_nll_f,Pk32-only,320.0,0.4601123423450164,0.095702721491048,0.19999999999999998,1.0,4.0,intercept|p32_equal5,,,,
llama,mmlu,delta_nll_f,PkAll-only,5.0,-31.091603332550967,0.06140067123115774,0.7999999999999999,1.0,4.0,intercept|p4_equal5|p8_equal5|p16_equal5|p32_equal5,,,,
llama,mmlu,delta_nll_f,PkAll-only,20.0,-4.311407101090359,0.1276137853090281,1.0,1.0,4.0,intercept|p4_equal5|p8_equal5|p16_equal5|p32_equal5,,,,
llama,mmlu,delta_nll_f,PkAll-only,40.0,0.8255860365119398,0.04931408049254744,0.19999999999999998,1.0,4.0,intercept|p4_equal5|p8_equal5|p16_equal5|p32_equal5,,,,
llama,mmlu,delta_nll_f,PkAll-only,80.0,0.3495941057902554,0.13714315872747032,0.39999999999999997,10.0,4.0,intercept|p4_equal5|p8_equal5|p16_equal5|p32_equal5,,,,
llama,mmlu,delta_nll_f,PkAll-only,160.0,0.24763155712836282,0.1232799208509571,0.19999999999999998,10.0,4.0,intercept|p4_equal5|p8_equal5|p16_equal5|p32_equal5,,,,
llama,mmlu,delta_nll_f,PkAll-only,320.0,0.4872537017379759,0.10969666394106242,0.19999999999999998,10.0,4.0,intercept|p4_equal5|p8_equal5|p16_equal5|p32_equal5,,,,
llama,mmlu,delta_nll_f,M0,5.0,-150.92521397364672,0.12515979773987398,-0.39999999999999997,1.0,4.0,intercept|arm_offkd|arm_opd|arm_seqkd|arm_sft|log1p_checkpoint,,,,
llama,mmlu,delta_nll_f,M0,20.0,-0.3788320654650599,0.06530412720176751,0.39999999999999997,1.0,4.0,intercept|arm_offkd|arm_opd|arm_seqkd|arm_sft|log1p_checkpoint,,,,
llama,mmlu,delta_nll_f,M0,40.0,0.8565470329275615,0.03960704647992602,1.0,10.0,4.0,intercept|arm_offkd|arm_opd|arm_seqkd|arm_sft|log1p_checkpoint,,,,
llama,mmlu,delta_nll_f,M0,80.0,0.5445247970173668,0.10082626410547885,1.0,10.0,4.0,intercept|arm_offkd|arm_opd|arm_seqkd|arm_sft|log1p_checkpoint,,,,
llama,mmlu,delta_nll_f,M0,160.0,0.5522203004883248,0.08071598923767545,1.0,10.0,4.0,intercept|arm_offkd|arm_opd|arm_seqkd|arm_sft|log1p_checkpoint,,,,
llama,mmlu,delta_nll_f,M0,320.0,0.6371749661939212,0.10395584956070343,1.0,10.0,4.0,intercept|arm_offkd|arm_opd|arm_seqkd|arm_sft|log1p_checkpoint,,,,
llama,mmlu,delta_nll_f,M0+C5,5.0,-54.847104687239145,0.07026085106651908,-0.39999999999999997,10.0,4.0,intercept|arm_offkd|arm_opd|arm_seqkd|arm_sft|log1p_checkpoint|c_equal5,,,,
llama,mmlu,delta_nll_f,M0+C5,20.0,-0.7122964900691895,0.0721980817609982,0.39999999999999997,1.0,4.0,intercept|arm_offkd|arm_opd|arm_seqkd|arm_sft|log1p_checkpoint|c_equal5,,,,
llama,mmlu,delta_nll_f,M0+C5,40.0,0.9850118347817045,0.014072187857268898,1.0,0.0,4.0,intercept|arm_offkd|arm_opd|arm_seqkd|arm_sft|log1p_checkpoint|c_equal5,,,,
llama,mmlu,delta_nll_f,M0+C5,80.0,0.685789040871541,0.0890658748282702,1.0,10.0,4.0,intercept|arm_offkd|arm_opd|arm_seqkd|arm_sft|log1p_checkpoint|c_equal5,,,,
llama,mmlu,delta_nll_f,M0+C5,160.0,0.7855782640780757,0.07487849529768074,0.39999999999999997,0.0,4.0,intercept|arm_offkd|arm_opd|arm_seqkd|arm_sft|log1p_checkpoint|c_equal5,,,,
llama,mmlu,delta_nll_f,M0+C5,320.0,0.6269070333935045,0.08993498719808035,0.19999999999999998,0.1,4.0,intercept|arm_offkd|arm_opd|arm_seqkd|arm_sft|log1p_checkpoint|c_equal5,,,,
llama,mmlu,delta_nll_f,M0+PkAll5,5.0,-151.85478912793457,0.14294811481273736,-0.19999999999999998,1.0,4.0,intercept|arm_offkd|arm_opd|arm_seqkd|arm_sft|log1p_checkpoint|p4_equal5|p8_equal5|p16_equal5|p32_equal5,,,,
llama,mmlu,delta_nll_f,M0+PkAll5,20.0,-3.351103334270988,0.10998890678067796,0.39999999999999997,1.0,4.0,intercept|arm_offkd|arm_opd|arm_seqkd|arm_sft|log1p_checkpoint|p4_equal5|p8_equal5|p16_equal5|p32_equal5,,,,
llama,mmlu,delta_nll_f,M0+PkAll5,40.0,0.9523424726103858,0.027762656844276014,1.0,10.0,4.0,intercept|arm_offkd|arm_opd|arm_seqkd|arm_sft|log1p_checkpoint|p4_equal5|p8_equal5|p16_equal5|p32_equal5,,,,
llama,mmlu,delta_nll_f,M0+PkAll5,80.0,0.6007369899743844,0.10529797332310475,1.0,10.0,4.0,intercept|arm_offkd|arm_opd|arm_seqkd|arm_sft|log1p_checkpoint|p4_equal5|p8_equal5|p16_equal5|p32_equal5,,,,
llama,mmlu,delta_nll_f,M0+PkAll5,160.0,0.5778392522984501,0.08391590345825023,1.0,10.0,4.0,intercept|arm_offkd|arm_opd|arm_seqkd|arm_sft|log1p_checkpoint|p4_equal5|p8_equal5|p16_equal5|p32_equal5,,,,
llama,mmlu,delta_nll_f,M0+PkAll5,320.0,0.623741444024335,0.10219594856622993,1.0,10.0,4.0,intercept|arm_offkd|arm_opd|arm_seqkd|arm_sft|log1p_checkpoint|p4_equal5|p8_equal5|p16_equal5|p32_equal5,,,,
llama,mmlu,delta_nll_f,M0+PkAll5+C5,5.0,-85.62252167520735,0.10779757676328017,-0.39999999999999997,1.0,4.0,intercept|arm_offkd|arm_opd|arm_seqkd|arm_sft|log1p_checkpoint|p4_equal5|p8_equal5|p16_equal5|p32_equal5|c_equal5,,,,
llama,mmlu,delta_nll_f,M0+PkAll5+C5,20.0,-1.212199771020889,0.07501011214683193,0.39999999999999997,1.0,4.0,intercept|arm_offkd|arm_opd|arm_seqkd|arm_sft|log1p_checkpoint|p4_equal5|p8_equal5|p16_equal5|p32_equal5|c_equal5,,,,
llama,mmlu,delta_nll_f,M0+PkAll5+C5,40.0,0.9592712530177374,0.025076964404440114,0.7999999999999999,0.1,4.0,intercept|arm_offkd|arm_opd|arm_seqkd|arm_sft|log1p_checkpoint|p4_equal5|p8_equal5|p16_equal5|p32_equal5|c_equal5,,,,
llama,mmlu,delta_nll_f,M0+PkAll5+C5,80.0,0.954543936680692,0.041977894829043544,1.0,0.1,4.0,intercept|arm_offkd|arm_opd|arm_seqkd|arm_sft|log1p_checkpoint|p4_equal5|p8_equal5|p16_equal5|p32_equal5|c_equal5,,,,
llama,mmlu,delta_nll_f,M0+PkAll5+C5,160.0,0.8704760727543747,0.06073129338869379,1.0,1.0,4.0,intercept|arm_offkd|arm_opd|arm_seqkd|arm_sft|log1p_checkpoint|p4_equal5|p8_equal5|p16_equal5|p32_equal5|c_equal5,,,,
llama,mmlu,delta_nll_f,M0+PkAll5+C5,320.0,0.8372007767937374,0.05765129207532698,0.7999999999999999,1.0,4.0,intercept|arm_offkd|arm_opd|arm_seqkd|arm_sft|log1p_checkpoint|p4_equal5|p8_equal5|p16_equal5|p32_equal5|c_equal5,,,,
llama,mmlu,delta_nll_a,C-only,5.0,-44.64509257116708,0.017914341179416933,0.39999999999999997,1.0,4.0,intercept|c_equal5,,,,
llama,mmlu,delta_nll_a,C-only,20.0,0.5516698930127373,0.015519459979484238,0.7999999999999999,1.0,4.0,intercept|c_equal5,,,,
llama,mmlu,delta_nll_a,C-only,40.0,0.9355799089408178,0.009474100193637779,0.39999999999999997,1.0,4.0,intercept|c_equal5,,,,
llama,mmlu,delta_nll_a,C-only,80.0,0.8481272841515313,0.025789519185117137,0.7999999999999999,1.0,4.0,intercept|c_equal5,,,,
llama,mmlu,delta_nll_a,C-only,160.0,0.8188204750048214,0.02558209254752564,0.7999999999999999,1.0,4.0,intercept|c_equal5,,,,
llama,mmlu,delta_nll_a,C-only,320.0,0.7641909558774503,0.03577136790614948,0.7999999999999999,1.0,4.0,intercept|c_equal5,,,,
llama,mmlu,delta_nll_a,C-only-matched,5.0,-44.64509257116708,0.017914341179416933,0.39999999999999997,1.0,4.0,intercept|c_equal5,,,,
llama,mmlu,delta_nll_a,C-only-matched,20.0,0.5516698930127373,0.015519459979484238,0.7999999999999999,1.0,4.0,intercept|c_equal5,,,,
llama,mmlu,delta_nll_a,C-only-matched,40.0,0.9355799089408178,0.009474100193637779,0.39999999999999997,1.0,4.0,intercept|c_equal5,,,,
llama,mmlu,delta_nll_a,C-only-matched,80.0,0.8481272841515313,0.025789519185117137,0.7999999999999999,1.0,4.0,intercept|c_equal5,,,,
llama,mmlu,delta_nll_a,C-only-matched,160.0,0.8188204750048214,0.02558209254752564,0.7999999999999999,1.0,4.0,intercept|c_equal5,,,,
llama,mmlu,delta_nll_a,C-only-matched,320.0,0.7641909558774503,0.03577136790614948,0.7999999999999999,1.0,4.0,intercept|c_equal5,,,,
llama,mmlu,delta_nll_a,Pk4-only,5.0,-47.06695005387044,0.014016145815376847,0.39999999999999997,0.0,4.0,intercept|p4_equal5,,,,
llama,mmlu,delta_nll_a,Pk4-only,20.0,0.23917139215577732,0.019549721890021618,0.39999999999999997,0.0,4.0,intercept|p4_equal5,,,,
llama,mmlu,delta_nll_a,Pk4-only,40.0,0.2838070214142089,0.02703025688669922,1.0,1.0,4.0,intercept|p4_equal5,,,,
llama,mmlu,delta_nll_a,Pk4-only,80.0,-0.15411016552967727,0.04783416446981791,0.7999999999999999,1.0,4.0,intercept|p4_equal5,,,,
llama,mmlu,delta_nll_a,Pk4-only,160.0,-0.23839738647245112,0.06743339790291925,0.39999999999999997,1.0,4.0,intercept|p4_equal5,,,,
llama,mmlu,delta_nll_a,Pk4-only,320.0,0.5723602754609461,0.0513490263788446,0.7999999999999999,0.0,4.0,intercept|p4_equal5,,,,
llama,mmlu,delta_nll_a,Pk8-only,5.0,-43.36535844350722,0.013779640234815399,0.19999999999999998,1.0,4.0,intercept|p8_equal5,,,,
llama,mmlu,delta_nll_a,Pk8-only,20.0,-0.6219249294828084,0.03182192706614142,0.39999999999999997,0.1,4.0,intercept|p8_equal5,,,,
llama,mmlu,delta_nll_a,Pk8-only,40.0,0.7168000878355971,0.01488283634719353,1.0,1.0,4.0,intercept|p8_equal5,,,,
llama,mmlu,delta_nll_a,Pk8-only,80.0,0.14213284690038575,0.041469676082398835,1.0,1.0,4.0,intercept|p8_equal5,,,,
llama,mmlu,delta_nll_a,Pk8-only,160.0,-0.10169244516510623,0.06007810897820009,0.7999999999999999,1.0,4.0,intercept|p8_equal5,,,,
llama,mmlu,delta_nll_a,Pk8-only,320.0,0.4874421111555909,0.0552181193674527,0.7999999999999999,0.01,4.0,intercept|p8_equal5,,,,
llama,mmlu,delta_nll_a,Pk16-only,5.0,-30.63378774764632,0.013465222404029715,-0.39999999999999997,10.0,4.0,intercept|p16_equal5,,,,
llama,mmlu,delta_nll_a,Pk16-only,20.0,-4.70137554415565,0.04557991718224302,0.19999999999999998,1.0,4.0,intercept|p16_equal5,,,,
llama,mmlu,delta_nll_a,Pk16-only,40.0,0.8592140539712311,0.011793275607379833,0.7999999999999999,10.0,4.0,intercept|p16_equal5,,,,
llama,mmlu,delta_nll_a,Pk16-only,80.0,0.4377562553345874,0.031641901721570755,1.0,10.0,4.0,intercept|p16_equal5,,,,
llama,mmlu,delta_nll_a,Pk16-only,160.0,0.541924618849331,0.037603390854162,0.7999999999999999,1.0,4.0,intercept|p16_equal5,,,,
llama,mmlu,delta_nll_a,Pk16-only,320.0,0.5820375348036417,0.04943205871739005,0.7999999999999999,1.0,4.0,intercept|p16_equal5,,,,
llama,mmlu,delta_nll_a,Pk32-only,5.0,-134.38622826236173,0.024095107128173393,1.0,1.0,4.0,intercept|p32_equal5,,,,
llama,mmlu,delta_nll_a,Pk32-only,20.0,-1.7320650645304108,0.031686707635367774,0.19999999999999998,1.0,4.0,intercept|p32_equal5,,,,
llama,mmlu,delta_nll_a,Pk32-only,40.0,0.9163897969848286,0.011476626897361304,0.7999999999999999,10.0,4.0,intercept|p32_equal5,,,,
llama,mmlu,delta_nll_a,Pk32-only,80.0,0.7444682114558607,0.02395946087085428,1.0,1.0,4.0,intercept|p32_equal5,,,,
llama,mmlu,delta_nll_a,Pk32-only,160.0,0.706216623724244,0.029825978944818345,1.0,1.0,4.0,intercept|p32_equal5,,,,
llama,mmlu,delta_nll_a,Pk32-only,320.0,0.7499793130026693,0.037613764178300355,0.7999999999999999,1.0,4.0,intercept|p32_equal5,,,,
llama,mmlu,delta_nll_a,PkAll-only,5.0,-585.9311298229056,0.051363052688515196,1.0,0.1,4.0,intercept|p4_equal5|p8_equal5|p16_equal5|p32_equal5,,,,
llama,mmlu,delta_nll_a,PkAll-only,20.0,-3.690958115443715,0.0391652582179953,0.19999999999999998,1.0,4.0,intercept|p4_equal5|p8_equal5|p16_equal5|p32_equal5,,,,
llama,mmlu,delta_nll_a,PkAll-only,40.0,0.9411498201819422,0.008306919914444912,0.7999999999999999,10.0,4.0,intercept|p4_equal5|p8_equal5|p16_equal5|p32_equal5,,,,
llama,mmlu,delta_nll_a,PkAll-only,80.0,0.5268931153232532,0.030607660509034875,1.0,10.0,4.0,intercept|p4_equal5|p8_equal5|p16_equal5|p32_equal5,,,,
llama,mmlu,delta_nll_a,PkAll-only,160.0,0.44639825190822646,0.042634775132197836,1.0,10.0,4.0,intercept|p4_equal5|p8_equal5|p16_equal5|p32_equal5,,,,
llama,mmlu,delta_nll_a,PkAll-only,320.0,0.7237042697366793,0.03288785352210467,0.7999999999999999,1.0,4.0,intercept|p4_equal5|p8_equal5|p16_equal5|p32_equal5,,,,
llama,mmlu,delta_nll_a,M0,5.0,-499.63194190504527,0.04816747795392417,-0.19999999999999998,1.0,4.0,intercept|arm_offkd|arm_opd|arm_seqkd|arm_sft|log1p_checkpoint,,,,
llama,mmlu,delta_nll_a,M0,20.0,-0.035503988726486746,0.018337328618463163,1.0,1.0,4.0,intercept|arm_offkd|arm_opd|arm_seqkd|arm_sft|log1p_checkpoint,,,,
llama,mmlu,delta_nll_a,M0,40.0,0.9243372725351561,0.00961546086498788,0.7999999999999999,10.0,4.0,intercept|arm_offkd|arm_opd|arm_seqkd|arm_sft|log1p_checkpoint,,,,
llama,mmlu,delta_nll_a,M0,80.0,0.6569737523831742,0.026918111312158145,1.0,10.0,4.0,intercept|arm_offkd|arm_opd|arm_seqkd|arm_sft|log1p_checkpoint,,,,
llama,mmlu,delta_nll_a,M0,160.0,0.7017682928040448,0.0307452542126642,1.0,10.0,4.0,intercept|arm_offkd|arm_opd|arm_seqkd|arm_sft|log1p_checkpoint,,,,
llama,mmlu,delta_nll_a,M0,320.0,0.6170179984887741,0.03921215596956331,1.0,10.0,4.0,intercept|arm_offkd|arm_opd|arm_seqkd|arm_sft|log1p_checkpoint,,,,
llama,mmlu,delta_nll_a,M0+C5,5.0,-45.180435153208975,0.015906722230993084,-0.7999999999999999,0.1,4.0,intercept|arm_offkd|arm_opd|arm_seqkd|arm_sft|log1p_checkpoint|c_equal5,,,,
llama,mmlu,delta_nll_a,M0+C5,20.0,-0.22618458351417536,0.01883310047946762,0.7999999999999999,1.0,4.0,intercept|arm_offkd|arm_opd|arm_seqkd|arm_sft|log1p_checkpoint|c_equal5,,,,
llama,mmlu,delta_nll_a,M0+C5,40.0,0.9061727235109236,0.013500082615835175,0.7999999999999999,0.1,4.0,intercept|arm_offkd|arm_opd|arm_seqkd|arm_sft|log1p_checkpoint|c_equal5,,,,
llama,mmlu,delta_nll_a,M0+C5,80.0,0.963658306640736,0.011667518763960398,0.7999999999999999,0.01,4.0,intercept|arm_offkd|arm_opd|arm_seqkd|arm_sft|log1p_checkpoint|c_equal5,,,,
llama,mmlu,delta_nll_a,M0+C5,160.0,0.9413387575994965,0.013690720408224027,1.0,0.1,4.0,intercept|arm_offkd|arm_opd|arm_seqkd|arm_sft|log1p_checkpoint|c_equal5,,,,
llama,mmlu,delta_nll_a,M0+C5,320.0,0.8986584365246171,0.023601975330912593,0.7999999999999999,0.1,4.0,intercept|arm_offkd|arm_opd|arm_seqkd|arm_sft|log1p_checkpoint|c_equal5,,,,
llama,mmlu,delta_nll_a,M0+PkAll5,5.0,-212.89704638622723,0.036893798914137715,-0.19999999999999998,0.1,4.0,intercept|arm_offkd|arm_opd|arm_seqkd|arm_sft|log1p_checkpoint|p4_equal5|p8_equal5|p16_equal5|p32_equal5,,,,
llama,mmlu,delta_nll_a,M0+PkAll5,20.0,-1.0841953458935025,0.028905708316418845,1.0,0.1,4.0,intercept|arm_offkd|arm_opd|arm_seqkd|arm_sft|log1p_checkpoint|p4_equal5|p8_equal5|p16_equal5|p32_equal5,,,,
llama,mmlu,delta_nll_a,M0+PkAll5,40.0,0.8854264291906633,0.014972161984628222,0.39999999999999997,0.1,4.0,intercept|arm_offkd|arm_opd|arm_seqkd|arm_sft|log1p_checkpoint|p4_equal5|p8_equal5|p16_equal5|p32_equal5,,,,
llama,mmlu,delta_nll_a,M0+PkAll5,80.0,0.9217583245454806,0.017919749418264797,1.0,0.0,4.0,intercept|arm_offkd|arm_opd|arm_seqkd|arm_sft|log1p_checkpoint|p4_equal5|p8_equal5|p16_equal5|p32_equal5,,,,
llama,mmlu,delta_nll_a,M0+PkAll5,160.0,0.9565811200204066,0.01341332373607068,0.7999999999999999,0.1,4.0,intercept|arm_offkd|arm_opd|arm_seqkd|arm_sft|log1p_checkpoint|p4_equal5|p8_equal5|p16_equal5|p32_equal5,,,,
llama,mmlu,delta_nll_a,M0+PkAll5,320.0,0.8126750774770211,0.027881496871075447,0.7999999999999999,0.01,4.0,intercept|arm_offkd|arm_opd|arm_seqkd|arm_sft|log1p_checkpoint|p4_equal5|p8_equal5|p16_equal5|p32_equal5,,,,
llama,mmlu,delta_nll_a,M0+PkAll5+C5,5.0,-47.88120424576015,0.015357821539758131,-0.39999999999999997,0.1,4.0,intercept|arm_offkd|arm_opd|arm_seqkd|arm_sft|log1p_checkpoint|p4_equal5|p8_equal5|p16_equal5|p32_equal5|c_equal5,,,,
llama,mmlu,delta_nll_a,M0+PkAll5+C5,20.0,0.4442264085417159,0.016594154166781266,1.0,0.01,4.0,intercept|arm_offkd|arm_opd|arm_seqkd|arm_sft|log1p_checkpoint|p4_equal5|p8_equal5|p16_equal5|p32_equal5|c_equal5,,,,
llama,mmlu,delta_nll_a,M0+PkAll5+C5,40.0,0.9606305806808829,0.007231882432103073,0.7999999999999999,0.1,4.0,intercept|arm_offkd|arm_opd|arm_seqkd|arm_sft|log1p_checkpoint|p4_equal5|p8_equal5|p16_equal5|p32_equal5|c_equal5,,,,
llama,mmlu,delta_nll_a,M0+PkAll5+C5,80.0,0.966738004798346,0.010078354907090432,1.0,0.1,4.0,intercept|arm_offkd|arm_opd|arm_seqkd|arm_sft|log1p_checkpoint|p4_equal5|p8_equal5|p16_equal5|p32_equal5|c_equal5,,,,
llama,mmlu,delta_nll_a,M0+PkAll5+C5,160.0,0.9885871071897345,0.005019539390466196,1.0,0.1,4.0,intercept|arm_offkd|arm_opd|arm_seqkd|arm_sft|log1p_checkpoint|p4_equal5|p8_equal5|p16_equal5|p32_equal5|c_equal5,,,,
llama,mmlu,delta_nll_a,M0+PkAll5+C5,320.0,0.9846835841819692,0.006489992490873062,1.0,0.1,4.0,intercept|arm_offkd|arm_opd|arm_seqkd|arm_sft|log1p_checkpoint|p4_equal5|p8_equal5|p16_equal5|p32_equal5|c_equal5,,,,
llama,mmlu,delta_nll_t,C-only,5.0,-27.96787884048863,0.21909774702326368,1.0,1.0,4.0,intercept|c_equal5,,,,
llama,mmlu,delta_nll_t,C-only,20.0,-0.5771399445409988,0.3613114021147862,0.6000000000000001,0.0,4.0,intercept|c_equal5,,,,
llama,mmlu,delta_nll_t,C-only,40.0,0.2999769780453023,0.5800921625120167,0.6000000000000001,1.0,4.0,intercept|c_equal5,,,,
llama,mmlu,delta_nll_t,C-only,80.0,0.20227303609826974,0.5594918018506179,0.7999999999999999,0.1,4.0,intercept|c_equal5,,,,
llama,mmlu,delta_nll_t,C-only,160.0,0.3964424386651726,0.6968286820532916,0.7999999999999999,0.1,4.0,intercept|c_equal5,,,,
llama,mmlu,delta_nll_t,C-only,320.0,0.505347833159012,0.7231344169685758,0.7999999999999999,0.1,4.0,intercept|c_equal5,,,,
llama,mmlu,delta_nll_t,C-only-matched,5.0,-27.96787884048863,0.21909774702326368,1.0,1.0,4.0,intercept|c_equal5,,,,
llama,mmlu,delta_nll_t,C-only-matched,20.0,-0.5771399445409988,0.3613114021147862,0.6000000000000001,0.0,4.0,intercept|c_equal5,,,,
llama,mmlu,delta_nll_t,C-only-matched,40.0,0.2999769780453023,0.5800921625120167,0.6000000000000001,1.0,4.0,intercept|c_equal5,,,,
llama,mmlu,delta_nll_t,C-only-matched,80.0,0.20227303609826974,0.5594918018506179,0.7999999999999999,0.1,4.0,intercept|c_equal5,,,,
llama,mmlu,delta_nll_t,C-only-matched,160.0,0.3964424386651726,0.6968286820532916,0.7999999999999999,0.1,4.0,intercept|c_equal5,,,,
llama,mmlu,delta_nll_t,C-only-matched,320.0,0.505347833159012,0.7231344169685758,0.7999999999999999,0.1,4.0,intercept|c_equal5,,,,
llama,mmlu,delta_nll_t,Pk4-only,5.0,-207.03763774975783,0.5805972001586894,-0.39999999999999997,10.0,4.0,intercept|p4_equal5,,,,
llama,mmlu,delta_nll_t,Pk4-only,20.0,-0.45923337350971183,0.3235062500194791,-0.19999999999999998,10.0,4.0,intercept|p4_equal5,,,,
llama,mmlu,delta_nll_t,Pk4-only,40.0,0.050692414596050006,0.869704669380078,0.39999999999999997,10.0,4.0,intercept|p4_equal5,,,,
llama,mmlu,delta_nll_t,Pk4-only,80.0,-0.04761051903477931,0.7332814592531671,0.7999999999999999,10.0,4.0,intercept|p4_equal5,,,,
llama,mmlu,delta_nll_t,Pk4-only,160.0,0.18107364909091905,0.7834261722720917,0.39999999999999997,10.0,4.0,intercept|p4_equal5,,,,
llama,mmlu,delta_nll_t,Pk4-only,320.0,-0.4352151092846557,1.3126185915746693,0.7999999999999999,1.0,4.0,intercept|p4_equal5,,,,
llama,mmlu,delta_nll_t,Pk8-only,5.0,-102.66379227240304,0.39282809534728114,0.0,1.0,4.0,intercept|p8_equal5,,,,
llama,mmlu,delta_nll_t,Pk8-only,20.0,-5.020566562736649,0.6372087173879852,-0.19999999999999998,0.0,4.0,intercept|p8_equal5,,,,
llama,mmlu,delta_nll_t,Pk8-only,40.0,0.1448150565760269,0.6799906280695576,0.39999999999999997,0.0,4.0,intercept|p8_equal5,,,,
llama,mmlu,delta_nll_t,Pk8-only,80.0,0.16210744922865128,0.6655495841074299,0.6000000000000001,0.0,4.0,intercept|p8_equal5,,,,
llama,mmlu,delta_nll_t,Pk8-only,160.0,0.4530831248538497,0.6608086370531279,0.7999999999999999,0.0,4.0,intercept|p8_equal5,,,,
llama,mmlu,delta_nll_t,Pk8-only,320.0,0.30153981784804296,0.8759858071598623,0.7999999999999999,0.0,4.0,intercept|p8_equal5,,,,
llama,mmlu,delta_nll_t,Pk16-only,5.0,-141.23861263256484,0.4827904529898607,-0.39999999999999997,0.0,4.0,intercept|p16_equal5,,,,
llama,mmlu,delta_nll_t,Pk16-only,20.0,-5.068495731674211,0.6469705671204238,-0.39999999999999997,0.0,4.0,intercept|p16_equal5,,,,
llama,mmlu,delta_nll_t,Pk16-only,40.0,0.11165178553164512,0.7051970425504797,-0.19999999999999998,0.0,4.0,intercept|p16_equal5,,,,
llama,mmlu,delta_nll_t,Pk16-only,80.0,-0.034412471715600246,0.6361201611775296,0.6000000000000001,0.0,4.0,intercept|p16_equal5,,,,
llama,mmlu,delta_nll_t,Pk16-only,160.0,0.2201232258638246,0.7098715559587521,0.7999999999999999,0.0,4.0,intercept|p16_equal5,,,,
llama,mmlu,delta_nll_t,Pk16-only,320.0,0.21729702076932478,0.847798875931215,0.7999999999999999,0.0,4.0,intercept|p16_equal5,,,,
llama,mmlu,delta_nll_t,Pk32-only,5.0,-52.03629605262069,0.2660196851354275,0.39999999999999997,0.0,4.0,intercept|p32_equal5,,,,
llama,mmlu,delta_nll_t,Pk32-only,20.0,-2.612026165952382,0.5209113211403651,-0.39999999999999997,1.0,4.0,intercept|p32_equal5,,,,
llama,mmlu,delta_nll_t,Pk32-only,40.0,0.2816952898310737,0.5912851752474181,0.7999999999999999,0.1,4.0,intercept|p32_equal5,,,,
llama,mmlu,delta_nll_t,Pk32-only,80.0,0.14060587278160241,0.5445641483158251,0.6000000000000001,0.0,4.0,intercept|p32_equal5,,,,
llama,mmlu,delta_nll_t,Pk32-only,160.0,0.27953567061847207,0.6667483472293381,0.6000000000000001,0.0,4.0,intercept|p32_equal5,,,,
llama,mmlu,delta_nll_t,Pk32-only,320.0,0.33005383076460815,0.7897362677682174,0.7999999999999999,0.0,4.0,intercept|p32_equal5,,,,
llama,mmlu,delta_nll_t,PkAll-only,5.0,-499.9583497353206,0.8045988177654636,0.7999999999999999,0.01,4.0,intercept|p4_equal5|p8_equal5|p16_equal5|p32_equal5,,,,
llama,mmlu,delta_nll_t,PkAll-only,20.0,-3.6003609274456663,0.5899694110820025,-0.19999999999999998,0.1,4.0,intercept|p4_equal5|p8_equal5|p16_equal5|p32_equal5,,,,
llama,mmlu,delta_nll_t,PkAll-only,40.0,0.7411092415461382,0.3564080014495067,0.7999999999999999,0.0,4.0,intercept|p4_equal5|p8_equal5|p16_equal5|p32_equal5,,,,
llama,mmlu,delta_nll_t,PkAll-only,80.0,0.7838741245481622,0.3523994336047098,0.7999999999999999,0.0,4.0,intercept|p4_equal5|p8_equal5|p16_equal5|p32_equal5,,,,
llama,mmlu,delta_nll_t,PkAll-only,160.0,0.6197112196738963,0.5233028841924913,0.7999999999999999,0.0,4.0,intercept|p4_equal5|p8_equal5|p16_equal5|p32_equal5,,,,
llama,mmlu,delta_nll_t,PkAll-only,320.0,0.6584994960760915,0.6050003856183206,0.7999999999999999,0.1,4.0,intercept|p4_equal5|p8_equal5|p16_equal5|p32_equal5,,,,
llama,mmlu,delta_nll_t,M0,5.0,-568.8828037938451,0.783981110769723,0.7999999999999999,0.0,4.0,intercept|arm_offkd|arm_opd|arm_seqkd|arm_sft|log1p_checkpoint,,,,
llama,mmlu,delta_nll_t,M0,20.0,-1.2943649745665686,0.39770918166755387,0.7999999999999999,1.0,4.0,intercept|arm_offkd|arm_opd|arm_seqkd|arm_sft|log1p_checkpoint,,,,
llama,mmlu,delta_nll_t,M0,40.0,0.7715733104802535,0.42842145097099793,0.7999999999999999,0.0,4.0,intercept|arm_offkd|arm_opd|arm_seqkd|arm_sft|log1p_checkpoint,,,,
llama,mmlu,delta_nll_t,M0,80.0,0.84288824272433,0.2661664342038688,1.0,1.0,4.0,intercept|arm_offkd|arm_opd|arm_seqkd|arm_sft|log1p_checkpoint,,,,
llama,mmlu,delta_nll_t,M0,160.0,0.7850204764052879,0.3692555907201949,1.0,1.0,4.0,intercept|arm_offkd|arm_opd|arm_seqkd|arm_sft|log1p_checkpoint,,,,
llama,mmlu,delta_nll_t,M0,320.0,0.6561809713353679,0.4997794996465521,1.0,1.0,4.0,intercept|arm_offkd|arm_opd|arm_seqkd|arm_sft|log1p_checkpoint,,,,
llama,mmlu,delta_nll_t,M0+C5,5.0,-364.06746684541747,0.5322250674076127,0.7999999999999999,0.1,4.0,intercept|arm_offkd|arm_opd|arm_seqkd|arm_sft|log1p_checkpoint|c_equal5,,,,
llama,mmlu,delta_nll_t,M0+C5,20.0,-1.0978637612254496,0.3967142690472512,0.7999999999999999,0.0,4.0,intercept|arm_offkd|arm_opd|arm_seqkd|arm_sft|log1p_checkpoint|c_equal5,,,,
llama,mmlu,delta_nll_t,M0+C5,40.0,0.7544778281795651,0.4294656245542145,0.7999999999999999,1.0,4.0,intercept|arm_offkd|arm_opd|arm_seqkd|arm_sft|log1p_checkpoint|c_equal5,,,,
llama,mmlu,delta_nll_t,M0+C5,80.0,0.8460177146628903,0.20379132782830697,1.0,1.0,4.0,intercept|arm_offkd|arm_opd|arm_seqkd|arm_sft|log1p_checkpoint|c_equal5,,,,
llama,mmlu,delta_nll_t,M0+C5,160.0,0.8256054349072213,0.38947256939417774,1.0,1.0,4.0,intercept|arm_offkd|arm_opd|arm_seqkd|arm_sft|log1p_checkpoint|c_equal5,,,,
llama,mmlu,delta_nll_t,M0+C5,320.0,0.8059715978192399,0.37911535771156035,1.0,0.1,4.0,intercept|arm_offkd|arm_opd|arm_seqkd|arm_sft|log1p_checkpoint|c_equal5,,,,
llama,mmlu,delta_nll_t,M0+PkAll5,5.0,-353.8834697929987,0.5424567096219433,1.0,0.0,4.0,intercept|arm_offkd|arm_opd|arm_seqkd|arm_sft|log1p_checkpoint|p4_equal5|p8_equal5|p16_equal5|p32_equal5,,,,
llama,mmlu,delta_nll_t,M0+PkAll5,20.0,-1.6284016163117303,0.41872780249176844,0.6000000000000001,1.0,4.0,intercept|arm_offkd|arm_opd|arm_seqkd|arm_sft|log1p_checkpoint|p4_equal5|p8_equal5|p16_equal5|p32_equal5,,,,
llama,mmlu,delta_nll_t,M0+PkAll5,40.0,0.7012061142694961,0.43876603142509024,0.6000000000000001,10.0,4.0,intercept|arm_offkd|arm_opd|arm_seqkd|arm_sft|log1p_checkpoint|p4_equal5|p8_equal5|p16_equal5|p32_equal5,,,,
llama,mmlu,delta_nll_t,M0+PkAll5,80.0,0.6914841169308565,0.3918759098619734,1.0,10.0,4.0,intercept|arm_offkd|arm_opd|arm_seqkd|arm_sft|log1p_checkpoint|p4_equal5|p8_equal5|p16_equal5|p32_equal5,,,,
llama,mmlu,delta_nll_t,M0+PkAll5,160.0,0.7598908959234448,0.45120907217787176,1.0,10.0,4.0,intercept|arm_offkd|arm_opd|arm_seqkd|arm_sft|log1p_checkpoint|p4_equal5|p8_equal5|p16_equal5|p32_equal5,,,,
llama,mmlu,delta_nll_t,M0+PkAll5,320.0,0.5168054706636316,0.7188960518185255,0.7999999999999999,10.0,4.0,intercept|arm_offkd|arm_opd|arm_seqkd|arm_sft|log1p_checkpoint|p4_equal5|p8_equal5|p16_equal5|p32_equal5,,,,
llama,mmlu,delta_nll_t,M0+PkAll5+C5,5.0,-353.13102775305566,0.5508935477183892,1.0,0.0,4.0,intercept|arm_offkd|arm_opd|arm_seqkd|arm_sft|log1p_checkpoint|p4_equal5|p8_equal5|p16_equal5|p32_equal5|c_equal5,,,,
llama,mmlu,delta_nll_t,M0+PkAll5+C5,20.0,-0.8047320287025423,0.35254580492742754,0.6000000000000001,1.0,4.0,intercept|arm_offkd|arm_opd|arm_seqkd|arm_sft|log1p_checkpoint|p4_equal5|p8_equal5|p16_equal5|p32_equal5|c_equal5,,,,
llama,mmlu,delta_nll_t,M0+PkAll5+C5,40.0,0.7512817605195364,0.4301030726821937,0.7999999999999999,1.0,4.0,intercept|arm_offkd|arm_opd|arm_seqkd|arm_sft|log1p_checkpoint|p4_equal5|p8_equal5|p16_equal5|p32_equal5|c_equal5,,,,
llama,mmlu,delta_nll_t,M0+PkAll5+C5,80.0,0.7315884761196733,0.3438901913373622,1.0,10.0,4.0,intercept|arm_offkd|arm_opd|arm_seqkd|arm_sft|log1p_checkpoint|p4_equal5|p8_equal5|p16_equal5|p32_equal5|c_equal5,,,,
llama,mmlu,delta_nll_t,M0+PkAll5+C5,160.0,0.7763238463657103,0.41623305603980193,1.0,10.0,4.0,intercept|arm_offkd|arm_opd|arm_seqkd|arm_sft|log1p_checkpoint|p4_equal5|p8_equal5|p16_equal5|p32_equal5|c_equal5,,,,
llama,mmlu,delta_nll_t,M0+PkAll5+C5,320.0,0.5578761066137632,0.6890786594059068,0.7999999999999999,10.0,4.0,intercept|arm_offkd|arm_opd|arm_seqkd|arm_sft|log1p_checkpoint|p4_equal5|p8_equal5|p16_equal5|p32_equal5|c_equal5,,,,
llama,mmlu,kl_f,C-only,5.0,-549.2772072790832,0.0380683279721565,0.0,0.0,4.0,intercept|c_equal5,,,,
llama,mmlu,kl_f,C-only,20.0,0.6353969533372915,0.034624059670590936,1.0,0.0,4.0,intercept|c_equal5,,,,
llama,mmlu,kl_f,C-only,40.0,0.955372355995854,0.016866660377804245,1.0,0.0,4.0,intercept|c_equal5,,,,
llama,mmlu,kl_f,C-only,80.0,0.9674021842922487,0.018773392351747527,1.0,0.0,4.0,intercept|c_equal5,,,,
llama,mmlu,kl_f,C-only,160.0,0.9142634163191824,0.033386221351670284,1.0,0.0,4.0,intercept|c_equal5,,,,
llama,mmlu,kl_f,C-only,320.0,0.8596161551060757,0.03662430786955763,1.0,0.0,4.0,intercept|c_equal5,,,,
llama,mmlu,kl_f,C-only-matched,5.0,-549.2772072790832,0.0380683279721565,0.0,0.0,4.0,intercept|c_equal5,,,,
llama,mmlu,kl_f,C-only-matched,20.0,0.6353969533372915,0.034624059670590936,1.0,0.0,4.0,intercept|c_equal5,,,,
llama,mmlu,kl_f,C-only-matched,40.0,0.955372355995854,0.016866660377804245,1.0,0.0,4.0,intercept|c_equal5,,,,
llama,mmlu,kl_f,C-only-matched,80.0,0.9674021842922487,0.018773392351747527,1.0,0.0,4.0,intercept|c_equal5,,,,
llama,mmlu,kl_f,C-only-matched,160.0,0.9142634163191824,0.033386221351670284,1.0,0.0,4.0,intercept|c_equal5,,,,
llama,mmlu,kl_f,C-only-matched,320.0,0.8596161551060757,0.03662430786955763,1.0,0.0,4.0,intercept|c_equal5,,,,
llama,mmlu,kl_f,Pk4-only,5.0,-3806.0402885077506,0.09949163550907886,0.7999999999999999,1.0,4.0,intercept|p4_equal5,,,,
llama,mmlu,kl_f,Pk4-only,20.0,0.1142814119453508,0.06381307296780343,0.19999999999999998,1.0,4.0,intercept|p4_equal5,,,,
llama,mmlu,kl_f,Pk4-only,40.0,0.36729962384439674,0.052444136302627516,0.39999999999999997,1.0,4.0,intercept|p4_equal5,,,,
llama,mmlu,kl_f,Pk4-only,80.0,-0.32626760416685574,0.0892632634341775,0.6000000000000001,1.0,4.0,intercept|p4_equal5,,,,
llama,mmlu,kl_f,Pk4-only,160.0,-0.3505714113779872,0.08797716587960089,0.0,10.0,4.0,intercept|p4_equal5,,,,
llama,mmlu,kl_f,Pk4-only,320.0,0.3250687951625211,0.08256654681341623,1.0,0.0,4.0,intercept|p4_equal5,,,,
llama,mmlu,kl_f,Pk8-only,5.0,-3137.4167176566,0.0903834079702462,1.0,0.0,4.0,intercept|p8_equal5,,,,
llama,mmlu,kl_f,Pk8-only,20.0,-0.29004928948653097,0.0780648778842719,0.19999999999999998,1.0,4.0,intercept|p8_equal5,,,,
llama,mmlu,kl_f,Pk8-only,40.0,0.8059438844944533,0.03944659872003417,0.39999999999999997,0.0,4.0,intercept|p8_equal5,,,,
llama,mmlu,kl_f,Pk8-only,80.0,0.09788215913927145,0.08285382187257345,0.7999999999999999,0.0,4.0,intercept|p8_equal5,,,,
llama,mmlu,kl_f,Pk8-only,160.0,-0.22522202149326342,0.1017571707724792,0.6000000000000001,0.0,4.0,intercept|p8_equal5,,,,
llama,mmlu,kl_f,Pk8-only,320.0,0.6661574973044616,0.05049124387262944,1.0,10.0,4.0,intercept|p8_equal5,,,,
llama,mmlu,kl_f,Pk16-only,5.0,-1618.0438049787647,0.06531795520154322,0.7999999999999999,0.0,4.0,intercept|p16_equal5,,,,
llama,mmlu,kl_f,Pk16-only,20.0,-2.5390724413952044,0.10415297021112462,0.39999999999999997,1.0,4.0,intercept|p16_equal5,,,,
llama,mmlu,kl_f,Pk16-only,40.0,0.8397882247093124,0.028383110652123202,0.19999999999999998,0.0,4.0,intercept|p16_equal5,,,,
llama,mmlu,kl_f,Pk16-only,80.0,0.6052993601476309,0.07022190112807755,0.7999999999999999,0.0,4.0,intercept|p16_equal5,,,,
llama,mmlu,kl_f,Pk16-only,160.0,0.540090936160066,0.05784227237886416,1.0,0.0,4.0,intercept|p16_equal5,,,,
llama,mmlu,kl_f,Pk16-only,320.0,0.8253477490856361,0.042064586798448135,1.0,0.1,4.0,intercept|p16_equal5,,,,
llama,mmlu,kl_f,Pk32-only,5.0,-1109.418257610531,0.05456429143188933,0.19999999999999998,1.0,4.0,intercept|p32_equal5,,,,
llama,mmlu,kl_f,Pk32-only,20.0,-0.8580314589008542,0.08837268575498555,0.39999999999999997,1.0,4.0,intercept|p32_equal5,,,,
llama,mmlu,kl_f,Pk32-only,40.0,0.9076622150844906,0.02627609705510294,0.7999999999999999,0.0,4.0,intercept|p32_equal5,,,,
llama,mmlu,kl_f,Pk32-only,80.0,0.8228820167937783,0.04357406291771332,0.7999999999999999,0.0,4.0,intercept|p32_equal5,,,,
llama,mmlu,kl_f,Pk32-only,160.0,0.7055262238022364,0.05490348179621861,0.7999999999999999,0.0,4.0,intercept|p32_equal5,,,,
llama,mmlu,kl_f,Pk32-only,320.0,0.8838546016148442,0.02317398915169598,1.0,1.0,4.0,intercept|p32_equal5,,,,
llama,mmlu,kl_f,PkAll-only,5.0,-1690.5654120754527,0.06356156727998266,0.7999999999999999,10.0,4.0,intercept|p4_equal5|p8_equal5|p16_equal5|p32_equal5,,,,
llama,mmlu,kl_f,PkAll-only,20.0,-1.9561065570788831,0.09817199135420185,0.39999999999999997,1.0,4.0,intercept|p4_equal5|p8_equal5|p16_equal5|p32_equal5,,,,
llama,mmlu,kl_f,PkAll-only,40.0,0.9518432130566546,0.019049653496620644,0.7999999999999999,10.0,4.0,intercept|p4_equal5|p8_equal5|p16_equal5|p32_equal5,,,,
llama,mmlu,kl_f,PkAll-only,80.0,0.4834665634354355,0.06397294439045603,0.7999999999999999,10.0,4.0,intercept|p4_equal5|p8_equal5|p16_equal5|p32_equal5,,,,
llama,mmlu,kl_f,PkAll-only,160.0,0.6312898172473514,0.05017440954370998,0.7999999999999999,1.0,4.0,intercept|p4_equal5|p8_equal5|p16_equal5|p32_equal5,,,,
llama,mmlu,kl_f,PkAll-only,320.0,0.6761004545536649,0.05586755408802138,1.0,1.0,4.0,intercept|p4_equal5|p8_equal5|p16_equal5|p32_equal5,,,,
llama,mmlu,kl_f,M0,5.0,-4031.497122329025,0.08068831357677503,-0.7999999999999999,1.0,4.0,intercept|arm_offkd|arm_opd|arm_seqkd|arm_sft|log1p_checkpoint,,,,
llama,mmlu,kl_f,M0,20.0,0.8597712600450539,0.02435494068952759,1.0,1.0,4.0,intercept|arm_offkd|arm_opd|arm_seqkd|arm_sft|log1p_checkpoint,,,,
llama,mmlu,kl_f,M0,40.0,0.9628551765309138,0.014087111004939402,1.0,1.0,4.0,intercept|arm_offkd|arm_opd|arm_seqkd|arm_sft|log1p_checkpoint,,,,
llama,mmlu,kl_f,M0,80.0,0.7786217929105035,0.036063149194226346,1.0,1.0,4.0,intercept|arm_offkd|arm_opd|arm_seqkd|arm_sft|log1p_checkpoint,,,,
llama,mmlu,kl_f,M0,160.0,0.8453644574187711,0.04088449494356052,1.0,1.0,4.0,intercept|arm_offkd|arm_opd|arm_seqkd|arm_sft|log1p_checkpoint,,,,
llama,mmlu,kl_f,M0,320.0,0.7642461397814535,0.047227620366215764,1.0,1.0,4.0,intercept|arm_offkd|arm_opd|arm_seqkd|arm_sft|log1p_checkpoint,,,,
llama,mmlu,kl_f,M0+C5,5.0,-40.55404840395097,0.008596176879334817,0.39999999999999997,0.001,4.0,intercept|arm_offkd|arm_opd|arm_seqkd|arm_sft|log1p_checkpoint|c_equal5,,,,
llama,mmlu,kl_f,M0+C5,20.0,0.8472930687381358,0.023038404120724068,0.7999999999999999,0.0,4.0,intercept|arm_offkd|arm_opd|arm_seqkd|arm_sft|log1p_checkpoint|c_equal5,,,,
llama,mmlu,kl_f,M0+C5,40.0,0.9734662108166237,0.010560900338885137,1.0,0.1,4.0,intercept|arm_offkd|arm_opd|arm_seqkd|arm_sft|log1p_checkpoint|c_equal5,,,,
llama,mmlu,kl_f,M0+C5,80.0,0.9549210783253517,0.01940928547432688,1.0,0.01,4.0,intercept|arm_offkd|arm_opd|arm_seqkd|arm_sft|log1p_checkpoint|c_equal5,,,,
llama,mmlu,kl_f,M0+C5,160.0,0.952830218343776,0.020600792162772302,0.7999999999999999,0.1,4.0,intercept|arm_offkd|arm_opd|arm_seqkd|arm_sft|log1p_checkpoint|c_equal5,,,,
llama,mmlu,kl_f,M0+C5,320.0,0.8987147164355428,0.02571332515701652,1.0,0.1,4.0,intercept|arm_offkd|arm_opd|arm_seqkd|arm_sft|log1p_checkpoint|c_equal5,,,,
llama,mmlu,kl_f,M0+PkAll5,5.0,-1465.3378969784007,0.057364698426797575,-0.7999999999999999,1.0,4.0,intercept|arm_offkd|arm_opd|arm_seqkd|arm_sft|log1p_checkpoint|p4_equal5|p8_equal5|p16_equal5|p32_equal5,,,,
llama,mmlu,kl_f,M0+PkAll5,20.0,-0.3191545095877162,0.06355800583938054,1.0,1.0,4.0,intercept|arm_offkd|arm_opd|arm_seqkd|arm_sft|log1p_checkpoint|p4_equal5|p8_equal5|p16_equal5|p32_equal5,,,,
llama,mmlu,kl_f,M0+PkAll5,40.0,0.9817025018014303,0.012056170508456015,0.7999999999999999,10.0,4.0,intercept|arm_offkd|arm_opd|arm_seqkd|arm_sft|log1p_checkpoint|p4_equal5|p8_equal5|p16_equal5|p32_equal5,,,,
llama,mmlu,kl_f,M0+PkAll5,80.0,0.6457989597990581,0.04944953427230639,0.7999999999999999,10.0,4.0,intercept|arm_offkd|arm_opd|arm_seqkd|arm_sft|log1p_checkpoint|p4_equal5|p8_equal5|p16_equal5|p32_equal5,,,,
llama,mmlu,kl_f,M0+PkAll5,160.0,0.6380886309112492,0.04609153061915725,0.7999999999999999,10.0,4.0,intercept|arm_offkd|arm_opd|arm_seqkd|arm_sft|log1p_checkpoint|p4_equal5|p8_equal5|p16_equal5|p32_equal5,,,,
llama,mmlu,kl_f,M0+PkAll5,320.0,0.8387403739001589,0.04268369177669399,1.0,10.0,4.0,intercept|arm_offkd|arm_opd|arm_seqkd|arm_sft|log1p_checkpoint|p4_equal5|p8_equal5|p16_equal5|p32_equal5,,,,
llama,mmlu,kl_f,M0+PkAll5+C5,5.0,-416.82801137124085,0.029020608846118467,-1.0,1.0,4.0,intercept|arm_offkd|arm_opd|arm_seqkd|arm_sft|log1p_checkpoint|p4_equal5|p8_equal5|p16_equal5|p32_equal5|c_equal5,,,,
llama,mmlu,kl_f,M0+PkAll5+C5,20.0,0.42792262555910876,0.04294957015627297,1.0,1.0,4.0,intercept|arm_offkd|arm_opd|arm_seqkd|arm_sft|log1p_checkpoint|p4_equal5|p8_equal5|p16_equal5|p32_equal5|c_equal5,,,,
llama,mmlu,kl_f,M0+PkAll5+C5,40.0,0.9859207589344957,0.009630585419320613,1.0,1.0,4.0,intercept|arm_offkd|arm_opd|arm_seqkd|arm_sft|log1p_checkpoint|p4_equal5|p8_equal5|p16_equal5|p32_equal5|c_equal5,,,,
llama,mmlu,kl_f,M0+PkAll5+C5,80.0,0.9676599602850391,0.021350853157371702,1.0,0.1,4.0,intercept|arm_offkd|arm_opd|arm_seqkd|arm_sft|log1p_checkpoint|p4_equal5|p8_equal5|p16_equal5|p32_equal5|c_equal5,,,,
llama,mmlu,kl_f,M0+PkAll5+C5,160.0,0.9680596749218252,0.018680562707694318,0.7999999999999999,0.1,4.0,intercept|arm_offkd|arm_opd|arm_seqkd|arm_sft|log1p_checkpoint|p4_equal5|p8_equal5|p16_equal5|p32_equal5|c_equal5,,,,
llama,mmlu,kl_f,M0+PkAll5+C5,320.0,0.5904869165635729,0.04978849573345923,1.0,0.1,4.0,intercept|arm_offkd|arm_opd|arm_seqkd|arm_sft|log1p_checkpoint|p4_equal5|p8_equal5|p16_equal5|p32_equal5|c_equal5,,,,
llama,mmlu,kl_a,C-only,5.0,-719.0294834899837,0.014231125558342193,0.39999999999999997,0.0,4.0,intercept|c_equal5,,,,
llama,mmlu,kl_a,C-only,20.0,0.666882915340794,0.01626140567757408,1.0,1.0,4.0,intercept|c_equal5,,,,
llama,mmlu,kl_a,C-only,40.0,0.9728079239221679,0.008657041544463673,0.7999999999999999,1.0,4.0,intercept|c_equal5,,,,
llama,mmlu,kl_a,C-only,80.0,0.8660352309128851,0.025824351029939813,0.7999999999999999,1.0,4.0,intercept|c_equal5,,,,
llama,mmlu,kl_a,C-only,160.0,0.8270950755297642,0.02547879025720095,0.7999999999999999,1.0,4.0,intercept|c_equal5,,,,
llama,mmlu,kl_a,C-only,320.0,0.7894560164728823,0.033010628613257105,0.7999999999999999,1.0,4.0,intercept|c_equal5,,,,
llama,mmlu,kl_a,C-only-matched,5.0,-719.0294834899837,0.014231125558342193,0.39999999999999997,0.0,4.0,intercept|c_equal5,,,,
llama,mmlu,kl_a,C-only-matched,20.0,0.666882915340794,0.01626140567757408,1.0,1.0,4.0,intercept|c_equal5,,,,
llama,mmlu,kl_a,C-only-matched,40.0,0.9728079239221679,0.008657041544463673,0.7999999999999999,1.0,4.0,intercept|c_equal5,,,,
llama,mmlu,kl_a,C-only-matched,80.0,0.8660352309128851,0.025824351029939813,0.7999999999999999,1.0,4.0,intercept|c_equal5,,,,
llama,mmlu,kl_a,C-only-matched,160.0,0.8270950755297642,0.02547879025720095,0.7999999999999999,1.0,4.0,intercept|c_equal5,,,,
llama,mmlu,kl_a,C-only-matched,320.0,0.7894560164728823,0.033010628613257105,0.7999999999999999,1.0,4.0,intercept|c_equal5,,,,
llama,mmlu,kl_a,Pk4-only,5.0,-2170.51179499854,0.02144983455807284,0.39999999999999997,0.0,4.0,intercept|p4_equal5,,,,
llama,mmlu,kl_a,Pk4-only,20.0,0.2659398523583215,0.02352992786502646,0.19999999999999998,0.0,4.0,intercept|p4_equal5,,,,
llama,mmlu,kl_a,Pk4-only,40.0,0.3111490302142821,0.0322508403766559,0.7999999999999999,0.0,4.0,intercept|p4_equal5,,,,
llama,mmlu,kl_a,Pk4-only,80.0,-0.1873916560488258,0.05042622634062517,0.7999999999999999,0.1,4.0,intercept|p4_equal5,,,,
llama,mmlu,kl_a,Pk4-only,160.0,-0.30575673521623026,0.06810672461413966,0.39999999999999997,1.0,4.0,intercept|p4_equal5,,,,
llama,mmlu,kl_a,Pk4-only,320.0,0.6635295341220846,0.045523576286644954,0.7999999999999999,0.0,4.0,intercept|p4_equal5,,,,
llama,mmlu,kl_a,Pk8-only,5.0,-2097.976099229817,0.022765173476619098,0.19999999999999998,1.0,4.0,intercept|p8_equal5,,,,
llama,mmlu,kl_a,Pk8-only,20.0,-0.3354497255934983,0.03447958660438892,0.19999999999999998,0.0,4.0,intercept|p8_equal5,,,,
llama,mmlu,kl_a,Pk8-only,40.0,0.7356191302918748,0.017892094310100592,0.7999999999999999,1.0,4.0,intercept|p8_equal5,,,,
llama,mmlu,kl_a,Pk8-only,80.0,0.13312581302624416,0.046394090643164534,1.0,1.0,4.0,intercept|p8_equal5,,,,
llama,mmlu,kl_a,Pk8-only,160.0,-0.18031377635768586,0.05988985443283259,0.7999999999999999,1.0,4.0,intercept|p8_equal5,,,,
llama,mmlu,kl_a,Pk8-only,320.0,0.5428119024886707,0.04974151219847714,0.7999999999999999,1.0,4.0,intercept|p8_equal5,,,,
llama,mmlu,kl_a,Pk16-only,5.0,-310.61423711006995,0.009380723199130447,-0.39999999999999997,1.0,4.0,intercept|p16_equal5,,,,
llama,mmlu,kl_a,Pk16-only,20.0,-3.707634428611449,0.04950255095462712,0.39999999999999997,1.0,4.0,intercept|p16_equal5,,,,
llama,mmlu,kl_a,Pk16-only,40.0,0.9505606108687518,0.009930043211781502,0.39999999999999997,1.0,4.0,intercept|p16_equal5,,,,
llama,mmlu,kl_a,Pk16-only,80.0,0.6132197101420811,0.02893546789307008,1.0,1.0,4.0,intercept|p16_equal5,,,,
llama,mmlu,kl_a,Pk16-only,160.0,0.5408393380215784,0.034478389956559205,0.7999999999999999,1.0,4.0,intercept|p16_equal5,,,,
llama,mmlu,kl_a,Pk16-only,320.0,0.6609056245330951,0.04330451391240925,0.7999999999999999,1.0,4.0,intercept|p16_equal5,,,,
llama,mmlu,kl_a,Pk32-only,5.0,-2670.884978089584,0.017328667131295283,1.0,1.0,4.0,intercept|p32_equal5,,,,
llama,mmlu,kl_a,Pk32-only,20.0,-1.1911972751631348,0.03414509377741884,0.39999999999999997,1.0,4.0,intercept|p32_equal5,,,,
llama,mmlu,kl_a,Pk32-only,40.0,0.9915782068729144,0.004234154582778678,1.0,1.0,4.0,intercept|p32_equal5,,,,
llama,mmlu,kl_a,Pk32-only,80.0,0.7580577122263676,0.02558870763978188,1.0,1.0,4.0,intercept|p32_equal5,,,,
llama,mmlu,kl_a,Pk32-only,160.0,0.7032123447013854,0.027003985453086694,1.0,1.0,4.0,intercept|p32_equal5,,,,
llama,mmlu,kl_a,Pk32-only,320.0,0.8156693643785353,0.029967669374855593,0.7999999999999999,1.0,4.0,intercept|p32_equal5,,,,
llama,mmlu,kl_a,PkAll-only,5.0,-4784.243588039438,0.02711709783707764,1.0,1.0,4.0,intercept|p4_equal5|p8_equal5|p16_equal5|p32_equal5,,,,
llama,mmlu,kl_a,PkAll-only,20.0,-2.9276057088693235,0.04386112929411349,0.39999999999999997,1.0,4.0,intercept|p4_equal5|p8_equal5|p16_equal5|p32_equal5,,,,
llama,mmlu,kl_a,PkAll-only,40.0,0.9931846736562681,0.0041891062135107305,0.7999999999999999,1.0,4.0,intercept|p4_equal5|p8_equal5|p16_equal5|p32_equal5,,,,
llama,mmlu,kl_a,PkAll-only,80.0,0.5321285030017386,0.032612655475712474,1.0,10.0,4.0,intercept|p4_equal5|p8_equal5|p16_equal5|p32_equal5,,,,
llama,mmlu,kl_a,PkAll-only,160.0,0.7706567665307438,0.023304883761651823,0.7999999999999999,1.0,4.0,intercept|p4_equal5|p8_equal5|p16_equal5|p32_equal5,,,,
llama,mmlu,kl_a,PkAll-only,320.0,0.8234931053488186,0.025320627548512876,0.7999999999999999,1.0,4.0,intercept|p4_equal5|p8_equal5|p16_equal5|p32_equal5,,,,
llama,mmlu,kl_a,M0,5.0,-12449.773621082584,0.04975096030335295,-0.19999999999999998,1.0,4.0,intercept|arm_offkd|arm_opd|arm_seqkd|arm_sft|log1p_checkpoint,,,,
llama,mmlu,kl_a,M0,20.0,0.40250203931854756,0.017085336263127658,0.7999999999999999,1.0,4.0,intercept|arm_offkd|arm_opd|arm_seqkd|arm_sft|log1p_checkpoint,,,,
llama,mmlu,kl_a,M0,40.0,0.903427482547751,0.014368322125011764,1.0,10.0,4.0,intercept|arm_offkd|arm_opd|arm_seqkd|arm_sft|log1p_checkpoint,,,,
llama,mmlu,kl_a,M0,80.0,0.6592321216175101,0.029119568570656285,1.0,10.0,4.0,intercept|arm_offkd|arm_opd|arm_seqkd|arm_sft|log1p_checkpoint,,,,
llama,mmlu,kl_a,M0,160.0,0.704046985888288,0.02909543689824861,1.0,10.0,4.0,intercept|arm_offkd|arm_opd|arm_seqkd|arm_sft|log1p_checkpoint,,,,
llama,mmlu,kl_a,M0,320.0,0.6688338523858437,0.03426219888761957,1.0,10.0,4.0,intercept|arm_offkd|arm_opd|arm_seqkd|arm_sft|log1p_checkpoint,,,,
llama,mmlu,kl_a,M0+C5,5.0,-3359.0828011279445,0.028466988281606157,-0.7999999999999999,1.0,4.0,intercept|arm_offkd|arm_opd|arm_seqkd|arm_sft|log1p_checkpoint|c_equal5,,,,
llama,mmlu,kl_a,M0+C5,20.0,0.2784518912586418,0.01762177635899282,0.39999999999999997,1.0,4.0,intercept|arm_offkd|arm_opd|arm_seqkd|arm_sft|log1p_checkpoint|c_equal5,,,,
llama,mmlu,kl_a,M0+C5,40.0,0.9371899003694439,0.010125299810240945,0.39999999999999997,0.01,4.0,intercept|arm_offkd|arm_opd|arm_seqkd|arm_sft|log1p_checkpoint|c_equal5,,,,
llama,mmlu,kl_a,M0+C5,80.0,0.9621786567980598,0.011803297191614699,0.39999999999999997,0.0,4.0,intercept|arm_offkd|arm_opd|arm_seqkd|arm_sft|log1p_checkpoint|c_equal5,,,,
llama,mmlu,kl_a,M0+C5,160.0,0.9429638563348947,0.01385045866242769,1.0,0.0,4.0,intercept|arm_offkd|arm_opd|arm_seqkd|arm_sft|log1p_checkpoint|c_equal5,,,,
llama,mmlu,kl_a,M0+C5,320.0,0.9147667036770804,0.02089171024682797,0.7999999999999999,0.1,4.0,intercept|arm_offkd|arm_opd|arm_seqkd|arm_sft|log1p_checkpoint|c_equal5,,,,
llama,mmlu,kl_a,M0+PkAll5,5.0,-7246.432708317905,0.04196520272525149,-0.19999999999999998,1.0,4.0,intercept|arm_offkd|arm_opd|arm_seqkd|arm_sft|log1p_checkpoint|p4_equal5|p8_equal5|p16_equal5|p32_equal5,,,,
llama,mmlu,kl_a,M0+PkAll5,20.0,-0.6587781469364242,0.030124601316224416,0.7999999999999999,0.1,4.0,intercept|arm_offkd|arm_opd|arm_seqkd|arm_sft|log1p_checkpoint|p4_equal5|p8_equal5|p16_equal5|p32_equal5,,,,
llama,mmlu,kl_a,M0+PkAll5,40.0,0.9532600934832263,0.01062557252639076,0.7999999999999999,0.1,4.0,intercept|arm_offkd|arm_opd|arm_seqkd|arm_sft|log1p_checkpoint|p4_equal5|p8_equal5|p16_equal5|p32_equal5,,,,
llama,mmlu,kl_a,M0+PkAll5,80.0,0.9175661797220505,0.016173542276382374,1.0,0.1,4.0,intercept|arm_offkd|arm_opd|arm_seqkd|arm_sft|log1p_checkpoint|p4_equal5|p8_equal5|p16_equal5|p32_equal5,,,,
llama,mmlu,kl_a,M0+PkAll5,160.0,0.9566453748345644,0.012833719778469845,0.7999999999999999,0.1,4.0,intercept|arm_offkd|arm_opd|arm_seqkd|arm_sft|log1p_checkpoint|p4_equal5|p8_equal5|p16_equal5|p32_equal5,,,,
llama,mmlu,kl_a,M0+PkAll5,320.0,0.713026057191686,0.030980808898986342,0.19999999999999998,0.0,4.0,intercept|arm_offkd|arm_opd|arm_seqkd|arm_sft|log1p_checkpoint|p4_equal5|p8_equal5|p16_equal5|p32_equal5,,,,
llama,mmlu,kl_a,M0+PkAll5+C5,5.0,-1620.7275429968172,0.02082165919098352,-0.39999999999999997,0.1,4.0,intercept|arm_offkd|arm_opd|arm_seqkd|arm_sft|log1p_checkpoint|p4_equal5|p8_equal5|p16_equal5|p32_equal5|c_equal5,,,,
llama,mmlu,kl_a,M0+PkAll5+C5,20.0,0.4431124609092906,0.01767505719154448,0.7999999999999999,0.1,4.0,intercept|arm_offkd|arm_opd|arm_seqkd|arm_sft|log1p_checkpoint|p4_equal5|p8_equal5|p16_equal5|p32_equal5|c_equal5,,,,
llama,mmlu,kl_a,M0+PkAll5+C5,40.0,0.9805447334531473,0.005993770719893369,0.39999999999999997,0.1,4.0,intercept|arm_offkd|arm_opd|arm_seqkd|arm_sft|log1p_checkpoint|p4_equal5|p8_equal5|p16_equal5|p32_equal5|c_equal5,,,,
llama,mmlu,kl_a,M0+PkAll5+C5,80.0,0.9662824491008636,0.011522538137801967,0.39999999999999997,0.1,4.0,intercept|arm_offkd|arm_opd|arm_seqkd|arm_sft|log1p_checkpoint|p4_equal5|p8_equal5|p16_equal5|p32_equal5|c_equal5,,,,
llama,mmlu,kl_a,M0+PkAll5+C5,160.0,0.9872359726810024,0.006003744298379387,1.0,0.1,4.0,intercept|arm_offkd|arm_opd|arm_seqkd|arm_sft|log1p_checkpoint|p4_equal5|p8_equal5|p16_equal5|p32_equal5|c_equal5,,,,
llama,mmlu,kl_a,M0+PkAll5+C5,320.0,0.9718781040566787,0.011158874860641802,0.7999999999999999,0.1,4.0,intercept|arm_offkd|arm_opd|arm_seqkd|arm_sft|log1p_checkpoint|p4_equal5|p8_equal5|p16_equal5|p32_equal5|c_equal5,,,,
llama,mmlu,kl_t,C-only,5.0,-2572.9763176728857,0.1447569821568661,-0.39999999999999997,1.0,4.0,intercept|c_equal5,,,,
llama,mmlu,kl_t,C-only,20.0,-1.2508125525826528,0.09402581852191663,1.0,0.0,4.0,intercept|c_equal5,,,,
llama,mmlu,kl_t,C-only,40.0,0.3578602739041037,0.08469689053748466,1.0,0.0,4.0,intercept|c_equal5,,,,
llama,mmlu,kl_t,C-only,80.0,0.1225477861928127,0.11197323598445139,0.7999999999999999,0.0,4.0,intercept|c_equal5,,,,
llama,mmlu,kl_t,C-only,160.0,0.24058961288681568,0.13109955701754938,0.7999999999999999,0.0,4.0,intercept|c_equal5,,,,
llama,mmlu,kl_t,C-only,320.0,0.012351806160601497,0.2024471052275439,0.7999999999999999,0.1,4.0,intercept|c_equal5,,,,
llama,mmlu,kl_t,C-only-matched,5.0,-2572.9763176728857,0.1447569821568661,-0.39999999999999997,1.0,4.0,intercept|c_equal5,,,,
llama,mmlu,kl_t,C-only-matched,20.0,-1.2508125525826528,0.09402581852191663,1.0,0.0,4.0,intercept|c_equal5,,,,
llama,mmlu,kl_t,C-only-matched,40.0,0.3578602739041037,0.08469689053748466,1.0,0.0,4.0,intercept|c_equal5,,,,
llama,mmlu,kl_t,C-only-matched,80.0,0.1225477861928127,0.11197323598445139,0.7999999999999999,0.0,4.0,intercept|c_equal5,,,,
llama,mmlu,kl_t,C-only-matched,160.0,0.24058961288681568,0.13109955701754938,0.7999999999999999,0.0,4.0,intercept|c_equal5,,,,
llama,mmlu,kl_t,C-only-matched,320.0,0.012351806160601497,0.2024471052275439,0.7999999999999999,0.1,4.0,intercept|c_equal5,,,,
llama,mmlu,kl_t,Pk4-only,5.0,-5247.361600746144,0.20380036740175506,1.0,10.0,4.0,intercept|p4_equal5,,,,
llama,mmlu,kl_t,Pk4-only,20.0,-2.0430979655706687,0.11046576724623544,0.19999999999999998,10.0,4.0,intercept|p4_equal5,,,,
llama,mmlu,kl_t,Pk4-only,40.0,0.33100647441018227,0.09282263463158633,0.39999999999999997,1.0,4.0,intercept|p4_equal5,,,,
llama,mmlu,kl_t,Pk4-only,80.0,0.04503145494312899,0.13426736583299323,0.7999999999999999,1.0,4.0,intercept|p4_equal5,,,,
llama,mmlu,kl_t,Pk4-only,160.0,0.19135097627612452,0.1569043630360406,0.39999999999999997,10.0,4.0,intercept|p4_equal5,,,,
llama,mmlu,kl_t,Pk4-only,320.0,-0.6818746204839248,0.36711833539359945,0.7999999999999999,0.0,4.0,intercept|p4_equal5,,,,
llama,mmlu,kl_t,Pk8-only,5.0,-3196.0268275029925,0.1556064169866992,0.7999999999999999,1.0,4.0,intercept|p8_equal5,,,,
llama,mmlu,kl_t,Pk8-only,20.0,-7.980844621058997,0.1902537196124062,0.19999999999999998,0.0,4.0,intercept|p8_equal5,,,,
llama,mmlu,kl_t,Pk8-only,40.0,0.17778872557790315,0.08993878539328921,0.39999999999999997,0.0,4.0,intercept|p8_equal5,,,,
llama,mmlu,kl_t,Pk8-only,80.0,0.30203919614131747,0.11053057189889429,0.6000000000000001,1.0,4.0,intercept|p8_equal5,,,,
llama,mmlu,kl_t,Pk8-only,160.0,0.6088627694822986,0.11911715422277461,0.7999999999999999,1.0,4.0,intercept|p8_equal5,,,,
llama,mmlu,kl_t,Pk8-only,320.0,0.23350615185958146,0.196429032665454,0.7999999999999999,1.0,4.0,intercept|p8_equal5,,,,
llama,mmlu,kl_t,Pk16-only,5.0,-4366.927279318814,0.1882755686643835,0.6000000000000001,0.0,4.0,intercept|p16_equal5,,,,
llama,mmlu,kl_t,Pk16-only,20.0,-10.518792481734819,0.18900666867072916,0.39999999999999997,1.0,4.0,intercept|p16_equal5,,,,
llama,mmlu,kl_t,Pk16-only,40.0,0.08670417777481387,0.0999731951659507,0.19999999999999998,0.1,4.0,intercept|p16_equal5,,,,
llama,mmlu,kl_t,Pk16-only,80.0,-0.037325045762984566,0.0983070084164102,0.6000000000000001,0.0,4.0,intercept|p16_equal5,,,,
llama,mmlu,kl_t,Pk16-only,160.0,0.060759105216529274,0.1336557246425961,0.7999999999999999,0.0,4.0,intercept|p16_equal5,,,,
llama,mmlu,kl_t,Pk16-only,320.0,-0.20375799040858,0.18424384997829568,0.7999999999999999,1.0,4.0,intercept|p16_equal5,,,,
llama,mmlu,kl_t,Pk32-only,5.0,-2877.81945893148,0.14587324845477725,0.39999999999999997,0.0,4.0,intercept|p32_equal5,,,,
llama,mmlu,kl_t,Pk32-only,20.0,-6.329154293788867,0.16946945404126557,0.39999999999999997,1.0,4.0,intercept|p32_equal5,,,,
llama,mmlu,kl_t,Pk32-only,40.0,0.2814069529648282,0.0895448395337978,0.7999999999999999,0.0,4.0,intercept|p32_equal5,,,,
llama,mmlu,kl_t,Pk32-only,80.0,0.2338772128388975,0.10062932002179795,0.6000000000000001,0.0,4.0,intercept|p32_equal5,,,,
llama,mmlu,kl_t,Pk32-only,160.0,0.06989323091943012,0.12249736166604866,0.6000000000000001,0.0,4.0,intercept|p32_equal5,,,,
llama,mmlu,kl_t,Pk32-only,320.0,-0.15239754635721536,0.18882577515287524,0.7999999999999999,0.0,4.0,intercept|p32_equal5,,,,
llama,mmlu,kl_t,PkAll-only,5.0,-3136.388590181264,0.15400704801760023,0.7999999999999999,10.0,4.0,intercept|p4_equal5|p8_equal5|p16_equal5|p32_equal5,,,,
llama,mmlu,kl_t,PkAll-only,20.0,-5.311213985149094,0.1577097595020246,0.19999999999999998,10.0,4.0,intercept|p4_equal5|p8_equal5|p16_equal5|p32_equal5,,,,
llama,mmlu,kl_t,PkAll-only,40.0,0.4556238986980039,0.06752013121443945,0.39999999999999997,10.0,4.0,intercept|p4_equal5|p8_equal5|p16_equal5|p32_equal5,,,,
llama,mmlu,kl_t,PkAll-only,80.0,0.2963711784688333,0.10882937115235694,0.6000000000000001,10.0,4.0,intercept|p4_equal5|p8_equal5|p16_equal5|p32_equal5,,,,
llama,mmlu,kl_t,PkAll-only,160.0,0.4589810824504883,0.1280375845668222,0.7999999999999999,10.0,4.0,intercept|p4_equal5|p8_equal5|p16_equal5|p32_equal5,,,,
llama,mmlu,kl_t,PkAll-only,320.0,-0.36860532690753534,0.30015970202155207,0.7999999999999999,0.1,4.0,intercept|p4_equal5|p8_equal5|p16_equal5|p32_equal5,,,,
llama,mmlu,kl_t,M0,5.0,-3060.219627373344,0.1515965011046913,-0.7999999999999999,1.0,4.0,intercept|arm_offkd|arm_opd|arm_seqkd|arm_sft|log1p_checkpoint,,,,
llama,mmlu,kl_t,M0,20.0,-2.0320693960623086,0.09164909693589716,0.7999999999999999,1.0,4.0,intercept|arm_offkd|arm_opd|arm_seqkd|arm_sft|log1p_checkpoint,,,,
llama,mmlu,kl_t,M0,40.0,0.7091045783436534,0.055394502073102106,0.7999999999999999,1.0,4.0,intercept|arm_offkd|arm_opd|arm_seqkd|arm_sft|log1p_checkpoint,,,,
llama,mmlu,kl_t,M0,80.0,0.7674121657980071,0.0704685047009715,1.0,10.0,4.0,intercept|arm_offkd|arm_opd|arm_seqkd|arm_sft|log1p_checkpoint,,,,
llama,mmlu,kl_t,M0,160.0,0.6108360061024956,0.09942723790377642,1.0,10.0,4.0,intercept|arm_offkd|arm_opd|arm_seqkd|arm_sft|log1p_checkpoint,,,,
llama,mmlu,kl_t,M0,320.0,0.46264969826474445,0.17718050652311823,1.0,1.0,4.0,intercept|arm_offkd|arm_opd|arm_seqkd|arm_sft|log1p_checkpoint,,,,
llama,mmlu,kl_t,M0+C5,5.0,-10223.120696645356,0.18657287292739932,0.39999999999999997,0.001,4.0,intercept|arm_offkd|arm_opd|arm_seqkd|arm_sft|log1p_checkpoint|c_equal5,,,,
llama,mmlu,kl_t,M0+C5,20.0,-1.3126404129847833,0.06595904138512554,0.7999999999999999,10.0,4.0,intercept|arm_offkd|arm_opd|arm_seqkd|arm_sft|log1p_checkpoint|c_equal5,,,,
llama,mmlu,kl_t,M0+C5,40.0,0.917041888830256,0.03394918592871424,0.7999999999999999,10.0,4.0,intercept|arm_offkd|arm_opd|arm_seqkd|arm_sft|log1p_checkpoint|c_equal5,,,,
llama,mmlu,kl_t,M0+C5,80.0,0.8619241948095568,0.04855983834856098,0.7999999999999999,10.0,4.0,intercept|arm_offkd|arm_opd|arm_seqkd|arm_sft|log1p_checkpoint|c_equal5,,,,
llama,mmlu,kl_t,M0+C5,160.0,0.7283508755795384,0.07021546399772291,1.0,10.0,4.0,intercept|arm_offkd|arm_opd|arm_seqkd|arm_sft|log1p_checkpoint|c_equal5,,,,
llama,mmlu,kl_t,M0+C5,320.0,0.5570652468904072,0.1575098396572951,1.0,1.0,4.0,intercept|arm_offkd|arm_opd|arm_seqkd|arm_sft|log1p_checkpoint|c_equal5,,,,
llama,mmlu,kl_t,M0+PkAll5,5.0,-18634.73815863321,0.3021680776257936,0.19999999999999998,0.01,4.0,intercept|arm_offkd|arm_opd|arm_seqkd|arm_sft|log1p_checkpoint|p4_equal5|p8_equal5|p16_equal5|p32_equal5,,,,
llama,mmlu,kl_t,M0+PkAll5,20.0,-1.6949404556063965,0.10463006518499467,1.0,10.0,4.0,intercept|arm_offkd|arm_opd|arm_seqkd|arm_sft|log1p_checkpoint|p4_equal5|p8_equal5|p16_equal5|p32_equal5,,,,
llama,mmlu,kl_t,M0+PkAll5,40.0,0.9804440113551733,0.014582543184276976,0.7999999999999999,10.0,4.0,intercept|arm_offkd|arm_opd|arm_seqkd|arm_sft|log1p_checkpoint|p4_equal5|p8_equal5|p16_equal5|p32_equal5,,,,
llama,mmlu,kl_t,M0+PkAll5,80.0,0.761633987818752,0.06833992782273642,1.0,10.0,4.0,intercept|arm_offkd|arm_opd|arm_seqkd|arm_sft|log1p_checkpoint|p4_equal5|p8_equal5|p16_equal5|p32_equal5,,,,
llama,mmlu,kl_t,M0+PkAll5,160.0,0.837603526972862,0.07617526035694447,1.0,10.0,4.0,intercept|arm_offkd|arm_opd|arm_seqkd|arm_sft|log1p_checkpoint|p4_equal5|p8_equal5|p16_equal5|p32_equal5,,,,
llama,mmlu,kl_t,M0+PkAll5,320.0,0.029697347080559156,0.27433749583576017,0.7999999999999999,1.0,4.0,intercept|arm_offkd|arm_opd|arm_seqkd|arm_sft|log1p_checkpoint|p4_equal5|p8_equal5|p16_equal5|p32_equal5,,,,
llama,mmlu,kl_t,M0+PkAll5+C5,5.0,-3950.7457686876182,0.15832358856718076,0.19999999999999998,1.0,4.0,intercept|arm_offkd|arm_opd|arm_seqkd|arm_sft|log1p_checkpoint|p4_equal5|p8_equal5|p16_equal5|p32_equal5|c_equal5,,,,
llama,mmlu,kl_t,M0+PkAll5+C5,20.0,-1.2242225230886263,0.09368638188750512,1.0,10.0,4.0,intercept|arm_offkd|arm_opd|arm_seqkd|arm_sft|log1p_checkpoint|p4_equal5|p8_equal5|p16_equal5|p32_equal5|c_equal5,,,,
llama,mmlu,kl_t,M0+PkAll5+C5,40.0,0.9891342536554693,0.011378112488643309,1.0,10.0,4.0,intercept|arm_offkd|arm_opd|arm_seqkd|arm_sft|log1p_checkpoint|p4_equal5|p8_equal5|p16_equal5|p32_equal5|c_equal5,,,,
llama,mmlu,kl_t,M0+PkAll5+C5,80.0,0.8366054810752019,0.05583756866831016,1.0,10.0,4.0,intercept|arm_offkd|arm_opd|arm_seqkd|arm_sft|log1p_checkpoint|p4_equal5|p8_equal5|p16_equal5|p32_equal5|c_equal5,,,,
llama,mmlu,kl_t,M0+PkAll5+C5,160.0,0.8681724074755188,0.06769402917532583,1.0,10.0,4.0,intercept|arm_offkd|arm_opd|arm_seqkd|arm_sft|log1p_checkpoint|p4_equal5|p8_equal5|p16_equal5|p32_equal5|c_equal5,,,,
llama,mmlu,kl_t,M0+PkAll5+C5,320.0,-0.05222214390697544,0.26354987059382173,0.7999999999999999,0.1,4.0,intercept|arm_offkd|arm_opd|arm_seqkd|arm_sft|log1p_checkpoint|p4_equal5|p8_equal5|p16_equal5|p32_equal5|c_equal5,,,,
llama,mmlu,abs_delta_nll_f,C-only,5.0,-18.3660771089846,0.020849213402566194,0.0,1.0,4.0,intercept|c_equal5,,,,
llama,mmlu,abs_delta_nll_f,C-only,20.0,0.5153803372056469,0.03929285123712375,0.7999999999999999,0.0,4.0,intercept|c_equal5,,,,
llama,mmlu,abs_delta_nll_f,C-only,40.0,0.9298565209616528,0.02852414131871564,0.19999999999999998,1.0,4.0,intercept|c_equal5,,,,
llama,mmlu,abs_delta_nll_f,C-only,80.0,0.7362778010823547,0.06893159641623176,0.19999999999999998,1.0,4.0,intercept|c_equal5,,,,
llama,mmlu,abs_delta_nll_f,C-only,160.0,0.6276768449863702,0.08984068326834904,0.19999999999999998,1.0,4.0,intercept|c_equal5,,,,
llama,mmlu,abs_delta_nll_f,C-only,320.0,0.48112945745198066,0.07399975154292729,0.7999999999999999,0.1,4.0,intercept|c_equal5,,,,
llama,mmlu,abs_delta_nll_f,C-only-matched,5.0,-18.3660771089846,0.020849213402566194,0.0,1.0,4.0,intercept|c_equal5,,,,
llama,mmlu,abs_delta_nll_f,C-only-matched,20.0,0.5153803372056469,0.03929285123712375,0.7999999999999999,0.0,4.0,intercept|c_equal5,,,,
llama,mmlu,abs_delta_nll_f,C-only-matched,40.0,0.9298565209616528,0.02852414131871564,0.19999999999999998,1.0,4.0,intercept|c_equal5,,,,
llama,mmlu,abs_delta_nll_f,C-only-matched,80.0,0.7362778010823547,0.06893159641623176,0.19999999999999998,1.0,4.0,intercept|c_equal5,,,,
llama,mmlu,abs_delta_nll_f,C-only-matched,160.0,0.6276768449863702,0.08984068326834904,0.19999999999999998,1.0,4.0,intercept|c_equal5,,,,
llama,mmlu,abs_delta_nll_f,C-only-matched,320.0,0.48112945745198066,0.07399975154292729,0.7999999999999999,0.1,4.0,intercept|c_equal5,,,,
llama,mmlu,abs_delta_nll_f,Pk4-only,5.0,-380.4896735261041,0.10138881584077897,0.7999999999999999,0.0,4.0,intercept|p4_equal5,,,,
llama,mmlu,abs_delta_nll_f,Pk4-only,20.0,-0.0017188736352673484,0.06016049965914188,0.39999999999999997,1.0,4.0,intercept|p4_equal5,,,,
llama,mmlu,abs_delta_nll_f,Pk4-only,40.0,0.24487866626999732,0.06613085353684452,0.7999999999999999,0.0,4.0,intercept|p4_equal5,,,,
llama,mmlu,abs_delta_nll_f,Pk4-only,80.0,-0.3813404727744183,0.13118932705805675,-0.19999999999999998,0.1,4.0,intercept|p4_equal5,,,,
llama,mmlu,abs_delta_nll_f,Pk4-only,160.0,-0.379374440017086,0.12454448348900093,-0.39999999999999997,10.0,4.0,intercept|p4_equal5,,,,
llama,mmlu,abs_delta_nll_f,Pk4-only,320.0,0.5994133372791643,0.08516169082452651,0.7999999999999999,10.0,4.0,intercept|p4_equal5,,,,
llama,mmlu,abs_delta_nll_f,Pk8-only,5.0,-317.2094686599581,0.0925636252123769,1.0,0.0,4.0,intercept|p8_equal5,,,,
llama,mmlu,abs_delta_nll_f,Pk8-only,20.0,-0.20060710549178373,0.06350382555934196,0.39999999999999997,1.0,4.0,intercept|p8_equal5,,,,
llama,mmlu,abs_delta_nll_f,Pk8-only,40.0,0.6490733566629114,0.045650153660445794,0.7999999999999999,1.0,4.0,intercept|p8_equal5,,,,
llama,mmlu,abs_delta_nll_f,Pk8-only,80.0,-0.10042709610094058,0.12591178926915103,0.39999999999999997,1.0,4.0,intercept|p8_equal5,,,,
llama,mmlu,abs_delta_nll_f,Pk8-only,160.0,-0.38799043751587114,0.144469934338314,-0.19999999999999998,1.0,4.0,intercept|p8_equal5,,,,
llama,mmlu,abs_delta_nll_f,Pk8-only,320.0,0.41795869233707483,0.09443011285815436,0.7999999999999999,1.0,4.0,intercept|p8_equal5,,,,
llama,mmlu,abs_delta_nll_f,Pk16-only,5.0,-93.50151216775497,0.049102399054118694,0.7999999999999999,1.0,4.0,intercept|p16_equal5,,,,
llama,mmlu,abs_delta_nll_f,Pk16-only,20.0,-3.7152540087656174,0.10056005221309201,0.7999999999999999,1.0,4.0,intercept|p16_equal5,,,,
llama,mmlu,abs_delta_nll_f,Pk16-only,40.0,0.9277623109853879,0.029992723168042523,1.0,0.0,4.0,intercept|p16_equal5,,,,
llama,mmlu,abs_delta_nll_f,Pk16-only,80.0,0.41709092588325347,0.09229642411027503,0.39999999999999997,0.0,4.0,intercept|p16_equal5,,,,
llama,mmlu,abs_delta_nll_f,Pk16-only,160.0,0.34902416134192527,0.09828471185478901,0.19999999999999998,0.0,4.0,intercept|p16_equal5,,,,
llama,mmlu,abs_delta_nll_f,Pk16-only,320.0,0.5719182756954424,0.08050503742036082,0.7999999999999999,0.0,4.0,intercept|p16_equal5,,,,
llama,mmlu,abs_delta_nll_f,Pk32-only,5.0,-60.535999162483854,0.03942599139404267,0.19999999999999998,1.0,4.0,intercept|p32_equal5,,,,
llama,mmlu,abs_delta_nll_f,Pk32-only,20.0,-1.3769893173664802,0.07852291202541276,0.7999999999999999,1.0,4.0,intercept|p32_equal5,,,,
llama,mmlu,abs_delta_nll_f,Pk32-only,40.0,0.9484312952231323,0.02441724352674304,0.39999999999999997,1.0,4.0,intercept|p32_equal5,,,,
llama,mmlu,abs_delta_nll_f,Pk32-only,80.0,0.5996293154819695,0.08535141175838064,0.39999999999999997,0.0,4.0,intercept|p32_equal5,,,,
llama,mmlu,abs_delta_nll_f,Pk32-only,160.0,0.5104851458248614,0.0942005895364049,0.39999999999999997,0.0,4.0,intercept|p32_equal5,,,,
llama,mmlu,abs_delta_nll_f,Pk32-only,320.0,0.7287545726225376,0.051441082860021976,0.7999999999999999,1.0,4.0,intercept|p32_equal5,,,,
llama,mmlu,abs_delta_nll_f,PkAll-only,5.0,-82.48138983533276,0.03902289968988445,0.19999999999999998,1.0,4.0,intercept|p4_equal5|p8_equal5|p16_equal5|p32_equal5,,,,
llama,mmlu,abs_delta_nll_f,PkAll-only,20.0,-3.6375790743568084,0.10736158054125367,1.0,1.0,4.0,intercept|p4_equal5|p8_equal5|p16_equal5|p32_equal5,,,,
llama,mmlu,abs_delta_nll_f,PkAll-only,40.0,0.9699287417293978,0.014789860858054237,0.19999999999999998,1.0,4.0,intercept|p4_equal5|p8_equal5|p16_equal5|p32_equal5,,,,
llama,mmlu,abs_delta_nll_f,PkAll-only,80.0,0.6743561835743013,0.06953232485980029,0.39999999999999997,1.0,4.0,intercept|p4_equal5|p8_equal5|p16_equal5|p32_equal5,,,,
llama,mmlu,abs_delta_nll_f,PkAll-only,160.0,0.7862320640579873,0.06335827503682026,0.7999999999999999,0.1,4.0,intercept|p4_equal5|p8_equal5|p16_equal5|p32_equal5,,,,
llama,mmlu,abs_delta_nll_f,PkAll-only,320.0,0.8832940107011766,0.04189534546390104,1.0,1.0,4.0,intercept|p4_equal5|p8_equal5|p16_equal5|p32_equal5,,,,
llama,mmlu,abs_delta_nll_f,M0,5.0,-715.3824603765829,0.08395069938792352,-0.39999999999999997,1.0,4.0,intercept|arm_offkd|arm_opd|arm_seqkd|arm_sft|log1p_checkpoint,,,,
llama,mmlu,abs_delta_nll_f,M0,20.0,0.4274237748853992,0.03524447536684672,0.39999999999999997,1.0,4.0,intercept|arm_offkd|arm_opd|arm_seqkd|arm_sft|log1p_checkpoint,,,,
llama,mmlu,abs_delta_nll_f,M0,40.0,0.9631363387202565,0.017279688799478613,1.0,1.0,4.0,intercept|arm_offkd|arm_opd|arm_seqkd|arm_sft|log1p_checkpoint,,,,
llama,mmlu,abs_delta_nll_f,M0,80.0,0.6811594352661139,0.05607310419054743,1.0,1.0,4.0,intercept|arm_offkd|arm_opd|arm_seqkd|arm_sft|log1p_checkpoint,,,,
llama,mmlu,abs_delta_nll_f,M0,160.0,0.773598381037543,0.05409919426902145,1.0,1.0,4.0,intercept|arm_offkd|arm_opd|arm_seqkd|arm_sft|log1p_checkpoint,,,,
llama,mmlu,abs_delta_nll_f,M0,320.0,0.7026962417385236,0.07351338033053889,0.39999999999999997,10.0,4.0,intercept|arm_offkd|arm_opd|arm_seqkd|arm_sft|log1p_checkpoint,,,,
llama,mmlu,abs_delta_nll_f,M0+C5,5.0,-322.30043218869974,0.06451785983875649,-0.39999999999999997,10.0,4.0,intercept|arm_offkd|arm_opd|arm_seqkd|arm_sft|log1p_checkpoint|c_equal5,,,,
llama,mmlu,abs_delta_nll_f,M0+C5,20.0,0.5679365423041873,0.030075672311360175,0.39999999999999997,10.0,4.0,intercept|arm_offkd|arm_opd|arm_seqkd|arm_sft|log1p_checkpoint|c_equal5,,,,
llama,mmlu,abs_delta_nll_f,M0+C5,40.0,0.9664036337047883,0.013195710897920158,1.0,10.0,4.0,intercept|arm_offkd|arm_opd|arm_seqkd|arm_sft|log1p_checkpoint|c_equal5,,,,
llama,mmlu,abs_delta_nll_f,M0+C5,80.0,0.694193521659429,0.055816249718042166,0.7999999999999999,10.0,4.0,intercept|arm_offkd|arm_opd|arm_seqkd|arm_sft|log1p_checkpoint|c_equal5,,,,
llama,mmlu,abs_delta_nll_f,M0+C5,160.0,0.8222044598401719,0.062127924871940396,0.39999999999999997,0.0,4.0,intercept|arm_offkd|arm_opd|arm_seqkd|arm_sft|log1p_checkpoint|c_equal5,,,,
llama,mmlu,abs_delta_nll_f,M0+C5,320.0,0.5813574460992246,0.07969683046854574,0.7999999999999999,0.01,4.0,intercept|arm_offkd|arm_opd|arm_seqkd|arm_sft|log1p_checkpoint|c_equal5,,,,
llama,mmlu,abs_delta_nll_f,M0+PkAll5,5.0,-697.1497182779868,0.1079763321208977,-1.0,0.1,4.0,intercept|arm_offkd|arm_opd|arm_seqkd|arm_sft|log1p_checkpoint|p4_equal5|p8_equal5|p16_equal5|p32_equal5,,,,
llama,mmlu,abs_delta_nll_f,M0+PkAll5,20.0,-1.6060179352277442,0.07159040505925054,0.7999999999999999,1.0,4.0,intercept|arm_offkd|arm_opd|arm_seqkd|arm_sft|log1p_checkpoint|p4_equal5|p8_equal5|p16_equal5|p32_equal5,,,,
llama,mmlu,abs_delta_nll_f,M0+PkAll5,40.0,0.8929525335962887,0.031153306425399416,0.19999999999999998,0.0,4.0,intercept|arm_offkd|arm_opd|arm_seqkd|arm_sft|log1p_checkpoint|p4_equal5|p8_equal5|p16_equal5|p32_equal5,,,,
llama,mmlu,abs_delta_nll_f,M0+PkAll5,80.0,0.9315765105670689,0.03814111426883989,1.0,0.01,4.0,intercept|arm_offkd|arm_opd|arm_seqkd|arm_sft|log1p_checkpoint|p4_equal5|p8_equal5|p16_equal5|p32_equal5,,,,
llama,mmlu,abs_delta_nll_f,M0+PkAll5,160.0,0.9223224924527369,0.03830388309195182,1.0,0.0,4.0,intercept|arm_offkd|arm_opd|arm_seqkd|arm_sft|log1p_checkpoint|p4_equal5|p8_equal5|p16_equal5|p32_equal5,,,,
llama,mmlu,abs_delta_nll_f,M0+PkAll5,320.0,0.43854270826636554,0.06299047860056398,0.39999999999999997,0.0,4.0,intercept|arm_offkd|arm_opd|arm_seqkd|arm_sft|log1p_checkpoint|p4_equal5|p8_equal5|p16_equal5|p32_equal5,,,,
llama,mmlu,abs_delta_nll_f,M0+PkAll5+C5,5.0,-319.183660981327,0.06938722046900786,-0.7999999999999999,0.1,4.0,intercept|arm_offkd|arm_opd|arm_seqkd|arm_sft|log1p_checkpoint|p4_equal5|p8_equal5|p16_equal5|p32_equal5|c_equal5,,,,
llama,mmlu,abs_delta_nll_f,M0+PkAll5+C5,20.0,-0.07264364978827498,0.04725062732793362,0.39999999999999997,1.0,4.0,intercept|arm_offkd|arm_opd|arm_seqkd|arm_sft|log1p_checkpoint|p4_equal5|p8_equal5|p16_equal5|p32_equal5|c_equal5,,,,
llama,mmlu,abs_delta_nll_f,M0+PkAll5+C5,40.0,0.9777297927811365,0.012905398740029116,0.7999999999999999,0.1,4.0,intercept|arm_offkd|arm_opd|arm_seqkd|arm_sft|log1p_checkpoint|p4_equal5|p8_equal5|p16_equal5|p32_equal5|c_equal5,,,,
llama,mmlu,abs_delta_nll_f,M0+PkAll5+C5,80.0,0.9601178321045887,0.02734294244923042,0.7999999999999999,0.1,4.0,intercept|arm_offkd|arm_opd|arm_seqkd|arm_sft|log1p_checkpoint|p4_equal5|p8_equal5|p16_equal5|p32_equal5|c_equal5,,,,
llama,mmlu,abs_delta_nll_f,M0+PkAll5+C5,160.0,0.9478140901410799,0.03399864042452642,1.0,0.01,4.0,intercept|arm_offkd|arm_opd|arm_seqkd|arm_sft|log1p_checkpoint|p4_equal5|p8_equal5|p16_equal5|p32_equal5|c_equal5,,,,
llama,mmlu,abs_delta_nll_f,M0+PkAll5+C5,320.0,0.8544861650897647,0.04105014962954926,1.0,0.1,4.0,intercept|arm_offkd|arm_opd|arm_seqkd|arm_sft|log1p_checkpoint|p4_equal5|p8_equal5|p16_equal5|p32_equal5|c_equal5,,,,
llama,mmlu,abs_delta_nll_a,C-only,5.0,-204.27039793894932,0.07323757327456688,0.39999999999999997,0.0,4.0,intercept|c_equal5,,,,
llama,mmlu,abs_delta_nll_a,C-only,20.0,0.9490443998378947,0.011069259342935806,0.7999999999999999,0.0,4.0,intercept|c_equal5,,,,
llama,mmlu,abs_delta_nll_a,C-only,40.0,0.9373957586020357,0.0127695847749736,0.7999999999999999,0.0,4.0,intercept|c_equal5,,,,
llama,mmlu,abs_delta_nll_a,C-only,80.0,0.8067230904348054,0.019202264452926526,0.7999999999999999,0.1,4.0,intercept|c_equal5,,,,
llama,mmlu,abs_delta_nll_a,C-only,160.0,0.6307378427859724,0.025927123079835426,0.7999999999999999,0.0,4.0,intercept|c_equal5,,,,
llama,mmlu,abs_delta_nll_a,C-only,320.0,0.22616612944676961,0.03710525048482039,0.7999999999999999,1.0,4.0,intercept|c_equal5,,,,
llama,mmlu,abs_delta_nll_a,C-only-matched,5.0,-204.27039793894932,0.07323757327456688,0.39999999999999997,0.0,4.0,intercept|c_equal5,,,,
llama,mmlu,abs_delta_nll_a,C-only-matched,20.0,0.9490443998378947,0.011069259342935806,0.7999999999999999,0.0,4.0,intercept|c_equal5,,,,
llama,mmlu,abs_delta_nll_a,C-only-matched,40.0,0.9373957586020357,0.0127695847749736,0.7999999999999999,0.0,4.0,intercept|c_equal5,,,,
llama,mmlu,abs_delta_nll_a,C-only-matched,80.0,0.8067230904348054,0.019202264452926526,0.7999999999999999,0.1,4.0,intercept|c_equal5,,,,
llama,mmlu,abs_delta_nll_a,C-only-matched,160.0,0.6307378427859724,0.025927123079835426,0.7999999999999999,0.0,4.0,intercept|c_equal5,,,,
llama,mmlu,abs_delta_nll_a,C-only-matched,320.0,0.22616612944676961,0.03710525048482039,0.7999999999999999,1.0,4.0,intercept|c_equal5,,,,
llama,mmlu,abs_delta_nll_a,Pk4-only,5.0,-574.8448122699248,0.12235275966711738,0.39999999999999997,10.0,4.0,intercept|p4_equal5,,,,
llama,mmlu,abs_delta_nll_a,Pk4-only,20.0,0.11737460462577831,0.05419321632456906,0.39999999999999997,10.0,4.0,intercept|p4_equal5,,,,
llama,mmlu,abs_delta_nll_a,Pk4-only,40.0,0.22455490733020256,0.039060078398227026,0.7999999999999999,10.0,4.0,intercept|p4_equal5,,,,
llama,mmlu,abs_delta_nll_a,Pk4-only,80.0,-0.5784854408707352,0.05559605236730026,0.7999999999999999,10.0,4.0,intercept|p4_equal5,,,,
llama,mmlu,abs_delta_nll_a,Pk4-only,160.0,-0.7363389741372961,0.04596972350121181,0.39999999999999997,10.0,4.0,intercept|p4_equal5,,,,
llama,mmlu,abs_delta_nll_a,Pk4-only,320.0,0.718152208626079,0.022934783350366673,0.7999999999999999,10.0,4.0,intercept|p4_equal5,,,,
llama,mmlu,abs_delta_nll_a,Pk8-only,5.0,-406.63503833796494,0.10225961687934995,0.19999999999999998,1.0,4.0,intercept|p8_equal5,,,,
llama,mmlu,abs_delta_nll_a,Pk8-only,20.0,0.44109388165520036,0.03887594903766202,0.39999999999999997,10.0,4.0,intercept|p8_equal5,,,,
llama,mmlu,abs_delta_nll_a,Pk8-only,40.0,0.7013438409289232,0.031375876906265435,0.7999999999999999,1.0,4.0,intercept|p8_equal5,,,,
llama,mmlu,abs_delta_nll_a,Pk8-only,80.0,-0.20750532318714687,0.06036580126076592,1.0,1.0,4.0,intercept|p8_equal5,,,,
llama,mmlu,abs_delta_nll_a,Pk8-only,160.0,-0.6027004581888067,0.054170032381537295,0.7999999999999999,10.0,4.0,intercept|p8_equal5,,,,
llama,mmlu,abs_delta_nll_a,Pk8-only,320.0,0.7232158168722522,0.024445205325455875,0.7999999999999999,10.0,4.0,intercept|p8_equal5,,,,
llama,mmlu,abs_delta_nll_a,Pk16-only,5.0,-269.57701904436095,0.08341413018661852,-0.39999999999999997,0.0,4.0,intercept|p16_equal5,,,,
llama,mmlu,abs_delta_nll_a,Pk16-only,20.0,-0.5570573362431475,0.06613678064856196,0.19999999999999998,1.0,4.0,intercept|p16_equal5,,,,
llama,mmlu,abs_delta_nll_a,Pk16-only,40.0,0.8352330973231268,0.024539297563809105,0.39999999999999997,0.0,4.0,intercept|p16_equal5,,,,
llama,mmlu,abs_delta_nll_a,Pk16-only,80.0,0.39651380167490846,0.05382003713842358,1.0,0.0,4.0,intercept|p16_equal5,,,,
llama,mmlu,abs_delta_nll_a,Pk16-only,160.0,0.4539139667420794,0.039378331629828595,0.7999999999999999,0.0,4.0,intercept|p16_equal5,,,,
llama,mmlu,abs_delta_nll_a,Pk16-only,320.0,0.8780573065912008,0.016962058325793034,0.7999999999999999,0.0,4.0,intercept|p16_equal5,,,,
llama,mmlu,abs_delta_nll_a,Pk32-only,5.0,-176.63198519710602,0.06448939877880523,1.0,0.0,4.0,intercept|p32_equal5,,,,
llama,mmlu,abs_delta_nll_a,Pk32-only,20.0,0.27295671273124744,0.0456375780324881,0.19999999999999998,1.0,4.0,intercept|p32_equal5,,,,
llama,mmlu,abs_delta_nll_a,Pk32-only,40.0,0.9298133641843108,0.01663405061569501,1.0,0.0,4.0,intercept|p32_equal5,,,,
llama,mmlu,abs_delta_nll_a,Pk32-only,80.0,0.7184876421302113,0.03554705429536871,1.0,0.0,4.0,intercept|p32_equal5,,,,
llama,mmlu,abs_delta_nll_a,Pk32-only,160.0,0.5531604134066652,0.03752252462784164,1.0,0.0,4.0,intercept|p32_equal5,,,,
llama,mmlu,abs_delta_nll_a,Pk32-only,320.0,0.6581374043121471,0.024846306420331976,0.7999999999999999,0.0,4.0,intercept|p32_equal5,,,,
llama,mmlu,abs_delta_nll_a,PkAll-only,5.0,-277.84395418490305,0.08444329725885819,0.39999999999999997,10.0,4.0,intercept|p4_equal5|p8_equal5|p16_equal5|p32_equal5,,,,
llama,mmlu,abs_delta_nll_a,PkAll-only,20.0,0.029671090815508006,0.05267468561139435,0.19999999999999998,1.0,4.0,intercept|p4_equal5|p8_equal5|p16_equal5|p32_equal5,,,,
llama,mmlu,abs_delta_nll_a,PkAll-only,40.0,0.9333737331884835,0.017596057140420007,1.0,1.0,4.0,intercept|p4_equal5|p8_equal5|p16_equal5|p32_equal5,,,,
llama,mmlu,abs_delta_nll_a,PkAll-only,80.0,0.5533004717323151,0.04381095378356624,1.0,1.0,4.0,intercept|p4_equal5|p8_equal5|p16_equal5|p32_equal5,,,,
llama,mmlu,abs_delta_nll_a,PkAll-only,160.0,0.5708621235755134,0.035685115214721556,0.7999999999999999,0.1,4.0,intercept|p4_equal5|p8_equal5|p16_equal5|p32_equal5,,,,
llama,mmlu,abs_delta_nll_a,PkAll-only,320.0,-2.654239110532012,0.0720172822178686,0.39999999999999997,0.01,4.0,intercept|p4_equal5|p8_equal5|p16_equal5|p32_equal5,,,,
llama,mmlu,abs_delta_nll_a,M0,5.0,-301.6654279106407,0.06212264582686494,-0.19999999999999998,1.0,4.0,intercept|arm_offkd|arm_opd|arm_seqkd|arm_sft|log1p_checkpoint,,,,
llama,mmlu,abs_delta_nll_a,M0,20.0,0.8877586602036462,0.01562661718913314,1.0,1.0,4.0,intercept|arm_offkd|arm_opd|arm_seqkd|arm_sft|log1p_checkpoint,,,,
llama,mmlu,abs_delta_nll_a,M0,40.0,0.7924973387050679,0.020265932724777835,1.0,1.0,4.0,intercept|arm_offkd|arm_opd|arm_seqkd|arm_sft|log1p_checkpoint,,,,
llama,mmlu,abs_delta_nll_a,M0,80.0,0.7665739296691665,0.021670898546935935,1.0,1.0,4.0,intercept|arm_offkd|arm_opd|arm_seqkd|arm_sft|log1p_checkpoint,,,,
llama,mmlu,abs_delta_nll_a,M0,160.0,0.9584472851625099,0.011724631874333237,1.0,1.0,4.0,intercept|arm_offkd|arm_opd|arm_seqkd|arm_sft|log1p_checkpoint,,,,
llama,mmlu,abs_delta_nll_a,M0,320.0,0.5487140064134026,0.033244337734341885,1.0,1.0,4.0,intercept|arm_offkd|arm_opd|arm_seqkd|arm_sft|log1p_checkpoint,,,,
llama,mmlu,abs_delta_nll_a,M0+C5,5.0,-172.23056693544723,0.05457614637932924,-0.19999999999999998,1.0,4.0,intercept|arm_offkd|arm_opd|arm_seqkd|arm_sft|log1p_checkpoint|c_equal5,,,,
llama,mmlu,abs_delta_nll_a,M0+C5,20.0,0.9059227465030695,0.01579581752462,1.0,1.0,4.0,intercept|arm_offkd|arm_opd|arm_seqkd|arm_sft|log1p_checkpoint|c_equal5,,,,
llama,mmlu,abs_delta_nll_a,M0+C5,40.0,0.8906594424575545,0.01794694062809614,1.0,1.0,4.0,intercept|arm_offkd|arm_opd|arm_seqkd|arm_sft|log1p_checkpoint|c_equal5,,,,
llama,mmlu,abs_delta_nll_a,M0+C5,80.0,0.9154183658264149,0.017008211346807307,1.0,1.0,4.0,intercept|arm_offkd|arm_opd|arm_seqkd|arm_sft|log1p_checkpoint|c_equal5,,,,
llama,mmlu,abs_delta_nll_a,M0+C5,160.0,0.9762880837831893,0.00800438854085507,1.0,0.1,4.0,intercept|arm_offkd|arm_opd|arm_seqkd|arm_sft|log1p_checkpoint|c_equal5,,,,
llama,mmlu,abs_delta_nll_a,M0+C5,320.0,0.34400545071827426,0.03669077276580687,0.7999999999999999,0.0,4.0,intercept|arm_offkd|arm_opd|arm_seqkd|arm_sft|log1p_checkpoint|c_equal5,,,,
llama,mmlu,abs_delta_nll_a,M0+PkAll5,5.0,-253.71830242945478,0.05028448656993769,-0.19999999999999998,0.01,4.0,intercept|arm_offkd|arm_opd|arm_seqkd|arm_sft|log1p_checkpoint|p4_equal5|p8_equal5|p16_equal5|p32_equal5,,,,
llama,mmlu,abs_delta_nll_a,M0+PkAll5,20.0,0.8635454452568032,0.020830247878840108,0.39999999999999997,0.01,4.0,intercept|arm_offkd|arm_opd|arm_seqkd|arm_sft|log1p_checkpoint|p4_equal5|p8_equal5|p16_equal5|p32_equal5,,,,
llama,mmlu,abs_delta_nll_a,M0+PkAll5,40.0,0.9691942809614211,0.011072824327555499,1.0,0.0,4.0,intercept|arm_offkd|arm_opd|arm_seqkd|arm_sft|log1p_checkpoint|p4_equal5|p8_equal5|p16_equal5|p32_equal5,,,,
llama,mmlu,abs_delta_nll_a,M0+PkAll5,80.0,0.9461735231128223,0.013021772160775519,1.0,0.1,4.0,intercept|arm_offkd|arm_opd|arm_seqkd|arm_sft|log1p_checkpoint|p4_equal5|p8_equal5|p16_equal5|p32_equal5,,,,
llama,mmlu,abs_delta_nll_a,M0+PkAll5,160.0,0.8076074974628212,0.017693607584175042,0.7999999999999999,0.001,4.0,intercept|arm_offkd|arm_opd|arm_seqkd|arm_sft|log1p_checkpoint|p4_equal5|p8_equal5|p16_equal5|p32_equal5,,,,
llama,mmlu,abs_delta_nll_a,M0+PkAll5,320.0,0.5007679966547365,0.033351866215182956,1.0,0.1,4.0,intercept|arm_offkd|arm_opd|arm_seqkd|arm_sft|log1p_checkpoint|p4_equal5|p8_equal5|p16_equal5|p32_equal5,,,,
llama,mmlu,abs_delta_nll_a,M0+PkAll5+C5,5.0,-138.45187666686616,0.04146742187527941,-0.19999999999999998,0.1,4.0,intercept|arm_offkd|arm_opd|arm_seqkd|arm_sft|log1p_checkpoint|p4_equal5|p8_equal5|p16_equal5|p32_equal5|c_equal5,,,,
llama,mmlu,abs_delta_nll_a,M0+PkAll5+C5,20.0,0.8804093804245217,0.018751654101106338,0.39999999999999997,0.01,4.0,intercept|arm_offkd|arm_opd|arm_seqkd|arm_sft|log1p_checkpoint|p4_equal5|p8_equal5|p16_equal5|p32_equal5|c_equal5,,,,
llama,mmlu,abs_delta_nll_a,M0+PkAll5+C5,40.0,0.9550201283242475,0.013744374841110393,1.0,0.1,4.0,intercept|arm_offkd|arm_opd|arm_seqkd|arm_sft|log1p_checkpoint|p4_equal5|p8_equal5|p16_equal5|p32_equal5|c_equal5,,,,
llama,mmlu,abs_delta_nll_a,M0+PkAll5+C5,80.0,0.9252111790894254,0.01681380572761878,1.0,1.0,4.0,intercept|arm_offkd|arm_opd|arm_seqkd|arm_sft|log1p_checkpoint|p4_equal5|p8_equal5|p16_equal5|p32_equal5|c_equal5,,,,
llama,mmlu,abs_delta_nll_a,M0+PkAll5+C5,160.0,0.8369500982396055,0.017479969238930103,1.0,0.1,4.0,intercept|arm_offkd|arm_opd|arm_seqkd|arm_sft|log1p_checkpoint|p4_equal5|p8_equal5|p16_equal5|p32_equal5|c_equal5,,,,
llama,mmlu,abs_delta_nll_a,M0+PkAll5+C5,320.0,0.7048972429940549,0.02531853721013902,1.0,0.1,4.0,intercept|arm_offkd|arm_opd|arm_seqkd|arm_sft|log1p_checkpoint|p4_equal5|p8_equal5|p16_equal5|p32_equal5|c_equal5,,,,
llama,mmlu,abs_delta_nll_t,C-only,5.0,-230.8969124495573,0.6586097463546763,0.6000000000000001,0.1,4.0,intercept|c_equal5,,,,
llama,mmlu,abs_delta_nll_t,C-only,20.0,-0.9149689564804777,0.2651238945541563,0.6000000000000001,1.0,4.0,intercept|c_equal5,,,,
llama,mmlu,abs_delta_nll_t,C-only,40.0,0.1879540064490517,0.391332588181439,0.7999999999999999,1.0,4.0,intercept|c_equal5,,,,
llama,mmlu,abs_delta_nll_t,C-only,80.0,-0.062350188081595315,0.4091402715236757,0.7999999999999999,1.0,4.0,intercept|c_equal5,,,,
llama,mmlu,abs_delta_nll_t,C-only,160.0,0.1732621825708135,0.41690831259268835,0.7999999999999999,1.0,4.0,intercept|c_equal5,,,,
llama,mmlu,abs_delta_nll_t,C-only,320.0,0.5161195007863165,0.3422046688862877,0.7999999999999999,1.0,4.0,intercept|c_equal5,,,,
llama,mmlu,abs_delta_nll_t,C-only-matched,5.0,-230.8969124495573,0.6586097463546763,0.6000000000000001,0.1,4.0,intercept|c_equal5,,,,
llama,mmlu,abs_delta_nll_t,C-only-matched,20.0,-0.9149689564804777,0.2651238945541563,0.6000000000000001,1.0,4.0,intercept|c_equal5,,,,
llama,mmlu,abs_delta_nll_t,C-only-matched,40.0,0.1879540064490517,0.391332588181439,0.7999999999999999,1.0,4.0,intercept|c_equal5,,,,
llama,mmlu,abs_delta_nll_t,C-only-matched,80.0,-0.062350188081595315,0.4091402715236757,0.7999999999999999,1.0,4.0,intercept|c_equal5,,,,
llama,mmlu,abs_delta_nll_t,C-only-matched,160.0,0.1732621825708135,0.41690831259268835,0.7999999999999999,1.0,4.0,intercept|c_equal5,,,,
llama,mmlu,abs_delta_nll_t,C-only-matched,320.0,0.5161195007863165,0.3422046688862877,0.7999999999999999,1.0,4.0,intercept|c_equal5,,,,
llama,mmlu,abs_delta_nll_t,Pk4-only,5.0,-408.0956959334797,0.8742705574025647,0.39999999999999997,10.0,4.0,intercept|p4_equal5,,,,
llama,mmlu,abs_delta_nll_t,Pk4-only,20.0,-1.3954436870933105,0.3833738691835759,-0.19999999999999998,10.0,4.0,intercept|p4_equal5,,,,
llama,mmlu,abs_delta_nll_t,Pk4-only,40.0,-0.041355889717590966,0.559121711501504,0.0,10.0,4.0,intercept|p4_equal5,,,,
llama,mmlu,abs_delta_nll_t,Pk4-only,80.0,-0.24081974008165496,0.5447447012620714,0.7999999999999999,10.0,4.0,intercept|p4_equal5,,,,
llama,mmlu,abs_delta_nll_t,Pk4-only,160.0,0.14979605465676904,0.4822461952734929,0.39999999999999997,10.0,4.0,intercept|p4_equal5,,,,
llama,mmlu,abs_delta_nll_t,Pk4-only,320.0,-1.5404285548187078,1.0234578710351188,0.7999999999999999,0.0,4.0,intercept|p4_equal5,,,,
llama,mmlu,abs_delta_nll_t,Pk8-only,5.0,-322.26189086113266,0.7757385179277929,0.7999999999999999,1.0,4.0,intercept|p8_equal5,,,,
llama,mmlu,abs_delta_nll_t,Pk8-only,20.0,-7.305711663441954,0.6504918906252273,-0.19999999999999998,1.0,4.0,intercept|p8_equal5,,,,
llama,mmlu,abs_delta_nll_t,Pk8-only,40.0,-0.09136777069614,0.42447312249382674,0.0,1.0,4.0,intercept|p8_equal5,,,,
llama,mmlu,abs_delta_nll_t,Pk8-only,80.0,-0.05858504606089343,0.48001481075791386,0.6000000000000001,0.0,4.0,intercept|p8_equal5,,,,
llama,mmlu,abs_delta_nll_t,Pk8-only,160.0,0.5029600446630962,0.39205239039321926,0.7999999999999999,1.0,4.0,intercept|p8_equal5,,,,
llama,mmlu,abs_delta_nll_t,Pk8-only,320.0,0.5022867578453167,0.48355846608976094,0.7999999999999999,0.0,4.0,intercept|p8_equal5,,,,
llama,mmlu,abs_delta_nll_t,Pk16-only,5.0,-405.4979629545238,0.8734253134926683,0.39999999999999997,0.0,4.0,intercept|p16_equal5,,,,
llama,mmlu,abs_delta_nll_t,Pk16-only,20.0,-8.82163409909255,0.6653893346557431,-0.39999999999999997,1.0,4.0,intercept|p16_equal5,,,,
llama,mmlu,abs_delta_nll_t,Pk16-only,40.0,-0.10434183823384768,0.4315699164643776,-0.39999999999999997,0.0,4.0,intercept|p16_equal5,,,,
llama,mmlu,abs_delta_nll_t,Pk16-only,80.0,-0.36503080692423584,0.45125441564400787,0.6000000000000001,0.0,4.0,intercept|p16_equal5,,,,
llama,mmlu,abs_delta_nll_t,Pk16-only,160.0,-0.023407281371374822,0.42727064623403466,0.7999999999999999,0.0,4.0,intercept|p16_equal5,,,,
llama,mmlu,abs_delta_nll_t,Pk16-only,320.0,0.19703225578941208,0.47897106557062086,0.7999999999999999,0.0,4.0,intercept|p16_equal5,,,,
llama,mmlu,abs_delta_nll_t,Pk32-only,5.0,-276.9288358839409,0.7175449625615535,0.39999999999999997,0.1,4.0,intercept|p32_equal5,,,,
llama,mmlu,abs_delta_nll_t,Pk32-only,20.0,-3.632046619748057,0.4979705414998701,-0.39999999999999997,10.0,4.0,intercept|p32_equal5,,,,
llama,mmlu,abs_delta_nll_t,Pk32-only,40.0,0.14174083874476473,0.4041706614046332,0.6000000000000001,1.0,4.0,intercept|p32_equal5,,,,
llama,mmlu,abs_delta_nll_t,Pk32-only,80.0,-0.10838334499906166,0.4160611652011262,0.6000000000000001,0.0,4.0,intercept|p32_equal5,,,,
llama,mmlu,abs_delta_nll_t,Pk32-only,160.0,0.016778195457980982,0.3994955249669391,0.6000000000000001,0.0,4.0,intercept|p32_equal5,,,,
llama,mmlu,abs_delta_nll_t,Pk32-only,320.0,0.3302592102425662,0.40731522094943273,0.7999999999999999,0.0,4.0,intercept|p32_equal5,,,,
llama,mmlu,abs_delta_nll_t,PkAll-only,5.0,-373.8730329176208,0.7689833461836917,0.7999999999999999,0.0,4.0,intercept|p4_equal5|p8_equal5|p16_equal5|p32_equal5,,,,
llama,mmlu,abs_delta_nll_t,PkAll-only,20.0,-2.6332094596345805,0.4739751816662184,-0.19999999999999998,0.01,4.0,intercept|p4_equal5|p8_equal5|p16_equal5|p32_equal5,,,,
llama,mmlu,abs_delta_nll_t,PkAll-only,40.0,0.036332355977013675,0.4177603235096229,0.0,10.0,4.0,intercept|p4_equal5|p8_equal5|p16_equal5|p32_equal5,,,,
llama,mmlu,abs_delta_nll_t,PkAll-only,80.0,0.700938834664004,0.30629507894263647,0.7999999999999999,0.0,4.0,intercept|p4_equal5|p8_equal5|p16_equal5|p32_equal5,,,,
llama,mmlu,abs_delta_nll_t,PkAll-only,160.0,0.6377422732311502,0.29325863649352857,0.7999999999999999,0.0,4.0,intercept|p4_equal5|p8_equal5|p16_equal5|p32_equal5,,,,
llama,mmlu,abs_delta_nll_t,PkAll-only,320.0,-0.7953194577540805,0.7861297200051434,0.7999999999999999,0.1,4.0,intercept|p4_equal5|p8_equal5|p16_equal5|p32_equal5,,,,
llama,mmlu,abs_delta_nll_t,M0,5.0,-291.0180368671064,0.5489067640001497,0.0,1.0,4.0,intercept|arm_offkd|arm_opd|arm_seqkd|arm_sft|log1p_checkpoint,,,,
llama,mmlu,abs_delta_nll_t,M0,20.0,-0.05800627238282008,0.22305368091460892,0.7999999999999999,0.1,4.0,intercept|arm_offkd|arm_opd|arm_seqkd|arm_sft|log1p_checkpoint,,,,
llama,mmlu,abs_delta_nll_t,M0,40.0,0.7284586269137323,0.2594150687001193,1.0,1.0,4.0,intercept|arm_offkd|arm_opd|arm_seqkd|arm_sft|log1p_checkpoint,,,,
llama,mmlu,abs_delta_nll_t,M0,80.0,0.7675666384787544,0.22238882111867175,1.0,1.0,4.0,intercept|arm_offkd|arm_opd|arm_seqkd|arm_sft|log1p_checkpoint,,,,
llama,mmlu,abs_delta_nll_t,M0,160.0,0.8829840138999275,0.16403258988399688,1.0,1.0,4.0,intercept|arm_offkd|arm_opd|arm_seqkd|arm_sft|log1p_checkpoint,,,,
llama,mmlu,abs_delta_nll_t,M0,320.0,0.5756315844417614,0.36823279250318774,1.0,1.0,4.0,intercept|arm_offkd|arm_opd|arm_seqkd|arm_sft|log1p_checkpoint,,,,
llama,mmlu,abs_delta_nll_t,M0+C5,5.0,-210.26482093469335,0.43007920852378545,0.0,1.0,4.0,intercept|arm_offkd|arm_opd|arm_seqkd|arm_sft|log1p_checkpoint|c_equal5,,,,
llama,mmlu,abs_delta_nll_t,M0+C5,20.0,0.14482059520101975,0.2067472416083464,0.7999999999999999,0.1,4.0,intercept|arm_offkd|arm_opd|arm_seqkd|arm_sft|log1p_checkpoint|c_equal5,,,,
llama,mmlu,abs_delta_nll_t,M0+C5,40.0,0.7234926995883337,0.2572930874784654,1.0,1.0,4.0,intercept|arm_offkd|arm_opd|arm_seqkd|arm_sft|log1p_checkpoint|c_equal5,,,,
llama,mmlu,abs_delta_nll_t,M0+C5,80.0,0.7883538855484934,0.16561924362179908,1.0,0.1,4.0,intercept|arm_offkd|arm_opd|arm_seqkd|arm_sft|log1p_checkpoint|c_equal5,,,,
llama,mmlu,abs_delta_nll_t,M0+C5,160.0,0.9136296080505727,0.17331713524578451,1.0,0.1,4.0,intercept|arm_offkd|arm_opd|arm_seqkd|arm_sft|log1p_checkpoint|c_equal5,,,,
llama,mmlu,abs_delta_nll_t,M0+C5,320.0,0.6898955654541807,0.35325106010225515,1.0,0.0,4.0,intercept|arm_offkd|arm_opd|arm_seqkd|arm_sft|log1p_checkpoint|c_equal5,,,,
llama,mmlu,abs_delta_nll_t,M0+PkAll5,5.0,-250.7738241654874,0.5392941415321565,0.0,0.01,4.0,intercept|arm_offkd|arm_opd|arm_seqkd|arm_sft|log1p_checkpoint|p4_equal5|p8_equal5|p16_equal5|p32_equal5,,,,
llama,mmlu,abs_delta_nll_t,M0+PkAll5,20.0,0.6784952341991648,0.12226202190331352,0.6000000000000001,0.1,4.0,intercept|arm_offkd|arm_opd|arm_seqkd|arm_sft|log1p_checkpoint|p4_equal5|p8_equal5|p16_equal5|p32_equal5,,,,
llama,mmlu,abs_delta_nll_t,M0+PkAll5,40.0,0.7338645321933374,0.24654937037056077,1.0,1.0,4.0,intercept|arm_offkd|arm_opd|arm_seqkd|arm_sft|log1p_checkpoint|p4_equal5|p8_equal5|p16_equal5|p32_equal5,,,,
llama,mmlu,abs_delta_nll_t,M0+PkAll5,80.0,0.7450361461769435,0.2694261002574704,1.0,1.0,4.0,intercept|arm_offkd|arm_opd|arm_seqkd|arm_sft|log1p_checkpoint|p4_equal5|p8_equal5|p16_equal5|p32_equal5,,,,
llama,mmlu,abs_delta_nll_t,M0+PkAll5,160.0,0.8481851145006963,0.2213889117807995,1.0,10.0,4.0,intercept|arm_offkd|arm_opd|arm_seqkd|arm_sft|log1p_checkpoint|p4_equal5|p8_equal5|p16_equal5|p32_equal5,,,,
llama,mmlu,abs_delta_nll_t,M0+PkAll5,320.0,-0.12638685967650765,0.62839813214026,0.7999999999999999,1.0,4.0,intercept|arm_offkd|arm_opd|arm_seqkd|arm_sft|log1p_checkpoint|p4_equal5|p8_equal5|p16_equal5|p32_equal5,,,,
llama,mmlu,abs_delta_nll_t,M0+PkAll5+C5,5.0,-276.69440186290734,0.5802406110232623,0.0,0.0,4.0,intercept|arm_offkd|arm_opd|arm_seqkd|arm_sft|log1p_checkpoint|p4_equal5|p8_equal5|p16_equal5|p32_equal5|c_equal5,,,,
llama,mmlu,abs_delta_nll_t,M0+PkAll5+C5,20.0,0.3794870676260804,0.1802095951955185,0.7999999999999999,1.0,4.0,intercept|arm_offkd|arm_opd|arm_seqkd|arm_sft|log1p_checkpoint|p4_equal5|p8_equal5|p16_equal5|p32_equal5|c_equal5,,,,
llama,mmlu,abs_delta_nll_t,M0+PkAll5+C5,40.0,0.6899340869836884,0.2565785799738989,1.0,1.0,4.0,intercept|arm_offkd|arm_opd|arm_seqkd|arm_sft|log1p_checkpoint|p4_equal5|p8_equal5|p16_equal5|p32_equal5|c_equal5,,,,
llama,mmlu,abs_delta_nll_t,M0+PkAll5+C5,80.0,0.7872542931454976,0.21270058159306884,1.0,1.0,4.0,intercept|arm_offkd|arm_opd|arm_seqkd|arm_sft|log1p_checkpoint|p4_equal5|p8_equal5|p16_equal5|p32_equal5|c_equal5,,,,
llama,mmlu,abs_delta_nll_t,M0+PkAll5+C5,160.0,0.8673311652368411,0.19221827678505835,1.0,10.0,4.0,intercept|arm_offkd|arm_opd|arm_seqkd|arm_sft|log1p_checkpoint|p4_equal5|p8_equal5|p16_equal5|p32_equal5|c_equal5,,,,
llama,mmlu,abs_delta_nll_t,M0+PkAll5+C5,320.0,-0.028670583831379215,0.6005607586634848,0.7999999999999999,1.0,4.0,intercept|arm_offkd|arm_opd|arm_seqkd|arm_sft|log1p_checkpoint|p4_equal5|p8_equal5|p16_equal5|p32_equal5|c_equal5,,,,
llama,mmlu,delta_nll_f_minus_a,C-only,5.0,-1.4148313786858497,0.014820994473741321,-0.39999999999999997,10.0,4.0,intercept|c_equal5,,,,
llama,mmlu,delta_nll_f_minus_a,C-only,20.0,0.41288094829166455,0.02773355650005047,0.7999999999999999,1.0,4.0,intercept|c_equal5,,,,
llama,mmlu,delta_nll_f_minus_a,C-only,40.0,0.6207984848619361,0.05214582056700115,0.19999999999999998,1.0,4.0,intercept|c_equal5,,,,
llama,mmlu,delta_nll_f_minus_a,C-only,80.0,0.3922810178013698,0.09947382247973013,0.19999999999999998,1.0,4.0,intercept|c_equal5,,,,
llama,mmlu,delta_nll_f_minus_a,C-only,160.0,0.09501110424119297,0.10011034980352979,0.19999999999999998,10.0,4.0,intercept|c_equal5,,,,
llama,mmlu,delta_nll_f_minus_a,C-only,320.0,-0.4095100508510483,0.08245592761330518,0.19999999999999998,1.0,4.0,intercept|c_equal5,,,,
llama,mmlu,delta_nll_f_minus_a,C-only-matched,5.0,-1.4148313786858497,0.014820994473741321,-0.39999999999999997,10.0,4.0,intercept|c_equal5,,,,
llama,mmlu,delta_nll_f_minus_a,C-only-matched,20.0,0.41288094829166455,0.02773355650005047,0.7999999999999999,1.0,4.0,intercept|c_equal5,,,,
llama,mmlu,delta_nll_f_minus_a,C-only-matched,40.0,0.6207984848619361,0.05214582056700115,0.19999999999999998,1.0,4.0,intercept|c_equal5,,,,
llama,mmlu,delta_nll_f_minus_a,C-only-matched,80.0,0.3922810178013698,0.09947382247973013,0.19999999999999998,1.0,4.0,intercept|c_equal5,,,,
llama,mmlu,delta_nll_f_minus_a,C-only-matched,160.0,0.09501110424119297,0.10011034980352979,0.19999999999999998,10.0,4.0,intercept|c_equal5,,,,
llama,mmlu,delta_nll_f_minus_a,C-only-matched,320.0,-0.4095100508510483,0.08245592761330518,0.19999999999999998,1.0,4.0,intercept|c_equal5,,,,
llama,mmlu,delta_nll_f_minus_a,Pk4-only,5.0,-38.39622411656056,0.07193626505482847,1.0,100.0,4.0,intercept|p4_equal5,,,,
llama,mmlu,delta_nll_f_minus_a,Pk4-only,20.0,-1.34904767623825,0.06216875804120062,0.39999999999999997,100.0,4.0,intercept|p4_equal5,,,,
llama,mmlu,delta_nll_f_minus_a,Pk4-only,40.0,0.12147246794086564,0.06743267446403692,0.7999999999999999,0.0,4.0,intercept|p4_equal5,,,,
llama,mmlu,delta_nll_f_minus_a,Pk4-only,80.0,-0.2519702149364069,0.12949161124484704,-0.19999999999999998,1.0,4.0,intercept|p4_equal5,,,,
llama,mmlu,delta_nll_f_minus_a,Pk4-only,160.0,-0.4788856574443059,0.11301576965269827,-0.39999999999999997,10.0,4.0,intercept|p4_equal5,,,,
llama,mmlu,delta_nll_f_minus_a,Pk4-only,320.0,-0.009422055656772788,0.07960991518300867,0.19999999999999998,0.0,4.0,intercept|p4_equal5,,,,
llama,mmlu,delta_nll_f_minus_a,Pk8-only,5.0,-36.664180038713035,0.07030816145751145,0.7999999999999999,100.0,4.0,intercept|p8_equal5,,,,
llama,mmlu,delta_nll_f_minus_a,Pk8-only,20.0,-0.30850449449781747,0.04767557152981728,0.39999999999999997,1.0,4.0,intercept|p8_equal5,,,,
llama,mmlu,delta_nll_f_minus_a,Pk8-only,40.0,0.2426622503952176,0.0628037899340986,0.7999999999999999,10.0,4.0,intercept|p8_equal5,,,,
llama,mmlu,delta_nll_f_minus_a,Pk8-only,80.0,-0.13197619898593627,0.1286429072465277,0.39999999999999997,0.0,4.0,intercept|p8_equal5,,,,
llama,mmlu,delta_nll_f_minus_a,Pk8-only,160.0,-0.5161808395951439,0.12397526717618815,-0.19999999999999998,1.0,4.0,intercept|p8_equal5,,,,
llama,mmlu,delta_nll_f_minus_a,Pk8-only,320.0,-0.27728244754719955,0.08480559602222551,0.19999999999999998,0.0,4.0,intercept|p8_equal5,,,,
llama,mmlu,delta_nll_f_minus_a,Pk16-only,5.0,0.4691340653926378,0.007420592212613086,0.6000000000000001,1.0,4.0,intercept|p16_equal5,,,,
llama,mmlu,delta_nll_f_minus_a,Pk16-only,20.0,-1.2171728293606057,0.05874050471715009,0.7999999999999999,10.0,4.0,intercept|p16_equal5,,,,
llama,mmlu,delta_nll_f_minus_a,Pk16-only,40.0,0.7303251545414882,0.04610659943080193,1.0,1.0,4.0,intercept|p16_equal5,,,,
llama,mmlu,delta_nll_f_minus_a,Pk16-only,80.0,0.23547796643368402,0.11203128330964421,0.39999999999999997,1.0,4.0,intercept|p16_equal5,,,,
llama,mmlu,delta_nll_f_minus_a,Pk16-only,160.0,0.014492228699634735,0.10187853132057356,0.19999999999999998,1.0,4.0,intercept|p16_equal5,,,,
llama,mmlu,delta_nll_f_minus_a,Pk16-only,320.0,-0.24507381542817708,0.08717617578425604,0.19999999999999998,0.1,4.0,intercept|p16_equal5,,,,
llama,mmlu,delta_nll_f_minus_a,Pk32-only,5.0,-0.06437001363172379,0.010832183314795778,0.39999999999999997,10.0,4.0,intercept|p32_equal5,,,,
llama,mmlu,delta_nll_f_minus_a,Pk32-only,20.0,-0.643399593279967,0.05560621764465221,0.7999999999999999,10.0,4.0,intercept|p32_equal5,,,,
llama,mmlu,delta_nll_f_minus_a,Pk32-only,40.0,0.561439240103401,0.052324050888299375,0.39999999999999997,10.0,4.0,intercept|p32_equal5,,,,
llama,mmlu,delta_nll_f_minus_a,Pk32-only,80.0,0.20099857267811172,0.11055563618706293,0.39999999999999997,10.0,4.0,intercept|p32_equal5,,,,
llama,mmlu,delta_nll_f_minus_a,Pk32-only,160.0,-0.014070522837452026,0.1018645628148917,0.39999999999999997,10.0,4.0,intercept|p32_equal5,,,,
llama,mmlu,delta_nll_f_minus_a,Pk32-only,320.0,-0.0912302865482626,0.07600533488326941,0.19999999999999998,1.0,4.0,intercept|p32_equal5,,,,
llama,mmlu,delta_nll_f_minus_a,PkAll-only,5.0,-7.913441947942058,0.029636543567157753,0.39999999999999997,1.0,4.0,intercept|p4_equal5|p8_equal5|p16_equal5|p32_equal5,,,,
llama,mmlu,delta_nll_f_minus_a,PkAll-only,20.0,-4.683866831379645,0.08844852709103278,0.7999999999999999,1.0,4.0,intercept|p4_equal5|p8_equal5|p16_equal5|p32_equal5,,,,
llama,mmlu,delta_nll_f_minus_a,PkAll-only,40.0,0.6942537425642923,0.04327159240651797,0.39999999999999997,1.0,4.0,intercept|p4_equal5|p8_equal5|p16_equal5|p32_equal5,,,,
llama,mmlu,delta_nll_f_minus_a,PkAll-only,80.0,0.25578581235020814,0.10864727879746983,0.39999999999999997,10.0,4.0,intercept|p4_equal5|p8_equal5|p16_equal5|p32_equal5,,,,
llama,mmlu,delta_nll_f_minus_a,PkAll-only,160.0,0.06485214933308392,0.09813266085379956,0.19999999999999998,10.0,4.0,intercept|p4_equal5|p8_equal5|p16_equal5|p32_equal5,,,,
llama,mmlu,delta_nll_f_minus_a,PkAll-only,320.0,0.21189378160261296,0.0659360776430974,0.19999999999999998,10.0,4.0,intercept|p4_equal5|p8_equal5|p16_equal5|p32_equal5,,,,
llama,mmlu,delta_nll_f_minus_a,M0,5.0,-58.34978182563048,0.060663015492316646,-0.19999999999999998,10.0,4.0,intercept|arm_offkd|arm_opd|arm_seqkd|arm_sft|log1p_checkpoint,,,,
llama,mmlu,delta_nll_f_minus_a,M0,20.0,-0.316257927408937,0.04328854393337547,0.39999999999999997,10.0,4.0,intercept|arm_offkd|arm_opd|arm_seqkd|arm_sft|log1p_checkpoint,,,,
llama,mmlu,delta_nll_f_minus_a,M0,40.0,0.8220058359080238,0.030985333294161255,1.0,10.0,4.0,intercept|arm_offkd|arm_opd|arm_seqkd|arm_sft|log1p_checkpoint,,,,
llama,mmlu,delta_nll_f_minus_a,M0,80.0,0.4898778507902901,0.08215182532392978,1.0,10.0,4.0,intercept|arm_offkd|arm_opd|arm_seqkd|arm_sft|log1p_checkpoint,,,,
llama,mmlu,delta_nll_f_minus_a,M0,160.0,0.3930301103669549,0.06477586481100439,1.0,10.0,4.0,intercept|arm_offkd|arm_opd|arm_seqkd|arm_sft|log1p_checkpoint,,,,
llama,mmlu,delta_nll_f_minus_a,M0,320.0,0.4018389834579926,0.06474369359114011,1.0,10.0,4.0,intercept|arm_offkd|arm_opd|arm_seqkd|arm_sft|log1p_checkpoint,,,,
llama,mmlu,delta_nll_f_minus_a,M0+C5,5.0,-35.08989524292298,0.051032774836854665,-0.19999999999999998,10.0,4.0,intercept|arm_offkd|arm_opd|arm_seqkd|arm_sft|log1p_checkpoint|c_equal5,,,,
llama,mmlu,delta_nll_f_minus_a,M0+C5,20.0,-1.2921720614580008,0.05783482698480338,0.39999999999999997,1.0,4.0,intercept|arm_offkd|arm_opd|arm_seqkd|arm_sft|log1p_checkpoint|c_equal5,,,,
llama,mmlu,delta_nll_f_minus_a,M0+C5,40.0,0.9090142752663085,0.02204712428631332,1.0,10.0,4.0,intercept|arm_offkd|arm_opd|arm_seqkd|arm_sft|log1p_checkpoint|c_equal5,,,,
llama,mmlu,delta_nll_f_minus_a,M0+C5,80.0,0.6032411427060143,0.07576153344269396,1.0,10.0,4.0,intercept|arm_offkd|arm_opd|arm_seqkd|arm_sft|log1p_checkpoint|c_equal5,,,,
llama,mmlu,delta_nll_f_minus_a,M0+C5,160.0,0.5981362938634869,0.0632634495332006,1.0,0.0,4.0,intercept|arm_offkd|arm_opd|arm_seqkd|arm_sft|log1p_checkpoint|c_equal5,,,,
llama,mmlu,delta_nll_f_minus_a,M0+C5,320.0,0.06622737303169735,0.08651591692041699,1.0,0.1,4.0,intercept|arm_offkd|arm_opd|arm_seqkd|arm_sft|log1p_checkpoint|c_equal5,,,,
llama,mmlu,delta_nll_f_minus_a,M0+PkAll5,5.0,-102.53261178648842,0.10218462799726155,-0.19999999999999998,1.0,4.0,intercept|arm_offkd|arm_opd|arm_seqkd|arm_sft|log1p_checkpoint|p4_equal5|p8_equal5|p16_equal5|p32_equal5,,,,
llama,mmlu,delta_nll_f_minus_a,M0+PkAll5,20.0,-3.7324103133960795,0.0771591227808131,0.39999999999999997,1.0,4.0,intercept|arm_offkd|arm_opd|arm_seqkd|arm_sft|log1p_checkpoint|p4_equal5|p8_equal5|p16_equal5|p32_equal5,,,,
llama,mmlu,delta_nll_f_minus_a,M0+PkAll5,40.0,0.9076370157330567,0.022785310743814804,1.0,10.0,4.0,intercept|arm_offkd|arm_opd|arm_seqkd|arm_sft|log1p_checkpoint|p4_equal5|p8_equal5|p16_equal5|p32_equal5,,,,
llama,mmlu,delta_nll_f_minus_a,M0+PkAll5,80.0,0.5602582715584767,0.08108347809887007,1.0,10.0,4.0,intercept|arm_offkd|arm_opd|arm_seqkd|arm_sft|log1p_checkpoint|p4_equal5|p8_equal5|p16_equal5|p32_equal5,,,,
llama,mmlu,delta_nll_f_minus_a,M0+PkAll5,160.0,0.44436154916348203,0.06611085307016633,1.0,10.0,4.0,intercept|arm_offkd|arm_opd|arm_seqkd|arm_sft|log1p_checkpoint|p4_equal5|p8_equal5|p16_equal5|p32_equal5,,,,
llama,mmlu,delta_nll_f_minus_a,M0+PkAll5,320.0,0.36493645256036844,0.06511190386040633,1.0,10.0,4.0,intercept|arm_offkd|arm_opd|arm_seqkd|arm_sft|log1p_checkpoint|p4_equal5|p8_equal5|p16_equal5|p32_equal5,,,,
llama,mmlu,delta_nll_f_minus_a,M0+PkAll5+C5,5.0,-64.40398921502208,0.08066388817479765,-0.19999999999999998,1.0,4.0,intercept|arm_offkd|arm_opd|arm_seqkd|arm_sft|log1p_checkpoint|p4_equal5|p8_equal5|p16_equal5|p32_equal5|c_equal5,,,,
llama,mmlu,delta_nll_f_minus_a,M0+PkAll5+C5,20.0,-1.5841755865409404,0.05560552977041265,0.39999999999999997,1.0,4.0,intercept|arm_offkd|arm_opd|arm_seqkd|arm_sft|log1p_checkpoint|p4_equal5|p8_equal5|p16_equal5|p32_equal5|c_equal5,,,,
llama,mmlu,delta_nll_f_minus_a,M0+PkAll5+C5,40.0,0.9446804442382882,0.0182450442174421,0.7999999999999999,1.0,4.0,intercept|arm_offkd|arm_opd|arm_seqkd|arm_sft|log1p_checkpoint|p4_equal5|p8_equal5|p16_equal5|p32_equal5|c_equal5,,,,
llama,mmlu,delta_nll_f_minus_a,M0+PkAll5+C5,80.0,0.6457833715940083,0.07317197418574486,1.0,10.0,4.0,intercept|arm_offkd|arm_opd|arm_seqkd|arm_sft|log1p_checkpoint|p4_equal5|p8_equal5|p16_equal5|p32_equal5|c_equal5,,,,
llama,mmlu,delta_nll_f_minus_a,M0+PkAll5+C5,160.0,0.5353294378659359,0.0627213534511022,1.0,10.0,4.0,intercept|arm_offkd|arm_opd|arm_seqkd|arm_sft|log1p_checkpoint|p4_equal5|p8_equal5|p16_equal5|p32_equal5|c_equal5,,,,
llama,mmlu,delta_nll_f_minus_a,M0+PkAll5+C5,320.0,0.40582426037585073,0.061410201825576355,1.0,10.0,4.0,intercept|arm_offkd|arm_opd|arm_seqkd|arm_sft|log1p_checkpoint|p4_equal5|p8_equal5|p16_equal5|p32_equal5|c_equal5,,,,
llama,mmlu,delta_nll_f_minus_p,C-only,5.0,-0.4732665772121838,0.0156858826366073,-0.39999999999999997,1.0,4.0,intercept|c_equal5,,,,
llama,mmlu,delta_nll_f_minus_p,C-only,20.0,0.5443309291708913,0.028220885822505752,0.7999999999999999,1.0,4.0,intercept|c_equal5,,,,
llama,mmlu,delta_nll_f_minus_p,C-only,40.0,0.646108509331291,0.05799516553480939,0.19999999999999998,1.0,4.0,intercept|c_equal5,,,,
llama,mmlu,delta_nll_f_minus_p,C-only,80.0,0.47606097245699786,0.09889630912730119,0.19999999999999998,1.0,4.0,intercept|c_equal5,,,,
llama,mmlu,delta_nll_f_minus_p,C-only,160.0,0.39742925006256413,0.09088399051206583,0.19999999999999998,1.0,4.0,intercept|c_equal5,,,,
llama,mmlu,delta_nll_f_minus_p,C-only,320.0,-0.09214116246749415,0.0852198994066837,0.19999999999999998,0.0,4.0,intercept|c_equal5,,,,
llama,mmlu,delta_nll_f_minus_p,C-only-matched,5.0,-0.4732665772121838,0.0156858826366073,-0.39999999999999997,1.0,4.0,intercept|c_equal5,,,,
llama,mmlu,delta_nll_f_minus_p,C-only-matched,20.0,0.5443309291708913,0.028220885822505752,0.7999999999999999,1.0,4.0,intercept|c_equal5,,,,
llama,mmlu,delta_nll_f_minus_p,C-only-matched,40.0,0.646108509331291,0.05799516553480939,0.19999999999999998,1.0,4.0,intercept|c_equal5,,,,
llama,mmlu,delta_nll_f_minus_p,C-only-matched,80.0,0.47606097245699786,0.09889630912730119,0.19999999999999998,1.0,4.0,intercept|c_equal5,,,,
llama,mmlu,delta_nll_f_minus_p,C-only-matched,160.0,0.39742925006256413,0.09088399051206583,0.19999999999999998,1.0,4.0,intercept|c_equal5,,,,
llama,mmlu,delta_nll_f_minus_p,C-only-matched,320.0,-0.09214116246749415,0.0852198994066837,0.19999999999999998,0.0,4.0,intercept|c_equal5,,,,
llama,mmlu,delta_nll_f_minus_p,Pk4-only,5.0,-23.02392956146592,0.07448404207363846,1.0,10.0,4.0,intercept|p4_equal5,,,,
llama,mmlu,delta_nll_f_minus_p,Pk4-only,20.0,-0.2714616471004663,0.05279637127968077,0.39999999999999997,0.0,4.0,intercept|p4_equal5,,,,
llama,mmlu,delta_nll_f_minus_p,Pk4-only,40.0,0.1490439072403712,0.07158288854623007,0.7999999999999999,0.0,4.0,intercept|p4_equal5,,,,
llama,mmlu,delta_nll_f_minus_p,Pk4-only,80.0,-0.2825899043643494,0.13787329577280488,-0.19999999999999998,1.0,4.0,intercept|p4_equal5,,,,
llama,mmlu,delta_nll_f_minus_p,Pk4-only,160.0,-0.44548529831129935,0.11217912925506246,-0.39999999999999997,10.0,4.0,intercept|p4_equal5,,,,
llama,mmlu,delta_nll_f_minus_p,Pk4-only,320.0,0.0930545909635132,0.09082846861562766,0.19999999999999998,0.0,4.0,intercept|p4_equal5,,,,
llama,mmlu,delta_nll_f_minus_p,Pk8-only,5.0,-11.843473123208648,0.05397273958299774,0.7999999999999999,1.0,4.0,intercept|p8_equal5,,,,
llama,mmlu,delta_nll_f_minus_p,Pk8-only,20.0,-0.07546533531177624,0.0484170714124319,0.39999999999999997,1.0,4.0,intercept|p8_equal5,,,,
llama,mmlu,delta_nll_f_minus_p,Pk8-only,40.0,0.42107071490985326,0.06627840513541354,0.7999999999999999,0.0,4.0,intercept|p8_equal5,,,,
llama,mmlu,delta_nll_f_minus_p,Pk8-only,80.0,-0.12594530150555383,0.1367169485370831,0.39999999999999997,0.0,4.0,intercept|p8_equal5,,,,
llama,mmlu,delta_nll_f_minus_p,Pk8-only,160.0,-0.45985489684190495,0.12518547758732007,-0.19999999999999998,1.0,4.0,intercept|p8_equal5,,,,
llama,mmlu,delta_nll_f_minus_p,Pk8-only,320.0,-0.07936567982738651,0.09730192740572288,0.19999999999999998,0.0,4.0,intercept|p8_equal5,,,,
llama,mmlu,delta_nll_f_minus_p,Pk16-only,5.0,0.11570137515911882,0.01342166369280853,0.6000000000000001,1.0,4.0,intercept|p16_equal5,,,,
llama,mmlu,delta_nll_f_minus_p,Pk16-only,20.0,-1.1450850041246605,0.06337735934199823,0.7999999999999999,10.0,4.0,intercept|p16_equal5,,,,
llama,mmlu,delta_nll_f_minus_p,Pk16-only,40.0,0.7640384495119679,0.050513626835216874,1.0,1.0,4.0,intercept|p16_equal5,,,,
llama,mmlu,delta_nll_f_minus_p,Pk16-only,80.0,0.2875121653512761,0.11471752536703479,0.39999999999999997,1.0,4.0,intercept|p16_equal5,,,,
llama,mmlu,delta_nll_f_minus_p,Pk16-only,160.0,0.13355191450629522,0.0966241112417853,0.19999999999999998,1.0,4.0,intercept|p16_equal5,,,,
llama,mmlu,delta_nll_f_minus_p,Pk16-only,320.0,0.0777024306243782,0.08727731731044373,0.19999999999999998,1.0,4.0,intercept|p16_equal5,,,,
llama,mmlu,delta_nll_f_minus_p,Pk32-only,5.0,-2.0801382138910225,0.019193897881015894,0.39999999999999997,1.0,4.0,intercept|p32_equal5,,,,
llama,mmlu,delta_nll_f_minus_p,Pk32-only,20.0,-0.46461390558870574,0.05956552025206058,0.7999999999999999,10.0,4.0,intercept|p32_equal5,,,,
llama,mmlu,delta_nll_f_minus_p,Pk32-only,40.0,0.7021322648296882,0.0551495921528785,0.39999999999999997,1.0,4.0,intercept|p32_equal5,,,,
llama,mmlu,delta_nll_f_minus_p,Pk32-only,80.0,0.37698111192013706,0.11019521237093075,0.39999999999999997,1.0,4.0,intercept|p32_equal5,,,,
llama,mmlu,delta_nll_f_minus_p,Pk32-only,160.0,0.2685404698435351,0.09404470423091653,0.39999999999999997,1.0,4.0,intercept|p32_equal5,,,,
llama,mmlu,delta_nll_f_minus_p,Pk32-only,320.0,0.2224052481011215,0.0767319777824719,0.19999999999999998,1.0,4.0,intercept|p32_equal5,,,,
llama,mmlu,delta_nll_f_minus_p,PkAll-only,5.0,-4.043961497808507,0.029439176680551897,0.39999999999999997,1.0,4.0,intercept|p4_equal5|p8_equal5|p16_equal5|p32_equal5,,,,
llama,mmlu,delta_nll_f_minus_p,PkAll-only,20.0,-4.1228288171922145,0.09242678981690547,1.0,1.0,4.0,intercept|p4_equal5|p8_equal5|p16_equal5|p32_equal5,,,,
llama,mmlu,delta_nll_f_minus_p,PkAll-only,40.0,0.7185328493511367,0.04373059348502357,0.19999999999999998,1.0,4.0,intercept|p4_equal5|p8_equal5|p16_equal5|p32_equal5,,,,
llama,mmlu,delta_nll_f_minus_p,PkAll-only,80.0,0.5900866452095105,0.08915393671270433,0.7999999999999999,1.0,4.0,intercept|p4_equal5|p8_equal5|p16_equal5|p32_equal5,,,,
llama,mmlu,delta_nll_f_minus_p,PkAll-only,160.0,0.5549277220183382,0.07044259574572281,0.7999999999999999,1.0,4.0,intercept|p4_equal5|p8_equal5|p16_equal5|p32_equal5,,,,
llama,mmlu,delta_nll_f_minus_p,PkAll-only,320.0,0.6421054114393743,0.05359154403426428,0.39999999999999997,1.0,4.0,intercept|p4_equal5|p8_equal5|p16_equal5|p32_equal5,,,,
llama,mmlu,delta_nll_f_minus_p,M0,5.0,-47.956078942989,0.06932443985788667,-0.19999999999999998,10.0,4.0,intercept|arm_offkd|arm_opd|arm_seqkd|arm_sft|log1p_checkpoint,,,,
llama,mmlu,delta_nll_f_minus_p,M0,20.0,-0.3710546322144046,0.05043902631481542,0.39999999999999997,1.0,4.0,intercept|arm_offkd|arm_opd|arm_seqkd|arm_sft|log1p_checkpoint,,,,
llama,mmlu,delta_nll_f_minus_p,M0,40.0,0.8026122818788762,0.037568728799797016,1.0,10.0,4.0,intercept|arm_offkd|arm_opd|arm_seqkd|arm_sft|log1p_checkpoint,,,,
llama,mmlu,delta_nll_f_minus_p,M0,80.0,0.48955566508079507,0.08598407585967821,1.0,10.0,4.0,intercept|arm_offkd|arm_opd|arm_seqkd|arm_sft|log1p_checkpoint,,,,
llama,mmlu,delta_nll_f_minus_p,M0,160.0,0.4503567355581496,0.06620862768366216,1.0,10.0,4.0,intercept|arm_offkd|arm_opd|arm_seqkd|arm_sft|log1p_checkpoint,,,,
llama,mmlu,delta_nll_f_minus_p,M0,320.0,0.4816529620711224,0.07597041911651399,1.0,10.0,4.0,intercept|arm_offkd|arm_opd|arm_seqkd|arm_sft|log1p_checkpoint,,,,
llama,mmlu,delta_nll_f_minus_p,M0+C5,5.0,-26.780580960458273,0.057361091652405806,-0.19999999999999998,10.0,4.0,intercept|arm_offkd|arm_opd|arm_seqkd|arm_sft|log1p_checkpoint|c_equal5,,,,
llama,mmlu,delta_nll_f_minus_p,M0+C5,20.0,-0.9800440439147848,0.059113679096424565,0.39999999999999997,0.0,4.0,intercept|arm_offkd|arm_opd|arm_seqkd|arm_sft|log1p_checkpoint|c_equal5,,,,
llama,mmlu,delta_nll_f_minus_p,M0+C5,40.0,0.8974532609303825,0.030560260354434314,1.0,10.0,4.0,intercept|arm_offkd|arm_opd|arm_seqkd|arm_sft|log1p_checkpoint|c_equal5,,,,
llama,mmlu,delta_nll_f_minus_p,M0+C5,80.0,0.6248293682909449,0.07780669366170057,1.0,10.0,4.0,intercept|arm_offkd|arm_opd|arm_seqkd|arm_sft|log1p_checkpoint|c_equal5,,,,
llama,mmlu,delta_nll_f_minus_p,M0+C5,160.0,0.6903043206248736,0.05957091980392286,0.7999999999999999,0.0,4.0,intercept|arm_offkd|arm_opd|arm_seqkd|arm_sft|log1p_checkpoint|c_equal5,,,,
llama,mmlu,delta_nll_f_minus_p,M0+C5,320.0,0.28736734260511576,0.08867987416328524,0.39999999999999997,0.1,4.0,intercept|arm_offkd|arm_opd|arm_seqkd|arm_sft|log1p_checkpoint|c_equal5,,,,
llama,mmlu,delta_nll_f_minus_p,M0+PkAll5,5.0,-67.54955389316326,0.10395568483052589,-0.19999999999999998,1.0,4.0,intercept|arm_offkd|arm_opd|arm_seqkd|arm_sft|log1p_checkpoint|p4_equal5|p8_equal5|p16_equal5|p32_equal5,,,,
llama,mmlu,delta_nll_f_minus_p,M0+PkAll5,20.0,-3.350599327015951,0.08253521871620798,0.39999999999999997,1.0,4.0,intercept|arm_offkd|arm_opd|arm_seqkd|arm_sft|log1p_checkpoint|p4_equal5|p8_equal5|p16_equal5|p32_equal5,,,,
llama,mmlu,delta_nll_f_minus_p,M0+PkAll5,40.0,0.898214557335805,0.031591247305618034,1.0,10.0,4.0,intercept|arm_offkd|arm_opd|arm_seqkd|arm_sft|log1p_checkpoint|p4_equal5|p8_equal5|p16_equal5|p32_equal5,,,,
llama,mmlu,delta_nll_f_minus_p,M0+PkAll5,80.0,0.5505601108277867,0.08760332015795957,1.0,10.0,4.0,intercept|arm_offkd|arm_opd|arm_seqkd|arm_sft|log1p_checkpoint|p4_equal5|p8_equal5|p16_equal5|p32_equal5,,,,
llama,mmlu,delta_nll_f_minus_p,M0+PkAll5,160.0,0.606159468281019,0.06585709863165654,0.7999999999999999,0.1,4.0,intercept|arm_offkd|arm_opd|arm_seqkd|arm_sft|log1p_checkpoint|p4_equal5|p8_equal5|p16_equal5|p32_equal5,,,,
llama,mmlu,delta_nll_f_minus_p,M0+PkAll5,320.0,0.4287257153285555,0.07470514251140503,1.0,10.0,4.0,intercept|arm_offkd|arm_opd|arm_seqkd|arm_sft|log1p_checkpoint|p4_equal5|p8_equal5|p16_equal5|p32_equal5,,,,
llama,mmlu,delta_nll_f_minus_p,M0+PkAll5+C5,5.0,-37.99102701887397,0.0769690230880383,-0.19999999999999998,1.0,4.0,intercept|arm_offkd|arm_opd|arm_seqkd|arm_sft|log1p_checkpoint|p4_equal5|p8_equal5|p16_equal5|p32_equal5|c_equal5,,,,
llama,mmlu,delta_nll_f_minus_p,M0+PkAll5+C5,20.0,-1.0993833161747721,0.0550088310156415,0.39999999999999997,1.0,4.0,intercept|arm_offkd|arm_opd|arm_seqkd|arm_sft|log1p_checkpoint|p4_equal5|p8_equal5|p16_equal5|p32_equal5|c_equal5,,,,
llama,mmlu,delta_nll_f_minus_p,M0+PkAll5+C5,40.0,0.9420942430571598,0.021869153770286687,0.7999999999999999,0.1,4.0,intercept|arm_offkd|arm_opd|arm_seqkd|arm_sft|log1p_checkpoint|p4_equal5|p8_equal5|p16_equal5|p32_equal5|c_equal5,,,,
llama,mmlu,delta_nll_f_minus_p,M0+PkAll5+C5,80.0,0.9471571646209965,0.03463372003467691,0.7999999999999999,0.1,4.0,intercept|arm_offkd|arm_opd|arm_seqkd|arm_sft|log1p_checkpoint|p4_equal5|p8_equal5|p16_equal5|p32_equal5|c_equal5,,,,
llama,mmlu,delta_nll_f_minus_p,M0+PkAll5+C5,160.0,0.7066938876582245,0.0570085698156513,1.0,0.1,4.0,intercept|arm_offkd|arm_opd|arm_seqkd|arm_sft|log1p_checkpoint|p4_equal5|p8_equal5|p16_equal5|p32_equal5|c_equal5,,,,
llama,mmlu,delta_nll_f_minus_p,M0+PkAll5+C5,320.0,0.7051492670794157,0.05028475831770965,0.7999999999999999,1.0,4.0,intercept|arm_offkd|arm_opd|arm_seqkd|arm_sft|log1p_checkpoint|p4_equal5|p8_equal5|p16_equal5|p32_equal5|c_equal5,,,,
llama,mmlu,kl_f_minus_a,C-only,5.0,-1479.4685392957695,0.052299453530498696,0.0,0.0,4.0,intercept|c_equal5,,,,
llama,mmlu,kl_f_minus_a,C-only,20.0,0.5163790627514684,0.02657830976417004,0.7999999999999999,0.1,4.0,intercept|c_equal5,,,,
llama,mmlu,kl_f_minus_a,C-only,40.0,0.7562730885410696,0.01647377665014925,1.0,0.0,4.0,intercept|c_equal5,,,,
llama,mmlu,kl_f_minus_a,C-only,80.0,0.8905456372590842,0.016224410580265303,1.0,0.0,4.0,intercept|c_equal5,,,,
llama,mmlu,kl_f_minus_a,C-only,160.0,0.6673425637604444,0.029713900823728052,1.0,0.0,4.0,intercept|c_equal5,,,,
llama,mmlu,kl_f_minus_a,C-only,320.0,-0.23597587562917344,0.05914570727051773,0.7999999999999999,0.0,4.0,intercept|c_equal5,,,,
llama,mmlu,kl_f_minus_a,C-only-matched,5.0,-1479.4685392957695,0.052299453530498696,0.0,0.0,4.0,intercept|c_equal5,,,,
llama,mmlu,kl_f_minus_a,C-only-matched,20.0,0.5163790627514684,0.02657830976417004,0.7999999999999999,0.1,4.0,intercept|c_equal5,,,,
llama,mmlu,kl_f_minus_a,C-only-matched,40.0,0.7562730885410696,0.01647377665014925,1.0,0.0,4.0,intercept|c_equal5,,,,
llama,mmlu,kl_f_minus_a,C-only-matched,80.0,0.8905456372590842,0.016224410580265303,1.0,0.0,4.0,intercept|c_equal5,,,,
llama,mmlu,kl_f_minus_a,C-only-matched,160.0,0.6673425637604444,0.029713900823728052,1.0,0.0,4.0,intercept|c_equal5,,,,
llama,mmlu,kl_f_minus_a,C-only-matched,320.0,-0.23597587562917344,0.05914570727051773,0.7999999999999999,0.0,4.0,intercept|c_equal5,,,,
llama,mmlu,kl_f_minus_a,Pk4-only,5.0,-4414.611795963144,0.09022211083888637,0.7999999999999999,10.0,4.0,intercept|p4_equal5,,,,
llama,mmlu,kl_f_minus_a,Pk4-only,20.0,-0.3292743327942649,0.04672871854584412,0.39999999999999997,10.0,4.0,intercept|p4_equal5,,,,
llama,mmlu,kl_f_minus_a,Pk4-only,40.0,0.392280697415447,0.02731135924900092,0.39999999999999997,0.0,4.0,intercept|p4_equal5,,,,
llama,mmlu,kl_f_minus_a,Pk4-only,80.0,-0.5764832806078033,0.04853361037713454,0.6000000000000001,0.0,4.0,intercept|p4_equal5,,,,
llama,mmlu,kl_f_minus_a,Pk4-only,160.0,-0.6205161313603973,0.049378617057759075,0.0,10.0,4.0,intercept|p4_equal5,,,,
llama,mmlu,kl_f_minus_a,Pk4-only,320.0,-1.815548648536212,0.08064475788682168,0.7999999999999999,0.0,4.0,intercept|p4_equal5,,,,
llama,mmlu,kl_f_minus_a,Pk8-only,5.0,-2898.428322582825,0.07243960463353781,1.0,1.0,4.0,intercept|p8_equal5,,,,
llama,mmlu,kl_f_minus_a,Pk8-only,20.0,-0.18941002641959037,0.04446740743153222,0.39999999999999997,10.0,4.0,intercept|p8_equal5,,,,
llama,mmlu,kl_f_minus_a,Pk8-only,40.0,0.6624130609792096,0.02110606796897586,0.39999999999999997,1.0,4.0,intercept|p8_equal5,,,,
llama,mmlu,kl_f_minus_a,Pk8-only,80.0,-0.05373380222642732,0.045536213430342136,0.7999999999999999,1.0,4.0,intercept|p8_equal5,,,,
llama,mmlu,kl_f_minus_a,Pk8-only,160.0,-0.2949295296336454,0.045312761141984265,0.6000000000000001,0.0,4.0,intercept|p8_equal5,,,,
llama,mmlu,kl_f_minus_a,Pk8-only,320.0,0.4092180211800097,0.03194057080499596,0.7999999999999999,1.0,4.0,intercept|p8_equal5,,,,
llama,mmlu,kl_f_minus_a,Pk16-only,5.0,-2321.3055782737183,0.06539804647282657,0.7999999999999999,0.0,4.0,intercept|p16_equal5,,,,
llama,mmlu,kl_f_minus_a,Pk16-only,20.0,-1.9190430064812656,0.05814805202747297,0.7999999999999999,1.0,4.0,intercept|p16_equal5,,,,
llama,mmlu,kl_f_minus_a,Pk16-only,40.0,0.46558873835737136,0.025295114008618554,0.19999999999999998,0.0,4.0,intercept|p16_equal5,,,,
llama,mmlu,kl_f_minus_a,Pk16-only,80.0,0.3652110244441993,0.040764705683530814,0.7999999999999999,1.0,4.0,intercept|p16_equal5,,,,
llama,mmlu,kl_f_minus_a,Pk16-only,160.0,0.19774434218632786,0.04417883752123029,1.0,0.0,4.0,intercept|p16_equal5,,,,
llama,mmlu,kl_f_minus_a,Pk16-only,320.0,-0.049531799389688436,0.03851621317668022,0.7999999999999999,0.1,4.0,intercept|p16_equal5,,,,
llama,mmlu,kl_f_minus_a,Pk32-only,5.0,-1593.3539040770254,0.05090356789448854,0.19999999999999998,0.0,4.0,intercept|p32_equal5,,,,
llama,mmlu,kl_f_minus_a,Pk32-only,20.0,-0.8309417190624586,0.05430463784950843,0.7999999999999999,0.0,4.0,intercept|p32_equal5,,,,
llama,mmlu,kl_f_minus_a,Pk32-only,40.0,0.6104614269807526,0.021050163414857416,0.7999999999999999,0.0,4.0,intercept|p32_equal5,,,,
llama,mmlu,kl_f_minus_a,Pk32-only,80.0,0.7003920685082393,0.027109295294180272,0.7999999999999999,0.0,4.0,intercept|p32_equal5,,,,
llama,mmlu,kl_f_minus_a,Pk32-only,160.0,0.3240689077027653,0.04285436317202991,0.7999999999999999,0.0,4.0,intercept|p32_equal5,,,,
llama,mmlu,kl_f_minus_a,Pk32-only,320.0,-0.2506169838895227,0.05175996216881515,0.7999999999999999,0.0,4.0,intercept|p32_equal5,,,,
llama,mmlu,kl_f_minus_a,PkAll-only,5.0,-2237.693655054636,0.06337316447937748,1.0,10.0,4.0,intercept|p4_equal5|p8_equal5|p16_equal5|p32_equal5,,,,
llama,mmlu,kl_f_minus_a,PkAll-only,20.0,-0.6148048894513654,0.04940261214506339,0.7999999999999999,10.0,4.0,intercept|p4_equal5|p8_equal5|p16_equal5|p32_equal5,,,,
llama,mmlu,kl_f_minus_a,PkAll-only,40.0,0.7881222290271792,0.016416897364310835,0.39999999999999997,10.0,4.0,intercept|p4_equal5|p8_equal5|p16_equal5|p32_equal5,,,,
llama,mmlu,kl_f_minus_a,PkAll-only,80.0,0.29730931527170334,0.03936147175385067,0.7999999999999999,10.0,4.0,intercept|p4_equal5|p8_equal5|p16_equal5|p32_equal5,,,,
llama,mmlu,kl_f_minus_a,PkAll-only,160.0,0.13952480130337874,0.040508200791207795,0.6000000000000001,10.0,4.0,intercept|p4_equal5|p8_equal5|p16_equal5|p32_equal5,,,,
llama,mmlu,kl_f_minus_a,PkAll-only,320.0,-2.8641617315614605,0.08664293949171469,0.7999999999999999,0.1,4.0,intercept|p4_equal5|p8_equal5|p16_equal5|p32_equal5,,,,
llama,mmlu,kl_f_minus_a,M0,5.0,-1243.4589956153047,0.04113701647935153,-0.7999999999999999,1.0,4.0,intercept|arm_offkd|arm_opd|arm_seqkd|arm_sft|log1p_checkpoint,,,,
llama,mmlu,kl_f_minus_a,M0,20.0,0.5751911210957562,0.0211284102478399,0.7999999999999999,1.0,4.0,intercept|arm_offkd|arm_opd|arm_seqkd|arm_sft|log1p_checkpoint,,,,
llama,mmlu,kl_f_minus_a,M0,40.0,0.9053012988428912,0.01009854437845325,1.0,1.0,4.0,intercept|arm_offkd|arm_opd|arm_seqkd|arm_sft|log1p_checkpoint,,,,
llama,mmlu,kl_f_minus_a,M0,80.0,0.7353707490784873,0.017962981157337268,1.0,1.0,4.0,intercept|arm_offkd|arm_opd|arm_seqkd|arm_sft|log1p_checkpoint,,,,
llama,mmlu,kl_f_minus_a,M0,160.0,0.8192336621565087,0.02105918206109327,1.0,1.0,4.0,intercept|arm_offkd|arm_opd|arm_seqkd|arm_sft|log1p_checkpoint,,,,
llama,mmlu,kl_f_minus_a,M0,320.0,0.09937356579076051,0.0514626613567337,0.7999999999999999,0.0,4.0,intercept|arm_offkd|arm_opd|arm_seqkd|arm_sft|log1p_checkpoint,,,,
llama,mmlu,kl_f_minus_a,M0+C5,5.0,-141.32768052534013,0.012476311591950546,0.39999999999999997,0.1,4.0,intercept|arm_offkd|arm_opd|arm_seqkd|arm_sft|log1p_checkpoint|c_equal5,,,,
llama,mmlu,kl_f_minus_a,M0+C5,20.0,0.6169470834308256,0.01860668666709784,0.7999999999999999,0.1,4.0,intercept|arm_offkd|arm_opd|arm_seqkd|arm_sft|log1p_checkpoint|c_equal5,,,,
llama,mmlu,kl_f_minus_a,M0+C5,40.0,0.9883783671982431,0.0038175557349789755,1.0,0.1,4.0,intercept|arm_offkd|arm_opd|arm_seqkd|arm_sft|log1p_checkpoint|c_equal5,,,,
llama,mmlu,kl_f_minus_a,M0+C5,80.0,0.9366506839320847,0.009871963187137539,1.0,0.1,4.0,intercept|arm_offkd|arm_opd|arm_seqkd|arm_sft|log1p_checkpoint|c_equal5,,,,
llama,mmlu,kl_f_minus_a,M0+C5,160.0,0.9513797423188795,0.009886077454837716,1.0,0.1,4.0,intercept|arm_offkd|arm_opd|arm_seqkd|arm_sft|log1p_checkpoint|c_equal5,,,,
llama,mmlu,kl_f_minus_a,M0+C5,320.0,0.21324241264552657,0.039802193915207146,0.7999999999999999,0.01,4.0,intercept|arm_offkd|arm_opd|arm_seqkd|arm_sft|log1p_checkpoint|c_equal5,,,,
llama,mmlu,kl_f_minus_a,M0+PkAll5,5.0,-1060.045467741751,0.041109426490012674,0.0,0.0,4.0,intercept|arm_offkd|arm_opd|arm_seqkd|arm_sft|log1p_checkpoint|p4_equal5|p8_equal5|p16_equal5|p32_equal5,,,,
llama,mmlu,kl_f_minus_a,M0+PkAll5,20.0,0.23920369044311685,0.0313176645180461,0.7999999999999999,1.0,4.0,intercept|arm_offkd|arm_opd|arm_seqkd|arm_sft|log1p_checkpoint|p4_equal5|p8_equal5|p16_equal5|p32_equal5,,,,
llama,mmlu,kl_f_minus_a,M0+PkAll5,40.0,0.9627530777582792,0.007254177766243776,1.0,1.0,4.0,intercept|arm_offkd|arm_opd|arm_seqkd|arm_sft|log1p_checkpoint|p4_equal5|p8_equal5|p16_equal5|p32_equal5,,,,
llama,mmlu,kl_f_minus_a,M0+PkAll5,80.0,0.7995634757619603,0.017638613289429773,1.0,1.0,4.0,intercept|arm_offkd|arm_opd|arm_seqkd|arm_sft|log1p_checkpoint|p4_equal5|p8_equal5|p16_equal5|p32_equal5,,,,
llama,mmlu,kl_f_minus_a,M0+PkAll5,160.0,0.8374092232295529,0.01501847780466026,1.0,1.0,4.0,intercept|arm_offkd|arm_opd|arm_seqkd|arm_sft|log1p_checkpoint|p4_equal5|p8_equal5|p16_equal5|p32_equal5,,,,
llama,mmlu,kl_f_minus_a,M0+PkAll5,320.0,-1.266983152532425,0.06842773689849616,0.7999999999999999,0.1,4.0,intercept|arm_offkd|arm_opd|arm_seqkd|arm_sft|log1p_checkpoint|p4_equal5|p8_equal5|p16_equal5|p32_equal5,,,,
llama,mmlu,kl_f_minus_a,M0+PkAll5+C5,5.0,-290.48575542966245,0.023173031824924875,0.39999999999999997,1.0,4.0,intercept|arm_offkd|arm_opd|arm_seqkd|arm_sft|log1p_checkpoint|p4_equal5|p8_equal5|p16_equal5|p32_equal5|c_equal5,,,,
llama,mmlu,kl_f_minus_a,M0+PkAll5+C5,20.0,0.6032089108860826,0.021425639121991892,0.7999999999999999,1.0,4.0,intercept|arm_offkd|arm_opd|arm_seqkd|arm_sft|log1p_checkpoint|p4_equal5|p8_equal5|p16_equal5|p32_equal5|c_equal5,,,,
llama,mmlu,kl_f_minus_a,M0+PkAll5+C5,40.0,0.9694622214485119,0.006870689213627332,1.0,1.0,4.0,intercept|arm_offkd|arm_opd|arm_seqkd|arm_sft|log1p_checkpoint|p4_equal5|p8_equal5|p16_equal5|p32_equal5|c_equal5,,,,
llama,mmlu,kl_f_minus_a,M0+PkAll5+C5,80.0,0.9253382312375109,0.01153101105622219,1.0,1.0,4.0,intercept|arm_offkd|arm_opd|arm_seqkd|arm_sft|log1p_checkpoint|p4_equal5|p8_equal5|p16_equal5|p32_equal5|c_equal5,,,,
llama,mmlu,kl_f_minus_a,M0+PkAll5+C5,160.0,0.8630332168158523,0.018725291772108795,0.7999999999999999,0.0,4.0,intercept|arm_offkd|arm_opd|arm_seqkd|arm_sft|log1p_checkpoint|p4_equal5|p8_equal5|p16_equal5|p32_equal5|c_equal5,,,,
llama,mmlu,kl_f_minus_a,M0+PkAll5+C5,320.0,-0.32721212028677127,0.049640845531907216,0.7999999999999999,0.1,4.0,intercept|arm_offkd|arm_opd|arm_seqkd|arm_sft|log1p_checkpoint|p4_equal5|p8_equal5|p16_equal5|p32_equal5|c_equal5,,,,
qwen,math,delta_nll_p,C-only,5.0,-125.59606756556447,0.04331523146136262,0.7999999999999999,0.0,4.0,intercept|c_equal5,,,,
qwen,math,delta_nll_p,C-only,10.0,-10.76835281886075,0.03630726336492308,1.0,0.1,4.0,intercept|c_equal5,,,,
qwen,math,delta_nll_p,C-only,20.0,0.0023583762779287865,0.029593210925368943,0.39999999999999997,0.0,4.0,intercept|c_equal5,,,,
qwen,math,delta_nll_p,C-only,40.0,0.417755872457618,0.027618435963784722,1.0,0.0,4.0,intercept|c_equal5,,,,
qwen,math,delta_nll_p,C-only,80.0,-0.9244890140311186,0.04452655115584532,0.19999999999999998,0.0,4.0,intercept|c_equal5,,,,
qwen,math,delta_nll_p,C-only,160.0,-1.0173828274361316,0.045823310037735404,0.0,0.0,4.0,intercept|c_equal5,,,,
qwen,math,delta_nll_p,C-only,320.0,-0.5631896413738815,0.0489085691869728,-0.39999999999999997,0.0,4.0,intercept|c_equal5,,,,
qwen,math,delta_nll_p,C-only,480.0,-0.6143256710629987,0.0539414166530653,-0.7999999999999999,0.0,4.0,intercept|c_equal5,,,,
qwen,math,delta_nll_p,C-only,624.0,-0.6246478335715016,0.0486916538263982,0.0,0.0,4.0,intercept|c_equal5,,,,
qwen,math,delta_nll_p,C-only-matched,5.0,-352.71530950836905,0.07237737705552658,0.7999999999999999,100.0,4.0,intercept|c_equal5,,,,
qwen,math,delta_nll_p,C-only-matched,20.0,-2.6477246780120347,0.050230333426284905,0.39999999999999997,100.0,4.0,intercept|c_equal5,,,,
qwen,math,delta_nll_p,C-only-matched,40.0,-0.08454207131157299,0.04973166920349204,1.0,100.0,4.0,intercept|c_equal5,,,,
qwen,math,delta_nll_p,C-only-matched,80.0,-0.7060880982432183,0.04192432756341119,0.19999999999999998,0.0,4.0,intercept|c_equal5,,,,
qwen,math,delta_nll_p,C-only-matched,160.0,-0.8531725697751618,0.044993997211255334,0.0,0.0,4.0,intercept|c_equal5,,,,
qwen,math,delta_nll_p,C-only-matched,320.0,-0.4760672232114842,0.047436343462515664,-0.39999999999999997,0.0,4.0,intercept|c_equal5,,,,
qwen,math,delta_nll_p,C-only-matched,480.0,-0.5098317279247249,0.05192969789871241,-0.7999999999999999,0.0,4.0,intercept|c_equal5,,,,
qwen,math,delta_nll_p,C-only-matched,624.0,-0.49985627611255357,0.04699478872634323,0.0,0.0,4.0,intercept|c_equal5,,,,
qwen,math,delta_nll_p,Pk4-only,5.0,-239.8154497961574,0.05054855695123724,-0.6000000000000001,0.0,4.0,intercept|p4_equal5,,,,
qwen,math,delta_nll_p,Pk4-only,20.0,-2.7119215725150108,0.05109789464200628,0.39999999999999997,0.0,4.0,intercept|p4_equal5,,,,
qwen,math,delta_nll_p,Pk4-only,40.0,-0.2936809318930462,0.05116806853643745,-0.19999999999999998,0.0,4.0,intercept|p4_equal5,,,,
qwen,math,delta_nll_p,Pk4-only,80.0,-0.33658909690427774,0.037657766183851346,-0.39999999999999997,0.0,4.0,intercept|p4_equal5,,,,
qwen,math,delta_nll_p,Pk4-only,160.0,-0.9621641404517192,0.04291034676376605,0.7999999999999999,0.0,4.0,intercept|p4_equal5,,,,
qwen,math,delta_nll_p,Pk4-only,320.0,-0.4683116837278971,0.032807738575788836,0.6000000000000001,0.0,4.0,intercept|p4_equal5,,,,
qwen,math,delta_nll_p,Pk4-only,480.0,-0.007543284856574628,0.026209812488747885,0.7999999999999999,0.0,4.0,intercept|p4_equal5,,,,
qwen,math,delta_nll_p,Pk4-only,624.0,0.5142056999380564,0.02339466125477957,0.39999999999999997,0.0,4.0,intercept|p4_equal5,,,,
qwen,math,delta_nll_p,Pk8-only,5.0,-158.83035042629191,0.04635613928128634,-0.6000000000000001,0.0,4.0,intercept|p8_equal5,,,,
qwen,math,delta_nll_p,Pk8-only,20.0,-0.8727228270628031,0.03702397819874227,0.7999999999999999,0.0,4.0,intercept|p8_equal5,,,,
qwen,math,delta_nll_p,Pk8-only,40.0,0.11361634980096258,0.03788854154578035,1.0,0.0,4.0,intercept|p8_equal5,,,,
qwen,math,delta_nll_p,Pk8-only,80.0,-0.4782170071997274,0.038345012348275045,0.6000000000000001,0.0,4.0,intercept|p8_equal5,,,,
qwen,math,delta_nll_p,Pk8-only,160.0,-0.5201902557245763,0.03493138953329631,0.7999999999999999,0.0,4.0,intercept|p8_equal5,,,,
qwen,math,delta_nll_p,Pk8-only,320.0,-0.36338986991804734,0.036226257832354405,-0.39999999999999997,0.0,4.0,intercept|p8_equal5,,,,
qwen,math,delta_nll_p,Pk8-only,480.0,-0.3842041644037679,0.04383104540979869,-0.7999999999999999,1.0,4.0,intercept|p8_equal5,,,,
qwen,math,delta_nll_p,Pk8-only,624.0,-1.1216959360526717,0.04641625669290696,-0.7999999999999999,0.0,4.0,intercept|p8_equal5,,,,
qwen,math,delta_nll_p,Pk16-only,5.0,-80.4778121844034,0.033443800859237344,-0.39999999999999997,1.0,4.0,intercept|p16_equal5,,,,
qwen,math,delta_nll_p,Pk16-only,20.0,-0.0863742497815092,0.030519124152974506,0.7999999999999999,0.0,4.0,intercept|p16_equal5,,,,
qwen,math,delta_nll_p,Pk16-only,40.0,-0.00940445482304586,0.04045676467377523,0.6000000000000001,0.0,4.0,intercept|p16_equal5,,,,
qwen,math,delta_nll_p,Pk16-only,80.0,-0.8334017129387834,0.0458715275021325,-0.39999999999999997,0.0,4.0,intercept|p16_equal5,,,,
qwen,math,delta_nll_p,Pk16-only,160.0,-0.45544036604105,0.029636748194381106,-0.39999999999999997,0.0,4.0,intercept|p16_equal5,,,,
qwen,math,delta_nll_p,Pk16-only,320.0,-0.0029344484875586385,0.030478673601899438,0.7999999999999999,0.0,4.0,intercept|p16_equal5,,,,
qwen,math,delta_nll_p,Pk16-only,480.0,-0.060604499141418966,0.03975207148631456,-0.6000000000000001,0.0,4.0,intercept|p16_equal5,,,,
qwen,math,delta_nll_p,Pk16-only,624.0,-0.6186863162427874,0.04255554756221416,-0.39999999999999997,0.0,4.0,intercept|p16_equal5,,,,
qwen,math,delta_nll_p,Pk32-only,5.0,-68.64413275951537,0.030820695828151844,0.19999999999999998,0.0,4.0,intercept|p32_equal5,,,,
qwen,math,delta_nll_p,Pk32-only,20.0,-0.15726867467992744,0.032354398837475006,0.39999999999999997,0.0,4.0,intercept|p32_equal5,,,,
qwen,math,delta_nll_p,Pk32-only,40.0,-0.15468242661972442,0.04148658325491499,0.39999999999999997,0.0,4.0,intercept|p32_equal5,,,,
qwen,math,delta_nll_p,Pk32-only,80.0,-1.0432765882758117,0.05165441289854906,-1.0,0.0,4.0,intercept|p32_equal5,,,,
qwen,math,delta_nll_p,Pk32-only,160.0,-0.31983151680558386,0.03501987574920115,0.39999999999999997,0.0,4.0,intercept|p32_equal5,,,,
qwen,math,delta_nll_p,Pk32-only,320.0,0.22934205769943394,0.03241006813997582,0.19999999999999998,0.0,4.0,intercept|p32_equal5,,,,
qwen,math,delta_nll_p,Pk32-only,480.0,0.23961201613457928,0.03360130332837677,0.19999999999999998,0.0,4.0,intercept|p32_equal5,,,,
qwen,math,delta_nll_p,Pk32-only,624.0,-0.0999415511322288,0.03278012222456255,0.19999999999999998,0.0,4.0,intercept|p32_equal5,,,,
qwen,math,delta_nll_p,PkAll-only,5.0,-101.76761089921777,0.03641544389756454,-0.6000000000000001,10.0,4.0,intercept|p4_equal5|p8_equal5|p16_equal5|p32_equal5,,,,
qwen,math,delta_nll_p,PkAll-only,20.0,-0.6164379863857545,0.037177714772096596,0.7999999999999999,10.0,4.0,intercept|p4_equal5|p8_equal5|p16_equal5|p32_equal5,,,,
qwen,math,delta_nll_p,PkAll-only,40.0,-0.36326846350304876,0.047720449798672834,-0.19999999999999998,1.0,4.0,intercept|p4_equal5|p8_equal5|p16_equal5|p32_equal5,,,,
qwen,math,delta_nll_p,PkAll-only,80.0,-2.039645390582633,0.06550045929190337,-1.0,0.0,4.0,intercept|p4_equal5|p8_equal5|p16_equal5|p32_equal5,,,,
qwen,math,delta_nll_p,PkAll-only,160.0,-0.3945472458031316,0.03006174336848383,0.7999999999999999,10.0,4.0,intercept|p4_equal5|p8_equal5|p16_equal5|p32_equal5,,,,
qwen,math,delta_nll_p,PkAll-only,320.0,0.03819689740998611,0.03073028852550252,1.0,10.0,4.0,intercept|p4_equal5|p8_equal5|p16_equal5|p32_equal5,,,,
qwen,math,delta_nll_p,PkAll-only,480.0,0.07154053551755524,0.034735865653815715,0.39999999999999997,10.0,4.0,intercept|p4_equal5|p8_equal5|p16_equal5|p32_equal5,,,,
qwen,math,delta_nll_p,PkAll-only,624.0,-0.2876602805856452,0.03589854206738136,0.19999999999999998,10.0,4.0,intercept|p4_equal5|p8_equal5|p16_equal5|p32_equal5,,,,
qwen,math,delta_nll_p,M0,5.0,-82.33173518559428,0.027989710493494243,1.0,0.01,4.0,intercept|arm_offkd|arm_opd|arm_seqkd|arm_sft|log1p_checkpoint,,,,
qwen,math,delta_nll_p,M0,20.0,0.38545324415828097,0.018869576148839756,0.19999999999999998,1.0,4.0,intercept|arm_offkd|arm_opd|arm_seqkd|arm_sft|log1p_checkpoint,,,,
qwen,math,delta_nll_p,M0,40.0,0.7137081914724236,0.019270044213942444,0.19999999999999998,1.0,4.0,intercept|arm_offkd|arm_opd|arm_seqkd|arm_sft|log1p_checkpoint,,,,
qwen,math,delta_nll_p,M0,80.0,0.4989167496407093,0.023740670326944577,1.0,1.0,4.0,intercept|arm_offkd|arm_opd|arm_seqkd|arm_sft|log1p_checkpoint,,,,
qwen,math,delta_nll_p,M0,160.0,0.5354011375256719,0.0194624010886274,0.7999999999999999,1.0,4.0,intercept|arm_offkd|arm_opd|arm_seqkd|arm_sft|log1p_checkpoint,,,,
qwen,math,delta_nll_p,M0,320.0,0.9396541476302601,0.0077298358216795066,0.7999999999999999,1.0,4.0,intercept|arm_offkd|arm_opd|arm_seqkd|arm_sft|log1p_checkpoint,,,,
qwen,math,delta_nll_p,M0,480.0,0.9215530460642145,0.011815417372151141,1.0,1.0,4.0,intercept|arm_offkd|arm_opd|arm_seqkd|arm_sft|log1p_checkpoint,,,,
qwen,math,delta_nll_p,M0,624.0,0.7892235680774647,0.01616161652761528,0.7999999999999999,1.0,4.0,intercept|arm_offkd|arm_opd|arm_seqkd|arm_sft|log1p_checkpoint,,,,
qwen,math,delta_nll_p,M0+C5,5.0,-91.93150596490895,0.036082046758046264,0.7999999999999999,0.1,4.0,intercept|arm_offkd|arm_opd|arm_seqkd|arm_sft|log1p_checkpoint|c_equal5,,,,
qwen,math,delta_nll_p,M0+C5,20.0,0.46368846739667213,0.020080723765865012,0.39999999999999997,0.0,4.0,intercept|arm_offkd|arm_opd|arm_seqkd|arm_sft|log1p_checkpoint|c_equal5,,,,
qwen,math,delta_nll_p,M0+C5,40.0,0.7100115547496024,0.02061733391057209,0.19999999999999998,1.0,4.0,intercept|arm_offkd|arm_opd|arm_seqkd|arm_sft|log1p_checkpoint|c_equal5,,,,
qwen,math,delta_nll_p,M0+C5,80.0,0.5189312705982836,0.022556584737031007,0.7999999999999999,1.0,4.0,intercept|arm_offkd|arm_opd|arm_seqkd|arm_sft|log1p_checkpoint|c_equal5,,,,
qwen,math,delta_nll_p,M0+C5,160.0,0.5485526742000046,0.019315176473349543,0.7999999999999999,1.0,4.0,intercept|arm_offkd|arm_opd|arm_seqkd|arm_sft|log1p_checkpoint|c_equal5,,,,
qwen,math,delta_nll_p,M0+C5,320.0,0.955027823209857,0.006577298321754011,1.0,1.0,4.0,intercept|arm_offkd|arm_opd|arm_seqkd|arm_sft|log1p_checkpoint|c_equal5,,,,
qwen,math,delta_nll_p,M0+C5,480.0,0.9342817105295746,0.010505949875893834,1.0,1.0,4.0,intercept|arm_offkd|arm_opd|arm_seqkd|arm_sft|log1p_checkpoint|c_equal5,,,,
qwen,math,delta_nll_p,M0+C5,624.0,0.8142744583784782,0.014859908238418177,0.7999999999999999,1.0,4.0,intercept|arm_offkd|arm_opd|arm_seqkd|arm_sft|log1p_checkpoint|c_equal5,,,,
qwen,math,delta_nll_p,M0+PkAll5,5.0,-95.43849636460844,0.03563991853795773,1.0,0.1,4.0,intercept|arm_offkd|arm_opd|arm_seqkd|arm_sft|log1p_checkpoint|p4_equal5|p8_equal5|p16_equal5|p32_equal5,,,,
qwen,math,delta_nll_p,M0+PkAll5,20.0,-0.04158964992355574,0.028293683021449037,0.19999999999999998,0.01,4.0,intercept|arm_offkd|arm_opd|arm_seqkd|arm_sft|log1p_checkpoint|p4_equal5|p8_equal5|p16_equal5|p32_equal5,,,,
qwen,math,delta_nll_p,M0+PkAll5,40.0,0.6994773643494103,0.023411659097497116,0.39999999999999997,0.1,4.0,intercept|arm_offkd|arm_opd|arm_seqkd|arm_sft|log1p_checkpoint|p4_equal5|p8_equal5|p16_equal5|p32_equal5,,,,
qwen,math,delta_nll_p,M0+PkAll5,80.0,0.5228032437529724,0.023977159277627356,0.7999999999999999,1.0,4.0,intercept|arm_offkd|arm_opd|arm_seqkd|arm_sft|log1p_checkpoint|p4_equal5|p8_equal5|p16_equal5|p32_equal5,,,,
qwen,math,delta_nll_p,M0+PkAll5,160.0,0.56276684146663,0.024101947416763782,1.0,1.0,4.0,intercept|arm_offkd|arm_opd|arm_seqkd|arm_sft|log1p_checkpoint|p4_equal5|p8_equal5|p16_equal5|p32_equal5,,,,
qwen,math,delta_nll_p,M0+PkAll5,320.0,0.9627800648222474,0.007163573370552064,0.7999999999999999,1.0,4.0,intercept|arm_offkd|arm_opd|arm_seqkd|arm_sft|log1p_checkpoint|p4_equal5|p8_equal5|p16_equal5|p32_equal5,,,,
qwen,math,delta_nll_p,M0+PkAll5,480.0,0.9522384332700226,0.008979823854661582,1.0,1.0,4.0,intercept|arm_offkd|arm_opd|arm_seqkd|arm_sft|log1p_checkpoint|p4_equal5|p8_equal5|p16_equal5|p32_equal5,,,,
qwen,math,delta_nll_p,M0+PkAll5,624.0,0.43897094648606594,0.027105879121170927,0.7999999999999999,1.0,4.0,intercept|arm_offkd|arm_opd|arm_seqkd|arm_sft|log1p_checkpoint|p4_equal5|p8_equal5|p16_equal5|p32_equal5,,,,
qwen,math,delta_nll_p,M0+PkAll5+C5,5.0,-109.65508772696647,0.03009400372705382,0.7999999999999999,1.0,4.0,intercept|arm_offkd|arm_opd|arm_seqkd|arm_sft|log1p_checkpoint|p4_equal5|p8_equal5|p16_equal5|p32_equal5|c_equal5,,,,
qwen,math,delta_nll_p,M0+PkAll5+C5,20.0,-0.06213960071310631,0.02765568388613706,0.39999999999999997,0.1,4.0,intercept|arm_offkd|arm_opd|arm_seqkd|arm_sft|log1p_checkpoint|p4_equal5|p8_equal5|p16_equal5|p32_equal5|c_equal5,,,,
qwen,math,delta_nll_p,M0+PkAll5+C5,40.0,0.6966385841175277,0.022337858311504144,0.39999999999999997,1.0,4.0,intercept|arm_offkd|arm_opd|arm_seqkd|arm_sft|log1p_checkpoint|p4_equal5|p8_equal5|p16_equal5|p32_equal5|c_equal5,,,,
qwen,math,delta_nll_p,M0+PkAll5+C5,80.0,0.5221117249976304,0.023991186745965985,0.7999999999999999,1.0,4.0,intercept|arm_offkd|arm_opd|arm_seqkd|arm_sft|log1p_checkpoint|p4_equal5|p8_equal5|p16_equal5|p32_equal5|c_equal5,,,,
qwen,math,delta_nll_p,M0+PkAll5+C5,160.0,0.5629066656005055,0.02410098202959517,1.0,1.0,4.0,intercept|arm_offkd|arm_opd|arm_seqkd|arm_sft|log1p_checkpoint|p4_equal5|p8_equal5|p16_equal5|p32_equal5|c_equal5,,,,
qwen,math,delta_nll_p,M0+PkAll5+C5,320.0,0.9630411874323275,0.007111878894194873,0.7999999999999999,1.0,4.0,intercept|arm_offkd|arm_opd|arm_seqkd|arm_sft|log1p_checkpoint|p4_equal5|p8_equal5|p16_equal5|p32_equal5|c_equal5,,,,
qwen,math,delta_nll_p,M0+PkAll5+C5,480.0,0.9520129671281554,0.00891081395095621,1.0,1.0,4.0,intercept|arm_offkd|arm_opd|arm_seqkd|arm_sft|log1p_checkpoint|p4_equal5|p8_equal5|p16_equal5|p32_equal5|c_equal5,,,,
qwen,math,delta_nll_p,M0+PkAll5+C5,624.0,0.4086046053937722,0.02664917121306283,0.7999999999999999,10.0,4.0,intercept|arm_offkd|arm_opd|arm_seqkd|arm_sft|log1p_checkpoint|p4_equal5|p8_equal5|p16_equal5|p32_equal5|c_equal5,,,,
qwen,math,delta_nll_c,C-only,5.0,-2100.7492487844825,0.02026267372962022,0.19999999999999998,0.0,4.0,intercept|c_equal5,,,,
qwen,math,delta_nll_c,C-only,10.0,-11.754310493609278,0.015554682860313173,0.39999999999999997,0.0,4.0,intercept|c_equal5,,,,
qwen,math,delta_nll_c,C-only,20.0,0.2674886981396013,0.016306611228672607,0.19999999999999998,0.0,4.0,intercept|c_equal5,,,,
qwen,math,delta_nll_c,C-only,40.0,0.09224913555081349,0.026911228059685325,1.0,0.0,4.0,intercept|c_equal5,,,,
qwen,math,delta_nll_c,C-only,80.0,-0.011156001671008386,0.031051151798059957,0.39999999999999997,1.0,4.0,intercept|c_equal5,,,,
qwen,math,delta_nll_c,C-only,160.0,0.07738658479763771,0.03855056195508817,0.7999999999999999,0.0,4.0,intercept|c_equal5,,,,
qwen,math,delta_nll_c,C-only,320.0,0.03123370931023206,0.0458455275096533,0.7999999999999999,0.0,4.0,intercept|c_equal5,,,,
qwen,math,delta_nll_c,C-only,480.0,-0.04616941463644819,0.04819787767706646,0.39999999999999997,0.0,4.0,intercept|c_equal5,,,,
qwen,math,delta_nll_c,C-only,624.0,0.0905696910586492,0.04270500025837768,0.7999999999999999,0.0,4.0,intercept|c_equal5,,,,
qwen,math,delta_nll_c,C-only-matched,5.0,-3200.313644924014,0.025062637428212572,0.19999999999999998,0.0,4.0,intercept|c_equal5,,,,
qwen,math,delta_nll_c,C-only-matched,20.0,0.28744778362854106,0.018501542883679393,0.19999999999999998,0.0,4.0,intercept|c_equal5,,,,
qwen,math,delta_nll_c,C-only-matched,40.0,0.11817076555008621,0.028692495694947407,1.0,0.0,4.0,intercept|c_equal5,,,,
qwen,math,delta_nll_c,C-only-matched,80.0,0.014092015014472437,0.0310394677467484,0.39999999999999997,0.0,4.0,intercept|c_equal5,,,,
qwen,math,delta_nll_c,C-only-matched,160.0,0.07931854697768581,0.03942876114726676,0.7999999999999999,0.0,4.0,intercept|c_equal5,,,,
qwen,math,delta_nll_c,C-only-matched,320.0,0.03193358544059732,0.04627828335163725,0.7999999999999999,0.0,4.0,intercept|c_equal5,,,,
qwen,math,delta_nll_c,C-only-matched,480.0,-0.03752648233039135,0.04834603049704673,0.39999999999999997,0.0,4.0,intercept|c_equal5,,,,
qwen,math,delta_nll_c,C-only-matched,624.0,0.0929447189167194,0.04302527609364217,0.7999999999999999,0.0,4.0,intercept|c_equal5,,,,
qwen,math,delta_nll_c,Pk4-only,5.0,-7642.229858689107,0.038476716218097395,0.39999999999999997,0.0,4.0,intercept|p4_equal5,,,,
qwen,math,delta_nll_c,Pk4-only,20.0,-0.33294091506680146,0.03268647491804588,0.19999999999999998,0.0,4.0,intercept|p4_equal5,,,,
qwen,math,delta_nll_c,Pk4-only,40.0,-0.11122990220860451,0.043684174017164776,-0.19999999999999998,1.0,4.0,intercept|p4_equal5,,,,
qwen,math,delta_nll_c,Pk4-only,80.0,-0.1496658205817607,0.04312262009469391,-0.19999999999999998,1.0,4.0,intercept|p4_equal5,,,,
qwen,math,delta_nll_c,Pk4-only,160.0,-0.17273848275261017,0.03802778167692131,-0.19999999999999998,0.0,4.0,intercept|p4_equal5,,,,
qwen,math,delta_nll_c,Pk4-only,320.0,-0.06339183416190863,0.03873543468708167,-0.19999999999999998,0.0,4.0,intercept|p4_equal5,,,,
qwen,math,delta_nll_c,Pk4-only,480.0,-0.006070575587218574,0.040154984378865846,-0.39999999999999997,0.0,4.0,intercept|p4_equal5,,,,
qwen,math,delta_nll_c,Pk4-only,624.0,-0.05385891537434939,0.03515106913509841,0.39999999999999997,100.0,4.0,intercept|p4_equal5,,,,
qwen,math,delta_nll_c,Pk8-only,5.0,-8563.914250058151,0.041075489463580674,0.39999999999999997,100.0,4.0,intercept|p8_equal5,,,,
qwen,math,delta_nll_c,Pk8-only,20.0,-0.30597494294884786,0.03221219417745576,1.0,100.0,4.0,intercept|p8_equal5,,,,
qwen,math,delta_nll_c,Pk8-only,40.0,0.0008552647837321015,0.04331770669857847,1.0,100.0,4.0,intercept|p8_equal5,,,,
qwen,math,delta_nll_c,Pk8-only,80.0,-0.03047673635601944,0.03984408027030483,0.7999999999999999,100.0,4.0,intercept|p8_equal5,,,,
qwen,math,delta_nll_c,Pk8-only,160.0,-0.03543648384011888,0.03906276244106578,-0.19999999999999998,100.0,4.0,intercept|p8_equal5,,,,
qwen,math,delta_nll_c,Pk8-only,320.0,-0.09195609083897294,0.044323032517600454,-0.7999999999999999,0.0,4.0,intercept|p8_equal5,,,,
qwen,math,delta_nll_c,Pk8-only,480.0,-0.05132196273128087,0.03981240252468339,0.39999999999999997,100.0,4.0,intercept|p8_equal5,,,,
qwen,math,delta_nll_c,Pk8-only,624.0,-0.02837856053874721,0.03776416845112117,0.19999999999999998,100.0,4.0,intercept|p8_equal5,,,,
qwen,math,delta_nll_c,Pk16-only,5.0,-8652.901966172942,0.04129529460599733,0.39999999999999997,100.0,4.0,intercept|p16_equal5,,,,
qwen,math,delta_nll_c,Pk16-only,20.0,-0.29443501419950224,0.03204601732418442,1.0,100.0,4.0,intercept|p16_equal5,,,,
qwen,math,delta_nll_c,Pk16-only,40.0,-0.00855849744872006,0.043768863214909706,0.6000000000000001,100.0,4.0,intercept|p16_equal5,,,,
qwen,math,delta_nll_c,Pk16-only,80.0,-0.26446722391794886,0.044295579987513406,-0.19999999999999998,0.0,4.0,intercept|p16_equal5,,,,
qwen,math,delta_nll_c,Pk16-only,160.0,-0.05344082135892636,0.03983270279484627,-1.0,100.0,4.0,intercept|p16_equal5,,,,
qwen,math,delta_nll_c,Pk16-only,320.0,-0.04672346950573325,0.04012567522962134,-0.39999999999999997,100.0,4.0,intercept|p16_equal5,,,,
qwen,math,delta_nll_c,Pk16-only,480.0,-0.04516297022409699,0.039066541695690155,0.19999999999999998,100.0,4.0,intercept|p16_equal5,,,,
qwen,math,delta_nll_c,Pk16-only,624.0,-0.028343067425838253,0.03691067266704237,0.39999999999999997,100.0,4.0,intercept|p16_equal5,,,,
qwen,math,delta_nll_c,Pk32-only,5.0,-2856.3762644899375,0.023510343668671482,0.7999999999999999,0.0,4.0,intercept|p32_equal5,,,,
qwen,math,delta_nll_c,Pk32-only,20.0,0.06415090134647683,0.02257383701578341,0.19999999999999998,0.0,4.0,intercept|p32_equal5,,,,
qwen,math,delta_nll_c,Pk32-only,40.0,-0.19040966831558648,0.03813436983382482,0.39999999999999997,0.0,4.0,intercept|p32_equal5,,,,
qwen,math,delta_nll_c,Pk32-only,80.0,-0.3010978746131614,0.043925393648526205,-0.7999999999999999,0.0,4.0,intercept|p32_equal5,,,,
qwen,math,delta_nll_c,Pk32-only,160.0,-0.04942286126479334,0.04258938512097943,-0.39999999999999997,0.0,4.0,intercept|p32_equal5,,,,
qwen,math,delta_nll_c,Pk32-only,320.0,0.12956868824645307,0.04199102220940618,1.0,0.0,4.0,intercept|p32_equal5,,,,
qwen,math,delta_nll_c,Pk32-only,480.0,0.14335314781384245,0.04379849561366132,1.0,0.0,4.0,intercept|p32_equal5,,,,
qwen,math,delta_nll_c,Pk32-only,624.0,0.18893479988865336,0.042362877206027855,0.7999999999999999,0.0,4.0,intercept|p32_equal5,,,,
qwen,math,delta_nll_c,PkAll-only,5.0,-6981.371708248352,0.03707302574128287,0.19999999999999998,100.0,4.0,intercept|p4_equal5|p8_equal5|p16_equal5|p32_equal5,,,,
qwen,math,delta_nll_c,PkAll-only,20.0,-0.1305987113621947,0.029895157125486196,1.0,100.0,4.0,intercept|p4_equal5|p8_equal5|p16_equal5|p32_equal5,,,,
qwen,math,delta_nll_c,PkAll-only,40.0,-0.9266493731327765,0.058843584125480734,0.39999999999999997,0.01,4.0,intercept|p4_equal5|p8_equal5|p16_equal5|p32_equal5,,,,
qwen,math,delta_nll_c,PkAll-only,80.0,-0.4725896958040723,0.050266414134149555,-0.7999999999999999,1.0,4.0,intercept|p4_equal5|p8_equal5|p16_equal5|p32_equal5,,,,
qwen,math,delta_nll_c,PkAll-only,160.0,-0.05809759840921647,0.03991235848418339,-0.19999999999999998,100.0,4.0,intercept|p4_equal5|p8_equal5|p16_equal5|p32_equal5,,,,
qwen,math,delta_nll_c,PkAll-only,320.0,-0.01914356517636362,0.04088325284874508,0.19999999999999998,100.0,4.0,intercept|p4_equal5|p8_equal5|p16_equal5|p32_equal5,,,,
qwen,math,delta_nll_c,PkAll-only,480.0,0.008867864086495314,0.04136516817809812,0.7999999999999999,100.0,4.0,intercept|p4_equal5|p8_equal5|p16_equal5|p32_equal5,,,,
qwen,math,delta_nll_c,PkAll-only,624.0,0.048097271682168596,0.039415656765772605,0.7999999999999999,100.0,4.0,intercept|p4_equal5|p8_equal5|p16_equal5|p32_equal5,,,,
qwen,math,delta_nll_c,M0,5.0,-13899.867094679124,0.030771549137238736,0.7999999999999999,0.0,4.0,intercept|arm_offkd|arm_opd|arm_seqkd|arm_sft|log1p_checkpoint,,,,
qwen,math,delta_nll_c,M0,20.0,0.6670120740444307,0.01316410606330991,0.7999999999999999,0.0,4.0,intercept|arm_offkd|arm_opd|arm_seqkd|arm_sft|log1p_checkpoint,,,,
qwen,math,delta_nll_c,M0,40.0,0.8790762038400216,0.0123647630919301,1.0,1.0,4.0,intercept|arm_offkd|arm_opd|arm_seqkd|arm_sft|log1p_checkpoint,,,,
qwen,math,delta_nll_c,M0,80.0,0.9026710240909723,0.010211530349598728,0.39999999999999997,1.0,4.0,intercept|arm_offkd|arm_opd|arm_seqkd|arm_sft|log1p_checkpoint,,,,
qwen,math,delta_nll_c,M0,160.0,0.9463406857126082,0.007651393710643345,1.0,1.0,4.0,intercept|arm_offkd|arm_opd|arm_seqkd|arm_sft|log1p_checkpoint,,,,
qwen,math,delta_nll_c,M0,320.0,0.9349495395567365,0.012093559024171922,1.0,1.0,4.0,intercept|arm_offkd|arm_opd|arm_seqkd|arm_sft|log1p_checkpoint,,,,
qwen,math,delta_nll_c,M0,480.0,0.9407078347475964,0.012384792113371797,1.0,1.0,4.0,intercept|arm_offkd|arm_opd|arm_seqkd|arm_sft|log1p_checkpoint,,,,
qwen,math,delta_nll_c,M0,624.0,0.9348888014017239,0.011693152626509204,1.0,1.0,4.0,intercept|arm_offkd|arm_opd|arm_seqkd|arm_sft|log1p_checkpoint,,,,
qwen,math,delta_nll_c,M0+C5,5.0,-13348.795102756647,0.033379386849875944,0.7999999999999999,0.0,4.0,intercept|arm_offkd|arm_opd|arm_seqkd|arm_sft|log1p_checkpoint|c_equal5,,,,
qwen,math,delta_nll_c,M0+C5,20.0,0.6742606457690452,0.012386470297558117,0.7999999999999999,0.0,4.0,intercept|arm_offkd|arm_opd|arm_seqkd|arm_sft|log1p_checkpoint|c_equal5,,,,
qwen,math,delta_nll_c,M0+C5,40.0,0.8940038763276074,0.010850788228776422,1.0,0.0,4.0,intercept|arm_offkd|arm_opd|arm_seqkd|arm_sft|log1p_checkpoint|c_equal5,,,,
qwen,math,delta_nll_c,M0+C5,80.0,0.9205462506537587,0.00970880232877774,0.39999999999999997,0.0,4.0,intercept|arm_offkd|arm_opd|arm_seqkd|arm_sft|log1p_checkpoint|c_equal5,,,,
qwen,math,delta_nll_c,M0+C5,160.0,0.9579177017241255,0.006724005973118058,1.0,0.1,4.0,intercept|arm_offkd|arm_opd|arm_seqkd|arm_sft|log1p_checkpoint|c_equal5,,,,
qwen,math,delta_nll_c,M0+C5,320.0,0.9362804584576327,0.011846669098801863,1.0,1.0,4.0,intercept|arm_offkd|arm_opd|arm_seqkd|arm_sft|log1p_checkpoint|c_equal5,,,,
qwen,math,delta_nll_c,M0+C5,480.0,0.9426941387367729,0.012011504649878681,1.0,1.0,4.0,intercept|arm_offkd|arm_opd|arm_seqkd|arm_sft|log1p_checkpoint|c_equal5,,,,
qwen,math,delta_nll_c,M0+C5,624.0,0.9340992894465467,0.011641312611792402,0.7999999999999999,1.0,4.0,intercept|arm_offkd|arm_opd|arm_seqkd|arm_sft|log1p_checkpoint|c_equal5,,,,
qwen,math,delta_nll_c,M0+PkAll5,5.0,-12579.22540589784,0.0303553503969883,1.0,1.0,4.0,intercept|arm_offkd|arm_opd|arm_seqkd|arm_sft|log1p_checkpoint|p4_equal5|p8_equal5|p16_equal5|p32_equal5,,,,
qwen,math,delta_nll_c,M0+PkAll5,20.0,0.733811019771665,0.011159076210476843,0.7999999999999999,1.0,4.0,intercept|arm_offkd|arm_opd|arm_seqkd|arm_sft|log1p_checkpoint|p4_equal5|p8_equal5|p16_equal5|p32_equal5,,,,
qwen,math,delta_nll_c,M0+PkAll5,40.0,0.8410623495768447,0.014171034648291718,1.0,1.0,4.0,intercept|arm_offkd|arm_opd|arm_seqkd|arm_sft|log1p_checkpoint|p4_equal5|p8_equal5|p16_equal5|p32_equal5,,,,
qwen,math,delta_nll_c,M0+PkAll5,80.0,0.941514997145922,0.009547724058346745,0.39999999999999997,1.0,4.0,intercept|arm_offkd|arm_opd|arm_seqkd|arm_sft|log1p_checkpoint|p4_equal5|p8_equal5|p16_equal5|p32_equal5,,,,
qwen,math,delta_nll_c,M0+PkAll5,160.0,0.9622669054277443,0.006608045755588768,0.7999999999999999,1.0,4.0,intercept|arm_offkd|arm_opd|arm_seqkd|arm_sft|log1p_checkpoint|p4_equal5|p8_equal5|p16_equal5|p32_equal5,,,,
qwen,math,delta_nll_c,M0+PkAll5,320.0,0.9391945066168621,0.011257112724144999,0.7999999999999999,1.0,4.0,intercept|arm_offkd|arm_opd|arm_seqkd|arm_sft|log1p_checkpoint|p4_equal5|p8_equal5|p16_equal5|p32_equal5,,,,
qwen,math,delta_nll_c,M0+PkAll5,480.0,0.9581171842342024,0.008763384860853079,0.39999999999999997,1.0,4.0,intercept|arm_offkd|arm_opd|arm_seqkd|arm_sft|log1p_checkpoint|p4_equal5|p8_equal5|p16_equal5|p32_equal5,,,,
qwen,math,delta_nll_c,M0+PkAll5,624.0,0.9579425109561629,0.0064470803050516836,0.39999999999999997,1.0,4.0,intercept|arm_offkd|arm_opd|arm_seqkd|arm_sft|log1p_checkpoint|p4_equal5|p8_equal5|p16_equal5|p32_equal5,,,,
qwen,math,delta_nll_c,M0+PkAll5+C5,5.0,-12281.226546649634,0.02927193189736599,0.7999999999999999,1.0,4.0,intercept|arm_offkd|arm_opd|arm_seqkd|arm_sft|log1p_checkpoint|p4_equal5|p8_equal5|p16_equal5|p32_equal5|c_equal5,,,,
qwen,math,delta_nll_c,M0+PkAll5+C5,20.0,0.7239808209948322,0.010633528225202306,0.19999999999999998,1.0,4.0,intercept|arm_offkd|arm_opd|arm_seqkd|arm_sft|log1p_checkpoint|p4_equal5|p8_equal5|p16_equal5|p32_equal5|c_equal5,,,,
qwen,math,delta_nll_c,M0+PkAll5+C5,40.0,0.8522512439247809,0.011894592155408704,1.0,1.0,4.0,intercept|arm_offkd|arm_opd|arm_seqkd|arm_sft|log1p_checkpoint|p4_equal5|p8_equal5|p16_equal5|p32_equal5|c_equal5,,,,
qwen,math,delta_nll_c,M0+PkAll5+C5,80.0,0.9349740899712745,0.009948523116295009,0.39999999999999997,1.0,4.0,intercept|arm_offkd|arm_opd|arm_seqkd|arm_sft|log1p_checkpoint|p4_equal5|p8_equal5|p16_equal5|p32_equal5|c_equal5,,,,
qwen,math,delta_nll_c,M0+PkAll5+C5,160.0,0.9587500191840094,0.006603589176407238,0.7999999999999999,1.0,4.0,intercept|arm_offkd|arm_opd|arm_seqkd|arm_sft|log1p_checkpoint|p4_equal5|p8_equal5|p16_equal5|p32_equal5|c_equal5,,,,
qwen,math,delta_nll_c,M0+PkAll5+C5,320.0,0.9349533019018625,0.01187406260005308,1.0,1.0,4.0,intercept|arm_offkd|arm_opd|arm_seqkd|arm_sft|log1p_checkpoint|p4_equal5|p8_equal5|p16_equal5|p32_equal5|c_equal5,,,,
qwen,math,delta_nll_c,M0+PkAll5+C5,480.0,0.963407326397821,0.009371435761618876,1.0,1.0,4.0,intercept|arm_offkd|arm_opd|arm_seqkd|arm_sft|log1p_checkpoint|p4_equal5|p8_equal5|p16_equal5|p32_equal5|c_equal5,,,,
qwen,math,delta_nll_c,M0+PkAll5+C5,624.0,0.9657735814557493,0.00724284957761916,0.39999999999999997,1.0,4.0,intercept|arm_offkd|arm_opd|arm_seqkd|arm_sft|log1p_checkpoint|p4_equal5|p8_equal5|p16_equal5|p32_equal5|c_equal5,,,,
qwen,math,delta_nll_b,C-only,5.0,-8.573487305836359,0.033742907603439884,0.39999999999999997,0.0,4.0,intercept|c_equal5,,,,
qwen,math,delta_nll_b,C-only,10.0,-0.07175274584808933,0.023428759051516215,0.39999999999999997,1.0,4.0,intercept|c_equal5,,,,
qwen,math,delta_nll_b,C-only,20.0,0.13937155133110968,0.02517069085417097,0.19999999999999998,0.0,4.0,intercept|c_equal5,,,,
qwen,math,delta_nll_b,C-only,40.0,-0.062437645346976156,0.046944996724981494,0.7999999999999999,0.0,4.0,intercept|c_equal5,,,,
qwen,math,delta_nll_b,C-only,80.0,0.0034031548151920443,0.045306175777771,0.7999999999999999,10.0,4.0,intercept|c_equal5,,,,
qwen,math,delta_nll_b,C-only,160.0,0.05016330034439609,0.04481546430323953,0.0,10.0,4.0,intercept|c_equal5,,,,
qwen,math,delta_nll_b,C-only,320.0,0.035083793672167185,0.053777401302626704,0.6000000000000001,10.0,4.0,intercept|c_equal5,,,,
qwen,math,delta_nll_b,C-only,480.0,0.013296882939436983,0.06635182440617374,-0.6000000000000001,10.0,4.0,intercept|c_equal5,,,,
qwen,math,delta_nll_b,C-only,624.0,0.08278478724345506,0.050112711755025074,0.6000000000000001,10.0,4.0,intercept|c_equal5,,,,
qwen,math,delta_nll_b,C-only-matched,5.0,-11.435958838140376,0.03881820274117329,0.39999999999999997,0.0,4.0,intercept|c_equal5,,,,
qwen,math,delta_nll_b,C-only-matched,20.0,0.1684265200295838,0.023716883065813328,0.19999999999999998,0.0,4.0,intercept|c_equal5,,,,
qwen,math,delta_nll_b,C-only-matched,40.0,-0.04263237301367151,0.04916601731535458,0.7999999999999999,10.0,4.0,intercept|c_equal5,,,,
qwen,math,delta_nll_b,C-only-matched,80.0,0.016373168924423642,0.046867986232070266,0.7999999999999999,10.0,4.0,intercept|c_equal5,,,,
qwen,math,delta_nll_b,C-only-matched,160.0,0.06275455842897704,0.04582571099800668,0.0,1.0,4.0,intercept|c_equal5,,,,
qwen,math,delta_nll_b,C-only-matched,320.0,0.019825040570609853,0.05581044320523903,0.6000000000000001,1.0,4.0,intercept|c_equal5,,,,
qwen,math,delta_nll_b,C-only-matched,480.0,0.01569969834361762,0.066437373671628,-0.6000000000000001,10.0,4.0,intercept|c_equal5,,,,
qwen,math,delta_nll_b,C-only-matched,624.0,0.02143968272851049,0.052362634470854985,0.6000000000000001,1.0,4.0,intercept|c_equal5,,,,
qwen,math,delta_nll_b,Pk4-only,5.0,-22.969488114779224,0.05457746054874052,0.19999999999999998,0.0,4.0,intercept|p4_equal5,,,,
qwen,math,delta_nll_b,Pk4-only,20.0,-0.17971468517245204,0.03461365926176176,0.19999999999999998,100.0,4.0,intercept|p4_equal5,,,,
qwen,math,delta_nll_b,Pk4-only,40.0,-0.1860273538399584,0.060124680888772354,-0.39999999999999997,0.0,4.0,intercept|p4_equal5,,,,
qwen,math,delta_nll_b,Pk4-only,80.0,-0.1354299880398966,0.05666328598811295,-1.0,0.0,4.0,intercept|p4_equal5,,,,
qwen,math,delta_nll_b,Pk4-only,160.0,-0.024021718321871388,0.04540168671273791,0.7999999999999999,100.0,4.0,intercept|p4_equal5,,,,
qwen,math,delta_nll_b,Pk4-only,320.0,-0.02098035261234532,0.04892547222521145,0.39999999999999997,100.0,4.0,intercept|p4_equal5,,,,
qwen,math,delta_nll_b,Pk4-only,480.0,-0.02098006832545196,0.058654555482380744,0.6000000000000001,100.0,4.0,intercept|p4_equal5,,,,
qwen,math,delta_nll_b,Pk4-only,624.0,-0.005775582832954651,0.04431222369350358,0.19999999999999998,100.0,4.0,intercept|p4_equal5,,,,
qwen,math,delta_nll_b,Pk8-only,5.0,-23.059783411939158,0.054718914653346454,0.19999999999999998,100.0,4.0,intercept|p8_equal5,,,,
qwen,math,delta_nll_b,Pk8-only,20.0,-0.12409145672122235,0.03363397111658395,1.0,100.0,4.0,intercept|p8_equal5,,,,
qwen,math,delta_nll_b,Pk8-only,40.0,-0.07685540729224871,0.0599808291128789,0.7999999999999999,100.0,4.0,intercept|p8_equal5,,,,
qwen,math,delta_nll_b,Pk8-only,80.0,-0.03085555062485823,0.053345058481513524,-0.39999999999999997,100.0,4.0,intercept|p8_equal5,,,,
qwen,math,delta_nll_b,Pk8-only,160.0,-0.013661389562289905,0.04548826515729109,0.7999999999999999,100.0,4.0,intercept|p8_equal5,,,,
qwen,math,delta_nll_b,Pk8-only,320.0,-0.029826220063549513,0.050017864349890404,-1.0,100.0,4.0,intercept|p8_equal5,,,,
qwen,math,delta_nll_b,Pk8-only,480.0,-0.024346290481095156,0.06040299627691049,-0.6000000000000001,100.0,4.0,intercept|p8_equal5,,,,
qwen,math,delta_nll_b,Pk8-only,624.0,-0.004009562426150026,0.04683351001337819,-0.39999999999999997,100.0,4.0,intercept|p8_equal5,,,,
qwen,math,delta_nll_b,Pk16-only,5.0,-23.894955569304376,0.05568156318938039,-0.7999999999999999,100.0,4.0,intercept|p16_equal5,,,,
qwen,math,delta_nll_b,Pk16-only,20.0,-0.12252446868678879,0.033472621580542705,1.0,100.0,4.0,intercept|p16_equal5,,,,
qwen,math,delta_nll_b,Pk16-only,40.0,-0.08110144201269986,0.06041635358063053,0.0,100.0,4.0,intercept|p16_equal5,,,,
qwen,math,delta_nll_b,Pk16-only,80.0,-0.06357615205594436,0.054800915290458094,-1.0,100.0,4.0,intercept|p16_equal5,,,,
qwen,math,delta_nll_b,Pk16-only,160.0,-0.02860473385079687,0.04615660582134289,-0.39999999999999997,100.0,4.0,intercept|p16_equal5,,,,
qwen,math,delta_nll_b,Pk16-only,320.0,-0.016595280209100727,0.04963068306198978,0.0,100.0,4.0,intercept|p16_equal5,,,,
qwen,math,delta_nll_b,Pk16-only,480.0,-0.018068064508821147,0.05962348131765591,-0.7999999999999999,100.0,4.0,intercept|p16_equal5,,,,
qwen,math,delta_nll_b,Pk16-only,624.0,0.0019236637359604236,0.04597220484951636,-0.19999999999999998,100.0,4.0,intercept|p16_equal5,,,,
qwen,math,delta_nll_b,Pk32-only,5.0,-13.64890558028708,0.04259703201608281,1.0,0.0,4.0,intercept|p32_equal5,,,,
qwen,math,delta_nll_b,Pk32-only,20.0,0.08288850389704694,0.02407147466290893,0.19999999999999998,0.0,4.0,intercept|p32_equal5,,,,
qwen,math,delta_nll_b,Pk32-only,40.0,-0.20395621753194249,0.056157078258342395,0.19999999999999998,10.0,4.0,intercept|p32_equal5,,,,
qwen,math,delta_nll_b,Pk32-only,80.0,-0.2166363208891957,0.05721533708772966,-0.39999999999999997,1.0,4.0,intercept|p32_equal5,,,,
qwen,math,delta_nll_b,Pk32-only,160.0,-0.03243156126852864,0.048864928579584146,0.39999999999999997,0.0,4.0,intercept|p32_equal5,,,,
qwen,math,delta_nll_b,Pk32-only,320.0,0.10490084734000382,0.051465544840369686,0.7999999999999999,0.0,4.0,intercept|p32_equal5,,,,
qwen,math,delta_nll_b,Pk32-only,480.0,0.007771465898210428,0.05943220104612964,0.39999999999999997,100.0,4.0,intercept|p32_equal5,,,,
qwen,math,delta_nll_b,Pk32-only,624.0,0.046416197423249095,0.045749809413418635,0.39999999999999997,100.0,4.0,intercept|p32_equal5,,,,
qwen,math,delta_nll_b,PkAll-only,5.0,-21.665731217548803,0.053106423027679796,0.7999999999999999,100.0,4.0,intercept|p4_equal5|p8_equal5|p16_equal5|p32_equal5,,,,
qwen,math,delta_nll_b,PkAll-only,20.0,-0.020476470929088553,0.031487314595648574,1.0,100.0,4.0,intercept|p4_equal5|p8_equal5|p16_equal5|p32_equal5,,,,
qwen,math,delta_nll_b,PkAll-only,40.0,-0.8421905717623153,0.08367381383132245,0.19999999999999998,0.01,4.0,intercept|p4_equal5|p8_equal5|p16_equal5|p32_equal5,,,,
qwen,math,delta_nll_b,PkAll-only,80.0,-0.4276596952338241,0.06796244093155254,-0.39999999999999997,1.0,4.0,intercept|p4_equal5|p8_equal5|p16_equal5|p32_equal5,,,,
qwen,math,delta_nll_b,PkAll-only,160.0,-0.028028868269567075,0.046308579780303574,0.7999999999999999,100.0,4.0,intercept|p4_equal5|p8_equal5|p16_equal5|p32_equal5,,,,
qwen,math,delta_nll_b,PkAll-only,320.0,0.0018561413715567632,0.050340680146139724,0.39999999999999997,100.0,4.0,intercept|p4_equal5|p8_equal5|p16_equal5|p32_equal5,,,,
qwen,math,delta_nll_b,PkAll-only,480.0,0.006450692517232293,0.0617291923406115,0.39999999999999997,100.0,4.0,intercept|p4_equal5|p8_equal5|p16_equal5|p32_equal5,,,,
qwen,math,delta_nll_b,PkAll-only,624.0,0.03892851611605408,0.04839922253415904,0.39999999999999997,100.0,4.0,intercept|p4_equal5|p8_equal5|p16_equal5|p32_equal5,,,,
qwen,math,delta_nll_b,M0,5.0,-35.696935775929575,0.046415044841650065,1.0,1.0,4.0,intercept|arm_offkd|arm_opd|arm_seqkd|arm_sft|log1p_checkpoint,,,,
qwen,math,delta_nll_b,M0,20.0,0.3050247198902948,0.024637756514347305,0.7999999999999999,1.0,4.0,intercept|arm_offkd|arm_opd|arm_seqkd|arm_sft|log1p_checkpoint,,,,
qwen,math,delta_nll_b,M0,40.0,0.7007058461474287,0.032187785296768655,0.7999999999999999,0.0,4.0,intercept|arm_offkd|arm_opd|arm_seqkd|arm_sft|log1p_checkpoint,,,,
qwen,math,delta_nll_b,M0,80.0,0.9095842605847976,0.013214037480874335,0.7999999999999999,0.0,4.0,intercept|arm_offkd|arm_opd|arm_seqkd|arm_sft|log1p_checkpoint,,,,
qwen,math,delta_nll_b,M0,160.0,0.9855936467942411,0.006136820665397033,0.39999999999999997,0.1,4.0,intercept|arm_offkd|arm_opd|arm_seqkd|arm_sft|log1p_checkpoint,,,,
qwen,math,delta_nll_b,M0,320.0,0.9657194615155613,0.010060451168377706,0.7999999999999999,1.0,4.0,intercept|arm_offkd|arm_opd|arm_seqkd|arm_sft|log1p_checkpoint,,,,
qwen,math,delta_nll_b,M0,480.0,0.8992994138502017,0.022370344355110143,0.39999999999999997,0.1,4.0,intercept|arm_offkd|arm_opd|arm_seqkd|arm_sft|log1p_checkpoint,,,,
qwen,math,delta_nll_b,M0,624.0,0.9126914462969442,0.016188913640691454,0.7999999999999999,0.0,4.0,intercept|arm_offkd|arm_opd|arm_seqkd|arm_sft|log1p_checkpoint,,,,
qwen,math,delta_nll_b,M0+C5,5.0,-32.455858190340415,0.040997257331517364,1.0,1.0,4.0,intercept|arm_offkd|arm_opd|arm_seqkd|arm_sft|log1p_checkpoint|c_equal5,,,,
qwen,math,delta_nll_b,M0+C5,20.0,0.36740648621542327,0.022234669291671637,0.7999999999999999,0.0,4.0,intercept|arm_offkd|arm_opd|arm_seqkd|arm_sft|log1p_checkpoint|c_equal5,,,,
qwen,math,delta_nll_b,M0+C5,40.0,0.7076710320990407,0.028928957800046888,0.7999999999999999,1.0,4.0,intercept|arm_offkd|arm_opd|arm_seqkd|arm_sft|log1p_checkpoint|c_equal5,,,,
qwen,math,delta_nll_b,M0+C5,80.0,0.9356600905263249,0.01192272631856648,0.7999999999999999,0.0,4.0,intercept|arm_offkd|arm_opd|arm_seqkd|arm_sft|log1p_checkpoint|c_equal5,,,,
qwen,math,delta_nll_b,M0+C5,160.0,0.9927293133022932,0.003938366102452441,0.39999999999999997,0.0,4.0,intercept|arm_offkd|arm_opd|arm_seqkd|arm_sft|log1p_checkpoint|c_equal5,,,,
qwen,math,delta_nll_b,M0+C5,320.0,0.976375094154109,0.009121697730398743,0.39999999999999997,0.0,4.0,intercept|arm_offkd|arm_opd|arm_seqkd|arm_sft|log1p_checkpoint|c_equal5,,,,
qwen,math,delta_nll_b,M0+C5,480.0,0.918341054797203,0.018467972232871457,0.7999999999999999,0.0,4.0,intercept|arm_offkd|arm_opd|arm_seqkd|arm_sft|log1p_checkpoint|c_equal5,,,,
qwen,math,delta_nll_b,M0+C5,624.0,0.9228505637996663,0.012518785964996507,0.39999999999999997,0.1,4.0,intercept|arm_offkd|arm_opd|arm_seqkd|arm_sft|log1p_checkpoint|c_equal5,,,,
qwen,math,delta_nll_b,M0+PkAll5,5.0,-28.081958885120706,0.036694836999835515,0.7999999999999999,1.0,4.0,intercept|arm_offkd|arm_opd|arm_seqkd|arm_sft|log1p_checkpoint|p4_equal5|p8_equal5|p16_equal5|p32_equal5,,,,
qwen,math,delta_nll_b,M0+PkAll5,20.0,0.4333289238621181,0.02005628054123144,0.7999999999999999,1.0,4.0,intercept|arm_offkd|arm_opd|arm_seqkd|arm_sft|log1p_checkpoint|p4_equal5|p8_equal5|p16_equal5|p32_equal5,,,,
qwen,math,delta_nll_b,M0+PkAll5,40.0,0.6422189741550086,0.033837363542076844,0.7999999999999999,0.1,4.0,intercept|arm_offkd|arm_opd|arm_seqkd|arm_sft|log1p_checkpoint|p4_equal5|p8_equal5|p16_equal5|p32_equal5,,,,
qwen,math,delta_nll_b,M0+PkAll5,80.0,0.95284005462005,0.011418295789312142,0.7999999999999999,1.0,4.0,intercept|arm_offkd|arm_opd|arm_seqkd|arm_sft|log1p_checkpoint|p4_equal5|p8_equal5|p16_equal5|p32_equal5,,,,
qwen,math,delta_nll_b,M0+PkAll5,160.0,0.9852937241687083,0.004786332568674937,0.39999999999999997,1.0,4.0,intercept|arm_offkd|arm_opd|arm_seqkd|arm_sft|log1p_checkpoint|p4_equal5|p8_equal5|p16_equal5|p32_equal5,,,,
qwen,math,delta_nll_b,M0+PkAll5,320.0,0.9770362779631739,0.008879759904848813,0.7999999999999999,1.0,4.0,intercept|arm_offkd|arm_opd|arm_seqkd|arm_sft|log1p_checkpoint|p4_equal5|p8_equal5|p16_equal5|p32_equal5,,,,
qwen,math,delta_nll_b,M0+PkAll5,480.0,0.8978939667983998,0.018491275381133772,1.0,0.1,4.0,intercept|arm_offkd|arm_opd|arm_seqkd|arm_sft|log1p_checkpoint|p4_equal5|p8_equal5|p16_equal5|p32_equal5,,,,
qwen,math,delta_nll_b,M0+PkAll5,624.0,0.9341934010839552,0.01184018317914806,0.7999999999999999,1.0,4.0,intercept|arm_offkd|arm_opd|arm_seqkd|arm_sft|log1p_checkpoint|p4_equal5|p8_equal5|p16_equal5|p32_equal5,,,,
qwen,math,delta_nll_b,M0+PkAll5+C5,5.0,-28.32938064787048,0.03621857071766771,0.7999999999999999,1.0,4.0,intercept|arm_offkd|arm_opd|arm_seqkd|arm_sft|log1p_checkpoint|p4_equal5|p8_equal5|p16_equal5|p32_equal5|c_equal5,,,,
qwen,math,delta_nll_b,M0+PkAll5+C5,20.0,0.40509192756288936,0.02201372270607677,0.39999999999999997,1.0,4.0,intercept|arm_offkd|arm_opd|arm_seqkd|arm_sft|log1p_checkpoint|p4_equal5|p8_equal5|p16_equal5|p32_equal5|c_equal5,,,,
qwen,math,delta_nll_b,M0+PkAll5+C5,40.0,0.5451019940819535,0.041397671747377275,0.7999999999999999,0.01,4.0,intercept|arm_offkd|arm_opd|arm_seqkd|arm_sft|log1p_checkpoint|p4_equal5|p8_equal5|p16_equal5|p32_equal5|c_equal5,,,,
qwen,math,delta_nll_b,M0+PkAll5+C5,80.0,0.9513714037031251,0.01159200677597606,0.7999999999999999,1.0,4.0,intercept|arm_offkd|arm_opd|arm_seqkd|arm_sft|log1p_checkpoint|p4_equal5|p8_equal5|p16_equal5|p32_equal5|c_equal5,,,,
qwen,math,delta_nll_b,M0+PkAll5+C5,160.0,0.9836694204952605,0.005052789771712563,0.39999999999999997,1.0,4.0,intercept|arm_offkd|arm_opd|arm_seqkd|arm_sft|log1p_checkpoint|p4_equal5|p8_equal5|p16_equal5|p32_equal5|c_equal5,,,,
qwen,math,delta_nll_b,M0+PkAll5+C5,320.0,0.9759010882750396,0.009128298128610332,0.7999999999999999,1.0,4.0,intercept|arm_offkd|arm_opd|arm_seqkd|arm_sft|log1p_checkpoint|p4_equal5|p8_equal5|p16_equal5|p32_equal5|c_equal5,,,,
qwen,math,delta_nll_b,M0+PkAll5+C5,480.0,0.9038347407541188,0.019728247091681212,1.0,1.0,4.0,intercept|arm_offkd|arm_opd|arm_seqkd|arm_sft|log1p_checkpoint|p4_equal5|p8_equal5|p16_equal5|p32_equal5|c_equal5,,,,
qwen,math,delta_nll_b,M0+PkAll5+C5,624.0,0.9286221456225547,0.011584519162576197,0.7999999999999999,1.0,4.0,intercept|arm_offkd|arm_opd|arm_seqkd|arm_sft|log1p_checkpoint|p4_equal5|p8_equal5|p16_equal5|p32_equal5|c_equal5,,,,
qwen,math,delta_nll_t,C-only,5.0,-3.454232213544479,0.32237567110962634,-0.39999999999999997,0.0,4.0,intercept|c_equal5,,,,
qwen,math,delta_nll_t,C-only,10.0,-3.332232888697953,0.5292144874490778,-0.19999999999999998,0.0,4.0,intercept|c_equal5,,,,
qwen,math,delta_nll_t,C-only,20.0,-3.036420807815249,0.6963999130475055,-0.19999999999999998,0.0,4.0,intercept|c_equal5,,,,
qwen,math,delta_nll_t,C-only,40.0,-1.6256291175628999,0.706213880513504,-0.19999999999999998,0.0,4.0,intercept|c_equal5,,,,
qwen,math,delta_nll_t,C-only,80.0,-1.0661484191275958,1.2101778231552742,-0.7999999999999999,0.0,4.0,intercept|c_equal5,,,,
qwen,math,delta_nll_t,C-only,160.0,-2.278996232167531,0.6590167195561365,-0.19999999999999998,0.0,4.0,intercept|c_equal5,,,,
qwen,math,delta_nll_t,C-only,320.0,-0.12616480830990873,0.7384383758611495,0.6000000000000001,0.0,4.0,intercept|c_equal5,,,,
qwen,math,delta_nll_t,C-only,480.0,-0.18019754565220492,1.1988313629962724,0.0,0.0,4.0,intercept|c_equal5,,,,
qwen,math,delta_nll_t,C-only,624.0,-0.02445916253476499,0.9665982961663998,0.6000000000000001,0.0,4.0,intercept|c_equal5,,,,
qwen,math,delta_nll_t,C-only-matched,5.0,-6.400110109881699,0.4523091518934588,-0.39999999999999997,0.0,4.0,intercept|c_equal5,,,,
qwen,math,delta_nll_t,C-only-matched,20.0,-3.975675620112801,0.8555383951690424,-0.19999999999999998,0.0,4.0,intercept|c_equal5,,,,
qwen,math,delta_nll_t,C-only-matched,40.0,-1.7767534312587832,0.6941812290165642,-0.19999999999999998,0.1,4.0,intercept|c_equal5,,,,
qwen,math,delta_nll_t,C-only-matched,80.0,-0.9499653963711572,1.1693991034779434,-0.7999999999999999,0.1,4.0,intercept|c_equal5,,,,
qwen,math,delta_nll_t,C-only-matched,160.0,-2.0718002243791114,0.6521739194290959,-0.19999999999999998,0.0,4.0,intercept|c_equal5,,,,
qwen,math,delta_nll_t,C-only-matched,320.0,-0.07952565951435164,0.7213640236906718,0.6000000000000001,0.0,4.0,intercept|c_equal5,,,,
qwen,math,delta_nll_t,C-only-matched,480.0,-0.1591475183107931,1.1874459725735111,0.0,0.0,4.0,intercept|c_equal5,,,,
qwen,math,delta_nll_t,C-only-matched,624.0,-0.001362171441307014,0.9468932058317407,0.6000000000000001,0.0,4.0,intercept|c_equal5,,,,
qwen,math,delta_nll_t,Pk4-only,5.0,-31.62358818447781,0.8514757568918151,-0.19999999999999998,10.0,4.0,intercept|p4_equal5,,,,
qwen,math,delta_nll_t,Pk4-only,20.0,-10.886397916995275,1.5792853124457404,-0.19999999999999998,10.0,4.0,intercept|p4_equal5,,,,
qwen,math,delta_nll_t,Pk4-only,40.0,-1.8439448614328184,0.9686439508330698,1.0,10.0,4.0,intercept|p4_equal5,,,,
qwen,math,delta_nll_t,Pk4-only,80.0,0.39790814030490695,0.5759392036767046,1.0,10.0,4.0,intercept|p4_equal5,,,,
qwen,math,delta_nll_t,Pk4-only,160.0,-4.038295045828966,0.8974190673436551,0.7999999999999999,1.0,4.0,intercept|p4_equal5,,,,
qwen,math,delta_nll_t,Pk4-only,320.0,-1.9177473432843164,1.0166884561370675,0.39999999999999997,1.0,4.0,intercept|p4_equal5,,,,
qwen,math,delta_nll_t,Pk4-only,480.0,-0.6126231717003687,1.2628319782764919,0.0,10.0,4.0,intercept|p4_equal5,,,,
qwen,math,delta_nll_t,Pk4-only,624.0,-0.1287242193002145,0.9517323840650096,0.19999999999999998,10.0,4.0,intercept|p4_equal5,,,,
qwen,math,delta_nll_t,Pk8-only,5.0,-9.538257906772364,0.5322614739493903,-0.19999999999999998,0.1,4.0,intercept|p8_equal5,,,,
qwen,math,delta_nll_t,Pk8-only,20.0,-6.21332275230683,1.0489145375293767,-1.0,1.0,4.0,intercept|p8_equal5,,,,
qwen,math,delta_nll_t,Pk8-only,40.0,-0.7016324069839373,0.5702242641286835,-0.19999999999999998,0.0,4.0,intercept|p8_equal5,,,,
qwen,math,delta_nll_t,Pk8-only,80.0,-0.20057802998821228,0.9634999122435411,0.39999999999999997,1.0,4.0,intercept|p8_equal5,,,,
qwen,math,delta_nll_t,Pk8-only,160.0,-0.9601939456273503,0.5510557228474977,0.7999999999999999,0.0,4.0,intercept|p8_equal5,,,,
qwen,math,delta_nll_t,Pk8-only,320.0,-0.7843986822069422,0.762179119844788,-1.0,0.1,4.0,intercept|p8_equal5,,,,
qwen,math,delta_nll_t,Pk8-only,480.0,-0.24489133741863656,1.0955933850136534,0.0,1.0,4.0,intercept|p8_equal5,,,,
qwen,math,delta_nll_t,Pk8-only,624.0,-0.24194406052072903,0.9185142546513764,-0.39999999999999997,1.0,4.0,intercept|p8_equal5,,,,
qwen,math,delta_nll_t,Pk16-only,5.0,-12.949031494469914,0.45920854937511235,-0.7999999999999999,1.0,4.0,intercept|p16_equal5,,,,
qwen,math,delta_nll_t,Pk16-only,20.0,-3.2548564181804895,0.8031284007369599,-1.0,1.0,4.0,intercept|p16_equal5,,,,
qwen,math,delta_nll_t,Pk16-only,40.0,-0.5474029481286371,0.5741958905850018,0.19999999999999998,1.0,4.0,intercept|p16_equal5,,,,
qwen,math,delta_nll_t,Pk16-only,80.0,0.6647505935190032,0.4642797128113373,1.0,1.0,4.0,intercept|p16_equal5,,,,
qwen,math,delta_nll_t,Pk16-only,160.0,-0.08982964835215435,0.348138592007381,0.39999999999999997,1.0,4.0,intercept|p16_equal5,,,,
qwen,math,delta_nll_t,Pk16-only,320.0,-0.2758323401282059,0.722897269437778,0.0,1.0,4.0,intercept|p16_equal5,,,,
qwen,math,delta_nll_t,Pk16-only,480.0,-0.06057825106114789,1.1298521141582851,-0.39999999999999997,1.0,4.0,intercept|p16_equal5,,,,
qwen,math,delta_nll_t,Pk16-only,624.0,-0.05866161786105728,0.9023379255022096,-0.19999999999999998,1.0,4.0,intercept|p16_equal5,,,,
qwen,math,delta_nll_t,Pk32-only,5.0,-20.52888902490906,0.6696919601268951,-1.0,0.0,4.0,intercept|p32_equal5,,,,
qwen,math,delta_nll_t,Pk32-only,20.0,-1.2211999552395532,0.6157614888335097,-0.19999999999999998,1.0,4.0,intercept|p32_equal5,,,,
qwen,math,delta_nll_t,Pk32-only,40.0,0.08559061737286744,0.38741329932173496,0.7999999999999999,1.0,4.0,intercept|p32_equal5,,,,
qwen,math,delta_nll_t,Pk32-only,80.0,0.4641284331537826,0.524650679552932,0.39999999999999997,1.0,4.0,intercept|p32_equal5,,,,
qwen,math,delta_nll_t,Pk32-only,160.0,0.4167306858544342,0.33158474729024673,1.0,0.0,4.0,intercept|p32_equal5,,,,
qwen,math,delta_nll_t,Pk32-only,320.0,0.46788016971497903,0.45170374136356534,0.7999999999999999,1.0,4.0,intercept|p32_equal5,,,,
qwen,math,delta_nll_t,Pk32-only,480.0,0.2821069418328779,0.8840073998350723,0.7999999999999999,1.0,4.0,intercept|p32_equal5,,,,
qwen,math,delta_nll_t,Pk32-only,624.0,0.32585479728296884,0.6293286664962257,0.39999999999999997,0.0,4.0,intercept|p32_equal5,,,,
qwen,math,delta_nll_t,PkAll-only,5.0,-25.13115125701198,0.7584184673864189,-0.7999999999999999,1.0,4.0,intercept|p4_equal5|p8_equal5|p16_equal5|p32_equal5,,,,
qwen,math,delta_nll_t,PkAll-only,20.0,-0.6289191131451319,0.5490400651507085,-0.19999999999999998,1.0,4.0,intercept|p4_equal5|p8_equal5|p16_equal5|p32_equal5,,,,
qwen,math,delta_nll_t,PkAll-only,40.0,0.14090489397936312,0.5095556852110641,1.0,0.1,4.0,intercept|p4_equal5|p8_equal5|p16_equal5|p32_equal5,,,,
qwen,math,delta_nll_t,PkAll-only,80.0,0.4675047532237562,0.6177284016403962,0.39999999999999997,0.1,4.0,intercept|p4_equal5|p8_equal5|p16_equal5|p32_equal5,,,,
qwen,math,delta_nll_t,PkAll-only,160.0,0.6728236130774767,0.26497833997097847,1.0,0.1,4.0,intercept|p4_equal5|p8_equal5|p16_equal5|p32_equal5,,,,
qwen,math,delta_nll_t,PkAll-only,320.0,0.6921002614483678,0.35803618790261743,0.7999999999999999,1.0,4.0,intercept|p4_equal5|p8_equal5|p16_equal5|p32_equal5,,,,
qwen,math,delta_nll_t,PkAll-only,480.0,0.388988265415383,0.8874952304662513,0.39999999999999997,1.0,4.0,intercept|p4_equal5|p8_equal5|p16_equal5|p32_equal5,,,,
qwen,math,delta_nll_t,PkAll-only,624.0,0.7710048601481155,0.4001800540759338,0.7999999999999999,0.1,4.0,intercept|p4_equal5|p8_equal5|p16_equal5|p32_equal5,,,,
qwen,math,delta_nll_t,M0,5.0,-16.319814570442375,0.701218321271585,-0.6000000000000001,10.0,4.0,intercept|arm_offkd|arm_opd|arm_seqkd|arm_sft|log1p_checkpoint,,,,
qwen,math,delta_nll_t,M0,20.0,-4.477748780697705,0.9642932230159219,0.0,10.0,4.0,intercept|arm_offkd|arm_opd|arm_seqkd|arm_sft|log1p_checkpoint,,,,
qwen,math,delta_nll_t,M0,40.0,-2.2053479586957705,0.852951479308744,-0.39999999999999997,10.0,4.0,intercept|arm_offkd|arm_opd|arm_seqkd|arm_sft|log1p_checkpoint,,,,
qwen,math,delta_nll_t,M0,80.0,-0.3339588998227554,0.8855080438461989,-0.39999999999999997,10.0,4.0,intercept|arm_offkd|arm_opd|arm_seqkd|arm_sft|log1p_checkpoint,,,,
qwen,math,delta_nll_t,M0,160.0,0.02620269270709652,0.39676924726328855,0.39999999999999997,10.0,4.0,intercept|arm_offkd|arm_opd|arm_seqkd|arm_sft|log1p_checkpoint,,,,
qwen,math,delta_nll_t,M0,320.0,0.054922607283646285,0.5567313118929593,0.39999999999999997,10.0,4.0,intercept|arm_offkd|arm_opd|arm_seqkd|arm_sft|log1p_checkpoint,,,,
qwen,math,delta_nll_t,M0,480.0,-0.24519602609913282,1.064497815799545,0.39999999999999997,10.0,4.0,intercept|arm_offkd|arm_opd|arm_seqkd|arm_sft|log1p_checkpoint,,,,
qwen,math,delta_nll_t,M0,624.0,-0.1261203288220636,0.8415823833073528,0.39999999999999997,10.0,4.0,intercept|arm_offkd|arm_opd|arm_seqkd|arm_sft|log1p_checkpoint,,,,
qwen,math,delta_nll_t,M0+C5,5.0,-9.637759454752043,0.5406582609364432,0.39999999999999997,10.0,4.0,intercept|arm_offkd|arm_opd|arm_seqkd|arm_sft|log1p_checkpoint|c_equal5,,,,
qwen,math,delta_nll_t,M0+C5,20.0,-3.3728916786428442,0.8022940622654959,-0.19999999999999998,10.0,4.0,intercept|arm_offkd|arm_opd|arm_seqkd|arm_sft|log1p_checkpoint|c_equal5,,,,
qwen,math,delta_nll_t,M0+C5,40.0,-1.9227137601398039,0.803876777432706,-0.7999999999999999,10.0,4.0,intercept|arm_offkd|arm_opd|arm_seqkd|arm_sft|log1p_checkpoint|c_equal5,,,,
qwen,math,delta_nll_t,M0+C5,80.0,-0.44634496231075604,1.0140927088465548,-0.39999999999999997,10.0,4.0,intercept|arm_offkd|arm_opd|arm_seqkd|arm_sft|log1p_checkpoint|c_equal5,,,,
qwen,math,delta_nll_t,M0+C5,160.0,-0.0684063437258986,0.3781766262253734,0.39999999999999997,10.0,4.0,intercept|arm_offkd|arm_opd|arm_seqkd|arm_sft|log1p_checkpoint|c_equal5,,,,
qwen,math,delta_nll_t,M0+C5,320.0,0.12977016807572006,0.5362055185592152,0.7999999999999999,10.0,4.0,intercept|arm_offkd|arm_opd|arm_seqkd|arm_sft|log1p_checkpoint|c_equal5,,,,
qwen,math,delta_nll_t,M0+C5,480.0,-0.1117288908637264,0.9779091434421019,0.0,10.0,4.0,intercept|arm_offkd|arm_opd|arm_seqkd|arm_sft|log1p_checkpoint|c_equal5,,,,
qwen,math,delta_nll_t,M0+C5,624.0,0.0929043541534631,0.6946784878067549,0.6000000000000001,10.0,4.0,intercept|arm_offkd|arm_opd|arm_seqkd|arm_sft|log1p_checkpoint|c_equal5,,,,
qwen,math,delta_nll_t,M0+PkAll5,5.0,-9.588033595291439,0.5203011955629,-0.7999999999999999,0.1,4.0,intercept|arm_offkd|arm_opd|arm_seqkd|arm_sft|log1p_checkpoint|p4_equal5|p8_equal5|p16_equal5|p32_equal5,,,,
qwen,math,delta_nll_t,M0+PkAll5,20.0,0.6826388983985472,0.2662451749887112,1.0,0.1,4.0,intercept|arm_offkd|arm_opd|arm_seqkd|arm_sft|log1p_checkpoint|p4_equal5|p8_equal5|p16_equal5|p32_equal5,,,,
qwen,math,delta_nll_t,M0+PkAll5,40.0,0.8484675732620502,0.21743800594945184,1.0,0.1,4.0,intercept|arm_offkd|arm_opd|arm_seqkd|arm_sft|log1p_checkpoint|p4_equal5|p8_equal5|p16_equal5|p32_equal5,,,,
qwen,math,delta_nll_t,M0+PkAll5,80.0,0.7367061936734001,0.3945501698421854,0.7999999999999999,0.1,4.0,intercept|arm_offkd|arm_opd|arm_seqkd|arm_sft|log1p_checkpoint|p4_equal5|p8_equal5|p16_equal5|p32_equal5,,,,
qwen,math,delta_nll_t,M0+PkAll5,160.0,0.7210993301281912,0.21655835700879777,1.0,0.1,4.0,intercept|arm_offkd|arm_opd|arm_seqkd|arm_sft|log1p_checkpoint|p4_equal5|p8_equal5|p16_equal5|p32_equal5,,,,
qwen,math,delta_nll_t,M0+PkAll5,320.0,0.9338205452380476,0.16790597239728397,1.0,0.1,4.0,intercept|arm_offkd|arm_opd|arm_seqkd|arm_sft|log1p_checkpoint|p4_equal5|p8_equal5|p16_equal5|p32_equal5,,,,
qwen,math,delta_nll_t,M0+PkAll5,480.0,0.6587967239863055,0.6862222887259138,0.7999999999999999,0.01,4.0,intercept|arm_offkd|arm_opd|arm_seqkd|arm_sft|log1p_checkpoint|p4_equal5|p8_equal5|p16_equal5|p32_equal5,,,,
qwen,math,delta_nll_t,M0+PkAll5,624.0,0.8273317198915616,0.3794275098171936,1.0,0.1,4.0,intercept|arm_offkd|arm_opd|arm_seqkd|arm_sft|log1p_checkpoint|p4_equal5|p8_equal5|p16_equal5|p32_equal5,,,,
qwen,math,delta_nll_t,M0+PkAll5+C5,5.0,-4.910175004751869,0.365711015826479,-0.39999999999999997,0.1,4.0,intercept|arm_offkd|arm_opd|arm_seqkd|arm_sft|log1p_checkpoint|p4_equal5|p8_equal5|p16_equal5|p32_equal5|c_equal5,,,,
qwen,math,delta_nll_t,M0+PkAll5+C5,20.0,0.2048870228227927,0.378585130054396,1.0,0.1,4.0,intercept|arm_offkd|arm_opd|arm_seqkd|arm_sft|log1p_checkpoint|p4_equal5|p8_equal5|p16_equal5|p32_equal5|c_equal5,,,,
qwen,math,delta_nll_t,M0+PkAll5+C5,40.0,0.7186781282435046,0.2942873017719424,0.7999999999999999,0.1,4.0,intercept|arm_offkd|arm_opd|arm_seqkd|arm_sft|log1p_checkpoint|p4_equal5|p8_equal5|p16_equal5|p32_equal5|c_equal5,,,,
qwen,math,delta_nll_t,M0+PkAll5+C5,80.0,0.7922550917884305,0.33691650777218896,0.7999999999999999,0.1,4.0,intercept|arm_offkd|arm_opd|arm_seqkd|arm_sft|log1p_checkpoint|p4_equal5|p8_equal5|p16_equal5|p32_equal5|c_equal5,,,,
qwen,math,delta_nll_t,M0+PkAll5+C5,160.0,0.8405912905281558,0.1473414406146013,1.0,0.1,4.0,intercept|arm_offkd|arm_opd|arm_seqkd|arm_sft|log1p_checkpoint|p4_equal5|p8_equal5|p16_equal5|p32_equal5|c_equal5,,,,
qwen,math,delta_nll_t,M0+PkAll5+C5,320.0,0.991859020031907,0.048298686516470596,1.0,0.1,4.0,intercept|arm_offkd|arm_opd|arm_seqkd|arm_sft|log1p_checkpoint|p4_equal5|p8_equal5|p16_equal5|p32_equal5|c_equal5,,,,
qwen,math,delta_nll_t,M0+PkAll5+C5,480.0,0.6577308257780816,0.6630297944796077,1.0,0.01,4.0,intercept|arm_offkd|arm_opd|arm_seqkd|arm_sft|log1p_checkpoint|p4_equal5|p8_equal5|p16_equal5|p32_equal5|c_equal5,,,,
qwen,math,delta_nll_t,M0+PkAll5+C5,624.0,0.755558677170226,0.43309090237659503,0.7999999999999999,0.1,4.0,intercept|arm_offkd|arm_opd|arm_seqkd|arm_sft|log1p_checkpoint|p4_equal5|p8_equal5|p16_equal5|p32_equal5|c_equal5,,,,
qwen,math,kl_b,C-only,5.0,-250.1404789242764,0.02493486747576942,0.39999999999999997,0.0,4.0,intercept|c_equal5,,,,
qwen,math,kl_b,C-only,10.0,-4.8956759176586955,0.01802513614828945,0.39999999999999997,0.0,4.0,intercept|c_equal5,,,,
qwen,math,kl_b,C-only,20.0,0.3967373212723,0.01558819674155951,0.39999999999999997,0.0,4.0,intercept|c_equal5,,,,
qwen,math,kl_b,C-only,40.0,0.15117476762414328,0.029995442763933892,0.7999999999999999,0.0,4.0,intercept|c_equal5,,,,
qwen,math,kl_b,C-only,80.0,0.05741253199127927,0.031377935785877775,0.7999999999999999,0.0,4.0,intercept|c_equal5,,,,
qwen,math,kl_b,C-only,160.0,0.05015743265805561,0.034701023894748245,0.0,0.0,4.0,intercept|c_equal5,,,,
qwen,math,kl_b,C-only,320.0,-0.04345991476932198,0.03879727517788223,0.6000000000000001,0.0,4.0,intercept|c_equal5,,,,
qwen,math,kl_b,C-only,480.0,-0.06774807433304342,0.04495703830593217,0.39999999999999997,0.0,4.0,intercept|c_equal5,,,,
qwen,math,kl_b,C-only,624.0,0.049562818147051435,0.033971711164633364,0.7999999999999999,0.0,4.0,intercept|c_equal5,,,,
qwen,math,kl_b,C-only-matched,5.0,-376.58294495421205,0.03062043528288222,0.39999999999999997,0.0,4.0,intercept|c_equal5,,,,
qwen,math,kl_b,C-only-matched,20.0,0.3613631360017333,0.018341251958151502,0.39999999999999997,0.0,4.0,intercept|c_equal5,,,,
qwen,math,kl_b,C-only-matched,40.0,0.17518396986073814,0.03296450322703238,0.7999999999999999,1.0,4.0,intercept|c_equal5,,,,
qwen,math,kl_b,C-only-matched,80.0,0.08242513208709346,0.032609111373892934,0.7999999999999999,0.0,4.0,intercept|c_equal5,,,,
qwen,math,kl_b,C-only-matched,160.0,0.05862710798022852,0.03425445766951761,0.0,0.0,4.0,intercept|c_equal5,,,,
qwen,math,kl_b,C-only-matched,320.0,-0.0324334218954887,0.03805298366110315,0.6000000000000001,0.0,4.0,intercept|c_equal5,,,,
qwen,math,kl_b,C-only-matched,480.0,-0.05013881714067203,0.04395842406021398,0.39999999999999997,0.0,4.0,intercept|c_equal5,,,,
qwen,math,kl_b,C-only-matched,624.0,0.07115647376877232,0.03311228962476795,0.7999999999999999,0.0,4.0,intercept|c_equal5,,,,
qwen,math,kl_b,Pk4-only,5.0,-816.6333860785369,0.04397890271946672,0.19999999999999998,0.0,4.0,intercept|p4_equal5,,,,
qwen,math,kl_b,Pk4-only,20.0,-0.9874615279018446,0.03533000159112361,0.39999999999999997,0.0,4.0,intercept|p4_equal5,,,,
qwen,math,kl_b,Pk4-only,40.0,-0.08591033375258861,0.050946014462821,-0.39999999999999997,10.0,4.0,intercept|p4_equal5,,,,
qwen,math,kl_b,Pk4-only,80.0,-0.1354762176689459,0.04736344819919787,-1.0,10.0,4.0,intercept|p4_equal5,,,,
qwen,math,kl_b,Pk4-only,160.0,-0.2875946453141913,0.03300128528653494,0.7999999999999999,0.0,4.0,intercept|p4_equal5,,,,
qwen,math,kl_b,Pk4-only,320.0,-0.19262047090758205,0.028038847168847345,0.39999999999999997,10.0,4.0,intercept|p4_equal5,,,,
qwen,math,kl_b,Pk4-only,480.0,-0.12898410185108666,0.03298857354333748,-0.39999999999999997,10.0,4.0,intercept|p4_equal5,,,,
qwen,math,kl_b,Pk4-only,624.0,-0.2561392413741279,0.024687881910665455,0.39999999999999997,100.0,4.0,intercept|p4_equal5,,,,
qwen,math,kl_b,Pk8-only,5.0,-969.2340791310855,0.04912558604248545,0.19999999999999998,100.0,4.0,intercept|p8_equal5,,,,
qwen,math,kl_b,Pk8-only,20.0,-0.9180439920974592,0.03440035390844991,0.7999999999999999,100.0,4.0,intercept|p8_equal5,,,,
qwen,math,kl_b,Pk8-only,40.0,-0.020336454518257163,0.041168760370968296,0.7999999999999999,0.0,4.0,intercept|p8_equal5,,,,
qwen,math,kl_b,Pk8-only,80.0,-0.030417650911358285,0.03922355137374045,-0.39999999999999997,0.0,4.0,intercept|p8_equal5,,,,
qwen,math,kl_b,Pk8-only,160.0,-0.05215779477557736,0.03159140928085209,0.7999999999999999,0.0,4.0,intercept|p8_equal5,,,,
qwen,math,kl_b,Pk8-only,320.0,-0.18902358557744448,0.03610726247395839,-1.0,0.0,4.0,intercept|p8_equal5,,,,
qwen,math,kl_b,Pk8-only,480.0,-0.1828442909916419,0.03366728057381467,0.39999999999999997,100.0,4.0,intercept|p8_equal5,,,,
qwen,math,kl_b,Pk8-only,624.0,-0.15423363114558208,0.02613009062491678,0.19999999999999998,100.0,4.0,intercept|p8_equal5,,,,
qwen,math,kl_b,Pk16-only,5.0,-955.4858428209562,0.04880378983475428,0.7999999999999999,100.0,4.0,intercept|p16_equal5,,,,
qwen,math,kl_b,Pk16-only,20.0,-0.8646603632721797,0.03406465557882465,0.7999999999999999,100.0,4.0,intercept|p16_equal5,,,,
qwen,math,kl_b,Pk16-only,40.0,-0.0015948514710093509,0.050487580767586186,0.0,100.0,4.0,intercept|p16_equal5,,,,
qwen,math,kl_b,Pk16-only,80.0,-0.3432847627443878,0.05012610032321813,-1.0,0.0,4.0,intercept|p16_equal5,,,,
qwen,math,kl_b,Pk16-only,160.0,-0.19536572008285047,0.03694499672689436,-0.39999999999999997,0.0,4.0,intercept|p16_equal5,,,,
qwen,math,kl_b,Pk16-only,320.0,-0.06617208772271765,0.032330586275143194,0.0,10.0,4.0,intercept|p16_equal5,,,,
qwen,math,kl_b,Pk16-only,480.0,-0.17849293354054518,0.0326913134686861,0.19999999999999998,100.0,4.0,intercept|p16_equal5,,,,
qwen,math,kl_b,Pk16-only,624.0,-0.16499112561103457,0.025007513988933586,0.39999999999999997,100.0,4.0,intercept|p16_equal5,,,,
qwen,math,kl_b,Pk32-only,5.0,-250.53878369753,0.024737997117037416,1.0,0.0,4.0,intercept|p32_equal5,,,,
qwen,math,kl_b,Pk32-only,20.0,0.09936808019140941,0.02215823524778774,0.39999999999999997,0.0,4.0,intercept|p32_equal5,,,,
qwen,math,kl_b,Pk32-only,40.0,-0.18787643214212046,0.043338090260665964,0.19999999999999998,0.0,4.0,intercept|p32_equal5,,,,
qwen,math,kl_b,Pk32-only,80.0,-0.3385389766327769,0.0490105910629284,-0.39999999999999997,0.0,4.0,intercept|p32_equal5,,,,
qwen,math,kl_b,Pk32-only,160.0,-0.06445548042258431,0.037259146844206684,0.39999999999999997,0.0,4.0,intercept|p32_equal5,,,,
qwen,math,kl_b,Pk32-only,320.0,0.19906797738972126,0.03236604438493268,0.7999999999999999,0.0,4.0,intercept|p32_equal5,,,,
qwen,math,kl_b,Pk32-only,480.0,0.20452210607156318,0.03864406356598328,1.0,0.0,4.0,intercept|p32_equal5,,,,
qwen,math,kl_b,Pk32-only,624.0,0.3011561222536866,0.03215043419223258,0.7999999999999999,0.0,4.0,intercept|p32_equal5,,,,
qwen,math,kl_b,PkAll-only,5.0,-720.6991583346786,0.042328814920959024,0.19999999999999998,100.0,4.0,intercept|p4_equal5|p8_equal5|p16_equal5|p32_equal5,,,,
qwen,math,kl_b,PkAll-only,20.0,-0.46975363263106584,0.031072600506601458,0.7999999999999999,100.0,4.0,intercept|p4_equal5|p8_equal5|p16_equal5|p32_equal5,,,,
qwen,math,kl_b,PkAll-only,40.0,-0.6663395707006317,0.057965334070720534,0.19999999999999998,0.01,4.0,intercept|p4_equal5|p8_equal5|p16_equal5|p32_equal5,,,,
qwen,math,kl_b,PkAll-only,80.0,-0.4909547041708686,0.0544464988531751,-0.39999999999999997,1.0,4.0,intercept|p4_equal5|p8_equal5|p16_equal5|p32_equal5,,,,
qwen,math,kl_b,PkAll-only,160.0,-0.07342718171435347,0.03557999449064816,0.39999999999999997,10.0,4.0,intercept|p4_equal5|p8_equal5|p16_equal5|p32_equal5,,,,
qwen,math,kl_b,PkAll-only,320.0,-0.08370107193604581,0.030983241077928683,0.39999999999999997,100.0,4.0,intercept|p4_equal5|p8_equal5|p16_equal5|p32_equal5,,,,
qwen,math,kl_b,PkAll-only,480.0,-0.05125535280749127,0.03593441488221257,0.7999999999999999,100.0,4.0,intercept|p4_equal5|p8_equal5|p16_equal5|p32_equal5,,,,
qwen,math,kl_b,PkAll-only,624.0,0.06613151877503287,0.028733466020006274,0.7999999999999999,100.0,4.0,intercept|p4_equal5|p8_equal5|p16_equal5|p32_equal5,,,,
qwen,math,kl_b,M0,5.0,-845.9803595174808,0.031167076565716066,1.0,0.0,4.0,intercept|arm_offkd|arm_opd|arm_seqkd|arm_sft|log1p_checkpoint,,,,
qwen,math,kl_b,M0,20.0,0.564500682011948,0.01228543463521962,1.0,0.0,4.0,intercept|arm_offkd|arm_opd|arm_seqkd|arm_sft|log1p_checkpoint,,,,
qwen,math,kl_b,M0,40.0,0.801222916243176,0.015321376794352012,0.7999999999999999,1.0,4.0,intercept|arm_offkd|arm_opd|arm_seqkd|arm_sft|log1p_checkpoint,,,,
qwen,math,kl_b,M0,80.0,0.8844676106879941,0.01167226786363254,0.7999999999999999,1.0,4.0,intercept|arm_offkd|arm_opd|arm_seqkd|arm_sft|log1p_checkpoint,,,,
qwen,math,kl_b,M0,160.0,0.9694724438799575,0.006883459451128301,0.39999999999999997,1.0,4.0,intercept|arm_offkd|arm_opd|arm_seqkd|arm_sft|log1p_checkpoint,,,,
qwen,math,kl_b,M0,320.0,0.9756609348145425,0.00579244989020525,0.7999999999999999,1.0,4.0,intercept|arm_offkd|arm_opd|arm_seqkd|arm_sft|log1p_checkpoint,,,,
qwen,math,kl_b,M0,480.0,0.9361761704333417,0.010943184699041602,1.0,1.0,4.0,intercept|arm_offkd|arm_opd|arm_seqkd|arm_sft|log1p_checkpoint,,,,
qwen,math,kl_b,M0,624.0,0.9530969794487025,0.008164714276869637,1.0,1.0,4.0,intercept|arm_offkd|arm_opd|arm_seqkd|arm_sft|log1p_checkpoint,,,,
qwen,math,kl_b,M0+C5,5.0,-825.6388464071011,0.032976650515839395,1.0,0.1,4.0,intercept|arm_offkd|arm_opd|arm_seqkd|arm_sft|log1p_checkpoint|c_equal5,,,,
qwen,math,kl_b,M0+C5,20.0,0.572082496782023,0.01105133923399232,1.0,0.0,4.0,intercept|arm_offkd|arm_opd|arm_seqkd|arm_sft|log1p_checkpoint|c_equal5,,,,
qwen,math,kl_b,M0+C5,40.0,0.8002281784866354,0.01565563882536403,0.7999999999999999,1.0,4.0,intercept|arm_offkd|arm_opd|arm_seqkd|arm_sft|log1p_checkpoint|c_equal5,,,,
qwen,math,kl_b,M0+C5,80.0,0.8970193772248283,0.011346046433925065,0.7999999999999999,0.1,4.0,intercept|arm_offkd|arm_opd|arm_seqkd|arm_sft|log1p_checkpoint|c_equal5,,,,
qwen,math,kl_b,M0+C5,160.0,0.9688459328998295,0.006964946402359454,0.39999999999999997,1.0,4.0,intercept|arm_offkd|arm_opd|arm_seqkd|arm_sft|log1p_checkpoint|c_equal5,,,,
qwen,math,kl_b,M0+C5,320.0,0.9747849518443925,0.005905149719070097,0.7999999999999999,1.0,4.0,intercept|arm_offkd|arm_opd|arm_seqkd|arm_sft|log1p_checkpoint|c_equal5,,,,
qwen,math,kl_b,M0+C5,480.0,0.935841668626784,0.011034627668642076,1.0,1.0,4.0,intercept|arm_offkd|arm_opd|arm_seqkd|arm_sft|log1p_checkpoint|c_equal5,,,,
qwen,math,kl_b,M0+C5,624.0,0.9531697648493908,0.008143978104743725,1.0,1.0,4.0,intercept|arm_offkd|arm_opd|arm_seqkd|arm_sft|log1p_checkpoint|c_equal5,,,,
qwen,math,kl_b,M0+PkAll5,5.0,-796.4189364101472,0.029866454451186818,0.39999999999999997,1.0,4.0,intercept|arm_offkd|arm_opd|arm_seqkd|arm_sft|log1p_checkpoint|p4_equal5|p8_equal5|p16_equal5|p32_equal5,,,,
qwen,math,kl_b,M0+PkAll5,20.0,0.4364528467503205,0.014992982789984285,1.0,1.0,4.0,intercept|arm_offkd|arm_opd|arm_seqkd|arm_sft|log1p_checkpoint|p4_equal5|p8_equal5|p16_equal5|p32_equal5,,,,
qwen,math,kl_b,M0+PkAll5,40.0,0.7641683773578377,0.0168868348041357,0.7999999999999999,1.0,4.0,intercept|arm_offkd|arm_opd|arm_seqkd|arm_sft|log1p_checkpoint|p4_equal5|p8_equal5|p16_equal5|p32_equal5,,,,
qwen,math,kl_b,M0+PkAll5,80.0,0.919942078606796,0.009554257397368378,0.39999999999999997,1.0,4.0,intercept|arm_offkd|arm_opd|arm_seqkd|arm_sft|log1p_checkpoint|p4_equal5|p8_equal5|p16_equal5|p32_equal5,,,,
qwen,math,kl_b,M0+PkAll5,160.0,0.9834629874038895,0.004904980631411502,0.7999999999999999,1.0,4.0,intercept|arm_offkd|arm_opd|arm_seqkd|arm_sft|log1p_checkpoint|p4_equal5|p8_equal5|p16_equal5|p32_equal5,,,,
qwen,math,kl_b,M0+PkAll5,320.0,0.9715213210328655,0.006100061792051451,1.0,1.0,4.0,intercept|arm_offkd|arm_opd|arm_seqkd|arm_sft|log1p_checkpoint|p4_equal5|p8_equal5|p16_equal5|p32_equal5,,,,
qwen,math,kl_b,M0+PkAll5,480.0,0.9295305504712246,0.010613313955201558,0.7999999999999999,1.0,4.0,intercept|arm_offkd|arm_opd|arm_seqkd|arm_sft|log1p_checkpoint|p4_equal5|p8_equal5|p16_equal5|p32_equal5,,,,
qwen,math,kl_b,M0+PkAll5,624.0,0.9209232080082537,0.008766191911425334,0.39999999999999997,1.0,4.0,intercept|arm_offkd|arm_opd|arm_seqkd|arm_sft|log1p_checkpoint|p4_equal5|p8_equal5|p16_equal5|p32_equal5,,,,
qwen,math,kl_b,M0+PkAll5+C5,5.0,-786.4062527339865,0.029420324584268576,0.39999999999999997,1.0,4.0,intercept|arm_offkd|arm_opd|arm_seqkd|arm_sft|log1p_checkpoint|p4_equal5|p8_equal5|p16_equal5|p32_equal5|c_equal5,,,,
qwen,math,kl_b,M0+PkAll5+C5,20.0,0.4354338893105495,0.014527456983098229,0.39999999999999997,1.0,4.0,intercept|arm_offkd|arm_opd|arm_seqkd|arm_sft|log1p_checkpoint|p4_equal5|p8_equal5|p16_equal5|p32_equal5|c_equal5,,,,
qwen,math,kl_b,M0+PkAll5+C5,40.0,0.7739089384368925,0.015287717182859917,0.7999999999999999,1.0,4.0,intercept|arm_offkd|arm_opd|arm_seqkd|arm_sft|log1p_checkpoint|p4_equal5|p8_equal5|p16_equal5|p32_equal5|c_equal5,,,,
qwen,math,kl_b,M0+PkAll5+C5,80.0,0.9169727083936912,0.009656853231518856,0.39999999999999997,1.0,4.0,intercept|arm_offkd|arm_opd|arm_seqkd|arm_sft|log1p_checkpoint|p4_equal5|p8_equal5|p16_equal5|p32_equal5|c_equal5,,,,
qwen,math,kl_b,M0+PkAll5+C5,160.0,0.9791831026263096,0.00550344329911268,0.7999999999999999,1.0,4.0,intercept|arm_offkd|arm_opd|arm_seqkd|arm_sft|log1p_checkpoint|p4_equal5|p8_equal5|p16_equal5|p32_equal5|c_equal5,,,,
qwen,math,kl_b,M0+PkAll5+C5,320.0,0.9642514658444844,0.006996046399456175,0.7999999999999999,1.0,4.0,intercept|arm_offkd|arm_opd|arm_seqkd|arm_sft|log1p_checkpoint|p4_equal5|p8_equal5|p16_equal5|p32_equal5|c_equal5,,,,
qwen,math,kl_b,M0+PkAll5+C5,480.0,0.9305015525655397,0.011165756369920014,1.0,1.0,4.0,intercept|arm_offkd|arm_opd|arm_seqkd|arm_sft|log1p_checkpoint|p4_equal5|p8_equal5|p16_equal5|p32_equal5|c_equal5,,,,
qwen,math,kl_b,M0+PkAll5+C5,624.0,0.8937705663195118,0.009583253555043554,0.7999999999999999,1.0,4.0,intercept|arm_offkd|arm_opd|arm_seqkd|arm_sft|log1p_checkpoint|p4_equal5|p8_equal5|p16_equal5|p32_equal5|c_equal5,,,,
qwen,math,kl_t,C-only,5.0,-592.4257472478737,0.42018043367278324,0.39999999999999997,0.0,4.0,intercept|c_equal5,,,,
qwen,math,kl_t,C-only,10.0,-27.3128049146482,0.343791310368621,0.39999999999999997,0.0,4.0,intercept|c_equal5,,,,
qwen,math,kl_t,C-only,20.0,0.49089374424186427,0.13991174904139342,0.39999999999999997,0.0,4.0,intercept|c_equal5,,,,
qwen,math,kl_t,C-only,40.0,0.5916594272095772,0.20901999668264218,1.0,0.0,4.0,intercept|c_equal5,,,,
qwen,math,kl_t,C-only,80.0,-0.04883964971513999,0.32205632152821057,0.7999999999999999,0.0,4.0,intercept|c_equal5,,,,
qwen,math,kl_t,C-only,160.0,-0.36961279661278423,0.26571896166341435,0.7999999999999999,0.0,4.0,intercept|c_equal5,,,,
qwen,math,kl_t,C-only,320.0,-1.7913283796930557,0.45663052032888574,0.6000000000000001,0.0,4.0,intercept|c_equal5,,,,
qwen,math,kl_t,C-only,480.0,-0.7344724146876742,0.5155080210038472,0.0,0.0,4.0,intercept|c_equal5,,,,
qwen,math,kl_t,C-only,624.0,-0.46995948828328915,0.3962383886236134,0.7999999999999999,0.0,4.0,intercept|c_equal5,,,,
qwen,math,kl_t,C-only-matched,5.0,-971.8545472582588,0.5403282540688582,0.39999999999999997,1.0,4.0,intercept|c_equal5,,,,
qwen,math,kl_t,C-only-matched,20.0,-0.006202212665859408,0.20732042064165795,0.39999999999999997,1.0,4.0,intercept|c_equal5,,,,
qwen,math,kl_t,C-only-matched,40.0,0.6223154671255522,0.22289580264629144,1.0,1.0,4.0,intercept|c_equal5,,,,
qwen,math,kl_t,C-only-matched,80.0,0.11252545507823353,0.2963780655364744,0.7999999999999999,0.0,4.0,intercept|c_equal5,,,,
qwen,math,kl_t,C-only-matched,160.0,-0.24845654025717145,0.24833828463465404,0.7999999999999999,0.0,4.0,intercept|c_equal5,,,,
qwen,math,kl_t,C-only-matched,320.0,-1.6367361886364504,0.44382602567137197,0.6000000000000001,0.0,4.0,intercept|c_equal5,,,,
qwen,math,kl_t,C-only-matched,480.0,-0.6273676098610346,0.49821310443881395,0.0,0.0,4.0,intercept|c_equal5,,,,
qwen,math,kl_t,C-only-matched,624.0,-0.36723769599599865,0.38137353731472157,0.7999999999999999,0.0,4.0,intercept|c_equal5,,,,
qwen,math,kl_t,Pk4-only,5.0,-1852.904479130469,0.6366947791978599,0.19999999999999998,1.0,4.0,intercept|p4_equal5,,,,
qwen,math,kl_t,Pk4-only,20.0,-5.883240204054894,0.6310858974341369,0.39999999999999997,0.0,4.0,intercept|p4_equal5,,,,
qwen,math,kl_t,Pk4-only,40.0,-0.4271685834807617,0.5666074588249993,-0.19999999999999998,0.0,4.0,intercept|p4_equal5,,,,
qwen,math,kl_t,Pk4-only,80.0,-0.7198782571978264,0.447973713714586,-0.39999999999999997,0.0,4.0,intercept|p4_equal5,,,,
qwen,math,kl_t,Pk4-only,160.0,-5.084504358920492,0.6147445192598114,0.19999999999999998,0.0,4.0,intercept|p4_equal5,,,,
qwen,math,kl_t,Pk4-only,320.0,-2.2847191859240192,0.43266852358954333,0.39999999999999997,0.0,4.0,intercept|p4_equal5,,,,
qwen,math,kl_t,Pk4-only,480.0,-1.467811167260884,0.4814119554507033,0.0,0.0,4.0,intercept|p4_equal5,,,,
qwen,math,kl_t,Pk4-only,624.0,-1.7905925193266081,0.5394524074535181,0.39999999999999997,10.0,4.0,intercept|p4_equal5,,,,
qwen,math,kl_t,Pk8-only,5.0,-721.1647392185727,0.41173313271939627,0.19999999999999998,1.0,4.0,intercept|p8_equal5,,,,
qwen,math,kl_t,Pk8-only,20.0,-0.8897921317779225,0.3138530370538804,0.7999999999999999,1.0,4.0,intercept|p8_equal5,,,,
qwen,math,kl_t,Pk8-only,40.0,0.1769474202510245,0.3189715361300268,1.0,0.0,4.0,intercept|p8_equal5,,,,
qwen,math,kl_t,Pk8-only,80.0,-0.11582126987504582,0.29840314863106004,0.39999999999999997,0.0,4.0,intercept|p8_equal5,,,,
qwen,math,kl_t,Pk8-only,160.0,-1.0788691748680925,0.3083126511273546,0.19999999999999998,0.0,4.0,intercept|p8_equal5,,,,
qwen,math,kl_t,Pk8-only,320.0,-0.8737365652065021,0.2989405539585012,-1.0,0.0,4.0,intercept|p8_equal5,,,,
qwen,math,kl_t,Pk8-only,480.0,-0.4140015534565582,0.36353879014863333,0.0,0.0,4.0,intercept|p8_equal5,,,,
qwen,math,kl_t,Pk8-only,624.0,-0.43065091495017005,0.36568689167176427,0.19999999999999998,0.0,4.0,intercept|p8_equal5,,,,
qwen,math,kl_t,Pk16-only,5.0,-216.00762498605835,0.22403696570975562,0.7999999999999999,0.0,4.0,intercept|p16_equal5,,,,
qwen,math,kl_t,Pk16-only,20.0,0.40151071500375746,0.18240750844962497,0.7999999999999999,0.0,4.0,intercept|p16_equal5,,,,
qwen,math,kl_t,Pk16-only,40.0,-0.002423205222700231,0.3942603310630874,0.6000000000000001,0.0,4.0,intercept|p16_equal5,,,,
qwen,math,kl_t,Pk16-only,80.0,-1.3672165649490697,0.49568162692119566,-0.39999999999999997,0.0,4.0,intercept|p16_equal5,,,,
qwen,math,kl_t,Pk16-only,160.0,-1.5094673064610409,0.38307149213179004,-0.6000000000000001,0.0,4.0,intercept|p16_equal5,,,,
qwen,math,kl_t,Pk16-only,320.0,-0.1091781711658033,0.24060383334026653,0.0,0.0,4.0,intercept|p16_equal5,,,,
qwen,math,kl_t,Pk16-only,480.0,-0.09304608372060486,0.3408916160470865,-0.39999999999999997,0.0,4.0,intercept|p16_equal5,,,,
qwen,math,kl_t,Pk16-only,624.0,0.1695927180736817,0.2744130411440534,0.39999999999999997,0.0,4.0,intercept|p16_equal5,,,,
qwen,math,kl_t,Pk32-only,5.0,-172.93180552627572,0.20125942352806805,1.0,0.0,4.0,intercept|p32_equal5,,,,
qwen,math,kl_t,Pk32-only,20.0,0.2295719344509095,0.2084691402479561,0.39999999999999997,0.0,4.0,intercept|p32_equal5,,,,
qwen,math,kl_t,Pk32-only,40.0,-0.2254966051456868,0.4076040416414717,0.39999999999999997,0.0,4.0,intercept|p32_equal5,,,,
qwen,math,kl_t,Pk32-only,80.0,-1.116470980125635,0.45390159390200746,-0.39999999999999997,0.0,4.0,intercept|p32_equal5,,,,
qwen,math,kl_t,Pk32-only,160.0,-0.016889341349819897,0.2550900770549739,0.39999999999999997,0.0,4.0,intercept|p32_equal5,,,,
qwen,math,kl_t,Pk32-only,320.0,0.42264398224820765,0.17118346254372385,0.7999999999999999,0.0,4.0,intercept|p32_equal5,,,,
qwen,math,kl_t,Pk32-only,480.0,0.4554546453098255,0.24281580488399518,0.7999999999999999,0.0,4.0,intercept|p32_equal5,,,,
qwen,math,kl_t,Pk32-only,624.0,0.7240712951659942,0.14449187964285398,0.7999999999999999,0.0,4.0,intercept|p32_equal5,,,,
qwen,math,kl_t,PkAll-only,5.0,-385.41942303903835,0.3127275148517167,0.39999999999999997,10.0,4.0,intercept|p4_equal5|p8_equal5|p16_equal5|p32_equal5,,,,
qwen,math,kl_t,PkAll-only,20.0,0.18285916347076248,0.22480882416731576,0.19999999999999998,1.0,4.0,intercept|p4_equal5|p8_equal5|p16_equal5|p32_equal5,,,,
qwen,math,kl_t,PkAll-only,40.0,-0.18011016613552022,0.3943643214433469,0.39999999999999997,1.0,4.0,intercept|p4_equal5|p8_equal5|p16_equal5|p32_equal5,,,,
qwen,math,kl_t,PkAll-only,80.0,-1.1682465865864398,0.46620902997252445,-0.39999999999999997,1.0,4.0,intercept|p4_equal5|p8_equal5|p16_equal5|p32_equal5,,,,
qwen,math,kl_t,PkAll-only,160.0,-0.1476250124038765,0.2662202660929189,0.39999999999999997,1.0,4.0,intercept|p4_equal5|p8_equal5|p16_equal5|p32_equal5,,,,
qwen,math,kl_t,PkAll-only,320.0,0.10911390777390195,0.22049072812073994,0.39999999999999997,1.0,4.0,intercept|p4_equal5|p8_equal5|p16_equal5|p32_equal5,,,,
qwen,math,kl_t,PkAll-only,480.0,0.03838801723203822,0.28701213014935245,0.6000000000000001,10.0,4.0,intercept|p4_equal5|p8_equal5|p16_equal5|p32_equal5,,,,
qwen,math,kl_t,PkAll-only,624.0,0.2814930025926715,0.23286385892124678,0.7999999999999999,10.0,4.0,intercept|p4_equal5|p8_equal5|p16_equal5|p32_equal5,,,,
qwen,math,kl_t,M0,5.0,-542.2129397788016,0.38327752233633516,0.7999999999999999,0.0,4.0,intercept|arm_offkd|arm_opd|arm_seqkd|arm_sft|log1p_checkpoint,,,,
qwen,math,kl_t,M0,20.0,0.6508155355286194,0.1437521623370407,0.7999999999999999,0.0,4.0,intercept|arm_offkd|arm_opd|arm_seqkd|arm_sft|log1p_checkpoint,,,,
qwen,math,kl_t,M0,40.0,0.7261692574026443,0.22996253385889254,0.7999999999999999,0.1,4.0,intercept|arm_offkd|arm_opd|arm_seqkd|arm_sft|log1p_checkpoint,,,,
qwen,math,kl_t,M0,80.0,0.9118226115657933,0.09840480433735553,1.0,0.0,4.0,intercept|arm_offkd|arm_opd|arm_seqkd|arm_sft|log1p_checkpoint,,,,
qwen,math,kl_t,M0,160.0,0.33586059424950143,0.1915360331865861,0.7999999999999999,0.0,4.0,intercept|arm_offkd|arm_opd|arm_seqkd|arm_sft|log1p_checkpoint,,,,
qwen,math,kl_t,M0,320.0,0.6636471604182441,0.15479303142987955,1.0,0.0,4.0,intercept|arm_offkd|arm_opd|arm_seqkd|arm_sft|log1p_checkpoint,,,,
qwen,math,kl_t,M0,480.0,0.8103764125757102,0.12980117048924755,1.0,0.0,4.0,intercept|arm_offkd|arm_opd|arm_seqkd|arm_sft|log1p_checkpoint,,,,
qwen,math,kl_t,M0,624.0,0.8709686012220992,0.11237871402984978,0.7999999999999999,0.0,4.0,intercept|arm_offkd|arm_opd|arm_seqkd|arm_sft|log1p_checkpoint,,,,
qwen,math,kl_t,M0+C5,5.0,-509.8281626905052,0.3730090127656397,0.7999999999999999,0.0,4.0,intercept|arm_offkd|arm_opd|arm_seqkd|arm_sft|log1p_checkpoint|c_equal5,,,,
qwen,math,kl_t,M0+C5,20.0,0.5537270267141929,0.15349125660646162,0.7999999999999999,1.0,4.0,intercept|arm_offkd|arm_opd|arm_seqkd|arm_sft|log1p_checkpoint|c_equal5,,,,
qwen,math,kl_t,M0+C5,40.0,0.7505258466374677,0.1961049466337086,0.7999999999999999,1.0,4.0,intercept|arm_offkd|arm_opd|arm_seqkd|arm_sft|log1p_checkpoint|c_equal5,,,,
qwen,math,kl_t,M0+C5,80.0,0.8927946722601818,0.08391573379073876,1.0,1.0,4.0,intercept|arm_offkd|arm_opd|arm_seqkd|arm_sft|log1p_checkpoint|c_equal5,,,,
qwen,math,kl_t,M0+C5,160.0,0.40338780936734,0.18910394067698602,0.7999999999999999,1.0,4.0,intercept|arm_offkd|arm_opd|arm_seqkd|arm_sft|log1p_checkpoint|c_equal5,,,,
qwen,math,kl_t,M0+C5,320.0,0.48361601230129203,0.1967905805313654,0.7999999999999999,1.0,4.0,intercept|arm_offkd|arm_opd|arm_seqkd|arm_sft|log1p_checkpoint|c_equal5,,,,
qwen,math,kl_t,M0+C5,480.0,0.8028280806045328,0.14560234861350074,0.7999999999999999,1.0,4.0,intercept|arm_offkd|arm_opd|arm_seqkd|arm_sft|log1p_checkpoint|c_equal5,,,,
qwen,math,kl_t,M0+C5,624.0,0.907046704757642,0.08538069870390169,1.0,1.0,4.0,intercept|arm_offkd|arm_opd|arm_seqkd|arm_sft|log1p_checkpoint|c_equal5,,,,
qwen,math,kl_t,M0+PkAll5,5.0,-360.8614046476524,0.2831609987212959,0.7999999999999999,1.0,4.0,intercept|arm_offkd|arm_opd|arm_seqkd|arm_sft|log1p_checkpoint|p4_equal5|p8_equal5|p16_equal5|p32_equal5,,,,
qwen,math,kl_t,M0+PkAll5,20.0,0.4797362742570912,0.17002839464297317,1.0,1.0,4.0,intercept|arm_offkd|arm_opd|arm_seqkd|arm_sft|log1p_checkpoint|p4_equal5|p8_equal5|p16_equal5|p32_equal5,,,,
qwen,math,kl_t,M0+PkAll5,40.0,0.6365353618593312,0.22660457536186154,1.0,0.1,4.0,intercept|arm_offkd|arm_opd|arm_seqkd|arm_sft|log1p_checkpoint|p4_equal5|p8_equal5|p16_equal5|p32_equal5,,,,
qwen,math,kl_t,M0+PkAll5,80.0,0.7749054774291849,0.1362341754613577,1.0,1.0,4.0,intercept|arm_offkd|arm_opd|arm_seqkd|arm_sft|log1p_checkpoint|p4_equal5|p8_equal5|p16_equal5|p32_equal5,,,,
qwen,math,kl_t,M0+PkAll5,160.0,0.10020426359082424,0.20299523581731285,0.39999999999999997,1.0,4.0,intercept|arm_offkd|arm_opd|arm_seqkd|arm_sft|log1p_checkpoint|p4_equal5|p8_equal5|p16_equal5|p32_equal5,,,,
qwen,math,kl_t,M0+PkAll5,320.0,0.7507554691512824,0.13210599758927938,1.0,0.1,4.0,intercept|arm_offkd|arm_opd|arm_seqkd|arm_sft|log1p_checkpoint|p4_equal5|p8_equal5|p16_equal5|p32_equal5,,,,
qwen,math,kl_t,M0+PkAll5,480.0,0.8619374877456706,0.11371376325098992,1.0,1.0,4.0,intercept|arm_offkd|arm_opd|arm_seqkd|arm_sft|log1p_checkpoint|p4_equal5|p8_equal5|p16_equal5|p32_equal5,,,,
qwen,math,kl_t,M0+PkAll5,624.0,0.9793405118641836,0.047598643027464416,1.0,1.0,4.0,intercept|arm_offkd|arm_opd|arm_seqkd|arm_sft|log1p_checkpoint|p4_equal5|p8_equal5|p16_equal5|p32_equal5,,,,
qwen,math,kl_t,M0+PkAll5+C5,5.0,-296.81822986851324,0.25317527697392395,1.0,1.0,4.0,intercept|arm_offkd|arm_opd|arm_seqkd|arm_sft|log1p_checkpoint|p4_equal5|p8_equal5|p16_equal5|p32_equal5|c_equal5,,,,
qwen,math,kl_t,M0+PkAll5+C5,20.0,0.45223003221541225,0.16358044793973098,0.7999999999999999,1.0,4.0,intercept|arm_offkd|arm_opd|arm_seqkd|arm_sft|log1p_checkpoint|p4_equal5|p8_equal5|p16_equal5|p32_equal5|c_equal5,,,,
qwen,math,kl_t,M0+PkAll5+C5,40.0,0.7051226857817622,0.20892522168637753,0.7999999999999999,1.0,4.0,intercept|arm_offkd|arm_opd|arm_seqkd|arm_sft|log1p_checkpoint|p4_equal5|p8_equal5|p16_equal5|p32_equal5|c_equal5,,,,
qwen,math,kl_t,M0+PkAll5+C5,80.0,0.5501177743977121,0.17484937429323402,1.0,10.0,4.0,intercept|arm_offkd|arm_opd|arm_seqkd|arm_sft|log1p_checkpoint|p4_equal5|p8_equal5|p16_equal5|p32_equal5|c_equal5,,,,
qwen,math,kl_t,M0+PkAll5+C5,160.0,0.2000115542252262,0.18614507555652626,0.39999999999999997,1.0,4.0,intercept|arm_offkd|arm_opd|arm_seqkd|arm_sft|log1p_checkpoint|p4_equal5|p8_equal5|p16_equal5|p32_equal5|c_equal5,,,,
qwen,math,kl_t,M0+PkAll5+C5,320.0,0.7355156138439118,0.14438722073500776,1.0,1.0,4.0,intercept|arm_offkd|arm_opd|arm_seqkd|arm_sft|log1p_checkpoint|p4_equal5|p8_equal5|p16_equal5|p32_equal5|c_equal5,,,,
qwen,math,kl_t,M0+PkAll5+C5,480.0,0.8579202741758125,0.12152742232107094,0.7999999999999999,1.0,4.0,intercept|arm_offkd|arm_opd|arm_seqkd|arm_sft|log1p_checkpoint|p4_equal5|p8_equal5|p16_equal5|p32_equal5|c_equal5,,,,
qwen,math,kl_t,M0+PkAll5+C5,624.0,0.9310272971843495,0.0887234234392788,1.0,10.0,4.0,intercept|arm_offkd|arm_opd|arm_seqkd|arm_sft|log1p_checkpoint|p4_equal5|p8_equal5|p16_equal5|p32_equal5|c_equal5,,,,
qwen,math,abs_delta_nll_c,C-only,5.0,-122.31538911554516,0.02015555459311647,0.19999999999999998,0.0,4.0,intercept|c_equal5,,,,
qwen,math,abs_delta_nll_c,C-only,10.0,-8.538603964275104,0.015230822236842618,0.39999999999999997,0.0,4.0,intercept|c_equal5,,,,
qwen,math,abs_delta_nll_c,C-only,20.0,0.2757730413660662,0.014791772247457867,0.39999999999999997,0.0,4.0,intercept|c_equal5,,,,
qwen,math,abs_delta_nll_c,C-only,40.0,0.09275758861487016,0.026136787975266897,1.0,0.0,4.0,intercept|c_equal5,,,,
qwen,math,abs_delta_nll_c,C-only,80.0,0.003081059207657666,0.02939519449766566,0.39999999999999997,1.0,4.0,intercept|c_equal5,,,,
qwen,math,abs_delta_nll_c,C-only,160.0,0.08284834611538228,0.03733122934764522,0.7999999999999999,0.1,4.0,intercept|c_equal5,,,,
qwen,math,abs_delta_nll_c,C-only,320.0,0.03069389685963353,0.04362272828806015,0.7999999999999999,0.1,4.0,intercept|c_equal5,,,,
qwen,math,abs_delta_nll_c,C-only,480.0,-0.030632941296717897,0.04540726900427633,0.39999999999999997,1.0,4.0,intercept|c_equal5,,,,
qwen,math,abs_delta_nll_c,C-only,624.0,0.10758960584908095,0.039974727641554304,0.7999999999999999,1.0,4.0,intercept|c_equal5,,,,
qwen,math,abs_delta_nll_c,C-only-matched,5.0,-185.66022425496868,0.02486991767855983,0.19999999999999998,0.0,4.0,intercept|c_equal5,,,,
qwen,math,abs_delta_nll_c,C-only-matched,20.0,0.29854418309911945,0.01689429270460448,0.39999999999999997,0.0,4.0,intercept|c_equal5,,,,
qwen,math,abs_delta_nll_c,C-only-matched,40.0,0.12027769696907997,0.026974253693211086,1.0,0.0,4.0,intercept|c_equal5,,,,
qwen,math,abs_delta_nll_c,C-only-matched,80.0,0.02819330058651759,0.02988261032798445,0.39999999999999997,0.0,4.0,intercept|c_equal5,,,,
qwen,math,abs_delta_nll_c,C-only-matched,160.0,0.0844738738503551,0.03819882859368758,0.7999999999999999,0.0,4.0,intercept|c_equal5,,,,
qwen,math,abs_delta_nll_c,C-only-matched,320.0,0.03152462872155315,0.04407251176823524,0.7999999999999999,0.0,4.0,intercept|c_equal5,,,,
qwen,math,abs_delta_nll_c,C-only-matched,480.0,-0.03573164200017498,0.0459384438415641,0.39999999999999997,0.0,4.0,intercept|c_equal5,,,,
qwen,math,abs_delta_nll_c,C-only-matched,624.0,0.0990874274193031,0.04058158782698004,0.7999999999999999,0.0,4.0,intercept|c_equal5,,,,
qwen,math,abs_delta_nll_c,Pk4-only,5.0,-433.9423375962708,0.03778078042095514,0.39999999999999997,0.0,4.0,intercept|p4_equal5,,,,
qwen,math,abs_delta_nll_c,Pk4-only,20.0,-0.37503427736815387,0.030931018867734465,0.39999999999999997,0.0,4.0,intercept|p4_equal5,,,,
qwen,math,abs_delta_nll_c,Pk4-only,40.0,-0.11765229009015066,0.04183662346604625,-0.19999999999999998,1.0,4.0,intercept|p4_equal5,,,,
qwen,math,abs_delta_nll_c,Pk4-only,80.0,-0.1547716547752711,0.042122365526072736,-0.19999999999999998,1.0,4.0,intercept|p4_equal5,,,,
qwen,math,abs_delta_nll_c,Pk4-only,160.0,-0.1835856449134301,0.036770023324197224,-0.19999999999999998,0.0,4.0,intercept|p4_equal5,,,,
qwen,math,abs_delta_nll_c,Pk4-only,320.0,-0.07247949765693051,0.03657753874765898,-0.19999999999999998,0.01,4.0,intercept|p4_equal5,,,,
qwen,math,abs_delta_nll_c,Pk4-only,480.0,-0.0104831693988503,0.037982877058283925,-0.39999999999999997,0.0,4.0,intercept|p4_equal5,,,,
qwen,math,abs_delta_nll_c,Pk4-only,624.0,-0.06688151271277354,0.03283504139182545,0.39999999999999997,100.0,4.0,intercept|p4_equal5,,,,
qwen,math,abs_delta_nll_c,Pk8-only,5.0,-492.85124324065134,0.04058456857642509,0.39999999999999997,100.0,4.0,intercept|p8_equal5,,,,
qwen,math,abs_delta_nll_c,Pk8-only,20.0,-0.34835747540729023,0.030428689538316595,0.7999999999999999,100.0,4.0,intercept|p8_equal5,,,,
qwen,math,abs_delta_nll_c,Pk8-only,40.0,0.0017142059567568646,0.04144876081442674,1.0,100.0,4.0,intercept|p8_equal5,,,,
qwen,math,abs_delta_nll_c,Pk8-only,80.0,-0.024956861129268093,0.038773664776648946,0.7999999999999999,100.0,4.0,intercept|p8_equal5,,,,
qwen,math,abs_delta_nll_c,Pk8-only,160.0,-0.032183609507667965,0.03783004558770581,-0.19999999999999998,100.0,4.0,intercept|p8_equal5,,,,
qwen,math,abs_delta_nll_c,Pk8-only,320.0,-0.0996158907965401,0.042285249262628624,-0.7999999999999999,0.0,4.0,intercept|p8_equal5,,,,
qwen,math,abs_delta_nll_c,Pk8-only,480.0,-0.0614065437755531,0.037597050609094164,0.39999999999999997,100.0,4.0,intercept|p8_equal5,,,,
qwen,math,abs_delta_nll_c,Pk8-only,624.0,-0.03749029837562445,0.035474451627478705,0.19999999999999998,100.0,4.0,intercept|p8_equal5,,,,
qwen,math,abs_delta_nll_c,Pk16-only,5.0,-497.00358708309966,0.04075541457246793,0.39999999999999997,100.0,4.0,intercept|p16_equal5,,,,
qwen,math,abs_delta_nll_c,Pk16-only,20.0,-0.3339400506834209,0.03024940057159299,0.7999999999999999,100.0,4.0,intercept|p16_equal5,,,,
qwen,math,abs_delta_nll_c,Pk16-only,40.0,-0.008439469780299191,0.04191445762628942,0.6000000000000001,100.0,4.0,intercept|p16_equal5,,,,
qwen,math,abs_delta_nll_c,Pk16-only,80.0,-0.2721593773050537,0.04329672470295777,-0.19999999999999998,0.0,4.0,intercept|p16_equal5,,,,
qwen,math,abs_delta_nll_c,Pk16-only,160.0,-0.05155456498442579,0.03861849393582311,-1.0,100.0,4.0,intercept|p16_equal5,,,,
qwen,math,abs_delta_nll_c,Pk16-only,320.0,-0.05342745634887036,0.038007451173965985,-0.39999999999999997,100.0,4.0,intercept|p16_equal5,,,,
qwen,math,abs_delta_nll_c,Pk16-only,480.0,-0.0554533667710122,0.036848124004165865,0.19999999999999998,100.0,4.0,intercept|p16_equal5,,,,
qwen,math,abs_delta_nll_c,Pk16-only,624.0,-0.03837738508303756,0.03461621999943696,0.39999999999999997,100.0,4.0,intercept|p16_equal5,,,,
qwen,math,abs_delta_nll_c,Pk32-only,5.0,-156.47240302139937,0.02284665176465718,0.7999999999999999,0.0,4.0,intercept|p32_equal5,,,,
qwen,math,abs_delta_nll_c,Pk32-only,20.0,0.07415077509593304,0.020757615861318166,0.39999999999999997,0.0,4.0,intercept|p32_equal5,,,,
qwen,math,abs_delta_nll_c,Pk32-only,40.0,-0.20076973938695009,0.03628514510140466,0.39999999999999997,0.0,4.0,intercept|p32_equal5,,,,
qwen,math,abs_delta_nll_c,Pk32-only,80.0,-0.3037031345063326,0.04287413207237248,-0.7999999999999999,0.0,4.0,intercept|p32_equal5,,,,
qwen,math,abs_delta_nll_c,Pk32-only,160.0,-0.049554098143758774,0.04138771019839885,-0.39999999999999997,0.0,4.0,intercept|p32_equal5,,,,
qwen,math,abs_delta_nll_c,Pk32-only,320.0,0.13619318001947778,0.039884479965906605,1.0,0.0,4.0,intercept|p32_equal5,,,,
qwen,math,abs_delta_nll_c,Pk32-only,480.0,0.15226609924953516,0.04158829229431538,1.0,0.0,4.0,intercept|p32_equal5,,,,
qwen,math,abs_delta_nll_c,Pk32-only,624.0,0.2018139788414569,0.04007952732848856,0.7999999999999999,0.0,4.0,intercept|p32_equal5,,,,
qwen,math,abs_delta_nll_c,PkAll-only,5.0,-396.7820535198301,0.03643412201064708,0.19999999999999998,100.0,4.0,intercept|p4_equal5|p8_equal5|p16_equal5|p32_equal5,,,,
qwen,math,abs_delta_nll_c,PkAll-only,20.0,-0.1438718638032488,0.02806704270654261,0.7999999999999999,100.0,4.0,intercept|p4_equal5|p8_equal5|p16_equal5|p32_equal5,,,,
qwen,math,abs_delta_nll_c,PkAll-only,40.0,-0.9400106172911626,0.05634921186083026,0.39999999999999997,0.01,4.0,intercept|p4_equal5|p8_equal5|p16_equal5|p32_equal5,,,,
qwen,math,abs_delta_nll_c,PkAll-only,80.0,-0.4725858719783318,0.04889552557351674,-0.7999999999999999,1.0,4.0,intercept|p4_equal5|p8_equal5|p16_equal5|p32_equal5,,,,
qwen,math,abs_delta_nll_c,PkAll-only,160.0,-0.05728841884048608,0.03868686367428562,-0.19999999999999998,100.0,4.0,intercept|p4_equal5|p8_equal5|p16_equal5|p32_equal5,,,,
qwen,math,abs_delta_nll_c,PkAll-only,320.0,-0.023354673931427872,0.03877355889887658,0.19999999999999998,100.0,4.0,intercept|p4_equal5|p8_equal5|p16_equal5|p32_equal5,,,,
qwen,math,abs_delta_nll_c,PkAll-only,480.0,0.005793529534809383,0.03917937174991791,0.7999999999999999,100.0,4.0,intercept|p4_equal5|p8_equal5|p16_equal5|p32_equal5,,,,
qwen,math,abs_delta_nll_c,PkAll-only,624.0,0.049862365519132035,0.0371614780432419,0.7999999999999999,100.0,4.0,intercept|p4_equal5|p8_equal5|p16_equal5|p32_equal5,,,,
qwen,math,abs_delta_nll_c,M0,5.0,-726.8141506011021,0.029080283882859922,0.7999999999999999,0.0,4.0,intercept|arm_offkd|arm_opd|arm_seqkd|arm_sft|log1p_checkpoint,,,,
qwen,math,abs_delta_nll_c,M0,20.0,0.6041545091713252,0.013489618529023169,1.0,0.0,4.0,intercept|arm_offkd|arm_opd|arm_seqkd|arm_sft|log1p_checkpoint,,,,
qwen,math,abs_delta_nll_c,M0,40.0,0.8768585754122891,0.012135902603918735,1.0,1.0,4.0,intercept|arm_offkd|arm_opd|arm_seqkd|arm_sft|log1p_checkpoint,,,,
qwen,math,abs_delta_nll_c,M0,80.0,0.9067167711890947,0.009215348874067025,0.39999999999999997,1.0,4.0,intercept|arm_offkd|arm_opd|arm_seqkd|arm_sft|log1p_checkpoint,,,,
qwen,math,abs_delta_nll_c,M0,160.0,0.9462921276350594,0.00793485411238349,1.0,1.0,4.0,intercept|arm_offkd|arm_opd|arm_seqkd|arm_sft|log1p_checkpoint,,,,
qwen,math,abs_delta_nll_c,M0,320.0,0.935550788825411,0.011442295430941093,1.0,1.0,4.0,intercept|arm_offkd|arm_opd|arm_seqkd|arm_sft|log1p_checkpoint,,,,
qwen,math,abs_delta_nll_c,M0,480.0,0.9427222143446161,0.011608022687273536,1.0,1.0,4.0,intercept|arm_offkd|arm_opd|arm_seqkd|arm_sft|log1p_checkpoint,,,,
qwen,math,abs_delta_nll_c,M0,624.0,0.9398984071785785,0.010808182583942786,1.0,1.0,4.0,intercept|arm_offkd|arm_opd|arm_seqkd|arm_sft|log1p_checkpoint,,,,
qwen,math,abs_delta_nll_c,M0+C5,5.0,-693.87364696389,0.03189456320522137,0.7999999999999999,0.0,4.0,intercept|arm_offkd|arm_opd|arm_seqkd|arm_sft|log1p_checkpoint|c_equal5,,,,
qwen,math,abs_delta_nll_c,M0+C5,20.0,0.6157159801643275,0.012693327994249114,1.0,0.0,4.0,intercept|arm_offkd|arm_opd|arm_seqkd|arm_sft|log1p_checkpoint|c_equal5,,,,
qwen,math,abs_delta_nll_c,M0+C5,40.0,0.8911380404972887,0.01065809376229653,1.0,0.1,4.0,intercept|arm_offkd|arm_opd|arm_seqkd|arm_sft|log1p_checkpoint|c_equal5,,,,
qwen,math,abs_delta_nll_c,M0+C5,80.0,0.925052702812965,0.009319144931752532,0.39999999999999997,0.01,4.0,intercept|arm_offkd|arm_opd|arm_seqkd|arm_sft|log1p_checkpoint|c_equal5,,,,
qwen,math,abs_delta_nll_c,M0+C5,160.0,0.9475644592867548,0.007862857471337652,1.0,1.0,4.0,intercept|arm_offkd|arm_opd|arm_seqkd|arm_sft|log1p_checkpoint|c_equal5,,,,
qwen,math,abs_delta_nll_c,M0+C5,320.0,0.9372092448267365,0.01116498192382374,1.0,1.0,4.0,intercept|arm_offkd|arm_opd|arm_seqkd|arm_sft|log1p_checkpoint|c_equal5,,,,
qwen,math,abs_delta_nll_c,M0+C5,480.0,0.9450985471541017,0.01118969669931748,1.0,1.0,4.0,intercept|arm_offkd|arm_opd|arm_seqkd|arm_sft|log1p_checkpoint|c_equal5,,,,
qwen,math,abs_delta_nll_c,M0+C5,624.0,0.9393837085140754,0.010754085524546094,0.7999999999999999,1.0,4.0,intercept|arm_offkd|arm_opd|arm_seqkd|arm_sft|log1p_checkpoint|c_equal5,,,,
qwen,math,abs_delta_nll_c,M0+PkAll5,5.0,-646.2555819134612,0.028451360420531313,1.0,1.0,4.0,intercept|arm_offkd|arm_opd|arm_seqkd|arm_sft|log1p_checkpoint|p4_equal5|p8_equal5|p16_equal5|p32_equal5,,,,
qwen,math,abs_delta_nll_c,M0+PkAll5,20.0,0.6868547775559002,0.010734008808379403,1.0,1.0,4.0,intercept|arm_offkd|arm_opd|arm_seqkd|arm_sft|log1p_checkpoint|p4_equal5|p8_equal5|p16_equal5|p32_equal5,,,,
qwen,math,abs_delta_nll_c,M0+PkAll5,40.0,0.8375947351914512,0.013637547240825368,1.0,1.0,4.0,intercept|arm_offkd|arm_opd|arm_seqkd|arm_sft|log1p_checkpoint|p4_equal5|p8_equal5|p16_equal5|p32_equal5,,,,
qwen,math,abs_delta_nll_c,M0+PkAll5,80.0,0.9438213699224216,0.008955052884506442,0.39999999999999997,1.0,4.0,intercept|arm_offkd|arm_opd|arm_seqkd|arm_sft|log1p_checkpoint|p4_equal5|p8_equal5|p16_equal5|p32_equal5,,,,
qwen,math,abs_delta_nll_c,M0+PkAll5,160.0,0.962536413369198,0.006687904186680222,0.7999999999999999,1.0,4.0,intercept|arm_offkd|arm_opd|arm_seqkd|arm_sft|log1p_checkpoint|p4_equal5|p8_equal5|p16_equal5|p32_equal5,,,,
qwen,math,abs_delta_nll_c,M0+PkAll5,320.0,0.9406153488698502,0.010568309562303486,0.7999999999999999,1.0,4.0,intercept|arm_offkd|arm_opd|arm_seqkd|arm_sft|log1p_checkpoint|p4_equal5|p8_equal5|p16_equal5|p32_equal5,,,,
qwen,math,abs_delta_nll_c,M0+PkAll5,480.0,0.9599626877984289,0.008192758934779321,0.39999999999999997,1.0,4.0,intercept|arm_offkd|arm_opd|arm_seqkd|arm_sft|log1p_checkpoint|p4_equal5|p8_equal5|p16_equal5|p32_equal5,,,,
qwen,math,abs_delta_nll_c,M0+PkAll5,624.0,0.962343928192156,0.006081518989657759,0.39999999999999997,1.0,4.0,intercept|arm_offkd|arm_opd|arm_seqkd|arm_sft|log1p_checkpoint|p4_equal5|p8_equal5|p16_equal5|p32_equal5,,,,
qwen,math,abs_delta_nll_c,M0+PkAll5+C5,5.0,-631.9805116098654,0.027508164924884372,1.0,1.0,4.0,intercept|arm_offkd|arm_opd|arm_seqkd|arm_sft|log1p_checkpoint|p4_equal5|p8_equal5|p16_equal5|p32_equal5|c_equal5,,,,
qwen,math,abs_delta_nll_c,M0+PkAll5+C5,20.0,0.6786018339227764,0.010443628325236185,0.39999999999999997,1.0,4.0,intercept|arm_offkd|arm_opd|arm_seqkd|arm_sft|log1p_checkpoint|p4_equal5|p8_equal5|p16_equal5|p32_equal5|c_equal5,,,,
qwen,math,abs_delta_nll_c,M0+PkAll5+C5,40.0,0.8480916189849523,0.012015570782227515,1.0,1.0,4.0,intercept|arm_offkd|arm_opd|arm_seqkd|arm_sft|log1p_checkpoint|p4_equal5|p8_equal5|p16_equal5|p32_equal5|c_equal5,,,,
qwen,math,abs_delta_nll_c,M0+PkAll5+C5,80.0,0.9386958494778043,0.009320291411666681,0.39999999999999997,1.0,4.0,intercept|arm_offkd|arm_opd|arm_seqkd|arm_sft|log1p_checkpoint|p4_equal5|p8_equal5|p16_equal5|p32_equal5|c_equal5,,,,
qwen,math,abs_delta_nll_c,M0+PkAll5+C5,160.0,0.9592193045147961,0.006683815055864002,0.7999999999999999,1.0,4.0,intercept|arm_offkd|arm_opd|arm_seqkd|arm_sft|log1p_checkpoint|p4_equal5|p8_equal5|p16_equal5|p32_equal5|c_equal5,,,,
qwen,math,abs_delta_nll_c,M0+PkAll5+C5,320.0,0.9367137984536067,0.01113295358895989,1.0,1.0,4.0,intercept|arm_offkd|arm_opd|arm_seqkd|arm_sft|log1p_checkpoint|p4_equal5|p8_equal5|p16_equal5|p32_equal5|c_equal5,,,,
qwen,math,abs_delta_nll_c,M0+PkAll5+C5,480.0,0.964512470390933,0.008750500530851819,1.0,1.0,4.0,intercept|arm_offkd|arm_opd|arm_seqkd|arm_sft|log1p_checkpoint|p4_equal5|p8_equal5|p16_equal5|p32_equal5|c_equal5,,,,
qwen,math,abs_delta_nll_c,M0+PkAll5+C5,624.0,0.9679901317924249,0.006818313667555631,0.7999999999999999,1.0,4.0,intercept|arm_offkd|arm_opd|arm_seqkd|arm_sft|log1p_checkpoint|p4_equal5|p8_equal5|p16_equal5|p32_equal5|c_equal5,,,,
qwen,math,abs_delta_nll_b,C-only,5.0,-21.29607955012343,0.04617519764870795,0.39999999999999997,0.0,4.0,intercept|c_equal5,,,,
qwen,math,abs_delta_nll_b,C-only,10.0,-0.7046738150619654,0.027986374542496258,0.39999999999999997,1.0,4.0,intercept|c_equal5,,,,
qwen,math,abs_delta_nll_b,C-only,20.0,0.2218212368610567,0.028545059582714284,0.39999999999999997,10.0,4.0,intercept|c_equal5,,,,
qwen,math,abs_delta_nll_b,C-only,40.0,0.0776640830315315,0.04603361661853776,0.7999999999999999,10.0,4.0,intercept|c_equal5,,,,
qwen,math,abs_delta_nll_b,C-only,80.0,-0.0020709133371044075,0.03794281071822558,0.39999999999999997,10.0,4.0,intercept|c_equal5,,,,
qwen,math,abs_delta_nll_b,C-only,160.0,-0.013077491422797127,0.04063254753613871,0.0,10.0,4.0,intercept|c_equal5,,,,
qwen,math,abs_delta_nll_b,C-only,320.0,-0.03334748388828501,0.047333379169695156,0.6000000000000001,1.0,4.0,intercept|c_equal5,,,,
qwen,math,abs_delta_nll_b,C-only,480.0,0.004368313220542541,0.05318083426252498,0.0,10.0,4.0,intercept|c_equal5,,,,
qwen,math,abs_delta_nll_b,C-only,624.0,0.12532137152082024,0.039829392044379255,0.7999999999999999,10.0,4.0,intercept|c_equal5,,,,
qwen,math,abs_delta_nll_b,C-only-matched,5.0,-30.053445020903087,0.05470868534644265,0.39999999999999997,0.0,4.0,intercept|c_equal5,,,,
qwen,math,abs_delta_nll_b,C-only-matched,20.0,0.25147075011970754,0.027489043981569358,0.39999999999999997,1.0,4.0,intercept|c_equal5,,,,
qwen,math,abs_delta_nll_b,C-only-matched,40.0,0.10455075897233357,0.04977028252423159,0.7999999999999999,10.0,4.0,intercept|c_equal5,,,,
qwen,math,abs_delta_nll_b,C-only-matched,80.0,0.03323566856241267,0.038027250389552444,0.39999999999999997,1.0,4.0,intercept|c_equal5,,,,
qwen,math,abs_delta_nll_b,C-only-matched,160.0,0.026731842830690744,0.0421883028155714,0.0,0.0,4.0,intercept|c_equal5,,,,
qwen,math,abs_delta_nll_b,C-only-matched,320.0,-0.027646363255827033,0.04670913471156357,0.6000000000000001,0.0,4.0,intercept|c_equal5,,,,
qwen,math,abs_delta_nll_b,C-only-matched,480.0,-0.06287621541558086,0.056737729469454184,0.0,0.1,4.0,intercept|c_equal5,,,,
qwen,math,abs_delta_nll_b,C-only-matched,624.0,-0.03395285204607279,0.04283756541269797,0.7999999999999999,0.0,4.0,intercept|c_equal5,,,,
qwen,math,abs_delta_nll_b,Pk4-only,5.0,-52.290360050818876,0.07094548797647615,0.19999999999999998,0.0,4.0,intercept|p4_equal5,,,,
qwen,math,abs_delta_nll_b,Pk4-only,20.0,-0.4844151597860433,0.04859980411031863,0.39999999999999997,10.0,4.0,intercept|p4_equal5,,,,
qwen,math,abs_delta_nll_b,Pk4-only,40.0,-0.031060877004970067,0.06787981626815728,-0.39999999999999997,100.0,4.0,intercept|p4_equal5,,,,
qwen,math,abs_delta_nll_b,Pk4-only,80.0,-0.16165563009529604,0.055415742516380026,-0.7999999999999999,10.0,4.0,intercept|p4_equal5,,,,
qwen,math,abs_delta_nll_b,Pk4-only,160.0,-0.2672508345365252,0.03622959758753683,0.7999999999999999,10.0,4.0,intercept|p4_equal5,,,,
qwen,math,abs_delta_nll_b,Pk4-only,320.0,-0.19983847047232772,0.03458229724138111,0.39999999999999997,100.0,4.0,intercept|p4_equal5,,,,
qwen,math,abs_delta_nll_b,Pk4-only,480.0,-0.10040505133637811,0.043399558322725865,0.0,10.0,4.0,intercept|p4_equal5,,,,
qwen,math,abs_delta_nll_b,Pk4-only,624.0,-0.17399641900300056,0.029999396308885127,0.39999999999999997,100.0,4.0,intercept|p4_equal5,,,,
qwen,math,abs_delta_nll_b,Pk8-only,5.0,-59.13633981108551,0.07642405902085173,0.19999999999999998,100.0,4.0,intercept|p8_equal5,,,,
qwen,math,abs_delta_nll_b,Pk8-only,20.0,-0.42317035185081386,0.04693713795556477,0.7999999999999999,100.0,4.0,intercept|p8_equal5,,,,
qwen,math,abs_delta_nll_b,Pk8-only,40.0,-0.0029750185380919003,0.06517490522177777,0.7999999999999999,100.0,4.0,intercept|p8_equal5,,,,
qwen,math,abs_delta_nll_b,Pk8-only,80.0,-0.07360518172243236,0.04478523642602072,0.0,0.0,4.0,intercept|p8_equal5,,,,
qwen,math,abs_delta_nll_b,Pk8-only,160.0,-0.09689883511338326,0.03514675349836102,0.7999999999999999,0.0,4.0,intercept|p8_equal5,,,,
qwen,math,abs_delta_nll_b,Pk8-only,320.0,-0.19795066215653878,0.0442782754334185,-1.0,0.0,4.0,intercept|p8_equal5,,,,
qwen,math,abs_delta_nll_b,Pk8-only,480.0,-0.1603963914766804,0.04418479517108688,0.0,100.0,4.0,intercept|p8_equal5,,,,
qwen,math,abs_delta_nll_b,Pk8-only,624.0,-0.10398618019565808,0.03407241177593125,0.19999999999999998,100.0,4.0,intercept|p8_equal5,,,,
qwen,math,abs_delta_nll_b,Pk16-only,5.0,-58.59845182728432,0.07613419685606393,0.7999999999999999,100.0,4.0,intercept|p16_equal5,,,,
qwen,math,abs_delta_nll_b,Pk16-only,20.0,-0.3872713722733059,0.04628990101915212,0.7999999999999999,100.0,4.0,intercept|p16_equal5,,,,
qwen,math,abs_delta_nll_b,Pk16-only,40.0,-0.015729424115087376,0.06600508874616398,0.0,100.0,4.0,intercept|p16_equal5,,,,
qwen,math,abs_delta_nll_b,Pk16-only,80.0,-0.39992156222238995,0.059115474613500335,-0.7999999999999999,0.0,4.0,intercept|p16_equal5,,,,
qwen,math,abs_delta_nll_b,Pk16-only,160.0,-0.12896283476462078,0.03785578607379938,-0.39999999999999997,100.0,4.0,intercept|p16_equal5,,,,
qwen,math,abs_delta_nll_b,Pk16-only,320.0,-0.15348900347774985,0.036288631773028726,0.0,100.0,4.0,intercept|p16_equal5,,,,
qwen,math,abs_delta_nll_b,Pk16-only,480.0,-0.15055283820470766,0.043042060986585126,-0.39999999999999997,100.0,4.0,intercept|p16_equal5,,,,
qwen,math,abs_delta_nll_b,Pk16-only,624.0,-0.09955137137698356,0.03273388203060683,0.39999999999999997,100.0,4.0,intercept|p16_equal5,,,,
qwen,math,abs_delta_nll_b,Pk32-only,5.0,-23.377399668559104,0.04877020486127874,1.0,0.0,4.0,intercept|p32_equal5,,,,
qwen,math,abs_delta_nll_b,Pk32-only,20.0,0.13603346472499767,0.030637590557564452,0.39999999999999997,0.0,4.0,intercept|p32_equal5,,,,
qwen,math,abs_delta_nll_b,Pk32-only,40.0,-0.2283781049826663,0.05694624340093987,0.19999999999999998,1.0,4.0,intercept|p32_equal5,,,,
qwen,math,abs_delta_nll_b,Pk32-only,80.0,-0.39234581633968557,0.05753070696052485,-0.7999999999999999,0.0,4.0,intercept|p32_equal5,,,,
qwen,math,abs_delta_nll_b,Pk32-only,160.0,-0.08280947847943265,0.04248351806357767,0.39999999999999997,0.0,4.0,intercept|p32_equal5,,,,
qwen,math,abs_delta_nll_b,Pk32-only,320.0,0.21488988120156938,0.03951903567346665,0.7999999999999999,0.0,4.0,intercept|p32_equal5,,,,
qwen,math,abs_delta_nll_b,Pk32-only,480.0,0.20531252252318277,0.05081118908735842,0.7999999999999999,0.0,4.0,intercept|p32_equal5,,,,
qwen,math,abs_delta_nll_b,Pk32-only,624.0,0.20650005834898522,0.04227318175484844,0.7999999999999999,0.0,4.0,intercept|p32_equal5,,,,
qwen,math,abs_delta_nll_b,PkAll-only,5.0,-47.81725362412094,0.06884773334699253,0.19999999999999998,100.0,4.0,intercept|p4_equal5|p8_equal5|p16_equal5|p32_equal5,,,,
qwen,math,abs_delta_nll_b,PkAll-only,20.0,-0.13604830242293686,0.04241774530130566,0.7999999999999999,100.0,4.0,intercept|p4_equal5|p8_equal5|p16_equal5|p32_equal5,,,,
qwen,math,abs_delta_nll_b,PkAll-only,40.0,-0.5689100522638428,0.0711224180198086,0.19999999999999998,0.1,4.0,intercept|p4_equal5|p8_equal5|p16_equal5|p32_equal5,,,,
qwen,math,abs_delta_nll_b,PkAll-only,80.0,-0.5802127875723491,0.06580295530214672,-0.7999999999999999,1.0,4.0,intercept|p4_equal5|p8_equal5|p16_equal5|p32_equal5,,,,
qwen,math,abs_delta_nll_b,PkAll-only,160.0,-0.12563661940498028,0.037895896619463174,0.7999999999999999,100.0,4.0,intercept|p4_equal5|p8_equal5|p16_equal5|p32_equal5,,,,
qwen,math,abs_delta_nll_b,PkAll-only,320.0,-0.0846578318382647,0.03769513822061846,0.39999999999999997,100.0,4.0,intercept|p4_equal5|p8_equal5|p16_equal5|p32_equal5,,,,
qwen,math,abs_delta_nll_b,PkAll-only,480.0,-0.03188956637313067,0.047286627942708055,0.39999999999999997,100.0,4.0,intercept|p4_equal5|p8_equal5|p16_equal5|p32_equal5,,,,
qwen,math,abs_delta_nll_b,PkAll-only,624.0,0.10129418277317648,0.037770272030090236,0.7999999999999999,100.0,4.0,intercept|p4_equal5|p8_equal5|p16_equal5|p32_equal5,,,,
qwen,math,abs_delta_nll_b,M0,5.0,-38.21436414525999,0.03928153936373607,1.0,1.0,4.0,intercept|arm_offkd|arm_opd|arm_seqkd|arm_sft|log1p_checkpoint,,,,
qwen,math,abs_delta_nll_b,M0,20.0,0.7549255335295898,0.020118974363520156,1.0,0.1,4.0,intercept|arm_offkd|arm_opd|arm_seqkd|arm_sft|log1p_checkpoint,,,,
qwen,math,abs_delta_nll_b,M0,40.0,0.7260415408304863,0.026117064574314883,0.7999999999999999,0.1,4.0,intercept|arm_offkd|arm_opd|arm_seqkd|arm_sft|log1p_checkpoint,,,,
qwen,math,abs_delta_nll_b,M0,80.0,0.90374298627232,0.01356139499729983,0.39999999999999997,0.0,4.0,intercept|arm_offkd|arm_opd|arm_seqkd|arm_sft|log1p_checkpoint,,,,
qwen,math,abs_delta_nll_b,M0,160.0,0.9611520691658505,0.007545462259493343,0.39999999999999997,0.0,4.0,intercept|arm_offkd|arm_opd|arm_seqkd|arm_sft|log1p_checkpoint,,,,
qwen,math,abs_delta_nll_b,M0,320.0,0.9856442717945203,0.005451754848479207,0.7999999999999999,0.0,4.0,intercept|arm_offkd|arm_opd|arm_seqkd|arm_sft|log1p_checkpoint,,,,
qwen,math,abs_delta_nll_b,M0,480.0,0.9422565410657817,0.014650219274435678,0.7999999999999999,0.0,4.0,intercept|arm_offkd|arm_opd|arm_seqkd|arm_sft|log1p_checkpoint,,,,
qwen,math,abs_delta_nll_b,M0,624.0,0.8421524339254579,0.018649752071641476,1.0,0.0,4.0,intercept|arm_offkd|arm_opd|arm_seqkd|arm_sft|log1p_checkpoint,,,,
qwen,math,abs_delta_nll_b,M0+C5,5.0,-36.07437946420573,0.03608082494331281,1.0,1.0,4.0,intercept|arm_offkd|arm_opd|arm_seqkd|arm_sft|log1p_checkpoint|c_equal5,,,,
qwen,math,abs_delta_nll_b,M0+C5,20.0,0.8321436098470074,0.014959064248766358,1.0,0.0,4.0,intercept|arm_offkd|arm_opd|arm_seqkd|arm_sft|log1p_checkpoint|c_equal5,,,,
qwen,math,abs_delta_nll_b,M0+C5,40.0,0.726278453635151,0.02497716887588925,0.7999999999999999,1.0,4.0,intercept|arm_offkd|arm_opd|arm_seqkd|arm_sft|log1p_checkpoint|c_equal5,,,,
qwen,math,abs_delta_nll_b,M0+C5,80.0,0.9222144225640825,0.014142319807056374,0.39999999999999997,0.0,4.0,intercept|arm_offkd|arm_opd|arm_seqkd|arm_sft|log1p_checkpoint|c_equal5,,,,
qwen,math,abs_delta_nll_b,M0+C5,160.0,0.9709019441331119,0.00644973342032109,0.39999999999999997,0.1,4.0,intercept|arm_offkd|arm_opd|arm_seqkd|arm_sft|log1p_checkpoint|c_equal5,,,,
qwen,math,abs_delta_nll_b,M0+C5,320.0,0.9921608581062876,0.00423218826707987,0.19999999999999998,0.1,4.0,intercept|arm_offkd|arm_opd|arm_seqkd|arm_sft|log1p_checkpoint|c_equal5,,,,
qwen,math,abs_delta_nll_b,M0+C5,480.0,0.9516703667075787,0.011583250763387717,0.7999999999999999,0.1,4.0,intercept|arm_offkd|arm_opd|arm_seqkd|arm_sft|log1p_checkpoint|c_equal5,,,,
qwen,math,abs_delta_nll_b,M0+C5,624.0,0.8718002872155446,0.015686823886300726,0.19999999999999998,0.1,4.0,intercept|arm_offkd|arm_opd|arm_seqkd|arm_sft|log1p_checkpoint|c_equal5,,,,
qwen,math,abs_delta_nll_b,M0+PkAll5,5.0,-36.730948943735335,0.03640473729046099,1.0,1.0,4.0,intercept|arm_offkd|arm_opd|arm_seqkd|arm_sft|log1p_checkpoint|p4_equal5|p8_equal5|p16_equal5|p32_equal5,,,,
qwen,math,abs_delta_nll_b,M0+PkAll5,20.0,0.7464646115587688,0.01590840662375145,1.0,1.0,4.0,intercept|arm_offkd|arm_opd|arm_seqkd|arm_sft|log1p_checkpoint|p4_equal5|p8_equal5|p16_equal5|p32_equal5,,,,
qwen,math,abs_delta_nll_b,M0+PkAll5,40.0,0.7139246807460763,0.026408740758168937,0.7999999999999999,0.1,4.0,intercept|arm_offkd|arm_opd|arm_seqkd|arm_sft|log1p_checkpoint|p4_equal5|p8_equal5|p16_equal5|p32_equal5,,,,
qwen,math,abs_delta_nll_b,M0+PkAll5,80.0,0.9397620093435158,0.012490872001600076,0.39999999999999997,1.0,4.0,intercept|arm_offkd|arm_opd|arm_seqkd|arm_sft|log1p_checkpoint|p4_equal5|p8_equal5|p16_equal5|p32_equal5,,,,
qwen,math,abs_delta_nll_b,M0+PkAll5,160.0,0.9577953193449796,0.008303156257901744,0.39999999999999997,1.0,4.0,intercept|arm_offkd|arm_opd|arm_seqkd|arm_sft|log1p_checkpoint|p4_equal5|p8_equal5|p16_equal5|p32_equal5,,,,
qwen,math,abs_delta_nll_b,M0+PkAll5,320.0,0.9885498537120058,0.004603954566462995,0.7999999999999999,1.0,4.0,intercept|arm_offkd|arm_opd|arm_seqkd|arm_sft|log1p_checkpoint|p4_equal5|p8_equal5|p16_equal5|p32_equal5,,,,
qwen,math,abs_delta_nll_b,M0+PkAll5,480.0,0.9153168630714414,0.014591642133801815,0.7999999999999999,0.1,4.0,intercept|arm_offkd|arm_opd|arm_seqkd|arm_sft|log1p_checkpoint|p4_equal5|p8_equal5|p16_equal5|p32_equal5,,,,
qwen,math,abs_delta_nll_b,M0+PkAll5,624.0,0.8274382543242178,0.017651448678281105,0.39999999999999997,1.0,4.0,intercept|arm_offkd|arm_opd|arm_seqkd|arm_sft|log1p_checkpoint|p4_equal5|p8_equal5|p16_equal5|p32_equal5,,,,
qwen,math,abs_delta_nll_b,M0+PkAll5+C5,5.0,-37.596403660381604,0.035326438695864375,1.0,1.0,4.0,intercept|arm_offkd|arm_opd|arm_seqkd|arm_sft|log1p_checkpoint|p4_equal5|p8_equal5|p16_equal5|p32_equal5|c_equal5,,,,
qwen,math,abs_delta_nll_b,M0+PkAll5+C5,20.0,0.7124165698140627,0.017914613168316003,0.7999999999999999,1.0,4.0,intercept|arm_offkd|arm_opd|arm_seqkd|arm_sft|log1p_checkpoint|p4_equal5|p8_equal5|p16_equal5|p32_equal5|c_equal5,,,,
qwen,math,abs_delta_nll_b,M0+PkAll5+C5,40.0,0.6955845849146388,0.02843311566233549,0.7999999999999999,0.1,4.0,intercept|arm_offkd|arm_opd|arm_seqkd|arm_sft|log1p_checkpoint|p4_equal5|p8_equal5|p16_equal5|p32_equal5|c_equal5,,,,
qwen,math,abs_delta_nll_b,M0+PkAll5+C5,80.0,0.9384922458711392,0.012631377747679284,0.39999999999999997,1.0,4.0,intercept|arm_offkd|arm_opd|arm_seqkd|arm_sft|log1p_checkpoint|p4_equal5|p8_equal5|p16_equal5|p32_equal5|c_equal5,,,,
qwen,math,abs_delta_nll_b,M0+PkAll5+C5,160.0,0.9562656077857941,0.008321680919360943,0.39999999999999997,1.0,4.0,intercept|arm_offkd|arm_opd|arm_seqkd|arm_sft|log1p_checkpoint|p4_equal5|p8_equal5|p16_equal5|p32_equal5|c_equal5,,,,
qwen,math,abs_delta_nll_b,M0+PkAll5+C5,320.0,0.9874099043123293,0.005367696486189656,0.7999999999999999,1.0,4.0,intercept|arm_offkd|arm_opd|arm_seqkd|arm_sft|log1p_checkpoint|p4_equal5|p8_equal5|p16_equal5|p32_equal5|c_equal5,,,,
qwen,math,abs_delta_nll_b,M0+PkAll5+C5,480.0,0.9144280118400135,0.015159755407263598,0.7999999999999999,0.1,4.0,intercept|arm_offkd|arm_opd|arm_seqkd|arm_sft|log1p_checkpoint|p4_equal5|p8_equal5|p16_equal5|p32_equal5|c_equal5,,,,
qwen,math,abs_delta_nll_b,M0+PkAll5+C5,624.0,0.8091532667458388,0.01809101428424299,0.39999999999999997,1.0,4.0,intercept|arm_offkd|arm_opd|arm_seqkd|arm_sft|log1p_checkpoint|p4_equal5|p8_equal5|p16_equal5|p32_equal5|c_equal5,,,,
qwen,math,abs_delta_nll_t,C-only,5.0,-11.024107471253226,0.5434970165982995,0.39999999999999997,0.0,4.0,intercept|c_equal5,,,,
qwen,math,abs_delta_nll_t,C-only,10.0,-0.5603045733036984,0.30424549259697525,0.19999999999999998,0.0,4.0,intercept|c_equal5,,,,
qwen,math,abs_delta_nll_t,C-only,20.0,0.4760934004729048,0.27499909898386793,0.19999999999999998,0.0,4.0,intercept|c_equal5,,,,
qwen,math,abs_delta_nll_t,C-only,40.0,0.8228002761141574,0.1719087291089156,1.0,1.0,4.0,intercept|c_equal5,,,,
qwen,math,abs_delta_nll_t,C-only,80.0,-3.9313562621106852,0.3207997803332573,-0.39999999999999997,1.0,4.0,intercept|c_equal5,,,,
qwen,math,abs_delta_nll_t,C-only,160.0,-2.26977535574397,0.5374166577260404,-0.19999999999999998,0.0,4.0,intercept|c_equal5,,,,
qwen,math,abs_delta_nll_t,C-only,320.0,-0.499522734485788,0.6492497952462875,0.6000000000000001,1.0,4.0,intercept|c_equal5,,,,
qwen,math,abs_delta_nll_t,C-only,480.0,-0.21936428874177993,0.9449403883752177,0.0,0.1,4.0,intercept|c_equal5,,,,
qwen,math,abs_delta_nll_t,C-only,624.0,-0.06746830607402465,0.74663066052085,0.6000000000000001,0.0,4.0,intercept|c_equal5,,,,
qwen,math,abs_delta_nll_t,C-only-matched,5.0,-16.77081474540883,0.6697223012196349,0.39999999999999997,1.0,4.0,intercept|c_equal5,,,,
qwen,math,abs_delta_nll_t,C-only-matched,20.0,0.38947255335462694,0.3178295387854951,0.19999999999999998,1.0,4.0,intercept|c_equal5,,,,
qwen,math,abs_delta_nll_t,C-only-matched,40.0,0.7182813869377238,0.2244617284299231,1.0,1.0,4.0,intercept|c_equal5,,,,
qwen,math,abs_delta_nll_t,C-only-matched,80.0,-3.301420273507155,0.3100178939579858,-0.39999999999999997,1.0,4.0,intercept|c_equal5,,,,
qwen,math,abs_delta_nll_t,C-only-matched,160.0,-2.191830145427433,0.5393377701455815,-0.19999999999999998,0.0,4.0,intercept|c_equal5,,,,
qwen,math,abs_delta_nll_t,C-only-matched,320.0,-0.5004860485556069,0.6464011318638359,0.6000000000000001,0.1,4.0,intercept|c_equal5,,,,
qwen,math,abs_delta_nll_t,C-only-matched,480.0,-0.20402308661618407,0.9294766893431636,0.0,0.0,4.0,intercept|c_equal5,,,,
qwen,math,abs_delta_nll_t,C-only-matched,624.0,-0.04963094176897909,0.7321698462709605,0.6000000000000001,0.0,4.0,intercept|c_equal5,,,,
qwen,math,abs_delta_nll_t,Pk4-only,5.0,-32.94261381179209,0.7761554635195691,0.19999999999999998,10.0,4.0,intercept|p4_equal5,,,,
qwen,math,abs_delta_nll_t,Pk4-only,20.0,-1.9373953437642264,0.75254627804392,0.19999999999999998,1.0,4.0,intercept|p4_equal5,,,,
qwen,math,abs_delta_nll_t,Pk4-only,40.0,-1.3727991925069438,0.6896334111859067,-0.19999999999999998,1.0,4.0,intercept|p4_equal5,,,,
qwen,math,abs_delta_nll_t,Pk4-only,80.0,0.14149453568680403,0.19889226749423905,0.7999999999999999,1.0,4.0,intercept|p4_equal5,,,,
qwen,math,abs_delta_nll_t,Pk4-only,160.0,-2.601174541688904,0.5815383597503225,0.7999999999999999,1.0,4.0,intercept|p4_equal5,,,,
qwen,math,abs_delta_nll_t,Pk4-only,320.0,-1.185634255894119,0.5949303943124111,0.39999999999999997,10.0,4.0,intercept|p4_equal5,,,,
qwen,math,abs_delta_nll_t,Pk4-only,480.0,-0.5429213473310686,0.8819695129995321,0.0,1.0,4.0,intercept|p4_equal5,,,,
qwen,math,abs_delta_nll_t,Pk4-only,624.0,-0.22248870804582643,0.7078512029544013,0.19999999999999998,10.0,4.0,intercept|p4_equal5,,,,
qwen,math,abs_delta_nll_t,Pk8-only,5.0,-8.448924184555246,0.4099549469371581,0.19999999999999998,0.0,4.0,intercept|p8_equal5,,,,
qwen,math,abs_delta_nll_t,Pk8-only,20.0,0.40324736072794454,0.3583372077284964,1.0,0.0,4.0,intercept|p8_equal5,,,,
qwen,math,abs_delta_nll_t,Pk8-only,40.0,0.29039762280643844,0.3543403271230279,1.0,0.0,4.0,intercept|p8_equal5,,,,
qwen,math,abs_delta_nll_t,Pk8-only,80.0,-0.2710583550818544,0.2180812783970592,0.7999999999999999,0.0,4.0,intercept|p8_equal5,,,,
qwen,math,abs_delta_nll_t,Pk8-only,160.0,0.2599080629935526,0.19235464336929542,0.7999999999999999,0.0,4.0,intercept|p8_equal5,,,,
qwen,math,abs_delta_nll_t,Pk8-only,320.0,-0.5665389632854057,0.5282508486536355,-1.0,0.0,4.0,intercept|p8_equal5,,,,
qwen,math,abs_delta_nll_t,Pk8-only,480.0,-0.2620892744314174,0.7721441303651009,0.0,0.0,4.0,intercept|p8_equal5,,,,
qwen,math,abs_delta_nll_t,Pk8-only,624.0,-0.38898211376103364,0.7591870925281771,-0.39999999999999997,0.0,4.0,intercept|p8_equal5,,,,
qwen,math,abs_delta_nll_t,Pk16-only,5.0,0.5613058243903664,0.09985996953398776,0.7999999999999999,0.0,4.0,intercept|p16_equal5,,,,
qwen,math,abs_delta_nll_t,Pk16-only,20.0,0.6613321831806914,0.21937554916101176,1.0,0.1,4.0,intercept|p16_equal5,,,,
qwen,math,abs_delta_nll_t,Pk16-only,40.0,-0.05350287447561963,0.44272119490083095,0.6000000000000001,0.0,4.0,intercept|p16_equal5,,,,
qwen,math,abs_delta_nll_t,Pk16-only,80.0,-0.987345710265495,0.2562714121508026,0.7999999999999999,0.0,4.0,intercept|p16_equal5,,,,
qwen,math,abs_delta_nll_t,Pk16-only,160.0,0.2517455852940569,0.24946816814663886,0.39999999999999997,0.0,4.0,intercept|p16_equal5,,,,
qwen,math,abs_delta_nll_t,Pk16-only,320.0,-0.05508015229478369,0.4918245781122705,0.0,0.0,4.0,intercept|p16_equal5,,,,
qwen,math,abs_delta_nll_t,Pk16-only,480.0,-0.08203212700334062,0.8261811533820761,-0.39999999999999997,0.0,4.0,intercept|p16_equal5,,,,
qwen,math,abs_delta_nll_t,Pk16-only,624.0,-0.02059756308512073,0.6593480404538163,-0.19999999999999998,0.0,4.0,intercept|p16_equal5,,,,
qwen,math,abs_delta_nll_t,Pk32-only,5.0,0.7310633751716984,0.07157737247750695,1.0,0.0,4.0,intercept|p32_equal5,,,,
qwen,math,abs_delta_nll_t,Pk32-only,20.0,0.027481121371877082,0.2672521941030467,0.19999999999999998,0.0,4.0,intercept|p32_equal5,,,,
qwen,math,abs_delta_nll_t,Pk32-only,40.0,-0.3859987087092023,0.4657476368227108,0.39999999999999997,0.1,4.0,intercept|p32_equal5,,,,
qwen,math,abs_delta_nll_t,Pk32-only,80.0,-1.901434992901811,0.3730052901330079,0.0,0.0,4.0,intercept|p32_equal5,,,,
qwen,math,abs_delta_nll_t,Pk32-only,160.0,0.3284689254531238,0.218425439580351,1.0,0.0,4.0,intercept|p32_equal5,,,,
qwen,math,abs_delta_nll_t,Pk32-only,320.0,0.40425571627809653,0.3081127221158554,0.7999999999999999,0.0,4.0,intercept|p32_equal5,,,,
qwen,math,abs_delta_nll_t,Pk32-only,480.0,0.2385146518147334,0.6888468032392868,0.7999999999999999,0.0,4.0,intercept|p32_equal5,,,,
qwen,math,abs_delta_nll_t,Pk32-only,624.0,0.45160848871061765,0.4176353306841104,0.39999999999999997,0.0,4.0,intercept|p32_equal5,,,,
qwen,math,abs_delta_nll_t,PkAll-only,5.0,-1.2024638269962584,0.23111531649028932,0.19999999999999998,1.0,4.0,intercept|p4_equal5|p8_equal5|p16_equal5|p32_equal5,,,,
qwen,math,abs_delta_nll_t,PkAll-only,20.0,0.0039035975367333053,0.3500355539148235,0.19999999999999998,1.0,4.0,intercept|p4_equal5|p8_equal5|p16_equal5|p32_equal5,,,,
qwen,math,abs_delta_nll_t,PkAll-only,40.0,-0.7564394184646706,0.5336735438917425,0.39999999999999997,1.0,4.0,intercept|p4_equal5|p8_equal5|p16_equal5|p32_equal5,,,,
qwen,math,abs_delta_nll_t,PkAll-only,80.0,-3.5992723439395125,0.45416199960696485,0.0,0.1,4.0,intercept|p4_equal5|p8_equal5|p16_equal5|p32_equal5,,,,
qwen,math,abs_delta_nll_t,PkAll-only,160.0,0.6021054617056996,0.19774037505785846,1.0,1.0,4.0,intercept|p4_equal5|p8_equal5|p16_equal5|p32_equal5,,,,
qwen,math,abs_delta_nll_t,PkAll-only,320.0,0.10447994362048318,0.4265027815021726,0.39999999999999997,10.0,4.0,intercept|p4_equal5|p8_equal5|p16_equal5|p32_equal5,,,,
qwen,math,abs_delta_nll_t,PkAll-only,480.0,0.004163341384069041,0.75583666284526,0.39999999999999997,10.0,4.0,intercept|p4_equal5|p8_equal5|p16_equal5|p32_equal5,,,,
qwen,math,abs_delta_nll_t,PkAll-only,624.0,0.21601154829681124,0.5303917331652186,0.39999999999999997,10.0,4.0,intercept|p4_equal5|p8_equal5|p16_equal5|p32_equal5,,,,
qwen,math,abs_delta_nll_t,M0,5.0,-11.257511903376985,0.47039870659893146,0.7999999999999999,1.0,4.0,intercept|arm_offkd|arm_opd|arm_seqkd|arm_sft|log1p_checkpoint,,,,
qwen,math,abs_delta_nll_t,M0,20.0,0.37254612153070554,0.31552363674426553,0.39999999999999997,10.0,4.0,intercept|arm_offkd|arm_opd|arm_seqkd|arm_sft|log1p_checkpoint,,,,
qwen,math,abs_delta_nll_t,M0,40.0,0.36049384752896374,0.31281390411872645,0.7999999999999999,1.0,4.0,intercept|arm_offkd|arm_opd|arm_seqkd|arm_sft|log1p_checkpoint,,,,
qwen,math,abs_delta_nll_t,M0,80.0,-3.8280293112343626,0.3905087551538068,0.19999999999999998,1.0,4.0,intercept|arm_offkd|arm_opd|arm_seqkd|arm_sft|log1p_checkpoint,,,,
qwen,math,abs_delta_nll_t,M0,160.0,-2.258481345416478,0.4494828978359712,0.19999999999999998,1.0,4.0,intercept|arm_offkd|arm_opd|arm_seqkd|arm_sft|log1p_checkpoint,,,,
qwen,math,abs_delta_nll_t,M0,320.0,0.8445353399057414,0.1538056948535766,1.0,1.0,4.0,intercept|arm_offkd|arm_opd|arm_seqkd|arm_sft|log1p_checkpoint,,,,
qwen,math,abs_delta_nll_t,M0,480.0,0.37538090517772815,0.5762761475729961,1.0,1.0,4.0,intercept|arm_offkd|arm_opd|arm_seqkd|arm_sft|log1p_checkpoint,,,,
qwen,math,abs_delta_nll_t,M0,624.0,0.629812210921579,0.376268495771937,1.0,1.0,4.0,intercept|arm_offkd|arm_opd|arm_seqkd|arm_sft|log1p_checkpoint,,,,
qwen,math,abs_delta_nll_t,M0+C5,5.0,-7.541952238121896,0.3702590125278196,0.7999999999999999,1.0,4.0,intercept|arm_offkd|arm_opd|arm_seqkd|arm_sft|log1p_checkpoint|c_equal5,,,,
qwen,math,abs_delta_nll_t,M0+C5,20.0,0.3496190728747779,0.33885729608449033,0.19999999999999998,1.0,4.0,intercept|arm_offkd|arm_opd|arm_seqkd|arm_sft|log1p_checkpoint|c_equal5,,,,
qwen,math,abs_delta_nll_t,M0+C5,40.0,0.5545725326279423,0.24194457951605372,0.7999999999999999,0.1,4.0,intercept|arm_offkd|arm_opd|arm_seqkd|arm_sft|log1p_checkpoint|c_equal5,,,,
qwen,math,abs_delta_nll_t,M0+C5,80.0,-3.5364539951951155,0.4033432727967371,0.19999999999999998,1.0,4.0,intercept|arm_offkd|arm_opd|arm_seqkd|arm_sft|log1p_checkpoint|c_equal5,,,,
qwen,math,abs_delta_nll_t,M0+C5,160.0,-2.185137816020383,0.4505652194286833,0.19999999999999998,1.0,4.0,intercept|arm_offkd|arm_opd|arm_seqkd|arm_sft|log1p_checkpoint|c_equal5,,,,
qwen,math,abs_delta_nll_t,M0+C5,320.0,0.7559396576412862,0.1968778621583845,1.0,1.0,4.0,intercept|arm_offkd|arm_opd|arm_seqkd|arm_sft|log1p_checkpoint|c_equal5,,,,
qwen,math,abs_delta_nll_t,M0+C5,480.0,0.4121278176045541,0.5780618929512328,0.7999999999999999,1.0,4.0,intercept|arm_offkd|arm_opd|arm_seqkd|arm_sft|log1p_checkpoint|c_equal5,,,,
qwen,math,abs_delta_nll_t,M0+C5,624.0,0.6895492465277098,0.31236046148529406,1.0,1.0,4.0,intercept|arm_offkd|arm_opd|arm_seqkd|arm_sft|log1p_checkpoint|c_equal5,,,,
qwen,math,abs_delta_nll_t,M0+PkAll5,5.0,-5.4316932319679,0.3568008213153342,1.0,1.0,4.0,intercept|arm_offkd|arm_opd|arm_seqkd|arm_sft|log1p_checkpoint|p4_equal5|p8_equal5|p16_equal5|p32_equal5,,,,
qwen,math,abs_delta_nll_t,M0+PkAll5,20.0,0.7924391632414676,0.20964909349715477,0.7999999999999999,10.0,4.0,intercept|arm_offkd|arm_opd|arm_seqkd|arm_sft|log1p_checkpoint|p4_equal5|p8_equal5|p16_equal5|p32_equal5,,,,
qwen,math,abs_delta_nll_t,M0+PkAll5,40.0,0.5807411433657158,0.258795483965325,0.7999999999999999,10.0,4.0,intercept|arm_offkd|arm_opd|arm_seqkd|arm_sft|log1p_checkpoint|p4_equal5|p8_equal5|p16_equal5|p32_equal5,,,,
qwen,math,abs_delta_nll_t,M0+PkAll5,80.0,0.03869501079178128,0.2034296221755707,0.19999999999999998,10.0,4.0,intercept|arm_offkd|arm_opd|arm_seqkd|arm_sft|log1p_checkpoint|p4_equal5|p8_equal5|p16_equal5|p32_equal5,,,,
qwen,math,abs_delta_nll_t,M0+PkAll5,160.0,-0.602485978707427,0.34938876040294037,0.39999999999999997,10.0,4.0,intercept|arm_offkd|arm_opd|arm_seqkd|arm_sft|log1p_checkpoint|p4_equal5|p8_equal5|p16_equal5|p32_equal5,,,,
qwen,math,abs_delta_nll_t,M0+PkAll5,320.0,0.8114728842753314,0.20585036471806845,0.7999999999999999,10.0,4.0,intercept|arm_offkd|arm_opd|arm_seqkd|arm_sft|log1p_checkpoint|p4_equal5|p8_equal5|p16_equal5|p32_equal5,,,,
qwen,math,abs_delta_nll_t,M0+PkAll5,480.0,0.421519531073535,0.5819165513209598,1.0,10.0,4.0,intercept|arm_offkd|arm_opd|arm_seqkd|arm_sft|log1p_checkpoint|p4_equal5|p8_equal5|p16_equal5|p32_equal5,,,,
qwen,math,abs_delta_nll_t,M0+PkAll5,624.0,0.7085338447510037,0.3196872697027757,0.7999999999999999,10.0,4.0,intercept|arm_offkd|arm_opd|arm_seqkd|arm_sft|log1p_checkpoint|p4_equal5|p8_equal5|p16_equal5|p32_equal5,,,,
qwen,math,abs_delta_nll_t,M0+PkAll5+C5,5.0,-3.083328330057384,0.26178073249186107,1.0,1.0,4.0,intercept|arm_offkd|arm_opd|arm_seqkd|arm_sft|log1p_checkpoint|p4_equal5|p8_equal5|p16_equal5|p32_equal5|c_equal5,,,,
qwen,math,abs_delta_nll_t,M0+PkAll5+C5,20.0,0.4708359493056373,0.33358082317339316,0.39999999999999997,1.0,4.0,intercept|arm_offkd|arm_opd|arm_seqkd|arm_sft|log1p_checkpoint|p4_equal5|p8_equal5|p16_equal5|p32_equal5|c_equal5,,,,
qwen,math,abs_delta_nll_t,M0+PkAll5+C5,40.0,0.697249213955732,0.21479424281872148,0.7999999999999999,10.0,4.0,intercept|arm_offkd|arm_opd|arm_seqkd|arm_sft|log1p_checkpoint|p4_equal5|p8_equal5|p16_equal5|p32_equal5|c_equal5,,,,
qwen,math,abs_delta_nll_t,M0+PkAll5+C5,80.0,-0.157833474747626,0.21127189408419217,0.19999999999999998,10.0,4.0,intercept|arm_offkd|arm_opd|arm_seqkd|arm_sft|log1p_checkpoint|p4_equal5|p8_equal5|p16_equal5|p32_equal5|c_equal5,,,,
qwen,math,abs_delta_nll_t,M0+PkAll5+C5,160.0,-0.5190922394875657,0.34234281535448924,0.39999999999999997,10.0,4.0,intercept|arm_offkd|arm_opd|arm_seqkd|arm_sft|log1p_checkpoint|p4_equal5|p8_equal5|p16_equal5|p32_equal5|c_equal5,,,,
qwen,math,abs_delta_nll_t,M0+PkAll5+C5,320.0,0.8623660072091973,0.17252771176279946,1.0,10.0,4.0,intercept|arm_offkd|arm_opd|arm_seqkd|arm_sft|log1p_checkpoint|p4_equal5|p8_equal5|p16_equal5|p32_equal5|c_equal5,,,,
qwen,math,abs_delta_nll_t,M0+PkAll5+C5,480.0,0.6060177423468583,0.48774566919754964,1.0,0.01,4.0,intercept|arm_offkd|arm_opd|arm_seqkd|arm_sft|log1p_checkpoint|p4_equal5|p8_equal5|p16_equal5|p32_equal5|c_equal5,,,,
qwen,math,abs_delta_nll_t,M0+PkAll5+C5,624.0,0.7185177295982051,0.3033652110872992,0.7999999999999999,10.0,4.0,intercept|arm_offkd|arm_opd|arm_seqkd|arm_sft|log1p_checkpoint|p4_equal5|p8_equal5|p16_equal5|p32_equal5|c_equal5,,,,
qwen,math,delta_nll_b_minus_c,C-only,5.0,-1.3569883101225373,0.014184130388275089,-0.39999999999999997,100.0,4.0,intercept|c_equal5,,,,
qwen,math,delta_nll_b_minus_c,C-only,10.0,-0.0216330455985565,0.015187074005680604,0.39999999999999997,100.0,4.0,intercept|c_equal5,,,,
qwen,math,delta_nll_b_minus_c,C-only,20.0,-0.09144151035417947,0.010503816342409222,-0.7999999999999999,100.0,4.0,intercept|c_equal5,,,,
qwen,math,delta_nll_b_minus_c,C-only,40.0,-0.36020395116556436,0.02023729526922225,0.39999999999999997,100.0,4.0,intercept|c_equal5,,,,
qwen,math,delta_nll_b_minus_c,C-only,80.0,-0.02045739978097605,0.014172212453035495,-0.7999999999999999,100.0,4.0,intercept|c_equal5,,,,
qwen,math,delta_nll_b_minus_c,C-only,160.0,-0.16304907576620598,0.0065802870792320885,0.0,100.0,4.0,intercept|c_equal5,,,,
qwen,math,delta_nll_b_minus_c,C-only,320.0,-0.15670117331808853,0.009810994092484204,0.6000000000000001,100.0,4.0,intercept|c_equal5,,,,
qwen,math,delta_nll_b_minus_c,C-only,480.0,-0.007058730868619856,0.021055109850199816,-0.7999999999999999,100.0,4.0,intercept|c_equal5,,,,
qwen,math,delta_nll_b_minus_c,C-only,624.0,-0.5939014980939352,0.009470003255411082,0.0,100.0,4.0,intercept|c_equal5,,,,
qwen,math,delta_nll_b_minus_c,C-only-matched,5.0,-1.5898384849065694,0.014778659647745367,-0.39999999999999997,0.0,4.0,intercept|c_equal5,,,,
qwen,math,delta_nll_b_minus_c,C-only-matched,20.0,-0.1217685483329205,0.010744072998012314,-0.7999999999999999,100.0,4.0,intercept|c_equal5,,,,
qwen,math,delta_nll_b_minus_c,C-only-matched,40.0,-0.38908823613059207,0.020610329542559334,0.39999999999999997,100.0,4.0,intercept|c_equal5,,,,
qwen,math,delta_nll_b_minus_c,C-only-matched,80.0,-0.0272334511471366,0.01417054095675968,-0.7999999999999999,100.0,4.0,intercept|c_equal5,,,,
qwen,math,delta_nll_b_minus_c,C-only-matched,160.0,-0.12339326042434595,0.006400988227069363,0.0,100.0,4.0,intercept|c_equal5,,,,
qwen,math,delta_nll_b_minus_c,C-only-matched,320.0,-0.1294294326631562,0.00962986453114148,0.6000000000000001,100.0,4.0,intercept|c_equal5,,,,
qwen,math,delta_nll_b_minus_c,C-only-matched,480.0,-0.004418529814638195,0.020853373151196047,-0.7999999999999999,100.0,4.0,intercept|c_equal5,,,,
qwen,math,delta_nll_b_minus_c,C-only-matched,624.0,-0.5236649606393817,0.009290241794691735,0.0,100.0,4.0,intercept|c_equal5,,,,
qwen,math,delta_nll_b_minus_c,Pk4-only,5.0,-1.4366767989600713,0.013944592886656875,-0.19999999999999998,100.0,4.0,intercept|p4_equal5,,,,
qwen,math,delta_nll_b_minus_c,Pk4-only,20.0,-0.12337691099718184,0.010699347255552568,-0.7999999999999999,100.0,4.0,intercept|p4_equal5,,,,
qwen,math,delta_nll_b_minus_c,Pk4-only,40.0,-0.4009627762064485,0.02075161712075893,-0.7999999999999999,100.0,4.0,intercept|p4_equal5,,,,
qwen,math,delta_nll_b_minus_c,Pk4-only,80.0,-0.028355416689278323,0.01418263174858812,-1.0,100.0,4.0,intercept|p4_equal5,,,,
qwen,math,delta_nll_b_minus_c,Pk4-only,160.0,-0.1822410862334014,0.006437929177358248,-0.7999999999999999,100.0,4.0,intercept|p4_equal5,,,,
qwen,math,delta_nll_b_minus_c,Pk4-only,320.0,-0.13290921727072114,0.009611093340629314,-0.39999999999999997,100.0,4.0,intercept|p4_equal5,,,,
qwen,math,delta_nll_b_minus_c,Pk4-only,480.0,-0.005821322346623248,0.020690774937726027,-0.7999999999999999,100.0,4.0,intercept|p4_equal5,,,,
qwen,math,delta_nll_b_minus_c,Pk4-only,624.0,-0.45797730861105945,0.009161154558405167,-0.39999999999999997,100.0,4.0,intercept|p4_equal5,,,,
qwen,math,delta_nll_b_minus_c,Pk8-only,5.0,-2.917198136474928,0.01828727256323455,-0.19999999999999998,0.0,4.0,intercept|p8_equal5,,,,
qwen,math,delta_nll_b_minus_c,Pk8-only,20.0,-0.12376949327438047,0.01062527200716081,-0.39999999999999997,100.0,4.0,intercept|p8_equal5,,,,
qwen,math,delta_nll_b_minus_c,Pk8-only,40.0,-0.3872473443449935,0.020550612735402117,0.39999999999999997,100.0,4.0,intercept|p8_equal5,,,,
qwen,math,delta_nll_b_minus_c,Pk8-only,80.0,-0.02327772977542808,0.014142119062470768,0.39999999999999997,100.0,4.0,intercept|p8_equal5,,,,
qwen,math,delta_nll_b_minus_c,Pk8-only,160.0,-0.14724400573471974,0.006425502716225309,-0.7999999999999999,100.0,4.0,intercept|p8_equal5,,,,
qwen,math,delta_nll_b_minus_c,Pk8-only,320.0,-0.10577327826552829,0.00948119843988228,1.0,100.0,4.0,intercept|p8_equal5,,,,
qwen,math,delta_nll_b_minus_c,Pk8-only,480.0,0.0017067923724328748,0.020590593752227104,0.7999999999999999,100.0,4.0,intercept|p8_equal5,,,,
qwen,math,delta_nll_b_minus_c,Pk8-only,624.0,-0.42750418052938133,0.00906934156225702,0.7999999999999999,100.0,4.0,intercept|p8_equal5,,,,
qwen,math,delta_nll_b_minus_c,Pk16-only,5.0,-3.280382891341268,0.019225238563303236,-0.7999999999999999,10.0,4.0,intercept|p16_equal5,,,,
qwen,math,delta_nll_b_minus_c,Pk16-only,20.0,-0.10568457977349177,0.010531413091518477,-0.39999999999999997,100.0,4.0,intercept|p16_equal5,,,,
qwen,math,delta_nll_b_minus_c,Pk16-only,40.0,-0.38870701567229715,0.02056940079344971,-0.39999999999999997,100.0,4.0,intercept|p16_equal5,,,,
qwen,math,delta_nll_b_minus_c,Pk16-only,80.0,-0.020289517622736897,0.014125630448842057,1.0,100.0,4.0,intercept|p16_equal5,,,,
qwen,math,delta_nll_b_minus_c,Pk16-only,160.0,-0.1177188622868004,0.006323903026496612,0.39999999999999997,100.0,4.0,intercept|p16_equal5,,,,
qwen,math,delta_nll_b_minus_c,Pk16-only,320.0,-0.11297167550890075,0.009505007832368434,0.0,100.0,4.0,intercept|p16_equal5,,,,
qwen,math,delta_nll_b_minus_c,Pk16-only,480.0,-0.001276222083563816,0.02055693962196576,0.6000000000000001,100.0,4.0,intercept|p16_equal5,,,,
qwen,math,delta_nll_b_minus_c,Pk16-only,624.0,-0.4253790218386959,0.009061532182474002,0.39999999999999997,100.0,4.0,intercept|p16_equal5,,,,
qwen,math,delta_nll_b_minus_c,Pk32-only,5.0,-3.1622192820009216,0.01885415247078317,-1.0,1.0,4.0,intercept|p32_equal5,,,,
qwen,math,delta_nll_b_minus_c,Pk32-only,20.0,-0.10503773364964952,0.010598891104524591,-0.7999999999999999,100.0,4.0,intercept|p32_equal5,,,,
qwen,math,delta_nll_b_minus_c,Pk32-only,40.0,-0.4018979513644414,0.020756713224925248,-0.39999999999999997,100.0,4.0,intercept|p32_equal5,,,,
qwen,math,delta_nll_b_minus_c,Pk32-only,80.0,-0.026365516596724925,0.014162525145208577,0.39999999999999997,100.0,4.0,intercept|p32_equal5,,,,
qwen,math,delta_nll_b_minus_c,Pk32-only,160.0,-0.11619448012480893,0.006372869962866353,-0.39999999999999997,100.0,4.0,intercept|p32_equal5,,,,
qwen,math,delta_nll_b_minus_c,Pk32-only,320.0,-0.12181251664199033,0.009564567483192957,-0.7999999999999999,100.0,4.0,intercept|p32_equal5,,,,
qwen,math,delta_nll_b_minus_c,Pk32-only,480.0,-0.008008314469455824,0.020671402418863394,-0.19999999999999998,100.0,4.0,intercept|p32_equal5,,,,
qwen,math,delta_nll_b_minus_c,Pk32-only,624.0,-0.47372541511292043,0.00919396370518116,-0.19999999999999998,100.0,4.0,intercept|p32_equal5,,,,
qwen,math,delta_nll_b_minus_c,PkAll-only,5.0,-3.3297283290416235,0.019382723469390954,-0.39999999999999997,10.0,4.0,intercept|p4_equal5|p8_equal5|p16_equal5|p32_equal5,,,,
qwen,math,delta_nll_b_minus_c,PkAll-only,20.0,-0.12991174385433513,0.010584216219963489,-0.39999999999999997,100.0,4.0,intercept|p4_equal5|p8_equal5|p16_equal5|p32_equal5,,,,
qwen,math,delta_nll_b_minus_c,PkAll-only,40.0,-0.40927536866788605,0.02086305006997499,-0.7999999999999999,100.0,4.0,intercept|p4_equal5|p8_equal5|p16_equal5|p32_equal5,,,,
qwen,math,delta_nll_b_minus_c,PkAll-only,80.0,-0.02578285920331025,0.014176274857514569,-0.39999999999999997,100.0,4.0,intercept|p4_equal5|p8_equal5|p16_equal5|p32_equal5,,,,
qwen,math,delta_nll_b_minus_c,PkAll-only,160.0,-0.18672588428104864,0.006396221296120183,-0.7999999999999999,100.0,4.0,intercept|p4_equal5|p8_equal5|p16_equal5|p32_equal5,,,,
qwen,math,delta_nll_b_minus_c,PkAll-only,320.0,-0.10875936814046194,0.009457427297394641,0.0,100.0,4.0,intercept|p4_equal5|p8_equal5|p16_equal5|p32_equal5,,,,
qwen,math,delta_nll_b_minus_c,PkAll-only,480.0,-0.004430233315225296,0.020364024162513376,-0.39999999999999997,100.0,4.0,intercept|p4_equal5|p8_equal5|p16_equal5|p32_equal5,,,,
qwen,math,delta_nll_b_minus_c,PkAll-only,624.0,-0.3969195886086687,0.008983565768386437,0.39999999999999997,100.0,4.0,intercept|p4_equal5|p8_equal5|p16_equal5|p32_equal5,,,,
qwen,math,delta_nll_b_minus_c,M0,5.0,-3.1652756539912312,0.021562417537387614,1.0,10.0,4.0,intercept|arm_offkd|arm_opd|arm_seqkd|arm_sft|log1p_checkpoint,,,,
qwen,math,delta_nll_b_minus_c,M0,20.0,-0.006347196387379794,0.009476957171407716,-0.39999999999999997,100.0,4.0,intercept|arm_offkd|arm_opd|arm_seqkd|arm_sft|log1p_checkpoint,,,,
qwen,math,delta_nll_b_minus_c,M0,40.0,0.0641203676890828,0.019318679111832923,0.39999999999999997,10.0,4.0,intercept|arm_offkd|arm_opd|arm_seqkd|arm_sft|log1p_checkpoint,,,,
qwen,math,delta_nll_b_minus_c,M0,80.0,0.2920179892220661,0.012257480115609554,0.7999999999999999,100.0,4.0,intercept|arm_offkd|arm_opd|arm_seqkd|arm_sft|log1p_checkpoint,,,,
qwen,math,delta_nll_b_minus_c,M0,160.0,0.4667947125003784,0.004241631813649278,0.39999999999999997,100.0,4.0,intercept|arm_offkd|arm_opd|arm_seqkd|arm_sft|log1p_checkpoint,,,,
qwen,math,delta_nll_b_minus_c,M0,320.0,0.37302835181605287,0.0063471528283690105,0.39999999999999997,100.0,4.0,intercept|arm_offkd|arm_opd|arm_seqkd|arm_sft|log1p_checkpoint,,,,
qwen,math,delta_nll_b_minus_c,M0,480.0,0.2363011602996281,0.01800236625762293,0.19999999999999998,100.0,4.0,intercept|arm_offkd|arm_opd|arm_seqkd|arm_sft|log1p_checkpoint,,,,
qwen,math,delta_nll_b_minus_c,M0,624.0,0.10164033563494101,0.00599211128142566,0.39999999999999997,100.0,4.0,intercept|arm_offkd|arm_opd|arm_seqkd|arm_sft|log1p_checkpoint,,,,
qwen,math,delta_nll_b_minus_c,M0+C5,5.0,-2.7727207929107864,0.02059128339086011,1.0,10.0,4.0,intercept|arm_offkd|arm_opd|arm_seqkd|arm_sft|log1p_checkpoint|c_equal5,,,,
qwen,math,delta_nll_b_minus_c,M0+C5,20.0,-0.004368312292907239,0.009465507588867649,-0.39999999999999997,100.0,4.0,intercept|arm_offkd|arm_opd|arm_seqkd|arm_sft|log1p_checkpoint|c_equal5,,,,
qwen,math,delta_nll_b_minus_c,M0+C5,40.0,0.20043641803638046,0.019495493600789764,0.39999999999999997,0.0,4.0,intercept|arm_offkd|arm_opd|arm_seqkd|arm_sft|log1p_checkpoint|c_equal5,,,,
qwen,math,delta_nll_b_minus_c,M0+C5,80.0,0.8193112848147551,0.007058863827046934,0.7999999999999999,0.0,4.0,intercept|arm_offkd|arm_opd|arm_seqkd|arm_sft|log1p_checkpoint|c_equal5,,,,
qwen,math,delta_nll_b_minus_c,M0+C5,160.0,-1.2548348063599568,0.007647960928582626,0.39999999999999997,0.0,4.0,intercept|arm_offkd|arm_opd|arm_seqkd|arm_sft|log1p_checkpoint|c_equal5,,,,
qwen,math,delta_nll_b_minus_c,M0+C5,320.0,0.22105463662951452,0.00781770341668139,0.39999999999999997,0.0,4.0,intercept|arm_offkd|arm_opd|arm_seqkd|arm_sft|log1p_checkpoint|c_equal5,,,,
qwen,math,delta_nll_b_minus_c,M0+C5,480.0,0.23727372769045962,0.017960069028439045,0.19999999999999998,100.0,4.0,intercept|arm_offkd|arm_opd|arm_seqkd|arm_sft|log1p_checkpoint|c_equal5,,,,
qwen,math,delta_nll_b_minus_c,M0+C5,624.0,-0.015451823188836533,0.0074276074167097935,0.7999999999999999,0.0,4.0,intercept|arm_offkd|arm_opd|arm_seqkd|arm_sft|log1p_checkpoint|c_equal5,,,,
qwen,math,delta_nll_b_minus_c,M0+PkAll5,5.0,-3.0098992237635995,0.020925629723348695,0.19999999999999998,10.0,4.0,intercept|arm_offkd|arm_opd|arm_seqkd|arm_sft|log1p_checkpoint|p4_equal5|p8_equal5|p16_equal5|p32_equal5,,,,
qwen,math,delta_nll_b_minus_c,M0+PkAll5,20.0,-2.190128768649516,0.013572177442058322,0.19999999999999998,0.0,4.0,intercept|arm_offkd|arm_opd|arm_seqkd|arm_sft|log1p_checkpoint|p4_equal5|p8_equal5|p16_equal5|p32_equal5,,,,
qwen,math,delta_nll_b_minus_c,M0+PkAll5,40.0,0.17513247631700868,0.019535146487931327,0.39999999999999997,1.0,4.0,intercept|arm_offkd|arm_opd|arm_seqkd|arm_sft|log1p_checkpoint|p4_equal5|p8_equal5|p16_equal5|p32_equal5,,,,
qwen,math,delta_nll_b_minus_c,M0+PkAll5,80.0,0.7493085480622013,0.007080874845827287,0.7999999999999999,0.01,4.0,intercept|arm_offkd|arm_opd|arm_seqkd|arm_sft|log1p_checkpoint|p4_equal5|p8_equal5|p16_equal5|p32_equal5,,,,
qwen,math,delta_nll_b_minus_c,M0+PkAll5,160.0,-3.9129031033039565,0.013336942782272746,0.19999999999999998,0.01,4.0,intercept|arm_offkd|arm_opd|arm_seqkd|arm_sft|log1p_checkpoint|p4_equal5|p8_equal5|p16_equal5|p32_equal5,,,,
qwen,math,delta_nll_b_minus_c,M0+PkAll5,320.0,0.6649399760248718,0.005430251610114931,1.0,0.0,4.0,intercept|arm_offkd|arm_opd|arm_seqkd|arm_sft|log1p_checkpoint|p4_equal5|p8_equal5|p16_equal5|p32_equal5,,,,
qwen,math,delta_nll_b_minus_c,M0+PkAll5,480.0,0.51587997587536,0.011945795503998168,0.7999999999999999,0.1,4.0,intercept|arm_offkd|arm_opd|arm_seqkd|arm_sft|log1p_checkpoint|p4_equal5|p8_equal5|p16_equal5|p32_equal5,,,,
qwen,math,delta_nll_b_minus_c,M0+PkAll5,624.0,0.09015665574260145,0.005747490500869398,0.7999999999999999,0.1,4.0,intercept|arm_offkd|arm_opd|arm_seqkd|arm_sft|log1p_checkpoint|p4_equal5|p8_equal5|p16_equal5|p32_equal5,,,,
qwen,math,delta_nll_b_minus_c,M0+PkAll5+C5,5.0,-2.8713701180325564,0.020595847587092993,1.0,10.0,4.0,intercept|arm_offkd|arm_opd|arm_seqkd|arm_sft|log1p_checkpoint|p4_equal5|p8_equal5|p16_equal5|p32_equal5|c_equal5,,,,
qwen,math,delta_nll_b_minus_c,M0+PkAll5+C5,20.0,-2.5312571457681425,0.015291335162962598,0.19999999999999998,0.0,4.0,intercept|arm_offkd|arm_opd|arm_seqkd|arm_sft|log1p_checkpoint|p4_equal5|p8_equal5|p16_equal5|p32_equal5|c_equal5,,,,
qwen,math,delta_nll_b_minus_c,M0+PkAll5+C5,40.0,0.08165118114346892,0.020744244863995107,0.39999999999999997,0.1,4.0,intercept|arm_offkd|arm_opd|arm_seqkd|arm_sft|log1p_checkpoint|p4_equal5|p8_equal5|p16_equal5|p32_equal5|c_equal5,,,,
qwen,math,delta_nll_b_minus_c,M0+PkAll5+C5,80.0,0.7118242188754235,0.009002260034137486,0.7999999999999999,10.0,4.0,intercept|arm_offkd|arm_opd|arm_seqkd|arm_sft|log1p_checkpoint|p4_equal5|p8_equal5|p16_equal5|p32_equal5|c_equal5,,,,
qwen,math,delta_nll_b_minus_c,M0+PkAll5+C5,160.0,-3.9388709045779535,0.013028623955229975,0.19999999999999998,0.1,4.0,intercept|arm_offkd|arm_opd|arm_seqkd|arm_sft|log1p_checkpoint|p4_equal5|p8_equal5|p16_equal5|p32_equal5|c_equal5,,,,
qwen,math,delta_nll_b_minus_c,M0+PkAll5+C5,320.0,0.4741851673140456,0.006733271874134071,0.39999999999999997,1.0,4.0,intercept|arm_offkd|arm_opd|arm_seqkd|arm_sft|log1p_checkpoint|p4_equal5|p8_equal5|p16_equal5|p32_equal5|c_equal5,,,,
qwen,math,delta_nll_b_minus_c,M0+PkAll5+C5,480.0,0.5227110837141454,0.011785160819466126,0.7999999999999999,0.1,4.0,intercept|arm_offkd|arm_opd|arm_seqkd|arm_sft|log1p_checkpoint|p4_equal5|p8_equal5|p16_equal5|p32_equal5|c_equal5,,,,
qwen,math,delta_nll_b_minus_c,M0+PkAll5+C5,624.0,0.1761265121355151,0.0058382343132481985,0.7999999999999999,0.1,4.0,intercept|arm_offkd|arm_opd|arm_seqkd|arm_sft|log1p_checkpoint|p4_equal5|p8_equal5|p16_equal5|p32_equal5|c_equal5,,,,
qwen,math,delta_nll_b_minus_p,C-only,5.0,-0.9662888581304301,0.012907771942613184,-0.39999999999999997,0.0,4.0,intercept|c_equal5,,,,
qwen,math,delta_nll_b_minus_p,C-only,10.0,-1.4936216914039333,0.02804554485160347,-0.39999999999999997,0.0,4.0,intercept|c_equal5,,,,
qwen,math,delta_nll_b_minus_p,C-only,20.0,-6.142896754653417,0.029461660209587102,0.7999999999999999,0.0,4.0,intercept|c_equal5,,,,
qwen,math,delta_nll_b_minus_p,C-only,40.0,-1.18023107902565,0.035462844831211836,-0.39999999999999997,0.0,4.0,intercept|c_equal5,,,,
qwen,math,delta_nll_b_minus_p,C-only,80.0,-0.28758855492238666,0.04216281372781007,-1.0,0.0,4.0,intercept|c_equal5,,,,
qwen,math,delta_nll_b_minus_p,C-only,160.0,-0.7077453119562109,0.038647006072417646,-0.7999999999999999,0.0,4.0,intercept|c_equal5,,,,
qwen,math,delta_nll_b_minus_p,C-only,320.0,-0.6486721661643475,0.031547446947521346,-0.7999999999999999,0.0,4.0,intercept|c_equal5,,,,
qwen,math,delta_nll_b_minus_p,C-only,480.0,-0.5033196620906408,0.03833340626915305,-0.39999999999999997,0.0,4.0,intercept|c_equal5,,,,
qwen,math,delta_nll_b_minus_p,C-only,624.0,-1.2467530370691402,0.02893235217552826,-0.7999999999999999,0.0,4.0,intercept|c_equal5,,,,
qwen,math,delta_nll_b_minus_p,C-only-matched,5.0,-2.9155948226794366,0.01726189081734263,-0.39999999999999997,10.0,4.0,intercept|c_equal5,,,,
qwen,math,delta_nll_b_minus_p,C-only-matched,20.0,-11.299068986341247,0.03982056848354241,0.7999999999999999,100.0,4.0,intercept|c_equal5,,,,
qwen,math,delta_nll_b_minus_p,C-only-matched,40.0,-1.5557172022522998,0.04331133047481082,-0.39999999999999997,10.0,4.0,intercept|c_equal5,,,,
qwen,math,delta_nll_b_minus_p,C-only-matched,80.0,-0.21958907939748573,0.04018157540215653,-1.0,0.0,4.0,intercept|c_equal5,,,,
qwen,math,delta_nll_b_minus_p,C-only-matched,160.0,-0.6023976736166965,0.03751167073035575,-0.7999999999999999,0.0,4.0,intercept|c_equal5,,,,
qwen,math,delta_nll_b_minus_p,C-only-matched,320.0,-0.5408239688515801,0.030694981923415868,-0.7999999999999999,0.0,4.0,intercept|c_equal5,,,,
qwen,math,delta_nll_b_minus_p,C-only-matched,480.0,-0.4343135140220993,0.03800132347811985,-0.39999999999999997,0.0,4.0,intercept|c_equal5,,,,
qwen,math,delta_nll_b_minus_p,C-only-matched,624.0,-1.087809722220178,0.028401323376733026,-0.7999999999999999,0.0,4.0,intercept|c_equal5,,,,
qwen,math,delta_nll_b_minus_p,Pk4-only,5.0,-8.281747692458717,0.02859550932359483,-0.19999999999999998,1.0,4.0,intercept|p4_equal5,,,,
qwen,math,delta_nll_b_minus_p,Pk4-only,20.0,-10.820219783331344,0.03718036062778008,-0.7999999999999999,10.0,4.0,intercept|p4_equal5,,,,
qwen,math,delta_nll_b_minus_p,Pk4-only,40.0,-0.9650324830300561,0.038162474741329055,0.7999999999999999,1.0,4.0,intercept|p4_equal5,,,,
qwen,math,delta_nll_b_minus_p,Pk4-only,80.0,0.17812451909548932,0.032429659296139945,0.7999999999999999,10.0,4.0,intercept|p4_equal5,,,,
qwen,math,delta_nll_b_minus_p,Pk4-only,160.0,-0.302541780961989,0.03909735018523632,0.19999999999999998,10.0,4.0,intercept|p4_equal5,,,,
qwen,math,delta_nll_b_minus_p,Pk4-only,320.0,-0.45441736676327027,0.032833651372487574,0.19999999999999998,0.0,4.0,intercept|p4_equal5,,,,
qwen,math,delta_nll_b_minus_p,Pk4-only,480.0,-0.15964322000335662,0.03691400400462092,0.39999999999999997,10.0,4.0,intercept|p4_equal5,,,,
qwen,math,delta_nll_b_minus_p,Pk4-only,624.0,-0.6546783860227605,0.027059393196721633,-0.39999999999999997,10.0,4.0,intercept|p4_equal5,,,,
qwen,math,delta_nll_b_minus_p,Pk8-only,5.0,-1.4049558134714526,0.01410872052896613,-0.19999999999999998,10.0,4.0,intercept|p8_equal5,,,,
qwen,math,delta_nll_b_minus_p,Pk8-only,20.0,-6.231047946781655,0.0290621423375699,-0.39999999999999997,1.0,4.0,intercept|p8_equal5,,,,
qwen,math,delta_nll_b_minus_p,Pk8-only,40.0,-0.8399495095167966,0.03115476639546027,-0.39999999999999997,0.0,4.0,intercept|p8_equal5,,,,
qwen,math,delta_nll_b_minus_p,Pk8-only,80.0,-0.08244062567012755,0.04065202314997686,0.19999999999999998,1.0,4.0,intercept|p8_equal5,,,,
qwen,math,delta_nll_b_minus_p,Pk8-only,160.0,-0.36759711180544064,0.038737594546786255,0.19999999999999998,1.0,4.0,intercept|p8_equal5,,,,
qwen,math,delta_nll_b_minus_p,Pk8-only,320.0,-0.020746221208968185,0.024502511918531804,0.7999999999999999,1.0,4.0,intercept|p8_equal5,,,,
qwen,math,delta_nll_b_minus_p,Pk8-only,480.0,-0.016897761596520455,0.029913145257926266,-0.39999999999999997,10.0,4.0,intercept|p8_equal5,,,,
qwen,math,delta_nll_b_minus_p,Pk8-only,624.0,-0.4940447262241323,0.025790435979005467,-0.19999999999999998,10.0,4.0,intercept|p8_equal5,,,,
qwen,math,delta_nll_b_minus_p,Pk16-only,5.0,-7.335819166811662,0.022854706498807775,-0.7999999999999999,1.0,4.0,intercept|p16_equal5,,,,
qwen,math,delta_nll_b_minus_p,Pk16-only,20.0,-4.224286487612559,0.02496354532456778,-0.39999999999999997,10.0,4.0,intercept|p16_equal5,,,,
qwen,math,delta_nll_b_minus_p,Pk16-only,40.0,-0.6923440217271364,0.03007112055126299,0.39999999999999997,1.0,4.0,intercept|p16_equal5,,,,
qwen,math,delta_nll_b_minus_p,Pk16-only,80.0,0.1788922291804047,0.030905880078292546,0.7999999999999999,10.0,4.0,intercept|p16_equal5,,,,
qwen,math,delta_nll_b_minus_p,Pk16-only,160.0,-0.09843821159713206,0.03402302091023351,1.0,10.0,4.0,intercept|p16_equal5,,,,
qwen,math,delta_nll_b_minus_p,Pk16-only,320.0,-0.09156035365602722,0.026590341047471017,0.39999999999999997,10.0,4.0,intercept|p16_equal5,,,,
qwen,math,delta_nll_b_minus_p,Pk16-only,480.0,0.0001920791605252159,0.02955339482437844,-0.19999999999999998,10.0,4.0,intercept|p16_equal5,,,,
qwen,math,delta_nll_b_minus_p,Pk16-only,624.0,-0.44501203965634417,0.02556100220737739,-0.39999999999999997,10.0,4.0,intercept|p16_equal5,,,,
qwen,math,delta_nll_b_minus_p,Pk32-only,5.0,-2.9076983299542594,0.013716777079307296,-1.0,0.0,4.0,intercept|p32_equal5,,,,
qwen,math,delta_nll_b_minus_p,Pk32-only,20.0,-3.556473407617954,0.022841593632432693,-0.7999999999999999,1.0,4.0,intercept|p32_equal5,,,,
qwen,math,delta_nll_b_minus_p,Pk32-only,40.0,-0.8001137970846723,0.03346556238730764,0.39999999999999997,0.0,4.0,intercept|p32_equal5,,,,
qwen,math,delta_nll_b_minus_p,Pk32-only,80.0,0.0399118452086239,0.032445261055929264,0.19999999999999998,1.0,4.0,intercept|p32_equal5,,,,
qwen,math,delta_nll_b_minus_p,Pk32-only,160.0,-0.20764854270345223,0.034138058751554574,0.39999999999999997,1.0,4.0,intercept|p32_equal5,,,,
qwen,math,delta_nll_b_minus_p,Pk32-only,320.0,-0.41249950701741933,0.030159435935518716,-1.0,1.0,4.0,intercept|p32_equal5,,,,
qwen,math,delta_nll_b_minus_p,Pk32-only,480.0,-0.31888183126328373,0.035686349964920684,-1.0,10.0,4.0,intercept|p32_equal5,,,,
qwen,math,delta_nll_b_minus_p,Pk32-only,624.0,-1.0377619395504394,0.02822013263168836,-0.7999999999999999,1.0,4.0,intercept|p32_equal5,,,,
qwen,math,delta_nll_b_minus_p,PkAll-only,5.0,-15.76174906521025,0.035867821363163334,-0.7999999999999999,0.1,4.0,intercept|p4_equal5|p8_equal5|p16_equal5|p32_equal5,,,,
qwen,math,delta_nll_b_minus_p,PkAll-only,20.0,-4.988840726133969,0.026579589427711617,-0.19999999999999998,0.1,4.0,intercept|p4_equal5|p8_equal5|p16_equal5|p32_equal5,,,,
qwen,math,delta_nll_b_minus_p,PkAll-only,40.0,-2.103102299494465,0.04466581575120319,0.0,0.0,4.0,intercept|p4_equal5|p8_equal5|p16_equal5|p32_equal5,,,,
qwen,math,delta_nll_b_minus_p,PkAll-only,80.0,0.14628702436397822,0.03276122419659281,0.7999999999999999,10.0,4.0,intercept|p4_equal5|p8_equal5|p16_equal5|p32_equal5,,,,
qwen,math,delta_nll_b_minus_p,PkAll-only,160.0,-0.1164262583873461,0.03563164299101266,0.19999999999999998,10.0,4.0,intercept|p4_equal5|p8_equal5|p16_equal5|p32_equal5,,,,
qwen,math,delta_nll_b_minus_p,PkAll-only,320.0,-0.13124815412289625,0.027757390929156713,0.39999999999999997,10.0,4.0,intercept|p4_equal5|p8_equal5|p16_equal5|p32_equal5,,,,
qwen,math,delta_nll_b_minus_p,PkAll-only,480.0,-0.14565580316517246,0.03506636288028158,-0.7999999999999999,100.0,4.0,intercept|p4_equal5|p8_equal5|p16_equal5|p32_equal5,,,,
qwen,math,delta_nll_b_minus_p,PkAll-only,624.0,-0.9722740740393172,0.030042172760056194,-0.7999999999999999,10.0,4.0,intercept|p4_equal5|p8_equal5|p16_equal5|p32_equal5,,,,
qwen,math,delta_nll_b_minus_p,M0,5.0,-17.691325956101085,0.03909947995984841,1.0,1.0,4.0,intercept|arm_offkd|arm_opd|arm_seqkd|arm_sft|log1p_checkpoint,,,,
qwen,math,delta_nll_b_minus_p,M0,20.0,-6.239863570472593,0.03123824043967874,0.19999999999999998,1.0,4.0,intercept|arm_offkd|arm_opd|arm_seqkd|arm_sft|log1p_checkpoint,,,,
qwen,math,delta_nll_b_minus_p,M0,40.0,-0.42198351433163506,0.03560168654200681,0.39999999999999997,1.0,4.0,intercept|arm_offkd|arm_opd|arm_seqkd|arm_sft|log1p_checkpoint,,,,
qwen,math,delta_nll_b_minus_p,M0,80.0,0.670306248537135,0.018478099119844323,1.0,1.0,4.0,intercept|arm_offkd|arm_opd|arm_seqkd|arm_sft|log1p_checkpoint,,,,
qwen,math,delta_nll_b_minus_p,M0,160.0,0.66620562669525,0.01756243731728303,1.0,0.0,4.0,intercept|arm_offkd|arm_opd|arm_seqkd|arm_sft|log1p_checkpoint,,,,
qwen,math,delta_nll_b_minus_p,M0,320.0,0.8878747240046757,0.007837694066326294,1.0,1.0,4.0,intercept|arm_offkd|arm_opd|arm_seqkd|arm_sft|log1p_checkpoint,,,,
qwen,math,delta_nll_b_minus_p,M0,480.0,0.8633595371081444,0.01132220365446083,1.0,1.0,4.0,intercept|arm_offkd|arm_opd|arm_seqkd|arm_sft|log1p_checkpoint,,,,
qwen,math,delta_nll_b_minus_p,M0,624.0,0.9705821046120688,0.003901690575522675,1.0,0.1,4.0,intercept|arm_offkd|arm_opd|arm_seqkd|arm_sft|log1p_checkpoint,,,,
qwen,math,delta_nll_b_minus_p,M0+C5,5.0,-19.357975257755584,0.04152037552036794,1.0,1.0,4.0,intercept|arm_offkd|arm_opd|arm_seqkd|arm_sft|log1p_checkpoint|c_equal5,,,,
qwen,math,delta_nll_b_minus_p,M0+C5,20.0,-5.694960665766396,0.028570187296985194,0.19999999999999998,10.0,4.0,intercept|arm_offkd|arm_opd|arm_seqkd|arm_sft|log1p_checkpoint|c_equal5,,,,
qwen,math,delta_nll_b_minus_p,M0+C5,40.0,-0.3832235308627694,0.033771039884647094,0.39999999999999997,1.0,4.0,intercept|arm_offkd|arm_opd|arm_seqkd|arm_sft|log1p_checkpoint|c_equal5,,,,
qwen,math,delta_nll_b_minus_p,M0+C5,80.0,0.5537210270466668,0.023324326384619967,1.0,10.0,4.0,intercept|arm_offkd|arm_opd|arm_seqkd|arm_sft|log1p_checkpoint|c_equal5,,,,
qwen,math,delta_nll_b_minus_p,M0+C5,160.0,0.49150600674503364,0.019506268195989284,1.0,10.0,4.0,intercept|arm_offkd|arm_opd|arm_seqkd|arm_sft|log1p_checkpoint|c_equal5,,,,
qwen,math,delta_nll_b_minus_p,M0+C5,320.0,0.7800548686938331,0.012586388911396401,0.7999999999999999,10.0,4.0,intercept|arm_offkd|arm_opd|arm_seqkd|arm_sft|log1p_checkpoint|c_equal5,,,,
qwen,math,delta_nll_b_minus_p,M0+C5,480.0,0.7645660364642575,0.016339669319638594,1.0,10.0,4.0,intercept|arm_offkd|arm_opd|arm_seqkd|arm_sft|log1p_checkpoint|c_equal5,,,,
qwen,math,delta_nll_b_minus_p,M0+C5,624.0,0.8935052166245738,0.004472254220766562,1.0,10.0,4.0,intercept|arm_offkd|arm_opd|arm_seqkd|arm_sft|log1p_checkpoint|c_equal5,,,,
qwen,math,delta_nll_b_minus_p,M0+PkAll5,5.0,-6.562548044009883,0.023657981589237157,1.0,10.0,4.0,intercept|arm_offkd|arm_opd|arm_seqkd|arm_sft|log1p_checkpoint|p4_equal5|p8_equal5|p16_equal5|p32_equal5,,,,
qwen,math,delta_nll_b_minus_p,M0+PkAll5,20.0,-3.9787483835009025,0.02451323122758691,0.19999999999999998,10.0,4.0,intercept|arm_offkd|arm_opd|arm_seqkd|arm_sft|log1p_checkpoint|p4_equal5|p8_equal5|p16_equal5|p32_equal5,,,,
qwen,math,delta_nll_b_minus_p,M0+PkAll5,40.0,-0.4222719766397063,0.033562705570878947,0.39999999999999997,0.1,4.0,intercept|arm_offkd|arm_opd|arm_seqkd|arm_sft|log1p_checkpoint|p4_equal5|p8_equal5|p16_equal5|p32_equal5,,,,
qwen,math,delta_nll_b_minus_p,M0+PkAll5,80.0,0.6605005516757738,0.018829199598408265,1.0,10.0,4.0,intercept|arm_offkd|arm_opd|arm_seqkd|arm_sft|log1p_checkpoint|p4_equal5|p8_equal5|p16_equal5|p32_equal5,,,,
qwen,math,delta_nll_b_minus_p,M0+PkAll5,160.0,0.5443875404434713,0.022697444672846467,1.0,10.0,4.0,intercept|arm_offkd|arm_opd|arm_seqkd|arm_sft|log1p_checkpoint|p4_equal5|p8_equal5|p16_equal5|p32_equal5,,,,
qwen,math,delta_nll_b_minus_p,M0+PkAll5,320.0,0.8457590431587491,0.0078052487232549775,1.0,1.0,4.0,intercept|arm_offkd|arm_opd|arm_seqkd|arm_sft|log1p_checkpoint|p4_equal5|p8_equal5|p16_equal5|p32_equal5,,,,
qwen,math,delta_nll_b_minus_p,M0+PkAll5,480.0,0.735827514336738,0.01391029859730516,1.0,10.0,4.0,intercept|arm_offkd|arm_opd|arm_seqkd|arm_sft|log1p_checkpoint|p4_equal5|p8_equal5|p16_equal5|p32_equal5,,,,
qwen,math,delta_nll_b_minus_p,M0+PkAll5,624.0,0.570496695936364,0.015236322921878575,1.0,10.0,4.0,intercept|arm_offkd|arm_opd|arm_seqkd|arm_sft|log1p_checkpoint|p4_equal5|p8_equal5|p16_equal5|p32_equal5,,,,
qwen,math,delta_nll_b_minus_p,M0+PkAll5+C5,5.0,-8.790592911640067,0.02898856520871839,0.7999999999999999,1.0,4.0,intercept|arm_offkd|arm_opd|arm_seqkd|arm_sft|log1p_checkpoint|p4_equal5|p8_equal5|p16_equal5|p32_equal5|c_equal5,,,,
qwen,math,delta_nll_b_minus_p,M0+PkAll5+C5,20.0,-4.131268300814813,0.024666078056108993,0.19999999999999998,10.0,4.0,intercept|arm_offkd|arm_opd|arm_seqkd|arm_sft|log1p_checkpoint|p4_equal5|p8_equal5|p16_equal5|p32_equal5|c_equal5,,,,
qwen,math,delta_nll_b_minus_p,M0+PkAll5+C5,40.0,-0.2155519780899573,0.03152839404698613,0.39999999999999997,1.0,4.0,intercept|arm_offkd|arm_opd|arm_seqkd|arm_sft|log1p_checkpoint|p4_equal5|p8_equal5|p16_equal5|p32_equal5|c_equal5,,,,
qwen,math,delta_nll_b_minus_p,M0+PkAll5+C5,80.0,0.7443538154063478,0.019141117801265272,1.0,0.1,4.0,intercept|arm_offkd|arm_opd|arm_seqkd|arm_sft|log1p_checkpoint|p4_equal5|p8_equal5|p16_equal5|p32_equal5|c_equal5,,,,
qwen,math,delta_nll_b_minus_p,M0+PkAll5+C5,160.0,0.5443495265514374,0.022727422196626615,1.0,10.0,4.0,intercept|arm_offkd|arm_opd|arm_seqkd|arm_sft|log1p_checkpoint|p4_equal5|p8_equal5|p16_equal5|p32_equal5|c_equal5,,,,
qwen,math,delta_nll_b_minus_p,M0+PkAll5+C5,320.0,0.8493906916176132,0.007459363687611518,1.0,1.0,4.0,intercept|arm_offkd|arm_opd|arm_seqkd|arm_sft|log1p_checkpoint|p4_equal5|p8_equal5|p16_equal5|p32_equal5|c_equal5,,,,
qwen,math,delta_nll_b_minus_p,M0+PkAll5+C5,480.0,0.7370262031028413,0.014076195684431228,1.0,10.0,4.0,intercept|arm_offkd|arm_opd|arm_seqkd|arm_sft|log1p_checkpoint|p4_equal5|p8_equal5|p16_equal5|p32_equal5|c_equal5,,,,
qwen,math,delta_nll_b_minus_p,M0+PkAll5+C5,624.0,0.5802506114892219,0.015015764993140878,1.0,10.0,4.0,intercept|arm_offkd|arm_opd|arm_seqkd|arm_sft|log1p_checkpoint|p4_equal5|p8_equal5|p16_equal5|p32_equal5|c_equal5,,,,
qwen,mmlu,delta_nll_p,C-only,5.0,-16.45120310001191,0.001275515518886571,1.0,10.0,4.0,intercept|c_equal5,,,,
qwen,mmlu,delta_nll_p,C-only,10.0,-2.908286742037985,0.001380095342091704,0.39999999999999997,10.0,4.0,intercept|c_equal5,,,,
qwen,mmlu,delta_nll_p,C-only,20.0,-0.41831310298773516,0.010010202656426756,0.19999999999999998,10.0,4.0,intercept|c_equal5,,,,
qwen,mmlu,delta_nll_p,C-only,40.0,0.15916058142668155,0.007887272377405642,1.0,10.0,4.0,intercept|c_equal5,,,,
qwen,mmlu,delta_nll_p,C-only,80.0,-0.04522742973623961,0.011110440045042592,1.0,10.0,4.0,intercept|c_equal5,,,,
qwen,mmlu,delta_nll_p,C-only,160.0,0.1603353319668297,0.017373150028703994,1.0,10.0,4.0,intercept|c_equal5,,,,
qwen,mmlu,delta_nll_p,C-only,320.0,0.11692791443249873,0.02420891619709199,0.7999999999999999,10.0,4.0,intercept|c_equal5,,,,
qwen,mmlu,delta_nll_p,C-only,480.0,0.06465631317580423,0.026335133532179106,1.0,10.0,4.0,intercept|c_equal5,,,,
qwen,mmlu,delta_nll_p,C-only,624.0,0.12497761989649336,0.026797017883036317,1.0,10.0,4.0,intercept|c_equal5,,,,
qwen,mmlu,delta_nll_p,C-only-matched,5.0,-333.5727995427633,0.006200017523666368,1.0,100.0,4.0,intercept|c_equal5,,,,
qwen,mmlu,delta_nll_p,C-only-matched,20.0,-0.4776479650929928,0.01021567551086287,0.19999999999999998,10.0,4.0,intercept|c_equal5,,,,
qwen,mmlu,delta_nll_p,C-only-matched,40.0,0.05717580237864739,0.01052697140661016,1.0,100.0,4.0,intercept|c_equal5,,,,
qwen,mmlu,delta_nll_p,C-only-matched,80.0,-0.08553303188350991,0.012184259591335572,1.0,100.0,4.0,intercept|c_equal5,,,,
qwen,mmlu,delta_nll_p,C-only-matched,160.0,0.1585293586805464,0.017432879507586735,1.0,10.0,4.0,intercept|c_equal5,,,,
qwen,mmlu,delta_nll_p,C-only-matched,320.0,0.11265428861319893,0.024266679175212233,0.7999999999999999,10.0,4.0,intercept|c_equal5,,,,
qwen,mmlu,delta_nll_p,C-only-matched,480.0,0.06101564051033426,0.026374783031197422,1.0,10.0,4.0,intercept|c_equal5,,,,
qwen,mmlu,delta_nll_p,C-only-matched,624.0,0.12092093733243736,0.026843457666104076,1.0,10.0,4.0,intercept|c_equal5,,,,
qwen,mmlu,delta_nll_p,Pk4-only,5.0,-975.5351952647154,0.010389428645375714,0.7999999999999999,0.0,4.0,intercept|p4_equal5,,,,
qwen,mmlu,delta_nll_p,Pk4-only,20.0,-0.041082829344315064,0.008041823571847701,-0.19999999999999998,100.0,4.0,intercept|p4_equal5,,,,
qwen,mmlu,delta_nll_p,Pk4-only,40.0,-0.035481615738959915,0.012234786010393975,-0.19999999999999998,100.0,4.0,intercept|p4_equal5,,,,
qwen,mmlu,delta_nll_p,Pk4-only,80.0,-0.13443403364694917,0.012807935044844256,-0.7999999999999999,0.0,4.0,intercept|p4_equal5,,,,
qwen,mmlu,delta_nll_p,Pk4-only,160.0,-0.01626389627634528,0.018026684766649946,-0.19999999999999998,100.0,4.0,intercept|p4_equal5,,,,
qwen,mmlu,delta_nll_p,Pk4-only,320.0,-0.0029133388160353935,0.023108399387524788,0.19999999999999998,100.0,4.0,intercept|p4_equal5,,,,
qwen,mmlu,delta_nll_p,Pk4-only,480.0,-0.01008841680814987,0.024359236393684057,-0.39999999999999997,100.0,4.0,intercept|p4_equal5,,,,
qwen,mmlu,delta_nll_p,Pk4-only,624.0,-0.0215177739696506,0.02484241536370305,-0.39999999999999997,100.0,4.0,intercept|p4_equal5,,,,
qwen,mmlu,delta_nll_p,Pk8-only,5.0,-653.5450780503911,0.008668964199816599,0.7999999999999999,100.0,4.0,intercept|p8_equal5,,,,
qwen,mmlu,delta_nll_p,Pk8-only,20.0,-0.04230986087988242,0.008069111046291044,-1.0,100.0,4.0,intercept|p8_equal5,,,,
qwen,mmlu,delta_nll_p,Pk8-only,40.0,-0.032867810192557245,0.012223068281446467,1.0,100.0,4.0,intercept|p8_equal5,,,,
qwen,mmlu,delta_nll_p,Pk8-only,80.0,-0.11673592580267411,0.012730036761495606,-0.19999999999999998,100.0,4.0,intercept|p8_equal5,,,,
qwen,mmlu,delta_nll_p,Pk8-only,160.0,-0.011310967333063582,0.018042971482063005,-0.19999999999999998,100.0,4.0,intercept|p8_equal5,,,,
qwen,mmlu,delta_nll_p,Pk8-only,320.0,-0.004865700376263105,0.023164250798230986,-0.7999999999999999,100.0,4.0,intercept|p8_equal5,,,,
qwen,mmlu,delta_nll_p,Pk8-only,480.0,-0.012280369735168106,0.024496061516562948,0.39999999999999997,100.0,4.0,intercept|p8_equal5,,,,
qwen,mmlu,delta_nll_p,Pk8-only,624.0,-0.0021104631310422395,0.02496484937307602,-0.19999999999999998,100.0,4.0,intercept|p8_equal5,,,,
qwen,mmlu,delta_nll_p,Pk16-only,5.0,-754.3950874633456,0.009308621763859569,0.0,100.0,4.0,intercept|p16_equal5,,,,
qwen,mmlu,delta_nll_p,Pk16-only,20.0,-0.04317971934321374,0.008187288795948794,-1.0,100.0,4.0,intercept|p16_equal5,,,,
qwen,mmlu,delta_nll_p,Pk16-only,40.0,-0.030811668235469547,0.012280306548068054,-0.6000000000000001,100.0,4.0,intercept|p16_equal5,,,,
qwen,mmlu,delta_nll_p,Pk16-only,80.0,-0.11960019017368828,0.012750448527497127,-0.7999999999999999,100.0,4.0,intercept|p16_equal5,,,,
qwen,mmlu,delta_nll_p,Pk16-only,160.0,-0.011316884941366956,0.01804712780244042,-1.0,100.0,4.0,intercept|p16_equal5,,,,
qwen,mmlu,delta_nll_p,Pk16-only,320.0,-0.0025106386685274096,0.023078154176774224,0.39999999999999997,100.0,4.0,intercept|p16_equal5,,,,
qwen,mmlu,delta_nll_p,Pk16-only,480.0,-0.009355412382588302,0.02431140335136873,-0.19999999999999998,100.0,4.0,intercept|p16_equal5,,,,
qwen,mmlu,delta_nll_p,Pk16-only,624.0,-0.0038566827603818687,0.02478451379563859,-0.39999999999999997,100.0,4.0,intercept|p16_equal5,,,,
qwen,mmlu,delta_nll_p,Pk32-only,5.0,-326.72796341563105,0.006123389446436691,0.39999999999999997,10.0,4.0,intercept|p32_equal5,,,,
qwen,mmlu,delta_nll_p,Pk32-only,20.0,-0.31430985520775456,0.008201114448040928,0.19999999999999998,0.0,4.0,intercept|p32_equal5,,,,
qwen,mmlu,delta_nll_p,Pk32-only,40.0,-0.05718735368809247,0.011970634494884485,0.39999999999999997,100.0,4.0,intercept|p32_equal5,,,,
qwen,mmlu,delta_nll_p,Pk32-only,80.0,-0.25315572742248893,0.01322684723468242,-0.19999999999999998,1.0,4.0,intercept|p32_equal5,,,,
qwen,mmlu,delta_nll_p,Pk32-only,160.0,-0.020192950226029627,0.018478187549745433,-0.39999999999999997,10.0,4.0,intercept|p32_equal5,,,,
qwen,mmlu,delta_nll_p,Pk32-only,320.0,0.02094630042754675,0.02337523945434187,1.0,10.0,4.0,intercept|p32_equal5,,,,
qwen,mmlu,delta_nll_p,Pk32-only,480.0,0.006034002402346084,0.02513065290651586,1.0,10.0,4.0,intercept|p32_equal5,,,,
qwen,mmlu,delta_nll_p,Pk32-only,624.0,0.00821401293687507,0.025204833511040216,0.7999999999999999,100.0,4.0,intercept|p32_equal5,,,,
qwen,mmlu,delta_nll_p,PkAll-only,5.0,-819.6518740054929,0.009589113757034837,1.0,10.0,4.0,intercept|p4_equal5|p8_equal5|p16_equal5|p32_equal5,,,,
qwen,mmlu,delta_nll_p,PkAll-only,20.0,-1.772204906715225,0.011870919123941058,-1.0,1.0,4.0,intercept|p4_equal5|p8_equal5|p16_equal5|p32_equal5,,,,
qwen,mmlu,delta_nll_p,PkAll-only,40.0,-2.325331206586588,0.02594888200285595,0.39999999999999997,0.0,4.0,intercept|p4_equal5|p8_equal5|p16_equal5|p32_equal5,,,,
qwen,mmlu,delta_nll_p,PkAll-only,80.0,-0.2148526984571122,0.014212920643081049,0.39999999999999997,1.0,4.0,intercept|p4_equal5|p8_equal5|p16_equal5|p32_equal5,,,,
qwen,mmlu,delta_nll_p,PkAll-only,160.0,-0.013494295427107117,0.01814553788929686,-0.39999999999999997,100.0,4.0,intercept|p4_equal5|p8_equal5|p16_equal5|p32_equal5,,,,
qwen,mmlu,delta_nll_p,PkAll-only,320.0,0.005084152492785932,0.023176091776242684,1.0,100.0,4.0,intercept|p4_equal5|p8_equal5|p16_equal5|p32_equal5,,,,
qwen,mmlu,delta_nll_p,PkAll-only,480.0,-0.0019507944962517954,0.024528066471876258,1.0,100.0,4.0,intercept|p4_equal5|p8_equal5|p16_equal5|p32_equal5,,,,
qwen,mmlu,delta_nll_p,PkAll-only,624.0,-0.00895601142468605,0.02482295641068348,-0.19999999999999998,100.0,4.0,intercept|p4_equal5|p8_equal5|p16_equal5|p32_equal5,,,,
qwen,mmlu,delta_nll_p,M0,5.0,-5478.503138198021,0.01680239388097178,0.39999999999999997,0.0,4.0,intercept|arm_offkd|arm_opd|arm_seqkd|arm_sft|log1p_checkpoint,,,,
qwen,mmlu,delta_nll_p,M0,20.0,0.1871713134294376,0.00951256226566266,0.7999999999999999,0.0,4.0,intercept|arm_offkd|arm_opd|arm_seqkd|arm_sft|log1p_checkpoint,,,,
qwen,mmlu,delta_nll_p,M0,40.0,0.8445245490248403,0.004332621838967578,1.0,0.0,4.0,intercept|arm_offkd|arm_opd|arm_seqkd|arm_sft|log1p_checkpoint,,,,
qwen,mmlu,delta_nll_p,M0,80.0,0.8711904511426141,0.006371123450676491,1.0,0.1,4.0,intercept|arm_offkd|arm_opd|arm_seqkd|arm_sft|log1p_checkpoint,,,,
qwen,mmlu,delta_nll_p,M0,160.0,0.9507141370586164,0.003608837802862291,1.0,0.1,4.0,intercept|arm_offkd|arm_opd|arm_seqkd|arm_sft|log1p_checkpoint,,,,
qwen,mmlu,delta_nll_p,M0,320.0,0.8769342738269683,0.008437064282623336,1.0,0.01,4.0,intercept|arm_offkd|arm_opd|arm_seqkd|arm_sft|log1p_checkpoint,,,,
qwen,mmlu,delta_nll_p,M0,480.0,0.8450823995816092,0.010095665288955861,1.0,0.0,4.0,intercept|arm_offkd|arm_opd|arm_seqkd|arm_sft|log1p_checkpoint,,,,
qwen,mmlu,delta_nll_p,M0,624.0,0.8220551487616661,0.010989000770309412,1.0,0.0,4.0,intercept|arm_offkd|arm_opd|arm_seqkd|arm_sft|log1p_checkpoint,,,,
qwen,mmlu,delta_nll_p,M0+C5,5.0,-5902.759428005292,0.0171206722017061,0.39999999999999997,0.0,4.0,intercept|arm_offkd|arm_opd|arm_seqkd|arm_sft|log1p_checkpoint|c_equal5,,,,
qwen,mmlu,delta_nll_p,M0+C5,20.0,0.1808338906677187,0.009724557068132415,0.7999999999999999,0.0,4.0,intercept|arm_offkd|arm_opd|arm_seqkd|arm_sft|log1p_checkpoint|c_equal5,,,,
qwen,mmlu,delta_nll_p,M0+C5,40.0,0.8288765330066514,0.0051687542437529235,1.0,1.0,4.0,intercept|arm_offkd|arm_opd|arm_seqkd|arm_sft|log1p_checkpoint|c_equal5,,,,
qwen,mmlu,delta_nll_p,M0+C5,80.0,0.8015993749957424,0.008136618244085753,1.0,1.0,4.0,intercept|arm_offkd|arm_opd|arm_seqkd|arm_sft|log1p_checkpoint|c_equal5,,,,
qwen,mmlu,delta_nll_p,M0+C5,160.0,0.9394688437672162,0.003883129520882,1.0,1.0,4.0,intercept|arm_offkd|arm_opd|arm_seqkd|arm_sft|log1p_checkpoint|c_equal5,,,,
qwen,mmlu,delta_nll_p,M0+C5,320.0,0.876753734750276,0.008692142983188367,1.0,0.1,4.0,intercept|arm_offkd|arm_opd|arm_seqkd|arm_sft|log1p_checkpoint|c_equal5,,,,
qwen,mmlu,delta_nll_p,M0+C5,480.0,0.8454069258525888,0.010311692325342035,1.0,0.0,4.0,intercept|arm_offkd|arm_opd|arm_seqkd|arm_sft|log1p_checkpoint|c_equal5,,,,
qwen,mmlu,delta_nll_p,M0+C5,624.0,0.8226525662821114,0.010993100208901565,1.0,0.0,4.0,intercept|arm_offkd|arm_opd|arm_seqkd|arm_sft|log1p_checkpoint|c_equal5,,,,
qwen,mmlu,delta_nll_p,M0+PkAll5,5.0,-8062.804643073549,0.022277145684708028,0.39999999999999997,0.1,4.0,intercept|arm_offkd|arm_opd|arm_seqkd|arm_sft|log1p_checkpoint|p4_equal5|p8_equal5|p16_equal5|p32_equal5,,,,
qwen,mmlu,delta_nll_p,M0+PkAll5,20.0,0.810082508447374,0.004415511860682735,0.7999999999999999,1.0,4.0,intercept|arm_offkd|arm_opd|arm_seqkd|arm_sft|log1p_checkpoint|p4_equal5|p8_equal5|p16_equal5|p32_equal5,,,,
qwen,mmlu,delta_nll_p,M0+PkAll5,40.0,0.7432307510797851,0.0068002069637570755,1.0,1.0,4.0,intercept|arm_offkd|arm_opd|arm_seqkd|arm_sft|log1p_checkpoint|p4_equal5|p8_equal5|p16_equal5|p32_equal5,,,,
qwen,mmlu,delta_nll_p,M0+PkAll5,80.0,0.906035881004921,0.004869822547867876,1.0,1.0,4.0,intercept|arm_offkd|arm_opd|arm_seqkd|arm_sft|log1p_checkpoint|p4_equal5|p8_equal5|p16_equal5|p32_equal5,,,,
qwen,mmlu,delta_nll_p,M0+PkAll5,160.0,0.9570076807509229,0.0032809358130952405,1.0,1.0,4.0,intercept|arm_offkd|arm_opd|arm_seqkd|arm_sft|log1p_checkpoint|p4_equal5|p8_equal5|p16_equal5|p32_equal5,,,,
qwen,mmlu,delta_nll_p,M0+PkAll5,320.0,0.9026453428798908,0.007326232410064273,1.0,1.0,4.0,intercept|arm_offkd|arm_opd|arm_seqkd|arm_sft|log1p_checkpoint|p4_equal5|p8_equal5|p16_equal5|p32_equal5,,,,
qwen,mmlu,delta_nll_p,M0+PkAll5,480.0,0.8799565681242427,0.007425949873889176,1.0,1.0,4.0,intercept|arm_offkd|arm_opd|arm_seqkd|arm_sft|log1p_checkpoint|p4_equal5|p8_equal5|p16_equal5|p32_equal5,,,,
qwen,mmlu,delta_nll_p,M0+PkAll5,624.0,0.850734320394111,0.009594950021054701,0.7999999999999999,1.0,4.0,intercept|arm_offkd|arm_opd|arm_seqkd|arm_sft|log1p_checkpoint|p4_equal5|p8_equal5|p16_equal5|p32_equal5,,,,
qwen,mmlu,delta_nll_p,M0+PkAll5+C5,5.0,-6585.693559897661,0.021271185244415094,0.19999999999999998,0.1,4.0,intercept|arm_offkd|arm_opd|arm_seqkd|arm_sft|log1p_checkpoint|p4_equal5|p8_equal5|p16_equal5|p32_equal5|c_equal5,,,,
qwen,mmlu,delta_nll_p,M0+PkAll5+C5,20.0,0.7829669360965881,0.004123535690424757,0.39999999999999997,1.0,4.0,intercept|arm_offkd|arm_opd|arm_seqkd|arm_sft|log1p_checkpoint|p4_equal5|p8_equal5|p16_equal5|p32_equal5|c_equal5,,,,
qwen,mmlu,delta_nll_p,M0+PkAll5+C5,40.0,0.7903649979121715,0.004080585634042825,1.0,1.0,4.0,intercept|arm_offkd|arm_opd|arm_seqkd|arm_sft|log1p_checkpoint|p4_equal5|p8_equal5|p16_equal5|p32_equal5|c_equal5,,,,
qwen,mmlu,delta_nll_p,M0+PkAll5+C5,80.0,0.8336725989832225,0.007175125583655847,1.0,1.0,4.0,intercept|arm_offkd|arm_opd|arm_seqkd|arm_sft|log1p_checkpoint|p4_equal5|p8_equal5|p16_equal5|p32_equal5|c_equal5,,,,
qwen,mmlu,delta_nll_p,M0+PkAll5+C5,160.0,0.949190876370616,0.003096507168176824,1.0,1.0,4.0,intercept|arm_offkd|arm_opd|arm_seqkd|arm_sft|log1p_checkpoint|p4_equal5|p8_equal5|p16_equal5|p32_equal5|c_equal5,,,,
qwen,mmlu,delta_nll_p,M0+PkAll5+C5,320.0,0.9115837824874543,0.007752186412645144,1.0,1.0,4.0,intercept|arm_offkd|arm_opd|arm_seqkd|arm_sft|log1p_checkpoint|p4_equal5|p8_equal5|p16_equal5|p32_equal5|c_equal5,,,,
qwen,mmlu,delta_nll_p,M0+PkAll5+C5,480.0,0.9039885487922422,0.0066894736457829476,1.0,1.0,4.0,intercept|arm_offkd|arm_opd|arm_seqkd|arm_sft|log1p_checkpoint|p4_equal5|p8_equal5|p16_equal5|p32_equal5|c_equal5,,,,
qwen,mmlu,delta_nll_p,M0+PkAll5+C5,624.0,0.9123598063313014,0.0070905231664428366,1.0,1.0,4.0,intercept|arm_offkd|arm_opd|arm_seqkd|arm_sft|log1p_checkpoint|p4_equal5|p8_equal5|p16_equal5|p32_equal5|c_equal5,,,,
qwen,mmlu,delta_nll_f,C-only,5.0,-2.377386869767075,0.08940834843362447,0.6000000000000001,0.0,4.0,intercept|c_equal5,,,,
qwen,mmlu,delta_nll_f,C-only,10.0,-0.09578772732069041,0.061690455294098535,0.7999999999999999,0.0,4.0,intercept|c_equal5,,,,
qwen,mmlu,delta_nll_f,C-only,20.0,-0.8378107186664934,0.138321105313576,0.7999999999999999,0.0,4.0,intercept|c_equal5,,,,
qwen,mmlu,delta_nll_f,C-only,40.0,-0.9946397868022232,0.12074204821464668,0.39999999999999997,0.0,4.0,intercept|c_equal5,,,,
qwen,mmlu,delta_nll_f,C-only,80.0,0.08591358153087703,0.045924246147866034,0.7999999999999999,0.0,4.0,intercept|c_equal5,,,,
qwen,mmlu,delta_nll_f,C-only,160.0,-4.9760881660379015,0.06534769536826543,0.39999999999999997,0.0,4.0,intercept|c_equal5,,,,
qwen,mmlu,delta_nll_f,C-only,320.0,-2.3676292785674518,0.10426164497711485,0.39999999999999997,0.0,4.0,intercept|c_equal5,,,,
qwen,mmlu,delta_nll_f,C-only,480.0,-1.6712072240499762,0.1405408443244008,-0.19999999999999998,0.0,4.0,intercept|c_equal5,,,,
qwen,mmlu,delta_nll_f,C-only,624.0,-1.409794534793293,0.16004954288855577,-0.19999999999999998,0.0,4.0,intercept|c_equal5,,,,
qwen,mmlu,delta_nll_f,C-only-matched,5.0,-2.9779116410368953,0.09902769394091557,0.6000000000000001,0.0,4.0,intercept|c_equal5,,,,
qwen,mmlu,delta_nll_f,C-only-matched,20.0,-0.8926647513798815,0.13972858401349042,0.7999999999999999,0.0,4.0,intercept|c_equal5,,,,
qwen,mmlu,delta_nll_f,C-only-matched,40.0,-1.076563260049391,0.12345562806885395,0.39999999999999997,0.1,4.0,intercept|c_equal5,,,,
qwen,mmlu,delta_nll_f,C-only-matched,80.0,0.11684673119876066,0.04484499267937271,0.7999999999999999,0.0,4.0,intercept|c_equal5,,,,
qwen,mmlu,delta_nll_f,C-only-matched,160.0,-5.101706430629392,0.06580541746614248,0.39999999999999997,0.0,4.0,intercept|c_equal5,,,,
qwen,mmlu,delta_nll_f,C-only-matched,320.0,-2.4509468489691533,0.10485221494729924,0.39999999999999997,0.0,4.0,intercept|c_equal5,,,,
qwen,mmlu,delta_nll_f,C-only-matched,480.0,-1.6934413665746435,0.1407115036458888,-0.19999999999999998,0.0,4.0,intercept|c_equal5,,,,
qwen,mmlu,delta_nll_f,C-only-matched,624.0,-1.4281664532250522,0.1602588514564456,-0.19999999999999998,0.0,4.0,intercept|c_equal5,,,,
qwen,mmlu,delta_nll_f,Pk4-only,5.0,-7.264801640392982,0.15087646887855322,-0.7999999999999999,0.0,4.0,intercept|p4_equal5,,,,
qwen,mmlu,delta_nll_f,Pk4-only,20.0,-6.347968916810294,0.26450228351773447,-0.7999999999999999,10.0,4.0,intercept|p4_equal5,,,,
qwen,mmlu,delta_nll_f,Pk4-only,40.0,-6.69740861138176,0.22549465483250217,-0.7999999999999999,10.0,4.0,intercept|p4_equal5,,,,
qwen,mmlu,delta_nll_f,Pk4-only,80.0,-7.552471229331967,0.13440895710323741,-1.0,10.0,4.0,intercept|p4_equal5,,,,
qwen,mmlu,delta_nll_f,Pk4-only,160.0,-14.294364823948236,0.11884936677713373,-0.7999999999999999,0.0,4.0,intercept|p4_equal5,,,,
qwen,mmlu,delta_nll_f,Pk4-only,320.0,-7.073707106397826,0.18061529679301652,-0.6000000000000001,100.0,4.0,intercept|p4_equal5,,,,
qwen,mmlu,delta_nll_f,Pk4-only,480.0,-8.09433254782626,0.2553468048958017,-0.7999999999999999,100.0,4.0,intercept|p4_equal5,,,,
qwen,mmlu,delta_nll_f,Pk4-only,624.0,-6.864616422398707,0.2771022972067947,-0.7999999999999999,100.0,4.0,intercept|p4_equal5,,,,
qwen,mmlu,delta_nll_f,Pk8-only,5.0,-14.171809272680083,0.15155935905067852,-0.7999999999999999,0.0,4.0,intercept|p8_equal5,,,,
qwen,mmlu,delta_nll_f,Pk8-only,20.0,-3.031416252490361,0.20707917219972957,-0.39999999999999997,0.0,4.0,intercept|p8_equal5,,,,
qwen,mmlu,delta_nll_f,Pk8-only,40.0,-1.384231898301687,0.11683708790125447,0.39999999999999997,0.0,4.0,intercept|p8_equal5,,,,
qwen,mmlu,delta_nll_f,Pk8-only,80.0,-1.912005892629272,0.05844679411569283,-0.39999999999999997,0.1,4.0,intercept|p8_equal5,,,,
qwen,mmlu,delta_nll_f,Pk8-only,160.0,-7.224110284741926,0.0819974761989018,-0.7999999999999999,0.0,4.0,intercept|p8_equal5,,,,
qwen,mmlu,delta_nll_f,Pk8-only,320.0,-1.9304307104612373,0.10385585476360462,0.39999999999999997,0.0,4.0,intercept|p8_equal5,,,,
qwen,mmlu,delta_nll_f,Pk8-only,480.0,0.27628869103020637,0.06832487233140994,0.7999999999999999,0.0,4.0,intercept|p8_equal5,,,,
qwen,mmlu,delta_nll_f,Pk8-only,624.0,0.30486790796855434,0.08092183418251625,0.6000000000000001,0.0,4.0,intercept|p8_equal5,,,,
qwen,mmlu,delta_nll_f,Pk16-only,5.0,-18.301436888175626,0.21403133947080372,-0.7999999999999999,0.0,4.0,intercept|p16_equal5,,,,
qwen,mmlu,delta_nll_f,Pk16-only,20.0,-2.5940091093615307,0.18475517623717,-0.39999999999999997,10.0,4.0,intercept|p16_equal5,,,,
qwen,mmlu,delta_nll_f,Pk16-only,40.0,-3.4929388474119367,0.16573912028150223,0.39999999999999997,10.0,4.0,intercept|p16_equal5,,,,
qwen,mmlu,delta_nll_f,Pk16-only,80.0,-7.822653555754208,0.14079133059238663,-1.0,0.0,4.0,intercept|p16_equal5,,,,
qwen,mmlu,delta_nll_f,Pk16-only,160.0,-6.031003140482438,0.07399598436004742,-0.39999999999999997,0.1,4.0,intercept|p16_equal5,,,,
qwen,mmlu,delta_nll_f,Pk16-only,320.0,-2.3694612976669087,0.09817339967192112,-0.7999999999999999,0.1,4.0,intercept|p16_equal5,,,,
qwen,mmlu,delta_nll_f,Pk16-only,480.0,-0.8811094093932967,0.10052270727465161,0.6000000000000001,1.0,4.0,intercept|p16_equal5,,,,
qwen,mmlu,delta_nll_f,Pk16-only,624.0,-0.30362133975841954,0.10263795067366088,0.0,1.0,4.0,intercept|p16_equal5,,,,
qwen,mmlu,delta_nll_f,Pk32-only,5.0,-15.020673681561366,0.19488688522035874,-0.39999999999999997,0.0,4.0,intercept|p32_equal5,,,,
qwen,mmlu,delta_nll_f,Pk32-only,20.0,-2.266093362782071,0.17054993386488423,-0.7999999999999999,10.0,4.0,intercept|p32_equal5,,,,
qwen,mmlu,delta_nll_f,Pk32-only,40.0,-3.692246317258613,0.16224334856258013,-0.6000000000000001,10.0,4.0,intercept|p32_equal5,,,,
qwen,mmlu,delta_nll_f,Pk32-only,80.0,-5.6894695748539315,0.12645987963981425,-0.39999999999999997,1.0,4.0,intercept|p32_equal5,,,,
qwen,mmlu,delta_nll_f,Pk32-only,160.0,-0.5067219388588697,0.037455556510204394,-0.39999999999999997,10.0,4.0,intercept|p32_equal5,,,,
qwen,mmlu,delta_nll_f,Pk32-only,320.0,-2.6639166988018737,0.11932420073619066,-0.19999999999999998,10.0,4.0,intercept|p32_equal5,,,,
qwen,mmlu,delta_nll_f,Pk32-only,480.0,-2.526876187762711,0.14847693304781262,-0.19999999999999998,10.0,4.0,intercept|p32_equal5,,,,
qwen,mmlu,delta_nll_f,Pk32-only,624.0,-1.7191783789151103,0.15934067263652876,-0.39999999999999997,10.0,4.0,intercept|p32_equal5,,,,
qwen,mmlu,delta_nll_f,PkAll-only,5.0,-12.598949954400428,0.17679506796799077,0.0,0.1,4.0,intercept|p4_equal5|p8_equal5|p16_equal5|p32_equal5,,,,
qwen,mmlu,delta_nll_f,PkAll-only,20.0,-1.863071675254544,0.1801694296757486,-0.39999999999999997,1.0,4.0,intercept|p4_equal5|p8_equal5|p16_equal5|p32_equal5,,,,
qwen,mmlu,delta_nll_f,PkAll-only,40.0,-0.9529215763132921,0.10979535889085523,0.39999999999999997,1.0,4.0,intercept|p4_equal5|p8_equal5|p16_equal5|p32_equal5,,,,
qwen,mmlu,delta_nll_f,PkAll-only,80.0,-0.9517468122866464,0.060417124585507846,0.6000000000000001,1.0,4.0,intercept|p4_equal5|p8_equal5|p16_equal5|p32_equal5,,,,
qwen,mmlu,delta_nll_f,PkAll-only,160.0,-0.8105676403466884,0.040006128384284474,0.7999999999999999,0.1,4.0,intercept|p4_equal5|p8_equal5|p16_equal5|p32_equal5,,,,
qwen,mmlu,delta_nll_f,PkAll-only,320.0,0.08351296454675561,0.053624404088184835,0.7999999999999999,0.1,4.0,intercept|p4_equal5|p8_equal5|p16_equal5|p32_equal5,,,,
qwen,mmlu,delta_nll_f,PkAll-only,480.0,0.28544884520985336,0.05650921283134492,0.7999999999999999,0.1,4.0,intercept|p4_equal5|p8_equal5|p16_equal5|p32_equal5,,,,
qwen,mmlu,delta_nll_f,PkAll-only,624.0,0.49098866149020726,0.0681129812877957,0.7999999999999999,0.1,4.0,intercept|p4_equal5|p8_equal5|p16_equal5|p32_equal5,,,,
qwen,mmlu,delta_nll_f,M0,5.0,-57.105401850089024,0.41221216071314437,-0.7999999999999999,0.0,4.0,intercept|arm_offkd|arm_opd|arm_seqkd|arm_sft|log1p_checkpoint,,,,
qwen,mmlu,delta_nll_f,M0,20.0,-5.1807548748983,0.24290334872673555,-0.7999999999999999,100.0,4.0,intercept|arm_offkd|arm_opd|arm_seqkd|arm_sft|log1p_checkpoint,,,,
qwen,mmlu,delta_nll_f,M0,40.0,-4.756860954445605,0.1852487254790311,-0.39999999999999997,10.0,4.0,intercept|arm_offkd|arm_opd|arm_seqkd|arm_sft|log1p_checkpoint,,,,
qwen,mmlu,delta_nll_f,M0,80.0,-5.7109642923183745,0.12221277891889956,-0.7999999999999999,10.0,4.0,intercept|arm_offkd|arm_opd|arm_seqkd|arm_sft|log1p_checkpoint,,,,
qwen,mmlu,delta_nll_f,M0,160.0,-0.099041953570709,0.028449906666440098,0.19999999999999998,10.0,4.0,intercept|arm_offkd|arm_opd|arm_seqkd|arm_sft|log1p_checkpoint,,,,
qwen,mmlu,delta_nll_f,M0,320.0,-1.2592391327678167,0.08758143943719096,0.39999999999999997,10.0,4.0,intercept|arm_offkd|arm_opd|arm_seqkd|arm_sft|log1p_checkpoint,,,,
qwen,mmlu,delta_nll_f,M0,480.0,-2.4043592540350813,0.13976305237747932,0.39999999999999997,10.0,4.0,intercept|arm_offkd|arm_opd|arm_seqkd|arm_sft|log1p_checkpoint,,,,
qwen,mmlu,delta_nll_f,M0,624.0,-1.8661547762705681,0.144468173768048,0.39999999999999997,10.0,4.0,intercept|arm_offkd|arm_opd|arm_seqkd|arm_sft|log1p_checkpoint,,,,
qwen,mmlu,delta_nll_f,M0+C5,5.0,-16.894121788107064,0.22391911397462014,0.19999999999999998,0.1,4.0,intercept|arm_offkd|arm_opd|arm_seqkd|arm_sft|log1p_checkpoint|c_equal5,,,,
qwen,mmlu,delta_nll_f,M0+C5,20.0,0.4759155201904318,0.06677260365575396,1.0,0.0,4.0,intercept|arm_offkd|arm_opd|arm_seqkd|arm_sft|log1p_checkpoint|c_equal5,,,,
qwen,mmlu,delta_nll_f,M0+C5,40.0,-0.06711395187095714,0.07872028444071272,1.0,0.0,4.0,intercept|arm_offkd|arm_opd|arm_seqkd|arm_sft|log1p_checkpoint|c_equal5,,,,
qwen,mmlu,delta_nll_f,M0+C5,80.0,-2.2230595884461626,0.08328466399276822,-0.7999999999999999,0.0,4.0,intercept|arm_offkd|arm_opd|arm_seqkd|arm_sft|log1p_checkpoint|c_equal5,,,,
qwen,mmlu,delta_nll_f,M0+C5,160.0,0.3371199895002779,0.021453366415224478,1.0,0.0,4.0,intercept|arm_offkd|arm_opd|arm_seqkd|arm_sft|log1p_checkpoint|c_equal5,,,,
qwen,mmlu,delta_nll_f,M0+C5,320.0,-0.039450349232244,0.05805226603103842,0.7999999999999999,0.0,4.0,intercept|arm_offkd|arm_opd|arm_seqkd|arm_sft|log1p_checkpoint|c_equal5,,,,
qwen,mmlu,delta_nll_f,M0+C5,480.0,0.22789506848115937,0.07058269616233069,0.7999999999999999,0.0,4.0,intercept|arm_offkd|arm_opd|arm_seqkd|arm_sft|log1p_checkpoint|c_equal5,,,,
qwen,mmlu,delta_nll_f,M0+C5,624.0,-0.06748790705922358,0.10242089855597966,0.39999999999999997,0.0,4.0,intercept|arm_offkd|arm_opd|arm_seqkd|arm_sft|log1p_checkpoint|c_equal5,,,,
qwen,mmlu,delta_nll_f,M0+PkAll5,5.0,-25.768291569956478,0.27285738741743243,0.7999999999999999,1.0,4.0,intercept|arm_offkd|arm_opd|arm_seqkd|arm_sft|log1p_checkpoint|p4_equal5|p8_equal5|p16_equal5|p32_equal5,,,,
qwen,mmlu,delta_nll_f,M0+PkAll5,20.0,-1.0137455716593848,0.1503563431660784,-0.39999999999999997,1.0,4.0,intercept|arm_offkd|arm_opd|arm_seqkd|arm_sft|log1p_checkpoint|p4_equal5|p8_equal5|p16_equal5|p32_equal5,,,,
qwen,mmlu,delta_nll_f,M0+PkAll5,40.0,-0.49733008436791204,0.10678014634461097,0.6000000000000001,0.0,4.0,intercept|arm_offkd|arm_opd|arm_seqkd|arm_sft|log1p_checkpoint|p4_equal5|p8_equal5|p16_equal5|p32_equal5,,,,
qwen,mmlu,delta_nll_f,M0+PkAll5,80.0,-3.1365052269995264,0.10015095582061714,0.39999999999999997,0.0,4.0,intercept|arm_offkd|arm_opd|arm_seqkd|arm_sft|log1p_checkpoint|p4_equal5|p8_equal5|p16_equal5|p32_equal5,,,,
qwen,mmlu,delta_nll_f,M0+PkAll5,160.0,-0.2801822526430755,0.03139710425230917,0.39999999999999997,0.1,4.0,intercept|arm_offkd|arm_opd|arm_seqkd|arm_sft|log1p_checkpoint|p4_equal5|p8_equal5|p16_equal5|p32_equal5,,,,
qwen,mmlu,delta_nll_f,M0+PkAll5,320.0,0.736024352062393,0.027058893954845967,0.7999999999999999,0.0,4.0,intercept|arm_offkd|arm_opd|arm_seqkd|arm_sft|log1p_checkpoint|p4_equal5|p8_equal5|p16_equal5|p32_equal5,,,,
qwen,mmlu,delta_nll_f,M0+PkAll5,480.0,0.4943356895907297,0.04959177247413413,0.7999999999999999,0.0,4.0,intercept|arm_offkd|arm_opd|arm_seqkd|arm_sft|log1p_checkpoint|p4_equal5|p8_equal5|p16_equal5|p32_equal5,,,,
qwen,mmlu,delta_nll_f,M0+PkAll5,624.0,0.8086861773586744,0.03771619240120288,0.7999999999999999,0.1,4.0,intercept|arm_offkd|arm_opd|arm_seqkd|arm_sft|log1p_checkpoint|p4_equal5|p8_equal5|p16_equal5|p32_equal5,,,,
qwen,mmlu,delta_nll_f,M0+PkAll5+C5,5.0,-25.590590492410094,0.278311758713973,0.19999999999999998,0.1,4.0,intercept|arm_offkd|arm_opd|arm_seqkd|arm_sft|log1p_checkpoint|p4_equal5|p8_equal5|p16_equal5|p32_equal5|c_equal5,,,,
qwen,mmlu,delta_nll_f,M0+PkAll5+C5,20.0,-0.1203280841194938,0.10767105142236308,0.6000000000000001,1.0,4.0,intercept|arm_offkd|arm_opd|arm_seqkd|arm_sft|log1p_checkpoint|p4_equal5|p8_equal5|p16_equal5|p32_equal5|c_equal5,,,,
qwen,mmlu,delta_nll_f,M0+PkAll5+C5,40.0,-0.2627465078834019,0.08408647377724977,1.0,1.0,4.0,intercept|arm_offkd|arm_opd|arm_seqkd|arm_sft|log1p_checkpoint|p4_equal5|p8_equal5|p16_equal5|p32_equal5|c_equal5,,,,
qwen,mmlu,delta_nll_f,M0+PkAll5+C5,80.0,-2.1336974875682904,0.08000530559926253,-0.39999999999999997,1.0,4.0,intercept|arm_offkd|arm_opd|arm_seqkd|arm_sft|log1p_checkpoint|p4_equal5|p8_equal5|p16_equal5|p32_equal5|c_equal5,,,,
qwen,mmlu,delta_nll_f,M0+PkAll5+C5,160.0,0.6149147950125282,0.018270977868394673,1.0,1.0,4.0,intercept|arm_offkd|arm_opd|arm_seqkd|arm_sft|log1p_checkpoint|p4_equal5|p8_equal5|p16_equal5|p32_equal5|c_equal5,,,,
qwen,mmlu,delta_nll_f,M0+PkAll5+C5,320.0,0.6888927205794053,0.028837441242963793,0.7999999999999999,1.0,4.0,intercept|arm_offkd|arm_opd|arm_seqkd|arm_sft|log1p_checkpoint|p4_equal5|p8_equal5|p16_equal5|p32_equal5|c_equal5,,,,
qwen,mmlu,delta_nll_f,M0+PkAll5+C5,480.0,0.5667126365672078,0.04622926835797791,0.7999999999999999,1.0,4.0,intercept|arm_offkd|arm_opd|arm_seqkd|arm_sft|log1p_checkpoint|p4_equal5|p8_equal5|p16_equal5|p32_equal5|c_equal5,,,,
qwen,mmlu,delta_nll_f,M0+PkAll5+C5,624.0,0.5925133308699791,0.05699085204767835,0.7999999999999999,1.0,4.0,intercept|arm_offkd|arm_opd|arm_seqkd|arm_sft|log1p_checkpoint|p4_equal5|p8_equal5|p16_equal5|p32_equal5|c_equal5,,,,
qwen,mmlu,delta_nll_a,C-only,5.0,-0.8633355198637633,0.014703440008877432,-1.0,10.0,4.0,intercept|c_equal5,,,,
qwen,mmlu,delta_nll_a,C-only,10.0,-1.1558457991159656,0.015457078878708265,-0.7999999999999999,10.0,4.0,intercept|c_equal5,,,,
qwen,mmlu,delta_nll_a,C-only,20.0,0.16188479309063697,0.010142394929095657,0.19999999999999998,10.0,4.0,intercept|c_equal5,,,,
qwen,mmlu,delta_nll_a,C-only,40.0,0.34188863069613806,0.018192653375460183,0.7999999999999999,10.0,4.0,intercept|c_equal5,,,,
qwen,mmlu,delta_nll_a,C-only,80.0,0.0015207366043938908,0.03882980582137996,0.39999999999999997,100.0,4.0,intercept|c_equal5,,,,
qwen,mmlu,delta_nll_a,C-only,160.0,0.14047086827464805,0.065202865735281,1.0,10.0,4.0,intercept|c_equal5,,,,
qwen,mmlu,delta_nll_a,C-only,320.0,0.10978555560733061,0.07852920156044785,0.6000000000000001,10.0,4.0,intercept|c_equal5,,,,
qwen,mmlu,delta_nll_a,C-only,480.0,0.12919394048213995,0.07922069821240729,1.0,10.0,4.0,intercept|c_equal5,,,,
qwen,mmlu,delta_nll_a,C-only,624.0,0.12981884844920488,0.08420004560787588,0.7999999999999999,10.0,4.0,intercept|c_equal5,,,,
qwen,mmlu,delta_nll_a,C-only-matched,5.0,-0.9134516289377506,0.0147067822799983,-1.0,10.0,4.0,intercept|c_equal5,,,,
qwen,mmlu,delta_nll_a,C-only-matched,20.0,0.1463208868490904,0.010224033788226356,0.19999999999999998,10.0,4.0,intercept|c_equal5,,,,
qwen,mmlu,delta_nll_a,C-only-matched,40.0,0.34610586538157495,0.018258118879970225,0.7999999999999999,10.0,4.0,intercept|c_equal5,,,,
qwen,mmlu,delta_nll_a,C-only-matched,80.0,0.0877675605391961,0.031353838389136544,0.39999999999999997,10.0,4.0,intercept|c_equal5,,,,
qwen,mmlu,delta_nll_a,C-only-matched,160.0,0.13959179798952437,0.06555788490730799,1.0,10.0,4.0,intercept|c_equal5,,,,
qwen,mmlu,delta_nll_a,C-only-matched,320.0,0.1080311799629966,0.07880868243446047,0.6000000000000001,10.0,4.0,intercept|c_equal5,,,,
qwen,mmlu,delta_nll_a,C-only-matched,480.0,0.12646213989471877,0.0794822534103292,1.0,10.0,4.0,intercept|c_equal5,,,,
qwen,mmlu,delta_nll_a,C-only-matched,624.0,0.1265758597251304,0.08447834298176878,0.7999999999999999,10.0,4.0,intercept|c_equal5,,,,
qwen,mmlu,delta_nll_a,Pk4-only,5.0,-3.3551928994528977,0.024830799138216973,0.7999999999999999,0.0,4.0,intercept|p4_equal5,,,,
qwen,mmlu,delta_nll_a,Pk4-only,20.0,-0.973016682705709,0.017755053361526045,0.19999999999999998,0.0,4.0,intercept|p4_equal5,,,,
qwen,mmlu,delta_nll_a,Pk4-only,40.0,-0.18190888835094876,0.030429641473310804,-0.39999999999999997,0.0,4.0,intercept|p4_equal5,,,,
qwen,mmlu,delta_nll_a,Pk4-only,80.0,-0.17743181358719462,0.04688901473617875,-0.7999999999999999,0.0,4.0,intercept|p4_equal5,,,,
qwen,mmlu,delta_nll_a,Pk4-only,160.0,-0.14152828254441108,0.06613753272284231,-0.19999999999999998,0.0,4.0,intercept|p4_equal5,,,,
qwen,mmlu,delta_nll_a,Pk4-only,320.0,-0.008171465773722408,0.07381633846757064,0.39999999999999997,0.0,4.0,intercept|p4_equal5,,,,
qwen,mmlu,delta_nll_a,Pk4-only,480.0,0.008767096909895744,0.07615996360614721,-0.39999999999999997,0.0,4.0,intercept|p4_equal5,,,,
qwen,mmlu,delta_nll_a,Pk4-only,624.0,0.0016989464541775634,0.07802127518235075,0.19999999999999998,100.0,4.0,intercept|p4_equal5,,,,
qwen,mmlu,delta_nll_a,Pk8-only,5.0,-6.392760246275144,0.03093677144681493,0.7999999999999999,100.0,4.0,intercept|p8_equal5,,,,
qwen,mmlu,delta_nll_a,Pk8-only,20.0,-1.1867696073689373,0.01818477230305577,1.0,100.0,4.0,intercept|p8_equal5,,,,
qwen,mmlu,delta_nll_a,Pk8-only,40.0,0.007354934424036008,0.03092345345390185,0.7999999999999999,100.0,4.0,intercept|p8_equal5,,,,
qwen,mmlu,delta_nll_a,Pk8-only,80.0,-0.03331046608801835,0.043363060814656476,0.0,100.0,4.0,intercept|p8_equal5,,,,
qwen,mmlu,delta_nll_a,Pk8-only,160.0,-0.010519278918817987,0.06765141164018489,-0.19999999999999998,100.0,4.0,intercept|p8_equal5,,,,
qwen,mmlu,delta_nll_a,Pk8-only,320.0,-0.018230694374453238,0.07537130750442346,-1.0,100.0,4.0,intercept|p8_equal5,,,,
qwen,mmlu,delta_nll_a,Pk8-only,480.0,-0.012359045907537114,0.07409859535478384,0.39999999999999997,100.0,4.0,intercept|p8_equal5,,,,
qwen,mmlu,delta_nll_a,Pk8-only,624.0,-0.0026153991799591214,0.0795564659009134,-0.39999999999999997,100.0,4.0,intercept|p8_equal5,,,,
qwen,mmlu,delta_nll_a,Pk16-only,5.0,-6.507571678379278,0.031138563391465292,0.0,100.0,4.0,intercept|p16_equal5,,,,
qwen,mmlu,delta_nll_a,Pk16-only,20.0,-1.169190174100049,0.01813555020968094,1.0,100.0,4.0,intercept|p16_equal5,,,,
qwen,mmlu,delta_nll_a,Pk16-only,40.0,-0.0007698872043173655,0.03117193184176485,0.7999999999999999,100.0,4.0,intercept|p16_equal5,,,,
qwen,mmlu,delta_nll_a,Pk16-only,80.0,-0.17718864779410048,0.04631422471575418,-0.7999999999999999,0.0,4.0,intercept|p16_equal5,,,,
qwen,mmlu,delta_nll_a,Pk16-only,160.0,-0.019540431893179555,0.06818161254727784,-1.0,100.0,4.0,intercept|p16_equal5,,,,
qwen,mmlu,delta_nll_a,Pk16-only,320.0,-0.01199245702907814,0.07501920076590882,0.0,100.0,4.0,intercept|p16_equal5,,,,
qwen,mmlu,delta_nll_a,Pk16-only,480.0,-0.009863559403477717,0.07351525912426032,0.19999999999999998,100.0,4.0,intercept|p16_equal5,,,,
qwen,mmlu,delta_nll_a,Pk16-only,624.0,-0.0011823947416025327,0.07882903778770102,-0.19999999999999998,100.0,4.0,intercept|p16_equal5,,,,
qwen,mmlu,delta_nll_a,Pk32-only,5.0,-0.3340451567152012,0.010369823705629147,-0.39999999999999997,1.0,4.0,intercept|p32_equal5,,,,
qwen,mmlu,delta_nll_a,Pk32-only,20.0,0.11907666204171541,0.010001009283183135,0.19999999999999998,10.0,4.0,intercept|p32_equal5,,,,
qwen,mmlu,delta_nll_a,Pk32-only,40.0,-0.1868013866983027,0.026707502875388114,0.0,10.0,4.0,intercept|p32_equal5,,,,
qwen,mmlu,delta_nll_a,Pk32-only,80.0,-0.22381398910521422,0.046390470235403096,-0.7999999999999999,10.0,4.0,intercept|p32_equal5,,,,
qwen,mmlu,delta_nll_a,Pk32-only,160.0,-0.025060933303694855,0.07040913807261469,-0.39999999999999997,10.0,4.0,intercept|p32_equal5,,,,
qwen,mmlu,delta_nll_a,Pk32-only,320.0,0.07341117840028066,0.07714023902720539,0.7999999999999999,0.0,4.0,intercept|p32_equal5,,,,
qwen,mmlu,delta_nll_a,Pk32-only,480.0,0.08120545263692025,0.07898327553987411,1.0,0.0,4.0,intercept|p32_equal5,,,,
qwen,mmlu,delta_nll_a,Pk32-only,624.0,0.09119821213500034,0.08509574060831118,0.39999999999999997,0.0,4.0,intercept|p32_equal5,,,,
qwen,mmlu,delta_nll_a,PkAll-only,5.0,-4.42377893480445,0.026131413285837214,0.7999999999999999,100.0,4.0,intercept|p4_equal5|p8_equal5|p16_equal5|p32_equal5,,,,
qwen,mmlu,delta_nll_a,PkAll-only,20.0,-5.529776850482959,0.028763248030776963,-0.7999999999999999,1.0,4.0,intercept|p4_equal5|p8_equal5|p16_equal5|p32_equal5,,,,
qwen,mmlu,delta_nll_a,PkAll-only,40.0,-4.734264508171508,0.08233157537399562,0.0,0.01,4.0,intercept|p4_equal5|p8_equal5|p16_equal5|p32_equal5,,,,
qwen,mmlu,delta_nll_a,PkAll-only,80.0,-0.6658554755113117,0.06024421104119448,-0.39999999999999997,0.1,4.0,intercept|p4_equal5|p8_equal5|p16_equal5|p32_equal5,,,,
qwen,mmlu,delta_nll_a,PkAll-only,160.0,-0.054446105600988615,0.06967675133359943,-0.39999999999999997,10.0,4.0,intercept|p4_equal5|p8_equal5|p16_equal5|p32_equal5,,,,
qwen,mmlu,delta_nll_a,PkAll-only,320.0,0.0037924365442945085,0.07545961063090553,0.7999999999999999,100.0,4.0,intercept|p4_equal5|p8_equal5|p16_equal5|p32_equal5,,,,
qwen,mmlu,delta_nll_a,PkAll-only,480.0,0.015484467570813898,0.07535463563925125,0.7999999999999999,100.0,4.0,intercept|p4_equal5|p8_equal5|p16_equal5|p32_equal5,,,,
qwen,mmlu,delta_nll_a,PkAll-only,624.0,0.026861021530326545,0.08064385308909451,0.39999999999999997,100.0,4.0,intercept|p4_equal5|p8_equal5|p16_equal5|p32_equal5,,,,
qwen,mmlu,delta_nll_a,M0,5.0,-37.32963817796411,0.0561420772958358,-0.39999999999999997,1.0,4.0,intercept|arm_offkd|arm_opd|arm_seqkd|arm_sft|log1p_checkpoint,,,,
qwen,mmlu,delta_nll_a,M0,20.0,-12.952744122757272,0.04056929687506246,0.7999999999999999,1.0,4.0,intercept|arm_offkd|arm_opd|arm_seqkd|arm_sft|log1p_checkpoint,,,,
qwen,mmlu,delta_nll_a,M0,40.0,0.5300560543893144,0.023950065138190514,0.7999999999999999,0.0,4.0,intercept|arm_offkd|arm_opd|arm_seqkd|arm_sft|log1p_checkpoint,,,,
qwen,mmlu,delta_nll_a,M0,80.0,0.9115350181718065,0.013572801997423346,0.39999999999999997,10.0,4.0,intercept|arm_offkd|arm_opd|arm_seqkd|arm_sft|log1p_checkpoint,,,,
qwen,mmlu,delta_nll_a,M0,160.0,0.7472097656422003,0.03293943891523184,1.0,10.0,4.0,intercept|arm_offkd|arm_opd|arm_seqkd|arm_sft|log1p_checkpoint,,,,
qwen,mmlu,delta_nll_a,M0,320.0,0.6846774277871146,0.04298160530578374,0.7999999999999999,10.0,4.0,intercept|arm_offkd|arm_opd|arm_seqkd|arm_sft|log1p_checkpoint,,,,
qwen,mmlu,delta_nll_a,M0,480.0,0.7051990983355046,0.04217261127506751,1.0,10.0,4.0,intercept|arm_offkd|arm_opd|arm_seqkd|arm_sft|log1p_checkpoint,,,,
qwen,mmlu,delta_nll_a,M0,624.0,0.6698343907628612,0.04933327762356743,0.7999999999999999,10.0,4.0,intercept|arm_offkd|arm_opd|arm_seqkd|arm_sft|log1p_checkpoint,,,,
qwen,mmlu,delta_nll_a,M0+C5,5.0,-39.73515453335242,0.06460309188890972,-0.39999999999999997,0.1,4.0,intercept|arm_offkd|arm_opd|arm_seqkd|arm_sft|log1p_checkpoint|c_equal5,,,,
qwen,mmlu,delta_nll_a,M0+C5,20.0,-12.927299635819624,0.04092913653368866,0.7999999999999999,1.0,4.0,intercept|arm_offkd|arm_opd|arm_seqkd|arm_sft|log1p_checkpoint|c_equal5,,,,
qwen,mmlu,delta_nll_a,M0+C5,40.0,0.4820741054123783,0.025880527417447945,0.7999999999999999,1.0,4.0,intercept|arm_offkd|arm_opd|arm_seqkd|arm_sft|log1p_checkpoint|c_equal5,,,,
qwen,mmlu,delta_nll_a,M0+C5,80.0,0.8788025994360985,0.015667457218425343,0.39999999999999997,10.0,4.0,intercept|arm_offkd|arm_opd|arm_seqkd|arm_sft|log1p_checkpoint|c_equal5,,,,
qwen,mmlu,delta_nll_a,M0+C5,160.0,0.7514499403043636,0.03302417214718428,1.0,10.0,4.0,intercept|arm_offkd|arm_opd|arm_seqkd|arm_sft|log1p_checkpoint|c_equal5,,,,
qwen,mmlu,delta_nll_a,M0+C5,320.0,0.6847661927574612,0.0445241863211487,0.7999999999999999,10.0,4.0,intercept|arm_offkd|arm_opd|arm_seqkd|arm_sft|log1p_checkpoint|c_equal5,,,,
qwen,mmlu,delta_nll_a,M0+C5,480.0,0.7111281813894132,0.04398920752551832,1.0,10.0,4.0,intercept|arm_offkd|arm_opd|arm_seqkd|arm_sft|log1p_checkpoint|c_equal5,,,,
qwen,mmlu,delta_nll_a,M0+C5,624.0,0.6771173809583506,0.05038088906304547,0.7999999999999999,10.0,4.0,intercept|arm_offkd|arm_opd|arm_seqkd|arm_sft|log1p_checkpoint|c_equal5,,,,
qwen,mmlu,delta_nll_a,M0+PkAll5,5.0,-26.63318090938733,0.043415949298834945,-0.39999999999999997,0.1,4.0,intercept|arm_offkd|arm_opd|arm_seqkd|arm_sft|log1p_checkpoint|p4_equal5|p8_equal5|p16_equal5|p32_equal5,,,,
qwen,mmlu,delta_nll_a,M0+PkAll5,20.0,-5.911324599657324,0.023870907814073583,0.7999999999999999,1.0,4.0,intercept|arm_offkd|arm_opd|arm_seqkd|arm_sft|log1p_checkpoint|p4_equal5|p8_equal5|p16_equal5|p32_equal5,,,,
qwen,mmlu,delta_nll_a,M0+PkAll5,40.0,0.24198808682974626,0.027233815211266683,0.7999999999999999,0.1,4.0,intercept|arm_offkd|arm_opd|arm_seqkd|arm_sft|log1p_checkpoint|p4_equal5|p8_equal5|p16_equal5|p32_equal5,,,,
qwen,mmlu,delta_nll_a,M0+PkAll5,80.0,0.4676934912327465,0.03780494995584155,0.39999999999999997,0.0,4.0,intercept|arm_offkd|arm_opd|arm_seqkd|arm_sft|log1p_checkpoint|p4_equal5|p8_equal5|p16_equal5|p32_equal5,,,,
qwen,mmlu,delta_nll_a,M0+PkAll5,160.0,0.8662207497226982,0.02868656177419865,0.7999999999999999,0.1,4.0,intercept|arm_offkd|arm_opd|arm_seqkd|arm_sft|log1p_checkpoint|p4_equal5|p8_equal5|p16_equal5|p32_equal5,,,,
qwen,mmlu,delta_nll_a,M0+PkAll5,320.0,0.9104783616427198,0.02658857402993143,0.7999999999999999,0.1,4.0,intercept|arm_offkd|arm_opd|arm_seqkd|arm_sft|log1p_checkpoint|p4_equal5|p8_equal5|p16_equal5|p32_equal5,,,,
qwen,mmlu,delta_nll_a,M0+PkAll5,480.0,0.9433194219770753,0.019034976788341592,0.39999999999999997,0.1,4.0,intercept|arm_offkd|arm_opd|arm_seqkd|arm_sft|log1p_checkpoint|p4_equal5|p8_equal5|p16_equal5|p32_equal5,,,,
qwen,mmlu,delta_nll_a,M0+PkAll5,624.0,0.9381621989127737,0.020709932791264055,0.7999999999999999,1.0,4.0,intercept|arm_offkd|arm_opd|arm_seqkd|arm_sft|log1p_checkpoint|p4_equal5|p8_equal5|p16_equal5|p32_equal5,,,,
qwen,mmlu,delta_nll_a,M0+PkAll5+C5,5.0,-25.2922586200012,0.04231063653414813,-0.39999999999999997,0.1,4.0,intercept|arm_offkd|arm_opd|arm_seqkd|arm_sft|log1p_checkpoint|p4_equal5|p8_equal5|p16_equal5|p32_equal5|c_equal5,,,,
qwen,mmlu,delta_nll_a,M0+PkAll5+C5,20.0,-5.095494294241339,0.02442007976012569,0.19999999999999998,1.0,4.0,intercept|arm_offkd|arm_opd|arm_seqkd|arm_sft|log1p_checkpoint|p4_equal5|p8_equal5|p16_equal5|p32_equal5|c_equal5,,,,
qwen,mmlu,delta_nll_a,M0+PkAll5+C5,40.0,0.44835956577001246,0.018116413769569975,0.7999999999999999,0.1,4.0,intercept|arm_offkd|arm_opd|arm_seqkd|arm_sft|log1p_checkpoint|p4_equal5|p8_equal5|p16_equal5|p32_equal5|c_equal5,,,,
qwen,mmlu,delta_nll_a,M0+PkAll5+C5,80.0,0.7983036232026175,0.020322033575450416,0.39999999999999997,0.1,4.0,intercept|arm_offkd|arm_opd|arm_seqkd|arm_sft|log1p_checkpoint|p4_equal5|p8_equal5|p16_equal5|p32_equal5|c_equal5,,,,
qwen,mmlu,delta_nll_a,M0+PkAll5+C5,160.0,0.8611554309293757,0.027490192235639768,0.7999999999999999,0.1,4.0,intercept|arm_offkd|arm_opd|arm_seqkd|arm_sft|log1p_checkpoint|p4_equal5|p8_equal5|p16_equal5|p32_equal5|c_equal5,,,,
qwen,mmlu,delta_nll_a,M0+PkAll5+C5,320.0,0.8955652987117402,0.026529513599786215,0.7999999999999999,0.1,4.0,intercept|arm_offkd|arm_opd|arm_seqkd|arm_sft|log1p_checkpoint|p4_equal5|p8_equal5|p16_equal5|p32_equal5|c_equal5,,,,
qwen,mmlu,delta_nll_a,M0+PkAll5+C5,480.0,0.9494592944709493,0.018016918588040498,0.39999999999999997,0.1,4.0,intercept|arm_offkd|arm_opd|arm_seqkd|arm_sft|log1p_checkpoint|p4_equal5|p8_equal5|p16_equal5|p32_equal5|c_equal5,,,,
qwen,mmlu,delta_nll_a,M0+PkAll5+C5,624.0,0.9801196323917762,0.011814025365916195,0.7999999999999999,0.1,4.0,intercept|arm_offkd|arm_opd|arm_seqkd|arm_sft|log1p_checkpoint|p4_equal5|p8_equal5|p16_equal5|p32_equal5|c_equal5,,,,
qwen,mmlu,delta_nll_t,C-only,5.0,-973.8855971220565,1.165963213761166,-0.6000000000000001,10.0,4.0,intercept|c_equal5,,,,
qwen,mmlu,delta_nll_t,C-only,10.0,-34.6950240947714,0.917341538510619,0.39999999999999997,10.0,4.0,intercept|c_equal5,,,,
qwen,mmlu,delta_nll_t,C-only,20.0,0.47544708737420494,0.385555603827748,0.39999999999999997,0.0,4.0,intercept|c_equal5,,,,
qwen,mmlu,delta_nll_t,C-only,40.0,0.14587856661720067,0.658572215779009,0.7999999999999999,1.0,4.0,intercept|c_equal5,,,,
qwen,mmlu,delta_nll_t,C-only,80.0,-8.987073890373091,1.0607232555829187,0.7999999999999999,1.0,4.0,intercept|c_equal5,,,,
qwen,mmlu,delta_nll_t,C-only,160.0,-0.26152198275095695,0.5832712824018083,0.39999999999999997,1.0,4.0,intercept|c_equal5,,,,
qwen,mmlu,delta_nll_t,C-only,320.0,0.3177287065167911,0.6634737012247678,0.7999999999999999,1.0,4.0,intercept|c_equal5,,,,
qwen,mmlu,delta_nll_t,C-only,480.0,0.3193687620297816,0.7515506739972342,0.7999999999999999,1.0,4.0,intercept|c_equal5,,,,
qwen,mmlu,delta_nll_t,C-only,624.0,0.3308681616514857,0.7020545313829668,0.7999999999999999,1.0,4.0,intercept|c_equal5,,,,
qwen,mmlu,delta_nll_t,C-only-matched,5.0,-1441.8759871553082,1.4223015184854018,-0.6000000000000001,10.0,4.0,intercept|c_equal5,,,,
qwen,mmlu,delta_nll_t,C-only-matched,20.0,-1.7719084262823537,0.8932261750956736,0.39999999999999997,100.0,4.0,intercept|c_equal5,,,,
qwen,mmlu,delta_nll_t,C-only-matched,40.0,0.4626241541310484,0.5696921254822834,0.7999999999999999,10.0,4.0,intercept|c_equal5,,,,
qwen,mmlu,delta_nll_t,C-only-matched,80.0,-5.4781218628578605,0.8498834596636509,0.7999999999999999,10.0,4.0,intercept|c_equal5,,,,
qwen,mmlu,delta_nll_t,C-only-matched,160.0,-0.1786510374888146,0.5321841043605037,0.39999999999999997,10.0,4.0,intercept|c_equal5,,,,
qwen,mmlu,delta_nll_t,C-only-matched,320.0,0.2918322774572478,0.5830545968926225,0.7999999999999999,10.0,4.0,intercept|c_equal5,,,,
qwen,mmlu,delta_nll_t,C-only-matched,480.0,0.3061293736496741,0.7815041777940237,0.7999999999999999,0.1,4.0,intercept|c_equal5,,,,
qwen,mmlu,delta_nll_t,C-only-matched,624.0,0.33713371283198856,0.7241297868773242,0.7999999999999999,1.0,4.0,intercept|c_equal5,,,,
qwen,mmlu,delta_nll_t,Pk4-only,5.0,-2580.210146538009,1.906692836410433,0.7999999999999999,100.0,4.0,intercept|p4_equal5,,,,
qwen,mmlu,delta_nll_t,Pk4-only,20.0,-2.6365369591513033,1.0613808134753224,0.39999999999999997,100.0,4.0,intercept|p4_equal5,,,,
qwen,mmlu,delta_nll_t,Pk4-only,40.0,-0.06374073799503543,0.6511608956209103,-0.39999999999999997,100.0,4.0,intercept|p4_equal5,,,,
qwen,mmlu,delta_nll_t,Pk4-only,80.0,-3.464873957461042,0.5897211711701322,-1.0,10.0,4.0,intercept|p4_equal5,,,,
qwen,mmlu,delta_nll_t,Pk4-only,160.0,-2.496340284916173,1.0951132309010887,0.7999999999999999,1.0,4.0,intercept|p4_equal5,,,,
qwen,mmlu,delta_nll_t,Pk4-only,320.0,-0.7091841932645853,0.8940494241658385,-0.19999999999999998,10.0,4.0,intercept|p4_equal5,,,,
qwen,mmlu,delta_nll_t,Pk4-only,480.0,-0.201641373634466,0.7791792717312469,-0.19999999999999998,10.0,4.0,intercept|p4_equal5,,,,
qwen,mmlu,delta_nll_t,Pk4-only,624.0,-0.3211322077087002,0.7654742283139826,0.7999999999999999,100.0,4.0,intercept|p4_equal5,,,,
qwen,mmlu,delta_nll_t,Pk8-only,5.0,-2457.259997067889,1.861730610391115,0.7999999999999999,100.0,4.0,intercept|p8_equal5,,,,
qwen,mmlu,delta_nll_t,Pk8-only,20.0,-2.1338595102041062,0.9778201360997469,0.7999999999999999,100.0,4.0,intercept|p8_equal5,,,,
qwen,mmlu,delta_nll_t,Pk8-only,40.0,0.03586564051820629,0.580579719192559,0.7999999999999999,100.0,4.0,intercept|p8_equal5,,,,
qwen,mmlu,delta_nll_t,Pk8-only,80.0,-4.839751094709164,0.7301674110450997,-0.39999999999999997,10.0,4.0,intercept|p8_equal5,,,,
qwen,mmlu,delta_nll_t,Pk8-only,160.0,-0.7716098062666399,0.5788775201082343,0.7999999999999999,100.0,4.0,intercept|p8_equal5,,,,
qwen,mmlu,delta_nll_t,Pk8-only,320.0,-0.5126946160423818,0.6983129063351156,-0.7999999999999999,100.0,4.0,intercept|p8_equal5,,,,
qwen,mmlu,delta_nll_t,Pk8-only,480.0,-0.3240026319157485,0.7164271904198865,0.19999999999999998,100.0,4.0,intercept|p8_equal5,,,,
qwen,mmlu,delta_nll_t,Pk8-only,624.0,-0.21286266921259478,0.6707908484467853,0.39999999999999997,100.0,4.0,intercept|p8_equal5,,,,
qwen,mmlu,delta_nll_t,Pk16-only,5.0,-2306.933002339759,1.8037520746711353,0.7999999999999999,100.0,4.0,intercept|p16_equal5,,,,
qwen,mmlu,delta_nll_t,Pk16-only,20.0,-1.865641816360363,0.917172126609295,0.7999999999999999,100.0,4.0,intercept|p16_equal5,,,,
qwen,mmlu,delta_nll_t,Pk16-only,40.0,-0.07186104578208563,0.6732603074385709,0.0,10.0,4.0,intercept|p16_equal5,,,,
qwen,mmlu,delta_nll_t,Pk16-only,80.0,-4.5756474238431695,0.5921883851600372,-1.0,10.0,4.0,intercept|p16_equal5,,,,
qwen,mmlu,delta_nll_t,Pk16-only,160.0,-0.9431327853125964,0.6038124188892469,-0.39999999999999997,10.0,4.0,intercept|p16_equal5,,,,
qwen,mmlu,delta_nll_t,Pk16-only,320.0,-0.18974960247241723,0.6210734363736294,-0.39999999999999997,10.0,4.0,intercept|p16_equal5,,,,
qwen,mmlu,delta_nll_t,Pk16-only,480.0,-0.00812880667263216,0.8954502062991387,0.39999999999999997,10.0,4.0,intercept|p16_equal5,,,,
qwen,mmlu,delta_nll_t,Pk16-only,624.0,0.08794169195201207,0.944112778993395,0.7999999999999999,10.0,4.0,intercept|p16_equal5,,,,
qwen,mmlu,delta_nll_t,Pk32-only,5.0,-1010.3003951823182,1.1869867679436892,0.39999999999999997,10.0,4.0,intercept|p32_equal5,,,,
qwen,mmlu,delta_nll_t,Pk32-only,20.0,-0.006003351455013073,0.6169026276299019,0.39999999999999997,10.0,4.0,intercept|p32_equal5,,,,
qwen,mmlu,delta_nll_t,Pk32-only,40.0,-0.37837212163972156,0.6834279545417019,0.19999999999999998,0.0,4.0,intercept|p32_equal5,,,,
qwen,mmlu,delta_nll_t,Pk32-only,80.0,-5.754141280677447,0.6469269104692239,-0.39999999999999997,0.0,4.0,intercept|p32_equal5,,,,
qwen,mmlu,delta_nll_t,Pk32-only,160.0,-0.3932798902178849,0.4483170408087763,0.39999999999999997,0.0,4.0,intercept|p32_equal5,,,,
qwen,mmlu,delta_nll_t,Pk32-only,320.0,0.3993306033149894,0.5684905679065606,1.0,0.0,4.0,intercept|p32_equal5,,,,
qwen,mmlu,delta_nll_t,Pk32-only,480.0,0.3220453646217669,0.8657268918738021,0.7999999999999999,0.0,4.0,intercept|p32_equal5,,,,
qwen,mmlu,delta_nll_t,Pk32-only,624.0,0.1778334502874327,0.8939166476591129,1.0,0.0,4.0,intercept|p32_equal5,,,,
qwen,mmlu,delta_nll_t,PkAll-only,5.0,-752.7700030240495,1.0138098068427435,0.39999999999999997,1.0,4.0,intercept|p4_equal5|p8_equal5|p16_equal5|p32_equal5,,,,
qwen,mmlu,delta_nll_t,PkAll-only,20.0,-0.8811763367247032,0.7234389044974086,-0.19999999999999998,0.1,4.0,intercept|p4_equal5|p8_equal5|p16_equal5|p32_equal5,,,,
qwen,mmlu,delta_nll_t,PkAll-only,40.0,-0.7718530052947397,0.5820509375613986,0.19999999999999998,0.0,4.0,intercept|p4_equal5|p8_equal5|p16_equal5|p32_equal5,,,,
qwen,mmlu,delta_nll_t,PkAll-only,80.0,-6.209854598487461,0.6444166222624548,-0.39999999999999997,0.0,4.0,intercept|p4_equal5|p8_equal5|p16_equal5|p32_equal5,,,,
qwen,mmlu,delta_nll_t,PkAll-only,160.0,-0.14151230377839852,0.5076352822362238,0.39999999999999997,0.0,4.0,intercept|p4_equal5|p8_equal5|p16_equal5|p32_equal5,,,,
qwen,mmlu,delta_nll_t,PkAll-only,320.0,0.746052686085331,0.4022528876723647,1.0,0.1,4.0,intercept|p4_equal5|p8_equal5|p16_equal5|p32_equal5,,,,
qwen,mmlu,delta_nll_t,PkAll-only,480.0,0.4956175292322119,0.7221181073249743,0.7999999999999999,1.0,4.0,intercept|p4_equal5|p8_equal5|p16_equal5|p32_equal5,,,,
qwen,mmlu,delta_nll_t,PkAll-only,624.0,0.4494915591508034,0.7467303474406017,0.7999999999999999,1.0,4.0,intercept|p4_equal5|p8_equal5|p16_equal5|p32_equal5,,,,
qwen,mmlu,delta_nll_t,M0,5.0,-677.4999699682046,0.6573200371158158,0.19999999999999998,0.0,4.0,intercept|arm_offkd|arm_opd|arm_seqkd|arm_sft|log1p_checkpoint,,,,
qwen,mmlu,delta_nll_t,M0,20.0,0.8077058098134908,0.24924763916167816,0.7999999999999999,0.0,4.0,intercept|arm_offkd|arm_opd|arm_seqkd|arm_sft|log1p_checkpoint,,,,
qwen,mmlu,delta_nll_t,M0,40.0,0.6951616412874861,0.4075660035534624,1.0,0.0,4.0,intercept|arm_offkd|arm_opd|arm_seqkd|arm_sft|log1p_checkpoint,,,,
qwen,mmlu,delta_nll_t,M0,80.0,-3.142506260186778,0.6099246569423504,1.0,0.0,4.0,intercept|arm_offkd|arm_opd|arm_seqkd|arm_sft|log1p_checkpoint,,,,
qwen,mmlu,delta_nll_t,M0,160.0,0.6870126532564576,0.26845636042793364,0.19999999999999998,1.0,4.0,intercept|arm_offkd|arm_opd|arm_seqkd|arm_sft|log1p_checkpoint,,,,
qwen,mmlu,delta_nll_t,M0,320.0,0.8885973816324171,0.2827488996212321,0.7999999999999999,0.1,4.0,intercept|arm_offkd|arm_opd|arm_seqkd|arm_sft|log1p_checkpoint,,,,
qwen,mmlu,delta_nll_t,M0,480.0,0.7567483405829564,0.5236162977100352,1.0,0.0,4.0,intercept|arm_offkd|arm_opd|arm_seqkd|arm_sft|log1p_checkpoint,,,,
qwen,mmlu,delta_nll_t,M0,624.0,0.6452086927310088,0.5872719468247705,1.0,0.1,4.0,intercept|arm_offkd|arm_opd|arm_seqkd|arm_sft|log1p_checkpoint,,,,
qwen,mmlu,delta_nll_t,M0+C5,5.0,-633.5127425558821,0.6972430776663067,0.39999999999999997,0.0,4.0,intercept|arm_offkd|arm_opd|arm_seqkd|arm_sft|log1p_checkpoint|c_equal5,,,,
qwen,mmlu,delta_nll_t,M0+C5,20.0,0.778425241399181,0.28609226037701113,0.7999999999999999,0.0,4.0,intercept|arm_offkd|arm_opd|arm_seqkd|arm_sft|log1p_checkpoint|c_equal5,,,,
qwen,mmlu,delta_nll_t,M0+C5,40.0,0.8074361690743017,0.34069420528770344,1.0,0.1,4.0,intercept|arm_offkd|arm_opd|arm_seqkd|arm_sft|log1p_checkpoint|c_equal5,,,,
qwen,mmlu,delta_nll_t,M0+C5,80.0,-2.4539167999094444,0.5699871275891113,1.0,0.1,4.0,intercept|arm_offkd|arm_opd|arm_seqkd|arm_sft|log1p_checkpoint|c_equal5,,,,
qwen,mmlu,delta_nll_t,M0+C5,160.0,0.764951089725229,0.2371316999718064,0.19999999999999998,0.1,4.0,intercept|arm_offkd|arm_opd|arm_seqkd|arm_sft|log1p_checkpoint|c_equal5,,,,
qwen,mmlu,delta_nll_t,M0+C5,320.0,0.8979358715235828,0.24095756188234813,0.7999999999999999,0.1,4.0,intercept|arm_offkd|arm_opd|arm_seqkd|arm_sft|log1p_checkpoint|c_equal5,,,,
qwen,mmlu,delta_nll_t,M0+C5,480.0,0.7758005685188223,0.48109351632770914,1.0,0.1,4.0,intercept|arm_offkd|arm_opd|arm_seqkd|arm_sft|log1p_checkpoint|c_equal5,,,,
qwen,mmlu,delta_nll_t,M0+C5,624.0,0.6606045973151036,0.5758089176871866,1.0,0.1,4.0,intercept|arm_offkd|arm_opd|arm_seqkd|arm_sft|log1p_checkpoint|c_equal5,,,,
qwen,mmlu,delta_nll_t,M0+PkAll5,5.0,-849.7040047870089,0.7430005098117074,0.19999999999999998,0.1,4.0,intercept|arm_offkd|arm_opd|arm_seqkd|arm_sft|log1p_checkpoint|p4_equal5|p8_equal5|p16_equal5|p32_equal5,,,,
qwen,mmlu,delta_nll_t,M0+PkAll5,20.0,0.7660724334467288,0.23719653140116687,1.0,1.0,4.0,intercept|arm_offkd|arm_opd|arm_seqkd|arm_sft|log1p_checkpoint|p4_equal5|p8_equal5|p16_equal5|p32_equal5,,,,
qwen,mmlu,delta_nll_t,M0+PkAll5,40.0,0.8018041576002508,0.31675479920427263,0.7999999999999999,1.0,4.0,intercept|arm_offkd|arm_opd|arm_seqkd|arm_sft|log1p_checkpoint|p4_equal5|p8_equal5|p16_equal5|p32_equal5,,,,
qwen,mmlu,delta_nll_t,M0+PkAll5,80.0,-1.7812754106310726,0.48675778569984784,0.7999999999999999,0.1,4.0,intercept|arm_offkd|arm_opd|arm_seqkd|arm_sft|log1p_checkpoint|p4_equal5|p8_equal5|p16_equal5|p32_equal5,,,,
qwen,mmlu,delta_nll_t,M0+PkAll5,160.0,0.8045832669570675,0.2275394245908126,0.39999999999999997,1.0,4.0,intercept|arm_offkd|arm_opd|arm_seqkd|arm_sft|log1p_checkpoint|p4_equal5|p8_equal5|p16_equal5|p32_equal5,,,,
qwen,mmlu,delta_nll_t,M0+PkAll5,320.0,0.9947265589823671,0.0601480854003667,1.0,0.1,4.0,intercept|arm_offkd|arm_opd|arm_seqkd|arm_sft|log1p_checkpoint|p4_equal5|p8_equal5|p16_equal5|p32_equal5,,,,
qwen,mmlu,delta_nll_t,M0+PkAll5,480.0,0.9026250504403075,0.26004004758084576,0.39999999999999997,0.1,4.0,intercept|arm_offkd|arm_opd|arm_seqkd|arm_sft|log1p_checkpoint|p4_equal5|p8_equal5|p16_equal5|p32_equal5,,,,
qwen,mmlu,delta_nll_t,M0+PkAll5,624.0,0.8412952691885915,0.3365978488579719,0.39999999999999997,0.1,4.0,intercept|arm_offkd|arm_opd|arm_seqkd|arm_sft|log1p_checkpoint|p4_equal5|p8_equal5|p16_equal5|p32_equal5,,,,
qwen,mmlu,delta_nll_t,M0+PkAll5+C5,5.0,-1074.235850299319,0.7828488231498397,0.39999999999999997,0.1,4.0,intercept|arm_offkd|arm_opd|arm_seqkd|arm_sft|log1p_checkpoint|p4_equal5|p8_equal5|p16_equal5|p32_equal5|c_equal5,,,,
qwen,mmlu,delta_nll_t,M0+PkAll5+C5,20.0,0.708941853668424,0.24656178988877014,1.0,1.0,4.0,intercept|arm_offkd|arm_opd|arm_seqkd|arm_sft|log1p_checkpoint|p4_equal5|p8_equal5|p16_equal5|p32_equal5|c_equal5,,,,
qwen,mmlu,delta_nll_t,M0+PkAll5+C5,40.0,0.8654894629047876,0.2521114378037486,0.7999999999999999,0.1,4.0,intercept|arm_offkd|arm_opd|arm_seqkd|arm_sft|log1p_checkpoint|p4_equal5|p8_equal5|p16_equal5|p32_equal5|c_equal5,,,,
qwen,mmlu,delta_nll_t,M0+PkAll5+C5,80.0,-1.5735903931978505,0.45040196193846843,0.7999999999999999,0.1,4.0,intercept|arm_offkd|arm_opd|arm_seqkd|arm_sft|log1p_checkpoint|p4_equal5|p8_equal5|p16_equal5|p32_equal5|c_equal5,,,,
qwen,mmlu,delta_nll_t,M0+PkAll5+C5,160.0,0.7105456133581628,0.30301803417950124,0.19999999999999998,0.1,4.0,intercept|arm_offkd|arm_opd|arm_seqkd|arm_sft|log1p_checkpoint|p4_equal5|p8_equal5|p16_equal5|p32_equal5|c_equal5,,,,
qwen,mmlu,delta_nll_t,M0+PkAll5+C5,320.0,0.9852038732468192,0.07295326437269212,1.0,0.1,4.0,intercept|arm_offkd|arm_opd|arm_seqkd|arm_sft|log1p_checkpoint|p4_equal5|p8_equal5|p16_equal5|p32_equal5|c_equal5,,,,
qwen,mmlu,delta_nll_t,M0+PkAll5+C5,480.0,0.9075400856575238,0.24835590157403686,0.39999999999999997,0.1,4.0,intercept|arm_offkd|arm_opd|arm_seqkd|arm_sft|log1p_checkpoint|p4_equal5|p8_equal5|p16_equal5|p32_equal5|c_equal5,,,,
qwen,mmlu,delta_nll_t,M0+PkAll5+C5,624.0,0.8289743816997862,0.36512179079477797,0.7999999999999999,0.1,4.0,intercept|arm_offkd|arm_opd|arm_seqkd|arm_sft|log1p_checkpoint|p4_equal5|p8_equal5|p16_equal5|p32_equal5|c_equal5,,,,
qwen,mmlu,kl_f,C-only,5.0,-148.91178110864638,0.05189947443665283,-0.7999999999999999,1.0,4.0,intercept|c_equal5,,,,
qwen,mmlu,kl_f,C-only,10.0,-3.1690674336381432,0.034342451389086946,0.19999999999999998,1.0,4.0,intercept|c_equal5,,,,
qwen,mmlu,kl_f,C-only,20.0,0.3684513292757581,0.050972514588265586,0.39999999999999997,1.0,4.0,intercept|c_equal5,,,,
qwen,mmlu,kl_f,C-only,40.0,0.5338875569212282,0.04729953300317911,1.0,1.0,4.0,intercept|c_equal5,,,,
qwen,mmlu,kl_f,C-only,80.0,0.1808498561728039,0.054320702925607006,1.0,1.0,4.0,intercept|c_equal5,,,,
qwen,mmlu,kl_f,C-only,160.0,0.3683863014336458,0.05279679667329132,1.0,1.0,4.0,intercept|c_equal5,,,,
qwen,mmlu,kl_f,C-only,320.0,0.35691231771801046,0.06395688184892462,0.7999999999999999,1.0,4.0,intercept|c_equal5,,,,
qwen,mmlu,kl_f,C-only,480.0,0.5192105031853679,0.05919065637274669,1.0,1.0,4.0,intercept|c_equal5,,,,
qwen,mmlu,kl_f,C-only,624.0,0.6333328097742442,0.0500240535290324,1.0,10.0,4.0,intercept|c_equal5,,,,
qwen,mmlu,kl_f,C-only-matched,5.0,-198.62058044082698,0.06050274396555538,-0.7999999999999999,0.0,4.0,intercept|c_equal5,,,,
qwen,mmlu,kl_f,C-only-matched,20.0,0.39437372011716043,0.05396918452826517,0.39999999999999997,10.0,4.0,intercept|c_equal5,,,,
qwen,mmlu,kl_f,C-only-matched,40.0,0.5119535692457119,0.05090290033779249,1.0,10.0,4.0,intercept|c_equal5,,,,
qwen,mmlu,kl_f,C-only-matched,80.0,0.22396038529562123,0.04966920218507856,1.0,1.0,4.0,intercept|c_equal5,,,,
qwen,mmlu,kl_f,C-only-matched,160.0,0.3764004617262463,0.05218205261892113,1.0,1.0,4.0,intercept|c_equal5,,,,
qwen,mmlu,kl_f,C-only-matched,320.0,0.3487677166040819,0.06536106202030542,0.7999999999999999,1.0,4.0,intercept|c_equal5,,,,
qwen,mmlu,kl_f,C-only-matched,480.0,0.5122041644091117,0.060179546730613084,1.0,1.0,4.0,intercept|c_equal5,,,,
qwen,mmlu,kl_f,C-only-matched,624.0,0.5347089210286899,0.05752112466749559,1.0,1.0,4.0,intercept|c_equal5,,,,
qwen,mmlu,kl_f,Pk4-only,5.0,-1037.1085646626357,0.1412511842899359,1.0,100.0,4.0,intercept|p4_equal5,,,,
qwen,mmlu,kl_f,Pk4-only,20.0,-0.49400794074884136,0.1059861483104281,0.39999999999999997,100.0,4.0,intercept|p4_equal5,,,,
qwen,mmlu,kl_f,Pk4-only,40.0,-0.07096175728667187,0.10711960934182668,-0.19999999999999998,100.0,4.0,intercept|p4_equal5,,,,
qwen,mmlu,kl_f,Pk4-only,80.0,-0.0566173008563029,0.08018845159727725,-0.7999999999999999,100.0,4.0,intercept|p4_equal5,,,,
qwen,mmlu,kl_f,Pk4-only,160.0,-0.9133925216315175,0.10299785351500076,-0.19999999999999998,0.0,4.0,intercept|p4_equal5,,,,
qwen,mmlu,kl_f,Pk4-only,320.0,-0.3302604384704173,0.07197307568030573,-0.19999999999999998,100.0,4.0,intercept|p4_equal5,,,,
qwen,mmlu,kl_f,Pk4-only,480.0,-0.5686846222776982,0.08768156061745494,-0.39999999999999997,100.0,4.0,intercept|p4_equal5,,,,
qwen,mmlu,kl_f,Pk4-only,624.0,-0.5639278482593844,0.08826941046116142,0.39999999999999997,100.0,4.0,intercept|p4_equal5,,,,
qwen,mmlu,kl_f,Pk8-only,5.0,-549.022552632421,0.10195122089933958,1.0,10.0,4.0,intercept|p8_equal5,,,,
qwen,mmlu,kl_f,Pk8-only,20.0,0.12706802888573498,0.08096813768102165,0.7999999999999999,10.0,4.0,intercept|p8_equal5,,,,
qwen,mmlu,kl_f,Pk8-only,40.0,0.0659311603423125,0.08380502395222572,1.0,10.0,4.0,intercept|p8_equal5,,,,
qwen,mmlu,kl_f,Pk8-only,80.0,-0.044877678460240045,0.06588330621539733,-0.19999999999999998,10.0,4.0,intercept|p8_equal5,,,,
qwen,mmlu,kl_f,Pk8-only,160.0,-0.3151011051356811,0.07453784299459297,-0.19999999999999998,1.0,4.0,intercept|p8_equal5,,,,
qwen,mmlu,kl_f,Pk8-only,320.0,-0.26277401833258995,0.07124419354768262,-0.7999999999999999,0.0,4.0,intercept|p8_equal5,,,,
qwen,mmlu,kl_f,Pk8-only,480.0,-0.034599076144325336,0.0702873692664077,0.39999999999999997,10.0,4.0,intercept|p8_equal5,,,,
qwen,mmlu,kl_f,Pk8-only,624.0,-0.033447867072297965,0.09012919832182317,0.19999999999999998,0.0,4.0,intercept|p8_equal5,,,,
qwen,mmlu,kl_f,Pk16-only,5.0,-344.9936146011467,0.081145488211937,0.39999999999999997,0.0,4.0,intercept|p16_equal5,,,,
qwen,mmlu,kl_f,Pk16-only,20.0,0.2677820654722187,0.06823005398850063,0.7999999999999999,1.0,4.0,intercept|p16_equal5,,,,
qwen,mmlu,kl_f,Pk16-only,40.0,-0.03237562529993321,0.08505417406662694,0.6000000000000001,0.0,4.0,intercept|p16_equal5,,,,
qwen,mmlu,kl_f,Pk16-only,80.0,-0.5905740996928277,0.09367353190250144,-0.7999999999999999,0.0,4.0,intercept|p16_equal5,,,,
qwen,mmlu,kl_f,Pk16-only,160.0,-0.4992046523507061,0.07360957132953522,-1.0,0.0,4.0,intercept|p16_equal5,,,,
qwen,mmlu,kl_f,Pk16-only,320.0,-0.06885378980116319,0.06368892730448543,-0.39999999999999997,0.0,4.0,intercept|p16_equal5,,,,
qwen,mmlu,kl_f,Pk16-only,480.0,-0.0015226323624255578,0.07080275403466417,0.19999999999999998,0.0,4.0,intercept|p16_equal5,,,,
qwen,mmlu,kl_f,Pk16-only,624.0,0.15077890671575778,0.07408698291104487,0.39999999999999997,1.0,4.0,intercept|p16_equal5,,,,
qwen,mmlu,kl_f,Pk32-only,5.0,-207.7660788951112,0.06225793604744302,0.19999999999999998,0.0,4.0,intercept|p32_equal5,,,,
qwen,mmlu,kl_f,Pk32-only,20.0,0.04637978993051506,0.06284040521872436,0.39999999999999997,0.0,4.0,intercept|p32_equal5,,,,
qwen,mmlu,kl_f,Pk32-only,40.0,-0.178990673649279,0.08374540023546675,0.39999999999999997,0.0,4.0,intercept|p32_equal5,,,,
qwen,mmlu,kl_f,Pk32-only,80.0,-0.5430052187984058,0.09012667708444677,-0.19999999999999998,0.0,4.0,intercept|p32_equal5,,,,
qwen,mmlu,kl_f,Pk32-only,160.0,-0.1639745926546643,0.0688589297467429,-0.39999999999999997,0.0,4.0,intercept|p32_equal5,,,,
qwen,mmlu,kl_f,Pk32-only,320.0,0.32754296372445846,0.059516967541943785,1.0,0.0,4.0,intercept|p32_equal5,,,,
qwen,mmlu,kl_f,Pk32-only,480.0,0.37960905029109604,0.05953582870363632,1.0,0.0,4.0,intercept|p32_equal5,,,,
qwen,mmlu,kl_f,Pk32-only,624.0,0.4762958367770531,0.06181072652969152,0.7999999999999999,0.0,4.0,intercept|p32_equal5,,,,
qwen,mmlu,kl_f,PkAll-only,5.0,-385.89813768917264,0.08536104001769369,-0.39999999999999997,10.0,4.0,intercept|p4_equal5|p8_equal5|p16_equal5|p32_equal5,,,,
qwen,mmlu,kl_f,PkAll-only,20.0,0.17217071919746185,0.06857625509340874,0.7999999999999999,10.0,4.0,intercept|p4_equal5|p8_equal5|p16_equal5|p32_equal5,,,,
qwen,mmlu,kl_f,PkAll-only,40.0,-0.530657081659035,0.10160457861888735,0.39999999999999997,0.0,4.0,intercept|p4_equal5|p8_equal5|p16_equal5|p32_equal5,,,,
qwen,mmlu,kl_f,PkAll-only,80.0,-0.4154400846465014,0.08322956020882649,-0.19999999999999998,1.0,4.0,intercept|p4_equal5|p8_equal5|p16_equal5|p32_equal5,,,,
qwen,mmlu,kl_f,PkAll-only,160.0,-0.21258932427847288,0.063579417466765,-0.39999999999999997,10.0,4.0,intercept|p4_equal5|p8_equal5|p16_equal5|p32_equal5,,,,
qwen,mmlu,kl_f,PkAll-only,320.0,0.07152063340199488,0.06533680852395396,0.7999999999999999,10.0,4.0,intercept|p4_equal5|p8_equal5|p16_equal5|p32_equal5,,,,
qwen,mmlu,kl_f,PkAll-only,480.0,0.18765453773697605,0.06744957511129576,0.39999999999999997,10.0,4.0,intercept|p4_equal5|p8_equal5|p16_equal5|p32_equal5,,,,
qwen,mmlu,kl_f,PkAll-only,624.0,0.19869717118553154,0.07392376452384605,0.19999999999999998,10.0,4.0,intercept|p4_equal5|p8_equal5|p16_equal5|p32_equal5,,,,
qwen,mmlu,kl_f,M0,5.0,-476.5791875603313,0.05993884571136895,0.19999999999999998,0.1,4.0,intercept|arm_offkd|arm_opd|arm_seqkd|arm_sft|log1p_checkpoint,,,,
qwen,mmlu,kl_f,M0,20.0,0.9772959851240917,0.009921736276748205,1.0,0.0,4.0,intercept|arm_offkd|arm_opd|arm_seqkd|arm_sft|log1p_checkpoint,,,,
qwen,mmlu,kl_f,M0,40.0,0.8841578741692803,0.024853247389002166,1.0,0.0,4.0,intercept|arm_offkd|arm_opd|arm_seqkd|arm_sft|log1p_checkpoint,,,,
qwen,mmlu,kl_f,M0,80.0,0.9259044902680238,0.02207234784765172,1.0,0.0,4.0,intercept|arm_offkd|arm_opd|arm_seqkd|arm_sft|log1p_checkpoint,,,,
qwen,mmlu,kl_f,M0,160.0,0.9661553544942801,0.0125591364173476,1.0,0.0,4.0,intercept|arm_offkd|arm_opd|arm_seqkd|arm_sft|log1p_checkpoint,,,,
qwen,mmlu,kl_f,M0,320.0,0.9777451571419261,0.011394899685585717,1.0,0.0,4.0,intercept|arm_offkd|arm_opd|arm_seqkd|arm_sft|log1p_checkpoint,,,,
qwen,mmlu,kl_f,M0,480.0,0.9467317466063963,0.015219650280175433,1.0,0.1,4.0,intercept|arm_offkd|arm_opd|arm_seqkd|arm_sft|log1p_checkpoint,,,,
qwen,mmlu,kl_f,M0,624.0,0.9181559241117522,0.01620368354548263,1.0,0.1,4.0,intercept|arm_offkd|arm_opd|arm_seqkd|arm_sft|log1p_checkpoint,,,,
qwen,mmlu,kl_f,M0+C5,5.0,-544.9475706547505,0.06473844590596636,0.19999999999999998,1.0,4.0,intercept|arm_offkd|arm_opd|arm_seqkd|arm_sft|log1p_checkpoint|c_equal5,,,,
qwen,mmlu,kl_f,M0+C5,20.0,0.9648226855000699,0.012897485680371277,1.0,0.1,4.0,intercept|arm_offkd|arm_opd|arm_seqkd|arm_sft|log1p_checkpoint|c_equal5,,,,
qwen,mmlu,kl_f,M0+C5,40.0,0.8994872490907775,0.01832999836791577,1.0,0.0,4.0,intercept|arm_offkd|arm_opd|arm_seqkd|arm_sft|log1p_checkpoint|c_equal5,,,,
qwen,mmlu,kl_f,M0+C5,80.0,0.8911546872162055,0.023094738233338755,1.0,0.0,4.0,intercept|arm_offkd|arm_opd|arm_seqkd|arm_sft|log1p_checkpoint|c_equal5,,,,
qwen,mmlu,kl_f,M0+C5,160.0,0.9523417750434069,0.013987094511483413,1.0,0.0,4.0,intercept|arm_offkd|arm_opd|arm_seqkd|arm_sft|log1p_checkpoint|c_equal5,,,,
qwen,mmlu,kl_f,M0+C5,320.0,0.9675974610933455,0.014404832748692586,1.0,0.0,4.0,intercept|arm_offkd|arm_opd|arm_seqkd|arm_sft|log1p_checkpoint|c_equal5,,,,
qwen,mmlu,kl_f,M0+C5,480.0,0.9666426770992926,0.010640602515021094,1.0,0.0,4.0,intercept|arm_offkd|arm_opd|arm_seqkd|arm_sft|log1p_checkpoint|c_equal5,,,,
qwen,mmlu,kl_f,M0+C5,624.0,0.9332533810957027,0.018820329678916985,1.0,0.0,4.0,intercept|arm_offkd|arm_opd|arm_seqkd|arm_sft|log1p_checkpoint|c_equal5,,,,
qwen,mmlu,kl_f,M0+PkAll5,5.0,-781.8085499067522,0.07294869373301292,-0.39999999999999997,0.1,4.0,intercept|arm_offkd|arm_opd|arm_seqkd|arm_sft|log1p_checkpoint|p4_equal5|p8_equal5|p16_equal5|p32_equal5,,,,
qwen,mmlu,kl_f,M0+PkAll5,20.0,0.9631914181256468,0.015852969816809413,1.0,1.0,4.0,intercept|arm_offkd|arm_opd|arm_seqkd|arm_sft|log1p_checkpoint|p4_equal5|p8_equal5|p16_equal5|p32_equal5,,,,
qwen,mmlu,kl_f,M0+PkAll5,40.0,0.8556470729520035,0.028740858075933375,1.0,1.0,4.0,intercept|arm_offkd|arm_opd|arm_seqkd|arm_sft|log1p_checkpoint|p4_equal5|p8_equal5|p16_equal5|p32_equal5,,,,
qwen,mmlu,kl_f,M0+PkAll5,80.0,0.9439918688501717,0.01758059295548604,1.0,1.0,4.0,intercept|arm_offkd|arm_opd|arm_seqkd|arm_sft|log1p_checkpoint|p4_equal5|p8_equal5|p16_equal5|p32_equal5,,,,
qwen,mmlu,kl_f,M0+PkAll5,160.0,0.9331813742177614,0.02072789426922135,1.0,1.0,4.0,intercept|arm_offkd|arm_opd|arm_seqkd|arm_sft|log1p_checkpoint|p4_equal5|p8_equal5|p16_equal5|p32_equal5,,,,
qwen,mmlu,kl_f,M0+PkAll5,320.0,0.9571205031861245,0.015903050062369355,1.0,1.0,4.0,intercept|arm_offkd|arm_opd|arm_seqkd|arm_sft|log1p_checkpoint|p4_equal5|p8_equal5|p16_equal5|p32_equal5,,,,
qwen,mmlu,kl_f,M0+PkAll5,480.0,0.9416929909225038,0.016381102886150724,1.0,1.0,4.0,intercept|arm_offkd|arm_opd|arm_seqkd|arm_sft|log1p_checkpoint|p4_equal5|p8_equal5|p16_equal5|p32_equal5,,,,
qwen,mmlu,kl_f,M0+PkAll5,624.0,0.9066607065777272,0.016414270596882944,1.0,1.0,4.0,intercept|arm_offkd|arm_opd|arm_seqkd|arm_sft|log1p_checkpoint|p4_equal5|p8_equal5|p16_equal5|p32_equal5,,,,
qwen,mmlu,kl_f,M0+PkAll5+C5,5.0,-665.325350345407,0.07156225645590399,0.19999999999999998,1.0,4.0,intercept|arm_offkd|arm_opd|arm_seqkd|arm_sft|log1p_checkpoint|p4_equal5|p8_equal5|p16_equal5|p32_equal5|c_equal5,,,,
qwen,mmlu,kl_f,M0+PkAll5+C5,20.0,0.9287382284041559,0.01826308322733303,1.0,1.0,4.0,intercept|arm_offkd|arm_opd|arm_seqkd|arm_sft|log1p_checkpoint|p4_equal5|p8_equal5|p16_equal5|p32_equal5|c_equal5,,,,
qwen,mmlu,kl_f,M0+PkAll5+C5,40.0,0.9070067233790245,0.018175214816680576,1.0,1.0,4.0,intercept|arm_offkd|arm_opd|arm_seqkd|arm_sft|log1p_checkpoint|p4_equal5|p8_equal5|p16_equal5|p32_equal5|c_equal5,,,,
qwen,mmlu,kl_f,M0+PkAll5+C5,80.0,0.8746286683784006,0.028036346324768875,1.0,0.1,4.0,intercept|arm_offkd|arm_opd|arm_seqkd|arm_sft|log1p_checkpoint|p4_equal5|p8_equal5|p16_equal5|p32_equal5|c_equal5,,,,
qwen,mmlu,kl_f,M0+PkAll5+C5,160.0,0.9261814722305102,0.021854250191628226,1.0,1.0,4.0,intercept|arm_offkd|arm_opd|arm_seqkd|arm_sft|log1p_checkpoint|p4_equal5|p8_equal5|p16_equal5|p32_equal5|c_equal5,,,,
qwen,mmlu,kl_f,M0+PkAll5+C5,320.0,0.9090458535317465,0.021016951437150447,1.0,0.1,4.0,intercept|arm_offkd|arm_opd|arm_seqkd|arm_sft|log1p_checkpoint|p4_equal5|p8_equal5|p16_equal5|p32_equal5|c_equal5,,,,
qwen,mmlu,kl_f,M0+PkAll5+C5,480.0,0.9466429200474802,0.01621825619057675,1.0,0.0,4.0,intercept|arm_offkd|arm_opd|arm_seqkd|arm_sft|log1p_checkpoint|p4_equal5|p8_equal5|p16_equal5|p32_equal5|c_equal5,,,,
qwen,mmlu,kl_f,M0+PkAll5+C5,624.0,0.9093399008200681,0.02016998292236626,1.0,0.0,4.0,intercept|arm_offkd|arm_opd|arm_seqkd|arm_sft|log1p_checkpoint|p4_equal5|p8_equal5|p16_equal5|p32_equal5|c_equal5,,,,
qwen,mmlu,kl_a,C-only,5.0,-95.91428662879802,0.014899768326942075,-0.7999999999999999,1.0,4.0,intercept|c_equal5,,,,
qwen,mmlu,kl_a,C-only,10.0,-14.740043050995855,0.011588072627512904,0.19999999999999998,1.0,4.0,intercept|c_equal5,,,,
qwen,mmlu,kl_a,C-only,20.0,0.6342251689817391,0.014968269955076816,0.19999999999999998,1.0,4.0,intercept|c_equal5,,,,
qwen,mmlu,kl_a,C-only,40.0,0.6447655747296095,0.0212633460079024,1.0,1.0,4.0,intercept|c_equal5,,,,
qwen,mmlu,kl_a,C-only,80.0,0.16496004641126982,0.033970327258863474,1.0,10.0,4.0,intercept|c_equal5,,,,
qwen,mmlu,kl_a,C-only,160.0,0.25688222731185617,0.05229989146550752,1.0,1.0,4.0,intercept|c_equal5,,,,
qwen,mmlu,kl_a,C-only,320.0,0.24252343516202846,0.06803571325245401,0.7999999999999999,1.0,4.0,intercept|c_equal5,,,,
qwen,mmlu,kl_a,C-only,480.0,0.22198052736721807,0.07108756866888519,1.0,1.0,4.0,intercept|c_equal5,,,,
qwen,mmlu,kl_a,C-only,624.0,0.32668450939881966,0.0673489347076791,1.0,1.0,4.0,intercept|c_equal5,,,,
qwen,mmlu,kl_a,C-only-matched,5.0,-130.3936576891093,0.01813226236211598,-0.7999999999999999,1.0,4.0,intercept|c_equal5,,,,
qwen,mmlu,kl_a,C-only-matched,20.0,0.6707404410903788,0.014089904541086308,0.19999999999999998,1.0,4.0,intercept|c_equal5,,,,
qwen,mmlu,kl_a,C-only-matched,40.0,0.6592461500795332,0.019806649444739935,1.0,1.0,4.0,intercept|c_equal5,,,,
qwen,mmlu,kl_a,C-only-matched,80.0,0.19498126204294497,0.03429063788817342,1.0,1.0,4.0,intercept|c_equal5,,,,
qwen,mmlu,kl_a,C-only-matched,160.0,0.25654491558297376,0.053058387118078594,1.0,1.0,4.0,intercept|c_equal5,,,,
qwen,mmlu,kl_a,C-only-matched,320.0,0.2388688093535407,0.06857150521935138,0.7999999999999999,1.0,4.0,intercept|c_equal5,,,,
qwen,mmlu,kl_a,C-only-matched,480.0,0.2177467806897072,0.07151046467046364,1.0,1.0,4.0,intercept|c_equal5,,,,
qwen,mmlu,kl_a,C-only-matched,624.0,0.3222183862687036,0.06778835851419568,1.0,1.0,4.0,intercept|c_equal5,,,,
qwen,mmlu,kl_a,Pk4-only,5.0,-1126.4014925162112,0.05640846995786861,1.0,10.0,4.0,intercept|p4_equal5,,,,
qwen,mmlu,kl_a,Pk4-only,20.0,-2.0499554141342613,0.04518432944335199,0.19999999999999998,1.0,4.0,intercept|p4_equal5,,,,
qwen,mmlu,kl_a,Pk4-only,40.0,-0.1726014875919084,0.055265477943211225,-0.19999999999999998,10.0,4.0,intercept|p4_equal5,,,,
qwen,mmlu,kl_a,Pk4-only,80.0,-0.186775492884927,0.0615102320973826,-0.7999999999999999,10.0,4.0,intercept|p4_equal5,,,,
qwen,mmlu,kl_a,Pk4-only,160.0,-0.3663641649974485,0.06452466130234427,-0.19999999999999998,0.0,4.0,intercept|p4_equal5,,,,
qwen,mmlu,kl_a,Pk4-only,320.0,-0.16286891719154983,0.05849502688363922,-0.19999999999999998,10.0,4.0,intercept|p4_equal5,,,,
qwen,mmlu,kl_a,Pk4-only,480.0,-0.06984730898740166,0.060975157373542026,-0.39999999999999997,10.0,4.0,intercept|p4_equal5,,,,
qwen,mmlu,kl_a,Pk4-only,624.0,-0.18679317303834453,0.05730950012818636,0.39999999999999997,100.0,4.0,intercept|p4_equal5,,,,
qwen,mmlu,kl_a,Pk8-only,5.0,-1363.4669090416178,0.0639581669332769,1.0,100.0,4.0,intercept|p8_equal5,,,,
qwen,mmlu,kl_a,Pk8-only,20.0,-1.9406811486878097,0.043857601706621584,1.0,100.0,4.0,intercept|p8_equal5,,,,
qwen,mmlu,kl_a,Pk8-only,40.0,0.0898008226918704,0.04100936827357334,1.0,0.0,4.0,intercept|p8_equal5,,,,
qwen,mmlu,kl_a,Pk8-only,80.0,-0.05896376180478158,0.04854172084045494,-0.19999999999999998,0.0,4.0,intercept|p8_equal5,,,,
qwen,mmlu,kl_a,Pk8-only,160.0,-0.07166687282249162,0.05652373231585575,-0.19999999999999998,0.0,4.0,intercept|p8_equal5,,,,
qwen,mmlu,kl_a,Pk8-only,320.0,-0.1528834734901099,0.07037288580658303,-0.7999999999999999,0.0,4.0,intercept|p8_equal5,,,,
qwen,mmlu,kl_a,Pk8-only,480.0,-0.09413972750640309,0.08151123367979839,0.39999999999999997,0.0,4.0,intercept|p8_equal5,,,,
qwen,mmlu,kl_a,Pk8-only,624.0,-0.008200929667504964,0.08121658452990133,0.19999999999999998,0.0,4.0,intercept|p8_equal5,,,,
qwen,mmlu,kl_a,Pk16-only,5.0,-1309.434980114429,0.06268197866837634,0.39999999999999997,100.0,4.0,intercept|p16_equal5,,,,
qwen,mmlu,kl_a,Pk16-only,20.0,-1.8008106304014566,0.04320989509912038,1.0,100.0,4.0,intercept|p16_equal5,,,,
qwen,mmlu,kl_a,Pk16-only,40.0,-0.00709534985646032,0.04534909700627562,0.6000000000000001,0.0,4.0,intercept|p16_equal5,,,,
qwen,mmlu,kl_a,Pk16-only,80.0,-0.42757825400512117,0.06550598088615509,-0.7999999999999999,0.0,4.0,intercept|p16_equal5,,,,
qwen,mmlu,kl_a,Pk16-only,160.0,-0.20918402479823617,0.06512229209471239,-1.0,0.0,4.0,intercept|p16_equal5,,,,
qwen,mmlu,kl_a,Pk16-only,320.0,-0.03908934464470226,0.06652410159270186,-0.39999999999999997,0.0,4.0,intercept|p16_equal5,,,,
qwen,mmlu,kl_a,Pk16-only,480.0,-0.006368409325169466,0.07513631994958925,0.19999999999999998,0.0,4.0,intercept|p16_equal5,,,,
qwen,mmlu,kl_a,Pk16-only,624.0,-0.1308945946691491,0.05775409823326256,0.39999999999999997,100.0,4.0,intercept|p16_equal5,,,,
qwen,mmlu,kl_a,Pk32-only,5.0,-89.46147992933938,0.014047375919333912,0.19999999999999998,0.0,4.0,intercept|p32_equal5,,,,
qwen,mmlu,kl_a,Pk32-only,20.0,0.10359451451483115,0.021573956259755125,0.19999999999999998,0.0,4.0,intercept|p32_equal5,,,,
qwen,mmlu,kl_a,Pk32-only,40.0,-0.19104949589876563,0.04317094235319797,0.39999999999999997,1.0,4.0,intercept|p32_equal5,,,,
qwen,mmlu,kl_a,Pk32-only,80.0,-0.43519565140158667,0.06413465776802069,-0.19999999999999998,1.0,4.0,intercept|p32_equal5,,,,
qwen,mmlu,kl_a,Pk32-only,160.0,-0.07295705992862578,0.066196289410776,-0.39999999999999997,0.0,4.0,intercept|p32_equal5,,,,
qwen,mmlu,kl_a,Pk32-only,320.0,0.18668692632219042,0.06505923043920434,1.0,0.0,4.0,intercept|p32_equal5,,,,
qwen,mmlu,kl_a,Pk32-only,480.0,0.20865924962110072,0.07098012073440284,1.0,0.0,4.0,intercept|p32_equal5,,,,
qwen,mmlu,kl_a,Pk32-only,624.0,0.2886233954933892,0.07001629051675504,0.7999999999999999,0.0,4.0,intercept|p32_equal5,,,,
qwen,mmlu,kl_a,PkAll-only,5.0,-837.9039775705974,0.0500041143156046,1.0,100.0,4.0,intercept|p4_equal5|p8_equal5|p16_equal5|p32_equal5,,,,
qwen,mmlu,kl_a,PkAll-only,20.0,-1.1521833043010647,0.0373316525554662,-0.39999999999999997,1.0,4.0,intercept|p4_equal5|p8_equal5|p16_equal5|p32_equal5,,,,
qwen,mmlu,kl_a,PkAll-only,40.0,-1.9095210779048504,0.08270912111332233,0.39999999999999997,0.01,4.0,intercept|p4_equal5|p8_equal5|p16_equal5|p32_equal5,,,,
qwen,mmlu,kl_a,PkAll-only,80.0,-0.6608624684399906,0.0741742645662691,-0.19999999999999998,1.0,4.0,intercept|p4_equal5|p8_equal5|p16_equal5|p32_equal5,,,,
qwen,mmlu,kl_a,PkAll-only,160.0,-0.09526235312654063,0.06326960239404265,-0.39999999999999997,10.0,4.0,intercept|p4_equal5|p8_equal5|p16_equal5|p32_equal5,,,,
qwen,mmlu,kl_a,PkAll-only,320.0,0.06230007705771423,0.0652855156035051,1.0,10.0,4.0,intercept|p4_equal5|p8_equal5|p16_equal5|p32_equal5,,,,
qwen,mmlu,kl_a,PkAll-only,480.0,-0.003327171705727494,0.06519999445560594,0.7999999999999999,100.0,4.0,intercept|p4_equal5|p8_equal5|p16_equal5|p32_equal5,,,,
qwen,mmlu,kl_a,PkAll-only,624.0,0.03378474449686464,0.06320628907262962,0.7999999999999999,100.0,4.0,intercept|p4_equal5|p8_equal5|p16_equal5|p32_equal5,,,,
qwen,mmlu,kl_a,M0,5.0,-1563.2181160414825,0.05771276233251449,0.19999999999999998,1.0,4.0,intercept|arm_offkd|arm_opd|arm_seqkd|arm_sft|log1p_checkpoint,,,,
qwen,mmlu,kl_a,M0,20.0,-0.6797153038324728,0.025813741458550046,0.7999999999999999,1.0,4.0,intercept|arm_offkd|arm_opd|arm_seqkd|arm_sft|log1p_checkpoint,,,,
qwen,mmlu,kl_a,M0,40.0,0.983690127540246,0.0055286976850704925,1.0,1.0,4.0,intercept|arm_offkd|arm_opd|arm_seqkd|arm_sft|log1p_checkpoint,,,,
qwen,mmlu,kl_a,M0,80.0,0.8831745991405915,0.01467603225863446,1.0,10.0,4.0,intercept|arm_offkd|arm_opd|arm_seqkd|arm_sft|log1p_checkpoint,,,,
qwen,mmlu,kl_a,M0,160.0,0.825755265006551,0.023211256825892694,1.0,10.0,4.0,intercept|arm_offkd|arm_opd|arm_seqkd|arm_sft|log1p_checkpoint,,,,
qwen,mmlu,kl_a,M0,320.0,0.8689075394311919,0.025623912702806756,1.0,1.0,4.0,intercept|arm_offkd|arm_opd|arm_seqkd|arm_sft|log1p_checkpoint,,,,
qwen,mmlu,kl_a,M0,480.0,0.877967792083443,0.02751843362678169,1.0,1.0,4.0,intercept|arm_offkd|arm_opd|arm_seqkd|arm_sft|log1p_checkpoint,,,,
qwen,mmlu,kl_a,M0,624.0,0.867253576801889,0.02848839721368525,1.0,1.0,4.0,intercept|arm_offkd|arm_opd|arm_seqkd|arm_sft|log1p_checkpoint,,,,
qwen,mmlu,kl_a,M0+C5,5.0,-1704.3518792119053,0.06347639139645968,0.19999999999999998,0.0,4.0,intercept|arm_offkd|arm_opd|arm_seqkd|arm_sft|log1p_checkpoint|c_equal5,,,,
qwen,mmlu,kl_a,M0+C5,20.0,-0.6236175232560925,0.02765020970972218,0.7999999999999999,1.0,4.0,intercept|arm_offkd|arm_opd|arm_seqkd|arm_sft|log1p_checkpoint|c_equal5,,,,
qwen,mmlu,kl_a,M0+C5,40.0,0.9886148193932197,0.004465011826887884,1.0,10.0,4.0,intercept|arm_offkd|arm_opd|arm_seqkd|arm_sft|log1p_checkpoint|c_equal5,,,,
qwen,mmlu,kl_a,M0+C5,80.0,0.8432089689328028,0.018273164439077175,1.0,10.0,4.0,intercept|arm_offkd|arm_opd|arm_seqkd|arm_sft|log1p_checkpoint|c_equal5,,,,
qwen,mmlu,kl_a,M0+C5,160.0,0.8219866959999534,0.023395483184108855,1.0,10.0,4.0,intercept|arm_offkd|arm_opd|arm_seqkd|arm_sft|log1p_checkpoint|c_equal5,,,,
qwen,mmlu,kl_a,M0+C5,320.0,0.7709161214169643,0.034377453213606066,1.0,10.0,4.0,intercept|arm_offkd|arm_opd|arm_seqkd|arm_sft|log1p_checkpoint|c_equal5,,,,
qwen,mmlu,kl_a,M0+C5,480.0,0.7891485383732046,0.03573869941754172,1.0,10.0,4.0,intercept|arm_offkd|arm_opd|arm_seqkd|arm_sft|log1p_checkpoint|c_equal5,,,,
qwen,mmlu,kl_a,M0+C5,624.0,0.8055535095143818,0.034169649403951556,1.0,10.0,4.0,intercept|arm_offkd|arm_opd|arm_seqkd|arm_sft|log1p_checkpoint|c_equal5,,,,
qwen,mmlu,kl_a,M0+PkAll5,5.0,-1170.186989128573,0.04774949788796011,0.39999999999999997,0.1,4.0,intercept|arm_offkd|arm_opd|arm_seqkd|arm_sft|log1p_checkpoint|p4_equal5|p8_equal5|p16_equal5|p32_equal5,,,,
qwen,mmlu,kl_a,M0+PkAll5,20.0,-0.0652866452941201,0.01779214623276656,0.7999999999999999,1.0,4.0,intercept|arm_offkd|arm_opd|arm_seqkd|arm_sft|log1p_checkpoint|p4_equal5|p8_equal5|p16_equal5|p32_equal5,,,,
qwen,mmlu,kl_a,M0+PkAll5,40.0,0.7900736822211979,0.024054673535428693,0.7999999999999999,0.1,4.0,intercept|arm_offkd|arm_opd|arm_seqkd|arm_sft|log1p_checkpoint|p4_equal5|p8_equal5|p16_equal5|p32_equal5,,,,
qwen,mmlu,kl_a,M0+PkAll5,80.0,0.9129888901136658,0.01870213246973469,1.0,0.1,4.0,intercept|arm_offkd|arm_opd|arm_seqkd|arm_sft|log1p_checkpoint|p4_equal5|p8_equal5|p16_equal5|p32_equal5,,,,
qwen,mmlu,kl_a,M0+PkAll5,160.0,0.9642557250860454,0.013690193513044634,0.7999999999999999,0.1,4.0,intercept|arm_offkd|arm_opd|arm_seqkd|arm_sft|log1p_checkpoint|p4_equal5|p8_equal5|p16_equal5|p32_equal5,,,,
qwen,mmlu,kl_a,M0+PkAll5,320.0,0.9388382353351006,0.02066538230440524,1.0,0.1,4.0,intercept|arm_offkd|arm_opd|arm_seqkd|arm_sft|log1p_checkpoint|p4_equal5|p8_equal5|p16_equal5|p32_equal5,,,,
qwen,mmlu,kl_a,M0+PkAll5,480.0,0.9364271132339728,0.017810791330083994,1.0,1.0,4.0,intercept|arm_offkd|arm_opd|arm_seqkd|arm_sft|log1p_checkpoint|p4_equal5|p8_equal5|p16_equal5|p32_equal5,,,,
qwen,mmlu,kl_a,M0+PkAll5,624.0,0.9539185664055007,0.014141451218824349,0.7999999999999999,1.0,4.0,intercept|arm_offkd|arm_opd|arm_seqkd|arm_sft|log1p_checkpoint|p4_equal5|p8_equal5|p16_equal5|p32_equal5,,,,
qwen,mmlu,kl_a,M0+PkAll5+C5,5.0,-1186.899468414832,0.04638943124111029,0.39999999999999997,1.0,4.0,intercept|arm_offkd|arm_opd|arm_seqkd|arm_sft|log1p_checkpoint|p4_equal5|p8_equal5|p16_equal5|p32_equal5|c_equal5,,,,
qwen,mmlu,kl_a,M0+PkAll5+C5,20.0,0.12842607456943234,0.019408713315933333,0.19999999999999998,1.0,4.0,intercept|arm_offkd|arm_opd|arm_seqkd|arm_sft|log1p_checkpoint|p4_equal5|p8_equal5|p16_equal5|p32_equal5|c_equal5,,,,
qwen,mmlu,kl_a,M0+PkAll5+C5,40.0,0.9108092425000016,0.014178461292696572,1.0,0.1,4.0,intercept|arm_offkd|arm_opd|arm_seqkd|arm_sft|log1p_checkpoint|p4_equal5|p8_equal5|p16_equal5|p32_equal5|c_equal5,,,,
qwen,mmlu,kl_a,M0+PkAll5+C5,80.0,0.911958194731931,0.01894746826113512,1.0,0.1,4.0,intercept|arm_offkd|arm_opd|arm_seqkd|arm_sft|log1p_checkpoint|p4_equal5|p8_equal5|p16_equal5|p32_equal5|c_equal5,,,,
qwen,mmlu,kl_a,M0+PkAll5+C5,160.0,0.9136947664511217,0.015018313507332355,0.7999999999999999,1.0,4.0,intercept|arm_offkd|arm_opd|arm_seqkd|arm_sft|log1p_checkpoint|p4_equal5|p8_equal5|p16_equal5|p32_equal5|c_equal5,,,,
qwen,mmlu,kl_a,M0+PkAll5+C5,320.0,0.9324644163768483,0.020603055768827983,1.0,0.1,4.0,intercept|arm_offkd|arm_opd|arm_seqkd|arm_sft|log1p_checkpoint|p4_equal5|p8_equal5|p16_equal5|p32_equal5|c_equal5,,,,
qwen,mmlu,kl_a,M0+PkAll5+C5,480.0,0.9499836723829176,0.017787014969138988,1.0,1.0,4.0,intercept|arm_offkd|arm_opd|arm_seqkd|arm_sft|log1p_checkpoint|p4_equal5|p8_equal5|p16_equal5|p32_equal5|c_equal5,,,,
qwen,mmlu,kl_a,M0+PkAll5+C5,624.0,0.9657795009900326,0.015428487917189015,0.7999999999999999,0.1,4.0,intercept|arm_offkd|arm_opd|arm_seqkd|arm_sft|log1p_checkpoint|p4_equal5|p8_equal5|p16_equal5|p32_equal5|c_equal5,,,,
qwen,mmlu,kl_t,C-only,5.0,-163.73457004568584,0.11347327378298391,-0.7999999999999999,10.0,4.0,intercept|c_equal5,,,,
qwen,mmlu,kl_t,C-only,10.0,-47.5275948188585,0.09759174193895899,0.19999999999999998,10.0,4.0,intercept|c_equal5,,,,
qwen,mmlu,kl_t,C-only,20.0,0.5990859835893997,0.05533222758566465,0.39999999999999997,1.0,4.0,intercept|c_equal5,,,,
qwen,mmlu,kl_t,C-only,40.0,0.604242637914733,0.07581926486860843,1.0,1.0,4.0,intercept|c_equal5,,,,
qwen,mmlu,kl_t,C-only,80.0,-0.02288491142265392,0.10487370602080417,1.0,1.0,4.0,intercept|c_equal5,,,,
qwen,mmlu,kl_t,C-only,160.0,0.32674411196916253,0.09643925659265243,1.0,1.0,4.0,intercept|c_equal5,,,,
qwen,mmlu,kl_t,C-only,320.0,0.3682237060266321,0.12229337179144362,0.7999999999999999,1.0,4.0,intercept|c_equal5,,,,
qwen,mmlu,kl_t,C-only,480.0,0.3940687441141365,0.12912838433761228,1.0,1.0,4.0,intercept|c_equal5,,,,
qwen,mmlu,kl_t,C-only,624.0,0.48181677546729285,0.1262869290353529,1.0,1.0,4.0,intercept|c_equal5,,,,
qwen,mmlu,kl_t,C-only-matched,5.0,-141.59907171954978,0.10447072489600916,-0.7999999999999999,1.0,4.0,intercept|c_equal5,,,,
qwen,mmlu,kl_t,C-only-matched,20.0,0.46333539617891795,0.06839817628200932,0.39999999999999997,10.0,4.0,intercept|c_equal5,,,,
qwen,mmlu,kl_t,C-only-matched,40.0,0.6298552437588837,0.06470661396523841,1.0,10.0,4.0,intercept|c_equal5,,,,
qwen,mmlu,kl_t,C-only-matched,80.0,0.07090673935455516,0.09632874165820328,1.0,1.0,4.0,intercept|c_equal5,,,,
qwen,mmlu,kl_t,C-only-matched,160.0,0.2973078788938872,0.08846496973378717,1.0,10.0,4.0,intercept|c_equal5,,,,
qwen,mmlu,kl_t,C-only-matched,320.0,0.35971309877988744,0.11837945868024075,0.7999999999999999,10.0,4.0,intercept|c_equal5,,,,
qwen,mmlu,kl_t,C-only-matched,480.0,0.3884589140258815,0.13127321657816812,1.0,1.0,4.0,intercept|c_equal5,,,,
qwen,mmlu,kl_t,C-only-matched,624.0,0.446553562483226,0.11831109392200911,1.0,10.0,4.0,intercept|c_equal5,,,,
qwen,mmlu,kl_t,Pk4-only,5.0,-699.081534098455,0.23900129458688238,1.0,100.0,4.0,intercept|p4_equal5,,,,
qwen,mmlu,kl_t,Pk4-only,20.0,-1.9368068325869765,0.15988261028317585,0.39999999999999997,100.0,4.0,intercept|p4_equal5,,,,
qwen,mmlu,kl_t,Pk4-only,40.0,-0.14790378819806627,0.1579933522484463,-0.19999999999999998,100.0,4.0,intercept|p4_equal5,,,,
qwen,mmlu,kl_t,Pk4-only,80.0,-0.5386561323606729,0.12105143657289258,-0.7999999999999999,1.0,4.0,intercept|p4_equal5,,,,
qwen,mmlu,kl_t,Pk4-only,160.0,-1.2498657625505927,0.17143730828486503,-0.19999999999999998,0.0,4.0,intercept|p4_equal5,,,,
qwen,mmlu,kl_t,Pk4-only,320.0,-0.4726690936616953,0.16358559933270536,-0.19999999999999998,0.0,4.0,intercept|p4_equal5,,,,
qwen,mmlu,kl_t,Pk4-only,480.0,-0.49613563233278746,0.15626263389765135,-0.39999999999999997,100.0,4.0,intercept|p4_equal5,,,,
qwen,mmlu,kl_t,Pk4-only,624.0,-0.47391981289476814,0.16313626724810903,0.39999999999999997,100.0,4.0,intercept|p4_equal5,,,,
qwen,mmlu,kl_t,Pk8-only,5.0,-353.7431931623892,0.16838763297692488,1.0,10.0,4.0,intercept|p8_equal5,,,,
qwen,mmlu,kl_t,Pk8-only,20.0,-0.3219725726247695,0.11388973260932529,0.7999999999999999,10.0,4.0,intercept|p8_equal5,,,,
qwen,mmlu,kl_t,Pk8-only,40.0,0.10789196306921323,0.1150647540883798,1.0,10.0,4.0,intercept|p8_equal5,,,,
qwen,mmlu,kl_t,Pk8-only,80.0,-0.2478037667369586,0.09622211938706512,-0.19999999999999998,1.0,4.0,intercept|p8_equal5,,,,
qwen,mmlu,kl_t,Pk8-only,160.0,-0.2722515020981735,0.1042451344108575,-0.19999999999999998,1.0,4.0,intercept|p8_equal5,,,,
qwen,mmlu,kl_t,Pk8-only,320.0,-0.2622325580823677,0.12909324465715366,-0.7999999999999999,10.0,4.0,intercept|p8_equal5,,,,
qwen,mmlu,kl_t,Pk8-only,480.0,-0.09675910907948482,0.15262205256805753,0.39999999999999997,10.0,4.0,intercept|p8_equal5,,,,
qwen,mmlu,kl_t,Pk8-only,624.0,0.04313855754883145,0.16255779122664893,0.19999999999999998,10.0,4.0,intercept|p8_equal5,,,,
qwen,mmlu,kl_t,Pk16-only,5.0,-268.348229534717,0.14748417381381315,0.39999999999999997,10.0,4.0,intercept|p16_equal5,,,,
qwen,mmlu,kl_t,Pk16-only,20.0,-0.017839052185669946,0.10346636967833885,0.7999999999999999,10.0,4.0,intercept|p16_equal5,,,,
qwen,mmlu,kl_t,Pk16-only,40.0,-0.04173666177356705,0.11457667657721801,0.6000000000000001,0.0,4.0,intercept|p16_equal5,,,,
qwen,mmlu,kl_t,Pk16-only,80.0,-0.9258181724517791,0.13187091188426903,-0.7999999999999999,0.0,4.0,intercept|p16_equal5,,,,
qwen,mmlu,kl_t,Pk16-only,160.0,-0.5554537592561644,0.11373389979479409,-1.0,0.0,4.0,intercept|p16_equal5,,,,
qwen,mmlu,kl_t,Pk16-only,320.0,-0.06819581372690142,0.126545738590531,-0.39999999999999997,0.0,4.0,intercept|p16_equal5,,,,
qwen,mmlu,kl_t,Pk16-only,480.0,-0.006473630096484273,0.15811742979616644,0.19999999999999998,0.0,4.0,intercept|p16_equal5,,,,
qwen,mmlu,kl_t,Pk16-only,624.0,0.11426878860575862,0.1697840327797358,0.39999999999999997,0.0,4.0,intercept|p16_equal5,,,,
qwen,mmlu,kl_t,Pk32-only,5.0,-70.3088030586865,0.0700670547131637,0.19999999999999998,0.0,4.0,intercept|p32_equal5,,,,
qwen,mmlu,kl_t,Pk32-only,20.0,0.13109776991141675,0.0749602674267459,0.39999999999999997,0.0,4.0,intercept|p32_equal5,,,,
qwen,mmlu,kl_t,Pk32-only,40.0,-0.23572317068590665,0.11170773742992487,0.39999999999999997,0.0,4.0,intercept|p32_equal5,,,,
qwen,mmlu,kl_t,Pk32-only,80.0,-0.8534264183910567,0.12538811743853295,-0.19999999999999998,0.0,4.0,intercept|p32_equal5,,,,
qwen,mmlu,kl_t,Pk32-only,160.0,-0.15459051094797127,0.11248379478203768,-0.39999999999999997,0.0,4.0,intercept|p32_equal5,,,,
qwen,mmlu,kl_t,Pk32-only,320.0,0.3344043661430245,0.11736089162435687,1.0,0.0,4.0,intercept|p32_equal5,,,,
qwen,mmlu,kl_t,Pk32-only,480.0,0.34410140314584126,0.13645959321771356,1.0,0.0,4.0,intercept|p32_equal5,,,,
qwen,mmlu,kl_t,Pk32-only,624.0,0.4292883700955461,0.1434337506721293,0.7999999999999999,0.0,4.0,intercept|p32_equal5,,,,
qwen,mmlu,kl_t,PkAll-only,5.0,-399.8629811425251,0.18055134616266483,1.0,100.0,4.0,intercept|p4_equal5|p8_equal5|p16_equal5|p32_equal5,,,,
qwen,mmlu,kl_t,PkAll-only,20.0,-0.3522960592902118,0.10090287619502783,-0.19999999999999998,1.0,4.0,intercept|p4_equal5|p8_equal5|p16_equal5|p32_equal5,,,,
qwen,mmlu,kl_t,PkAll-only,40.0,-1.018397931061907,0.17158606745276894,0.39999999999999997,0.0,4.0,intercept|p4_equal5|p8_equal5|p16_equal5|p32_equal5,,,,
qwen,mmlu,kl_t,PkAll-only,80.0,-0.8732746968970009,0.127046287859483,-0.19999999999999998,0.1,4.0,intercept|p4_equal5|p8_equal5|p16_equal5|p32_equal5,,,,
qwen,mmlu,kl_t,PkAll-only,160.0,-0.2501867921118457,0.102518501591368,-0.39999999999999997,10.0,4.0,intercept|p4_equal5|p8_equal5|p16_equal5|p32_equal5,,,,
qwen,mmlu,kl_t,PkAll-only,320.0,0.0932254074115606,0.12154729428739489,0.7999999999999999,10.0,4.0,intercept|p4_equal5|p8_equal5|p16_equal5|p32_equal5,,,,
qwen,mmlu,kl_t,PkAll-only,480.0,0.16431146069386726,0.14485343353097196,1.0,10.0,4.0,intercept|p4_equal5|p8_equal5|p16_equal5|p32_equal5,,,,
qwen,mmlu,kl_t,PkAll-only,624.0,0.21456358308604462,0.1566845772470188,0.7999999999999999,10.0,4.0,intercept|p4_equal5|p8_equal5|p16_equal5|p32_equal5,,,,
qwen,mmlu,kl_t,M0,5.0,-281.89630252159503,0.11687420645301722,0.19999999999999998,1.0,4.0,intercept|arm_offkd|arm_opd|arm_seqkd|arm_sft|log1p_checkpoint,,,,
qwen,mmlu,kl_t,M0,20.0,0.8691140021287872,0.024361215123456702,1.0,1.0,4.0,intercept|arm_offkd|arm_opd|arm_seqkd|arm_sft|log1p_checkpoint,,,,
qwen,mmlu,kl_t,M0,40.0,0.9631553847804303,0.022088683928392354,1.0,1.0,4.0,intercept|arm_offkd|arm_opd|arm_seqkd|arm_sft|log1p_checkpoint,,,,
qwen,mmlu,kl_t,M0,80.0,0.9477602772656226,0.02656035358985691,1.0,1.0,4.0,intercept|arm_offkd|arm_opd|arm_seqkd|arm_sft|log1p_checkpoint,,,,
qwen,mmlu,kl_t,M0,160.0,0.9743063945589826,0.017590880972995576,1.0,1.0,4.0,intercept|arm_offkd|arm_opd|arm_seqkd|arm_sft|log1p_checkpoint,,,,
qwen,mmlu,kl_t,M0,320.0,0.9175949759601074,0.04415709877637811,1.0,1.0,4.0,intercept|arm_offkd|arm_opd|arm_seqkd|arm_sft|log1p_checkpoint,,,,
qwen,mmlu,kl_t,M0,480.0,0.8792751734711808,0.05152556979718629,1.0,1.0,4.0,intercept|arm_offkd|arm_opd|arm_seqkd|arm_sft|log1p_checkpoint,,,,
qwen,mmlu,kl_t,M0,624.0,0.851529889797595,0.06523777196745237,1.0,1.0,4.0,intercept|arm_offkd|arm_opd|arm_seqkd|arm_sft|log1p_checkpoint,,,,
qwen,mmlu,kl_t,M0+C5,5.0,-287.6233445600943,0.11840517433341895,0.19999999999999998,0.0,4.0,intercept|arm_offkd|arm_opd|arm_seqkd|arm_sft|log1p_checkpoint|c_equal5,,,,
qwen,mmlu,kl_t,M0+C5,20.0,0.8840530234101316,0.023923507038637278,1.0,0.1,4.0,intercept|arm_offkd|arm_opd|arm_seqkd|arm_sft|log1p_checkpoint|c_equal5,,,,
qwen,mmlu,kl_t,M0+C5,40.0,0.9404953901270281,0.03586726593101191,1.0,1.0,4.0,intercept|arm_offkd|arm_opd|arm_seqkd|arm_sft|log1p_checkpoint|c_equal5,,,,
qwen,mmlu,kl_t,M0+C5,80.0,0.8386279212081227,0.05059510104992579,1.0,1.0,4.0,intercept|arm_offkd|arm_opd|arm_seqkd|arm_sft|log1p_checkpoint|c_equal5,,,,
qwen,mmlu,kl_t,M0+C5,160.0,0.9499300891889496,0.025282164446244627,1.0,1.0,4.0,intercept|arm_offkd|arm_opd|arm_seqkd|arm_sft|log1p_checkpoint|c_equal5,,,,
qwen,mmlu,kl_t,M0+C5,320.0,0.9121599042503981,0.050128371911955065,1.0,1.0,4.0,intercept|arm_offkd|arm_opd|arm_seqkd|arm_sft|log1p_checkpoint|c_equal5,,,,
qwen,mmlu,kl_t,M0+C5,480.0,0.8853301684359453,0.057494037345611454,1.0,1.0,4.0,intercept|arm_offkd|arm_opd|arm_seqkd|arm_sft|log1p_checkpoint|c_equal5,,,,
qwen,mmlu,kl_t,M0+C5,624.0,0.8705512674744933,0.0668867460762742,1.0,1.0,4.0,intercept|arm_offkd|arm_opd|arm_seqkd|arm_sft|log1p_checkpoint|c_equal5,,,,
qwen,mmlu,kl_t,M0+PkAll5,5.0,-351.19565931076073,0.10793577120315752,0.19999999999999998,1.0,4.0,intercept|arm_offkd|arm_opd|arm_seqkd|arm_sft|log1p_checkpoint|p4_equal5|p8_equal5|p16_equal5|p32_equal5,,,,
qwen,mmlu,kl_t,M0+PkAll5,20.0,0.8925300817681496,0.029841350228183634,1.0,1.0,4.0,intercept|arm_offkd|arm_opd|arm_seqkd|arm_sft|log1p_checkpoint|p4_equal5|p8_equal5|p16_equal5|p32_equal5,,,,
qwen,mmlu,kl_t,M0+PkAll5,40.0,0.8759570326898691,0.03558590205333572,1.0,1.0,4.0,intercept|arm_offkd|arm_opd|arm_seqkd|arm_sft|log1p_checkpoint|p4_equal5|p8_equal5|p16_equal5|p32_equal5,,,,
qwen,mmlu,kl_t,M0+PkAll5,80.0,0.9353989703230411,0.02747862629126142,1.0,1.0,4.0,intercept|arm_offkd|arm_opd|arm_seqkd|arm_sft|log1p_checkpoint|p4_equal5|p8_equal5|p16_equal5|p32_equal5,,,,
qwen,mmlu,kl_t,M0+PkAll5,160.0,0.982645006879254,0.013723792037260055,0.7999999999999999,1.0,4.0,intercept|arm_offkd|arm_opd|arm_seqkd|arm_sft|log1p_checkpoint|p4_equal5|p8_equal5|p16_equal5|p32_equal5,,,,
qwen,mmlu,kl_t,M0+PkAll5,320.0,0.9467364210417646,0.031204634389785983,1.0,1.0,4.0,intercept|arm_offkd|arm_opd|arm_seqkd|arm_sft|log1p_checkpoint|p4_equal5|p8_equal5|p16_equal5|p32_equal5,,,,
qwen,mmlu,kl_t,M0+PkAll5,480.0,0.9233940119457188,0.03864069289646931,1.0,1.0,4.0,intercept|arm_offkd|arm_opd|arm_seqkd|arm_sft|log1p_checkpoint|p4_equal5|p8_equal5|p16_equal5|p32_equal5,,,,
qwen,mmlu,kl_t,M0+PkAll5,624.0,0.9311353947064542,0.04297285583776967,1.0,1.0,4.0,intercept|arm_offkd|arm_opd|arm_seqkd|arm_sft|log1p_checkpoint|p4_equal5|p8_equal5|p16_equal5|p32_equal5,,,,
qwen,mmlu,kl_t,M0+PkAll5+C5,5.0,-294.7601241021557,0.09088180741369428,0.39999999999999997,1.0,4.0,intercept|arm_offkd|arm_opd|arm_seqkd|arm_sft|log1p_checkpoint|p4_equal5|p8_equal5|p16_equal5|p32_equal5|c_equal5,,,,
qwen,mmlu,kl_t,M0+PkAll5+C5,20.0,0.9104468314524026,0.02326802056754986,0.7999999999999999,1.0,4.0,intercept|arm_offkd|arm_opd|arm_seqkd|arm_sft|log1p_checkpoint|p4_equal5|p8_equal5|p16_equal5|p32_equal5|c_equal5,,,,
qwen,mmlu,kl_t,M0+PkAll5+C5,40.0,0.9267783946569643,0.03173757428499001,1.0,1.0,4.0,intercept|arm_offkd|arm_opd|arm_seqkd|arm_sft|log1p_checkpoint|p4_equal5|p8_equal5|p16_equal5|p32_equal5|c_equal5,,,,
qwen,mmlu,kl_t,M0+PkAll5+C5,80.0,0.8458167549198455,0.04489410388913667,1.0,0.1,4.0,intercept|arm_offkd|arm_opd|arm_seqkd|arm_sft|log1p_checkpoint|p4_equal5|p8_equal5|p16_equal5|p32_equal5|c_equal5,,,,
qwen,mmlu,kl_t,M0+PkAll5+C5,160.0,0.9608035191085743,0.02025162784744338,1.0,0.1,4.0,intercept|arm_offkd|arm_opd|arm_seqkd|arm_sft|log1p_checkpoint|p4_equal5|p8_equal5|p16_equal5|p32_equal5|c_equal5,,,,
qwen,mmlu,kl_t,M0+PkAll5+C5,320.0,0.9629705796228115,0.03183957982197243,1.0,1.0,4.0,intercept|arm_offkd|arm_opd|arm_seqkd|arm_sft|log1p_checkpoint|p4_equal5|p8_equal5|p16_equal5|p32_equal5|c_equal5,,,,
qwen,mmlu,kl_t,M0+PkAll5+C5,480.0,0.9566061244094928,0.02895097436431955,1.0,0.1,4.0,intercept|arm_offkd|arm_opd|arm_seqkd|arm_sft|log1p_checkpoint|p4_equal5|p8_equal5|p16_equal5|p32_equal5|c_equal5,,,,
qwen,mmlu,kl_t,M0+PkAll5+C5,624.0,0.9689717070215547,0.02612662403081633,1.0,0.1,4.0,intercept|arm_offkd|arm_opd|arm_seqkd|arm_sft|log1p_checkpoint|p4_equal5|p8_equal5|p16_equal5|p32_equal5|c_equal5,,,,
qwen,mmlu,abs_delta_nll_f,C-only,5.0,-7.1216088524078796,0.12333653303793805,-0.7999999999999999,10.0,4.0,intercept|c_equal5,,,,
qwen,mmlu,abs_delta_nll_f,C-only,10.0,-0.38368891267044236,0.05390557708874967,-0.7999999999999999,10.0,4.0,intercept|c_equal5,,,,
qwen,mmlu,abs_delta_nll_f,C-only,20.0,-0.6388949222450617,0.12431665845100312,-0.7999999999999999,10.0,4.0,intercept|c_equal5,,,,
qwen,mmlu,abs_delta_nll_f,C-only,40.0,-9.164072458828366,0.0775028097063699,0.19999999999999998,10.0,4.0,intercept|c_equal5,,,,
qwen,mmlu,abs_delta_nll_f,C-only,80.0,0.28487600325442397,0.015951648370925317,0.39999999999999997,10.0,4.0,intercept|c_equal5,,,,
qwen,mmlu,abs_delta_nll_f,C-only,160.0,-0.6892257048034638,0.03513278970130588,0.7999999999999999,10.0,4.0,intercept|c_equal5,,,,
qwen,mmlu,abs_delta_nll_f,C-only,320.0,0.0883097024455125,0.02513615123612834,1.0,10.0,4.0,intercept|c_equal5,,,,
qwen,mmlu,abs_delta_nll_f,C-only,480.0,0.09753369601108497,0.034608258814888014,0.39999999999999997,10.0,4.0,intercept|c_equal5,,,,
qwen,mmlu,abs_delta_nll_f,C-only,624.0,-0.19394214804405707,0.052631960570578055,0.39999999999999997,10.0,4.0,intercept|c_equal5,,,,
qwen,mmlu,abs_delta_nll_f,C-only-matched,5.0,-10.28870681311318,0.14887713331278885,-0.7999999999999999,100.0,4.0,intercept|c_equal5,,,,
qwen,mmlu,abs_delta_nll_f,C-only-matched,20.0,-0.5556815268805386,0.1215741009081742,-0.7999999999999999,10.0,4.0,intercept|c_equal5,,,,
qwen,mmlu,abs_delta_nll_f,C-only-matched,40.0,-7.950910912022373,0.07209530743199258,0.19999999999999998,10.0,4.0,intercept|c_equal5,,,,
qwen,mmlu,abs_delta_nll_f,C-only-matched,80.0,0.3231121301298955,0.016211203839255083,0.39999999999999997,10.0,4.0,intercept|c_equal5,,,,
qwen,mmlu,abs_delta_nll_f,C-only-matched,160.0,-1.0645486879571182,0.03848185656997155,0.7999999999999999,10.0,4.0,intercept|c_equal5,,,,
qwen,mmlu,abs_delta_nll_f,C-only-matched,320.0,-0.1270181670685473,0.02767096453915431,1.0,10.0,4.0,intercept|c_equal5,,,,
qwen,mmlu,abs_delta_nll_f,C-only-matched,480.0,-0.5837733467428685,0.05238827572483473,0.39999999999999997,100.0,4.0,intercept|c_equal5,,,,
qwen,mmlu,abs_delta_nll_f,C-only-matched,624.0,-0.6939531657713796,0.06918334052807641,0.39999999999999997,100.0,4.0,intercept|c_equal5,,,,
qwen,mmlu,abs_delta_nll_f,Pk4-only,5.0,-9.157695001960885,0.14309085910754113,1.0,10.0,4.0,intercept|p4_equal5,,,,
qwen,mmlu,abs_delta_nll_f,Pk4-only,20.0,-0.09580009760476771,0.10349698749762068,0.7999999999999999,100.0,4.0,intercept|p4_equal5,,,,
qwen,mmlu,abs_delta_nll_f,Pk4-only,40.0,-3.5035161952934084,0.05130406948762247,0.6000000000000001,100.0,4.0,intercept|p4_equal5,,,,
qwen,mmlu,abs_delta_nll_f,Pk4-only,80.0,-0.7166006303187065,0.024839705839895386,-0.19999999999999998,100.0,4.0,intercept|p4_equal5,,,,
qwen,mmlu,abs_delta_nll_f,Pk4-only,160.0,-1.1247516098084231,0.040256259147347595,-0.39999999999999997,100.0,4.0,intercept|p4_equal5,,,,
qwen,mmlu,abs_delta_nll_f,Pk4-only,320.0,-0.22578638038287235,0.026403850926169245,-0.39999999999999997,100.0,4.0,intercept|p4_equal5,,,,
qwen,mmlu,abs_delta_nll_f,Pk4-only,480.0,-0.8103753441024506,0.05817445928116235,-1.0,100.0,4.0,intercept|p4_equal5,,,,
qwen,mmlu,abs_delta_nll_f,Pk4-only,624.0,-0.7210963449466155,0.06965214188523756,-0.39999999999999997,100.0,4.0,intercept|p4_equal5,,,,
qwen,mmlu,abs_delta_nll_f,Pk8-only,5.0,-7.370121725644102,0.1290602992493697,1.0,10.0,4.0,intercept|p8_equal5,,,,
qwen,mmlu,abs_delta_nll_f,Pk8-only,20.0,-0.20350482112516266,0.10695176113357147,0.39999999999999997,10.0,4.0,intercept|p8_equal5,,,,
qwen,mmlu,abs_delta_nll_f,Pk8-only,40.0,-9.847551026647638,0.08502161283196309,0.19999999999999998,10.0,4.0,intercept|p8_equal5,,,,
qwen,mmlu,abs_delta_nll_f,Pk8-only,80.0,0.3201803739159641,0.013527296940719115,0.7999999999999999,10.0,4.0,intercept|p8_equal5,,,,
qwen,mmlu,abs_delta_nll_f,Pk8-only,160.0,-1.1755336337021323,0.03914260538168933,-0.39999999999999997,10.0,4.0,intercept|p8_equal5,,,,
qwen,mmlu,abs_delta_nll_f,Pk8-only,320.0,-0.7931532355293338,0.029205934722000955,-0.6000000000000001,10.0,4.0,intercept|p8_equal5,,,,
qwen,mmlu,abs_delta_nll_f,Pk8-only,480.0,0.31698834845440116,0.0313616266557393,1.0,10.0,4.0,intercept|p8_equal5,,,,
qwen,mmlu,abs_delta_nll_f,Pk8-only,624.0,0.23346892926299634,0.04620152976484145,0.7999999999999999,10.0,4.0,intercept|p8_equal5,,,,
qwen,mmlu,abs_delta_nll_f,Pk16-only,5.0,-10.237564226942375,0.14881830348746172,0.39999999999999997,100.0,4.0,intercept|p16_equal5,,,,
qwen,mmlu,abs_delta_nll_f,Pk16-only,20.0,-0.39087911579340084,0.11521344657016874,0.39999999999999997,10.0,4.0,intercept|p16_equal5,,,,
qwen,mmlu,abs_delta_nll_f,Pk16-only,40.0,-9.293534733892828,0.08190660595450217,-0.19999999999999998,1.0,4.0,intercept|p16_equal5,,,,
qwen,mmlu,abs_delta_nll_f,Pk16-only,80.0,-0.7994690257466919,0.02512126019020936,-0.19999999999999998,100.0,4.0,intercept|p16_equal5,,,,
qwen,mmlu,abs_delta_nll_f,Pk16-only,160.0,-1.2230302943010436,0.04309866058953597,-0.7999999999999999,100.0,4.0,intercept|p16_equal5,,,,
qwen,mmlu,abs_delta_nll_f,Pk16-only,320.0,-0.7483636565044327,0.028124507907168105,-0.7999999999999999,10.0,4.0,intercept|p16_equal5,,,,
qwen,mmlu,abs_delta_nll_f,Pk16-only,480.0,-0.5975393489104952,0.05429246318921097,0.7999999999999999,100.0,4.0,intercept|p16_equal5,,,,
qwen,mmlu,abs_delta_nll_f,Pk16-only,624.0,-0.6159528242617522,0.06843997594999257,0.39999999999999997,100.0,4.0,intercept|p16_equal5,,,,
qwen,mmlu,abs_delta_nll_f,Pk32-only,5.0,-10.247092541765188,0.14884564263359282,0.19999999999999998,100.0,4.0,intercept|p32_equal5,,,,
qwen,mmlu,abs_delta_nll_f,Pk32-only,20.0,-0.19542048002526635,0.10929473427966482,0.7999999999999999,100.0,4.0,intercept|p32_equal5,,,,
qwen,mmlu,abs_delta_nll_f,Pk32-only,40.0,-7.144766323932476,0.0741415507522843,0.7999999999999999,10.0,4.0,intercept|p32_equal5,,,,
qwen,mmlu,abs_delta_nll_f,Pk32-only,80.0,-0.8022777405884971,0.024385954936707123,-0.7999999999999999,100.0,4.0,intercept|p32_equal5,,,,
qwen,mmlu,abs_delta_nll_f,Pk32-only,160.0,-1.2170526913530608,0.04287902244781538,-0.7999999999999999,100.0,4.0,intercept|p32_equal5,,,,
qwen,mmlu,abs_delta_nll_f,Pk32-only,320.0,-0.034765581679839785,0.02365203863081969,0.7999999999999999,100.0,4.0,intercept|p32_equal5,,,,
qwen,mmlu,abs_delta_nll_f,Pk32-only,480.0,-0.5999743260731543,0.05321557637077539,0.39999999999999997,100.0,4.0,intercept|p32_equal5,,,,
qwen,mmlu,abs_delta_nll_f,Pk32-only,624.0,-0.6438565043001323,0.06810552986251545,0.19999999999999998,100.0,4.0,intercept|p32_equal5,,,,
qwen,mmlu,abs_delta_nll_f,PkAll-only,5.0,-10.490749094582915,0.15442770332395475,0.7999999999999999,1.0,4.0,intercept|p4_equal5|p8_equal5|p16_equal5|p32_equal5,,,,
qwen,mmlu,abs_delta_nll_f,PkAll-only,20.0,-0.21418154253440425,0.10966802803191651,0.39999999999999997,100.0,4.0,intercept|p4_equal5|p8_equal5|p16_equal5|p32_equal5,,,,
qwen,mmlu,abs_delta_nll_f,PkAll-only,40.0,-10.400396489868227,0.08801588905672911,0.7999999999999999,10.0,4.0,intercept|p4_equal5|p8_equal5|p16_equal5|p32_equal5,,,,
qwen,mmlu,abs_delta_nll_f,PkAll-only,80.0,-0.6268785531395016,0.02437741047296775,-0.19999999999999998,100.0,4.0,intercept|p4_equal5|p8_equal5|p16_equal5|p32_equal5,,,,
qwen,mmlu,abs_delta_nll_f,PkAll-only,160.0,-1.403173771342431,0.042319012727250346,-0.39999999999999997,100.0,4.0,intercept|p4_equal5|p8_equal5|p16_equal5|p32_equal5,,,,
qwen,mmlu,abs_delta_nll_f,PkAll-only,320.0,-0.38930887429520356,0.0261497151839478,-0.7999999999999999,100.0,4.0,intercept|p4_equal5|p8_equal5|p16_equal5|p32_equal5,,,,
qwen,mmlu,abs_delta_nll_f,PkAll-only,480.0,-0.18251589505575638,0.045010017298146465,0.19999999999999998,100.0,4.0,intercept|p4_equal5|p8_equal5|p16_equal5|p32_equal5,,,,
qwen,mmlu,abs_delta_nll_f,PkAll-only,624.0,-0.19662282824836375,0.05744178298255195,0.19999999999999998,100.0,4.0,intercept|p4_equal5|p8_equal5|p16_equal5|p32_equal5,,,,
qwen,mmlu,abs_delta_nll_f,M0,5.0,-10.136821384209133,0.15051173723644887,0.7999999999999999,100.0,4.0,intercept|arm_offkd|arm_opd|arm_seqkd|arm_sft|log1p_checkpoint,,,,
qwen,mmlu,abs_delta_nll_f,M0,20.0,-0.19940930591362305,0.1067066088692476,0.7999999999999999,10.0,4.0,intercept|arm_offkd|arm_opd|arm_seqkd|arm_sft|log1p_checkpoint,,,,
qwen,mmlu,abs_delta_nll_f,M0,40.0,-5.437987878405487,0.06578054032125481,0.7999999999999999,10.0,4.0,intercept|arm_offkd|arm_opd|arm_seqkd|arm_sft|log1p_checkpoint,,,,
qwen,mmlu,abs_delta_nll_f,M0,80.0,-5.230751157323065,0.04638523298239142,-0.6000000000000001,10.0,4.0,intercept|arm_offkd|arm_opd|arm_seqkd|arm_sft|log1p_checkpoint,,,,
qwen,mmlu,abs_delta_nll_f,M0,160.0,-2.7196615931494326,0.04824756226272744,0.19999999999999998,10.0,4.0,intercept|arm_offkd|arm_opd|arm_seqkd|arm_sft|log1p_checkpoint,,,,
qwen,mmlu,abs_delta_nll_f,M0,320.0,-0.6374344158592136,0.03268206180265766,0.7999999999999999,10.0,4.0,intercept|arm_offkd|arm_opd|arm_seqkd|arm_sft|log1p_checkpoint,,,,
qwen,mmlu,abs_delta_nll_f,M0,480.0,-0.32990763858746686,0.046547775524944074,1.0,100.0,4.0,intercept|arm_offkd|arm_opd|arm_seqkd|arm_sft|log1p_checkpoint,,,,
qwen,mmlu,abs_delta_nll_f,M0,624.0,-0.491446193611754,0.06286640415903871,1.0,100.0,4.0,intercept|arm_offkd|arm_opd|arm_seqkd|arm_sft|log1p_checkpoint,,,,
qwen,mmlu,abs_delta_nll_f,M0+C5,5.0,-9.89780113365869,0.14867733706551517,0.7999999999999999,100.0,4.0,intercept|arm_offkd|arm_opd|arm_seqkd|arm_sft|log1p_checkpoint|c_equal5,,,,
qwen,mmlu,abs_delta_nll_f,M0+C5,20.0,-0.18075260510882618,0.1083442515606351,0.39999999999999997,100.0,4.0,intercept|arm_offkd|arm_opd|arm_seqkd|arm_sft|log1p_checkpoint|c_equal5,,,,
qwen,mmlu,abs_delta_nll_f,M0+C5,40.0,-6.104827997692127,0.06907984122680602,0.7999999999999999,10.0,4.0,intercept|arm_offkd|arm_opd|arm_seqkd|arm_sft|log1p_checkpoint|c_equal5,,,,
qwen,mmlu,abs_delta_nll_f,M0+C5,80.0,-15.919086369296139,0.07074464563408707,-0.6000000000000001,0.0,4.0,intercept|arm_offkd|arm_opd|arm_seqkd|arm_sft|log1p_checkpoint|c_equal5,,,,
qwen,mmlu,abs_delta_nll_f,M0+C5,160.0,-1.3092528644788466,0.04301497287430419,0.19999999999999998,100.0,4.0,intercept|arm_offkd|arm_opd|arm_seqkd|arm_sft|log1p_checkpoint|c_equal5,,,,
qwen,mmlu,abs_delta_nll_f,M0+C5,320.0,0.2754280281663032,0.01719142182458991,0.7999999999999999,100.0,4.0,intercept|arm_offkd|arm_opd|arm_seqkd|arm_sft|log1p_checkpoint|c_equal5,,,,
qwen,mmlu,abs_delta_nll_f,M0+C5,480.0,-0.15100611801888664,0.042224945656984196,1.0,100.0,4.0,intercept|arm_offkd|arm_opd|arm_seqkd|arm_sft|log1p_checkpoint|c_equal5,,,,
qwen,mmlu,abs_delta_nll_f,M0+C5,624.0,-0.3732506666633959,0.05894913010043992,1.0,100.0,4.0,intercept|arm_offkd|arm_opd|arm_seqkd|arm_sft|log1p_checkpoint|c_equal5,,,,
qwen,mmlu,abs_delta_nll_f,M0+PkAll5,5.0,-12.418225611690529,0.1668055527268951,1.0,1.0,4.0,intercept|arm_offkd|arm_opd|arm_seqkd|arm_sft|log1p_checkpoint|p4_equal5|p8_equal5|p16_equal5|p32_equal5,,,,
qwen,mmlu,abs_delta_nll_f,M0+PkAll5,20.0,-0.15439581065980978,0.10649749878373033,0.39999999999999997,100.0,4.0,intercept|arm_offkd|arm_opd|arm_seqkd|arm_sft|log1p_checkpoint|p4_equal5|p8_equal5|p16_equal5|p32_equal5,,,,
qwen,mmlu,abs_delta_nll_f,M0+PkAll5,40.0,-7.131284358581617,0.06288892790264164,0.19999999999999998,0.0,4.0,intercept|arm_offkd|arm_opd|arm_seqkd|arm_sft|log1p_checkpoint|p4_equal5|p8_equal5|p16_equal5|p32_equal5,,,,
qwen,mmlu,abs_delta_nll_f,M0+PkAll5,80.0,-8.366147630046624,0.058356232196834376,0.39999999999999997,0.0,4.0,intercept|arm_offkd|arm_opd|arm_seqkd|arm_sft|log1p_checkpoint|p4_equal5|p8_equal5|p16_equal5|p32_equal5,,,,
qwen,mmlu,abs_delta_nll_f,M0+PkAll5,160.0,-1.3008372161264403,0.0434892489711677,-0.6000000000000001,100.0,4.0,intercept|arm_offkd|arm_opd|arm_seqkd|arm_sft|log1p_checkpoint|p4_equal5|p8_equal5|p16_equal5|p32_equal5,,,,
qwen,mmlu,abs_delta_nll_f,M0+PkAll5,320.0,0.03292617085295346,0.02070436072314176,0.7999999999999999,100.0,4.0,intercept|arm_offkd|arm_opd|arm_seqkd|arm_sft|log1p_checkpoint|p4_equal5|p8_equal5|p16_equal5|p32_equal5,,,,
qwen,mmlu,abs_delta_nll_f,M0+PkAll5,480.0,0.12590123193125247,0.03614852990107506,1.0,100.0,4.0,intercept|arm_offkd|arm_opd|arm_seqkd|arm_sft|log1p_checkpoint|p4_equal5|p8_equal5|p16_equal5|p32_equal5,,,,
qwen,mmlu,abs_delta_nll_f,M0+PkAll5,624.0,-0.013977873651918715,0.05140972227474015,0.19999999999999998,100.0,4.0,intercept|arm_offkd|arm_opd|arm_seqkd|arm_sft|log1p_checkpoint|p4_equal5|p8_equal5|p16_equal5|p32_equal5,,,,
qwen,mmlu,abs_delta_nll_f,M0+PkAll5+C5,5.0,-11.866538166614568,0.16360504900942513,1.0,1.0,4.0,intercept|arm_offkd|arm_opd|arm_seqkd|arm_sft|log1p_checkpoint|p4_equal5|p8_equal5|p16_equal5|p32_equal5|c_equal5,,,,
qwen,mmlu,abs_delta_nll_f,M0+PkAll5+C5,20.0,-0.21766183416610851,0.10894301086530228,0.39999999999999997,100.0,4.0,intercept|arm_offkd|arm_opd|arm_seqkd|arm_sft|log1p_checkpoint|p4_equal5|p8_equal5|p16_equal5|p32_equal5|c_equal5,,,,
qwen,mmlu,abs_delta_nll_f,M0+PkAll5+C5,40.0,-8.30873462849439,0.07517221752005915,0.39999999999999997,1.0,4.0,intercept|arm_offkd|arm_opd|arm_seqkd|arm_sft|log1p_checkpoint|p4_equal5|p8_equal5|p16_equal5|p32_equal5|c_equal5,,,,
qwen,mmlu,abs_delta_nll_f,M0+PkAll5+C5,80.0,-8.758707933258266,0.05916142817261694,0.39999999999999997,0.1,4.0,intercept|arm_offkd|arm_opd|arm_seqkd|arm_sft|log1p_checkpoint|p4_equal5|p8_equal5|p16_equal5|p32_equal5|c_equal5,,,,
qwen,mmlu,abs_delta_nll_f,M0+PkAll5+C5,160.0,-1.2814599369577975,0.04323017840205668,0.0,100.0,4.0,intercept|arm_offkd|arm_opd|arm_seqkd|arm_sft|log1p_checkpoint|p4_equal5|p8_equal5|p16_equal5|p32_equal5|c_equal5,,,,
qwen,mmlu,abs_delta_nll_f,M0+PkAll5+C5,320.0,0.02977823178411998,0.020361079265778195,0.7999999999999999,100.0,4.0,intercept|arm_offkd|arm_opd|arm_seqkd|arm_sft|log1p_checkpoint|p4_equal5|p8_equal5|p16_equal5|p32_equal5|c_equal5,,,,
qwen,mmlu,abs_delta_nll_f,M0+PkAll5+C5,480.0,0.1774885510523152,0.03432066653129383,1.0,100.0,4.0,intercept|arm_offkd|arm_opd|arm_seqkd|arm_sft|log1p_checkpoint|p4_equal5|p8_equal5|p16_equal5|p32_equal5|c_equal5,,,,
qwen,mmlu,abs_delta_nll_f,M0+PkAll5+C5,624.0,0.015384366783566361,0.05097511868132598,0.19999999999999998,100.0,4.0,intercept|arm_offkd|arm_opd|arm_seqkd|arm_sft|log1p_checkpoint|p4_equal5|p8_equal5|p16_equal5|p32_equal5|c_equal5,,,,
qwen,mmlu,abs_delta_nll_a,C-only,5.0,-43.275598639882084,0.07427062216147133,-0.7999999999999999,10.0,4.0,intercept|c_equal5,,,,
qwen,mmlu,abs_delta_nll_a,C-only,10.0,-5.90661920811981,0.05312162192369746,0.19999999999999998,10.0,4.0,intercept|c_equal5,,,,
qwen,mmlu,abs_delta_nll_a,C-only,20.0,0.45097020451154646,0.04219000461797547,0.19999999999999998,0.01,4.0,intercept|c_equal5,,,,
qwen,mmlu,abs_delta_nll_a,C-only,40.0,0.7016202939525098,0.03263479810043339,1.0,10.0,4.0,intercept|c_equal5,,,,
qwen,mmlu,abs_delta_nll_a,C-only,80.0,0.13343836548169175,0.04864301598273499,1.0,1.0,4.0,intercept|c_equal5,,,,
qwen,mmlu,abs_delta_nll_a,C-only,160.0,0.3060692629692323,0.0466586809561826,1.0,1.0,4.0,intercept|c_equal5,,,,
qwen,mmlu,abs_delta_nll_a,C-only,320.0,0.4540052043026547,0.049106293981871336,0.7999999999999999,0.0,4.0,intercept|c_equal5,,,,
qwen,mmlu,abs_delta_nll_a,C-only,480.0,0.4302269377315374,0.04643869802623536,1.0,1.0,4.0,intercept|c_equal5,,,,
qwen,mmlu,abs_delta_nll_a,C-only,624.0,0.6514997342003246,0.0391124649564912,1.0,1.0,4.0,intercept|c_equal5,,,,
qwen,mmlu,abs_delta_nll_a,C-only-matched,5.0,-40.14446508600909,0.07119110125670236,-0.7999999999999999,1.0,4.0,intercept|c_equal5,,,,
qwen,mmlu,abs_delta_nll_a,C-only-matched,20.0,0.40416990724739554,0.03878453681716808,0.19999999999999998,10.0,4.0,intercept|c_equal5,,,,
qwen,mmlu,abs_delta_nll_a,C-only-matched,40.0,0.7264194134223523,0.028749262893471836,1.0,10.0,4.0,intercept|c_equal5,,,,
qwen,mmlu,abs_delta_nll_a,C-only-matched,80.0,0.28833887367160493,0.03316310462569535,1.0,10.0,4.0,intercept|c_equal5,,,,
qwen,mmlu,abs_delta_nll_a,C-only-matched,160.0,0.25604581003824234,0.0424035127849387,1.0,10.0,4.0,intercept|c_equal5,,,,
qwen,mmlu,abs_delta_nll_a,C-only-matched,320.0,0.4181222185813498,0.04329746800808163,0.7999999999999999,10.0,4.0,intercept|c_equal5,,,,
qwen,mmlu,abs_delta_nll_a,C-only-matched,480.0,0.505499025148252,0.039611802350662154,1.0,10.0,4.0,intercept|c_equal5,,,,
qwen,mmlu,abs_delta_nll_a,C-only-matched,624.0,0.6212603407712205,0.03279564373271431,1.0,10.0,4.0,intercept|c_equal5,,,,
qwen,mmlu,abs_delta_nll_a,Pk4-only,5.0,-151.59109090014346,0.14098465928287238,1.0,100.0,4.0,intercept|p4_equal5,,,,
qwen,mmlu,abs_delta_nll_a,Pk4-only,20.0,-1.340142091921023,0.08744676952274488,0.19999999999999998,100.0,4.0,intercept|p4_equal5,,,,
qwen,mmlu,abs_delta_nll_a,Pk4-only,40.0,-0.31139027313568013,0.07383558271847936,-0.19999999999999998,100.0,4.0,intercept|p4_equal5,,,,
qwen,mmlu,abs_delta_nll_a,Pk4-only,80.0,-0.5706484292163918,0.0671404019756566,-0.7999999999999999,0.0,4.0,intercept|p4_equal5,,,,
qwen,mmlu,abs_delta_nll_a,Pk4-only,160.0,-1.7078092186358584,0.10124512938040756,-0.19999999999999998,0.0,4.0,intercept|p4_equal5,,,,
qwen,mmlu,abs_delta_nll_a,Pk4-only,320.0,-0.9331246313360451,0.08907920160568272,-0.19999999999999998,0.01,4.0,intercept|p4_equal5,,,,
qwen,mmlu,abs_delta_nll_a,Pk4-only,480.0,-0.9418557467513353,0.07235024605368601,-0.39999999999999997,100.0,4.0,intercept|p4_equal5,,,,
qwen,mmlu,abs_delta_nll_a,Pk4-only,624.0,-1.0693903560281588,0.08331300117296694,0.39999999999999997,100.0,4.0,intercept|p4_equal5,,,,
qwen,mmlu,abs_delta_nll_a,Pk8-only,5.0,-74.95573970045857,0.09900894057402503,1.0,10.0,4.0,intercept|p8_equal5,,,,
qwen,mmlu,abs_delta_nll_a,Pk8-only,20.0,0.03912061304840986,0.06022629603936738,1.0,10.0,4.0,intercept|p8_equal5,,,,
qwen,mmlu,abs_delta_nll_a,Pk8-only,40.0,0.16702072177440852,0.0488646328625231,1.0,10.0,4.0,intercept|p8_equal5,,,,
qwen,mmlu,abs_delta_nll_a,Pk8-only,80.0,-0.19136758971611312,0.0495470266486998,-0.19999999999999998,1.0,4.0,intercept|p8_equal5,,,,
qwen,mmlu,abs_delta_nll_a,Pk8-only,160.0,-0.45148745466377993,0.06073804004936446,-0.19999999999999998,10.0,4.0,intercept|p8_equal5,,,,
qwen,mmlu,abs_delta_nll_a,Pk8-only,320.0,-0.46579670818136387,0.06200519306776453,-0.7999999999999999,10.0,4.0,intercept|p8_equal5,,,,
qwen,mmlu,abs_delta_nll_a,Pk8-only,480.0,-0.19300399415897296,0.07234172283214249,0.39999999999999997,1.0,4.0,intercept|p8_equal5,,,,
qwen,mmlu,abs_delta_nll_a,Pk8-only,624.0,-0.013543905602067419,0.07402460217374718,0.19999999999999998,1.0,4.0,intercept|p8_equal5,,,,
qwen,mmlu,abs_delta_nll_a,Pk16-only,5.0,-37.68495718317334,0.07085170345080713,0.39999999999999997,1.0,4.0,intercept|p16_equal5,,,,
qwen,mmlu,abs_delta_nll_a,Pk16-only,20.0,0.4366254658120028,0.044075496847589185,1.0,1.0,4.0,intercept|p16_equal5,,,,
qwen,mmlu,abs_delta_nll_a,Pk16-only,40.0,-0.021299349556870295,0.049226291521055635,0.6000000000000001,0.0,4.0,intercept|p16_equal5,,,,
qwen,mmlu,abs_delta_nll_a,Pk16-only,80.0,-0.9785693499793064,0.07345570978523026,-0.7999999999999999,0.0,4.0,intercept|p16_equal5,,,,
qwen,mmlu,abs_delta_nll_a,Pk16-only,160.0,-0.7689777069618082,0.06492299627469493,-1.0,0.0,4.0,intercept|p16_equal5,,,,
qwen,mmlu,abs_delta_nll_a,Pk16-only,320.0,-0.17912701130955688,0.05902605283231091,-0.39999999999999997,0.0,4.0,intercept|p16_equal5,,,,
qwen,mmlu,abs_delta_nll_a,Pk16-only,480.0,-0.02479681052089533,0.0624887750149813,0.19999999999999998,0.0,4.0,intercept|p16_equal5,,,,
qwen,mmlu,abs_delta_nll_a,Pk16-only,624.0,0.17096247453368008,0.06348423909162201,0.39999999999999997,0.0,4.0,intercept|p16_equal5,,,,
qwen,mmlu,abs_delta_nll_a,Pk32-only,5.0,-20.16520316595439,0.05151646609338053,0.19999999999999998,0.0,4.0,intercept|p32_equal5,,,,
qwen,mmlu,abs_delta_nll_a,Pk32-only,20.0,0.14045794718921933,0.04043766051016842,0.19999999999999998,0.0,4.0,intercept|p32_equal5,,,,
qwen,mmlu,abs_delta_nll_a,Pk32-only,40.0,-0.18415487673146647,0.04882760448266965,0.39999999999999997,0.0,4.0,intercept|p32_equal5,,,,
qwen,mmlu,abs_delta_nll_a,Pk32-only,80.0,-0.8361554618046199,0.06928375641820403,-0.19999999999999998,0.0,4.0,intercept|p32_equal5,,,,
qwen,mmlu,abs_delta_nll_a,Pk32-only,160.0,-0.2265924330540372,0.052949011640943296,-0.39999999999999997,0.0,4.0,intercept|p32_equal5,,,,
qwen,mmlu,abs_delta_nll_a,Pk32-only,320.0,0.38519284516022445,0.04319418843617036,1.0,0.0,4.0,intercept|p32_equal5,,,,
qwen,mmlu,abs_delta_nll_a,Pk32-only,480.0,0.4641072955864569,0.048929662270419366,1.0,0.0,4.0,intercept|p32_equal5,,,,
qwen,mmlu,abs_delta_nll_a,Pk32-only,624.0,0.5834133089877167,0.047225121003283035,0.7999999999999999,0.0,4.0,intercept|p32_equal5,,,,
qwen,mmlu,abs_delta_nll_a,PkAll-only,5.0,-50.52209885717999,0.08121561400152039,0.7999999999999999,0.1,4.0,intercept|p4_equal5|p8_equal5|p16_equal5|p32_equal5,,,,
qwen,mmlu,abs_delta_nll_a,PkAll-only,20.0,-0.051922983936047995,0.047761630166846925,0.19999999999999998,1.0,4.0,intercept|p4_equal5|p8_equal5|p16_equal5|p32_equal5,,,,
qwen,mmlu,abs_delta_nll_a,PkAll-only,40.0,-0.6521766337676493,0.0633916021145426,0.39999999999999997,0.0,4.0,intercept|p4_equal5|p8_equal5|p16_equal5|p32_equal5,,,,
qwen,mmlu,abs_delta_nll_a,PkAll-only,80.0,-0.6403964381096365,0.0620782944270393,0.39999999999999997,0.1,4.0,intercept|p4_equal5|p8_equal5|p16_equal5|p32_equal5,,,,
qwen,mmlu,abs_delta_nll_a,PkAll-only,160.0,-0.054516159891565996,0.04928017223016806,0.6000000000000001,1.0,4.0,intercept|p4_equal5|p8_equal5|p16_equal5|p32_equal5,,,,
qwen,mmlu,abs_delta_nll_a,PkAll-only,320.0,0.32304246154667715,0.04874135666580048,1.0,1.0,4.0,intercept|p4_equal5|p8_equal5|p16_equal5|p32_equal5,,,,
qwen,mmlu,abs_delta_nll_a,PkAll-only,480.0,0.2140679966893827,0.05644527868848447,0.7999999999999999,10.0,4.0,intercept|p4_equal5|p8_equal5|p16_equal5|p32_equal5,,,,
qwen,mmlu,abs_delta_nll_a,PkAll-only,624.0,0.3215325117845679,0.05744848287399428,0.39999999999999997,10.0,4.0,intercept|p4_equal5|p8_equal5|p16_equal5|p32_equal5,,,,
qwen,mmlu,abs_delta_nll_a,M0,5.0,-33.213216927557006,0.048327909640591596,0.19999999999999998,0.0,4.0,intercept|arm_offkd|arm_opd|arm_seqkd|arm_sft|log1p_checkpoint,,,,
qwen,mmlu,abs_delta_nll_a,M0,20.0,0.9881535083190475,0.005961244074562385,0.7999999999999999,0.01,4.0,intercept|arm_offkd|arm_opd|arm_seqkd|arm_sft|log1p_checkpoint,,,,
qwen,mmlu,abs_delta_nll_a,M0,40.0,0.9790812031100905,0.007800670612826188,1.0,1.0,4.0,intercept|arm_offkd|arm_opd|arm_seqkd|arm_sft|log1p_checkpoint,,,,
qwen,mmlu,abs_delta_nll_a,M0,80.0,0.9464572217970054,0.013032278028646354,1.0,1.0,4.0,intercept|arm_offkd|arm_opd|arm_seqkd|arm_sft|log1p_checkpoint,,,,
qwen,mmlu,abs_delta_nll_a,M0,160.0,0.915380979657219,0.014950383287339698,1.0,1.0,4.0,intercept|arm_offkd|arm_opd|arm_seqkd|arm_sft|log1p_checkpoint,,,,
qwen,mmlu,abs_delta_nll_a,M0,320.0,0.9343598519296832,0.014701819302810545,1.0,1.0,4.0,intercept|arm_offkd|arm_opd|arm_seqkd|arm_sft|log1p_checkpoint,,,,
qwen,mmlu,abs_delta_nll_a,M0,480.0,0.9605971556534209,0.01283571587498173,1.0,1.0,4.0,intercept|arm_offkd|arm_opd|arm_seqkd|arm_sft|log1p_checkpoint,,,,
qwen,mmlu,abs_delta_nll_a,M0,624.0,0.9299956799003237,0.016251225045052137,1.0,1.0,4.0,intercept|arm_offkd|arm_opd|arm_seqkd|arm_sft|log1p_checkpoint,,,,
qwen,mmlu,abs_delta_nll_a,M0+C5,5.0,-33.198637493962316,0.048164085914932424,0.19999999999999998,0.0,4.0,intercept|arm_offkd|arm_opd|arm_seqkd|arm_sft|log1p_checkpoint|c_equal5,,,,
qwen,mmlu,abs_delta_nll_a,M0+C5,20.0,0.9753749419822787,0.008204781234316297,0.7999999999999999,0.0,4.0,intercept|arm_offkd|arm_opd|arm_seqkd|arm_sft|log1p_checkpoint|c_equal5,,,,
qwen,mmlu,abs_delta_nll_a,M0+C5,40.0,0.9752143251544534,0.010396181215942896,1.0,0.1,4.0,intercept|arm_offkd|arm_opd|arm_seqkd|arm_sft|log1p_checkpoint|c_equal5,,,,
qwen,mmlu,abs_delta_nll_a,M0+C5,80.0,0.931605275647243,0.01290843563854753,1.0,0.1,4.0,intercept|arm_offkd|arm_opd|arm_seqkd|arm_sft|log1p_checkpoint|c_equal5,,,,
qwen,mmlu,abs_delta_nll_a,M0+C5,160.0,0.9073578420419715,0.016494257935247184,1.0,0.1,4.0,intercept|arm_offkd|arm_opd|arm_seqkd|arm_sft|log1p_checkpoint|c_equal5,,,,
qwen,mmlu,abs_delta_nll_a,M0+C5,320.0,0.9447844457145815,0.015715714131719308,1.0,0.1,4.0,intercept|arm_offkd|arm_opd|arm_seqkd|arm_sft|log1p_checkpoint|c_equal5,,,,
qwen,mmlu,abs_delta_nll_a,M0+C5,480.0,0.9507123896563621,0.014378302373277196,1.0,0.1,4.0,intercept|arm_offkd|arm_opd|arm_seqkd|arm_sft|log1p_checkpoint|c_equal5,,,,
qwen,mmlu,abs_delta_nll_a,M0+C5,624.0,0.9395324493170664,0.01506395799343338,1.0,0.1,4.0,intercept|arm_offkd|arm_opd|arm_seqkd|arm_sft|log1p_checkpoint|c_equal5,,,,
qwen,mmlu,abs_delta_nll_a,M0+PkAll5,5.0,-41.10596304292391,0.04612534330823197,0.19999999999999998,0.1,4.0,intercept|arm_offkd|arm_opd|arm_seqkd|arm_sft|log1p_checkpoint|p4_equal5|p8_equal5|p16_equal5|p32_equal5,,,,
qwen,mmlu,abs_delta_nll_a,M0+PkAll5,20.0,0.9641073927737357,0.010529515587917763,0.7999999999999999,1.0,4.0,intercept|arm_offkd|arm_opd|arm_seqkd|arm_sft|log1p_checkpoint|p4_equal5|p8_equal5|p16_equal5|p32_equal5,,,,
qwen,mmlu,abs_delta_nll_a,M0+PkAll5,40.0,0.962359771591467,0.007888852731164325,1.0,1.0,4.0,intercept|arm_offkd|arm_opd|arm_seqkd|arm_sft|log1p_checkpoint|p4_equal5|p8_equal5|p16_equal5|p32_equal5,,,,
qwen,mmlu,abs_delta_nll_a,M0+PkAll5,80.0,0.9308781072568824,0.013426864827299698,1.0,1.0,4.0,intercept|arm_offkd|arm_opd|arm_seqkd|arm_sft|log1p_checkpoint|p4_equal5|p8_equal5|p16_equal5|p32_equal5,,,,
qwen,mmlu,abs_delta_nll_a,M0+PkAll5,160.0,0.9038449211215895,0.01810247346432052,1.0,1.0,4.0,intercept|arm_offkd|arm_opd|arm_seqkd|arm_sft|log1p_checkpoint|p4_equal5|p8_equal5|p16_equal5|p32_equal5,,,,
qwen,mmlu,abs_delta_nll_a,M0+PkAll5,320.0,0.9246207463177927,0.01579639715052117,1.0,1.0,4.0,intercept|arm_offkd|arm_opd|arm_seqkd|arm_sft|log1p_checkpoint|p4_equal5|p8_equal5|p16_equal5|p32_equal5,,,,
qwen,mmlu,abs_delta_nll_a,M0+PkAll5,480.0,0.9616040335728238,0.01148939757018072,1.0,1.0,4.0,intercept|arm_offkd|arm_opd|arm_seqkd|arm_sft|log1p_checkpoint|p4_equal5|p8_equal5|p16_equal5|p32_equal5,,,,
qwen,mmlu,abs_delta_nll_a,M0+PkAll5,624.0,0.9361501485026109,0.013920942434694682,1.0,1.0,4.0,intercept|arm_offkd|arm_opd|arm_seqkd|arm_sft|log1p_checkpoint|p4_equal5|p8_equal5|p16_equal5|p32_equal5,,,,
qwen,mmlu,abs_delta_nll_a,M0+PkAll5+C5,5.0,-43.4499181853354,0.04810211266821014,0.19999999999999998,0.1,4.0,intercept|arm_offkd|arm_opd|arm_seqkd|arm_sft|log1p_checkpoint|p4_equal5|p8_equal5|p16_equal5|p32_equal5|c_equal5,,,,
qwen,mmlu,abs_delta_nll_a,M0+PkAll5+C5,20.0,0.7597400826942928,0.023594404047872795,0.7999999999999999,0.1,4.0,intercept|arm_offkd|arm_opd|arm_seqkd|arm_sft|log1p_checkpoint|p4_equal5|p8_equal5|p16_equal5|p32_equal5|c_equal5,,,,
qwen,mmlu,abs_delta_nll_a,M0+PkAll5+C5,40.0,0.9754396917909649,0.00937689174775862,1.0,1.0,4.0,intercept|arm_offkd|arm_opd|arm_seqkd|arm_sft|log1p_checkpoint|p4_equal5|p8_equal5|p16_equal5|p32_equal5|c_equal5,,,,
qwen,mmlu,abs_delta_nll_a,M0+PkAll5+C5,80.0,0.9027067425728039,0.01634209572654137,1.0,1.0,4.0,intercept|arm_offkd|arm_opd|arm_seqkd|arm_sft|log1p_checkpoint|p4_equal5|p8_equal5|p16_equal5|p32_equal5|c_equal5,,,,
qwen,mmlu,abs_delta_nll_a,M0+PkAll5+C5,160.0,0.9025831900180687,0.01619751421893119,1.0,0.1,4.0,intercept|arm_offkd|arm_opd|arm_seqkd|arm_sft|log1p_checkpoint|p4_equal5|p8_equal5|p16_equal5|p32_equal5|c_equal5,,,,
qwen,mmlu,abs_delta_nll_a,M0+PkAll5+C5,320.0,0.9495533486095035,0.014608343963545795,1.0,0.1,4.0,intercept|arm_offkd|arm_opd|arm_seqkd|arm_sft|log1p_checkpoint|p4_equal5|p8_equal5|p16_equal5|p32_equal5|c_equal5,,,,
qwen,mmlu,abs_delta_nll_a,M0+PkAll5+C5,480.0,0.974035829704164,0.008953791094703817,1.0,0.1,4.0,intercept|arm_offkd|arm_opd|arm_seqkd|arm_sft|log1p_checkpoint|p4_equal5|p8_equal5|p16_equal5|p32_equal5|c_equal5,,,,
qwen,mmlu,abs_delta_nll_a,M0+PkAll5+C5,624.0,0.9248507346328132,0.015963660207993113,1.0,0.1,4.0,intercept|arm_offkd|arm_opd|arm_seqkd|arm_sft|log1p_checkpoint|p4_equal5|p8_equal5|p16_equal5|p32_equal5|c_equal5,,,,
qwen,mmlu,abs_delta_nll_t,C-only,5.0,-590.3366902858339,1.1137372215195038,-0.7999999999999999,10.0,4.0,intercept|c_equal5,,,,
qwen,mmlu,abs_delta_nll_t,C-only,10.0,-42.32712217943143,0.9045440836531562,0.39999999999999997,10.0,4.0,intercept|c_equal5,,,,
qwen,mmlu,abs_delta_nll_t,C-only,20.0,0.5154667259617505,0.3508000065626064,0.39999999999999997,0.0,4.0,intercept|c_equal5,,,,
qwen,mmlu,abs_delta_nll_t,C-only,40.0,0.18506787417822623,0.6460842074585013,0.7999999999999999,1.0,4.0,intercept|c_equal5,,,,
qwen,mmlu,abs_delta_nll_t,C-only,80.0,-8.570663111547363,1.0382892785892586,0.7999999999999999,1.0,4.0,intercept|c_equal5,,,,
qwen,mmlu,abs_delta_nll_t,C-only,160.0,-0.23464527671131652,0.5810667037155858,0.39999999999999997,1.0,4.0,intercept|c_equal5,,,,
qwen,mmlu,abs_delta_nll_t,C-only,320.0,0.31807809720742386,0.6601630765368551,0.7999999999999999,1.0,4.0,intercept|c_equal5,,,,
qwen,mmlu,abs_delta_nll_t,C-only,480.0,0.31924094068292574,0.754835650520024,0.7999999999999999,1.0,4.0,intercept|c_equal5,,,,
qwen,mmlu,abs_delta_nll_t,C-only,624.0,0.3332074191152907,0.7054080721459972,0.7999999999999999,1.0,4.0,intercept|c_equal5,,,,
qwen,mmlu,abs_delta_nll_t,C-only-matched,5.0,-881.7184597376227,1.3647784698894985,-0.7999999999999999,10.0,4.0,intercept|c_equal5,,,,
qwen,mmlu,abs_delta_nll_t,C-only-matched,20.0,-1.8806072453313827,0.8774123322643244,0.39999999999999997,100.0,4.0,intercept|c_equal5,,,,
qwen,mmlu,abs_delta_nll_t,C-only-matched,40.0,0.4768949248951242,0.5582194139386016,0.7999999999999999,10.0,4.0,intercept|c_equal5,,,,
qwen,mmlu,abs_delta_nll_t,C-only-matched,80.0,-5.191886107024577,0.8301856049339443,0.7999999999999999,10.0,4.0,intercept|c_equal5,,,,
qwen,mmlu,abs_delta_nll_t,C-only-matched,160.0,-0.1567697622094406,0.5306748334440058,0.39999999999999997,10.0,4.0,intercept|c_equal5,,,,
qwen,mmlu,abs_delta_nll_t,C-only-matched,320.0,0.2914884927892394,0.5808481125572895,0.7999999999999999,10.0,4.0,intercept|c_equal5,,,,
qwen,mmlu,abs_delta_nll_t,C-only-matched,480.0,0.3046145026227315,0.7853045727804762,0.7999999999999999,0.0,4.0,intercept|c_equal5,,,,
qwen,mmlu,abs_delta_nll_t,C-only-matched,624.0,0.31354002306300166,0.735986995441857,0.7999999999999999,0.0,4.0,intercept|c_equal5,,,,
qwen,mmlu,abs_delta_nll_t,Pk4-only,5.0,-1605.603019814701,1.8461620887373693,1.0,100.0,4.0,intercept|p4_equal5,,,,
qwen,mmlu,abs_delta_nll_t,Pk4-only,20.0,-2.812379914641025,1.0433366951679914,0.39999999999999997,100.0,4.0,intercept|p4_equal5,,,,
qwen,mmlu,abs_delta_nll_t,Pk4-only,40.0,-0.07221219049530547,0.6558005375744747,-0.39999999999999997,100.0,4.0,intercept|p4_equal5,,,,
qwen,mmlu,abs_delta_nll_t,Pk4-only,80.0,-3.310731956512522,0.579585636361476,-1.0,10.0,4.0,intercept|p4_equal5,,,,
qwen,mmlu,abs_delta_nll_t,Pk4-only,160.0,-2.3867317964530406,1.0743045525913881,0.7999999999999999,1.0,4.0,intercept|p4_equal5,,,,
qwen,mmlu,abs_delta_nll_t,Pk4-only,320.0,-0.6823563377719037,0.883073155742999,-0.19999999999999998,10.0,4.0,intercept|p4_equal5,,,,
qwen,mmlu,abs_delta_nll_t,Pk4-only,480.0,-0.19550698002607136,0.7735115328439377,-0.19999999999999998,10.0,4.0,intercept|p4_equal5,,,,
qwen,mmlu,abs_delta_nll_t,Pk4-only,624.0,-0.31111668699437156,0.7604186279830101,0.7999999999999999,100.0,4.0,intercept|p4_equal5,,,,
qwen,mmlu,abs_delta_nll_t,Pk8-only,5.0,-1528.3342047506285,1.8021075341014237,1.0,100.0,4.0,intercept|p8_equal5,,,,
qwen,mmlu,abs_delta_nll_t,Pk8-only,20.0,-2.2815290129284067,0.9614981911833116,0.7999999999999999,100.0,4.0,intercept|p8_equal5,,,,
qwen,mmlu,abs_delta_nll_t,Pk8-only,40.0,0.02890103442405867,0.587023593882776,0.7999999999999999,100.0,4.0,intercept|p8_equal5,,,,
qwen,mmlu,abs_delta_nll_t,Pk8-only,80.0,-4.584703803901917,0.7104145529415612,-0.39999999999999997,10.0,4.0,intercept|p8_equal5,,,,
qwen,mmlu,abs_delta_nll_t,Pk8-only,160.0,-0.7341708600648487,0.5648367272489714,0.7999999999999999,100.0,4.0,intercept|p8_equal5,,,,
qwen,mmlu,abs_delta_nll_t,Pk8-only,320.0,-0.49427889298697925,0.6913321560694741,-0.7999999999999999,100.0,4.0,intercept|p8_equal5,,,,
qwen,mmlu,abs_delta_nll_t,Pk8-only,480.0,-0.31446330456245253,0.7162949780766645,0.19999999999999998,100.0,4.0,intercept|p8_equal5,,,,
qwen,mmlu,abs_delta_nll_t,Pk8-only,624.0,-0.20713029179809617,0.6714438692521076,0.39999999999999997,100.0,4.0,intercept|p8_equal5,,,,
qwen,mmlu,abs_delta_nll_t,Pk16-only,5.0,-1433.2083650684287,1.7450243550321987,0.39999999999999997,100.0,4.0,intercept|p16_equal5,,,,
qwen,mmlu,abs_delta_nll_t,Pk16-only,20.0,-1.9970196153932798,0.9024333110427104,0.7999999999999999,100.0,4.0,intercept|p16_equal5,,,,
qwen,mmlu,abs_delta_nll_t,Pk16-only,40.0,-0.05723538183701504,0.6582295668763096,0.0,10.0,4.0,intercept|p16_equal5,,,,
qwen,mmlu,abs_delta_nll_t,Pk16-only,80.0,-4.370094646490175,0.5816177134539305,-1.0,10.0,4.0,intercept|p16_equal5,,,,
qwen,mmlu,abs_delta_nll_t,Pk16-only,160.0,-0.9043269314855806,0.5928777354805714,-0.39999999999999997,10.0,4.0,intercept|p16_equal5,,,,
qwen,mmlu,abs_delta_nll_t,Pk16-only,320.0,-0.18331563092962222,0.6158757740606142,-0.39999999999999997,10.0,4.0,intercept|p16_equal5,,,,
qwen,mmlu,abs_delta_nll_t,Pk16-only,480.0,-0.00833891383722829,0.8933003529448414,0.39999999999999997,10.0,4.0,intercept|p16_equal5,,,,
qwen,mmlu,abs_delta_nll_t,Pk16-only,624.0,0.09013125447530823,0.9393759769318167,0.7999999999999999,10.0,4.0,intercept|p16_equal5,,,,
qwen,mmlu,abs_delta_nll_t,Pk32-only,5.0,-611.9481553203989,1.1348027561098282,0.19999999999999998,10.0,4.0,intercept|p32_equal5,,,,
qwen,mmlu,abs_delta_nll_t,Pk32-only,20.0,-0.03050839760254731,0.6039749678311234,0.39999999999999997,10.0,4.0,intercept|p32_equal5,,,,
qwen,mmlu,abs_delta_nll_t,Pk32-only,40.0,-0.3375620124965226,0.6690359839138574,0.19999999999999998,0.0,4.0,intercept|p32_equal5,,,,
qwen,mmlu,abs_delta_nll_t,Pk32-only,80.0,-5.505458893527461,0.6295517859713926,-0.39999999999999997,0.0,4.0,intercept|p32_equal5,,,,
qwen,mmlu,abs_delta_nll_t,Pk32-only,160.0,-0.37635335175943485,0.4510511479979852,0.39999999999999997,0.0,4.0,intercept|p32_equal5,,,,
qwen,mmlu,abs_delta_nll_t,Pk32-only,320.0,0.39278367661532587,0.5722287888434081,1.0,0.0,4.0,intercept|p32_equal5,,,,
qwen,mmlu,abs_delta_nll_t,Pk32-only,480.0,0.31948004743328995,0.8653668394760267,0.7999999999999999,0.0,4.0,intercept|p32_equal5,,,,
qwen,mmlu,abs_delta_nll_t,Pk32-only,624.0,0.18975498921151912,0.8919021371542574,1.0,0.0,4.0,intercept|p32_equal5,,,,
qwen,mmlu,abs_delta_nll_t,PkAll-only,5.0,-452.65794652534754,0.9656356605301883,0.19999999999999998,1.0,4.0,intercept|p4_equal5|p8_equal5|p16_equal5|p32_equal5,,,,
qwen,mmlu,abs_delta_nll_t,PkAll-only,20.0,-0.9779565922554441,0.7180487695784797,-0.19999999999999998,0.1,4.0,intercept|p4_equal5|p8_equal5|p16_equal5|p32_equal5,,,,
qwen,mmlu,abs_delta_nll_t,PkAll-only,40.0,-0.7455504199721961,0.5852467604995859,0.19999999999999998,0.0,4.0,intercept|p4_equal5|p8_equal5|p16_equal5|p32_equal5,,,,
qwen,mmlu,abs_delta_nll_t,PkAll-only,80.0,-5.963431197599526,0.6352157703602024,-0.39999999999999997,0.0,4.0,intercept|p4_equal5|p8_equal5|p16_equal5|p32_equal5,,,,
qwen,mmlu,abs_delta_nll_t,PkAll-only,160.0,-0.12374863400878988,0.5071069609421348,0.0,0.0,4.0,intercept|p4_equal5|p8_equal5|p16_equal5|p32_equal5,,,,
qwen,mmlu,abs_delta_nll_t,PkAll-only,320.0,0.7644500852122036,0.38861568910455185,1.0,0.01,4.0,intercept|p4_equal5|p8_equal5|p16_equal5|p32_equal5,,,,
qwen,mmlu,abs_delta_nll_t,PkAll-only,480.0,0.4954373436723448,0.7193750250522328,0.7999999999999999,1.0,4.0,intercept|p4_equal5|p8_equal5|p16_equal5|p32_equal5,,,,
qwen,mmlu,abs_delta_nll_t,PkAll-only,624.0,0.46162668727729095,0.7406685423855465,0.7999999999999999,1.0,4.0,intercept|p4_equal5|p8_equal5|p16_equal5|p32_equal5,,,,
qwen,mmlu,abs_delta_nll_t,M0,5.0,-415.53912315101815,0.6178915338171499,0.39999999999999997,0.0,4.0,intercept|arm_offkd|arm_opd|arm_seqkd|arm_sft|log1p_checkpoint,,,,
qwen,mmlu,abs_delta_nll_t,M0,20.0,0.8079811719187764,0.23790530537860208,0.7999999999999999,0.0,4.0,intercept|arm_offkd|arm_opd|arm_seqkd|arm_sft|log1p_checkpoint,,,,
qwen,mmlu,abs_delta_nll_t,M0,40.0,0.711679880647684,0.3957005280054984,1.0,0.0,4.0,intercept|arm_offkd|arm_opd|arm_seqkd|arm_sft|log1p_checkpoint,,,,
qwen,mmlu,abs_delta_nll_t,M0,80.0,-2.9686591162335487,0.6008433977958418,1.0,0.0,4.0,intercept|arm_offkd|arm_opd|arm_seqkd|arm_sft|log1p_checkpoint,,,,
qwen,mmlu,abs_delta_nll_t,M0,160.0,0.700091813720099,0.26408461251320675,0.19999999999999998,1.0,4.0,intercept|arm_offkd|arm_opd|arm_seqkd|arm_sft|log1p_checkpoint,,,,
qwen,mmlu,abs_delta_nll_t,M0,320.0,0.888705654098352,0.28143762036340214,0.7999999999999999,0.1,4.0,intercept|arm_offkd|arm_opd|arm_seqkd|arm_sft|log1p_checkpoint,,,,
qwen,mmlu,abs_delta_nll_t,M0,480.0,0.7597929108278939,0.5191345548552779,1.0,0.0,4.0,intercept|arm_offkd|arm_opd|arm_seqkd|arm_sft|log1p_checkpoint,,,,
qwen,mmlu,abs_delta_nll_t,M0,624.0,0.6571178930055721,0.5800848121933131,1.0,0.1,4.0,intercept|arm_offkd|arm_opd|arm_seqkd|arm_sft|log1p_checkpoint,,,,
qwen,mmlu,abs_delta_nll_t,M0+C5,5.0,-394.96305598815167,0.688034659029694,0.19999999999999998,0.0,4.0,intercept|arm_offkd|arm_opd|arm_seqkd|arm_sft|log1p_checkpoint|c_equal5,,,,
qwen,mmlu,abs_delta_nll_t,M0+C5,20.0,0.7483687584256061,0.28521274343937897,0.7999999999999999,0.0,4.0,intercept|arm_offkd|arm_opd|arm_seqkd|arm_sft|log1p_checkpoint|c_equal5,,,,
qwen,mmlu,abs_delta_nll_t,M0+C5,40.0,0.8096657265335013,0.336046883611401,1.0,0.1,4.0,intercept|arm_offkd|arm_opd|arm_seqkd|arm_sft|log1p_checkpoint|c_equal5,,,,
qwen,mmlu,abs_delta_nll_t,M0+C5,80.0,-2.3911681880331463,0.5666774011827578,1.0,0.1,4.0,intercept|arm_offkd|arm_opd|arm_seqkd|arm_sft|log1p_checkpoint|c_equal5,,,,
qwen,mmlu,abs_delta_nll_t,M0+C5,160.0,0.7705623478673458,0.23214287413287588,0.19999999999999998,0.1,4.0,intercept|arm_offkd|arm_opd|arm_seqkd|arm_sft|log1p_checkpoint|c_equal5,,,,
qwen,mmlu,abs_delta_nll_t,M0+C5,320.0,0.897201893787941,0.24320657784555028,0.7999999999999999,0.1,4.0,intercept|arm_offkd|arm_opd|arm_seqkd|arm_sft|log1p_checkpoint|c_equal5,,,,
qwen,mmlu,abs_delta_nll_t,M0+C5,480.0,0.7762286409580996,0.4802196747665091,1.0,0.1,4.0,intercept|arm_offkd|arm_opd|arm_seqkd|arm_sft|log1p_checkpoint|c_equal5,,,,
qwen,mmlu,abs_delta_nll_t,M0+C5,624.0,0.6828522391068639,0.5674279109530632,1.0,1.0,4.0,intercept|arm_offkd|arm_opd|arm_seqkd|arm_sft|log1p_checkpoint|c_equal5,,,,
qwen,mmlu,abs_delta_nll_t,M0+PkAll5,5.0,-537.7267714837022,0.7051724250691237,0.39999999999999997,0.1,4.0,intercept|arm_offkd|arm_opd|arm_seqkd|arm_sft|log1p_checkpoint|p4_equal5|p8_equal5|p16_equal5|p32_equal5,,,,
qwen,mmlu,abs_delta_nll_t,M0+PkAll5,20.0,0.7819658538203551,0.23402102222632817,1.0,1.0,4.0,intercept|arm_offkd|arm_opd|arm_seqkd|arm_sft|log1p_checkpoint|p4_equal5|p8_equal5|p16_equal5|p32_equal5,,,,
qwen,mmlu,abs_delta_nll_t,M0+PkAll5,40.0,0.8137866647490715,0.3073482686932849,0.7999999999999999,1.0,4.0,intercept|arm_offkd|arm_opd|arm_seqkd|arm_sft|log1p_checkpoint|p4_equal5|p8_equal5|p16_equal5|p32_equal5,,,,
qwen,mmlu,abs_delta_nll_t,M0+PkAll5,80.0,-1.727072444545771,0.4848618664027061,0.7999999999999999,0.1,4.0,intercept|arm_offkd|arm_opd|arm_seqkd|arm_sft|log1p_checkpoint|p4_equal5|p8_equal5|p16_equal5|p32_equal5,,,,
qwen,mmlu,abs_delta_nll_t,M0+PkAll5,160.0,0.8143411010281579,0.22206708161212318,0.39999999999999997,1.0,4.0,intercept|arm_offkd|arm_opd|arm_seqkd|arm_sft|log1p_checkpoint|p4_equal5|p8_equal5|p16_equal5|p32_equal5,,,,
qwen,mmlu,abs_delta_nll_t,M0+PkAll5,320.0,0.9949384123264012,0.05938686432429058,1.0,0.1,4.0,intercept|arm_offkd|arm_opd|arm_seqkd|arm_sft|log1p_checkpoint|p4_equal5|p8_equal5|p16_equal5|p32_equal5,,,,
qwen,mmlu,abs_delta_nll_t,M0+PkAll5,480.0,0.9051599524733966,0.2581283723821424,0.39999999999999997,0.1,4.0,intercept|arm_offkd|arm_opd|arm_seqkd|arm_sft|log1p_checkpoint|p4_equal5|p8_equal5|p16_equal5|p32_equal5,,,,
qwen,mmlu,abs_delta_nll_t,M0+PkAll5,624.0,0.8477773786725997,0.3275092393393988,0.39999999999999997,0.1,4.0,intercept|arm_offkd|arm_opd|arm_seqkd|arm_sft|log1p_checkpoint|p4_equal5|p8_equal5|p16_equal5|p32_equal5,,,,
qwen,mmlu,abs_delta_nll_t,M0+PkAll5+C5,5.0,-664.5034973462367,0.7396636425942809,0.19999999999999998,0.1,4.0,intercept|arm_offkd|arm_opd|arm_seqkd|arm_sft|log1p_checkpoint|p4_equal5|p8_equal5|p16_equal5|p32_equal5|c_equal5,,,,
qwen,mmlu,abs_delta_nll_t,M0+PkAll5+C5,20.0,0.7354743431429276,0.23210809657568102,1.0,1.0,4.0,intercept|arm_offkd|arm_opd|arm_seqkd|arm_sft|log1p_checkpoint|p4_equal5|p8_equal5|p16_equal5|p32_equal5|c_equal5,,,,
qwen,mmlu,abs_delta_nll_t,M0+PkAll5+C5,40.0,0.8111806685282208,0.3224326516375927,0.7999999999999999,1.0,4.0,intercept|arm_offkd|arm_opd|arm_seqkd|arm_sft|log1p_checkpoint|p4_equal5|p8_equal5|p16_equal5|p32_equal5|c_equal5,,,,
qwen,mmlu,abs_delta_nll_t,M0+PkAll5+C5,80.0,-1.5020060325038482,0.4450019291079971,0.7999999999999999,0.1,4.0,intercept|arm_offkd|arm_opd|arm_seqkd|arm_sft|log1p_checkpoint|p4_equal5|p8_equal5|p16_equal5|p32_equal5|c_equal5,,,,
qwen,mmlu,abs_delta_nll_t,M0+PkAll5+C5,160.0,0.7212110152455162,0.2985246361295495,0.19999999999999998,0.1,4.0,intercept|arm_offkd|arm_opd|arm_seqkd|arm_sft|log1p_checkpoint|p4_equal5|p8_equal5|p16_equal5|p32_equal5|c_equal5,,,,
qwen,mmlu,abs_delta_nll_t,M0+PkAll5+C5,320.0,0.9847153019153448,0.07456109316865017,1.0,0.1,4.0,intercept|arm_offkd|arm_opd|arm_seqkd|arm_sft|log1p_checkpoint|p4_equal5|p8_equal5|p16_equal5|p32_equal5|c_equal5,,,,
qwen,mmlu,abs_delta_nll_t,M0+PkAll5+C5,480.0,0.9104165471822852,0.24548897568827205,0.39999999999999997,0.1,4.0,intercept|arm_offkd|arm_opd|arm_seqkd|arm_sft|log1p_checkpoint|p4_equal5|p8_equal5|p16_equal5|p32_equal5|c_equal5,,,,
qwen,mmlu,abs_delta_nll_t,M0+PkAll5+C5,624.0,0.8333711064419372,0.35833640809090883,0.7999999999999999,0.1,4.0,intercept|arm_offkd|arm_opd|arm_seqkd|arm_sft|log1p_checkpoint|p4_equal5|p8_equal5|p16_equal5|p32_equal5|c_equal5,,,,
qwen,mmlu,delta_nll_f_minus_a,C-only,5.0,-1.5972743654428556,0.08918049846066939,0.7999999999999999,0.0,4.0,intercept|c_equal5,,,,
qwen,mmlu,delta_nll_f_minus_a,C-only,10.0,0.049174464263158635,0.06924106210251996,0.7999999999999999,0.0,4.0,intercept|c_equal5,,,,
qwen,mmlu,delta_nll_f_minus_a,C-only,20.0,-1.2342764272570141,0.1516853008933339,0.7999999999999999,0.0,4.0,intercept|c_equal5,,,,
qwen,mmlu,delta_nll_f_minus_a,C-only,40.0,-6.425463808496115,0.1437762110395352,0.39999999999999997,0.0,4.0,intercept|c_equal5,,,,
qwen,mmlu,delta_nll_f_minus_a,C-only,80.0,-4.661894472241904,0.07093330727547666,0.39999999999999997,0.0,4.0,intercept|c_equal5,,,,
qwen,mmlu,delta_nll_f_minus_a,C-only,160.0,-1.093434758389205,0.11061872769096395,-0.19999999999999998,0.0,4.0,intercept|c_equal5,,,,
qwen,mmlu,delta_nll_f_minus_a,C-only,320.0,-0.7106650512243342,0.18446641189629126,0.39999999999999997,0.0,4.0,intercept|c_equal5,,,,
qwen,mmlu,delta_nll_f_minus_a,C-only,480.0,-0.8542868177661365,0.22230808141021374,-0.19999999999999998,0.0,4.0,intercept|c_equal5,,,,
qwen,mmlu,delta_nll_f_minus_a,C-only,624.0,-0.867691842802526,0.2467127417997846,-0.19999999999999998,0.0,4.0,intercept|c_equal5,,,,
qwen,mmlu,delta_nll_f_minus_a,C-only-matched,5.0,-1.9521712304714085,0.09727694305642595,0.7999999999999999,0.0,4.0,intercept|c_equal5,,,,
qwen,mmlu,delta_nll_f_minus_a,C-only-matched,20.0,-1.34970040536097,0.1542726465657274,0.7999999999999999,0.0,4.0,intercept|c_equal5,,,,
qwen,mmlu,delta_nll_f_minus_a,C-only-matched,40.0,-6.8055153213885715,0.14794869596608357,0.39999999999999997,0.0,4.0,intercept|c_equal5,,,,
qwen,mmlu,delta_nll_f_minus_a,C-only-matched,80.0,-4.684429436327447,0.07118052187231766,0.39999999999999997,0.0,4.0,intercept|c_equal5,,,,
qwen,mmlu,delta_nll_f_minus_a,C-only-matched,160.0,-1.1084695123601627,0.11158179725759265,-0.19999999999999998,0.0,4.0,intercept|c_equal5,,,,
qwen,mmlu,delta_nll_f_minus_a,C-only-matched,320.0,-0.7284662216350992,0.18514200951387408,0.39999999999999997,0.0,4.0,intercept|c_equal5,,,,
qwen,mmlu,delta_nll_f_minus_a,C-only-matched,480.0,-0.8640678266575923,0.22266286779259004,-0.19999999999999998,0.0,4.0,intercept|c_equal5,,,,
qwen,mmlu,delta_nll_f_minus_a,C-only-matched,624.0,-0.8764529273711563,0.24710926449023296,-0.19999999999999998,0.0,4.0,intercept|c_equal5,,,,
qwen,mmlu,delta_nll_f_minus_a,Pk4-only,5.0,-5.461829503690242,0.15583615009432145,-1.0,0.0,4.0,intercept|p4_equal5,,,,
qwen,mmlu,delta_nll_f_minus_a,Pk4-only,20.0,-5.69375778443311,0.257739265729231,-0.7999999999999999,100.0,4.0,intercept|p4_equal5,,,,
qwen,mmlu,delta_nll_f_minus_a,Pk4-only,40.0,-19.89521739105853,0.24409251826371003,-0.7999999999999999,100.0,4.0,intercept|p4_equal5,,,,
qwen,mmlu,delta_nll_f_minus_a,Pk4-only,80.0,-13.000761884192586,0.1449255256833629,-0.19999999999999998,100.0,4.0,intercept|p4_equal5,,,,
qwen,mmlu,delta_nll_f_minus_a,Pk4-only,160.0,-0.09433188498099243,0.09758893476309174,-0.6000000000000001,100.0,4.0,intercept|p4_equal5,,,,
qwen,mmlu,delta_nll_f_minus_a,Pk4-only,320.0,-1.2691544490046072,0.21339488313889887,-0.6000000000000001,100.0,4.0,intercept|p4_equal5,,,,
qwen,mmlu,delta_nll_f_minus_a,Pk4-only,480.0,-2.244369366082618,0.26014735312989257,-0.7999999999999999,100.0,4.0,intercept|p4_equal5,,,,
qwen,mmlu,delta_nll_f_minus_a,Pk4-only,624.0,-2.253182215352663,0.283122197860617,-0.7999999999999999,100.0,4.0,intercept|p4_equal5,,,,
qwen,mmlu,delta_nll_f_minus_a,Pk8-only,5.0,-12.887493702392765,0.18026287254816242,-1.0,0.0,4.0,intercept|p8_equal5,,,,
qwen,mmlu,delta_nll_f_minus_a,Pk8-only,20.0,-2.773578416602373,0.20556813162029514,-0.39999999999999997,0.0,4.0,intercept|p8_equal5,,,,
qwen,mmlu,delta_nll_f_minus_a,Pk8-only,40.0,-4.451316823296213,0.11566797707724658,0.39999999999999997,0.0,4.0,intercept|p8_equal5,,,,
qwen,mmlu,delta_nll_f_minus_a,Pk8-only,80.0,-4.778497633125949,0.07170268834165766,-0.7999999999999999,0.0,4.0,intercept|p8_equal5,,,,
qwen,mmlu,delta_nll_f_minus_a,Pk8-only,160.0,-0.626944205848931,0.11851393288299611,-0.6000000000000001,0.0,4.0,intercept|p8_equal5,,,,
qwen,mmlu,delta_nll_f_minus_a,Pk8-only,320.0,-0.15155538820593306,0.15715810940169284,0.39999999999999997,0.0,4.0,intercept|p8_equal5,,,,
qwen,mmlu,delta_nll_f_minus_a,Pk8-only,480.0,0.1701553187506255,0.14788722485153805,0.7999999999999999,0.0,4.0,intercept|p8_equal5,,,,
qwen,mmlu,delta_nll_f_minus_a,Pk8-only,624.0,0.10713513238514516,0.15146186374922388,0.6000000000000001,0.0,4.0,intercept|p8_equal5,,,,
qwen,mmlu,delta_nll_f_minus_a,Pk16-only,5.0,-16.512338504306285,0.24365733042954651,-0.39999999999999997,0.0,4.0,intercept|p16_equal5,,,,
qwen,mmlu,delta_nll_f_minus_a,Pk16-only,20.0,-2.2905530632947126,0.18402160295162376,-0.39999999999999997,10.0,4.0,intercept|p16_equal5,,,,
qwen,mmlu,delta_nll_f_minus_a,Pk16-only,40.0,-9.601884985832283,0.16963434475042144,0.39999999999999997,10.0,4.0,intercept|p16_equal5,,,,
qwen,mmlu,delta_nll_f_minus_a,Pk16-only,80.0,-10.884434312510995,0.12339874230691733,-0.19999999999999998,0.0,4.0,intercept|p16_equal5,,,,
qwen,mmlu,delta_nll_f_minus_a,Pk16-only,160.0,-0.05756024532311854,0.10213515996130296,0.19999999999999998,0.0,4.0,intercept|p16_equal5,,,,
qwen,mmlu,delta_nll_f_minus_a,Pk16-only,320.0,-0.426860805220306,0.17432922699181708,-0.7999999999999999,0.0,4.0,intercept|p16_equal5,,,,
qwen,mmlu,delta_nll_f_minus_a,Pk16-only,480.0,-0.5505293778831175,0.19764332797993123,0.6000000000000001,10.0,4.0,intercept|p16_equal5,,,,
qwen,mmlu,delta_nll_f_minus_a,Pk16-only,624.0,-0.4217323863372331,0.20855745545136814,0.0,10.0,4.0,intercept|p16_equal5,,,,
qwen,mmlu,delta_nll_f_minus_a,Pk32-only,5.0,-11.21698528562497,0.20094720162811802,-0.19999999999999998,0.0,4.0,intercept|p32_equal5,,,,
qwen,mmlu,delta_nll_f_minus_a,Pk32-only,20.0,-2.216135045543842,0.17481511714810047,-0.7999999999999999,10.0,4.0,intercept|p32_equal5,,,,
qwen,mmlu,delta_nll_f_minus_a,Pk32-only,40.0,-10.652436789741364,0.17239116228155457,-0.6000000000000001,10.0,4.0,intercept|p32_equal5,,,,
qwen,mmlu,delta_nll_f_minus_a,Pk32-only,80.0,-8.39811000064593,0.11984210918305627,0.7999999999999999,0.0,4.0,intercept|p32_equal5,,,,
qwen,mmlu,delta_nll_f_minus_a,Pk32-only,160.0,0.03793878748865687,0.07749113361473309,0.0,0.0,4.0,intercept|p32_equal5,,,,
qwen,mmlu,delta_nll_f_minus_a,Pk32-only,320.0,-0.6212648800162859,0.1899551307677109,-0.19999999999999998,0.0,4.0,intercept|p32_equal5,,,,
qwen,mmlu,delta_nll_f_minus_a,Pk32-only,480.0,-0.6917299437136493,0.21237174476622933,-0.19999999999999998,0.0,4.0,intercept|p32_equal5,,,,
qwen,mmlu,delta_nll_f_minus_a,Pk32-only,624.0,-0.6787275449489985,0.22936578372470087,-0.39999999999999997,1.0,4.0,intercept|p32_equal5,,,,
qwen,mmlu,delta_nll_f_minus_a,PkAll-only,5.0,-12.646709447485186,0.21088566846312584,0.39999999999999997,0.0,4.0,intercept|p4_equal5|p8_equal5|p16_equal5|p32_equal5,,,,
qwen,mmlu,delta_nll_f_minus_a,PkAll-only,20.0,-2.6954053959451536,0.20262264682242162,-0.39999999999999997,0.1,4.0,intercept|p4_equal5|p8_equal5|p16_equal5|p32_equal5,,,,
qwen,mmlu,delta_nll_f_minus_a,PkAll-only,40.0,-5.117757005452823,0.1259125044721906,0.7999999999999999,0.001,4.0,intercept|p4_equal5|p8_equal5|p16_equal5|p32_equal5,,,,
qwen,mmlu,delta_nll_f_minus_a,PkAll-only,80.0,-4.479912622103068,0.08601945301273409,-0.7999999999999999,0.0,4.0,intercept|p4_equal5|p8_equal5|p16_equal5|p32_equal5,,,,
qwen,mmlu,delta_nll_f_minus_a,PkAll-only,160.0,-0.06645082200601315,0.09072287654668407,0.6000000000000001,0.0,4.0,intercept|p4_equal5|p8_equal5|p16_equal5|p32_equal5,,,,
qwen,mmlu,delta_nll_f_minus_a,PkAll-only,320.0,0.5498835386567044,0.09350298630467013,0.7999999999999999,0.0,4.0,intercept|p4_equal5|p8_equal5|p16_equal5|p32_equal5,,,,
qwen,mmlu,delta_nll_f_minus_a,PkAll-only,480.0,0.5807904235254662,0.09146748136644539,1.0,0.1,4.0,intercept|p4_equal5|p8_equal5|p16_equal5|p32_equal5,,,,
qwen,mmlu,delta_nll_f_minus_a,PkAll-only,624.0,0.7605848291207161,0.0720790381514115,0.7999999999999999,0.1,4.0,intercept|p4_equal5|p8_equal5|p16_equal5|p32_equal5,,,,
qwen,mmlu,delta_nll_f_minus_a,M0,5.0,-45.78513254091762,0.4268387013191119,-0.6000000000000001,0.0,4.0,intercept|arm_offkd|arm_opd|arm_seqkd|arm_sft|log1p_checkpoint,,,,
qwen,mmlu,delta_nll_f_minus_a,M0,20.0,-4.6056686889770875,0.22976864196640726,-0.6000000000000001,100.0,4.0,intercept|arm_offkd|arm_opd|arm_seqkd|arm_sft|log1p_checkpoint,,,,
qwen,mmlu,delta_nll_f_minus_a,M0,40.0,-15.469907636448681,0.1924842085471099,-0.39999999999999997,10.0,4.0,intercept|arm_offkd|arm_opd|arm_seqkd|arm_sft|log1p_checkpoint,,,,
qwen,mmlu,delta_nll_f_minus_a,M0,80.0,-11.84604845766172,0.13310925480703464,0.39999999999999997,10.0,4.0,intercept|arm_offkd|arm_opd|arm_seqkd|arm_sft|log1p_checkpoint,,,,
qwen,mmlu,delta_nll_f_minus_a,M0,160.0,0.6366807183353795,0.04482854162091111,0.7999999999999999,10.0,4.0,intercept|arm_offkd|arm_opd|arm_seqkd|arm_sft|log1p_checkpoint,,,,
qwen,mmlu,delta_nll_f_minus_a,M0,320.0,0.20176916075335483,0.13056304474297473,0.7999999999999999,10.0,4.0,intercept|arm_offkd|arm_opd|arm_seqkd|arm_sft|log1p_checkpoint,,,,
qwen,mmlu,delta_nll_f_minus_a,M0,480.0,-0.3227642112751157,0.17134034268304416,0.39999999999999997,10.0,4.0,intercept|arm_offkd|arm_opd|arm_seqkd|arm_sft|log1p_checkpoint,,,,
qwen,mmlu,delta_nll_f_minus_a,M0,624.0,-1.6411849876169735,0.254021192437186,0.39999999999999997,100.0,4.0,intercept|arm_offkd|arm_opd|arm_seqkd|arm_sft|log1p_checkpoint,,,,
qwen,mmlu,delta_nll_f_minus_a,M0+C5,5.0,-15.38271150225992,0.22110062752526535,0.19999999999999998,0.0,4.0,intercept|arm_offkd|arm_opd|arm_seqkd|arm_sft|log1p_checkpoint|c_equal5,,,,
qwen,mmlu,delta_nll_f_minus_a,M0+C5,20.0,0.011121017145851786,0.10554079940683529,0.19999999999999998,0.0,4.0,intercept|arm_offkd|arm_opd|arm_seqkd|arm_sft|log1p_checkpoint|c_equal5,,,,
qwen,mmlu,delta_nll_f_minus_a,M0+C5,40.0,-3.182517109053415,0.09724730993574451,0.6000000000000001,0.0,4.0,intercept|arm_offkd|arm_opd|arm_seqkd|arm_sft|log1p_checkpoint|c_equal5,,,,
qwen,mmlu,delta_nll_f_minus_a,M0+C5,80.0,-5.014666859358671,0.08085025518171904,-0.19999999999999998,0.0,4.0,intercept|arm_offkd|arm_opd|arm_seqkd|arm_sft|log1p_checkpoint|c_equal5,,,,
qwen,mmlu,delta_nll_f_minus_a,M0+C5,160.0,0.839394028091418,0.03862415673508496,1.0,0.0,4.0,intercept|arm_offkd|arm_opd|arm_seqkd|arm_sft|log1p_checkpoint|c_equal5,,,,
qwen,mmlu,delta_nll_f_minus_a,M0+C5,320.0,0.5951114914294111,0.07996898642529543,1.0,0.0,4.0,intercept|arm_offkd|arm_opd|arm_seqkd|arm_sft|log1p_checkpoint|c_equal5,,,,
qwen,mmlu,delta_nll_f_minus_a,M0+C5,480.0,0.5232375838087924,0.1049981520591264,0.7999999999999999,0.0,4.0,intercept|arm_offkd|arm_opd|arm_seqkd|arm_sft|log1p_checkpoint|c_equal5,,,,
qwen,mmlu,delta_nll_f_minus_a,M0+C5,624.0,0.30230000933061507,0.14465735724784462,0.7999999999999999,0.0,4.0,intercept|arm_offkd|arm_opd|arm_seqkd|arm_sft|log1p_checkpoint|c_equal5,,,,
qwen,mmlu,delta_nll_f_minus_a,M0+PkAll5,5.0,-18.843019968934147,0.2747039660276079,0.7999999999999999,0.1,4.0,intercept|arm_offkd|arm_opd|arm_seqkd|arm_sft|log1p_checkpoint|p4_equal5|p8_equal5|p16_equal5|p32_equal5,,,,
qwen,mmlu,delta_nll_f_minus_a,M0+PkAll5,20.0,-0.750303010303176,0.13381010778935953,-0.7999999999999999,1.0,4.0,intercept|arm_offkd|arm_opd|arm_seqkd|arm_sft|log1p_checkpoint|p4_equal5|p8_equal5|p16_equal5|p32_equal5,,,,
qwen,mmlu,delta_nll_f_minus_a,M0+PkAll5,40.0,-3.637983072218618,0.10528977535137533,-0.39999999999999997,0.0,4.0,intercept|arm_offkd|arm_opd|arm_seqkd|arm_sft|log1p_checkpoint|p4_equal5|p8_equal5|p16_equal5|p32_equal5,,,,
qwen,mmlu,delta_nll_f_minus_a,M0+PkAll5,80.0,-6.696866457298965,0.10274284569574128,-0.39999999999999997,0.0,4.0,intercept|arm_offkd|arm_opd|arm_seqkd|arm_sft|log1p_checkpoint|p4_equal5|p8_equal5|p16_equal5|p32_equal5,,,,
qwen,mmlu,delta_nll_f_minus_a,M0+PkAll5,160.0,0.7516000345902486,0.031274407246975895,1.0,0.1,4.0,intercept|arm_offkd|arm_opd|arm_seqkd|arm_sft|log1p_checkpoint|p4_equal5|p8_equal5|p16_equal5|p32_equal5,,,,
qwen,mmlu,delta_nll_f_minus_a,M0+PkAll5,320.0,0.8728690459169013,0.04513899417143592,0.7999999999999999,0.1,4.0,intercept|arm_offkd|arm_opd|arm_seqkd|arm_sft|log1p_checkpoint|p4_equal5|p8_equal5|p16_equal5|p32_equal5,,,,
qwen,mmlu,delta_nll_f_minus_a,M0+PkAll5,480.0,0.7638486142886912,0.06552779980708329,1.0,0.0,4.0,intercept|arm_offkd|arm_opd|arm_seqkd|arm_sft|log1p_checkpoint|p4_equal5|p8_equal5|p16_equal5|p32_equal5,,,,
qwen,mmlu,delta_nll_f_minus_a,M0+PkAll5,624.0,0.9050884629816799,0.040127139154769224,1.0,0.1,4.0,intercept|arm_offkd|arm_opd|arm_seqkd|arm_sft|log1p_checkpoint|p4_equal5|p8_equal5|p16_equal5|p32_equal5,,,,
qwen,mmlu,delta_nll_f_minus_a,M0+PkAll5+C5,5.0,-30.359564974366936,0.3382355405535933,0.19999999999999998,0.01,4.0,intercept|arm_offkd|arm_opd|arm_seqkd|arm_sft|log1p_checkpoint|p4_equal5|p8_equal5|p16_equal5|p32_equal5|c_equal5,,,,
qwen,mmlu,delta_nll_f_minus_a,M0+PkAll5+C5,20.0,-0.13330181231411853,0.10209468874905892,0.39999999999999997,1.0,4.0,intercept|arm_offkd|arm_opd|arm_seqkd|arm_sft|log1p_checkpoint|p4_equal5|p8_equal5|p16_equal5|p32_equal5|c_equal5,,,,
qwen,mmlu,delta_nll_f_minus_a,M0+PkAll5+C5,40.0,-3.131819389456613,0.07782997477340042,0.6000000000000001,0.1,4.0,intercept|arm_offkd|arm_opd|arm_seqkd|arm_sft|log1p_checkpoint|p4_equal5|p8_equal5|p16_equal5|p32_equal5|c_equal5,,,,
qwen,mmlu,delta_nll_f_minus_a,M0+PkAll5+C5,80.0,-8.094959080104164,0.10736128488721361,-0.39999999999999997,0.1,4.0,intercept|arm_offkd|arm_opd|arm_seqkd|arm_sft|log1p_checkpoint|p4_equal5|p8_equal5|p16_equal5|p32_equal5|c_equal5,,,,
qwen,mmlu,delta_nll_f_minus_a,M0+PkAll5+C5,160.0,0.7648671532418543,0.03954136910595892,0.7999999999999999,1.0,4.0,intercept|arm_offkd|arm_opd|arm_seqkd|arm_sft|log1p_checkpoint|p4_equal5|p8_equal5|p16_equal5|p32_equal5|c_equal5,,,,
qwen,mmlu,delta_nll_f_minus_a,M0+PkAll5+C5,320.0,0.8509629513791748,0.054226472476921,1.0,1.0,4.0,intercept|arm_offkd|arm_opd|arm_seqkd|arm_sft|log1p_checkpoint|p4_equal5|p8_equal5|p16_equal5|p32_equal5|c_equal5,,,,
qwen,mmlu,delta_nll_f_minus_a,M0+PkAll5+C5,480.0,0.754142510851508,0.06437639906689752,1.0,1.0,4.0,intercept|arm_offkd|arm_opd|arm_seqkd|arm_sft|log1p_checkpoint|p4_equal5|p8_equal5|p16_equal5|p32_equal5|c_equal5,,,,
qwen,mmlu,delta_nll_f_minus_a,M0+PkAll5+C5,624.0,0.8002919923638302,0.07097904138605544,1.0,1.0,4.0,intercept|arm_offkd|arm_opd|arm_seqkd|arm_sft|log1p_checkpoint|p4_equal5|p8_equal5|p16_equal5|p32_equal5|c_equal5,,,,
qwen,mmlu,delta_nll_f_minus_p,C-only,5.0,-2.3596983445501523,0.08879355479744695,0.6000000000000001,0.0,4.0,intercept|c_equal5,,,,
qwen,mmlu,delta_nll_f_minus_p,C-only,10.0,-0.07675270373349186,0.06309678618487717,0.7999999999999999,0.0,4.0,intercept|c_equal5,,,,
qwen,mmlu,delta_nll_f_minus_p,C-only,20.0,-1.1235062793189354,0.1492850490516082,0.7999999999999999,0.0,4.0,intercept|c_equal5,,,,
qwen,mmlu,delta_nll_f_minus_p,C-only,40.0,-2.3396040881437963,0.1299653191874009,0.39999999999999997,0.0,4.0,intercept|c_equal5,,,,
qwen,mmlu,delta_nll_f_minus_p,C-only,80.0,-1.8243994225026632,0.056336850093557586,0.7999999999999999,0.0,4.0,intercept|c_equal5,,,,
qwen,mmlu,delta_nll_f_minus_p,C-only,160.0,-3.576971173401434,0.07280004042862509,-0.19999999999999998,0.0,4.0,intercept|c_equal5,,,,
qwen,mmlu,delta_nll_f_minus_p,C-only,320.0,-1.8594568340521471,0.12894370055230583,0.39999999999999997,0.0,4.0,intercept|c_equal5,,,,
qwen,mmlu,delta_nll_f_minus_p,C-only,480.0,-1.622436499768575,0.16762794756890328,-0.19999999999999998,0.0,4.0,intercept|c_equal5,,,,
qwen,mmlu,delta_nll_f_minus_p,C-only,624.0,-1.4552460412301915,0.18753010520667246,-0.19999999999999998,0.0,4.0,intercept|c_equal5,,,,
qwen,mmlu,delta_nll_f_minus_p,C-only-matched,5.0,-2.923421479324991,0.09787835946823528,0.6000000000000001,0.0,4.0,intercept|c_equal5,,,,
qwen,mmlu,delta_nll_f_minus_p,C-only-matched,20.0,-1.2060694371656786,0.15124511131006974,0.7999999999999999,0.0,4.0,intercept|c_equal5,,,,
qwen,mmlu,delta_nll_f_minus_p,C-only-matched,40.0,-2.4758196258060106,0.13292982518624852,0.39999999999999997,0.01,4.0,intercept|c_equal5,,,,
qwen,mmlu,delta_nll_f_minus_p,C-only-matched,80.0,-1.7960329982363419,0.055797899828532505,0.7999999999999999,0.0,4.0,intercept|c_equal5,,,,
qwen,mmlu,delta_nll_f_minus_p,C-only-matched,160.0,-3.6503369842559295,0.07323238288145387,-0.19999999999999998,0.0,4.0,intercept|c_equal5,,,,
qwen,mmlu,delta_nll_f_minus_p,C-only-matched,320.0,-1.9142615307914097,0.12953256615513886,0.39999999999999997,0.0,4.0,intercept|c_equal5,,,,
qwen,mmlu,delta_nll_f_minus_p,C-only-matched,480.0,-1.6396590124582637,0.1678084958918665,-0.19999999999999998,0.0,4.0,intercept|c_equal5,,,,
qwen,mmlu,delta_nll_f_minus_p,C-only-matched,624.0,-1.4711016128256147,0.18775289943564222,-0.19999999999999998,0.0,4.0,intercept|c_equal5,,,,
qwen,mmlu,delta_nll_f_minus_p,Pk4-only,5.0,-7.158471894288056,0.14921937568595486,-0.7999999999999999,1.0,4.0,intercept|p4_equal5,,,,
qwen,mmlu,delta_nll_f_minus_p,Pk4-only,20.0,-6.323958335758175,0.2666326947553912,-0.7999999999999999,10.0,4.0,intercept|p4_equal5,,,,
qwen,mmlu,delta_nll_f_minus_p,Pk4-only,40.0,-9.83860443425343,0.22850312920375548,-0.7999999999999999,10.0,4.0,intercept|p4_equal5,,,,
qwen,mmlu,delta_nll_f_minus_p,Pk4-only,80.0,-14.535844985619786,0.14070342249501727,-1.0,10.0,4.0,intercept|p4_equal5,,,,
qwen,mmlu,delta_nll_f_minus_p,Pk4-only,160.0,-6.592439538823791,0.10911650657582143,-0.6000000000000001,0.1,4.0,intercept|p4_equal5,,,,
qwen,mmlu,delta_nll_f_minus_p,Pk4-only,320.0,-4.333745024369027,0.1820714276514589,-0.6000000000000001,100.0,4.0,intercept|p4_equal5,,,,
qwen,mmlu,delta_nll_f_minus_p,Pk4-only,480.0,-5.817486844489576,0.25812928113272493,-0.7999999999999999,100.0,4.0,intercept|p4_equal5,,,,
qwen,mmlu,delta_nll_f_minus_p,Pk4-only,624.0,-5.167789868287533,0.27743140709938285,-0.7999999999999999,100.0,4.0,intercept|p4_equal5,,,,
qwen,mmlu,delta_nll_f_minus_p,Pk8-only,5.0,-15.352829023360659,0.16169663795468492,-0.7999999999999999,0.0,4.0,intercept|p8_equal5,,,,
qwen,mmlu,delta_nll_f_minus_p,Pk8-only,20.0,-3.120277779530255,0.21363512295669668,-0.39999999999999997,0.0,4.0,intercept|p8_equal5,,,,
qwen,mmlu,delta_nll_f_minus_p,Pk8-only,40.0,-2.2178663724388055,0.11268482777886996,0.39999999999999997,0.1,4.0,intercept|p8_equal5,,,,
qwen,mmlu,delta_nll_f_minus_p,Pk8-only,80.0,-4.248154020388527,0.06728207187924236,-0.39999999999999997,1.0,4.0,intercept|p8_equal5,,,,
qwen,mmlu,delta_nll_f_minus_p,Pk8-only,160.0,-3.510054670223199,0.09074666885073919,-0.6000000000000001,0.0,4.0,intercept|p8_equal5,,,,
qwen,mmlu,delta_nll_f_minus_p,Pk8-only,320.0,-1.0543416298687949,0.10564211256573533,0.39999999999999997,0.0,4.0,intercept|p8_equal5,,,,
qwen,mmlu,delta_nll_f_minus_p,Pk8-only,480.0,0.182075113928449,0.09333330630065256,0.7999999999999999,0.0,4.0,intercept|p8_equal5,,,,
qwen,mmlu,delta_nll_f_minus_p,Pk8-only,624.0,0.1480670258425839,0.1004504457794444,0.6000000000000001,0.0,4.0,intercept|p8_equal5,,,,
qwen,mmlu,delta_nll_f_minus_p,Pk16-only,5.0,-20.369104382278305,0.22709276723900668,-0.7999999999999999,0.0,4.0,intercept|p16_equal5,,,,
qwen,mmlu,delta_nll_f_minus_p,Pk16-only,20.0,-2.638980104484969,0.19111652884935845,-0.39999999999999997,10.0,4.0,intercept|p16_equal5,,,,
qwen,mmlu,delta_nll_f_minus_p,Pk16-only,40.0,-5.183493853402019,0.16834113348383412,0.39999999999999997,10.0,4.0,intercept|p16_equal5,,,,
qwen,mmlu,delta_nll_f_minus_p,Pk16-only,80.0,-13.81514771072696,0.12807023215522856,-1.0,0.0,4.0,intercept|p16_equal5,,,,
qwen,mmlu,delta_nll_f_minus_p,Pk16-only,160.0,-2.2883907591888466,0.07413422833487616,0.19999999999999998,0.0,4.0,intercept|p16_equal5,,,,
qwen,mmlu,delta_nll_f_minus_p,Pk16-only,320.0,-1.9858159460245886,0.13143863485552026,-0.7999999999999999,10.0,4.0,intercept|p16_equal5,,,,
qwen,mmlu,delta_nll_f_minus_p,Pk16-only,480.0,-1.4685862666691625,0.14610015986810518,0.6000000000000001,10.0,4.0,intercept|p16_equal5,,,,
qwen,mmlu,delta_nll_f_minus_p,Pk16-only,624.0,-0.872153336037226,0.15160029000969613,0.0,10.0,4.0,intercept|p16_equal5,,,,
qwen,mmlu,delta_nll_f_minus_p,Pk32-only,5.0,-15.761302422795719,0.20024797229672153,-0.39999999999999997,0.0,4.0,intercept|p32_equal5,,,,
qwen,mmlu,delta_nll_f_minus_p,Pk32-only,20.0,-2.367139237978611,0.1783226735926136,-0.7999999999999999,10.0,4.0,intercept|p32_equal5,,,,
qwen,mmlu,delta_nll_f_minus_p,Pk32-only,40.0,-5.552220632078297,0.16548313703974793,-0.6000000000000001,10.0,4.0,intercept|p32_equal5,,,,
qwen,mmlu,delta_nll_f_minus_p,Pk32-only,80.0,-10.329815508384696,0.11410923566132358,-0.39999999999999997,0.0,4.0,intercept|p32_equal5,,,,
qwen,mmlu,delta_nll_f_minus_p,Pk32-only,160.0,-0.33581277816015365,0.04836641270719058,0.0,0.0,4.0,intercept|p32_equal5,,,,
qwen,mmlu,delta_nll_f_minus_p,Pk32-only,320.0,-1.8652042588180562,0.14269944019053254,-0.19999999999999998,10.0,4.0,intercept|p32_equal5,,,,
qwen,mmlu,delta_nll_f_minus_p,Pk32-only,480.0,-2.041204792877736,0.17360758595432846,-0.19999999999999998,10.0,4.0,intercept|p32_equal5,,,,
qwen,mmlu,delta_nll_f_minus_p,Pk32-only,624.0,-1.5214352589532867,0.18497899522503133,-0.39999999999999997,10.0,4.0,intercept|p32_equal5,,,,
qwen,mmlu,delta_nll_f_minus_p,PkAll-only,5.0,-14.852056576221033,0.19214667987128636,0.0,0.1,4.0,intercept|p4_equal5|p8_equal5|p16_equal5|p32_equal5,,,,
qwen,mmlu,delta_nll_f_minus_p,PkAll-only,20.0,-2.4654418000735125,0.20019980956987854,-0.39999999999999997,0.1,4.0,intercept|p4_equal5|p8_equal5|p16_equal5|p32_equal5,,,,
qwen,mmlu,delta_nll_f_minus_p,PkAll-only,40.0,-1.426047570807485,0.11230278942815367,0.7999999999999999,0.1,4.0,intercept|p4_equal5|p8_equal5|p16_equal5|p32_equal5,,,,
qwen,mmlu,delta_nll_f_minus_p,PkAll-only,80.0,-2.016081166079237,0.053912194306335065,0.6000000000000001,0.1,4.0,intercept|p4_equal5|p8_equal5|p16_equal5|p32_equal5,,,,
qwen,mmlu,delta_nll_f_minus_p,PkAll-only,160.0,-0.47058210295751457,0.05086311868029962,0.6000000000000001,0.1,4.0,intercept|p4_equal5|p8_equal5|p16_equal5|p32_equal5,,,,
qwen,mmlu,delta_nll_f_minus_p,PkAll-only,320.0,0.221741629884887,0.05958449619534345,0.7999999999999999,0.1,4.0,intercept|p4_equal5|p8_equal5|p16_equal5|p32_equal5,,,,
qwen,mmlu,delta_nll_f_minus_p,PkAll-only,480.0,0.3293034264388237,0.06700844864109365,0.7999999999999999,0.1,4.0,intercept|p4_equal5|p8_equal5|p16_equal5|p32_equal5,,,,
qwen,mmlu,delta_nll_f_minus_p,PkAll-only,624.0,0.5613285150348919,0.06658460838443708,0.7999999999999999,0.01,4.0,intercept|p4_equal5|p8_equal5|p16_equal5|p32_equal5,,,,
qwen,mmlu,delta_nll_f_minus_p,M0,5.0,-61.1517801229924,0.42531842377855505,-0.39999999999999997,0.0,4.0,intercept|arm_offkd|arm_opd|arm_seqkd|arm_sft|log1p_checkpoint,,,,
qwen,mmlu,delta_nll_f_minus_p,M0,20.0,-5.1658376636031536,0.24536376463362763,-0.6000000000000001,100.0,4.0,intercept|arm_offkd|arm_opd|arm_seqkd|arm_sft|log1p_checkpoint,,,,
qwen,mmlu,delta_nll_f_minus_p,M0,40.0,-7.4388825808788965,0.1884977103397179,-0.39999999999999997,10.0,4.0,intercept|arm_offkd|arm_opd|arm_seqkd|arm_sft|log1p_checkpoint,,,,
qwen,mmlu,delta_nll_f_minus_p,M0,80.0,-12.155443399934882,0.12856234391658256,-0.7999999999999999,10.0,4.0,intercept|arm_offkd|arm_opd|arm_seqkd|arm_sft|log1p_checkpoint,,,,
qwen,mmlu,delta_nll_f_minus_p,M0,160.0,0.2869488697863879,0.03195207152135196,0.7999999999999999,10.0,4.0,intercept|arm_offkd|arm_opd|arm_seqkd|arm_sft|log1p_checkpoint,,,,
qwen,mmlu,delta_nll_f_minus_p,M0,320.0,-0.5644218765155529,0.09909489936450862,0.7999999999999999,10.0,4.0,intercept|arm_offkd|arm_opd|arm_seqkd|arm_sft|log1p_checkpoint,,,,
qwen,mmlu,delta_nll_f_minus_p,M0,480.0,-1.6092325041371853,0.14359340817402255,0.39999999999999997,10.0,4.0,intercept|arm_offkd|arm_opd|arm_seqkd|arm_sft|log1p_checkpoint,,,,
qwen,mmlu,delta_nll_f_minus_p,M0,624.0,-3.9876634911208937,0.24673901687946503,0.39999999999999997,100.0,4.0,intercept|arm_offkd|arm_opd|arm_seqkd|arm_sft|log1p_checkpoint,,,,
qwen,mmlu,delta_nll_f_minus_p,M0+C5,5.0,-20.427923043512134,0.24004667038856561,0.19999999999999998,0.1,4.0,intercept|arm_offkd|arm_opd|arm_seqkd|arm_sft|log1p_checkpoint|c_equal5,,,,
qwen,mmlu,delta_nll_f_minus_p,M0+C5,20.0,0.38554489620102383,0.07325954089884339,0.7999999999999999,0.0,4.0,intercept|arm_offkd|arm_opd|arm_seqkd|arm_sft|log1p_checkpoint|c_equal5,,,,
qwen,mmlu,delta_nll_f_minus_p,M0+C5,40.0,-0.7576740440753926,0.08304121017122287,0.7999999999999999,0.0,4.0,intercept|arm_offkd|arm_opd|arm_seqkd|arm_sft|log1p_checkpoint|c_equal5,,,,
qwen,mmlu,delta_nll_f_minus_p,M0+C5,80.0,-5.027391334517661,0.0801954444141285,-1.0,0.0,4.0,intercept|arm_offkd|arm_opd|arm_seqkd|arm_sft|log1p_checkpoint|c_equal5,,,,
qwen,mmlu,delta_nll_f_minus_p,M0+C5,160.0,0.6379584835161725,0.024056980043364495,1.0,0.0,4.0,intercept|arm_offkd|arm_opd|arm_seqkd|arm_sft|log1p_checkpoint|c_equal5,,,,
qwen,mmlu,delta_nll_f_minus_p,M0+C5,320.0,0.22974851589121859,0.06180944740704181,0.7999999999999999,0.0,4.0,intercept|arm_offkd|arm_opd|arm_seqkd|arm_sft|log1p_checkpoint|c_equal5,,,,
qwen,mmlu,delta_nll_f_minus_p,M0+C5,480.0,0.29864959212304687,0.0808943884876727,0.7999999999999999,0.0,4.0,intercept|arm_offkd|arm_opd|arm_seqkd|arm_sft|log1p_checkpoint|c_equal5,,,,
qwen,mmlu,delta_nll_f_minus_p,M0+C5,624.0,0.01172094035430793,0.11341399876488123,0.7999999999999999,0.0,4.0,intercept|arm_offkd|arm_opd|arm_seqkd|arm_sft|log1p_checkpoint|c_equal5,,,,
qwen,mmlu,delta_nll_f_minus_p,M0+PkAll5,5.0,-28.16799658163341,0.2867128318200816,0.7999999999999999,1.0,4.0,intercept|arm_offkd|arm_opd|arm_seqkd|arm_sft|log1p_checkpoint|p4_equal5|p8_equal5|p16_equal5|p32_equal5,,,,
qwen,mmlu,delta_nll_f_minus_p,M0+PkAll5,20.0,-0.9675005356988804,0.1492159807966086,-0.39999999999999997,1.0,4.0,intercept|arm_offkd|arm_opd|arm_seqkd|arm_sft|log1p_checkpoint|p4_equal5|p8_equal5|p16_equal5|p32_equal5,,,,
qwen,mmlu,delta_nll_f_minus_p,M0+PkAll5,40.0,-1.176762799240437,0.10500411102700193,0.0,0.0,4.0,intercept|arm_offkd|arm_opd|arm_seqkd|arm_sft|log1p_checkpoint|p4_equal5|p8_equal5|p16_equal5|p32_equal5,,,,
qwen,mmlu,delta_nll_f_minus_p,M0+PkAll5,80.0,-6.30476884428715,0.09957317972171482,-0.19999999999999998,0.0,4.0,intercept|arm_offkd|arm_opd|arm_seqkd|arm_sft|log1p_checkpoint|p4_equal5|p8_equal5|p16_equal5|p32_equal5,,,,
qwen,mmlu,delta_nll_f_minus_p,M0+PkAll5,160.0,0.28626051666907637,0.03237294501528538,0.7999999999999999,0.1,4.0,intercept|arm_offkd|arm_opd|arm_seqkd|arm_sft|log1p_checkpoint|p4_equal5|p8_equal5|p16_equal5|p32_equal5,,,,
qwen,mmlu,delta_nll_f_minus_p,M0+PkAll5,320.0,0.771125380534121,0.03029804136285931,0.7999999999999999,0.1,4.0,intercept|arm_offkd|arm_opd|arm_seqkd|arm_sft|log1p_checkpoint|p4_equal5|p8_equal5|p16_equal5|p32_equal5,,,,
qwen,mmlu,delta_nll_f_minus_p,M0+PkAll5,480.0,0.5565208710582668,0.055247818879457136,0.7999999999999999,0.0,4.0,intercept|arm_offkd|arm_opd|arm_seqkd|arm_sft|log1p_checkpoint|p4_equal5|p8_equal5|p16_equal5|p32_equal5,,,,
qwen,mmlu,delta_nll_f_minus_p,M0+PkAll5,624.0,0.8115638359708478,0.04052049324349041,1.0,0.1,4.0,intercept|arm_offkd|arm_opd|arm_seqkd|arm_sft|log1p_checkpoint|p4_equal5|p8_equal5|p16_equal5|p32_equal5,,,,
qwen,mmlu,delta_nll_f_minus_p,M0+PkAll5+C5,5.0,-30.468251336574774,0.29958294395838825,0.19999999999999998,0.1,4.0,intercept|arm_offkd|arm_opd|arm_seqkd|arm_sft|log1p_checkpoint|p4_equal5|p8_equal5|p16_equal5|p32_equal5|c_equal5,,,,
qwen,mmlu,delta_nll_f_minus_p,M0+PkAll5+C5,20.0,-0.1685924718404237,0.1103844512720425,0.6000000000000001,1.0,4.0,intercept|arm_offkd|arm_opd|arm_seqkd|arm_sft|log1p_checkpoint|p4_equal5|p8_equal5|p16_equal5|p32_equal5|c_equal5,,,,
qwen,mmlu,delta_nll_f_minus_p,M0+PkAll5+C5,40.0,-1.025915673135291,0.08720901292798502,0.7999999999999999,1.0,4.0,intercept|arm_offkd|arm_opd|arm_seqkd|arm_sft|log1p_checkpoint|p4_equal5|p8_equal5|p16_equal5|p32_equal5|c_equal5,,,,
qwen,mmlu,delta_nll_f_minus_p,M0+PkAll5+C5,80.0,-5.050029419617136,0.07827141233120447,-0.7999999999999999,1.0,4.0,intercept|arm_offkd|arm_opd|arm_seqkd|arm_sft|log1p_checkpoint|p4_equal5|p8_equal5|p16_equal5|p32_equal5|c_equal5,,,,
qwen,mmlu,delta_nll_f_minus_p,M0+PkAll5+C5,160.0,0.739241354150406,0.020270343599112423,1.0,1.0,4.0,intercept|arm_offkd|arm_opd|arm_seqkd|arm_sft|log1p_checkpoint|p4_equal5|p8_equal5|p16_equal5|p32_equal5|c_equal5,,,,
qwen,mmlu,delta_nll_f_minus_p,M0+PkAll5+C5,320.0,0.7399858352514577,0.034370341434593894,1.0,1.0,4.0,intercept|arm_offkd|arm_opd|arm_seqkd|arm_sft|log1p_checkpoint|p4_equal5|p8_equal5|p16_equal5|p32_equal5|c_equal5,,,,
qwen,mmlu,delta_nll_f_minus_p,M0+PkAll5+C5,480.0,0.6012047136783417,0.052918742003760885,0.7999999999999999,1.0,4.0,intercept|arm_offkd|arm_opd|arm_seqkd|arm_sft|log1p_checkpoint|p4_equal5|p8_equal5|p16_equal5|p32_equal5|c_equal5,,,,
qwen,mmlu,delta_nll_f_minus_p,M0+PkAll5+C5,624.0,0.6223462261803533,0.06133953513283774,0.7999999999999999,1.0,4.0,intercept|arm_offkd|arm_opd|arm_seqkd|arm_sft|log1p_checkpoint|p4_equal5|p8_equal5|p16_equal5|p32_equal5|c_equal5,,,,
qwen,mmlu,kl_f_minus_a,C-only,5.0,-182.1773714676109,0.03699970610971073,-0.39999999999999997,1.0,4.0,intercept|c_equal5,,,,
qwen,mmlu,kl_f_minus_a,C-only,10.0,-2.0802100871260216,0.023633651410281224,0.39999999999999997,1.0,4.0,intercept|c_equal5,,,,
qwen,mmlu,kl_f_minus_a,C-only,20.0,0.1829495341494639,0.03649022105341228,0.39999999999999997,0.0,4.0,intercept|c_equal5,,,,
qwen,mmlu,kl_f_minus_a,C-only,40.0,0.4092289409603347,0.028150593602407813,1.0,0.0,4.0,intercept|c_equal5,,,,
qwen,mmlu,kl_f_minus_a,C-only,80.0,0.002939598074805261,0.020370632685781726,1.0,0.0,4.0,intercept|c_equal5,,,,
qwen,mmlu,kl_f_minus_a,C-only,160.0,0.1535267970465397,0.012948882656083878,0.7999999999999999,1.0,4.0,intercept|c_equal5,,,,
qwen,mmlu,kl_f_minus_a,C-only,320.0,-0.8931719053754996,0.015369918834051706,0.39999999999999997,1.0,4.0,intercept|c_equal5,,,,
qwen,mmlu,kl_f_minus_a,C-only,480.0,0.5690008118937124,0.016525080404321033,0.39999999999999997,10.0,4.0,intercept|c_equal5,,,,
qwen,mmlu,kl_f_minus_a,C-only,624.0,-0.006418490179295633,0.016717201818779316,0.39999999999999997,1.0,4.0,intercept|c_equal5,,,,
qwen,mmlu,kl_f_minus_a,C-only-matched,5.0,-258.5972740365342,0.04424840387615277,-0.39999999999999997,0.0,4.0,intercept|c_equal5,,,,
qwen,mmlu,kl_f_minus_a,C-only-matched,20.0,0.22440725629974656,0.03352660563545359,0.39999999999999997,1.0,4.0,intercept|c_equal5,,,,
qwen,mmlu,kl_f_minus_a,C-only-matched,40.0,0.43395114840925386,0.026305262427662922,1.0,1.0,4.0,intercept|c_equal5,,,,
qwen,mmlu,kl_f_minus_a,C-only-matched,80.0,0.23285687892780715,0.01627779116149092,1.0,1.0,4.0,intercept|c_equal5,,,,
qwen,mmlu,kl_f_minus_a,C-only-matched,160.0,0.3932978587002688,0.010955537054907503,0.7999999999999999,1.0,4.0,intercept|c_equal5,,,,
qwen,mmlu,kl_f_minus_a,C-only-matched,320.0,-0.8041648835025728,0.01435546473294549,0.39999999999999997,1.0,4.0,intercept|c_equal5,,,,
qwen,mmlu,kl_f_minus_a,C-only-matched,480.0,0.6095801802016294,0.015000077899775586,0.39999999999999997,1.0,4.0,intercept|c_equal5,,,,
qwen,mmlu,kl_f_minus_a,C-only-matched,624.0,0.0824189718750663,0.01647925997044529,0.39999999999999997,1.0,4.0,intercept|c_equal5,,,,
qwen,mmlu,kl_f_minus_a,Pk4-only,5.0,-731.1270776384871,0.07478407805378673,0.7999999999999999,100.0,4.0,intercept|p4_equal5,,,,
qwen,mmlu,kl_f_minus_a,Pk4-only,20.0,-0.0805802925840644,0.05889939144047386,0.39999999999999997,100.0,4.0,intercept|p4_equal5,,,,
qwen,mmlu,kl_f_minus_a,Pk4-only,40.0,-0.024443564909859994,0.05048445747983608,-0.19999999999999998,100.0,4.0,intercept|p4_equal5,,,,
qwen,mmlu,kl_f_minus_a,Pk4-only,80.0,-0.0781151921372445,0.02179272619373932,-0.7999999999999999,100.0,4.0,intercept|p4_equal5,,,,
qwen,mmlu,kl_f_minus_a,Pk4-only,160.0,-5.7124077561046285,0.037900129023314494,-0.39999999999999997,1.0,4.0,intercept|p4_equal5,,,,
qwen,mmlu,kl_f_minus_a,Pk4-only,320.0,-1.2757121272391787,0.020670592223881012,-1.0,100.0,4.0,intercept|p4_equal5,,,,
qwen,mmlu,kl_f_minus_a,Pk4-only,480.0,-1.4697707424225177,0.03797215349546652,-1.0,100.0,4.0,intercept|p4_equal5,,,,
qwen,mmlu,kl_f_minus_a,Pk4-only,624.0,-1.361819916973959,0.03303486282100167,-0.39999999999999997,100.0,4.0,intercept|p4_equal5,,,,
qwen,mmlu,kl_f_minus_a,Pk8-only,5.0,-303.887154847901,0.04748248134526222,0.7999999999999999,1.0,4.0,intercept|p8_equal5,,,,
qwen,mmlu,kl_f_minus_a,Pk8-only,20.0,0.2392777015000248,0.042017539990303346,0.7999999999999999,1.0,4.0,intercept|p8_equal5,,,,
qwen,mmlu,kl_f_minus_a,Pk8-only,40.0,-0.03327115721593543,0.03472682903178276,1.0,1.0,4.0,intercept|p8_equal5,,,,
qwen,mmlu,kl_f_minus_a,Pk8-only,80.0,-0.21503245570897422,0.017753583943437495,-0.19999999999999998,1.0,4.0,intercept|p8_equal5,,,,
qwen,mmlu,kl_f_minus_a,Pk8-only,160.0,-3.501497690779712,0.03078578896417966,-0.39999999999999997,1.0,4.0,intercept|p8_equal5,,,,
qwen,mmlu,kl_f_minus_a,Pk8-only,320.0,-0.03671026675140188,0.014255484353588276,0.39999999999999997,1.0,4.0,intercept|p8_equal5,,,,
qwen,mmlu,kl_f_minus_a,Pk8-only,480.0,0.3775766953821783,0.01939899229036412,1.0,10.0,4.0,intercept|p8_equal5,,,,
qwen,mmlu,kl_f_minus_a,Pk8-only,624.0,-0.12339164703991012,0.02418246318828155,0.7999999999999999,1.0,4.0,intercept|p8_equal5,,,,
qwen,mmlu,kl_f_minus_a,Pk16-only,5.0,-290.5779030945839,0.04714960714968025,0.19999999999999998,0.0,4.0,intercept|p16_equal5,,,,
qwen,mmlu,kl_f_minus_a,Pk16-only,20.0,0.18160503209489687,0.039478604322987686,0.7999999999999999,0.0,4.0,intercept|p16_equal5,,,,
qwen,mmlu,kl_f_minus_a,Pk16-only,40.0,-0.08405046563771723,0.039705077060351354,0.6000000000000001,0.0,4.0,intercept|p16_equal5,,,,
qwen,mmlu,kl_f_minus_a,Pk16-only,80.0,-1.1340304935760508,0.028167551016346326,-0.7999999999999999,0.0,4.0,intercept|p16_equal5,,,,
qwen,mmlu,kl_f_minus_a,Pk16-only,160.0,-3.0616892806945284,0.029702848571824453,-0.7999999999999999,0.0,4.0,intercept|p16_equal5,,,,
qwen,mmlu,kl_f_minus_a,Pk16-only,320.0,-0.40402885149283807,0.016100850967714398,-0.7999999999999999,0.0,4.0,intercept|p16_equal5,,,,
qwen,mmlu,kl_f_minus_a,Pk16-only,480.0,0.04269184887024058,0.024219169357382796,0.7999999999999999,0.0,4.0,intercept|p16_equal5,,,,
qwen,mmlu,kl_f_minus_a,Pk16-only,624.0,-0.05937534126267696,0.020103255674195318,0.39999999999999997,0.0,4.0,intercept|p16_equal5,,,,
qwen,mmlu,kl_f_minus_a,Pk32-only,5.0,-310.1080777394936,0.048716067785581726,0.39999999999999997,0.0,4.0,intercept|p32_equal5,,,,
qwen,mmlu,kl_f_minus_a,Pk32-only,20.0,-0.0076915648215512,0.04126644895896924,0.39999999999999997,0.0,4.0,intercept|p32_equal5,,,,
qwen,mmlu,kl_f_minus_a,Pk32-only,40.0,-0.15798527699887166,0.04107597632064376,0.39999999999999997,0.0,4.0,intercept|p32_equal5,,,,
qwen,mmlu,kl_f_minus_a,Pk32-only,80.0,-0.8306177488542601,0.025740092662787366,-0.19999999999999998,0.0,4.0,intercept|p32_equal5,,,,
qwen,mmlu,kl_f_minus_a,Pk32-only,160.0,-1.078103948026555,0.02077218442798782,-0.7999999999999999,0.0,4.0,intercept|p32_equal5,,,,
qwen,mmlu,kl_f_minus_a,Pk32-only,320.0,0.0339989685102422,0.014529627551548505,0.19999999999999998,0.0,4.0,intercept|p32_equal5,,,,
qwen,mmlu,kl_f_minus_a,Pk32-only,480.0,0.13871071401159007,0.02499110494805975,0.39999999999999997,0.0,4.0,intercept|p32_equal5,,,,
qwen,mmlu,kl_f_minus_a,Pk32-only,624.0,0.0175501587948107,0.022533565345590367,0.19999999999999998,0.0,4.0,intercept|p32_equal5,,,,
qwen,mmlu,kl_f_minus_a,PkAll-only,5.0,-477.8721851791276,0.058240923325508134,-0.39999999999999997,1.0,4.0,intercept|p4_equal5|p8_equal5|p16_equal5|p32_equal5,,,,
qwen,mmlu,kl_f_minus_a,PkAll-only,20.0,0.19402358125936248,0.03298576328919617,0.7999999999999999,1.0,4.0,intercept|p4_equal5|p8_equal5|p16_equal5|p32_equal5,,,,
qwen,mmlu,kl_f_minus_a,PkAll-only,40.0,0.07265004390048613,0.033059794283164363,0.39999999999999997,1.0,4.0,intercept|p4_equal5|p8_equal5|p16_equal5|p32_equal5,,,,
qwen,mmlu,kl_f_minus_a,PkAll-only,80.0,-0.18990785818800782,0.01632574376989228,0.39999999999999997,1.0,4.0,intercept|p4_equal5|p8_equal5|p16_equal5|p32_equal5,,,,
qwen,mmlu,kl_f_minus_a,PkAll-only,160.0,-0.505355172505964,0.016164472422023818,0.7999999999999999,1.0,4.0,intercept|p4_equal5|p8_equal5|p16_equal5|p32_equal5,,,,
qwen,mmlu,kl_f_minus_a,PkAll-only,320.0,0.4780507977680286,0.008233641841081055,0.7999999999999999,1.0,4.0,intercept|p4_equal5|p8_equal5|p16_equal5|p32_equal5,,,,
qwen,mmlu,kl_f_minus_a,PkAll-only,480.0,0.5377235894233694,0.016975634650168693,1.0,10.0,4.0,intercept|p4_equal5|p8_equal5|p16_equal5|p32_equal5,,,,
qwen,mmlu,kl_f_minus_a,PkAll-only,624.0,0.5806876447619405,0.012027206597631233,0.7999999999999999,10.0,4.0,intercept|p4_equal5|p8_equal5|p16_equal5|p32_equal5,,,,
qwen,mmlu,kl_f_minus_a,M0,5.0,-206.17329944118916,0.03337684835964188,0.39999999999999997,0.0,4.0,intercept|arm_offkd|arm_opd|arm_seqkd|arm_sft|log1p_checkpoint,,,,
qwen,mmlu,kl_f_minus_a,M0,20.0,0.28703510386211595,0.03313902548704108,1.0,0.0,4.0,intercept|arm_offkd|arm_opd|arm_seqkd|arm_sft|log1p_checkpoint,,,,
qwen,mmlu,kl_f_minus_a,M0,40.0,0.3399841391296321,0.0321548786233278,1.0,0.0,4.0,intercept|arm_offkd|arm_opd|arm_seqkd|arm_sft|log1p_checkpoint,,,,
qwen,mmlu,kl_f_minus_a,M0,80.0,0.6111906753382539,0.014526234433096408,1.0,0.0,4.0,intercept|arm_offkd|arm_opd|arm_seqkd|arm_sft|log1p_checkpoint,,,,
qwen,mmlu,kl_f_minus_a,M0,160.0,0.2534099305851757,0.012401826308679278,0.7999999999999999,0.0,4.0,intercept|arm_offkd|arm_opd|arm_seqkd|arm_sft|log1p_checkpoint,,,,
qwen,mmlu,kl_f_minus_a,M0,320.0,-1.490387296490062,0.014249079531160894,0.19999999999999998,0.0,4.0,intercept|arm_offkd|arm_opd|arm_seqkd|arm_sft|log1p_checkpoint,,,,
qwen,mmlu,kl_f_minus_a,M0,480.0,-0.11558319171545439,0.02723891044877319,0.19999999999999998,0.0,4.0,intercept|arm_offkd|arm_opd|arm_seqkd|arm_sft|log1p_checkpoint,,,,
qwen,mmlu,kl_f_minus_a,M0,624.0,-0.39787141361915945,0.025203161480340075,0.39999999999999997,0.0,4.0,intercept|arm_offkd|arm_opd|arm_seqkd|arm_sft|log1p_checkpoint,,,,
qwen,mmlu,kl_f_minus_a,M0+C5,5.0,-350.0304700520492,0.050191715472765526,0.7999999999999999,10.0,4.0,intercept|arm_offkd|arm_opd|arm_seqkd|arm_sft|log1p_checkpoint|c_equal5,,,,
qwen,mmlu,kl_f_minus_a,M0+C5,20.0,0.2667124718319267,0.03548917727332118,0.7999999999999999,10.0,4.0,intercept|arm_offkd|arm_opd|arm_seqkd|arm_sft|log1p_checkpoint|c_equal5,,,,
qwen,mmlu,kl_f_minus_a,M0+C5,40.0,0.38333554685321813,0.029172933643052398,0.7999999999999999,1.0,4.0,intercept|arm_offkd|arm_opd|arm_seqkd|arm_sft|log1p_checkpoint|c_equal5,,,,
qwen,mmlu,kl_f_minus_a,M0+C5,80.0,0.6116600840290446,0.012315101723644122,1.0,10.0,4.0,intercept|arm_offkd|arm_opd|arm_seqkd|arm_sft|log1p_checkpoint|c_equal5,,,,
qwen,mmlu,kl_f_minus_a,M0+C5,160.0,0.3046134465055267,0.010669838376727237,0.7999999999999999,10.0,4.0,intercept|arm_offkd|arm_opd|arm_seqkd|arm_sft|log1p_checkpoint|c_equal5,,,,
qwen,mmlu,kl_f_minus_a,M0+C5,320.0,-0.6963711946293429,0.013174235056330239,0.19999999999999998,10.0,4.0,intercept|arm_offkd|arm_opd|arm_seqkd|arm_sft|log1p_checkpoint|c_equal5,,,,
qwen,mmlu,kl_f_minus_a,M0+C5,480.0,0.1782417761719265,0.02302171935621778,0.39999999999999997,10.0,4.0,intercept|arm_offkd|arm_opd|arm_seqkd|arm_sft|log1p_checkpoint|c_equal5,,,,
qwen,mmlu,kl_f_minus_a,M0+C5,624.0,-0.01618975460705374,0.020924785827268005,0.39999999999999997,10.0,4.0,intercept|arm_offkd|arm_opd|arm_seqkd|arm_sft|log1p_checkpoint|c_equal5,,,,
qwen,mmlu,kl_f_minus_a,M0+PkAll5,5.0,-762.333925676787,0.06068326368385108,-0.19999999999999998,0.1,4.0,intercept|arm_offkd|arm_opd|arm_seqkd|arm_sft|log1p_checkpoint|p4_equal5|p8_equal5|p16_equal5|p32_equal5,,,,
qwen,mmlu,kl_f_minus_a,M0+PkAll5,20.0,0.756945953405829,0.022967630009827024,1.0,0.0,4.0,intercept|arm_offkd|arm_opd|arm_seqkd|arm_sft|log1p_checkpoint|p4_equal5|p8_equal5|p16_equal5|p32_equal5,,,,
qwen,mmlu,kl_f_minus_a,M0+PkAll5,40.0,0.5665971751840142,0.022972850918849905,0.7999999999999999,1.0,4.0,intercept|arm_offkd|arm_opd|arm_seqkd|arm_sft|log1p_checkpoint|p4_equal5|p8_equal5|p16_equal5|p32_equal5,,,,
qwen,mmlu,kl_f_minus_a,M0+PkAll5,80.0,0.6192019556434966,0.011868610731908279,0.7999999999999999,1.0,4.0,intercept|arm_offkd|arm_opd|arm_seqkd|arm_sft|log1p_checkpoint|p4_equal5|p8_equal5|p16_equal5|p32_equal5,,,,
qwen,mmlu,kl_f_minus_a,M0+PkAll5,160.0,-0.7223881424102732,0.018740817920483675,1.0,1.0,4.0,intercept|arm_offkd|arm_opd|arm_seqkd|arm_sft|log1p_checkpoint|p4_equal5|p8_equal5|p16_equal5|p32_equal5,,,,
qwen,mmlu,kl_f_minus_a,M0+PkAll5,320.0,0.21580250492182906,0.00941894983505687,0.39999999999999997,1.0,4.0,intercept|arm_offkd|arm_opd|arm_seqkd|arm_sft|log1p_checkpoint|p4_equal5|p8_equal5|p16_equal5|p32_equal5,,,,
qwen,mmlu,kl_f_minus_a,M0+PkAll5,480.0,0.7574555694461323,0.010975978527806225,1.0,0.0,4.0,intercept|arm_offkd|arm_opd|arm_seqkd|arm_sft|log1p_checkpoint|p4_equal5|p8_equal5|p16_equal5|p32_equal5,,,,
qwen,mmlu,kl_f_minus_a,M0+PkAll5,624.0,0.3988384140560466,0.016970878593289156,0.6000000000000001,0.0,4.0,intercept|arm_offkd|arm_opd|arm_seqkd|arm_sft|log1p_checkpoint|p4_equal5|p8_equal5|p16_equal5|p32_equal5,,,,
qwen,mmlu,kl_f_minus_a,M0+PkAll5+C5,5.0,-504.4548193721395,0.04979589867905882,0.39999999999999997,0.01,4.0,intercept|arm_offkd|arm_opd|arm_seqkd|arm_sft|log1p_checkpoint|p4_equal5|p8_equal5|p16_equal5|p32_equal5|c_equal5,,,,
qwen,mmlu,kl_f_minus_a,M0+PkAll5+C5,20.0,0.8142248050037284,0.018392295889421154,1.0,0.0,4.0,intercept|arm_offkd|arm_opd|arm_seqkd|arm_sft|log1p_checkpoint|p4_equal5|p8_equal5|p16_equal5|p32_equal5|c_equal5,,,,
qwen,mmlu,kl_f_minus_a,M0+PkAll5+C5,40.0,0.36135496629418007,0.027828497862061697,1.0,10.0,4.0,intercept|arm_offkd|arm_opd|arm_seqkd|arm_sft|log1p_checkpoint|p4_equal5|p8_equal5|p16_equal5|p32_equal5|c_equal5,,,,
qwen,mmlu,kl_f_minus_a,M0+PkAll5+C5,80.0,0.7591270501260377,0.010604342135240028,1.0,0.0,4.0,intercept|arm_offkd|arm_opd|arm_seqkd|arm_sft|log1p_checkpoint|p4_equal5|p8_equal5|p16_equal5|p32_equal5|c_equal5,,,,
qwen,mmlu,kl_f_minus_a,M0+PkAll5+C5,160.0,-1.5918861439237273,0.017838470931585606,1.0,0.01,4.0,intercept|arm_offkd|arm_opd|arm_seqkd|arm_sft|log1p_checkpoint|p4_equal5|p8_equal5|p16_equal5|p32_equal5|c_equal5,,,,
qwen,mmlu,kl_f_minus_a,M0+PkAll5+C5,320.0,0.3358650210987352,0.010441851097523217,0.7999999999999999,0.0,4.0,intercept|arm_offkd|arm_opd|arm_seqkd|arm_sft|log1p_checkpoint|p4_equal5|p8_equal5|p16_equal5|p32_equal5|c_equal5,,,,
qwen,mmlu,kl_f_minus_a,M0+PkAll5+C5,480.0,0.8048523997259842,0.010069811844550516,1.0,0.0,4.0,intercept|arm_offkd|arm_opd|arm_seqkd|arm_sft|log1p_checkpoint|p4_equal5|p8_equal5|p16_equal5|p32_equal5|c_equal5,,,,
qwen,mmlu,kl_f_minus_a,M0+PkAll5+C5,624.0,0.6153107451998596,0.014680570832475657,1.0,0.0,4.0,intercept|arm_offkd|arm_opd|arm_seqkd|arm_sft|log1p_checkpoint|p4_equal5|p8_equal5|p16_equal5|p32_equal5|c_equal5,,,,
llama,math,abs_delta_nll_b,,,,,,,,,M0+C5,M0,4.0,6.0
llama,math,abs_delta_nll_b,,,,,,,,,M0+PkAll5+C5,M0+PkAll5,5.0,6.0
llama,math,abs_delta_nll_b,,,,,,,,,C-only-matched,PkAll-only,4.0,6.0
llama,math,abs_delta_nll_c,,,,,,,,,M0+C5,M0,5.0,6.0
llama,math,abs_delta_nll_c,,,,,,,,,M0+PkAll5+C5,M0+PkAll5,5.0,6.0
llama,math,abs_delta_nll_c,,,,,,,,,C-only-matched,PkAll-only,2.0,6.0
llama,math,abs_delta_nll_t,,,,,,,,,M0+C5,M0,5.0,6.0
llama,math,abs_delta_nll_t,,,,,,,,,M0+PkAll5+C5,M0+PkAll5,6.0,6.0
llama,math,abs_delta_nll_t,,,,,,,,,C-only-matched,PkAll-only,5.0,6.0
llama,math,delta_nll_b,,,,,,,,,M0+C5,M0,2.0,6.0
llama,math,delta_nll_b,,,,,,,,,M0+PkAll5+C5,M0+PkAll5,3.0,6.0
llama,math,delta_nll_b,,,,,,,,,C-only-matched,PkAll-only,2.0,6.0
llama,math,delta_nll_b_minus_c,,,,,,,,,M0+C5,M0,1.0,6.0
llama,math,delta_nll_b_minus_c,,,,,,,,,M0+PkAll5+C5,M0+PkAll5,1.0,6.0
llama,math,delta_nll_b_minus_c,,,,,,,,,C-only-matched,PkAll-only,3.0,6.0
llama,math,delta_nll_b_minus_p,,,,,,,,,M0+C5,M0,3.0,6.0
llama,math,delta_nll_b_minus_p,,,,,,,,,M0+PkAll5+C5,M0+PkAll5,2.0,6.0
llama,math,delta_nll_b_minus_p,,,,,,,,,C-only-matched,PkAll-only,3.0,6.0
llama,math,delta_nll_c,,,,,,,,,M0+C5,M0,5.0,6.0
llama,math,delta_nll_c,,,,,,,,,M0+PkAll5+C5,M0+PkAll5,5.0,6.0
llama,math,delta_nll_c,,,,,,,,,C-only-matched,PkAll-only,2.0,6.0
llama,math,delta_nll_p,,,,,,,,,M0+C5,M0,6.0,6.0
llama,math,delta_nll_p,,,,,,,,,M0+PkAll5+C5,M0+PkAll5,5.0,6.0
llama,math,delta_nll_p,,,,,,,,,C-only-matched,PkAll-only,5.0,6.0
llama,math,delta_nll_t,,,,,,,,,M0+C5,M0,5.0,6.0
llama,math,delta_nll_t,,,,,,,,,M0+PkAll5+C5,M0+PkAll5,6.0,6.0
llama,math,delta_nll_t,,,,,,,,,C-only-matched,PkAll-only,6.0,6.0
llama,math,kl_b,,,,,,,,,M0+C5,M0,5.0,6.0
llama,math,kl_b,,,,,,,,,M0+PkAll5+C5,M0+PkAll5,3.0,6.0
llama,math,kl_b,,,,,,,,,C-only-matched,PkAll-only,3.0,6.0
llama,math,kl_t,,,,,,,,,M0+C5,M0,6.0,6.0
llama,math,kl_t,,,,,,,,,M0+PkAll5+C5,M0+PkAll5,5.0,6.0
llama,math,kl_t,,,,,,,,,C-only-matched,PkAll-only,4.0,6.0
llama,mmlu,abs_delta_nll_a,,,,,,,,,M0+C5,M0,4.0,6.0
llama,mmlu,abs_delta_nll_a,,,,,,,,,M0+PkAll5+C5,M0+PkAll5,4.0,6.0
llama,mmlu,abs_delta_nll_a,,,,,,,,,C-only-matched,PkAll-only,6.0,6.0
llama,mmlu,abs_delta_nll_f,,,,,,,,,M0+C5,M0,4.0,6.0
llama,mmlu,abs_delta_nll_f,,,,,,,,,M0+PkAll5+C5,M0+PkAll5,6.0,6.0
llama,mmlu,abs_delta_nll_f,,,,,,,,,C-only-matched,PkAll-only,3.0,6.0
llama,mmlu,abs_delta_nll_t,,,,,,,,,M0+C5,M0,5.0,6.0
llama,mmlu,abs_delta_nll_t,,,,,,,,,M0+PkAll5+C5,M0+PkAll5,3.0,6.0
llama,mmlu,abs_delta_nll_t,,,,,,,,,C-only-matched,PkAll-only,4.0,6.0
llama,mmlu,delta_nll_a,,,,,,,,,M0+C5,M0,4.0,6.0
llama,mmlu,delta_nll_a,,,,,,,,,M0+PkAll5+C5,M0+PkAll5,6.0,6.0
llama,mmlu,delta_nll_a,,,,,,,,,C-only-matched,PkAll-only,4.0,6.0
llama,mmlu,delta_nll_f,,,,,,,,,M0+C5,M0,5.0,6.0
llama,mmlu,delta_nll_f,,,,,,,,,M0+PkAll5+C5,M0+PkAll5,6.0,6.0
llama,mmlu,delta_nll_f,,,,,,,,,C-only-matched,PkAll-only,5.0,6.0
llama,mmlu,delta_nll_f_minus_a,,,,,,,,,M0+C5,M0,4.0,6.0
llama,mmlu,delta_nll_f_minus_a,,,,,,,,,M0+PkAll5+C5,M0+PkAll5,6.0,6.0
llama,mmlu,delta_nll_f_minus_a,,,,,,,,,C-only-matched,PkAll-only,3.0,6.0
llama,mmlu,delta_nll_f_minus_p,,,,,,,,,M0+C5,M0,4.0,6.0
llama,mmlu,delta_nll_f_minus_p,,,,,,,,,M0+PkAll5+C5,M0+PkAll5,6.0,6.0
llama,mmlu,delta_nll_f_minus_p,,,,,,,,,C-only-matched,PkAll-only,2.0,6.0
llama,mmlu,delta_nll_p,,,,,,,,,M0+C5,M0,5.0,6.0
llama,mmlu,delta_nll_p,,,,,,,,,M0+PkAll5+C5,M0+PkAll5,4.0,6.0
llama,mmlu,delta_nll_p,,,,,,,,,C-only-matched,PkAll-only,3.0,6.0
llama,mmlu,delta_nll_t,,,,,,,,,M0+C5,M0,4.0,6.0
llama,mmlu,delta_nll_t,,,,,,,,,M0+PkAll5+C5,M0+PkAll5,5.0,6.0
llama,mmlu,delta_nll_t,,,,,,,,,C-only-matched,PkAll-only,2.0,6.0
llama,mmlu,kl_a,,,,,,,,,M0+C5,M0,5.0,6.0
llama,mmlu,kl_a,,,,,,,,,M0+PkAll5+C5,M0+PkAll5,6.0,6.0
llama,mmlu,kl_a,,,,,,,,,C-only-matched,PkAll-only,3.0,6.0
llama,mmlu,kl_f,,,,,,,,,M0+C5,M0,6.0,6.0
llama,mmlu,kl_f,,,,,,,,,M0+PkAll5+C5,M0+PkAll5,5.0,6.0
llama,mmlu,kl_f,,,,,,,,,C-only-matched,PkAll-only,6.0,6.0
llama,mmlu,kl_f_minus_a,,,,,,,,,M0+C5,M0,6.0,6.0
llama,mmlu,kl_f_minus_a,,,,,,,,,M0+PkAll5+C5,M0+PkAll5,5.0,6.0
llama,mmlu,kl_f_minus_a,,,,,,,,,C-only-matched,PkAll-only,5.0,6.0
llama,mmlu,kl_t,,,,,,,,,M0+C5,M0,5.0,6.0
llama,mmlu,kl_t,,,,,,,,,M0+PkAll5+C5,M0+PkAll5,6.0,6.0
llama,mmlu,kl_t,,,,,,,,,C-only-matched,PkAll-only,3.0,6.0
qwen,math,abs_delta_nll_b,,,,,,,,,M0+C5,M0,7.0,8.0
qwen,math,abs_delta_nll_b,,,,,,,,,M0+PkAll5+C5,M0+PkAll5,1.0,8.0
qwen,math,abs_delta_nll_b,,,,,,,,,C-only-matched,PkAll-only,4.0,8.0
qwen,math,abs_delta_nll_c,,,,,,,,,M0+C5,M0,6.0,8.0
qwen,math,abs_delta_nll_c,,,,,,,,,M0+PkAll5+C5,M0+PkAll5,4.0,8.0
qwen,math,abs_delta_nll_c,,,,,,,,,C-only-matched,PkAll-only,5.0,8.0
qwen,math,abs_delta_nll_t,,,,,,,,,M0+C5,M0,3.0,8.0
qwen,math,abs_delta_nll_t,,,,,,,,,M0+PkAll5+C5,M0+PkAll5,6.0,8.0
qwen,math,abs_delta_nll_t,,,,,,,,,C-only-matched,PkAll-only,3.0,8.0
qwen,math,delta_nll_b,,,,,,,,,M0+C5,M0,8.0,8.0
qwen,math,delta_nll_b,,,,,,,,,M0+PkAll5+C5,M0+PkAll5,2.0,8.0
qwen,math,delta_nll_b,,,,,,,,,C-only-matched,PkAll-only,5.0,8.0
qwen,math,delta_nll_b_minus_c,,,,,,,,,M0+C5,M0,4.0,8.0
qwen,math,delta_nll_b_minus_c,,,,,,,,,M0+PkAll5+C5,M0+PkAll5,3.0,8.0
qwen,math,delta_nll_b_minus_c,,,,,,,,,C-only-matched,PkAll-only,3.0,8.0
qwen,math,delta_nll_b_minus_p,,,,,,,,,M0+C5,M0,2.0,8.0
qwen,math,delta_nll_b_minus_p,,,,,,,,,M0+PkAll5+C5,M0+PkAll5,3.0,8.0
qwen,math,delta_nll_b_minus_p,,,,,,,,,C-only-matched,PkAll-only,3.0,8.0
qwen,math,delta_nll_c,,,,,,,,,M0+C5,M0,7.0,8.0
qwen,math,delta_nll_c,,,,,,,,,M0+PkAll5+C5,M0+PkAll5,4.0,8.0
qwen,math,delta_nll_c,,,,,,,,,C-only-matched,PkAll-only,5.0,8.0
qwen,math,delta_nll_p,,,,,,,,,M0+C5,M0,5.0,8.0
qwen,math,delta_nll_p,,,,,,,,,M0+PkAll5+C5,M0+PkAll5,7.0,8.0
qwen,math,delta_nll_p,,,,,,,,,C-only-matched,PkAll-only,1.0,8.0
qwen,math,delta_nll_t,,,,,,,,,M0+C5,M0,7.0,8.0
qwen,math,delta_nll_t,,,,,,,,,M0+PkAll5+C5,M0+PkAll5,5.0,8.0
qwen,math,delta_nll_t,,,,,,,,,C-only-matched,PkAll-only,1.0,8.0
qwen,math,kl_b,,,,,,,,,M0+C5,M0,3.0,8.0
qwen,math,kl_b,,,,,,,,,M0+PkAll5+C5,M0+PkAll5,3.0,8.0
qwen,math,kl_b,,,,,,,,,C-only-matched,PkAll-only,5.0,8.0
qwen,math,kl_t,,,,,,,,,M0+C5,M0,5.0,8.0
qwen,math,kl_t,,,,,,,,,M0+PkAll5+C5,M0+PkAll5,4.0,8.0
qwen,math,kl_t,,,,,,,,,C-only-matched,PkAll-only,4.0,8.0
qwen,mmlu,abs_delta_nll_a,,,,,,,,,M0+C5,M0,3.0,8.0
qwen,mmlu,abs_delta_nll_a,,,,,,,,,M0+PkAll5+C5,M0+PkAll5,3.0,8.0
qwen,mmlu,abs_delta_nll_a,,,,,,,,,C-only-matched,PkAll-only,8.0,8.0
qwen,mmlu,abs_delta_nll_f,,,,,,,,,M0+C5,M0,5.0,8.0
qwen,mmlu,abs_delta_nll_f,,,,,,,,,M0+PkAll5+C5,M0+PkAll5,5.0,8.0
qwen,mmlu,abs_delta_nll_f,,,,,,,,,C-only-matched,PkAll-only,4.0,8.0
qwen,mmlu,abs_delta_nll_t,,,,,,,,,M0+C5,M0,6.0,8.0
qwen,mmlu,abs_delta_nll_t,,,,,,,,,M0+PkAll5+C5,M0+PkAll5,3.0,8.0
qwen,mmlu,abs_delta_nll_t,,,,,,,,,C-only-matched,PkAll-only,2.0,8.0
qwen,mmlu,delta_nll_a,,,,,,,,,M0+C5,M0,0.0,8.0
qwen,mmlu,delta_nll_a,,,,,,,,,M0+PkAll5+C5,M0+PkAll5,7.0,8.0
qwen,mmlu,delta_nll_a,,,,,,,,,C-only-matched,PkAll-only,5.0,8.0
qwen,mmlu,delta_nll_f,,,,,,,,,M0+C5,M0,8.0,8.0
qwen,mmlu,delta_nll_f,,,,,,,,,M0+PkAll5+C5,M0+PkAll5,5.0,8.0
qwen,mmlu,delta_nll_f,,,,,,,,,C-only-matched,PkAll-only,3.0,8.0
qwen,mmlu,delta_nll_f_minus_a,,,,,,,,,M0+C5,M0,8.0,8.0
qwen,mmlu,delta_nll_f_minus_a,,,,,,,,,M0+PkAll5+C5,M0+PkAll5,3.0,8.0
qwen,mmlu,delta_nll_f_minus_a,,,,,,,,,C-only-matched,PkAll-only,3.0,8.0
qwen,mmlu,delta_nll_f_minus_p,,,,,,,,,M0+C5,M0,8.0,8.0
qwen,mmlu,delta_nll_f_minus_p,,,,,,,,,M0+PkAll5+C5,M0+PkAll5,5.0,8.0
qwen,mmlu,delta_nll_f_minus_p,,,,,,,,,C-only-matched,PkAll-only,2.0,8.0
qwen,mmlu,delta_nll_p,,,,,,,,,M0+C5,M0,0.0,8.0
qwen,mmlu,delta_nll_p,,,,,,,,,M0+PkAll5+C5,M0+PkAll5,6.0,8.0
qwen,mmlu,delta_nll_p,,,,,,,,,C-only-matched,PkAll-only,5.0,8.0
qwen,mmlu,delta_nll_t,,,,,,,,,M0+C5,M0,6.0,8.0
qwen,mmlu,delta_nll_t,,,,,,,,,M0+PkAll5+C5,M0+PkAll5,3.0,8.0
qwen,mmlu,delta_nll_t,,,,,,,,,C-only-matched,PkAll-only,2.0,8.0
qwen,mmlu,kl_a,,,,,,,,,M0+C5,M0,1.0,8.0
qwen,mmlu,kl_a,,,,,,,,,M0+PkAll5+C5,M0+PkAll5,4.0,8.0
qwen,mmlu,kl_a,,,,,,,,,C-only-matched,PkAll-only,5.0,8.0
qwen,mmlu,kl_f,,,,,,,,,M0+C5,M0,2.0,8.0
qwen,mmlu,kl_f,,,,,,,,,M0+PkAll5+C5,M0+PkAll5,3.0,8.0
qwen,mmlu,kl_f,,,,,,,,,C-only-matched,PkAll-only,7.0,8.0
qwen,mmlu,kl_f_minus_a,,,,,,,,,M0+C5,M0,6.0,8.0
qwen,mmlu,kl_f_minus_a,,,,,,,,,M0+PkAll5+C5,M0+PkAll5,6.0,8.0
qwen,mmlu,kl_f_minus_a,,,,,,,,,C-only-matched,PkAll-only,5.0,8.0
qwen,mmlu,kl_t,,,,,,,,,M0+C5,M0,1.0,8.0
qwen,mmlu,kl_t,,,,,,,,,M0+PkAll5+C5,M0+PkAll5,5.0,8.0
qwen,mmlu,kl_t,,,,,,,,,C-only-matched,PkAll-only,8.0,8.0
