comparison_type,model,arm,checkpoint,probe_name,artifact_probe_name,epsilon,layer,equal7_value,equal5_value,equal5_minus_equal7,sign_changed,ordering_changed,deepest_arm_changed,rank_or_score_changed,source_rows_complete,excluded_modules_exactly_qk,n_cells,OPD_strict_deepest,offline_strictly_deeper,mechanical_readback,mean_equal5_minus_equal7
functional_cell,llama,base,0.0,E_general,E_general,0.01,14.0,0.0,0.0,0.0,False,,,False,True,True,,,,,
functional_cell,llama,base,0.0,E_general,E_general,0.025,14.0,0.0,0.0,0.0,False,,,False,True,True,,,,,
functional_cell,llama,base,0.0,E_general,E_general,0.05,14.0,0.0,0.0,0.0,False,,,False,True,True,,,,,
functional_cell,llama,base,0.0,E_general,E_general,0.1,14.0,0.0,0.0,0.0,False,,,False,True,True,,,,,
functional_cell,llama,base,0.0,E_ifeval,E_if,0.01,14.0,0.0,0.0,0.0,False,,,False,True,True,,,,,
functional_cell,llama,base,0.0,E_ifeval,E_if,0.025,14.0,0.0,0.0,0.0,False,,,False,True,True,,,,,
functional_cell,llama,base,0.0,E_ifeval,E_if,0.05,14.0,0.0,0.0,0.0,False,,,False,True,True,,,,,
functional_cell,llama,base,0.0,E_ifeval,E_if,0.1,14.0,0.0,0.0,0.0,False,,,False,True,True,,,,,
functional_cell,llama,base,0.0,E_mathHeld,E_math,0.01,14.0,0.0,0.0,0.0,False,,,False,True,True,,,,,
functional_cell,llama,base,0.0,E_mathHeld,E_math,0.025,14.0,0.0,0.0,0.0,False,,,False,True,True,,,,,
functional_cell,llama,base,0.0,E_mathHeld,E_math,0.05,14.0,0.0,0.0,0.0,False,,,False,True,True,,,,,
functional_cell,llama,base,0.0,E_mathHeld,E_math,0.1,14.0,0.0,0.0,0.0,False,,,False,True,True,,,,,
functional_cell,llama,base,0.0,E_mmluPro,E_ood,0.01,14.0,0.0,0.0,0.0,False,,,False,True,True,,,,,
functional_cell,llama,base,0.0,E_mmluPro,E_ood,0.025,14.0,0.0,0.0,0.0,False,,,False,True,True,,,,,
functional_cell,llama,base,0.0,E_mmluPro,E_ood,0.05,14.0,0.0,0.0,0.0,False,,,False,True,True,,,,,
functional_cell,llama,base,0.0,E_mmluPro,E_ood,0.1,14.0,0.0,0.0,0.0,False,,,False,True,True,,,,,
functional_cell,llama,offkd,5.0,E_general,E_general,0.01,14.0,0.0005873933388384,0.0,-0.0005873933388384,True,,,True,True,True,,,,,
functional_cell,llama,offkd,5.0,E_general,E_general,0.025,14.0,0.0010808548544397,0.0,-0.0010808548544397,True,,,True,True,True,,,,,
functional_cell,llama,offkd,5.0,E_general,E_general,0.05,14.0,7.927699381639449e-05,0.0001109877913429,3.1710797526557794e-05,False,,,True,True,True,,,,,
functional_cell,llama,offkd,5.0,E_general,E_general,0.1,14.0,0.0028571428571428,0.0,-0.0028571428571428,True,,,True,True,True,,,,,
functional_cell,llama,offkd,5.0,E_ifeval,E_if,0.01,14.0,0.0029121385497558,0.0019651927274222,-0.0009469458223336,False,,,True,True,True,,,,,
functional_cell,llama,offkd,5.0,E_ifeval,E_if,0.025,14.0,0.0029070345597533,0.0027753500017777,-0.0001316845579756,False,,,True,True,True,,,,,
functional_cell,llama,offkd,5.0,E_ifeval,E_if,0.05,14.0,0.005518894873359,0.0042041550146905,-0.0013147398586684,False,,,True,True,True,,,,,
functional_cell,llama,offkd,5.0,E_ifeval,E_if,0.1,14.0,0.0041846841204703,0.0058585577686584,0.0016738736481881,False,,,True,True,True,,,,,
functional_cell,llama,offkd,5.0,E_mathHeld,E_math,0.01,14.0,7.240328194171125e-05,-0.0004101443566882,-0.0004825476386299,True,,,True,True,True,,,,,
functional_cell,llama,offkd,5.0,E_mathHeld,E_math,0.025,14.0,-0.0001124053543519,-0.0011189059576311,-0.0010065006032792,False,,,True,True,True,,,,,
functional_cell,llama,offkd,5.0,E_mathHeld,E_math,0.05,14.0,-0.0005914618388821,-0.000828046574435,-0.0002365847355528,False,,,True,True,True,,,,,
functional_cell,llama,offkd,5.0,E_mathHeld,E_math,0.1,14.0,-0.0009390609390609,-0.0013146853146853,-0.0003756243756243,False,,,True,True,True,,,,,
functional_cell,llama,offkd,5.0,E_mmluPro,E_ood,0.01,14.0,0.0006980815634892,4.140962309361634e-05,-0.0006566719403956,False,,,True,True,True,,,,,
functional_cell,llama,offkd,5.0,E_mmluPro,E_ood,0.025,14.0,0.0016447307221146,0.000484583060898,-0.0011601476612165,False,,,True,True,True,,,,,
functional_cell,llama,offkd,5.0,E_mmluPro,E_ood,0.05,14.0,0.001355341798413,0.0002714622576156,-0.0010838795407973,False,,,True,True,True,,,,,
functional_cell,llama,offkd,5.0,E_mmluPro,E_ood,0.1,14.0,0.0004380792535277,0.0006133109549388,0.000175231701411,False,,,True,True,True,,,,,
functional_cell,llama,offkd,20.0,E_general,E_general,0.01,14.0,0.00164194274598,0.0003650011545839,-0.001276941591396,False,,,True,True,True,,,,,
functional_cell,llama,offkd,20.0,E_general,E_general,0.025,14.0,0.0025538083139528,0.0005489380471026,-0.0020048702668501,False,,,True,True,True,,,,,
functional_cell,llama,offkd,20.0,E_general,E_general,0.05,14.0,0.0017228536062524,0.0011299437667021,-0.0005929098395503,False,,,True,True,True,,,,,
functional_cell,llama,offkd,20.0,E_general,E_general,0.1,14.0,0.0045453768584624,0.0023635276018473,-0.002181849256615,False,,,True,True,True,,,,,
functional_cell,llama,offkd,20.0,E_ifeval,E_if,0.01,14.0,0.0072339101065455,0.0049514907123107,-0.0022824193942347,False,,,True,True,True,,,,,
functional_cell,llama,offkd,20.0,E_ifeval,E_if,0.025,14.0,0.0098570394415933,0.0077887004981315,-0.0020683389434618,False,,,True,True,True,,,,,
functional_cell,llama,offkd,20.0,E_ifeval,E_if,0.05,14.0,0.0128540596095353,0.0115104226823744,-0.0013436369271609,False,,,True,True,True,,,,,
functional_cell,llama,offkd,20.0,E_ifeval,E_if,0.1,14.0,0.0159035982274858,0.0177195829730255,0.0018159847455397,False,,,True,True,True,,,,,
functional_cell,llama,offkd,20.0,E_mathHeld,E_math,0.01,14.0,0.0035344049427995,0.0021416748405284,-0.001392730102271,False,,,True,True,True,,,,,
functional_cell,llama,offkd,20.0,E_mathHeld,E_math,0.025,14.0,0.0046681725023872,0.0023174927853933,-0.0023506797169938,False,,,True,True,True,,,,,
functional_cell,llama,offkd,20.0,E_mathHeld,E_math,0.05,14.0,0.0068173650004162,0.0032798634739993,-0.0035375015264169,False,,,True,True,True,,,,,
functional_cell,llama,offkd,20.0,E_mathHeld,E_math,0.1,14.0,0.0034708385373868,0.0048591739523416,0.0013883354149547,False,,,True,True,True,,,,,
functional_cell,llama,offkd,20.0,E_mmluPro,E_ood,0.01,14.0,0.0035115958417449,0.0014451705639874,-0.0020664252777574,False,,,True,True,True,,,,,
functional_cell,llama,offkd,20.0,E_mmluPro,E_ood,0.025,14.0,0.0049466756260081,0.0025948215318421,-0.002351854094166,False,,,True,True,True,,,,,
functional_cell,llama,offkd,20.0,E_mmluPro,E_ood,0.05,14.0,0.0062498338671533,0.0032999326958872,-0.002949901171266,False,,,True,True,True,,,,,
functional_cell,llama,offkd,20.0,E_mmluPro,E_ood,0.1,14.0,0.0086049923036888,0.0071689404446766,-0.0014360518590122,False,,,True,True,True,,,,,
functional_cell,llama,offkd,40.0,E_general,E_general,0.01,14.0,0.0025072257755913,0.0007540467216659,-0.0017531790539253,False,,,True,True,True,,,,,
functional_cell,llama,offkd,40.0,E_general,E_general,0.025,14.0,0.0046159779239065,0.0013529781350215,-0.0032629997888849,False,,,True,True,True,,,,,
functional_cell,llama,offkd,40.0,E_general,E_general,0.05,14.0,0.0051209072572701,0.0028033657942738,-0.0023175414629963,False,,,True,True,True,,,,,
functional_cell,llama,offkd,40.0,E_general,E_general,0.1,14.0,0.006016832190803,0.0044235650671242,-0.0015932671236787,False,,,True,True,True,,,,,
functional_cell,llama,offkd,40.0,E_ifeval,E_if,0.01,14.0,0.007584391835045,0.0051247048147497,-0.0024596870202952,False,,,True,True,True,,,,,
functional_cell,llama,offkd,40.0,E_ifeval,E_if,0.025,14.0,0.0105609414917085,0.0081269141773543,-0.0024340273143542,False,,,True,True,True,,,,,
functional_cell,llama,offkd,40.0,E_ifeval,E_if,0.05,14.0,0.014788635880968,0.0121780131358495,-0.0026106227451184,False,,,True,True,True,,,,,
functional_cell,llama,offkd,40.0,E_ifeval,E_if,0.1,14.0,0.0150539576719629,0.0165300861952935,0.0014761285233306,False,,,True,True,True,,,,,
functional_cell,llama,offkd,40.0,E_mathHeld,E_math,0.01,14.0,0.0048915909724583,0.0027697700568799,-0.0021218209155784,False,,,True,True,True,,,,,
functional_cell,llama,offkd,40.0,E_mathHeld,E_math,0.025,14.0,0.0053865221915104,0.0033231823501659,-0.0020633398413445,False,,,True,True,True,,,,,
functional_cell,llama,offkd,40.0,E_mathHeld,E_math,0.05,14.0,0.0075808617465363,0.0043487589185674,-0.0032321028279689,False,,,True,True,True,,,,,
functional_cell,llama,offkd,40.0,E_mathHeld,E_math,0.1,14.0,0.0061226203550959,0.0085716684971343,0.0024490481420383,False,,,True,True,True,,,,,
functional_cell,llama,offkd,40.0,E_mmluPro,E_ood,0.01,14.0,0.0057093080306566,0.0032543881041319,-0.0024549199265247,False,,,True,True,True,,,,,
functional_cell,llama,offkd,40.0,E_mmluPro,E_ood,0.025,14.0,0.0088407099976097,0.0055339852575774,-0.0033067247400322,False,,,True,True,True,,,,,
functional_cell,llama,offkd,40.0,E_mmluPro,E_ood,0.05,14.0,0.0120849111190228,0.0076452223905397,-0.004439688728483,False,,,True,True,True,,,,,
functional_cell,llama,offkd,40.0,E_mmluPro,E_ood,0.1,14.0,0.0123531533760194,0.0124163659459393,6.321256991996885e-05,False,,,True,True,True,,,,,
functional_cell,llama,offkd,80.0,E_general,E_general,0.01,14.0,0.0038934454240174,0.0007610355396744,-0.0031324098843429,False,,,True,True,True,,,,,
functional_cell,llama,offkd,80.0,E_general,E_general,0.025,14.0,0.0060117946972116,0.001793924821433,-0.0042178698757785,False,,,True,True,True,,,,,
functional_cell,llama,offkd,80.0,E_general,E_general,0.05,14.0,0.0077206667726548,0.0033591760319593,-0.0043614907406955,False,,,True,True,True,,,,,
functional_cell,llama,offkd,80.0,E_general,E_general,0.1,14.0,0.0074384004905674,0.0064137606867944,-0.001024639803773,False,,,True,True,True,,,,,
functional_cell,llama,offkd,80.0,E_ifeval,E_if,0.01,14.0,0.0096707378212558,0.0062512482706691,-0.0034194895505866,False,,,True,True,True,,,,,
functional_cell,llama,offkd,80.0,E_ifeval,E_if,0.025,14.0,0.0142824240912929,0.0105620810513659,-0.003720343039927,False,,,True,True,True,,,,,
functional_cell,llama,offkd,80.0,E_ifeval,E_if,0.05,14.0,0.0199045357333999,0.0158179751212421,-0.0040865606121578,False,,,True,True,True,,,,,
functional_cell,llama,offkd,80.0,E_ifeval,E_if,0.1,14.0,0.0190384692578699,0.0221084024155634,0.0030699331576934,False,,,True,True,True,,,,,
functional_cell,llama,offkd,80.0,E_mathHeld,E_math,0.01,14.0,0.0090013073838965,0.0059794425825515,-0.0030218648013449,False,,,True,True,True,,,,,
functional_cell,llama,offkd,80.0,E_mathHeld,E_math,0.025,14.0,0.0110129060605481,0.0079437095104084,-0.0030691965501397,False,,,True,True,True,,,,,
functional_cell,llama,offkd,80.0,E_mathHeld,E_math,0.05,14.0,0.0162627130000992,0.0121806507197876,-0.0040820622803116,False,,,True,True,True,,,,,
functional_cell,llama,offkd,80.0,E_mathHeld,E_math,0.1,14.0,0.011623561295256,0.0162729858133584,0.0046494245181024,False,,,True,True,True,,,,,
functional_cell,llama,offkd,80.0,E_mmluPro,E_ood,0.01,14.0,0.0087653395224746,0.0050567934538435,-0.0037085460686311,False,,,True,True,True,,,,,
functional_cell,llama,offkd,80.0,E_mmluPro,E_ood,0.025,14.0,0.0131493553575491,0.0086244533058123,-0.0045249020517368,False,,,True,True,True,,,,,
functional_cell,llama,offkd,80.0,E_mmluPro,E_ood,0.05,14.0,0.018419742115253,0.0126901673272972,-0.0057295747879557,False,,,True,True,True,,,,,
functional_cell,llama,offkd,80.0,E_mmluPro,E_ood,0.1,14.0,0.018002639946056,0.0203256471439906,0.0023230071979346,False,,,True,True,True,,,,,
functional_cell,llama,offkd,160.0,E_general,E_general,0.01,14.0,0.0046872797207418,0.0007610355396744,-0.0039262441810674,False,,,True,True,True,,,,,
functional_cell,llama,offkd,160.0,E_general,E_general,0.025,14.0,0.0082888978978982,0.0019554757099629,-0.0063334221879352,False,,,True,True,True,,,,,
functional_cell,llama,offkd,160.0,E_general,E_general,0.05,14.0,0.0108391698911579,0.0033591760319593,-0.0074799938591986,False,,,True,True,True,,,,,
functional_cell,llama,offkd,160.0,E_general,E_general,0.1,14.0,0.0132717338239008,0.0064137606867944,-0.0068579731371063,False,,,True,True,True,,,,,
functional_cell,llama,offkd,160.0,E_ifeval,E_if,0.01,14.0,0.0109959534986155,0.006312209294197,-0.0046837442044185,False,,,True,True,True,,,,,
functional_cell,llama,offkd,160.0,E_ifeval,E_if,0.025,14.0,0.0159500196442479,0.0105383866563918,-0.0054116329878561,False,,,True,True,True,,,,,
functional_cell,llama,offkd,160.0,E_ifeval,E_if,0.05,14.0,0.0225749929800485,0.0160343174585381,-0.0065406755215104,False,,,True,True,True,,,,,
functional_cell,llama,offkd,160.0,E_ifeval,E_if,0.1,14.0,0.0236979736544124,0.0240862540252683,0.0003882803708558,False,,,True,True,True,,,,,
functional_cell,llama,offkd,160.0,E_mathHeld,E_math,0.01,14.0,0.0069043492583103,0.0030437012067308,-0.0038606480515794,False,,,True,True,True,,,,,
functional_cell,llama,offkd,160.0,E_mathHeld,E_math,0.025,14.0,0.0093349560909823,0.004261246219683,-0.0050737098712993,False,,,True,True,True,,,,,
functional_cell,llama,offkd,160.0,E_mathHeld,E_math,0.05,14.0,0.0117652123997018,0.0058841498792311,-0.0058810625204706,False,,,True,True,True,,,,,
functional_cell,llama,offkd,160.0,E_mathHeld,E_math,0.1,14.0,0.0116546797899247,0.0110533938111577,-0.0006012859787669,False,,,True,True,True,,,,,
functional_cell,llama,offkd,160.0,E_mmluPro,E_ood,0.01,14.0,0.0087536867418358,0.0044362499536984,-0.0043174367881373,False,,,True,True,True,,,,,
functional_cell,llama,offkd,160.0,E_mmluPro,E_ood,0.025,14.0,0.013620225605689,0.0074656317031457,-0.0061545939025433,False,,,True,True,True,,,,,
functional_cell,llama,offkd,160.0,E_mmluPro,E_ood,0.05,14.0,0.0174206444174231,0.0112914305503354,-0.0061292138670877,False,,,True,True,True,,,,,
functional_cell,llama,offkd,160.0,E_mmluPro,E_ood,0.1,14.0,0.0150801262569445,0.0162341279792346,0.00115400172229,False,,,True,True,True,,,,,
functional_cell,llama,offkd,320.0,E_general,E_general,0.01,14.0,0.0055214917553969,0.0008175643727772,-0.0047039273826196,False,,,True,True,True,,,,,
functional_cell,llama,offkd,320.0,E_general,E_general,0.025,14.0,0.0092748000207644,0.0021961375423745,-0.0070786624783898,False,,,True,True,True,,,,,
functional_cell,llama,offkd,320.0,E_general,E_general,0.05,14.0,0.0124301447085153,0.0043044894942083,-0.0081256552143069,False,,,True,True,True,,,,,
functional_cell,llama,offkd,320.0,E_general,E_general,0.1,14.0,0.0131169590212386,0.0061970759630674,-0.0069198830581711,False,,,True,True,True,,,,,
functional_cell,llama,offkd,320.0,E_ifeval,E_if,0.01,14.0,0.0138169192508939,0.0075148394702301,-0.0063020797806637,False,,,True,True,True,,,,,
functional_cell,llama,offkd,320.0,E_ifeval,E_if,0.025,14.0,0.0201435477636645,0.0123399188762913,-0.0078036288873731,False,,,True,True,True,,,,,
functional_cell,llama,offkd,320.0,E_ifeval,E_if,0.05,14.0,0.0268040295530546,0.0189920056977837,-0.0078120238552709,False,,,True,True,True,,,,,
functional_cell,llama,offkd,320.0,E_ifeval,E_if,0.1,14.0,0.0289078115059184,0.0266181222554719,-0.0022896892504464,False,,,True,True,True,,,,,
functional_cell,llama,offkd,320.0,E_mathHeld,E_math,0.01,14.0,0.0127534688318811,0.0069050639828105,-0.0058484048490705,False,,,True,True,True,,,,,
functional_cell,llama,offkd,320.0,E_mathHeld,E_math,0.025,14.0,0.0177917437383879,0.0105494668747687,-0.0072422768636191,False,,,True,True,True,,,,,
functional_cell,llama,offkd,320.0,E_mathHeld,E_math,0.05,14.0,0.021750384298,0.0135989430102653,-0.0081514412877347,False,,,True,True,True,,,,,
functional_cell,llama,offkd,320.0,E_mathHeld,E_math,0.1,14.0,0.0194795316609168,0.0220081864305466,0.0025286547696298,False,,,True,True,True,,,,,
functional_cell,llama,offkd,320.0,E_mmluPro,E_ood,0.01,14.0,0.0119517436676011,0.0060466956425653,-0.0059050480250358,False,,,True,True,True,,,,,
functional_cell,llama,offkd,320.0,E_mmluPro,E_ood,0.025,14.0,0.0181339436332379,0.0105779081027629,-0.007556035530475,False,,,True,True,True,,,,,
functional_cell,llama,offkd,320.0,E_mmluPro,E_ood,0.05,14.0,0.0248803899173441,0.0162852395320973,-0.0085951503852467,False,,,True,True,True,,,,,
functional_cell,llama,offkd,320.0,E_mmluPro,E_ood,0.1,14.0,0.0253614799209259,0.0257499743283207,0.0003884944073947,False,,,True,True,True,,,,,
functional_cell,llama,opd,5.0,E_general,E_general,0.01,14.0,7.604797721189697e-05,0.0003954845091371,0.0003194365319252,False,,,True,True,True,,,,,
functional_cell,llama,opd,5.0,E_general,E_general,0.025,14.0,-0.0002144702289853,0.000269542249221,0.0004840124782064,True,,,True,True,True,,,,,
functional_cell,llama,opd,5.0,E_general,E_general,0.05,14.0,-0.0015855310184075,0.0008641096580825,0.00244964067649,True,,,True,True,True,,,,,
functional_cell,llama,opd,5.0,E_general,E_general,0.1,14.0,0.0004335573379579,0.0006069802731411,0.0001734229351831,False,,,True,True,True,,,,,
functional_cell,llama,opd,5.0,E_ifeval,E_if,0.01,14.0,7.1466727195862e-05,0.0004175137355345,0.0003460470083386,False,,,True,True,True,,,,,
functional_cell,llama,opd,5.0,E_ifeval,E_if,0.025,14.0,-0.0008268978755352,0.0005534219524231,0.0013803198279584,True,,,True,True,True,,,,,
functional_cell,llama,opd,5.0,E_ifeval,E_if,0.05,14.0,-0.0002934970648806,0.0010705855906485,0.0013640826555292,True,,,True,True,True,,,,,
functional_cell,llama,opd,5.0,E_ifeval,E_if,0.1,14.0,0.0019875957375957,0.002782634032634,0.0007950382950382,False,,,True,True,True,,,,,
functional_cell,llama,opd,5.0,E_mathHeld,E_math,0.01,14.0,0.0003079734086145,0.0011916190458245,0.00088364563721,False,,,True,True,True,,,,,
functional_cell,llama,opd,5.0,E_mathHeld,E_math,0.025,14.0,7.348842918215223e-05,0.0014362171341883,0.0013627287050061,False,,,True,True,True,,,,,
functional_cell,llama,opd,5.0,E_mathHeld,E_math,0.05,14.0,0.0012280982314565,0.0017193375240391,0.0004912392925826,False,,,True,True,True,,,,,
functional_cell,llama,opd,5.0,E_mathHeld,E_math,0.1,14.0,0.0034149523945442,0.0047809333523619,0.0013659809578176,False,,,True,True,True,,,,,
functional_cell,llama,opd,5.0,E_mmluPro,E_ood,0.01,14.0,-0.0004738213693437,0.0,0.0004738213693437,True,,,True,True,True,,,,,
functional_cell,llama,opd,5.0,E_mmluPro,E_ood,0.025,14.0,-0.001794631710362,0.0,0.001794631710362,True,,,True,True,True,,,,,
functional_cell,llama,opd,5.0,E_mmluPro,E_ood,0.05,14.0,-0.0011614401858304,0.0,0.0011614401858304,True,,,True,True,True,,,,,
functional_cell,llama,opd,5.0,E_mmluPro,E_ood,0.1,14.0,-0.0036630036630036,0.0,0.0036630036630036,True,,,True,True,True,,,,,
functional_cell,llama,opd,20.0,E_general,E_general,0.01,14.0,0.0072083021143211,0.0073355535958877,0.0001272514815665,False,,,True,True,True,,,,,
functional_cell,llama,opd,20.0,E_general,E_general,0.025,14.0,0.0110327516325509,0.0109062618969243,-0.0001264897356266,False,,,True,True,True,,,,,
functional_cell,llama,opd,20.0,E_general,E_general,0.05,14.0,0.0137456525529159,0.0148780092081779,0.001132356655262,False,,,True,True,True,,,,,
functional_cell,llama,opd,20.0,E_general,E_general,0.1,14.0,0.0202544465773878,0.0201895585416763,-6.488803571150226e-05,False,,,True,True,True,,,,,
functional_cell,llama,opd,20.0,E_ifeval,E_if,0.01,14.0,0.0139364203577962,0.0143902155540548,0.0004537951962585,False,,,True,True,True,,,,,
functional_cell,llama,opd,20.0,E_ifeval,E_if,0.025,14.0,0.0198672532860942,0.0213864192841372,0.001519165998043,False,,,True,True,True,,,,,
functional_cell,llama,opd,20.0,E_ifeval,E_if,0.05,14.0,0.0277722864691498,0.029795789114255,0.0020235026451051,False,,,True,True,True,,,,,
functional_cell,llama,opd,20.0,E_ifeval,E_if,0.1,14.0,0.0371355525330497,0.0426824142389104,0.0055468617058606,False,,,True,True,True,,,,,
functional_cell,llama,opd,20.0,E_mathHeld,E_math,0.01,14.0,0.0223703538163186,0.0229126334113649,0.0005422795950463,False,,,True,True,True,,,,,
functional_cell,llama,opd,20.0,E_mathHeld,E_math,0.025,14.0,0.030724263542666,0.0309498663956299,0.0002256028529638,False,,,True,True,True,,,,,
functional_cell,llama,opd,20.0,E_mathHeld,E_math,0.05,14.0,0.0406975224278729,0.0401249363920873,-0.0005725860357856,False,,,True,True,True,,,,,
functional_cell,llama,opd,20.0,E_mathHeld,E_math,0.1,14.0,0.0469248744997122,0.0551685085101234,0.0082436340104111,False,,,True,True,True,,,,,
functional_cell,llama,opd,20.0,E_mmluPro,E_ood,0.01,14.0,0.0123956639246301,0.0136103112313166,0.0012146473066865,False,,,True,True,True,,,,,
functional_cell,llama,opd,20.0,E_mmluPro,E_ood,0.025,14.0,0.0191468019600766,0.02135140289392,0.0022046009338433,False,,,True,True,True,,,,,
functional_cell,llama,opd,20.0,E_mmluPro,E_ood,0.05,14.0,0.0279099996854012,0.0298003463834696,0.0018903466980683,False,,,True,True,True,,,,,
functional_cell,llama,opd,20.0,E_mmluPro,E_ood,0.1,14.0,0.0338323357951168,0.0424872213326758,0.0086548855375589,False,,,True,True,True,,,,,
functional_cell,llama,opd,40.0,E_general,E_general,0.01,14.0,0.0095727160078728,0.0092453476904053,-0.0003273683174674,False,,,True,True,True,,,,,
functional_cell,llama,opd,40.0,E_general,E_general,0.025,14.0,0.0138126638060347,0.0136585378002004,-0.0001541260058342,False,,,True,True,True,,,,,
functional_cell,llama,opd,40.0,E_general,E_general,0.05,14.0,0.0190190823388094,0.0191769578245757,0.0001578754857663,False,,,True,True,True,,,,,
functional_cell,llama,opd,40.0,E_general,E_general,0.1,14.0,0.0237465926934714,0.0250785631041933,0.0013319704107218,False,,,True,True,True,,,,,
functional_cell,llama,opd,40.0,E_ifeval,E_if,0.01,14.0,0.0191474751056098,0.0186215100063769,-0.0005259650992329,False,,,True,True,True,,,,,
functional_cell,llama,opd,40.0,E_ifeval,E_if,0.025,14.0,0.0272316851433071,0.0280437973332472,0.00081211218994,False,,,True,True,True,,,,,
functional_cell,llama,opd,40.0,E_ifeval,E_if,0.05,14.0,0.0373348605029785,0.0387389483171706,0.0014040878141921,False,,,True,True,True,,,,,
functional_cell,llama,opd,40.0,E_ifeval,E_if,0.1,14.0,0.0474972398502243,0.0526433219375003,0.0051460820872759,False,,,True,True,True,,,,,
functional_cell,llama,opd,40.0,E_mathHeld,E_math,0.01,14.0,0.0266818627448211,0.0279257280084551,0.001243865263634,False,,,True,True,True,,,,,
functional_cell,llama,opd,40.0,E_mathHeld,E_math,0.025,14.0,0.0345783520694376,0.036717385204905,0.0021390331354673,False,,,True,True,True,,,,,
functional_cell,llama,opd,40.0,E_mathHeld,E_math,0.05,14.0,0.044897714515561,0.0460052053148505,0.0011074907992895,False,,,True,True,True,,,,,
functional_cell,llama,opd,40.0,E_mathHeld,E_math,0.1,14.0,0.0540806281935502,0.0599234057867598,0.0058427775932095,False,,,True,True,True,,,,,
functional_cell,llama,opd,40.0,E_mmluPro,E_ood,0.01,14.0,0.0169826078979772,0.0177694283940487,0.0007868204960714,False,,,True,True,True,,,,,
functional_cell,llama,opd,40.0,E_mmluPro,E_ood,0.025,14.0,0.0257876100248735,0.0274416053456843,0.0016539953208108,False,,,True,True,True,,,,,
functional_cell,llama,opd,40.0,E_mmluPro,E_ood,0.05,14.0,0.034657371664439,0.0376206508939598,0.0029632792295208,False,,,True,True,True,,,,,
functional_cell,llama,opd,40.0,E_mmluPro,E_ood,0.1,14.0,0.0403529787360677,0.051616121450007,0.0112631427139392,False,,,True,True,True,,,,,
functional_cell,llama,opd,80.0,E_general,E_general,0.01,14.0,0.0111016401492035,0.010274473472854,-0.0008271666763494,False,,,True,True,True,,,,,
functional_cell,llama,opd,80.0,E_general,E_general,0.025,14.0,0.0166314337480131,0.015521818352954,-0.0011096153950591,False,,,True,True,True,,,,,
functional_cell,llama,opd,80.0,E_general,E_general,0.05,14.0,0.0215494490399473,0.0214374199241176,-0.0001120291158297,False,,,True,True,True,,,,,
functional_cell,llama,opd,80.0,E_general,E_general,0.1,14.0,0.0291715389454946,0.0286734878570258,-0.0004980510884688,False,,,True,True,True,,,,,
functional_cell,llama,opd,80.0,E_ifeval,E_if,0.01,14.0,0.0218143847655014,0.0205056321154563,-0.0013087526500451,False,,,True,True,True,,,,,
functional_cell,llama,opd,80.0,E_ifeval,E_if,0.025,14.0,0.0309556128561478,0.0308989679621131,-5.664489403469503e-05,False,,,True,True,True,,,,,
functional_cell,llama,opd,80.0,E_ifeval,E_if,0.05,14.0,0.0409536455184803,0.0423237658573917,0.0013701203389113,False,,,True,True,True,,,,,
functional_cell,llama,opd,80.0,E_ifeval,E_if,0.1,14.0,0.0511084071160221,0.057698956109617,0.0065905489935949,False,,,True,True,True,,,,,
functional_cell,llama,opd,80.0,E_mathHeld,E_math,0.01,14.0,0.0289846655873052,0.0288546688599486,-0.0001299967273565,False,,,True,True,True,,,,,
functional_cell,llama,opd,80.0,E_mathHeld,E_math,0.025,14.0,0.0375244569882846,0.0375855218348805,6.106484659590405e-05,False,,,True,True,True,,,,,
functional_cell,llama,opd,80.0,E_mathHeld,E_math,0.05,14.0,0.0470594156200163,0.0470898392882726,3.0423668256215897e-05,False,,,True,True,True,,,,,
functional_cell,llama,opd,80.0,E_mathHeld,E_math,0.1,14.0,0.054839744853288,0.0609861691103927,0.0061464242571046,False,,,True,True,True,,,,,
functional_cell,llama,opd,80.0,E_mmluPro,E_ood,0.01,14.0,0.0211238416188525,0.02103199655461,-9.184506424247953e-05,False,,,True,True,True,,,,,
functional_cell,llama,opd,80.0,E_mmluPro,E_ood,0.025,14.0,0.0310081767846321,0.032667065476013,0.0016588886913809,False,,,True,True,True,,,,,
functional_cell,llama,opd,80.0,E_mmluPro,E_ood,0.05,14.0,0.0411469584039987,0.0450800560691808,0.003933097665182,False,,,True,True,True,,,,,
functional_cell,llama,opd,80.0,E_mmluPro,E_ood,0.1,14.0,0.0462670378033255,0.0598958041441679,0.0136287663408424,False,,,True,True,True,,,,,
functional_cell,llama,opd,160.0,E_general,E_general,0.01,14.0,0.0134628192797061,0.0116464055657696,-0.0018164137139364,False,,,True,True,True,,,,,
functional_cell,llama,opd,160.0,E_general,E_general,0.025,14.0,0.0194813520064764,0.0174287065487864,-0.00205264545769,False,,,True,True,True,,,,,
functional_cell,llama,opd,160.0,E_general,E_general,0.05,14.0,0.0267412351405494,0.0243400160990561,-0.0024012190414933,False,,,True,True,True,,,,,
functional_cell,llama,opd,160.0,E_general,E_general,0.1,14.0,0.0331749168977533,0.034278216990188,0.0011033000924346,False,,,True,True,True,,,,,
functional_cell,llama,opd,160.0,E_ifeval,E_if,0.01,14.0,0.0250603149005849,0.0229381330623372,-0.0021221818382477,False,,,True,True,True,,,,,
functional_cell,llama,opd,160.0,E_ifeval,E_if,0.025,14.0,0.0352022701159253,0.0344859599566905,-0.0007163101592347,False,,,True,True,True,,,,,
functional_cell,llama,opd,160.0,E_ifeval,E_if,0.05,14.0,0.0466314951935998,0.0482319390760284,0.0016004438824286,False,,,True,True,True,,,,,
functional_cell,llama,opd,160.0,E_ifeval,E_if,0.1,14.0,0.05656590648053,0.0653394552199281,0.0087735487393981,False,,,True,True,True,,,,,
functional_cell,llama,opd,160.0,E_mathHeld,E_math,0.01,14.0,0.0305524813901634,0.0297776457587792,-0.0007748356313841,False,,,True,True,True,,,,,
functional_cell,llama,opd,160.0,E_mathHeld,E_math,0.025,14.0,0.0391437085550183,0.0388909355667693,-0.000252772988249,False,,,True,True,True,,,,,
functional_cell,llama,opd,160.0,E_mathHeld,E_math,0.05,14.0,0.0494428562342672,0.0484849085754082,-0.0009579476588589,False,,,True,True,True,,,,,
functional_cell,llama,opd,160.0,E_mathHeld,E_math,0.1,14.0,0.0577551967483317,0.0650678017634539,0.0073126050151221,False,,,True,True,True,,,,,
functional_cell,llama,opd,160.0,E_mmluPro,E_ood,0.01,14.0,0.0215049366954192,0.0215655296618034,6.059296638420003e-05,False,,,True,True,True,,,,,
functional_cell,llama,opd,160.0,E_mmluPro,E_ood,0.025,14.0,0.0314829625649256,0.033331765568424,0.0018488030034983,False,,,True,True,True,,,,,
functional_cell,llama,opd,160.0,E_mmluPro,E_ood,0.05,14.0,0.0425727847526232,0.0454501966970925,0.0028774119444692,False,,,True,True,True,,,,,
functional_cell,llama,opd,160.0,E_mmluPro,E_ood,0.1,14.0,0.0480116831350101,0.0623383076085263,0.0143266244735162,False,,,True,True,True,,,,,
functional_cell,llama,opd,320.0,E_general,E_general,0.01,14.0,0.0169838963351221,0.0140641600714831,-0.0029197362636389,False,,,True,True,True,,,,,
functional_cell,llama,opd,320.0,E_general,E_general,0.025,14.0,0.0252177607863926,0.0212936841086365,-0.003924076677756,False,,,True,True,True,,,,,
functional_cell,llama,opd,320.0,E_general,E_general,0.05,14.0,0.033917185926631,0.030020442833666,-0.003896743092965,False,,,True,True,True,,,,,
functional_cell,llama,opd,320.0,E_general,E_general,0.1,14.0,0.0437356151640799,0.0408965278963786,-0.0028390872677013,False,,,True,True,True,,,,,
functional_cell,llama,opd,320.0,E_ifeval,E_if,0.01,14.0,0.0323003417286075,0.0282156475021761,-0.0040846942264313,False,,,True,True,True,,,,,
functional_cell,llama,opd,320.0,E_ifeval,E_if,0.025,14.0,0.0464253373942331,0.0431232696389882,-0.0033020677552448,False,,,True,True,True,,,,,
functional_cell,llama,opd,320.0,E_ifeval,E_if,0.05,14.0,0.0620145437150181,0.0597606484270268,-0.0022538952879912,False,,,True,True,True,,,,,
functional_cell,llama,opd,320.0,E_ifeval,E_if,0.1,14.0,0.0742971240924368,0.0808558005692383,0.0065586764768015,False,,,True,True,True,,,,,
functional_cell,llama,opd,320.0,E_mathHeld,E_math,0.01,14.0,0.0379225762632292,0.0352568650027453,-0.0026657112604838,False,,,True,True,True,,,,,
functional_cell,llama,opd,320.0,E_mathHeld,E_math,0.025,14.0,0.0501761965399201,0.0474518033610163,-0.0027243931789037,False,,,True,True,True,,,,,
functional_cell,llama,opd,320.0,E_mathHeld,E_math,0.05,14.0,0.0624551726445603,0.060437704023235,-0.0020174686213252,False,,,True,True,True,,,,,
functional_cell,llama,opd,320.0,E_mathHeld,E_math,0.1,14.0,0.0750606932879384,0.0787691811294295,0.0037084878414911,False,,,True,True,True,,,,,
functional_cell,llama,opd,320.0,E_mmluPro,E_ood,0.01,14.0,0.0244912408353224,0.0244787759333359,-1.2464901986503074e-05,False,,,True,True,True,,,,,
functional_cell,llama,opd,320.0,E_mmluPro,E_ood,0.025,14.0,0.0360225148922108,0.0378690988765608,0.00184658398435,False,,,True,True,True,,,,,
functional_cell,llama,opd,320.0,E_mmluPro,E_ood,0.05,14.0,0.0472558197482316,0.0520064456909442,0.0047506259427126,False,,,True,True,True,,,,,
functional_cell,llama,opd,320.0,E_mmluPro,E_ood,0.1,14.0,0.0542595135751704,0.0710852702247508,0.0168257566495803,False,,,True,True,True,,,,,
functional_cell,llama,seqkd,5.0,E_general,E_general,0.01,14.0,0.0003333559771358,-0.0003556523063835,-0.0006890082835194,True,,,True,True,True,,,,,
functional_cell,llama,seqkd,5.0,E_general,E_general,0.025,14.0,0.0005907154411774,-0.0006861951785672,-0.0012769106197446,True,,,True,True,True,,,,,
functional_cell,llama,seqkd,5.0,E_general,E_general,0.05,14.0,-0.000788863237214,-0.0011044085320996,-0.0003155452948856,False,,,True,True,True,,,,,
functional_cell,llama,seqkd,5.0,E_general,E_general,0.1,14.0,0.0024855893855017,-0.0005201748602975,-0.0030057642457992,True,,,True,True,True,,,,,
functional_cell,llama,seqkd,5.0,E_ifeval,E_if,0.01,14.0,0.0039185809657367,0.0021595813299473,-0.0017589996357894,False,,,True,True,True,,,,,
functional_cell,llama,seqkd,5.0,E_ifeval,E_if,0.025,14.0,0.0049489272408662,0.0032756715862246,-0.0016732556546415,False,,,True,True,True,,,,,
functional_cell,llama,seqkd,5.0,E_ifeval,E_if,0.05,14.0,0.0061808669461722,0.005130915916629,-0.0010499510295431,False,,,True,True,True,,,,,
functional_cell,llama,seqkd,5.0,E_ifeval,E_if,0.1,14.0,0.0080722015056095,0.0067556275623988,-0.0013165739432107,False,,,True,True,True,,,,,
functional_cell,llama,seqkd,5.0,E_mathHeld,E_math,0.01,14.0,-0.0002230702418488,-0.0008238072899949,-0.0006007370481461,False,,,True,True,True,,,,,
functional_cell,llama,seqkd,5.0,E_mathHeld,E_math,0.025,14.0,-0.0005043964523605,-0.0016676934948432,-0.0011632970424826,False,,,True,True,True,,,,,
functional_cell,llama,seqkd,5.0,E_mathHeld,E_math,0.05,14.0,0.0019684513824259,-0.0015668680183716,-0.0035353194007975,True,,,True,True,True,,,,,
functional_cell,llama,seqkd,5.0,E_mathHeld,E_math,0.1,14.0,-0.0012348314211668,-0.0017287639896335,-0.0004939325684667,False,,,True,True,True,,,,,
functional_cell,llama,seqkd,5.0,E_mmluPro,E_ood,0.01,14.0,0.001020015820953,-0.0004437869822485,-0.0014638028032015,True,,,True,True,True,,,,,
functional_cell,llama,seqkd,5.0,E_mmluPro,E_ood,0.025,14.0,0.0010971086928376,-0.0002820877800897,-0.0013791964729273,True,,,True,True,True,,,,,
functional_cell,llama,seqkd,5.0,E_mmluPro,E_ood,0.05,14.0,0.0024320476900842,-0.0004189516918467,-0.002850999381931,True,,,True,True,True,,,,,
functional_cell,llama,seqkd,5.0,E_mmluPro,E_ood,0.1,14.0,0.0005087026006015,0.0007121836408422,0.0002034810402406,False,,,True,True,True,,,,,
functional_cell,llama,seqkd,20.0,E_general,E_general,0.01,14.0,0.0005748386282327,-0.0008399272692216,-0.0014147658974544,True,,,True,True,True,,,,,
functional_cell,llama,seqkd,20.0,E_general,E_general,0.025,14.0,0.0017383925472503,-0.0005926440262808,-0.0023310365735311,True,,,True,True,True,,,,,
functional_cell,llama,seqkd,20.0,E_general,E_general,0.05,14.0,0.000264167389615,-0.0009122169365902,-0.0011763843262052,True,,,True,True,True,,,,,
functional_cell,llama,seqkd,20.0,E_general,E_general,0.1,14.0,0.0022688107165227,-0.0008236649968681,-0.0030924757133908,True,,,True,True,True,,,,,
functional_cell,llama,seqkd,20.0,E_ifeval,E_if,0.01,14.0,0.0070968524046677,0.0044421496122215,-0.0026547027924462,False,,,True,True,True,,,,,
functional_cell,llama,seqkd,20.0,E_ifeval,E_if,0.025,14.0,0.0099868730257792,0.0073232183250533,-0.0026636547007259,False,,,True,True,True,,,,,
functional_cell,llama,seqkd,20.0,E_ifeval,E_if,0.05,14.0,0.0141163814072101,0.0112368568725885,-0.0028795245346216,False,,,True,True,True,,,,,
functional_cell,llama,seqkd,20.0,E_ifeval,E_if,0.1,14.0,0.0149786135836569,0.0164246044716651,0.0014459908880082,False,,,True,True,True,,,,,
functional_cell,llama,seqkd,20.0,E_mathHeld,E_math,0.01,14.0,0.0019347347884929,0.0004136455759058,-0.001521089212587,False,,,True,True,True,,,,,
functional_cell,llama,seqkd,20.0,E_mathHeld,E_math,0.025,14.0,0.0013793898892065,8.06892181226624e-06,-0.0013713209673942,False,,,True,True,True,,,,,
functional_cell,llama,seqkd,20.0,E_mathHeld,E_math,0.05,14.0,0.0044905891170661,2.2377237309148013e-05,-0.0044682118797569,False,,,True,True,True,,,,,
functional_cell,llama,seqkd,20.0,E_mathHeld,E_math,0.1,14.0,0.0017127208786481,0.0023978092301073,0.0006850883514592,False,,,True,True,True,,,,,
functional_cell,llama,seqkd,20.0,E_mmluPro,E_ood,0.01,14.0,0.0027359618279254,0.0003592829446402,-0.0023766788832852,False,,,True,True,True,,,,,
functional_cell,llama,seqkd,20.0,E_mmluPro,E_ood,0.025,14.0,0.0038541033804946,0.0010652203881232,-0.0027888829923714,False,,,True,True,True,,,,,
functional_cell,llama,seqkd,20.0,E_mmluPro,E_ood,0.05,14.0,0.0048886032130058,0.0013942097800807,-0.003494393432925,False,,,True,True,True,,,,,
functional_cell,llama,seqkd,20.0,E_mmluPro,E_ood,0.1,14.0,0.0061700456550454,0.0037600151365758,-0.0024100305184696,False,,,True,True,True,,,,,
functional_cell,llama,seqkd,40.0,E_general,E_general,0.01,14.0,0.0013925252540276,-0.0008065340085232,-0.0021990592625508,True,,,True,True,True,,,,,
functional_cell,llama,seqkd,40.0,E_general,E_general,0.025,14.0,0.0019042915360618,-0.0009301860117452,-0.0028344775478071,True,,,True,True,True,,,,,
functional_cell,llama,seqkd,40.0,E_general,E_general,0.05,14.0,0.0026469597957211,-0.0006601606518947,-0.0033071204476159,True,,,True,True,True,,,,,
functional_cell,llama,seqkd,40.0,E_general,E_general,0.1,14.0,0.0028108096227264,-6.486652818296453e-05,-0.0028756761509094,True,,,True,True,True,,,,,
functional_cell,llama,seqkd,40.0,E_ifeval,E_if,0.01,14.0,0.0070989304478064,0.0038653487276881,-0.0032335817201182,False,,,True,True,True,,,,,
functional_cell,llama,seqkd,40.0,E_ifeval,E_if,0.025,14.0,0.0096944759250907,0.0069138623840893,-0.0027806135410013,False,,,True,True,True,,,,,
functional_cell,llama,seqkd,40.0,E_ifeval,E_if,0.05,14.0,0.013643405988898,0.0105746912869516,-0.0030687147019464,False,,,True,True,True,,,,,
functional_cell,llama,seqkd,40.0,E_ifeval,E_if,0.1,14.0,0.0144791130841564,0.0157253037723644,0.001246190688208,False,,,True,True,True,,,,,
functional_cell,llama,seqkd,40.0,E_mathHeld,E_math,0.01,14.0,0.0018533354164091,-0.0002118224964179,-0.0020651579128271,True,,,True,True,True,,,,,
functional_cell,llama,seqkd,40.0,E_mathHeld,E_math,0.025,14.0,0.0028677059399708,-0.0002031604019895,-0.0030708663419603,True,,,True,True,True,,,,,
functional_cell,llama,seqkd,40.0,E_mathHeld,E_math,0.05,14.0,0.0047263562603743,0.0003524512379406,-0.0043739050224337,False,,,True,True,True,,,,,
functional_cell,llama,seqkd,40.0,E_mathHeld,E_math,0.1,14.0,0.0005099898622525,0.0007139858071535,0.000203995944901,False,,,True,True,True,,,,,
functional_cell,llama,seqkd,40.0,E_mmluPro,E_ood,0.01,14.0,0.0045809348324094,0.0016746656265858,-0.0029062692058236,False,,,True,True,True,,,,,
functional_cell,llama,seqkd,40.0,E_mmluPro,E_ood,0.025,14.0,0.0068801383789913,0.0027891849915117,-0.0040909533874796,False,,,True,True,True,,,,,
functional_cell,llama,seqkd,40.0,E_mmluPro,E_ood,0.05,14.0,0.0080940739966349,0.0042558526169989,-0.003838221379636,False,,,True,True,True,,,,,
functional_cell,llama,seqkd,40.0,E_mmluPro,E_ood,0.1,14.0,0.0089665475822552,0.0076751178346695,-0.0012914297475857,False,,,True,True,True,,,,,
functional_cell,llama,seqkd,80.0,E_general,E_general,0.01,14.0,0.0017041074064826,-0.0011926696694599,-0.0028967770759425,True,,,True,True,True,,,,,
functional_cell,llama,seqkd,80.0,E_general,E_general,0.025,14.0,0.0032936007831483,-0.0014417460884549,-0.0047353468716033,True,,,True,True,True,,,,,
functional_cell,llama,seqkd,80.0,E_general,E_general,0.05,14.0,0.0045283245128396,-0.0011101031317819,-0.0056384276446215,True,,,True,True,True,,,,,
functional_cell,llama,seqkd,80.0,E_general,E_general,0.1,14.0,0.0021105865832134,-0.0010451787835012,-0.0031557653667146,True,,,True,True,True,,,,,
functional_cell,llama,seqkd,80.0,E_ifeval,E_if,0.01,14.0,0.0072224520783841,0.0034585688655694,-0.0037638832128147,False,,,True,True,True,,,,,
functional_cell,llama,seqkd,80.0,E_ifeval,E_if,0.025,14.0,0.0100518088039907,0.0063502986273153,-0.0037015101766754,False,,,True,True,True,,,,,
functional_cell,llama,seqkd,80.0,E_ifeval,E_if,0.05,14.0,0.0128378280866562,0.0094468822238131,-0.0033909458628431,False,,,True,True,True,,,,,
functional_cell,llama,seqkd,80.0,E_ifeval,E_if,0.1,14.0,0.0132290341022712,0.0139751931977252,0.0007461590954539,False,,,True,True,True,,,,,
functional_cell,llama,seqkd,80.0,E_mathHeld,E_math,0.01,14.0,0.0045818584685256,0.0015756882776099,-0.0030061701909157,False,,,True,True,True,,,,,
functional_cell,llama,seqkd,80.0,E_mathHeld,E_math,0.025,14.0,0.0069380488446422,0.0032004478696786,-0.0037376009749636,False,,,True,True,True,,,,,
functional_cell,llama,seqkd,80.0,E_mathHeld,E_math,0.05,14.0,0.0073571524138928,0.0040355658528665,-0.0033215865610263,False,,,True,True,True,,,,,
functional_cell,llama,seqkd,80.0,E_mathHeld,E_math,0.1,14.0,0.007607825478278,0.0106509556695892,0.0030431301913112,False,,,True,True,True,,,,,
functional_cell,llama,seqkd,80.0,E_mmluPro,E_ood,0.01,14.0,0.0061489884794438,0.0023298065593917,-0.003819181920052,False,,,True,True,True,,,,,
functional_cell,llama,seqkd,80.0,E_mmluPro,E_ood,0.025,14.0,0.010092762626533,0.0043452234823897,-0.0057475391441433,False,,,True,True,True,,,,,
functional_cell,llama,seqkd,80.0,E_mmluPro,E_ood,0.05,14.0,0.0126429546822568,0.0068004671189047,-0.005842487563352,False,,,True,True,True,,,,,
functional_cell,llama,seqkd,80.0,E_mmluPro,E_ood,0.1,14.0,0.0117960572892667,0.0116364314244856,-0.0001596258647811,False,,,True,True,True,,,,,
functional_cell,llama,seqkd,160.0,E_general,E_general,0.01,14.0,0.0032776363869558,-0.0009234477865854,-0.0042010841735413,True,,,True,True,True,,,,,
functional_cell,llama,seqkd,160.0,E_general,E_general,0.025,14.0,0.0056291262968361,-0.0008248083051088,-0.006453934601945,True,,,True,True,True,,,,,
functional_cell,llama,seqkd,160.0,E_general,E_general,0.05,14.0,0.0076086478450412,0.0001184964494472,-0.007490151395594,False,,,True,True,True,,,,,
functional_cell,llama,seqkd,160.0,E_general,E_general,0.1,14.0,0.0098489325868452,0.0016218389549167,-0.0082270936319285,False,,,True,True,True,,,,,
functional_cell,llama,seqkd,160.0,E_ifeval,E_if,0.01,14.0,0.0091400314967765,0.0037139184916224,-0.0054261130051541,False,,,True,True,True,,,,,
functional_cell,llama,seqkd,160.0,E_ifeval,E_if,0.025,14.0,0.0133083765559758,0.0068400863328108,-0.006468290223165,False,,,True,True,True,,,,,
functional_cell,llama,seqkd,160.0,E_ifeval,E_if,0.05,14.0,0.017411881558183,0.010846777794457,-0.006565103763726,False,,,True,True,True,,,,,
functional_cell,llama,seqkd,160.0,E_ifeval,E_if,0.1,14.0,0.0149102801502528,0.0163289376648994,0.0014186575146465,False,,,True,True,True,,,,,
functional_cell,llama,seqkd,160.0,E_mathHeld,E_math,0.01,14.0,0.0053303232291816,0.0008400647659507,-0.0044902584632309,False,,,True,True,True,,,,,
functional_cell,llama,seqkd,160.0,E_mathHeld,E_math,0.025,14.0,0.0069276545098498,0.0008910240060975,-0.0060366305037523,False,,,True,True,True,,,,,
functional_cell,llama,seqkd,160.0,E_mathHeld,E_math,0.05,14.0,0.0091782296529727,0.0022623740338104,-0.0069158556191622,False,,,True,True,True,,,,,
functional_cell,llama,seqkd,160.0,E_mathHeld,E_math,0.1,14.0,0.0064816097366417,0.0038110957365615,-0.0026705140000801,False,,,True,True,True,,,,,
functional_cell,llama,seqkd,160.0,E_mmluPro,E_ood,0.01,14.0,0.0084031676773663,0.0032821733463599,-0.0051209943310064,False,,,True,True,True,,,,,
functional_cell,llama,seqkd,160.0,E_mmluPro,E_ood,0.025,14.0,0.0129328837473816,0.0058089086570708,-0.0071239750903107,False,,,True,True,True,,,,,
functional_cell,llama,seqkd,160.0,E_mmluPro,E_ood,0.05,14.0,0.016825447921585,0.0088321391959994,-0.0079933087255855,False,,,True,True,True,,,,,
functional_cell,llama,seqkd,160.0,E_mmluPro,E_ood,0.1,14.0,0.0141697148951948,0.0149595520727849,0.0007898371775901,False,,,True,True,True,,,,,
functional_cell,llama,seqkd,320.0,E_general,E_general,0.01,14.0,0.0033747449242332,-0.001365530516478,-0.0047402754407113,True,,,True,True,True,,,,,
functional_cell,llama,seqkd,320.0,E_general,E_general,0.025,14.0,0.0061921746198207,-0.0015497374491461,-0.0077419120689668,True,,,True,True,True,,,,,
functional_cell,llama,seqkd,320.0,E_general,E_general,0.05,14.0,0.0078326791612637,-0.0008499109898925,-0.0086825901511563,True,,,True,True,True,,,,,
functional_cell,llama,seqkd,320.0,E_general,E_general,0.1,14.0,0.009322604312542,0.0008849793708922,-0.0084376249416498,False,,,True,True,True,,,,,
functional_cell,llama,seqkd,320.0,E_ifeval,E_if,0.01,14.0,0.0108095437343636,0.0045191445269359,-0.0062903992074277,False,,,True,True,True,,,,,
functional_cell,llama,seqkd,320.0,E_ifeval,E_if,0.025,14.0,0.0155896891050063,0.0076755957323425,-0.0079140933726638,False,,,True,True,True,,,,,
functional_cell,llama,seqkd,320.0,E_ifeval,E_if,0.05,14.0,0.0209326484770656,0.0122535536728805,-0.008679094804185,False,,,True,True,True,,,,,
functional_cell,llama,seqkd,320.0,E_ifeval,E_if,0.1,14.0,0.0232208953407632,0.0186564396242547,-0.0045644557165085,False,,,True,True,True,,,,,
functional_cell,llama,seqkd,320.0,E_mathHeld,E_math,0.01,14.0,0.0075511166726204,0.0021657014101874,-0.0053854152624329,False,,,True,True,True,,,,,
functional_cell,llama,seqkd,320.0,E_mathHeld,E_math,0.025,14.0,0.0108614839333514,0.0031419749425894,-0.0077195089907619,False,,,True,True,True,,,,,
functional_cell,llama,seqkd,320.0,E_mathHeld,E_math,0.05,14.0,0.0144340324107724,0.0052977979409621,-0.0091362344698102,False,,,True,True,True,,,,,
functional_cell,llama,seqkd,320.0,E_mathHeld,E_math,0.1,14.0,0.0099203478692574,0.0086253291222235,-0.0012950187470338,False,,,True,True,True,,,,,
functional_cell,llama,seqkd,320.0,E_mmluPro,E_ood,0.01,14.0,0.0096167117226728,0.0033818805269163,-0.0062348311957564,False,,,True,True,True,,,,,
functional_cell,llama,seqkd,320.0,E_mmluPro,E_ood,0.025,14.0,0.0150773509022218,0.0062986782793403,-0.0087786726228815,False,,,True,True,True,,,,,
functional_cell,llama,seqkd,320.0,E_mmluPro,E_ood,0.05,14.0,0.020482517147705,0.0101282176546026,-0.0103542994931023,False,,,True,True,True,,,,,
functional_cell,llama,seqkd,320.0,E_mmluPro,E_ood,0.1,14.0,0.0192726690224689,0.0172256390704809,-0.002047029951988,False,,,True,True,True,,,,,
functional_cell,llama,sft,5.0,E_general,E_general,0.01,14.0,0.0003561511164253,0.0004986115629954,0.0001424604465701,False,,,True,True,True,,,,,
functional_cell,llama,sft,5.0,E_general,E_general,0.025,14.0,0.000890244835291,0.0012463427694074,0.0003560979341164,False,,,True,True,True,,,,,
functional_cell,llama,sft,5.0,E_general,E_general,0.05,14.0,-0.0002410348671161,0.0014643529878392,0.0017053878549553,True,,,True,True,True,,,,,
functional_cell,llama,sft,5.0,E_general,E_general,0.1,14.0,0.0011462350951158,0.0016047291331622,0.0004584940380463,False,,,True,True,True,,,,,
functional_cell,llama,sft,5.0,E_ifeval,E_if,0.01,14.0,0.0022272240700092,0.0019034829181647,-0.0003237411518444,False,,,True,True,True,,,,,
functional_cell,llama,sft,5.0,E_ifeval,E_if,0.025,14.0,0.0029678489386932,0.0028604901322934,-0.0001073588063997,False,,,True,True,True,,,,,
functional_cell,llama,sft,5.0,E_ifeval,E_if,0.05,14.0,0.004654168629913,0.0044750197553476,-0.0001791488745653,False,,,True,True,True,,,,,
functional_cell,llama,sft,5.0,E_ifeval,E_if,0.1,14.0,0.0039396461395832,0.0055155045954165,0.0015758584558333,False,,,True,True,True,,,,,
functional_cell,llama,sft,5.0,E_mathHeld,E_math,0.01,14.0,0.0019562307634589,0.0022272141174358,0.0002709833539769,False,,,True,True,True,,,,,
functional_cell,llama,sft,5.0,E_mathHeld,E_math,0.025,14.0,0.0021797600567896,0.002090125617967,-8.963443882259187e-05,False,,,True,True,True,,,,,
functional_cell,llama,sft,5.0,E_mathHeld,E_math,0.05,14.0,0.0020592531439172,0.0028829544014841,0.0008237012575669,False,,,True,True,True,,,,,
functional_cell,llama,sft,5.0,E_mathHeld,E_math,0.1,14.0,0.0043777990716766,0.0061289187003472,0.0017511196286706,False,,,True,True,True,,,,,
functional_cell,llama,sft,5.0,E_mmluPro,E_ood,0.01,14.0,0.0013621644213689,0.0013028005826657,-5.936383870319413e-05,False,,,True,True,True,,,,,
functional_cell,llama,sft,5.0,E_mmluPro,E_ood,0.025,14.0,0.0014831704417289,0.0020764386184204,0.0005932681766915,False,,,True,True,True,,,,,
functional_cell,llama,sft,5.0,E_mmluPro,E_ood,0.05,14.0,0.0019278255886273,0.0026989558240783,0.0007711302354509,False,,,True,True,True,,,,,
functional_cell,llama,sft,5.0,E_mmluPro,E_ood,0.1,14.0,0.0032840689676778,0.004597696554749,0.0013136275870711,False,,,True,True,True,,,,,
functional_cell,llama,sft,20.0,E_general,E_general,0.01,14.0,0.0016746636016153,0.0023445290422614,0.0006698654406461,False,,,True,True,True,,,,,
functional_cell,llama,sft,20.0,E_general,E_general,0.025,14.0,0.0027398643751257,0.0038358101251759,0.0010959457500502,False,,,True,True,True,,,,,
functional_cell,llama,sft,20.0,E_general,E_general,0.05,14.0,0.0025813480882225,0.0054156891253133,0.0028343410370908,False,,,True,True,True,,,,,
functional_cell,llama,sft,20.0,E_general,E_general,0.1,14.0,0.0029524102894285,0.0083000410718666,0.005347630782438,False,,,True,True,True,,,,,
functional_cell,llama,sft,20.0,E_ifeval,E_if,0.01,14.0,0.0054638834117436,0.0052201752167448,-0.0002437081949988,False,,,True,True,True,,,,,
functional_cell,llama,sft,20.0,E_ifeval,E_if,0.025,14.0,0.0070031737036201,0.0078626956122526,0.0008595219086325,False,,,True,True,True,,,,,
functional_cell,llama,sft,20.0,E_ifeval,E_if,0.05,14.0,0.0093565421481198,0.0116176775258862,0.0022611353777664,False,,,True,True,True,,,,,
functional_cell,llama,sft,20.0,E_ifeval,E_if,0.1,14.0,0.0111781742803637,0.0156494439925092,0.0044712697121455,False,,,True,True,True,,,,,
functional_cell,llama,sft,20.0,E_mathHeld,E_math,0.01,14.0,0.008329077560386,0.0088542165051496,0.0005251389447635,False,,,True,True,True,,,,,
functional_cell,llama,sft,20.0,E_mathHeld,E_math,0.025,14.0,0.0102070264510961,0.0114052216469191,0.001198195195823,False,,,True,True,True,,,,,
functional_cell,llama,sft,20.0,E_mathHeld,E_math,0.05,14.0,0.0150768611887338,0.0148431581376439,-0.0002337030510899,False,,,True,True,True,,,,,
functional_cell,llama,sft,20.0,E_mathHeld,E_math,0.1,14.0,0.0148335367678757,0.020766951475026,0.0059334147071502,False,,,True,True,True,,,,,
functional_cell,llama,sft,20.0,E_mmluPro,E_ood,0.01,14.0,0.0035080334544426,0.0049703671460501,0.0014623336916075,False,,,True,True,True,,,,,
functional_cell,llama,sft,20.0,E_mmluPro,E_ood,0.025,14.0,0.004709431627696,0.0079820931676633,0.0032726615399673,False,,,True,True,True,,,,,
functional_cell,llama,sft,20.0,E_mmluPro,E_ood,0.05,14.0,0.0049593135501544,0.010766857428181,0.0058075438780265,False,,,True,True,True,,,,,
functional_cell,llama,sft,20.0,E_mmluPro,E_ood,0.1,14.0,0.0024759875114042,0.0134726364246589,0.0109966489132546,False,,,True,True,True,,,,,
functional_cell,llama,sft,40.0,E_general,E_general,0.01,14.0,0.0023155171015791,0.0029527066011703,0.0006371894995911,False,,,True,True,True,,,,,
functional_cell,llama,sft,40.0,E_general,E_general,0.025,14.0,0.0035589691813392,0.0044127562840743,0.0008537871027351,False,,,True,True,True,,,,,
functional_cell,llama,sft,40.0,E_general,E_general,0.05,14.0,0.0032110349942533,0.0062972507937564,0.0030862157995031,False,,,True,True,True,,,,,
functional_cell,llama,sft,40.0,E_general,E_general,0.1,14.0,0.0037575210990276,0.0094271962053053,0.0056696751062777,False,,,True,True,True,,,,,
functional_cell,llama,sft,40.0,E_ifeval,E_if,0.01,14.0,0.0060644259808006,0.0060057243234314,-5.870165736919248e-05,False,,,True,True,True,,,,,
functional_cell,llama,sft,40.0,E_ifeval,E_if,0.025,14.0,0.0075112673225156,0.0089906072750019,0.0014793399524862,False,,,True,True,True,,,,,
functional_cell,llama,sft,40.0,E_ifeval,E_if,0.05,14.0,0.010349607479659,0.0130079689900412,0.0026583615103821,False,,,True,True,True,,,,,
functional_cell,llama,sft,40.0,E_ifeval,E_if,0.1,14.0,0.0092893476142263,0.0177669914218217,0.0084776438075953,False,,,True,True,True,,,,,
functional_cell,llama,sft,40.0,E_mathHeld,E_math,0.01,14.0,0.0106469749033067,0.0098042896572543,-0.0008426852460523,False,,,True,True,True,,,,,
functional_cell,llama,sft,40.0,E_mathHeld,E_math,0.025,14.0,0.0137906311530813,0.0131658579732882,-0.0006247731797931,False,,,True,True,True,,,,,
functional_cell,llama,sft,40.0,E_mathHeld,E_math,0.05,14.0,0.0169351369835403,0.0155029966775574,-0.0014321403059828,False,,,True,True,True,,,,,
functional_cell,llama,sft,40.0,E_mathHeld,E_math,0.1,14.0,0.0193282661857826,0.0217964147653588,0.0024681485795762,False,,,True,True,True,,,,,
functional_cell,llama,sft,40.0,E_mmluPro,E_ood,0.01,14.0,0.0036133895749989,0.0050587454049984,0.0014453558299995,False,,,True,True,True,,,,,
functional_cell,llama,sft,40.0,E_mmluPro,E_ood,0.025,14.0,0.0043634308295917,0.0079268431114908,0.0035634122818991,False,,,True,True,True,,,,,
functional_cell,llama,sft,40.0,E_mmluPro,E_ood,0.05,14.0,0.0061543218549006,0.0108138527946631,0.0046595309397624,False,,,True,True,True,,,,,
functional_cell,llama,sft,40.0,E_mmluPro,E_ood,0.1,14.0,0.006007456480154,0.0135386442004208,0.0075311877202667,False,,,True,True,True,,,,,
functional_cell,llama,sft,80.0,E_general,E_general,0.01,14.0,0.0040228461732196,0.0039425819450123,-8.026422820732633e-05,False,,,True,True,True,,,,,
functional_cell,llama,sft,80.0,E_general,E_general,0.025,14.0,0.0058504264841702,0.0064811953684366,0.0006307688842663,False,,,True,True,True,,,,,
functional_cell,llama,sft,80.0,E_general,E_general,0.05,14.0,0.0064104414610124,0.0094943685651679,0.0030839271041554,False,,,True,True,True,,,,,
functional_cell,llama,sft,80.0,E_general,E_general,0.1,14.0,0.0123824396250272,0.0133354154750381,0.0009529758500108,False,,,True,True,True,,,,,
functional_cell,llama,sft,80.0,E_ifeval,E_if,0.01,14.0,0.0115286048901841,0.0102739322844911,-0.001254672605693,False,,,True,True,True,,,,,
functional_cell,llama,sft,80.0,E_ifeval,E_if,0.025,14.0,0.0163260695645728,0.0159674248847213,-0.0003586446798515,False,,,True,True,True,,,,,
functional_cell,llama,sft,80.0,E_ifeval,E_if,0.05,14.0,0.0219905772498743,0.0228200658973675,0.0008294886474932,False,,,True,True,True,,,,,
functional_cell,llama,sft,80.0,E_ifeval,E_if,0.1,14.0,0.0250142248400954,0.030474460230679,0.0054602353905836,False,,,True,True,True,,,,,
functional_cell,llama,sft,80.0,E_mathHeld,E_math,0.01,14.0,0.0171933793356994,0.015402307509449,-0.0017910718262503,False,,,True,True,True,,,,,
functional_cell,llama,sft,80.0,E_mathHeld,E_math,0.025,14.0,0.0221913088904973,0.0207088580877219,-0.0014824508027754,False,,,True,True,True,,,,,
functional_cell,llama,sft,80.0,E_mathHeld,E_math,0.05,14.0,0.029831230728017,0.0272930803932414,-0.0025381503347756,False,,,True,True,True,,,,,
functional_cell,llama,sft,80.0,E_mathHeld,E_math,0.1,14.0,0.0377248041891015,0.0370252521805316,-0.0006995520085698,False,,,True,True,True,,,,,
functional_cell,llama,sft,80.0,E_mmluPro,E_ood,0.01,14.0,0.0075218099461232,0.0079953748759085,0.0004735649297852,False,,,True,True,True,,,,,
functional_cell,llama,sft,80.0,E_mmluPro,E_ood,0.025,14.0,0.0100028653452019,0.0126151225943938,0.0026122572491918,False,,,True,True,True,,,,,
functional_cell,llama,sft,80.0,E_mmluPro,E_ood,0.05,14.0,0.0121748801489707,0.0176166181461986,0.0054417379972279,False,,,True,True,True,,,,,
functional_cell,llama,sft,80.0,E_mmluPro,E_ood,0.1,14.0,0.0150904987155856,0.0262549033300249,0.0111644046144393,False,,,True,True,True,,,,,
functional_cell,llama,sft,160.0,E_general,E_general,0.01,14.0,0.006401572027191,0.006161430125158,-0.000240141902033,False,,,True,True,True,,,,,
functional_cell,llama,sft,160.0,E_general,E_general,0.025,14.0,0.0097059830697317,0.0097959772222064,8.999415247474066e-05,False,,,True,True,True,,,,,
functional_cell,llama,sft,160.0,E_general,E_general,0.05,14.0,0.0128585665504089,0.0141558393244186,0.0012972727740097,False,,,True,True,True,,,,,
functional_cell,llama,sft,160.0,E_general,E_general,0.1,14.0,0.0173387000607402,0.0202741800850363,0.002935480024296,False,,,True,True,True,,,,,
functional_cell,llama,sft,160.0,E_ifeval,E_if,0.01,14.0,0.0180224818914686,0.0157214677467447,-0.0023010141447238,False,,,True,True,True,,,,,
functional_cell,llama,sft,160.0,E_ifeval,E_if,0.025,14.0,0.0256327159445158,0.0242800734784193,-0.0013526424660964,False,,,True,True,True,,,,,
functional_cell,llama,sft,160.0,E_ifeval,E_if,0.05,14.0,0.0341063981740746,0.0347784359017543,0.0006720377276797,False,,,True,True,True,,,,,
functional_cell,llama,sft,160.0,E_ifeval,E_if,0.1,14.0,0.0412265755702449,0.0486262967074338,0.0073997211371888,False,,,True,True,True,,,,,
functional_cell,llama,sft,160.0,E_mathHeld,E_math,0.01,14.0,0.0228505916453088,0.0210274216149179,-0.0018231700303908,False,,,True,True,True,,,,,
functional_cell,llama,sft,160.0,E_mathHeld,E_math,0.025,14.0,0.0298264655511115,0.0281416671561715,-0.0016847983949399,False,,,True,True,True,,,,,
functional_cell,llama,sft,160.0,E_mathHeld,E_math,0.05,14.0,0.0382077929135546,0.0370785198801785,-0.001129273033376,False,,,True,True,True,,,,,
functional_cell,llama,sft,160.0,E_mathHeld,E_math,0.1,14.0,0.0478072742183329,0.0511407102214555,0.0033334360031226,False,,,True,True,True,,,,,
functional_cell,llama,sft,160.0,E_mmluPro,E_ood,0.01,14.0,0.0118350607985745,0.0114987670206763,-0.0003362937778982,False,,,True,True,True,,,,,
functional_cell,llama,sft,160.0,E_mmluPro,E_ood,0.025,14.0,0.0174072310564056,0.0186507102455096,0.001243479189104,False,,,True,True,True,,,,,
functional_cell,llama,sft,160.0,E_mmluPro,E_ood,0.05,14.0,0.02255041751608,0.0266925357420242,0.0041421182259442,False,,,True,True,True,,,,,
functional_cell,llama,sft,160.0,E_mmluPro,E_ood,0.1,14.0,0.0315883221671892,0.0393456022535771,0.0077572800863878,False,,,True,True,True,,,,,
functional_cell,llama,sft,320.0,E_general,E_general,0.01,14.0,0.0082436501254555,0.0073399541062736,-0.0009036960191819,False,,,True,True,True,,,,,
functional_cell,llama,sft,320.0,E_general,E_general,0.025,14.0,0.0124970858935172,0.01162052380949,-0.0008765620840272,False,,,True,True,True,,,,,
functional_cell,llama,sft,320.0,E_general,E_general,0.05,14.0,0.0155872505031539,0.0166939455762104,0.0011066950730564,False,,,True,True,True,,,,,
functional_cell,llama,sft,320.0,E_general,E_general,0.1,14.0,0.0200183943545135,0.0240257520963189,0.0040073577418054,False,,,True,True,True,,,,,
functional_cell,llama,sft,320.0,E_ifeval,E_if,0.01,14.0,0.0193332499564464,0.0166593725753259,-0.0026738773811205,False,,,True,True,True,,,,,
functional_cell,llama,sft,320.0,E_ifeval,E_if,0.025,14.0,0.0282214626390808,0.0261932398726378,-0.0020282227664429,False,,,True,True,True,,,,,
functional_cell,llama,sft,320.0,E_ifeval,E_if,0.05,14.0,0.0369272992981068,0.0372462159939179,0.0003189166958111,False,,,True,True,True,,,,,
functional_cell,llama,sft,320.0,E_ifeval,E_if,0.1,14.0,0.0434855827398277,0.0517889067448498,0.008303324005022,False,,,True,True,True,,,,,
functional_cell,llama,sft,320.0,E_mathHeld,E_math,0.01,14.0,0.0284229007881524,0.0262847239645572,-0.0021381768235952,False,,,True,True,True,,,,,
functional_cell,llama,sft,320.0,E_mathHeld,E_math,0.025,14.0,0.036756725356148,0.0355491590883508,-0.0012075662677971,False,,,True,True,True,,,,,
functional_cell,llama,sft,320.0,E_mathHeld,E_math,0.05,14.0,0.0475846667425565,0.0458834432870132,-0.0017012234555432,False,,,True,True,True,,,,,
functional_cell,llama,sft,320.0,E_mathHeld,E_math,0.1,14.0,0.0578659585094928,0.0652228682290794,0.0073569097195866,False,,,True,True,True,,,,,
functional_cell,llama,sft,320.0,E_mmluPro,E_ood,0.01,14.0,0.0156812489687871,0.0143482714103098,-0.0013329775584772,False,,,True,True,True,,,,,
functional_cell,llama,sft,320.0,E_mmluPro,E_ood,0.025,14.0,0.0235698750180332,0.0229478874472191,-0.0006219875708141,False,,,True,True,True,,,,,
functional_cell,llama,sft,320.0,E_mmluPro,E_ood,0.05,14.0,0.0295081242713297,0.032609506741409,0.0031013824700792,False,,,True,True,True,,,,,
functional_cell,llama,sft,320.0,E_mmluPro,E_ood,0.1,14.0,0.0380163077091864,0.0483447820123732,0.0103284743031867,False,,,True,True,True,,,,,
functional_cell,qwen,base,0.0,E_general,E_general,0.01,18.0,0.0,0.0,0.0,False,,,False,True,True,,,,,
functional_cell,qwen,base,0.0,E_general,E_general,0.025,18.0,0.0,0.0,0.0,False,,,False,True,True,,,,,
functional_cell,qwen,base,0.0,E_general,E_general,0.05,18.0,0.0,0.0,0.0,False,,,False,True,True,,,,,
functional_cell,qwen,base,0.0,E_general,E_general,0.1,18.0,0.0,0.0,0.0,False,,,False,True,True,,,,,
functional_cell,qwen,base,0.0,E_ifeval,E_if,0.01,18.0,0.0,0.0,0.0,False,,,False,True,True,,,,,
functional_cell,qwen,base,0.0,E_ifeval,E_if,0.025,18.0,0.0,0.0,0.0,False,,,False,True,True,,,,,
functional_cell,qwen,base,0.0,E_ifeval,E_if,0.05,18.0,0.0,0.0,0.0,False,,,False,True,True,,,,,
functional_cell,qwen,base,0.0,E_ifeval,E_if,0.1,18.0,0.0,0.0,0.0,False,,,False,True,True,,,,,
functional_cell,qwen,base,0.0,E_mathHeld,E_math,0.01,18.0,0.0,0.0,0.0,False,,,False,True,True,,,,,
functional_cell,qwen,base,0.0,E_mathHeld,E_math,0.025,18.0,0.0,0.0,0.0,False,,,False,True,True,,,,,
functional_cell,qwen,base,0.0,E_mathHeld,E_math,0.05,18.0,0.0,0.0,0.0,False,,,False,True,True,,,,,
functional_cell,qwen,base,0.0,E_mathHeld,E_math,0.1,18.0,0.0,0.0,0.0,False,,,False,True,True,,,,,
functional_cell,qwen,base,0.0,E_mmluPro,E_ood,0.01,18.0,0.0,0.0,0.0,False,,,False,True,True,,,,,
functional_cell,qwen,base,0.0,E_mmluPro,E_ood,0.025,18.0,0.0,0.0,0.0,False,,,False,True,True,,,,,
functional_cell,qwen,base,0.0,E_mmluPro,E_ood,0.05,18.0,0.0,0.0,0.0,False,,,False,True,True,,,,,
functional_cell,qwen,base,0.0,E_mmluPro,E_ood,0.1,18.0,0.0,0.0,0.0,False,,,False,True,True,,,,,
functional_cell,qwen,offkd,5.0,E_general,E_general,0.01,18.0,0.0006018337223714,0.00034256721132,-0.0002592665110514,False,,,True,True,True,,,,,
functional_cell,qwen,offkd,5.0,E_general,E_general,0.025,18.0,0.0002098255720536,0.0002937558008751,8.393022882147505e-05,False,,,True,True,True,,,,,
functional_cell,qwen,offkd,5.0,E_general,E_general,0.05,18.0,0.0008918990115232,0.0012486586161325,0.0003567596046092,False,,,True,True,True,,,,,
functional_cell,qwen,offkd,5.0,E_general,E_general,0.1,18.0,0.000595238095238,0.0008333333333333,0.0002380952380952,False,,,True,True,True,,,,,
functional_cell,qwen,offkd,5.0,E_ifeval,E_if,0.01,18.0,-0.0009247651034214,-0.000531312366164,0.0003934527372573,False,,,True,True,True,,,,,
functional_cell,qwen,offkd,5.0,E_ifeval,E_if,0.025,18.0,-0.0010115101533529,-0.000459176415651,0.0005523337377018,False,,,True,True,True,,,,,
functional_cell,qwen,offkd,5.0,E_ifeval,E_if,0.05,18.0,-0.0003393438120589,-0.0004750813368825,-0.0001357375248235,False,,,True,True,True,,,,,
functional_cell,qwen,offkd,5.0,E_ifeval,E_if,0.1,18.0,-0.0005746897498612,-0.0008045656498057,-0.0002298758999444,False,,,True,True,True,,,,,
functional_cell,qwen,offkd,5.0,E_mathHeld,E_math,0.01,18.0,-0.0006377637050197,-0.0006304019954266,7.3617095931439004e-06,False,,,True,True,True,,,,,
functional_cell,qwen,offkd,5.0,E_mathHeld,E_math,0.025,18.0,-0.0003123043543712,-0.0004372260961197,-0.0001249217417485,False,,,True,True,True,,,,,
functional_cell,qwen,offkd,5.0,E_mathHeld,E_math,0.05,18.0,-0.0006794774869115,-0.0009512684816761,-0.0002717909947646,False,,,True,True,True,,,,,
functional_cell,qwen,offkd,5.0,E_mathHeld,E_math,0.1,18.0,-0.0012124455187579,-0.001697423726261,-0.0004849782075031,False,,,True,True,True,,,,,
functional_cell,qwen,offkd,5.0,E_mmluPro,E_ood,0.01,18.0,-0.0019849406975258,-0.0011135213270463,0.0008714193704794,False,,,True,True,True,,,,,
functional_cell,qwen,offkd,5.0,E_mmluPro,E_ood,0.025,18.0,-0.0023540439722056,-0.0014088691082577,0.0009451748639479,False,,,True,True,True,,,,,
functional_cell,qwen,offkd,5.0,E_mmluPro,E_ood,0.05,18.0,-0.0041251986005318,-0.0024694929167776,0.0016557056837541,False,,,True,True,True,,,,,
functional_cell,qwen,offkd,5.0,E_mmluPro,E_ood,0.1,18.0,-0.0055893550178557,-0.002825097024998,0.0027642579928577,False,,,True,True,True,,,,,
functional_cell,qwen,offkd,10.0,E_general,E_general,0.01,18.0,0.000510406857009,0.0004394664361262,-7.094042088276437e-05,False,,,True,True,True,,,,,
functional_cell,qwen,offkd,10.0,E_general,E_general,0.025,18.0,0.0004563659796969,0.0006389123715757,0.0001825463918787,False,,,True,True,True,,,,,
functional_cell,qwen,offkd,10.0,E_general,E_general,0.05,18.0,0.0010956895148857,0.00153396532084,0.0004382758059543,False,,,True,True,True,,,,,
functional_cell,qwen,offkd,10.0,E_general,E_general,0.1,18.0,0.0009930594368108,0.0013902832115351,0.0003972237747243,False,,,True,True,True,,,,,
functional_cell,qwen,offkd,10.0,E_ifeval,E_if,0.01,18.0,-0.0019480442039248,-0.0015822237175558,0.0003658204863689,False,,,True,True,True,,,,,
functional_cell,qwen,offkd,10.0,E_ifeval,E_if,0.025,18.0,-0.003796736468179,-0.0017755391972019,0.002021197270977,False,,,True,True,True,,,,,
functional_cell,qwen,offkd,10.0,E_ifeval,E_if,0.05,18.0,-0.0021957342269177,-0.0030740279176848,-0.0008782936907671,False,,,True,True,True,,,,,
functional_cell,qwen,offkd,10.0,E_ifeval,E_if,0.1,18.0,-0.0033546951425569,-0.0046965731995797,-0.0013418780570227,False,,,True,True,True,,,,,
functional_cell,qwen,offkd,10.0,E_mathHeld,E_math,0.01,18.0,-0.0016053171665826,-0.0011715454626858,0.0004337717038968,False,,,True,True,True,,,,,
functional_cell,qwen,offkd,10.0,E_mathHeld,E_math,0.025,18.0,-0.0022893854014047,-0.0016192340182774,0.0006701513831273,False,,,True,True,True,,,,,
functional_cell,qwen,offkd,10.0,E_mathHeld,E_math,0.05,18.0,-0.0041056031863645,-0.0020101187719651,0.0020954844143993,False,,,True,True,True,,,,,
functional_cell,qwen,offkd,10.0,E_mathHeld,E_math,0.1,18.0,-0.0025692325469932,-0.0035969255657905,-0.0010276930187972,False,,,True,True,True,,,,,
functional_cell,qwen,offkd,10.0,E_mmluPro,E_ood,0.01,18.0,-0.002512972012777,-0.0015607943654783,0.0009521776472986,False,,,True,True,True,,,,,
functional_cell,qwen,offkd,10.0,E_mmluPro,E_ood,0.025,18.0,-0.0042127650976779,-0.0025125826489175,0.0017001824487603,False,,,True,True,True,,,,,
functional_cell,qwen,offkd,10.0,E_mmluPro,E_ood,0.05,18.0,-0.0062235602416776,-0.0036830612833472,0.0025404989583303,False,,,True,True,True,,,,,
functional_cell,qwen,offkd,10.0,E_mmluPro,E_ood,0.1,18.0,-0.0074084980923001,-0.0053718973292202,0.0020366007630799,False,,,True,True,True,,,,,
functional_cell,qwen,offkd,20.0,E_general,E_general,0.01,18.0,0.0009545068901737,0.0010612064825568,0.0001066995923831,False,,,True,True,True,,,,,
functional_cell,qwen,offkd,20.0,E_general,E_general,0.025,18.0,0.0010359588401056,0.0014503423761478,0.0004143835360422,False,,,True,True,True,,,,,
functional_cell,qwen,offkd,20.0,E_general,E_general,0.05,18.0,0.0016725786959216,0.0023416101742902,0.0006690314783686,False,,,True,True,True,,,,,
functional_cell,qwen,offkd,20.0,E_general,E_general,0.1,18.0,0.002382801012181,0.0033359214170534,0.0009531204048724,False,,,True,True,True,,,,,
functional_cell,qwen,offkd,20.0,E_ifeval,E_if,0.01,18.0,-0.0034312029442165,-0.0021626864427375,0.0012685165014789,False,,,True,True,True,,,,,
functional_cell,qwen,offkd,20.0,E_ifeval,E_if,0.025,18.0,-0.0062163058228859,-0.0032490606957054,0.0029672451271804,False,,,True,True,True,,,,,
functional_cell,qwen,offkd,20.0,E_ifeval,E_if,0.05,18.0,-0.0088233250474046,-0.0054955122092236,0.003327812838181,False,,,True,True,True,,,,,
functional_cell,qwen,offkd,20.0,E_ifeval,E_if,0.1,18.0,-0.0052723133456801,-0.0073812386839522,-0.002108925338272,False,,,True,True,True,,,,,
functional_cell,qwen,offkd,20.0,E_mathHeld,E_math,0.01,18.0,-0.0022184426076836,-0.0015049866970251,0.0007134559106585,False,,,True,True,True,,,,,
functional_cell,qwen,offkd,20.0,E_mathHeld,E_math,0.025,18.0,-0.0035750864068669,-0.0023638064549482,0.0012112799519186,False,,,True,True,True,,,,,
functional_cell,qwen,offkd,20.0,E_mathHeld,E_math,0.05,18.0,-0.0060825811631932,-0.003479186640824,0.0026033945223691,False,,,True,True,True,,,,,
functional_cell,qwen,offkd,20.0,E_mathHeld,E_math,0.1,18.0,-0.0036450010275951,-0.0051030014386332,-0.001458000411038,False,,,True,True,True,,,,,
functional_cell,qwen,offkd,20.0,E_mmluPro,E_ood,0.01,18.0,-0.0032288460299258,-0.001773534748756,0.0014553112811698,False,,,True,True,True,,,,,
functional_cell,qwen,offkd,20.0,E_mmluPro,E_ood,0.025,18.0,-0.0052659286989818,-0.0027291500555228,0.0025367786434589,False,,,True,True,True,,,,,
functional_cell,qwen,offkd,20.0,E_mmluPro,E_ood,0.05,18.0,-0.0078992384824552,-0.0043761182584524,0.0035231202240028,False,,,True,True,True,,,,,
functional_cell,qwen,offkd,20.0,E_mmluPro,E_ood,0.1,18.0,-0.0135963516028028,-0.0063425845516163,0.0072537670511865,False,,,True,True,True,,,,,
functional_cell,qwen,offkd,40.0,E_general,E_general,0.01,18.0,0.0024104881318901,0.0017742707299006,-0.0006362174019894,False,,,True,True,True,,,,,
functional_cell,qwen,offkd,40.0,E_general,E_general,0.025,18.0,0.003689646081232,0.002589531990765,-0.0011001140904669,False,,,True,True,True,,,,,
functional_cell,qwen,offkd,40.0,E_general,E_general,0.05,18.0,0.0036463884591669,0.0037160549539448,6.966649477789001e-05,False,,,True,True,True,,,,,
functional_cell,qwen,offkd,40.0,E_general,E_general,0.1,18.0,0.0032919055109888,0.0046086677153844,0.0013167622043955,False,,,True,True,True,,,,,
functional_cell,qwen,offkd,40.0,E_ifeval,E_if,0.01,18.0,-0.00179817034759,-0.0009907209293741,0.0008074494182158,False,,,True,True,True,,,,,
functional_cell,qwen,offkd,40.0,E_ifeval,E_if,0.025,18.0,-0.004381059315443,-0.0016366533843284,0.0027444059311145,False,,,True,True,True,,,,,
functional_cell,qwen,offkd,40.0,E_ifeval,E_if,0.05,18.0,-0.0069989679938355,-0.0029414123342269,0.0040575556596086,False,,,True,True,True,,,,,
functional_cell,qwen,offkd,40.0,E_ifeval,E_if,0.1,18.0,-0.0027800053926956,-0.0038920075497739,-0.0011120021570782,False,,,True,True,True,,,,,
functional_cell,qwen,offkd,40.0,E_mathHeld,E_math,0.01,18.0,-0.0007465286632097,-0.0007826729368926,-3.61442736828508e-05,False,,,True,True,True,,,,,
functional_cell,qwen,offkd,40.0,E_mathHeld,E_math,0.025,18.0,-0.0010028888722789,-0.0008763399357024,0.0001265489365765,False,,,True,True,True,,,,,
functional_cell,qwen,offkd,40.0,E_mathHeld,E_math,0.05,18.0,-0.0037627255526637,-0.0015300900847839,0.0022326354678797,False,,,True,True,True,,,,,
functional_cell,qwen,offkd,40.0,E_mathHeld,E_math,0.1,18.0,-0.001896889647733,-0.0026556455068262,-0.0007587558590932,False,,,True,True,True,,,,,
functional_cell,qwen,offkd,40.0,E_mmluPro,E_ood,0.01,18.0,-0.0009889530315921,-0.0003030802005786,0.0006858728310135,False,,,True,True,True,,,,,
functional_cell,qwen,offkd,40.0,E_mmluPro,E_ood,0.025,18.0,-0.0022582294106598,-0.0010340943223123,0.0012241350883474,False,,,True,True,True,,,,,
functional_cell,qwen,offkd,40.0,E_mmluPro,E_ood,0.05,18.0,-0.0048644360065854,-0.0017802873542182,0.0030841486523672,False,,,True,True,True,,,,,
functional_cell,qwen,offkd,40.0,E_mmluPro,E_ood,0.1,18.0,-0.0058970664290049,-0.0032558930006069,0.002641173428398,False,,,True,True,True,,,,,
functional_cell,qwen,offkd,80.0,E_general,E_general,0.01,18.0,0.0051028238643683,0.0028929217732518,-0.0022099020911164,False,,,True,True,True,,,,,
functional_cell,qwen,offkd,80.0,E_general,E_general,0.025,18.0,0.0081609558320127,0.0048273640987634,-0.0033335917332493,False,,,True,True,True,,,,,
functional_cell,qwen,offkd,80.0,E_general,E_general,0.05,18.0,0.010349913439074,0.0071644117547233,-0.0031855016843507,False,,,True,True,True,,,,,
functional_cell,qwen,offkd,80.0,E_general,E_general,0.1,18.0,0.0151392718255377,0.0100061693669416,-0.005133102458596,False,,,True,True,True,,,,,
functional_cell,qwen,offkd,80.0,E_ifeval,E_if,0.01,18.0,0.0031411677599761,0.0021690746201391,-0.0009720931398369,False,,,True,True,True,,,,,
functional_cell,qwen,offkd,80.0,E_ifeval,E_if,0.025,18.0,0.0035309424555797,0.0039863816387685,0.0004554391831888,False,,,True,True,True,,,,,
functional_cell,qwen,offkd,80.0,E_ifeval,E_if,0.05,18.0,0.0059398756810359,0.0054586830963075,-0.0004811925847284,False,,,True,True,True,,,,,
functional_cell,qwen,offkd,80.0,E_ifeval,E_if,0.1,18.0,0.0147788107303646,0.0081903350225105,-0.0065884757078541,False,,,True,True,True,,,,,
functional_cell,qwen,offkd,80.0,E_mathHeld,E_math,0.01,18.0,0.0045459219066962,0.002060696387255,-0.0024852255194411,False,,,True,True,True,,,,,
functional_cell,qwen,offkd,80.0,E_mathHeld,E_math,0.025,18.0,0.006882089571709,0.0032940953128607,-0.0035879942588483,False,,,True,True,True,,,,,
functional_cell,qwen,offkd,80.0,E_mathHeld,E_math,0.05,18.0,0.0108851457151954,0.0051663500259806,-0.0057187956892148,False,,,True,True,True,,,,,
functional_cell,qwen,offkd,80.0,E_mathHeld,E_math,0.1,18.0,0.020591027799478,0.0075908797794842,-0.0130001480199937,False,,,True,True,True,,,,,
functional_cell,qwen,offkd,80.0,E_mmluPro,E_ood,0.01,18.0,0.0035448449639814,0.0019239624535141,-0.0016208825104672,False,,,True,True,True,,,,,
functional_cell,qwen,offkd,80.0,E_mmluPro,E_ood,0.025,18.0,0.0054937535926371,0.0028074705068591,-0.002686283085778,False,,,True,True,True,,,,,
functional_cell,qwen,offkd,80.0,E_mmluPro,E_ood,0.05,18.0,0.0061556639496222,0.0035880064744696,-0.0025676574751525,False,,,True,True,True,,,,,
functional_cell,qwen,offkd,80.0,E_mmluPro,E_ood,0.1,18.0,0.0058477445715689,0.0054945347078889,-0.00035320986368,False,,,True,True,True,,,,,
functional_cell,qwen,offkd,160.0,E_general,E_general,0.01,18.0,0.0100135174026613,0.0055670674173709,-0.0044464499852903,False,,,True,True,True,,,,,
functional_cell,qwen,offkd,160.0,E_general,E_general,0.025,18.0,0.0159774484898429,0.0091724797536712,-0.0068049687361716,False,,,True,True,True,,,,,
functional_cell,qwen,offkd,160.0,E_general,E_general,0.05,18.0,0.0229510379232865,0.0139406959637909,-0.0090103419594955,False,,,True,True,True,,,,,
functional_cell,qwen,offkd,160.0,E_general,E_general,0.1,18.0,0.026821849942481,0.0203011726700562,-0.0065206772724248,False,,,True,True,True,,,,,
functional_cell,qwen,offkd,160.0,E_ifeval,E_if,0.01,18.0,0.0111965830568014,0.0070811386014748,-0.0041154444553265,False,,,True,True,True,,,,,
functional_cell,qwen,offkd,160.0,E_ifeval,E_if,0.025,18.0,0.015278368932876,0.0107700409312803,-0.0045083280015957,False,,,True,True,True,,,,,
functional_cell,qwen,offkd,160.0,E_ifeval,E_if,0.05,18.0,0.0205268769217031,0.0161661991189558,-0.0043606778027473,False,,,True,True,True,,,,,
functional_cell,qwen,offkd,160.0,E_ifeval,E_if,0.1,18.0,0.0410940040400267,0.0268497874742192,-0.0142442165658074,False,,,True,True,True,,,,,
functional_cell,qwen,offkd,160.0,E_mathHeld,E_math,0.01,18.0,0.013230613348418,0.006687974411956,-0.0065426389364619,False,,,True,True,True,,,,,
functional_cell,qwen,offkd,160.0,E_mathHeld,E_math,0.025,18.0,0.0212064069791734,0.0111941839937351,-0.0100122229854382,False,,,True,True,True,,,,,
functional_cell,qwen,offkd,160.0,E_mathHeld,E_math,0.05,18.0,0.0298079605793472,0.0165490098728537,-0.0132589507064935,False,,,True,True,True,,,,,
functional_cell,qwen,offkd,160.0,E_mathHeld,E_math,0.1,18.0,0.0480455363084094,0.0247906325522032,-0.0232549037562061,False,,,True,True,True,,,,,
functional_cell,qwen,offkd,160.0,E_mmluPro,E_ood,0.01,18.0,0.0130331651760296,0.0072590324738809,-0.0057741327021487,False,,,True,True,True,,,,,
functional_cell,qwen,offkd,160.0,E_mmluPro,E_ood,0.025,18.0,0.0194114385869596,0.0112667988180246,-0.008144639768935,False,,,True,True,True,,,,,
functional_cell,qwen,offkd,160.0,E_mmluPro,E_ood,0.05,18.0,0.0272606224077165,0.016392286588814,-0.0108683358189025,False,,,True,True,True,,,,,
functional_cell,qwen,offkd,160.0,E_mmluPro,E_ood,0.1,18.0,0.0384949344839318,0.0258159852005815,-0.0126789492833503,False,,,True,True,True,,,,,
functional_cell,qwen,offkd,320.0,E_general,E_general,0.01,18.0,0.0145617186539873,0.0082337238597364,-0.0063279947942509,False,,,True,True,True,,,,,
functional_cell,qwen,offkd,320.0,E_general,E_general,0.025,18.0,0.0226858753062233,0.0134123322506843,-0.0092735430555389,False,,,True,True,True,,,,,
functional_cell,qwen,offkd,320.0,E_general,E_general,0.05,18.0,0.0337631221136565,0.0199822352659038,-0.0137808868477527,False,,,True,True,True,,,,,
functional_cell,qwen,offkd,320.0,E_general,E_general,0.1,18.0,0.0462934334943817,0.0303119723932998,-0.0159814611010818,False,,,True,True,True,,,,,
functional_cell,qwen,offkd,320.0,E_ifeval,E_if,0.01,18.0,0.0166179477813592,0.0101831706821757,-0.0064347770991835,False,,,True,True,True,,,,,
functional_cell,qwen,offkd,320.0,E_ifeval,E_if,0.025,18.0,0.0246180040764896,0.0167657464158419,-0.0078522576606477,False,,,True,True,True,,,,,
functional_cell,qwen,offkd,320.0,E_ifeval,E_if,0.05,18.0,0.0363369940146842,0.0245860773348436,-0.0117509166798406,False,,,True,True,True,,,,,
functional_cell,qwen,offkd,320.0,E_ifeval,E_if,0.1,18.0,0.0509517349954631,0.0406506108118302,-0.0103011241836329,False,,,True,True,True,,,,,
functional_cell,qwen,offkd,320.0,E_mathHeld,E_math,0.01,18.0,0.0181192837261808,0.0092285186587043,-0.0088907650674765,False,,,True,True,True,,,,,
functional_cell,qwen,offkd,320.0,E_mathHeld,E_math,0.025,18.0,0.0289859921193856,0.0152170686170121,-0.0137689235023734,False,,,True,True,True,,,,,
functional_cell,qwen,offkd,320.0,E_mathHeld,E_math,0.05,18.0,0.0414717831695014,0.0228055075237765,-0.0186662756457249,False,,,True,True,True,,,,,
functional_cell,qwen,offkd,320.0,E_mathHeld,E_math,0.1,18.0,0.0591757531189824,0.0339213231837797,-0.0252544299352027,False,,,True,True,True,,,,,
functional_cell,qwen,offkd,320.0,E_mmluPro,E_ood,0.01,18.0,0.0180190475274534,0.0098270224232443,-0.008192025104209,False,,,True,True,True,,,,,
functional_cell,qwen,offkd,320.0,E_mmluPro,E_ood,0.025,18.0,0.0283233144659512,0.0158626484557772,-0.012460666010174,False,,,True,True,True,,,,,
functional_cell,qwen,offkd,320.0,E_mmluPro,E_ood,0.05,18.0,0.0389556578251138,0.0227054900631672,-0.0162501677619465,False,,,True,True,True,,,,,
functional_cell,qwen,offkd,320.0,E_mmluPro,E_ood,0.1,18.0,0.0542173299073474,0.0351350311010557,-0.0190822988062917,False,,,True,True,True,,,,,
functional_cell,qwen,offkd,480.0,E_general,E_general,0.01,18.0,0.0173003695071256,0.0096923192356979,-0.0076080502714276,False,,,True,True,True,,,,,
functional_cell,qwen,offkd,480.0,E_general,E_general,0.025,18.0,0.027190023589526,0.0156961383042134,-0.0114938852853125,False,,,True,True,True,,,,,
functional_cell,qwen,offkd,480.0,E_general,E_general,0.05,18.0,0.0392494210306714,0.023115364467522,-0.0161340565631493,False,,,True,True,True,,,,,
functional_cell,qwen,offkd,480.0,E_general,E_general,0.1,18.0,0.0534546526227834,0.0352094740448571,-0.0182451785779262,False,,,True,True,True,,,,,
functional_cell,qwen,offkd,480.0,E_ifeval,E_if,0.01,18.0,0.0207807448170233,0.0126374881203391,-0.0081432566966842,False,,,True,True,True,,,,,
functional_cell,qwen,offkd,480.0,E_ifeval,E_if,0.025,18.0,0.0318627090942562,0.0207854875232607,-0.0110772215709955,False,,,True,True,True,,,,,
functional_cell,qwen,offkd,480.0,E_ifeval,E_if,0.05,18.0,0.0425939585225056,0.0304886847886507,-0.0121052737338548,False,,,True,True,True,,,,,
functional_cell,qwen,offkd,480.0,E_ifeval,E_if,0.1,18.0,0.0662716288449068,0.0495984622010513,-0.0166731666438554,False,,,True,True,True,,,,,
functional_cell,qwen,offkd,480.0,E_mathHeld,E_math,0.01,18.0,0.0235317593319849,0.0122399230331093,-0.0112918362988756,False,,,True,True,True,,,,,
functional_cell,qwen,offkd,480.0,E_mathHeld,E_math,0.025,18.0,0.0371386676512198,0.0202899842740481,-0.0168486833771717,False,,,True,True,True,,,,,
functional_cell,qwen,offkd,480.0,E_mathHeld,E_math,0.05,18.0,0.0538906268951379,0.0301190347643747,-0.0237715921307632,False,,,True,True,True,,,,,
functional_cell,qwen,offkd,480.0,E_mathHeld,E_math,0.1,18.0,0.0778555425159907,0.0452880821030321,-0.0325674604129585,False,,,True,True,True,,,,,
functional_cell,qwen,offkd,480.0,E_mmluPro,E_ood,0.01,18.0,0.0217614023067872,0.0118219569833606,-0.0099394453234266,False,,,True,True,True,,,,,
functional_cell,qwen,offkd,480.0,E_mmluPro,E_ood,0.025,18.0,0.0337155613638838,0.0185280095900499,-0.0151875517738339,False,,,True,True,True,,,,,
functional_cell,qwen,offkd,480.0,E_mmluPro,E_ood,0.05,18.0,0.0465903414671694,0.0266399861760093,-0.0199503552911601,False,,,True,True,True,,,,,
functional_cell,qwen,offkd,480.0,E_mmluPro,E_ood,0.1,18.0,0.0641328009349502,0.0413243828473918,-0.0228084180875583,False,,,True,True,True,,,,,
functional_cell,qwen,offkd,624.0,E_general,E_general,0.01,18.0,0.0158787662168026,0.0087522809566186,-0.007126485260184,False,,,True,True,True,,,,,
functional_cell,qwen,offkd,624.0,E_general,E_general,0.025,18.0,0.0258267171473874,0.0143524810366318,-0.0114742361107555,False,,,True,True,True,,,,,
functional_cell,qwen,offkd,624.0,E_general,E_general,0.05,18.0,0.0378485753055343,0.0211541804523301,-0.0166943948532041,False,,,True,True,True,,,,,
functional_cell,qwen,offkd,624.0,E_general,E_general,0.1,18.0,0.0520364331610857,0.0332239667984803,-0.0188124663626053,False,,,True,True,True,,,,,
functional_cell,qwen,offkd,624.0,E_ifeval,E_if,0.01,18.0,0.0202597894157747,0.012289829947904,-0.0079699594678706,False,,,True,True,True,,,,,
functional_cell,qwen,offkd,624.0,E_ifeval,E_if,0.025,18.0,0.0315432783041732,0.0203382844171445,-0.0112049938870287,False,,,True,True,True,,,,,
functional_cell,qwen,offkd,624.0,E_ifeval,E_if,0.05,18.0,0.0450010314708689,0.0298585869163593,-0.0151424445545095,False,,,True,True,True,,,,,
functional_cell,qwen,offkd,624.0,E_ifeval,E_if,0.1,18.0,0.065352356801474,0.0483114813402455,-0.0170408754612285,False,,,True,True,True,,,,,
functional_cell,qwen,offkd,624.0,E_mathHeld,E_math,0.01,18.0,0.0222971656698557,0.0115613606725326,-0.010735804997323,False,,,True,True,True,,,,,
functional_cell,qwen,offkd,624.0,E_mathHeld,E_math,0.025,18.0,0.0354670116152903,0.019005074794723,-0.0164619368205672,False,,,True,True,True,,,,,
functional_cell,qwen,offkd,624.0,E_mathHeld,E_math,0.05,18.0,0.0512174906323874,0.0276753452952251,-0.0235421453371622,False,,,True,True,True,,,,,
functional_cell,qwen,offkd,624.0,E_mathHeld,E_math,0.1,18.0,0.0716038917190661,0.0429873838905635,-0.0286165078285025,False,,,True,True,True,,,,,
functional_cell,qwen,offkd,624.0,E_mmluPro,E_ood,0.01,18.0,0.0218842557340163,0.0117019809785615,-0.0101822747554547,False,,,True,True,True,,,,,
functional_cell,qwen,offkd,624.0,E_mmluPro,E_ood,0.025,18.0,0.0340849265965276,0.0184161900981411,-0.0156687364983864,False,,,True,True,True,,,,,
functional_cell,qwen,offkd,624.0,E_mmluPro,E_ood,0.05,18.0,0.0481774207696239,0.0272090046374621,-0.0209684161321618,False,,,True,True,True,,,,,
functional_cell,qwen,offkd,624.0,E_mmluPro,E_ood,0.1,18.0,0.0642405196981311,0.0414751891158451,-0.0227653305822859,False,,,True,True,True,,,,,
functional_cell,qwen,opd,5.0,E_general,E_general,0.01,18.0,0.002519464178773,0.0014268371955367,-0.0010926269832363,False,,,True,True,True,,,,,
functional_cell,qwen,opd,5.0,E_general,E_general,0.025,18.0,0.0034131277650833,0.0022024063481569,-0.0012107214169264,False,,,True,True,True,,,,,
functional_cell,qwen,opd,5.0,E_general,E_general,0.05,18.0,0.0059536020407909,0.0037873535749048,-0.0021662484658861,False,,,True,True,True,,,,,
functional_cell,qwen,opd,5.0,E_general,E_general,0.1,18.0,0.0075406920741468,0.0044963628431994,-0.0030443292309473,False,,,True,True,True,,,,,
functional_cell,qwen,opd,5.0,E_ifeval,E_if,0.01,18.0,0.000248327266025,0.0003476581724351,9.933090641003533e-05,False,,,True,True,True,,,,,
functional_cell,qwen,opd,5.0,E_ifeval,E_if,0.025,18.0,0.0005791144084871,0.0008107601718819,0.0002316457633948,False,,,True,True,True,,,,,
functional_cell,qwen,opd,5.0,E_ifeval,E_if,0.05,18.0,0.0007747877079871,0.0010847027911819,0.0003099150831948,False,,,True,True,True,,,,,
functional_cell,qwen,opd,5.0,E_ifeval,E_if,0.1,18.0,0.0010895427738941,0.0015253598834518,0.0004358171095576,False,,,True,True,True,,,,,
functional_cell,qwen,opd,5.0,E_mathHeld,E_math,0.01,18.0,0.0017224777221614,0.000810635857294,-0.0009118418648674,False,,,True,True,True,,,,,
functional_cell,qwen,opd,5.0,E_mathHeld,E_math,0.025,18.0,0.0028053452865639,0.0012861688865241,-0.0015191764000398,False,,,True,True,True,,,,,
functional_cell,qwen,opd,5.0,E_mathHeld,E_math,0.05,18.0,0.0036050492410259,0.0024496663400337,-0.0011553829009922,False,,,True,True,True,,,,,
functional_cell,qwen,opd,5.0,E_mathHeld,E_math,0.1,18.0,0.0065327171013973,0.0026941910387304,-0.0038385260626668,False,,,True,True,True,,,,,
functional_cell,qwen,opd,5.0,E_mmluPro,E_ood,0.01,18.0,0.0015450025135542,0.0010815494753256,-0.0004634530382286,False,,,True,True,True,,,,,
functional_cell,qwen,opd,5.0,E_mmluPro,E_ood,0.025,18.0,0.0022680552082554,0.0016767812565562,-0.0005912739516991,False,,,True,True,True,,,,,
functional_cell,qwen,opd,5.0,E_mmluPro,E_ood,0.05,18.0,0.0041128283071234,0.0023809291369549,-0.0017318991701685,False,,,True,True,True,,,,,
functional_cell,qwen,opd,5.0,E_mmluPro,E_ood,0.1,18.0,0.0026928870674545,0.0037700418944363,0.0010771548269818,False,,,True,True,True,,,,,
functional_cell,qwen,opd,10.0,E_general,E_general,0.01,18.0,0.0045255168367369,0.0026348982619406,-0.0018906185747962,False,,,True,True,True,,,,,
functional_cell,qwen,opd,10.0,E_general,E_general,0.025,18.0,0.0068204794105629,0.0043967261288685,-0.0024237532816943,False,,,True,True,True,,,,,
functional_cell,qwen,opd,10.0,E_general,E_general,0.05,18.0,0.0098409298265567,0.0064518346971991,-0.0033890951293576,False,,,True,True,True,,,,,
functional_cell,qwen,opd,10.0,E_general,E_general,0.1,18.0,0.0153289345814726,0.0102716972252505,-0.0050572373562221,False,,,True,True,True,,,,,
functional_cell,qwen,opd,10.0,E_ifeval,E_if,0.01,18.0,0.0001609637700675,0.0006070286674075,0.00044606489734,False,,,True,True,True,,,,,
functional_cell,qwen,opd,10.0,E_ifeval,E_if,0.025,18.0,3.4462437226595874e-05,0.0010051852111602,0.0009707227739337,False,,,True,True,True,,,,,
functional_cell,qwen,opd,10.0,E_ifeval,E_if,0.05,18.0,0.0007587550266623,0.0010622570373272,0.0003035020106649,False,,,True,True,True,,,,,
functional_cell,qwen,opd,10.0,E_ifeval,E_if,0.1,18.0,0.0012705350092796,0.0017787490129915,0.0005082140037118,False,,,True,True,True,,,,,
functional_cell,qwen,opd,10.0,E_mathHeld,E_math,0.01,18.0,0.0027024226511696,0.0011066601873755,-0.0015957624637941,False,,,True,True,True,,,,,
functional_cell,qwen,opd,10.0,E_mathHeld,E_math,0.025,18.0,0.0049405750212896,0.0021618804859627,-0.0027786945353268,False,,,True,True,True,,,,,
functional_cell,qwen,opd,10.0,E_mathHeld,E_math,0.05,18.0,0.0071987787704502,0.0037431619922825,-0.0034556167781677,False,,,True,True,True,,,,,
functional_cell,qwen,opd,10.0,E_mathHeld,E_math,0.1,18.0,0.0144095202242999,0.0053883820774608,-0.0090211381468391,False,,,True,True,True,,,,,
functional_cell,qwen,opd,10.0,E_mmluPro,E_ood,0.01,18.0,0.0022444281213755,0.0017687745233556,-0.0004756535980198,False,,,True,True,True,,,,,
functional_cell,qwen,opd,10.0,E_mmluPro,E_ood,0.025,18.0,0.0036993914065433,0.0030517211165492,-0.000647670289994,False,,,True,True,True,,,,,
functional_cell,qwen,opd,10.0,E_mmluPro,E_ood,0.05,18.0,0.0056371251333435,0.0045149446936629,-0.0011221804396805,False,,,True,True,True,,,,,
functional_cell,qwen,opd,10.0,E_mmluPro,E_ood,0.1,18.0,0.005385774134909,0.0075400837888726,0.0021543096539636,False,,,True,True,True,,,,,
functional_cell,qwen,opd,20.0,E_general,E_general,0.01,18.0,0.0076772292148265,0.0048966766091477,-0.0027805526056787,False,,,True,True,True,,,,,
functional_cell,qwen,opd,20.0,E_general,E_general,0.025,18.0,0.0115384796646319,0.0078609822101929,-0.0036774974544389,False,,,True,True,True,,,,,
functional_cell,qwen,opd,20.0,E_general,E_general,0.05,18.0,0.0168255724550644,0.0116826450949073,-0.0051429273601571,False,,,True,True,True,,,,,
functional_cell,qwen,opd,20.0,E_general,E_general,0.1,18.0,0.02477623719161,0.0174373148188368,-0.0073389223727732,False,,,True,True,True,,,,,
functional_cell,qwen,opd,20.0,E_ifeval,E_if,0.01,18.0,-0.0007038494233879,0.0005413283645087,0.0012451777878967,True,,,True,True,True,,,,,
functional_cell,qwen,opd,20.0,E_ifeval,E_if,0.025,18.0,-0.0027419250755868,0.0006581345514702,0.003400059627057,True,,,True,True,True,,,,,
functional_cell,qwen,opd,20.0,E_ifeval,E_if,0.05,18.0,-0.0041085774641948,0.00110513440727,0.0052137118714649,True,,,True,True,True,,,,,
functional_cell,qwen,opd,20.0,E_ifeval,E_if,0.1,18.0,-0.0118241505370917,0.0016280074298896,0.0134521579669814,True,,,True,True,True,,,,,
functional_cell,qwen,opd,20.0,E_mathHeld,E_math,0.01,18.0,0.0044997410226801,0.0022845401453593,-0.0022152008773208,False,,,True,True,True,,,,,
functional_cell,qwen,opd,20.0,E_mathHeld,E_math,0.025,18.0,0.0067649132107202,0.0036605449801893,-0.0031043682305308,False,,,True,True,True,,,,,
functional_cell,qwen,opd,20.0,E_mathHeld,E_math,0.05,18.0,0.0090835322996979,0.005083115634528,-0.0040004166651699,False,,,True,True,True,,,,,
functional_cell,qwen,opd,20.0,E_mathHeld,E_math,0.1,18.0,0.0160792950813508,0.007726066877332,-0.0083532282040187,False,,,True,True,True,,,,,
functional_cell,qwen,opd,20.0,E_mmluPro,E_ood,0.01,18.0,0.0040467984963365,0.0032106390046507,-0.0008361594916858,False,,,True,True,True,,,,,
functional_cell,qwen,opd,20.0,E_mmluPro,E_ood,0.025,18.0,0.0062740266727284,0.005157714454207,-0.0011163122185214,False,,,True,True,True,,,,,
functional_cell,qwen,opd,20.0,E_mmluPro,E_ood,0.05,18.0,0.007521488982995,0.0071530540831751,-0.0003684348998199,False,,,True,True,True,,,,,
functional_cell,qwen,opd,20.0,E_mmluPro,E_ood,0.1,18.0,0.0137535626738818,0.0115626800511269,-0.0021908826227549,False,,,True,True,True,,,,,
functional_cell,qwen,opd,40.0,E_general,E_general,0.01,18.0,0.0103104148997741,0.0064827239133289,-0.0038276909864452,False,,,True,True,True,,,,,
functional_cell,qwen,opd,40.0,E_general,E_general,0.025,18.0,0.0156899762317291,0.0102160476124469,-0.0054739286192822,False,,,True,True,True,,,,,
functional_cell,qwen,opd,40.0,E_general,E_general,0.05,18.0,0.0227496189769216,0.0154286209433049,-0.0073209980336167,False,,,True,True,True,,,,,
functional_cell,qwen,opd,40.0,E_general,E_general,0.1,18.0,0.0285443331787893,0.0227126492008878,-0.0058316839779014,False,,,True,True,True,,,,,
functional_cell,qwen,opd,40.0,E_ifeval,E_if,0.01,18.0,0.0072449454335227,0.0060674825085899,-0.0011774629249327,False,,,True,True,True,,,,,
functional_cell,qwen,opd,40.0,E_ifeval,E_if,0.025,18.0,0.0098988713586408,0.0096494495827289,-0.0002494217759119,False,,,True,True,True,,,,,
functional_cell,qwen,opd,40.0,E_ifeval,E_if,0.05,18.0,0.0095310228327178,0.0133434319658049,0.0038124091330871,False,,,True,True,True,,,,,
functional_cell,qwen,opd,40.0,E_ifeval,E_if,0.1,18.0,0.0226099083041449,0.0191538716258029,-0.003456036678342,False,,,True,True,True,,,,,
functional_cell,qwen,opd,40.0,E_mathHeld,E_math,0.01,18.0,0.0078662950705387,0.0040324872923726,-0.0038338077781661,False,,,True,True,True,,,,,
functional_cell,qwen,opd,40.0,E_mathHeld,E_math,0.025,18.0,0.012711405887932,0.0067002136117302,-0.0060111922762018,False,,,True,True,True,,,,,
functional_cell,qwen,opd,40.0,E_mathHeld,E_math,0.05,18.0,0.0162094911493533,0.010023031036399,-0.0061864601129542,False,,,True,True,True,,,,,
functional_cell,qwen,opd,40.0,E_mathHeld,E_math,0.1,18.0,0.0254790793287527,0.0144341519204688,-0.0110449274082838,False,,,True,True,True,,,,,
functional_cell,qwen,opd,40.0,E_mmluPro,E_ood,0.01,18.0,0.009705199796993,0.0070121262858595,-0.0026930735111334,False,,,True,True,True,,,,,
functional_cell,qwen,opd,40.0,E_mmluPro,E_ood,0.025,18.0,0.0143460743011913,0.0109458657936121,-0.0034002085075792,False,,,True,True,True,,,,,
functional_cell,qwen,opd,40.0,E_mmluPro,E_ood,0.05,18.0,0.0208040810693428,0.0156888368940591,-0.0051152441752836,False,,,True,True,True,,,,,
functional_cell,qwen,opd,40.0,E_mmluPro,E_ood,0.1,18.0,0.0226853490728924,0.0240671810097417,0.0013818319368492,False,,,True,True,True,,,,,
functional_cell,qwen,opd,80.0,E_general,E_general,0.01,18.0,0.0091947611973413,0.0054208087299229,-0.0037739524674183,False,,,True,True,True,,,,,
functional_cell,qwen,opd,80.0,E_general,E_general,0.025,18.0,0.0138205546724378,0.0084799146981615,-0.0053406399742763,False,,,True,True,True,,,,,
functional_cell,qwen,opd,80.0,E_general,E_general,0.05,18.0,0.0183803242198642,0.0124704086767381,-0.005909915543126,False,,,True,True,True,,,,,
functional_cell,qwen,opd,80.0,E_general,E_general,0.1,18.0,0.0255696014687288,0.0185480248068031,-0.0070215766619257,False,,,True,True,True,,,,,
functional_cell,qwen,opd,80.0,E_ifeval,E_if,0.01,18.0,0.0086981244129458,0.0058426147899297,-0.0028555096230161,False,,,True,True,True,,,,,
functional_cell,qwen,opd,80.0,E_ifeval,E_if,0.025,18.0,0.0111333457424358,0.0094638381219558,-0.00166950762048,False,,,True,True,True,,,,,
functional_cell,qwen,opd,80.0,E_ifeval,E_if,0.05,18.0,0.0160951443821015,0.0128189164206564,-0.0032762279614451,False,,,True,True,True,,,,,
functional_cell,qwen,opd,80.0,E_ifeval,E_if,0.1,18.0,0.0220833664201551,0.0184167129882171,-0.0036666534319379,False,,,True,True,True,,,,,
functional_cell,qwen,opd,80.0,E_mathHeld,E_math,0.01,18.0,0.0088731418796382,0.0041037070629809,-0.0047694348166573,False,,,True,True,True,,,,,
functional_cell,qwen,opd,80.0,E_mathHeld,E_math,0.025,18.0,0.0137314836475133,0.0070729135041678,-0.0066585701433455,False,,,True,True,True,,,,,
functional_cell,qwen,opd,80.0,E_mathHeld,E_math,0.05,18.0,0.0191316035383465,0.0103762626920443,-0.0087553408463021,False,,,True,True,True,,,,,
functional_cell,qwen,opd,80.0,E_mathHeld,E_math,0.1,18.0,0.0258549996841015,0.0149604404179571,-0.0108945592661443,False,,,True,True,True,,,,,
functional_cell,qwen,opd,80.0,E_mmluPro,E_ood,0.01,18.0,0.0093514974339155,0.0059330013717116,-0.0034184960622038,False,,,True,True,True,,,,,
functional_cell,qwen,opd,80.0,E_mmluPro,E_ood,0.025,18.0,0.0141993280381957,0.0094825593901981,-0.0047167686479976,False,,,True,True,True,,,,,
functional_cell,qwen,opd,80.0,E_mmluPro,E_ood,0.05,18.0,0.0177857648830715,0.0131873321643137,-0.0045984327187577,False,,,True,True,True,,,,,
functional_cell,qwen,opd,80.0,E_mmluPro,E_ood,0.1,18.0,0.0256173373612848,0.0204796569211833,-0.0051376804401014,False,,,True,True,True,,,,,
functional_cell,qwen,opd,160.0,E_general,E_general,0.01,18.0,0.0113602161430535,0.0060769298354881,-0.0052832863075653,False,,,True,True,True,,,,,
functional_cell,qwen,opd,160.0,E_general,E_general,0.025,18.0,0.0167413972636985,0.0094281500515543,-0.0073132472121442,False,,,True,True,True,,,,,
functional_cell,qwen,opd,160.0,E_general,E_general,0.05,18.0,0.0238714393673626,0.0142213917121444,-0.0096500476552181,False,,,True,True,True,,,,,
functional_cell,qwen,opd,160.0,E_general,E_general,0.1,18.0,0.0324910241616819,0.0221774105163313,-0.0103136136453505,False,,,True,True,True,,,,,
functional_cell,qwen,opd,160.0,E_ifeval,E_if,0.01,18.0,0.0159445745742483,0.0088587688029074,-0.0070858057713408,False,,,True,True,True,,,,,
functional_cell,qwen,opd,160.0,E_ifeval,E_if,0.025,18.0,0.0236035779174253,0.0143886119941087,-0.0092149659233165,False,,,True,True,True,,,,,
functional_cell,qwen,opd,160.0,E_ifeval,E_if,0.05,18.0,0.0307713506658001,0.0207941766464058,-0.0099771740193942,False,,,True,True,True,,,,,
functional_cell,qwen,opd,160.0,E_ifeval,E_if,0.1,18.0,0.0440540343130751,0.030993829856487,-0.0130602044565881,False,,,True,True,True,,,,,
functional_cell,qwen,opd,160.0,E_mathHeld,E_math,0.01,18.0,0.0152575352642782,0.0073998977572262,-0.0078576375070519,False,,,True,True,True,,,,,
functional_cell,qwen,opd,160.0,E_mathHeld,E_math,0.025,18.0,0.0238480447283721,0.0122539544151727,-0.0115940903131994,False,,,True,True,True,,,,,
functional_cell,qwen,opd,160.0,E_mathHeld,E_math,0.05,18.0,0.0334979592811374,0.017818904159256,-0.0156790551218814,False,,,True,True,True,,,,,
functional_cell,qwen,opd,160.0,E_mathHeld,E_math,0.1,18.0,0.0493669233329001,0.0266405743864903,-0.0227263489464098,False,,,True,True,True,,,,,
functional_cell,qwen,opd,160.0,E_mmluPro,E_ood,0.01,18.0,0.016191953438699,0.0091400279833691,-0.0070519254553298,False,,,True,True,True,,,,,
functional_cell,qwen,opd,160.0,E_mmluPro,E_ood,0.025,18.0,0.025121224544614,0.0143767146359078,-0.0107445099087061,False,,,True,True,True,,,,,
functional_cell,qwen,opd,160.0,E_mmluPro,E_ood,0.05,18.0,0.0339458849271632,0.0207217310610379,-0.0132241538661253,False,,,True,True,True,,,,,
functional_cell,qwen,opd,160.0,E_mmluPro,E_ood,0.1,18.0,0.0428297226258208,0.031884688599226,-0.0109450340265947,False,,,True,True,True,,,,,
functional_cell,qwen,opd,320.0,E_general,E_general,0.01,18.0,0.0152329309351532,0.0083481115623094,-0.0068848193728437,False,,,True,True,True,,,,,
functional_cell,qwen,opd,320.0,E_general,E_general,0.025,18.0,0.023750787419511,0.0137732657064622,-0.0099775217130487,False,,,True,True,True,,,,,
functional_cell,qwen,opd,320.0,E_general,E_general,0.05,18.0,0.0338519737093288,0.0204876501153809,-0.0133643235939479,False,,,True,True,True,,,,,
functional_cell,qwen,opd,320.0,E_general,E_general,0.1,18.0,0.0468446857078313,0.0310837254921294,-0.0157609602157019,False,,,True,True,True,,,,,
functional_cell,qwen,opd,320.0,E_ifeval,E_if,0.01,18.0,0.0253758351714334,0.0145827360828331,-0.0107930990886002,False,,,True,True,True,,,,,
functional_cell,qwen,opd,320.0,E_ifeval,E_if,0.025,18.0,0.0378889113652056,0.023768403246255,-0.0141205081189505,False,,,True,True,True,,,,,
functional_cell,qwen,opd,320.0,E_ifeval,E_if,0.05,18.0,0.0526655095663008,0.0348745705356783,-0.0177909390306225,False,,,True,True,True,,,,,
functional_cell,qwen,opd,320.0,E_ifeval,E_if,0.1,18.0,0.0829676734179395,0.0547911064214789,-0.0281765669964605,False,,,True,True,True,,,,,
functional_cell,qwen,opd,320.0,E_mathHeld,E_math,0.01,18.0,0.0192571882678103,0.0095092490589803,-0.0097479392088299,False,,,True,True,True,,,,,
functional_cell,qwen,opd,320.0,E_mathHeld,E_math,0.025,18.0,0.0304852714873252,0.0157329462756632,-0.014752325211662,False,,,True,True,True,,,,,
functional_cell,qwen,opd,320.0,E_mathHeld,E_math,0.05,18.0,0.0438854086933249,0.0235871806597267,-0.0202982280335981,False,,,True,True,True,,,,,
functional_cell,qwen,opd,320.0,E_mathHeld,E_math,0.1,18.0,0.0602161215958398,0.03537783905138,-0.0248382825444597,False,,,True,True,True,,,,,
functional_cell,qwen,opd,320.0,E_mmluPro,E_ood,0.01,18.0,0.0216211402010199,0.0123286441079885,-0.0092924960930313,False,,,True,True,True,,,,,
functional_cell,qwen,opd,320.0,E_mmluPro,E_ood,0.025,18.0,0.0331267748655673,0.0194428389271893,-0.0136839359383779,False,,,True,True,True,,,,,
functional_cell,qwen,opd,320.0,E_mmluPro,E_ood,0.05,18.0,0.0451456476156918,0.0280656906460096,-0.0170799569696822,False,,,True,True,True,,,,,
functional_cell,qwen,opd,320.0,E_mmluPro,E_ood,0.1,18.0,0.0561555880763169,0.0428485925376128,-0.013306995538704,False,,,True,True,True,,,,,
functional_cell,qwen,opd,480.0,E_general,E_general,0.01,18.0,0.017151422446563,0.0094335870235375,-0.0077178354230254,False,,,True,True,True,,,,,
functional_cell,qwen,opd,480.0,E_general,E_general,0.025,18.0,0.0266396043468635,0.015241636881796,-0.0113979674650675,False,,,True,True,True,,,,,
functional_cell,qwen,opd,480.0,E_general,E_general,0.05,18.0,0.0385499422152481,0.0225171167414653,-0.0160328254737827,False,,,True,True,True,,,,,
functional_cell,qwen,opd,480.0,E_general,E_general,0.1,18.0,0.053837432965887,0.0348129655928013,-0.0190244673730857,False,,,True,True,True,,,,,
functional_cell,qwen,opd,480.0,E_ifeval,E_if,0.01,18.0,0.0300619184446695,0.0170370535209966,-0.0130248649236728,False,,,True,True,True,,,,,
functional_cell,qwen,opd,480.0,E_ifeval,E_if,0.025,18.0,0.0449861889909628,0.0275817460048606,-0.0174044429861021,False,,,True,True,True,,,,,
functional_cell,qwen,opd,480.0,E_ifeval,E_if,0.05,18.0,0.0617796169312651,0.0407771779894854,-0.0210024389417796,False,,,True,True,True,,,,,
functional_cell,qwen,opd,480.0,E_ifeval,E_if,0.1,18.0,0.0891082499990707,0.0633879136350627,-0.025720336364008,False,,,True,True,True,,,,,
functional_cell,qwen,opd,480.0,E_mathHeld,E_math,0.01,18.0,0.0229739989461672,0.0114590584929645,-0.0115149404532026,False,,,True,True,True,,,,,
functional_cell,qwen,opd,480.0,E_mathHeld,E_math,0.025,18.0,0.036955460794242,0.019505790188791,-0.0174496706054509,False,,,True,True,True,,,,,
functional_cell,qwen,opd,480.0,E_mathHeld,E_math,0.05,18.0,0.0540146980205721,0.0289940330412811,-0.0250206649792909,False,,,True,True,True,,,,,
functional_cell,qwen,opd,480.0,E_mathHeld,E_math,0.1,18.0,0.0770298293376711,0.0441320836533846,-0.0328977456842864,False,,,True,True,True,,,,,
functional_cell,qwen,opd,480.0,E_mmluPro,E_ood,0.01,18.0,0.0244516578042788,0.0138364898623305,-0.0106151679419482,False,,,True,True,True,,,,,
functional_cell,qwen,opd,480.0,E_mmluPro,E_ood,0.025,18.0,0.0376383368945736,0.0221331028801855,-0.0155052340143881,False,,,True,True,True,,,,,
functional_cell,qwen,opd,480.0,E_mmluPro,E_ood,0.05,18.0,0.052956698100781,0.0322471003390986,-0.0207095977616824,False,,,True,True,True,,,,,
functional_cell,qwen,opd,480.0,E_mmluPro,E_ood,0.1,18.0,0.0697900356556738,0.0492445114564048,-0.0205455241992689,False,,,True,True,True,,,,,
functional_cell,qwen,opd,624.0,E_general,E_general,0.01,18.0,0.0185967854032386,0.0101317856718242,-0.0084649997314143,False,,,True,True,True,,,,,
functional_cell,qwen,opd,624.0,E_general,E_general,0.025,18.0,0.0289180465929604,0.0164204552547844,-0.012497591338176,False,,,True,True,True,,,,,
functional_cell,qwen,opd,624.0,E_general,E_general,0.05,18.0,0.0422695154126331,0.0245657188244906,-0.0177037965881424,False,,,True,True,True,,,,,
functional_cell,qwen,opd,624.0,E_general,E_general,0.1,18.0,0.0596144963223038,0.0377726491635796,-0.0218418471587241,False,,,True,True,True,,,,,
functional_cell,qwen,opd,624.0,E_ifeval,E_if,0.01,18.0,0.0384058123320597,0.0223529875291231,-0.0160528248029365,False,,,True,True,True,,,,,
functional_cell,qwen,opd,624.0,E_ifeval,E_if,0.025,18.0,0.0577293884175607,0.0357594874263946,-0.0219699009911661,False,,,True,True,True,,,,,
functional_cell,qwen,opd,624.0,E_ifeval,E_if,0.05,18.0,0.0776787087131406,0.0533216207698254,-0.0243570879433151,False,,,True,True,True,,,,,
functional_cell,qwen,opd,624.0,E_ifeval,E_if,0.1,18.0,0.1121668470844742,0.0831699495546276,-0.0289968975298466,False,,,True,True,True,,,,,
functional_cell,qwen,opd,624.0,E_mathHeld,E_math,0.01,18.0,0.0257424797826936,0.0132091643271674,-0.0125333154555262,False,,,True,True,True,,,,,
functional_cell,qwen,opd,624.0,E_mathHeld,E_math,0.025,18.0,0.0413035313296878,0.0218963654527734,-0.0194071658769143,False,,,True,True,True,,,,,
functional_cell,qwen,opd,624.0,E_mathHeld,E_math,0.05,18.0,0.0583732775239198,0.0324986417485653,-0.0258746357753544,False,,,True,True,True,,,,,
functional_cell,qwen,opd,624.0,E_mathHeld,E_math,0.1,18.0,0.0857450944024627,0.0498818418408671,-0.0358632525615955,False,,,True,True,True,,,,,
functional_cell,qwen,opd,624.0,E_mmluPro,E_ood,0.01,18.0,0.0276846512242161,0.0156158309571027,-0.0120688202671134,False,,,True,True,True,,,,,
functional_cell,qwen,opd,624.0,E_mmluPro,E_ood,0.025,18.0,0.0424272535077435,0.0248233668331816,-0.0176038866745618,False,,,True,True,True,,,,,
functional_cell,qwen,opd,624.0,E_mmluPro,E_ood,0.05,18.0,0.0576693972506808,0.0355390940249913,-0.0221303032256894,False,,,True,True,True,,,,,
functional_cell,qwen,opd,624.0,E_mmluPro,E_ood,0.1,18.0,0.078388433437909,0.0535899606592265,-0.0247984727786825,False,,,True,True,True,,,,,
functional_cell,qwen,seqkd,5.0,E_general,E_general,0.01,18.0,0.0006710474543759,0.0004394664361262,-0.0002315810182496,False,,,True,True,True,,,,,
functional_cell,qwen,seqkd,5.0,E_general,E_general,0.025,18.0,0.0003359130767819,0.0004702783074947,0.0001343652307127,False,,,True,True,True,,,,,
functional_cell,qwen,seqkd,5.0,E_general,E_general,0.05,18.0,0.0007642344270501,0.0010699281978702,0.00030569377082,False,,,True,True,True,,,,,
functional_cell,qwen,seqkd,5.0,E_general,E_general,0.1,18.0,0.0008377799337052,0.0011728919071873,0.000335111973482,False,,,True,True,True,,,,,
functional_cell,qwen,seqkd,5.0,E_ifeval,E_if,0.01,18.0,-0.0004525882883147,-0.0002519442143277,0.000200644073987,False,,,True,True,True,,,,,
functional_cell,qwen,seqkd,5.0,E_ifeval,E_if,0.025,18.0,-0.0008693637425498,-0.0002601714405267,0.0006091923020231,False,,,True,True,True,,,,,
functional_cell,qwen,seqkd,5.0,E_ifeval,E_if,0.05,18.0,5.726852063957459e-06,8.017592889540443e-06,2.2907408255829832e-06,False,,,True,True,True,,,,,
functional_cell,qwen,seqkd,5.0,E_ifeval,E_if,0.1,18.0,0.0004210165702024,0.0005894231982834,0.0001684066280809,False,,,True,True,True,,,,,
functional_cell,qwen,seqkd,5.0,E_mathHeld,E_math,0.01,18.0,-0.0004502871395904,-0.0006304019954266,-0.0001801148558361,False,,,True,True,True,,,,,
functional_cell,qwen,seqkd,5.0,E_mathHeld,E_math,0.025,18.0,-0.0003884948305617,-0.0005438927627864,-0.0001553979322246,False,,,True,True,True,,,,,
functional_cell,qwen,seqkd,5.0,E_mathHeld,E_math,0.05,18.0,-0.0005148423499906,-0.0007207792899869,-0.0002059369399962,False,,,True,True,True,,,,,
functional_cell,qwen,seqkd,5.0,E_mathHeld,E_math,0.1,18.0,-0.0013369940304031,-0.0018717916425644,-0.0005347976121612,False,,,True,True,True,,,,,
functional_cell,qwen,seqkd,5.0,E_mmluPro,E_ood,0.01,18.0,-0.0014833113003289,-0.0007032109738904,0.0007801003264385,False,,,True,True,True,,,,,
functional_cell,qwen,seqkd,5.0,E_mmluPro,E_ood,0.025,18.0,-0.0022766984698466,-0.001300585404955,0.0009761130648915,False,,,True,True,True,,,,,
functional_cell,qwen,seqkd,5.0,E_mmluPro,E_ood,0.05,18.0,-0.0026131059684223,-0.0020054557938078,0.0006076501746145,False,,,True,True,True,,,,,
functional_cell,qwen,seqkd,5.0,E_mmluPro,E_ood,0.1,18.0,-0.0055893550178557,-0.002825097024998,0.0027642579928577,False,,,True,True,True,,,,,
functional_cell,qwen,seqkd,10.0,E_general,E_general,0.01,18.0,0.0011511069055897,0.0005613433404529,-0.0005897635651368,False,,,True,True,True,,,,,
functional_cell,qwen,seqkd,10.0,E_general,E_general,0.025,18.0,0.0013190571881995,0.0012817083120669,-3.734887613261544e-05,False,,,True,True,True,,,,,
functional_cell,qwen,seqkd,10.0,E_general,E_general,0.05,18.0,0.0023978360273186,0.0019680815493571,-0.0004297544779614,False,,,True,True,True,,,,,
functional_cell,qwen,seqkd,10.0,E_general,E_general,0.1,18.0,0.0016245294161068,0.0022743411825496,0.0006498117664427,False,,,True,True,True,,,,,
functional_cell,qwen,seqkd,10.0,E_ifeval,E_if,0.01,18.0,-0.0010659282880628,-0.000728940824662,0.0003369874634008,False,,,True,True,True,,,,,
functional_cell,qwen,seqkd,10.0,E_ifeval,E_if,0.025,18.0,-0.0025822851031943,-0.0010322450852664,0.0015500400179279,False,,,True,True,True,,,,,
functional_cell,qwen,seqkd,10.0,E_ifeval,E_if,0.05,18.0,-0.0011545685902385,-0.0016163960263339,-0.0004618274360954,False,,,True,True,True,,,,,
functional_cell,qwen,seqkd,10.0,E_ifeval,E_if,0.1,18.0,-0.0009219118830595,-0.0012906766362833,-0.0003687647532238,False,,,True,True,True,,,,,
functional_cell,qwen,seqkd,10.0,E_mathHeld,E_math,0.01,18.0,-0.0012694818633534,-0.0009638432297659,0.0003056386335875,False,,,True,True,True,,,,,
functional_cell,qwen,seqkd,10.0,E_mathHeld,E_math,0.025,18.0,-0.0021005530806178,-0.0013548687691757,0.000745684311442,False,,,True,True,True,,,,,
functional_cell,qwen,seqkd,10.0,E_mathHeld,E_math,0.05,18.0,-0.003848920921314,-0.0016507636008944,0.0021981573204195,False,,,True,True,True,,,,,
functional_cell,qwen,seqkd,10.0,E_mathHeld,E_math,0.1,18.0,-0.0021427112012562,-0.0029997956817587,-0.0008570844805025,False,,,True,True,True,,,,,
functional_cell,qwen,seqkd,10.0,E_mmluPro,E_ood,0.01,18.0,-0.0020512009678677,-0.001206285705525,0.0008449152623426,False,,,True,True,True,,,,,
functional_cell,qwen,seqkd,10.0,E_mmluPro,E_ood,0.025,18.0,-0.0033022577367372,-0.0018668031612107,0.0014354545755265,False,,,True,True,True,,,,,
functional_cell,qwen,seqkd,10.0,E_mmluPro,E_ood,0.05,18.0,-0.0057211862078094,-0.0029797376359317,0.0027414485718776,False,,,True,True,True,,,,,
functional_cell,qwen,seqkd,10.0,E_mmluPro,E_ood,0.1,18.0,-0.0068035588689043,-0.0045249824164661,0.0022785764524382,False,,,True,True,True,,,,,
functional_cell,qwen,seqkd,20.0,E_general,E_general,0.01,18.0,0.0015952069387544,0.0011830833868834,-0.0004121235518709,False,,,True,True,True,,,,,
functional_cell,qwen,seqkd,20.0,E_general,E_general,0.025,18.0,0.0017697885660831,0.0019127322411039,0.0001429436750208,False,,,True,True,True,,,,,
functional_cell,qwen,seqkd,20.0,E_general,E_general,0.05,18.0,0.0030289463350073,0.0028516359801214,-0.0001773103548859,False,,,True,True,True,,,,,
functional_cell,qwen,seqkd,20.0,E_general,E_general,0.1,18.0,0.0027806223537537,0.0038928712952552,0.0011122489415015,False,,,True,True,True,,,,,
functional_cell,qwen,seqkd,20.0,E_ifeval,E_if,0.01,18.0,-0.0030871683042646,-0.0016810379468048,0.0014061303574597,False,,,True,True,True,,,,,
functional_cell,qwen,seqkd,20.0,E_ifeval,E_if,0.025,18.0,-0.0049079312870549,-0.0023742741445851,0.0025336571424698,False,,,True,True,True,,,,,
functional_cell,qwen,seqkd,20.0,E_ifeval,E_if,0.05,18.0,-0.0077821594107253,-0.0040378803178726,0.0037442790928527,False,,,True,True,True,,,,,
functional_cell,qwen,seqkd,20.0,E_ifeval,E_if,0.1,18.0,-0.0038655073339412,-0.0054117102675177,-0.0015462029335764,False,,,True,True,True,,,,,
functional_cell,qwen,seqkd,20.0,E_mathHeld,E_math,0.01,18.0,-0.0017886223420483,-0.0011657055167367,0.0006229168253116,False,,,True,True,True,,,,,
functional_cell,qwen,seqkd,20.0,E_mathHeld,E_math,0.025,18.0,-0.0027814988214441,-0.0017804883208445,0.0010010105005996,False,,,True,True,True,,,,,
functional_cell,qwen,seqkd,20.0,E_mathHeld,E_math,0.05,18.0,-0.0054951508044113,-0.0026567841385293,0.0028383666658819,False,,,True,True,True,,,,,
functional_cell,qwen,seqkd,20.0,E_mathHeld,E_math,0.1,18.0,-0.0029319108440445,-0.0041046751816623,-0.0011727643376178,False,,,True,True,True,,,,,
functional_cell,qwen,seqkd,20.0,E_mmluPro,E_ood,0.01,18.0,-0.0026813778387315,-0.0012990500840037,0.0013823277547278,False,,,True,True,True,,,,,
functional_cell,qwen,seqkd,20.0,E_mmluPro,E_ood,0.025,18.0,-0.0038198665244267,-0.0019625246463658,0.0018573418780608,False,,,True,True,True,,,,,
functional_cell,qwen,seqkd,20.0,E_mmluPro,E_ood,0.05,18.0,-0.0071089775877103,-0.0032697530058095,0.0038392245819007,False,,,True,True,True,,,,,
functional_cell,qwen,seqkd,20.0,E_mmluPro,E_ood,0.1,18.0,-0.0127156263893353,-0.0051095692527618,0.0076060571365735,False,,,True,True,True,,,,,
functional_cell,qwen,seqkd,40.0,E_general,E_general,0.01,18.0,0.0034271497333945,0.002147390644634,-0.0012797590887604,False,,,True,True,True,,,,,
functional_cell,qwen,seqkd,40.0,E_general,E_general,0.025,18.0,0.0044658252446124,0.0031112110680852,-0.0013546141765272,False,,,True,True,True,,,,,
functional_cell,qwen,seqkd,40.0,E_general,E_general,0.05,18.0,0.005312839118622,0.004660196988293,-0.0006526421303289,False,,,True,True,True,,,,,
functional_cell,qwen,seqkd,40.0,E_general,E_general,0.1,18.0,0.0089711121339468,0.0064989509269195,-0.0024721612070273,False,,,True,True,True,,,,,
functional_cell,qwen,seqkd,40.0,E_ifeval,E_if,0.01,18.0,-0.0023289755507236,-0.0010012474811604,0.0013277280695631,False,,,True,True,True,,,,,
functional_cell,qwen,seqkd,40.0,E_ifeval,E_if,0.025,18.0,-0.0042903743302059,-0.0015096944049964,0.0027806799252094,False,,,True,True,True,,,,,
functional_cell,qwen,seqkd,40.0,E_ifeval,E_if,0.05,18.0,-0.006553445060893,-0.0023176802281073,0.0042357648327856,False,,,True,True,True,,,,,
functional_cell,qwen,seqkd,40.0,E_ifeval,E_if,0.1,18.0,-0.0023822670455713,-0.0033351738637998,-0.0009529068182285,False,,,True,True,True,,,,,
functional_cell,qwen,seqkd,40.0,E_mathHeld,E_math,0.01,18.0,-0.0001292318321451,-0.0004433917566042,-0.0003141599244591,False,,,True,True,True,,,,,
functional_cell,qwen,seqkd,40.0,E_mathHeld,E_math,0.025,18.0,-0.0003327733204406,-0.0004658826486168,-0.0001331093281762,False,,,True,True,True,,,,,
functional_cell,qwen,seqkd,40.0,E_mathHeld,E_math,0.05,18.0,-0.0022628543882156,-0.0007289717532579,0.0015338826349576,False,,,True,True,True,,,,,
functional_cell,qwen,seqkd,40.0,E_mathHeld,E_math,0.1,18.0,-0.0013402695001705,-0.0018763773002387,-0.0005361078000682,False,,,True,True,True,,,,,
functional_cell,qwen,seqkd,40.0,E_mmluPro,E_ood,0.01,18.0,-0.0003890390735222,-4.714226512017312e-05,0.000341896808402,False,,,True,True,True,,,,,
functional_cell,qwen,seqkd,40.0,E_mmluPro,E_ood,0.025,18.0,-0.001304758082817,-0.0003281652809425,0.0009765928018745,False,,,True,True,True,,,,,
functional_cell,qwen,seqkd,40.0,E_mmluPro,E_ood,0.05,18.0,-0.0029110107500858,-0.0006983845571022,0.0022126261929836,False,,,True,True,True,,,,,
functional_cell,qwen,seqkd,40.0,E_mmluPro,E_ood,0.1,18.0,-0.0045794692190324,-0.0014112569066454,0.003168212312387,False,,,True,True,True,,,,,
functional_cell,qwen,seqkd,80.0,E_general,E_general,0.01,18.0,0.0067329149694085,0.0038497398292489,-0.0028831751401595,False,,,True,True,True,,,,,
functional_cell,qwen,seqkd,80.0,E_general,E_general,0.025,18.0,0.0098750141738205,0.0060971022744695,-0.003777911899351,False,,,True,True,True,,,,,
functional_cell,qwen,seqkd,80.0,E_general,E_general,0.05,18.0,0.0138843073850801,0.0089537628858182,-0.0049305444992619,False,,,True,True,True,,,,,
functional_cell,qwen,seqkd,80.0,E_general,E_general,0.1,18.0,0.0220847258044464,0.0136691988768078,-0.0084155269276386,False,,,True,True,True,,,,,
functional_cell,qwen,seqkd,80.0,E_ifeval,E_if,0.01,18.0,0.0034146208076073,0.0025519088868228,-0.0008627119207844,False,,,True,True,True,,,,,
functional_cell,qwen,seqkd,80.0,E_ifeval,E_if,0.025,18.0,0.0038760300780146,0.0044695043101774,0.0005934742321627,False,,,True,True,True,,,,,
functional_cell,qwen,seqkd,80.0,E_ifeval,E_if,0.05,18.0,0.0066242901572179,0.0064168633629622,-0.0002074267942556,False,,,True,True,True,,,,,
functional_cell,qwen,seqkd,80.0,E_ifeval,E_if,0.1,18.0,0.0158097961658045,0.0096337146321264,-0.0061760815336781,False,,,True,True,True,,,,,
functional_cell,qwen,seqkd,80.0,E_mathHeld,E_math,0.01,18.0,0.0055567645858521,0.0023999775675433,-0.0031567870183087,False,,,True,True,True,,,,,
functional_cell,qwen,seqkd,80.0,E_mathHeld,E_math,0.025,18.0,0.0090837214417102,0.004262769901685,-0.0048209515400251,False,,,True,True,True,,,,,
functional_cell,qwen,seqkd,80.0,E_mathHeld,E_math,0.05,18.0,0.0114573730948569,0.0059674683575066,-0.0054899047373502,False,,,True,True,True,,,,,
functional_cell,qwen,seqkd,80.0,E_mathHeld,E_math,0.1,18.0,0.0215422477684346,0.0089225877360235,-0.012619660032411,False,,,True,True,True,,,,,
functional_cell,qwen,seqkd,80.0,E_mmluPro,E_ood,0.01,18.0,0.0049544505425136,0.0030214978547001,-0.0019329526878135,False,,,True,True,True,,,,,
functional_cell,qwen,seqkd,80.0,E_mmluPro,E_ood,0.025,18.0,0.0075213962991011,0.0043883086606886,-0.0031330876384125,False,,,True,True,True,,,,,
functional_cell,qwen,seqkd,80.0,E_mmluPro,E_ood,0.05,18.0,0.0087878300830235,0.005620146499248,-0.0031676835837754,False,,,True,True,True,,,,,
functional_cell,qwen,seqkd,80.0,E_mmluPro,E_ood,0.1,18.0,0.0078656710179961,0.0083196317328869,0.0004539607148907,False,,,True,True,True,,,,,
functional_cell,qwen,seqkd,160.0,E_general,E_general,0.01,18.0,0.0110260990886021,0.0064344754503153,-0.0045916236382867,False,,,True,True,True,,,,,
functional_cell,qwen,seqkd,160.0,E_general,E_general,0.025,18.0,0.0168740805561382,0.0098627928950723,-0.0070112876610659,False,,,True,True,True,,,,,
functional_cell,qwen,seqkd,160.0,E_general,E_general,0.05,18.0,0.0246010433253934,0.0148618146378517,-0.0097392286875417,False,,,True,True,True,,,,,
functional_cell,qwen,seqkd,160.0,E_general,E_general,0.1,18.0,0.0333783757805608,0.0234197027827618,-0.0099586729977989,False,,,True,True,True,,,,,
functional_cell,qwen,seqkd,160.0,E_ifeval,E_if,0.01,18.0,0.0129552599655629,0.0084290061518273,-0.0045262538137356,False,,,True,True,True,,,,,
functional_cell,qwen,seqkd,160.0,E_ifeval,E_if,0.025,18.0,0.0192891616309994,0.0138021966494473,-0.005486964981552,False,,,True,True,True,,,,,
functional_cell,qwen,seqkd,160.0,E_ifeval,E_if,0.05,18.0,0.0286278004873257,0.0206503492536845,-0.0079774512336411,False,,,True,True,True,,,,,
functional_cell,qwen,seqkd,160.0,E_ifeval,E_if,0.1,18.0,0.0457782662912948,0.0334077546259946,-0.0123705116653002,False,,,True,True,True,,,,,
functional_cell,qwen,seqkd,160.0,E_mathHeld,E_math,0.01,18.0,0.0156052761028683,0.0081231723187276,-0.0074821037841406,False,,,True,True,True,,,,,
functional_cell,qwen,seqkd,160.0,E_mathHeld,E_math,0.025,18.0,0.0247054524736834,0.0134515331713837,-0.0112539193022997,False,,,True,True,True,,,,,
functional_cell,qwen,seqkd,160.0,E_mathHeld,E_math,0.05,18.0,0.0357033740471301,0.0197661617401032,-0.0159372123070269,False,,,True,True,True,,,,,
functional_cell,qwen,seqkd,160.0,E_mathHeld,E_math,0.1,18.0,0.051800843139998,0.0300480621164273,-0.0217527810235706,False,,,True,True,True,,,,,
functional_cell,qwen,seqkd,160.0,E_mmluPro,E_ood,0.01,18.0,0.0140118551040674,0.0080452567672944,-0.0059665983367729,False,,,True,True,True,,,,,
functional_cell,qwen,seqkd,160.0,E_mmluPro,E_ood,0.025,18.0,0.0214359587118853,0.0126026309579192,-0.0088333277539661,False,,,True,True,True,,,,,
functional_cell,qwen,seqkd,160.0,E_mmluPro,E_ood,0.05,18.0,0.0296681615229717,0.0181099487881877,-0.0115582127347839,False,,,True,True,True,,,,,
functional_cell,qwen,seqkd,160.0,E_mmluPro,E_ood,0.1,18.0,0.040088317683976,0.0280467216806434,-0.0120415960033326,False,,,True,True,True,,,,,
functional_cell,qwen,seqkd,320.0,E_general,E_general,0.01,18.0,0.0155608310739713,0.0088573780840275,-0.0067034529899437,False,,,True,True,True,,,,,
functional_cell,qwen,seqkd,320.0,E_general,E_general,0.025,18.0,0.0244469636792608,0.014431826952802,-0.0100151367264588,False,,,True,True,True,,,,,
functional_cell,qwen,seqkd,320.0,E_general,E_general,0.05,18.0,0.0350949184663212,0.0218467501596343,-0.0132481683066868,False,,,True,True,True,,,,,
functional_cell,qwen,seqkd,320.0,E_general,E_general,0.1,18.0,0.0517950305256318,0.032886003108845,-0.0189090274167868,False,,,True,True,True,,,,,
functional_cell,qwen,seqkd,320.0,E_ifeval,E_if,0.01,18.0,0.0203456920197544,0.0131734523721016,-0.0071722396476528,False,,,True,True,True,,,,,
functional_cell,qwen,seqkd,320.0,E_ifeval,E_if,0.025,18.0,0.0314193040706454,0.0211216582892486,-0.0102976457813967,False,,,True,True,True,,,,,
functional_cell,qwen,seqkd,320.0,E_ifeval,E_if,0.05,18.0,0.0435318905547783,0.0318017896338325,-0.0117301009209458,False,,,True,True,True,,,,,
functional_cell,qwen,seqkd,320.0,E_ifeval,E_if,0.1,18.0,0.0682884037218832,0.0524219470288183,-0.0158664566930648,False,,,True,True,True,,,,,
functional_cell,qwen,seqkd,320.0,E_mathHeld,E_math,0.01,18.0,0.0234233122132704,0.0126130314501111,-0.0108102807631592,False,,,True,True,True,,,,,
functional_cell,qwen,seqkd,320.0,E_mathHeld,E_math,0.025,18.0,0.037093160808124,0.0207539791792021,-0.0163391816289219,False,,,True,True,True,,,,,
functional_cell,qwen,seqkd,320.0,E_mathHeld,E_math,0.05,18.0,0.0534930284394625,0.0308610982251303,-0.0226319302143321,False,,,True,True,True,,,,,
functional_cell,qwen,seqkd,320.0,E_mathHeld,E_math,0.1,18.0,0.0743395335937819,0.0468172825151656,-0.0275222510786162,False,,,True,True,True,,,,,
functional_cell,qwen,seqkd,320.0,E_mmluPro,E_ood,0.01,18.0,0.0216970771877006,0.0122294142544502,-0.0094676629332503,False,,,True,True,True,,,,,
functional_cell,qwen,seqkd,320.0,E_mmluPro,E_ood,0.025,18.0,0.0336579895801679,0.019945905127849,-0.0137120844523189,False,,,True,True,True,,,,,
functional_cell,qwen,seqkd,320.0,E_mmluPro,E_ood,0.05,18.0,0.0468014226428765,0.0286596377530337,-0.0181417848898428,False,,,True,True,True,,,,,
functional_cell,qwen,seqkd,320.0,E_mmluPro,E_ood,0.1,18.0,0.0611000751038343,0.0447708743761372,-0.016329200727697,False,,,True,True,True,,,,,
functional_cell,qwen,seqkd,480.0,E_general,E_general,0.01,18.0,0.0186700940502093,0.0105597272686424,-0.0081103667815668,False,,,True,True,True,,,,,
functional_cell,qwen,seqkd,480.0,E_general,E_general,0.025,18.0,0.0290771994672918,0.0168921555129507,-0.0121850439543411,False,,,True,True,True,,,,,
functional_cell,qwen,seqkd,480.0,E_general,E_general,0.05,18.0,0.0414456162909265,0.0248011489429903,-0.0166444673479361,False,,,True,True,True,,,,,
functional_cell,qwen,seqkd,480.0,E_general,E_general,0.1,18.0,0.0602174884152723,0.0386168380937356,-0.0216006503215367,False,,,True,True,True,,,,,
functional_cell,qwen,seqkd,480.0,E_ifeval,E_if,0.01,18.0,0.0249284325965655,0.0158340113785578,-0.0090944212180077,False,,,True,True,True,,,,,
functional_cell,qwen,seqkd,480.0,E_ifeval,E_if,0.025,18.0,0.0379362987146564,0.0257486211335722,-0.0121876775810841,False,,,True,True,True,,,,,
functional_cell,qwen,seqkd,480.0,E_ifeval,E_if,0.05,18.0,0.0529302786487578,0.0381023901082609,-0.0148278885404968,False,,,True,True,True,,,,,
functional_cell,qwen,seqkd,480.0,E_ifeval,E_if,0.1,18.0,0.0875533532531673,0.0612110581907979,-0.0263422950623694,False,,,True,True,True,,,,,
functional_cell,qwen,seqkd,480.0,E_mathHeld,E_math,0.01,18.0,0.0275504984121324,0.0146124322296002,-0.0129380661825321,False,,,True,True,True,,,,,
functional_cell,qwen,seqkd,480.0,E_mathHeld,E_math,0.025,18.0,0.0438558010253053,0.0244085498812121,-0.0194472511440932,False,,,True,True,True,,,,,
functional_cell,qwen,seqkd,480.0,E_mathHeld,E_math,0.05,18.0,0.0630394386669687,0.0354519198670474,-0.0275875187999213,False,,,True,True,True,,,,,
functional_cell,qwen,seqkd,480.0,E_mathHeld,E_math,0.1,18.0,0.0905900429517202,0.0547830493797201,-0.035806993572,False,,,True,True,True,,,,,
functional_cell,qwen,seqkd,480.0,E_mmluPro,E_ood,0.01,18.0,0.0243600714658493,0.013502727353638,-0.0108573441122113,False,,,True,True,True,,,,,
functional_cell,qwen,seqkd,480.0,E_mmluPro,E_ood,0.025,18.0,0.0378085531804029,0.0215018404629551,-0.0163067127174478,False,,,True,True,True,,,,,
functional_cell,qwen,seqkd,480.0,E_mmluPro,E_ood,0.05,18.0,0.0523148235642663,0.031348475987978,-0.0209663475762883,False,,,True,True,True,,,,,
functional_cell,qwen,seqkd,480.0,E_mmluPro,E_ood,0.1,18.0,0.0696332750534976,0.0490250466133581,-0.0206082284401394,False,,,True,True,True,,,,,
functional_cell,qwen,seqkd,624.0,E_general,E_general,0.01,18.0,0.0194245156049646,0.0108408142816135,-0.0085837013233511,False,,,True,True,True,,,,,
functional_cell,qwen,seqkd,624.0,E_general,E_general,0.025,18.0,0.0295954275016118,0.0170527030095863,-0.0125427244920255,False,,,True,True,True,,,,,
functional_cell,qwen,seqkd,624.0,E_general,E_general,0.05,18.0,0.044501230121436,0.02592020791239,-0.018581022209046,False,,,True,True,True,,,,,
functional_cell,qwen,seqkd,624.0,E_general,E_general,0.1,18.0,0.0609395281272885,0.0396276936905582,-0.0213118344367302,False,,,True,True,True,,,,,
functional_cell,qwen,seqkd,624.0,E_ifeval,E_if,0.01,18.0,0.0251724803589483,0.0154430775132929,-0.0097294028456553,False,,,True,True,True,,,,,
functional_cell,qwen,seqkd,624.0,E_ifeval,E_if,0.025,18.0,0.0374779596993794,0.0251069465121844,-0.0123710131871949,False,,,True,True,True,,,,,
functional_cell,qwen,seqkd,624.0,E_ifeval,E_if,0.05,18.0,0.0523750730152135,0.0373251022212989,-0.0150499707939145,False,,,True,True,True,,,,,
functional_cell,qwen,seqkd,624.0,E_ifeval,E_if,0.1,18.0,0.0868346228678907,0.0602048356514107,-0.02662978721648,False,,,True,True,True,,,,,
functional_cell,qwen,seqkd,624.0,E_mathHeld,E_math,0.01,18.0,0.0277250901507337,0.0145943934720411,-0.0131306966786926,False,,,True,True,True,,,,,
functional_cell,qwen,seqkd,624.0,E_mathHeld,E_math,0.025,18.0,0.0447352805214384,0.0245816201175973,-0.020153660403841,False,,,True,True,True,,,,,
functional_cell,qwen,seqkd,624.0,E_mathHeld,E_math,0.05,18.0,0.0633671133215491,0.0359106643834598,-0.0274564489380892,False,,,True,True,True,,,,,
functional_cell,qwen,seqkd,624.0,E_mathHeld,E_math,0.1,18.0,0.0906947984655333,0.0549297070990585,-0.0357650913664748,False,,,True,True,True,,,,,
functional_cell,qwen,seqkd,624.0,E_mmluPro,E_ood,0.01,18.0,0.025803423191605,0.0141499949231259,-0.011653428268479,False,,,True,True,True,,,,,
functional_cell,qwen,seqkd,624.0,E_mmluPro,E_ood,0.025,18.0,0.0402475060060147,0.0227889475662003,-0.0174585584398144,False,,,True,True,True,,,,,
functional_cell,qwen,seqkd,624.0,E_mmluPro,E_ood,0.05,18.0,0.0557718320740082,0.0328112574085986,-0.0229605746654095,False,,,True,True,True,,,,,
functional_cell,qwen,seqkd,624.0,E_mmluPro,E_ood,0.1,18.0,0.0743676720843177,0.0506532024565064,-0.0237144696278113,False,,,True,True,True,,,,,
functional_cell,qwen,sft,5.0,E_general,E_general,0.01,18.0,0.0,0.0,0.0,False,,,False,True,True,,,,,
functional_cell,qwen,sft,5.0,E_general,E_general,0.025,18.0,0.0,0.0,0.0,False,,,False,True,True,,,,,
functional_cell,qwen,sft,5.0,E_general,E_general,0.05,18.0,0.0,0.0,0.0,False,,,False,True,True,,,,,
functional_cell,qwen,sft,5.0,E_general,E_general,0.1,18.0,0.0,0.0,0.0,False,,,False,True,True,,,,,
functional_cell,qwen,sft,5.0,E_ifeval,E_if,0.01,18.0,-0.000106055785343,-0.0001484780994803,-4.24223141372362e-05,False,,,True,True,True,,,,,
functional_cell,qwen,sft,5.0,E_ifeval,E_if,0.025,18.0,-0.0001474273920094,-0.0002063983488132,-5.8970956803774136e-05,False,,,True,True,True,,,,,
functional_cell,qwen,sft,5.0,E_ifeval,E_if,0.05,18.0,0.0002446183953033,0.0003424657534246,9.784735812133074e-05,False,,,True,True,True,,,,,
functional_cell,qwen,sft,5.0,E_ifeval,E_if,0.1,18.0,-0.0003691399040236,-0.000516795865633,-0.0001476559616094,False,,,True,True,True,,,,,
functional_cell,qwen,sft,5.0,E_mathHeld,E_math,0.01,18.0,0.0,0.0,0.0,False,,,False,True,True,,,,,
functional_cell,qwen,sft,5.0,E_mathHeld,E_math,0.025,18.0,-0.0001234720335843,-0.0001728608470181,-4.938881343375724e-05,False,,,True,True,True,,,,,
functional_cell,qwen,sft,5.0,E_mathHeld,E_math,0.05,18.0,0.0,0.0,0.0,False,,,False,True,True,,,,,
functional_cell,qwen,sft,5.0,E_mathHeld,E_math,0.1,18.0,0.0,0.0,0.0,False,,,False,True,True,,,,,
functional_cell,qwen,sft,5.0,E_mmluPro,E_ood,0.01,18.0,0.0,0.0,0.0,False,,,False,True,True,,,,,
functional_cell,qwen,sft,5.0,E_mmluPro,E_ood,0.025,18.0,0.0,0.0,0.0,False,,,False,True,True,,,,,
functional_cell,qwen,sft,5.0,E_mmluPro,E_ood,0.05,18.0,-0.0001954270080125,-0.0002735978112175,-7.817080320500293e-05,False,,,True,True,True,,,,,
functional_cell,qwen,sft,5.0,E_mmluPro,E_ood,0.1,18.0,0.0,0.0,0.0,False,,,False,True,True,,,,,
functional_cell,qwen,sft,10.0,E_general,E_general,0.01,18.0,0.0,0.0,0.0,False,,,False,True,True,,,,,
functional_cell,qwen,sft,10.0,E_general,E_general,0.025,18.0,0.0001260875047282,0.0001765225066195,5.043500189131259e-05,False,,,True,True,True,,,,,
functional_cell,qwen,sft,10.0,E_general,E_general,0.05,18.0,0.0,0.0,0.0,False,,,False,True,True,,,,,
functional_cell,qwen,sft,10.0,E_general,E_general,0.1,18.0,0.0,0.0,0.0,False,,,False,True,True,,,,,
functional_cell,qwen,sft,10.0,E_ifeval,E_if,0.01,18.0,0.0,0.0,0.0,False,,,False,True,True,,,,,
functional_cell,qwen,sft,10.0,E_ifeval,E_if,0.025,18.0,-0.0002340599831902,-0.0003276839764663,-9.362399327609504e-05,False,,,True,True,True,,,,,
functional_cell,qwen,sft,10.0,E_ifeval,E_if,0.05,18.0,0.0002446183953033,0.0003424657534246,9.784735812133074e-05,False,,,True,True,True,,,,,
functional_cell,qwen,sft,10.0,E_ifeval,E_if,0.1,18.0,0.0,0.0,0.0,False,,,False,True,True,,,,,
functional_cell,qwen,sft,10.0,E_mathHeld,E_math,0.01,18.0,0.0,0.0,0.0,False,,,False,True,True,,,,,
functional_cell,qwen,sft,10.0,E_mathHeld,E_math,0.025,18.0,0.0,0.0,0.0,False,,,False,True,True,,,,,
functional_cell,qwen,sft,10.0,E_mathHeld,E_math,0.05,18.0,0.0,0.0,0.0,False,,,False,True,True,,,,,
functional_cell,qwen,sft,10.0,E_mathHeld,E_math,0.1,18.0,0.0,0.0,0.0,False,,,False,True,True,,,,,
functional_cell,qwen,sft,10.0,E_mmluPro,E_ood,0.01,18.0,0.0,0.0,0.0,False,,,False,True,True,,,,,
functional_cell,qwen,sft,10.0,E_mmluPro,E_ood,0.025,18.0,-0.0002521175147749,-0.0003529645206849,-0.0001008470059099,False,,,True,True,True,,,,,
functional_cell,qwen,sft,10.0,E_mmluPro,E_ood,0.05,18.0,-0.000371793851046,-0.0005205113914644,-0.0001487175404184,False,,,True,True,True,,,,,
functional_cell,qwen,sft,10.0,E_mmluPro,E_ood,0.1,18.0,0.0,0.0,0.0,False,,,False,True,True,,,,,
functional_cell,qwen,sft,20.0,E_general,E_general,0.01,18.0,0.0005094293608856,0.0002132011052398,-0.0002962282556457,False,,,True,True,True,,,,,
functional_cell,qwen,sft,20.0,E_general,E_general,0.025,18.0,0.0002098255720536,0.0002937558008751,8.393022882147505e-05,False,,,True,True,True,,,,,
functional_cell,qwen,sft,20.0,E_general,E_general,0.05,18.0,0.0002936377630211,0.0004110928682295,0.0001174551052084,False,,,True,True,True,,,,,
functional_cell,qwen,sft,20.0,E_general,E_general,0.1,18.0,0.0,0.0,0.0,False,,,False,True,True,,,,,
functional_cell,qwen,sft,20.0,E_ifeval,E_if,0.01,18.0,-0.0003786839205666,-0.0001484780994803,0.0002302058210863,False,,,True,True,True,,,,,
functional_cell,qwen,sft,20.0,E_ifeval,E_if,0.025,18.0,-0.0006888079805227,-7.393373688831381e-06,0.0006814146068339,False,,,True,True,True,,,,,
functional_cell,qwen,sft,20.0,E_ifeval,E_if,0.05,18.0,0.0002446183953033,0.0003424657534246,9.784735812133074e-05,False,,,True,True,True,,,,,
functional_cell,qwen,sft,20.0,E_ifeval,E_if,0.1,18.0,0.0006265664160401,0.0008771929824561,0.000250626566416,False,,,True,True,True,,,,,
functional_cell,qwen,sft,20.0,E_mathHeld,E_math,0.01,18.0,-0.0003804644891226,-0.0005326502847716,-0.000152185795649,False,,,True,True,True,,,,,
functional_cell,qwen,sft,20.0,E_mathHeld,E_math,0.025,18.0,-0.0001234720335843,-0.0001728608470181,-4.938881343375724e-05,False,,,True,True,True,,,,,
functional_cell,qwen,sft,20.0,E_mathHeld,E_math,0.05,18.0,-0.000422795221861,-0.0005919133106055,-0.0001691180887444,False,,,True,True,True,,,,,
functional_cell,qwen,sft,20.0,E_mathHeld,E_math,0.1,18.0,-0.0002810185476333,-0.0003934259666867,-0.0001124074190533,False,,,True,True,True,,,,,
functional_cell,qwen,sft,20.0,E_mmluPro,E_ood,0.01,18.0,-0.0010256876454311,-0.0003545086599532,0.0006711789854778,False,,,True,True,True,,,,,
functional_cell,qwen,sft,20.0,E_mmluPro,E_ood,0.025,18.0,-0.0014890261414572,-0.0008267749628199,0.0006622511786372,False,,,True,True,True,,,,,
functional_cell,qwen,sft,20.0,E_mmluPro,E_ood,0.05,18.0,-0.0020357452642091,-0.0011971508079093,0.0008385944562998,False,,,True,True,True,,,,,
functional_cell,qwen,sft,20.0,E_mmluPro,E_ood,0.1,18.0,-0.0045803917946421,-0.001412548512499,0.0031678432821431,False,,,True,True,True,,,,,
functional_cell,qwen,sft,40.0,E_general,E_general,0.01,18.0,-0.0003930045195519,0.0,0.0003930045195519,True,,,True,True,True,,,,,
functional_cell,qwen,sft,40.0,E_general,E_general,0.025,18.0,-0.0007985524046171,1.1970136360831734e-05,0.0008105225409779,True,,,True,True,True,,,,,
functional_cell,qwen,sft,40.0,E_general,E_general,0.05,18.0,-0.001081910751722,-0.000125786163522,0.0009561245882,False,,,True,True,True,,,,,
functional_cell,qwen,sft,40.0,E_general,E_general,0.1,18.0,-0.0001190476190476,-0.0001666666666666,-4.761904761904763e-05,False,,,True,True,True,,,,,
functional_cell,qwen,sft,40.0,E_ifeval,E_if,0.01,18.0,-0.0030007010457134,-0.0015599837848331,0.0014407172608802,False,,,True,True,True,,,,,
functional_cell,qwen,sft,40.0,E_ifeval,E_if,0.025,18.0,-0.005050077697858,-0.0025732791197095,0.0024767985781485,False,,,True,True,True,,,,,
functional_cell,qwen,sft,40.0,E_ifeval,E_if,0.05,18.0,-0.0077878862627893,-0.0040458979107622,0.0037419883520271,False,,,True,True,True,,,,,
functional_cell,qwen,sft,40.0,E_ifeval,E_if,0.1,18.0,-0.0042865239041437,-0.0060011334658012,-0.0017146095616574,False,,,True,True,True,,,,,
functional_cell,qwen,sft,40.0,E_mathHeld,E_math,0.01,18.0,-0.0018826073044544,-0.0012972844641051,0.0005853228403492,False,,,True,True,True,,,,,
functional_cell,qwen,sft,40.0,E_mathHeld,E_math,0.025,18.0,-0.0030822401206023,-0.0016738216541778,0.0014084184664244,False,,,True,True,True,,,,,
functional_cell,qwen,sft,40.0,E_mathHeld,E_math,0.05,18.0,-0.0051841569488412,-0.0022213927407312,0.0029627642081099,False,,,True,True,True,,,,,
functional_cell,qwen,sft,40.0,E_mathHeld,E_math,0.1,18.0,-0.0027919583361212,-0.0039087416705697,-0.0011167833344485,False,,,True,True,True,,,,,
functional_cell,qwen,sft,40.0,E_mmluPro,E_ood,0.01,18.0,-0.0027979303794313,-0.0014622236409835,0.0013357067384478,False,,,True,True,True,,,,,
functional_cell,qwen,sft,40.0,E_mmluPro,E_ood,0.025,18.0,-0.0040036115498051,-0.0022197676818956,0.0017838438679095,False,,,True,True,True,,,,,
functional_cell,qwen,sft,40.0,E_mmluPro,E_ood,0.05,18.0,-0.0059166132158219,-0.0032533354471492,0.0026632777686726,False,,,True,True,True,,,,,
functional_cell,qwen,sft,40.0,E_mmluPro,E_ood,0.1,18.0,-0.0127349363599149,-0.0051366032115731,0.0075983331483417,False,,,True,True,True,,,,,
functional_cell,qwen,sft,80.0,E_general,E_general,0.01,18.0,0.0006503236564652,0.0004104531190512,-0.0002398705374139,False,,,True,True,True,,,,,
functional_cell,qwen,sft,80.0,E_general,E_general,0.025,18.0,0.0002436797836267,0.0003411516970774,9.747191345068743e-05,False,,,True,True,True,,,,,
functional_cell,qwen,sft,80.0,E_general,E_general,0.05,18.0,0.0009674922056423,0.0013544890878993,0.0003869968822569,False,,,True,True,True,,,,,
functional_cell,qwen,sft,80.0,E_general,E_general,0.1,18.0,0.0006902544283301,0.0009663561996621,0.000276101771332,False,,,True,True,True,,,,,
functional_cell,qwen,sft,80.0,E_ifeval,E_if,0.01,18.0,0.0003784126220262,0.0016748158387757,0.0012964032167494,False,,,True,True,True,,,,,
functional_cell,qwen,sft,80.0,E_ifeval,E_if,0.025,18.0,-0.0005833758229877,0.0027231657060658,0.0033065415290536,True,,,True,True,True,,,,,
functional_cell,qwen,sft,80.0,E_ifeval,E_if,0.05,18.0,0.0004392306307622,0.00347206574021,0.0030328351094477,False,,,True,True,True,,,,,
functional_cell,qwen,sft,80.0,E_ifeval,E_if,0.1,18.0,0.0133264156275023,0.0061569818785032,-0.007169433748999,False,,,True,True,True,,,,,
functional_cell,qwen,sft,80.0,E_mathHeld,E_math,0.01,18.0,0.0003115072500854,-0.0001148540372081,-0.0004263612872936,True,,,True,True,True,,,,,
functional_cell,qwen,sft,80.0,E_mathHeld,E_math,0.025,18.0,6.774311101575158e-05,9.484035542205222e-05,2.7097244406300636e-05,False,,,True,True,True,,,,,
functional_cell,qwen,sft,80.0,E_mathHeld,E_math,0.05,18.0,-0.000115997986429,-0.0001623971810007,-4.6399194571637286e-05,False,,,True,True,True,,,,,
functional_cell,qwen,sft,80.0,E_mathHeld,E_math,0.1,18.0,-3.0247032935872145e-06,-4.2345846110221e-06,-1.2098813174348855e-06,False,,,True,True,True,,,,,
functional_cell,qwen,sft,80.0,E_mmluPro,E_ood,0.01,18.0,0.0002525563158132,6.160803921886624e-05,-0.0001909482765944,False,,,True,True,True,,,,,
functional_cell,qwen,sft,80.0,E_mmluPro,E_ood,0.025,18.0,5.364989948761077e-05,7.510985928265508e-05,2.145995979504431e-05,False,,,True,True,True,,,,,
functional_cell,qwen,sft,80.0,E_mmluPro,E_ood,0.05,18.0,-0.0001289377015335,-0.0001805127821469,-5.157508061340787e-05,False,,,True,True,True,,,,,
functional_cell,qwen,sft,80.0,E_mmluPro,E_ood,0.1,18.0,-0.0037342478184525,-0.0002279469458335,0.0035063008726189,False,,,True,True,True,,,,,
functional_cell,qwen,sft,160.0,E_general,E_general,0.01,18.0,0.0006676586412304,0.0004347220977225,-0.0002329365435078,False,,,True,True,True,,,,,
functional_cell,qwen,sft,160.0,E_general,E_general,0.025,18.0,0.0006970350436621,9.479179240448714e-05,-0.0006022432512576,False,,,True,True,True,,,,,
functional_cell,qwen,sft,160.0,E_general,E_general,0.05,18.0,0.0001435356615411,0.0002009499261576,5.7414264616464445e-05,False,,,True,True,True,,,,,
functional_cell,qwen,sft,160.0,E_general,E_general,0.1,18.0,-5.695577265501378e-05,-7.973808171701929e-05,-2.2782309062005507e-05,False,,,True,True,True,,,,,
functional_cell,qwen,sft,160.0,E_ifeval,E_if,0.01,18.0,0.0041045070356061,0.0038994289953341,-0.0002050780402719,False,,,True,True,True,,,,,
functional_cell,qwen,sft,160.0,E_ifeval,E_if,0.025,18.0,0.005563186450245,0.0061624447701804,0.0005992583199354,False,,,True,True,True,,,,,
functional_cell,qwen,sft,160.0,E_ifeval,E_if,0.05,18.0,0.008268127539423,0.0087182356980493,0.0004501081586263,False,,,True,True,True,,,,,
functional_cell,qwen,sft,160.0,E_ifeval,E_if,0.1,18.0,0.0204098545074856,0.0160737963104798,-0.0043360581970057,False,,,True,True,True,,,,,
functional_cell,qwen,sft,160.0,E_mathHeld,E_math,0.01,18.0,0.0034921056397023,0.0019237193755945,-0.0015683862641077,False,,,True,True,True,,,,,
functional_cell,qwen,sft,160.0,E_mathHeld,E_math,0.025,18.0,0.0051448364683453,0.0029755509973288,-0.0021692854710164,False,,,True,True,True,,,,,
functional_cell,qwen,sft,160.0,E_mathHeld,E_math,0.05,18.0,0.0068395787129269,0.0045389832104511,-0.0023005955024757,False,,,True,True,True,,,,,
functional_cell,qwen,sft,160.0,E_mathHeld,E_math,0.1,18.0,0.0153700470261081,0.0067331195999922,-0.0086369274261158,False,,,True,True,True,,,,,
functional_cell,qwen,sft,160.0,E_mmluPro,E_ood,0.01,18.0,0.0039865149773656,0.0019583588664126,-0.002028156110953,False,,,True,True,True,,,,,
functional_cell,qwen,sft,160.0,E_mmluPro,E_ood,0.025,18.0,0.0057037672754998,0.0024725588452568,-0.003231208430243,False,,,True,True,True,,,,,
functional_cell,qwen,sft,160.0,E_mmluPro,E_ood,0.05,18.0,0.0072578424007277,0.0034781637440338,-0.0037796786566938,False,,,True,True,True,,,,,
functional_cell,qwen,sft,160.0,E_mmluPro,E_ood,0.1,18.0,0.0053780245783767,0.0048369267174197,-0.0005410978609569,False,,,True,True,True,,,,,
functional_cell,qwen,sft,320.0,E_general,E_general,0.01,18.0,0.0039614383223031,0.0021202915054197,-0.0018411468168834,False,,,True,True,True,,,,,
functional_cell,qwen,sft,320.0,E_general,E_general,0.025,18.0,0.0060875001976199,0.0033705552307484,-0.0027169449668715,False,,,True,True,True,,,,,
functional_cell,qwen,sft,320.0,E_general,E_general,0.05,18.0,0.007937823346216,0.005176374513611,-0.002761448832605,False,,,True,True,True,,,,,
functional_cell,qwen,sft,320.0,E_general,E_general,0.1,18.0,0.0129387494818102,0.0069254380857232,-0.006013311396087,False,,,True,True,True,,,,,
functional_cell,qwen,sft,320.0,E_ifeval,E_if,0.01,18.0,0.0099566570422999,0.0072228810817124,-0.0027337759605874,False,,,True,True,True,,,,,
functional_cell,qwen,sft,320.0,E_ifeval,E_if,0.025,18.0,0.0151554093908685,0.0115548353715128,-0.0036005740193556,False,,,True,True,True,,,,,
functional_cell,qwen,sft,320.0,E_ifeval,E_if,0.05,18.0,0.0209576693630461,0.0167693085368359,-0.0041883608262101,False,,,True,True,True,,,,,
functional_cell,qwen,sft,320.0,E_ifeval,E_if,0.1,18.0,0.0414358248883236,0.0273283366618349,-0.0141074882264887,False,,,True,True,True,,,,,
functional_cell,qwen,sft,320.0,E_mathHeld,E_math,0.01,18.0,0.0059953291372872,0.0032764351311536,-0.0027188940061336,False,,,True,True,True,,,,,
functional_cell,qwen,sft,320.0,E_mathHeld,E_math,0.025,18.0,0.0094182620640014,0.0052588312583808,-0.0041594308056205,False,,,True,True,True,,,,,
functional_cell,qwen,sft,320.0,E_mathHeld,E_math,0.05,18.0,0.0122520336088498,0.0070799930770968,-0.005172040531753,False,,,True,True,True,,,,,
functional_cell,qwen,sft,320.0,E_mathHeld,E_math,0.1,18.0,0.0226898018323132,0.0105291634254535,-0.0121606384068596,False,,,True,True,True,,,,,
functional_cell,qwen,sft,320.0,E_mmluPro,E_ood,0.01,18.0,0.0079325890935429,0.0038601005271616,-0.0040724885663813,False,,,True,True,True,,,,,
functional_cell,qwen,sft,320.0,E_mmluPro,E_ood,0.025,18.0,0.011963557567471,0.0057235499135734,-0.0062400076538975,False,,,True,True,True,,,,,
functional_cell,qwen,sft,320.0,E_mmluPro,E_ood,0.05,18.0,0.0161283461585774,0.0075611608260551,-0.0085671853325222,False,,,True,True,True,,,,,
functional_cell,qwen,sft,320.0,E_mmluPro,E_ood,0.1,18.0,0.0196379306276945,0.012108487494157,-0.0075294431335375,False,,,True,True,True,,,,,
functional_cell,qwen,sft,480.0,E_general,E_general,0.01,18.0,0.0044185991621725,0.0024852135175504,-0.001933385644622,False,,,True,True,True,,,,,
functional_cell,qwen,sft,480.0,E_general,E_general,0.025,18.0,0.0062107270783317,0.0035430728637449,-0.0026676542145868,False,,,True,True,True,,,,,
functional_cell,qwen,sft,480.0,E_general,E_general,0.05,18.0,0.0091802477415978,0.0055268797782566,-0.0036533679633412,False,,,True,True,True,,,,,
functional_cell,qwen,sft,480.0,E_general,E_general,0.1,18.0,0.013816068696932,0.0081536849868936,-0.0056623837100383,False,,,True,True,True,,,,,
functional_cell,qwen,sft,480.0,E_ifeval,E_if,0.01,18.0,0.0124803371146928,0.0085274729392351,-0.0039528641754577,False,,,True,True,True,,,,,
functional_cell,qwen,sft,480.0,E_ifeval,E_if,0.025,18.0,0.0185850448849076,0.0137733710039618,-0.0048116738809457,False,,,True,True,True,,,,,
functional_cell,qwen,sft,480.0,E_ifeval,E_if,0.05,18.0,0.02651391379868,0.0205480507467234,-0.0059658630519565,False,,,True,True,True,,,,,
functional_cell,qwen,sft,480.0,E_ifeval,E_if,0.1,18.0,0.0446680851339493,0.0318535010057109,-0.0128145841282384,False,,,True,True,True,,,,,
functional_cell,qwen,sft,480.0,E_mathHeld,E_math,0.01,18.0,0.0060530396821493,0.0030687328982337,-0.0029843067839156,False,,,True,True,True,,,,,
functional_cell,qwen,sft,480.0,E_mathHeld,E_math,0.025,18.0,0.0098836104770956,0.0053798224639998,-0.0045037880130957,False,,,True,True,True,,,,,
functional_cell,qwen,sft,480.0,E_mathHeld,E_math,0.05,18.0,0.0131949275220094,0.0072597214639776,-0.0059352060580318,False,,,True,True,True,,,,,
functional_cell,qwen,sft,480.0,E_mathHeld,E_math,0.1,18.0,0.0182844396927335,0.0108132693332677,-0.0074711703594657,False,,,True,True,True,,,,,
functional_cell,qwen,sft,480.0,E_mmluPro,E_ood,0.01,18.0,0.0092472081726454,0.0046191131942547,-0.0046280949783907,False,,,True,True,True,,,,,
functional_cell,qwen,sft,480.0,E_mmluPro,E_ood,0.025,18.0,0.0137796794610375,0.0070082589293464,-0.006771420531691,False,,,True,True,True,,,,,
functional_cell,qwen,sft,480.0,E_mmluPro,E_ood,0.05,18.0,0.020358142380545,0.0101058450437918,-0.0102522973367532,False,,,True,True,True,,,,,
functional_cell,qwen,sft,480.0,E_mmluPro,E_ood,0.1,18.0,0.0280100445709245,0.0161371393223712,-0.0118729052485532,False,,,True,True,True,,,,,
functional_cell,qwen,sft,624.0,E_general,E_general,0.01,18.0,0.0040669034904937,0.0019928395772001,-0.0020740639132935,False,,,True,True,True,,,,,
functional_cell,qwen,sft,624.0,E_general,E_general,0.025,18.0,0.0061269890110063,0.0034258395694893,-0.0027011494415169,False,,,True,True,True,,,,,
functional_cell,qwen,sft,624.0,E_general,E_general,0.05,18.0,0.0088701647212284,0.0050927635497395,-0.0037774011714889,False,,,True,True,True,,,,,
functional_cell,qwen,sft,624.0,E_general,E_general,0.1,18.0,0.0135735268584649,0.0078141264130397,-0.0057594004454252,False,,,True,True,True,,,,,
functional_cell,qwen,sft,624.0,E_ifeval,E_if,0.01,18.0,0.0122377952762257,0.0081879143653811,-0.0040498809108445,False,,,True,True,True,,,,,
functional_cell,qwen,sft,624.0,E_ifeval,E_if,0.025,18.0,0.0184911217140613,0.0136418785647771,-0.0048492431492842,False,,,True,True,True,,,,,
functional_cell,qwen,sft,624.0,E_ifeval,E_if,0.05,18.0,0.0259492610601142,0.0197575369127313,-0.0061917241473828,False,,,True,True,True,,,,,
functional_cell,qwen,sft,624.0,E_ifeval,E_if,0.1,18.0,0.0444625352881117,0.0315657312215382,-0.0128968040665734,False,,,True,True,True,,,,,
functional_cell,qwen,sft,624.0,E_mathHeld,E_math,0.01,18.0,0.0053780323062226,0.0029371539508652,-0.0024408783553573,False,,,True,True,True,,,,,
functional_cell,qwen,sft,624.0,E_mathHeld,E_math,0.025,18.0,0.0081632618381459,0.0045572399131594,-0.0036060219249864,False,,,True,True,True,,,,,
functional_cell,qwen,sft,624.0,E_mathHeld,E_math,0.05,18.0,0.0129382452569589,0.0069003662929069,-0.006037878964052,False,,,True,True,True,,,,,
functional_cell,qwen,sft,624.0,E_mathHeld,E_math,0.1,18.0,0.0177333698353512,0.0100417715329326,-0.0076915983024186,False,,,True,True,True,,,,,
functional_cell,qwen,sft,624.0,E_mmluPro,E_ood,0.01,18.0,0.0091500925078887,0.0044831512635953,-0.0046669412442934,False,,,True,True,True,,,,,
functional_cell,qwen,sft,624.0,E_mmluPro,E_ood,0.025,18.0,0.0136568444284862,0.0068362898837746,-0.0068205545447115,False,,,True,True,True,,,,,
functional_cell,qwen,sft,624.0,E_mmluPro,E_ood,0.05,18.0,0.0202466223627018,0.0099497170188113,-0.0102969053438904,False,,,True,True,True,,,,,
functional_cell,qwen,sft,624.0,E_mmluPro,E_ood,0.1,18.0,0.0274051053475287,0.0152902244096171,-0.0121148809379115,False,,,True,True,True,,,,,
functional_cell,,,0.0,E_general,E_general,0.01,18.0,0.0,0.0,0.0,False,,,False,True,True,,,,,
functional_cell,,,0.0,E_general,E_general,0.025,18.0,0.0,0.0,0.0,False,,,False,True,True,,,,,
functional_cell,,,0.0,E_general,E_general,0.05,18.0,0.0,0.0,0.0,False,,,False,True,True,,,,,
functional_cell,,,0.0,E_general,E_general,0.1,18.0,0.0,0.0,0.0,False,,,False,True,True,,,,,
functional_cell,,,0.0,E_ifeval,E_if,0.01,18.0,0.0,0.0,0.0,False,,,False,True,True,,,,,
functional_cell,,,0.0,E_ifeval,E_if,0.025,18.0,0.0,0.0,0.0,False,,,False,True,True,,,,,
functional_cell,,,0.0,E_ifeval,E_if,0.05,18.0,0.0,0.0,0.0,False,,,False,True,True,,,,,
functional_cell,,,0.0,E_ifeval,E_if,0.1,18.0,0.0,0.0,0.0,False,,,False,True,True,,,,,
functional_cell,,,0.0,E_mathHeld,E_math,0.01,18.0,0.0,0.0,0.0,False,,,False,True,True,,,,,
functional_cell,,,0.0,E_mathHeld,E_math,0.025,18.0,0.0,0.0,0.0,False,,,False,True,True,,,,,
functional_cell,,,0.0,E_mathHeld,E_math,0.05,18.0,0.0,0.0,0.0,False,,,False,True,True,,,,,
functional_cell,,,0.0,E_mathHeld,E_math,0.1,18.0,0.0,0.0,0.0,False,,,False,True,True,,,,,
functional_cell,,,0.0,E_AIME24,E_math_hard_v2,0.01,18.0,0.0,0.0,0.0,False,,,False,True,True,,,,,
functional_cell,,,0.0,E_AIME24,E_math_hard_v2,0.025,18.0,0.0,0.0,0.0,False,,,False,True,True,,,,,
functional_cell,,,0.0,E_AIME24,E_math_hard_v2,0.05,18.0,0.0,0.0,0.0,False,,,False,True,True,,,,,
functional_cell,,,0.0,E_AIME24,E_math_hard_v2,0.1,18.0,0.0,0.0,0.0,False,,,False,True,True,,,,,
functional_cell,,,0.0,E_mmluPro,E_ood,0.01,18.0,0.0,0.0,0.0,False,,,False,True,True,,,,,
functional_cell,,,0.0,E_mmluPro,E_ood,0.025,18.0,0.0,0.0,0.0,False,,,False,True,True,,,,,
functional_cell,,,0.0,E_mmluPro,E_ood,0.05,18.0,0.0,0.0,0.0,False,,,False,True,True,,,,,
functional_cell,,,0.0,E_mmluPro,E_ood,0.1,18.0,0.0,0.0,0.0,False,,,False,True,True,,,,,
functional_cell,,,0.0,legacy_S_math,S_math,0.01,18.0,0.0,0.0,0.0,False,,,False,True,True,,,,,
functional_cell,,,0.0,legacy_S_math,S_math,0.025,18.0,0.0,0.0,0.0,False,,,False,True,True,,,,,
functional_cell,,,0.0,legacy_S_math,S_math,0.05,18.0,0.0,0.0,0.0,False,,,False,True,True,,,,,
functional_cell,,,0.0,legacy_S_math,S_math,0.1,18.0,0.0,0.0,0.0,False,,,False,True,True,,,,,
functional_cell,,,5.0,E_general,E_general,0.01,14.0,0.0004600808187664,0.0003555128576726,-0.0001045679610937,False,,,True,True,True,,,,,
functional_cell,,,5.0,E_general,E_general,0.01,18.0,0.0008619303636414,0.0004319772343727,-0.0004299531292687,False,,,True,True,True,,,,,
functional_cell,,,5.0,E_general,E_general,0.025,14.0,0.0009815502205083,0.0004307740822965,-0.0005507761382117,False,,,True,True,True,,,,,
functional_cell,,,5.0,E_general,E_general,0.025,18.0,0.0017672654059111,0.001029734017863,-0.0007375313880481,False,,,True,True,True,,,,,
functional_cell,,,5.0,E_general,E_general,0.05,14.0,0.000149588631264,0.0002094240837696,5.983545250560959e-05,False,,,True,True,True,,,,,
functional_cell,,,5.0,E_general,E_general,0.05,18.0,0.000935175871226,0.0013092462197164,0.0003740703484904,False,,,True,True,True,,,,,
functional_cell,,,5.0,E_general,E_general,0.1,14.0,0.0003713859664434,0.0005199403530207,0.0001485543865773,False,,,True,True,True,,,,,
functional_cell,,,5.0,E_general,E_general,0.1,18.0,0.0013816503800217,0.0019343105320304,0.0005526601520086,False,,,True,True,True,,,,,
functional_cell,,,5.0,E_ifeval,E_if,0.01,14.0,0.0008779431930593,0.0012291204702831,0.0003511772772237,False,,,True,True,True,,,,,
functional_cell,,,5.0,E_ifeval,E_if,0.01,18.0,0.0003446091421425,0.0001308044473512,-0.0002138046947913,False,,,True,True,True,,,,,
functional_cell,,,5.0,E_ifeval,E_if,0.025,14.0,0.0009532624251732,0.0013345673952425,0.0003813049700692,False,,,True,True,True,,,,,
functional_cell,,,5.0,E_ifeval,E_if,0.025,18.0,0.0004904932825606,0.0006866905955848,0.0001961973130242,False,,,True,True,True,,,,,
functional_cell,,,5.0,E_ifeval,E_if,0.05,14.0,0.0012414563394148,0.0017380388751808,0.0004965825357659,False,,,True,True,True,,,,,
functional_cell,,,5.0,E_ifeval,E_if,0.05,18.0,3.234923801188125e-05,4.528893321663376e-05,1.2939695204752502e-05,False,,,True,True,True,,,,,
functional_cell,,,5.0,E_ifeval,E_if,0.1,14.0,0.002180746547482,0.0030530451664748,0.0008722986189928,False,,,True,True,True,,,,,
functional_cell,,,5.0,E_ifeval,E_if,0.1,18.0,0.0002583779035216,0.0003617290649303,0.0001033511614086,False,,,True,True,True,,,,,
functional_cell,,,5.0,E_mathHeld,E_math,0.01,14.0,0.0012218009532582,0.0017105213345615,0.0004887203813033,False,,,True,True,True,,,,,
functional_cell,,,5.0,E_mathHeld,E_math,0.01,18.0,9.209307399110724e-05,0.0001289303035875,3.6837229596442905e-05,False,,,True,True,True,,,,,
functional_cell,,,5.0,E_mathHeld,E_math,0.025,14.0,0.0030005858921822,0.0032392817875167,0.0002386958953344,False,,,True,True,True,,,,,
functional_cell,,,5.0,E_mathHeld,E_math,0.025,18.0,0.0005570157355871,0.000779822029822,0.0002228062942348,False,,,True,True,True,,,,,
functional_cell,,,5.0,E_mathHeld,E_math,0.05,14.0,0.0027967803876758,0.0039154925427461,0.0011187121550703,False,,,True,True,True,,,,,
functional_cell,,,5.0,E_mathHeld,E_math,0.05,18.0,0.000937332808201,0.0013122659314815,0.0003749331232804,False,,,True,True,True,,,,,
functional_cell,,,5.0,E_mathHeld,E_math,0.1,14.0,0.0044322621557774,0.0062051670180883,0.0017729048623109,False,,,True,True,True,,,,,
functional_cell,,,5.0,E_mathHeld,E_math,0.1,18.0,0.0002801120448179,0.000392156862745,0.0001120448179271,False,,,True,True,True,,,,,
functional_cell,,,5.0,E_AIME24,E_math_hard_v2,0.01,14.0,0.0020236527932361,0.0021619729709333,0.0001383201776971,False,,,True,True,True,,,,,
functional_cell,,,5.0,E_AIME24,E_math_hard_v2,0.01,18.0,-0.0006691674641781,-0.0005764740894891,9.269337468908068e-05,False,,,True,True,True,,,,,
functional_cell,,,5.0,E_AIME24,E_math_hard_v2,0.025,14.0,0.0030111644565989,0.0030251540487623,1.3989592163394984e-05,False,,,True,True,True,,,,,
functional_cell,,,5.0,E_AIME24,E_math_hard_v2,0.025,18.0,-0.0010694137371737,-0.0007828935177575,0.0002865202194162,False,,,True,True,True,,,,,
functional_cell,,,5.0,E_AIME24,E_math_hard_v2,0.05,14.0,0.0027839301210303,0.0038975021694425,0.0011135720484121,False,,,True,True,True,,,,,
functional_cell,,,5.0,E_AIME24,E_math_hard_v2,0.05,18.0,-0.0031076923987919,-0.0005742154637375,0.0025334769350544,False,,,True,True,True,,,,,
functional_cell,,,5.0,E_AIME24,E_math_hard_v2,0.1,14.0,0.0038673752826257,0.005414325395676,0.0015469501130503,False,,,True,True,True,,,,,
functional_cell,,,5.0,E_AIME24,E_math_hard_v2,0.1,18.0,-0.0008237785552243,-0.001153289977314,-0.0003295114220897,False,,,True,True,True,,,,,
functional_cell,,,5.0,E_mmluPro,E_ood,0.01,14.0,0.0005929683181164,0.000830155645363,0.0002371873272465,False,,,True,True,True,,,,,
functional_cell,,,5.0,E_mmluPro,E_ood,0.01,18.0,-0.0009660904843846,-0.0002719238613188,0.0006941666230658,False,,,True,True,True,,,,,
functional_cell,,,5.0,E_mmluPro,E_ood,0.025,14.0,0.001012003114952,0.0014168043609328,0.0004048012459808,False,,,True,True,True,,,,,
functional_cell,,,5.0,E_mmluPro,E_ood,0.025,18.0,-0.0008288887187812,-0.0005334849586448,0.0002954037601364,False,,,True,True,True,,,,,
functional_cell,,,5.0,E_mmluPro,E_ood,0.05,14.0,0.0011731248093024,0.0016423747330234,0.0004692499237209,False,,,True,True,True,,,,,
functional_cell,,,5.0,E_mmluPro,E_ood,0.05,18.0,-0.0017280963248389,-0.000766442292791,0.0009616540320478,False,,,True,True,True,,,,,
functional_cell,,,5.0,E_mmluPro,E_ood,0.1,14.0,0.0025051507216902,0.0035072110103663,0.0010020602886761,False,,,True,True,True,,,,,
functional_cell,,,5.0,E_mmluPro,E_ood,0.1,18.0,-0.0041627472865809,-0.0008278462012133,0.0033349010853676,False,,,True,True,True,,,,,
functional_cell,,,5.0,legacy_S_math,S_math,0.01,14.0,-0.0088541117339457,-0.0068553882846408,0.0019987234493048,False,,,True,True,True,,,,,
functional_cell,,,5.0,legacy_S_math,S_math,0.01,18.0,-0.0094329760626249,-0.0079681681572556,0.0014648079053692,False,,,True,True,True,,,,,
functional_cell,,,5.0,legacy_S_math,S_math,0.025,14.0,-0.0121598996639341,-0.008420714293615,0.003739185370319,False,,,True,True,True,,,,,
functional_cell,,,5.0,legacy_S_math,S_math,0.025,18.0,-0.0133527455282349,-0.0125863342013919,0.000766411326843,False,,,True,True,True,,,,,
functional_cell,,,5.0,legacy_S_math,S_math,0.05,14.0,-0.0143051823017542,-0.0097917764155485,0.0045134058862056,False,,,True,True,True,,,,,
functional_cell,,,5.0,legacy_S_math,S_math,0.05,18.0,-0.0184108286402617,-0.0174880243465441,0.0009228042937176,False,,,True,True,True,,,,,
functional_cell,,,5.0,legacy_S_math,S_math,0.1,14.0,-0.0112081984189726,-0.0156914777865616,-0.004483279367589,False,,,True,True,True,,,,,
functional_cell,,,5.0,legacy_S_math,S_math,0.1,18.0,-0.0209038792359071,-0.0243873821497822,-0.003483502913875,False,,,True,True,True,,,,,
functional_cell,,,20.0,E_general,E_general,0.01,14.0,0.002461028841882,0.0026235067567012,0.0001624779148191,False,,,True,True,True,,,,,
functional_cell,,,20.0,E_general,E_general,0.01,18.0,0.002421338280154,0.0015162472185893,-0.0009050910615647,False,,,True,True,True,,,,,
functional_cell,,,20.0,E_general,E_general,0.025,14.0,0.0033672267699273,0.0037707212514832,0.0004034944815558,False,,,True,True,True,,,,,
functional_cell,,,20.0,E_general,E_general,0.025,18.0,0.0038235133937268,0.0027817206374247,-0.0010417927563021,False,,,True,True,True,,,,,
functional_cell,,,20.0,E_general,E_general,0.05,14.0,0.003379530991535,0.004731343388149,0.001351812396614,False,,,True,True,True,,,,,
functional_cell,,,20.0,E_general,E_general,0.05,18.0,0.0040073990659362,0.0042214698034219,0.0002140707374856,False,,,True,True,True,,,,,
functional_cell,,,20.0,E_general,E_general,0.1,14.0,0.0070344978504305,0.0058482969906027,-0.0011862008598277,False,,,True,True,True,,,,,
functional_cell,,,20.0,E_general,E_general,0.1,18.0,0.0038787152132604,0.0054302012985646,0.0015514860853041,False,,,True,True,True,,,,,
functional_cell,,,20.0,E_ifeval,E_if,0.01,14.0,0.0051157018757544,0.0062631269597587,0.0011474250840042,False,,,True,True,True,,,,,
functional_cell,,,20.0,E_ifeval,E_if,0.01,18.0,-0.0020561337504416,-0.0009738253458563,0.0010823084045852,False,,,True,True,True,,,,,
functional_cell,,,20.0,E_ifeval,E_if,0.025,14.0,0.0068147217069575,0.008893361198802,0.0020786394918445,False,,,True,True,True,,,,,
functional_cell,,,20.0,E_ifeval,E_if,0.025,18.0,-0.0041526376579368,-0.0013305336038061,0.0028221040541307,False,,,True,True,True,,,,,
functional_cell,,,20.0,E_ifeval,E_if,0.05,14.0,0.0103927505874993,0.0125090344959684,0.0021162839084691,False,,,True,True,True,,,,,
functional_cell,,,20.0,E_ifeval,E_if,0.05,18.0,-0.0091873857884154,-0.0031480543894958,0.0060393313989195,False,,,True,True,True,,,,,
functional_cell,,,20.0,E_ifeval,E_if,0.1,14.0,0.0132706194398765,0.0185788672158272,0.0053082477759506,False,,,True,True,True,,,,,
functional_cell,,,20.0,E_ifeval,E_if,0.1,18.0,-0.0165993350040642,-0.0050572508238717,0.0115420841801924,False,,,True,True,True,,,,,
functional_cell,,,20.0,E_mathHeld,E_math,0.01,14.0,0.0099224098758164,0.0103244254729878,0.0004020155971714,False,,,True,True,True,,,,,
functional_cell,,,20.0,E_mathHeld,E_math,0.01,18.0,-0.000804103627293,-0.0011257450782102,-0.0003216414509172,False,,,True,True,True,,,,,
functional_cell,,,20.0,E_mathHeld,E_math,0.025,14.0,0.0133412242060292,0.0144597651704922,0.0011185409644629,False,,,True,True,True,,,,,
functional_cell,,,20.0,E_mathHeld,E_math,0.025,18.0,-0.0006706520992235,-0.0009389129389129,-0.0002682608396894,False,,,True,True,True,,,,,
functional_cell,,,20.0,E_mathHeld,E_math,0.05,14.0,0.0182361155126996,0.019266114191196,0.0010299986784963,False,,,True,True,True,,,,,
functional_cell,,,20.0,E_mathHeld,E_math,0.05,18.0,-0.0006043813484063,-0.0008461338877688,-0.0002417525393625,False,,,True,True,True,,,,,
functional_cell,,,20.0,E_mathHeld,E_math,0.1,14.0,0.0253887052766341,0.0302810294925509,0.0048923242159168,False,,,True,True,True,,,,,
functional_cell,,,20.0,E_mathHeld,E_math,0.1,18.0,-0.0008958755916159,-0.0012542258282623,-0.0003583502366463,False,,,True,True,True,,,,,
functional_cell,,,20.0,E_AIME24,E_math_hard_v2,0.01,14.0,0.0104452029978475,0.0109397152404075,0.00049451224256,False,,,True,True,True,,,,,
functional_cell,,,20.0,E_AIME24,E_math_hard_v2,0.01,18.0,-0.0021115016041338,-0.0016436655487353,0.0004678360553985,False,,,True,True,True,,,,,
functional_cell,,,20.0,E_AIME24,E_math_hard_v2,0.025,14.0,0.0143945709289122,0.0153324225292809,0.0009378516003686,False,,,True,True,True,,,,,
functional_cell,,,20.0,E_AIME24,E_math_hard_v2,0.025,18.0,-0.0034927040209522,-0.0023973844135276,0.0010953196074245,False,,,True,True,True,,,,,
functional_cell,,,20.0,E_AIME24,E_math_hard_v2,0.05,14.0,0.018549303496371,0.0203524192783137,0.0018031157819427,False,,,True,True,True,,,,,
functional_cell,,,20.0,E_AIME24,E_math_hard_v2,0.05,18.0,-0.0046453964295218,-0.0027270011067593,0.0019183953227624,False,,,True,True,True,,,,,
functional_cell,,,20.0,E_AIME24,E_math_hard_v2,0.1,14.0,0.0264452630053404,0.0271453194269888,0.0007000564216483,False,,,True,True,True,,,,,
functional_cell,,,20.0,E_AIME24,E_math_hard_v2,0.1,18.0,-0.0022143983583759,-0.0031001577017263,-0.0008857593433503,False,,,True,True,True,,,,,
functional_cell,,,20.0,E_mmluPro,E_ood,0.01,14.0,0.0042117660040032,0.0052331224885232,0.00102135648452,False,,,True,True,True,,,,,
functional_cell,,,20.0,E_mmluPro,E_ood,0.01,18.0,-0.000984917569265,-0.0002982817801514,0.0006866357891136,False,,,True,True,True,,,,,
functional_cell,,,20.0,E_mmluPro,E_ood,0.025,14.0,0.0070406999026169,0.0080389399136012,0.0009982400109843,False,,,True,True,True,,,,,
functional_cell,,,20.0,E_mmluPro,E_ood,0.025,18.0,-0.0019362323518977,-0.0005872415799677,0.00134899077193,False,,,True,True,True,,,,,
functional_cell,,,20.0,E_mmluPro,E_ood,0.05,14.0,0.0089229571269827,0.0108661237176132,0.0019431665906304,False,,,True,True,True,,,,,
functional_cell,,,20.0,E_mmluPro,E_ood,0.05,18.0,-0.0042256169743251,-0.0008859407090537,0.0033396762652713,False,,,True,True,True,,,,,
functional_cell,,,20.0,E_mmluPro,E_ood,0.1,14.0,0.0105699132623073,0.0147978785672302,0.0042279653049229,False,,,True,True,True,,,,,
functional_cell,,,20.0,E_mmluPro,E_ood,0.1,18.0,-0.0043873622012007,-0.0011423070816809,0.0032450551195197,False,,,True,True,True,,,,,
functional_cell,,,20.0,legacy_S_math,S_math,0.01,14.0,-0.0041892679253938,0.0066883327229286,0.0108776006483225,True,,,True,True,True,,,,,
functional_cell,,,20.0,legacy_S_math,S_math,0.01,18.0,0.0006908889765288,0.0044334937001627,0.0037426047236339,False,,,True,True,True,,,,,
functional_cell,,,20.0,legacy_S_math,S_math,0.025,14.0,-0.0050760646675562,0.0107781841493559,0.0158542488169121,True,,,True,True,True,,,,,
functional_cell,,,20.0,legacy_S_math,S_math,0.025,18.0,0.000468454210169,0.0067633454323737,0.0062948912222046,False,,,True,True,True,,,,,
functional_cell,,,20.0,legacy_S_math,S_math,0.05,14.0,-0.0021386261653142,0.0143999579054517,0.0165385840707659,True,,,True,True,True,,,,,
functional_cell,,,20.0,legacy_S_math,S_math,0.05,18.0,-0.001313016209664,0.0098462122744874,0.0111592284841514,True,,,True,True,True,,,,,
functional_cell,,,20.0,legacy_S_math,S_math,0.1,14.0,0.0119214095369526,0.0166899733517337,0.004768563814781,False,,,True,True,True,,,,,
functional_cell,,,20.0,legacy_S_math,S_math,0.1,18.0,-0.0035220428902619,0.0150816477710191,0.018603690661281,True,,,True,True,True,,,,,
functional_cell,,,40.0,E_general,E_general,0.01,14.0,0.0043804760078723,0.0042001988785537,-0.0001802771293185,False,,,True,True,True,,,,,
functional_cell,,,40.0,E_general,E_general,0.01,18.0,0.0038597367138692,0.0024805544763399,-0.0013791822375292,False,,,True,True,True,,,,,
functional_cell,,,40.0,E_general,E_general,0.025,14.0,0.00572642092119,0.0065037924934503,0.0007773715722603,False,,,True,True,True,,,,,
functional_cell,,,40.0,E_general,E_general,0.025,18.0,0.0055296240537476,0.0040435149980735,-0.0014861090556741,False,,,True,True,True,,,,,
functional_cell,,,40.0,E_general,E_general,0.05,14.0,0.0067772811112367,0.0082061422736802,0.0014288611624434,False,,,True,True,True,,,,,
functional_cell,,,40.0,E_general,E_general,0.05,18.0,0.0062912918495509,0.0060300308115935,-0.0002612610379574,False,,,True,True,True,,,,,
functional_cell,,,40.0,E_general,E_general,0.1,14.0,0.0103447381678023,0.0104826334349233,0.0001378952671209,False,,,True,True,True,,,,,
functional_cell,,,40.0,E_general,E_general,0.1,18.0,0.0065388135473352,0.0091543389662693,0.002615525418934,False,,,True,True,True,,,,,
functional_cell,,,40.0,E_ifeval,E_if,0.01,14.0,0.0087231894063175,0.0100972935187892,0.0013741041124716,False,,,True,True,True,,,,,
functional_cell,,,40.0,E_ifeval,E_if,0.01,18.0,0.0031131108797169,0.0028931537664022,-0.0002199571133146,False,,,True,True,True,,,,,
functional_cell,,,40.0,E_ifeval,E_if,0.025,14.0,0.0127753922578491,0.0144633912046437,0.0016879989467945,False,,,True,True,True,,,,,
functional_cell,,,40.0,E_ifeval,E_if,0.025,18.0,0.0024329346277835,0.0043584894312779,0.0019255548034943,False,,,True,True,True,,,,,
functional_cell,,,40.0,E_ifeval,E_if,0.05,14.0,0.0185686039554988,0.0204329314031556,0.0018643274476568,False,,,True,True,True,,,,,
functional_cell,,,40.0,E_ifeval,E_if,0.05,18.0,0.0040084486621806,0.0056118281270529,0.0016033794648722,False,,,True,True,True,,,,,
functional_cell,,,40.0,E_ifeval,E_if,0.1,14.0,0.0276865198579578,0.0294537684937817,0.0017672486358238,False,,,True,True,True,,,,,
functional_cell,,,40.0,E_ifeval,E_if,0.1,18.0,0.0060426745041601,0.0084597443058242,0.002417069801664,False,,,True,True,True,,,,,
functional_cell,,,40.0,E_mathHeld,E_math,0.01,14.0,0.0138377367613222,0.0145339178875251,0.0006961811262028,False,,,True,True,True,,,,,
functional_cell,,,40.0,E_mathHeld,E_math,0.01,18.0,0.000465796032244,0.0001747874761679,-0.0002910085560761,False,,,True,True,True,,,,,
functional_cell,,,40.0,E_mathHeld,E_math,0.025,14.0,0.0194952136897339,0.020780478652807,0.001285264963073,False,,,True,True,True,,,,,
functional_cell,,,40.0,E_mathHeld,E_math,0.025,18.0,0.0014497165164048,0.0010862068965517,-0.0003635096198531,False,,,True,True,True,,,,,
functional_cell,,,40.0,E_mathHeld,E_math,0.05,14.0,0.0260511610600911,0.0278262255765917,0.0017750645165006,False,,,True,True,True,,,,,
functional_cell,,,40.0,E_mathHeld,E_math,0.05,18.0,0.0011680817533487,0.0016353144546882,0.0004672327013395,False,,,True,True,True,,,,,
functional_cell,,,40.0,E_mathHeld,E_math,0.1,14.0,0.036053781244866,0.0399489779533388,0.0038951967084727,False,,,True,True,True,,,,,
functional_cell,,,40.0,E_mathHeld,E_math,0.1,18.0,0.0017388548133843,0.0024343967387381,0.0006955419253537,False,,,True,True,True,,,,,
functional_cell,,,40.0,E_AIME24,E_math_hard_v2,0.01,14.0,0.0154819657016897,0.0164849690172958,0.001003003315606,False,,,True,True,True,,,,,
functional_cell,,,40.0,E_AIME24,E_math_hard_v2,0.01,18.0,-0.0006667687356971,-0.0005731158696156,9.365286608151428e-05,False,,,True,True,True,,,,,
functional_cell,,,40.0,E_AIME24,E_math_hard_v2,0.025,14.0,0.0212875776592474,0.0229791476311926,0.0016915699719452,False,,,True,True,True,,,,,
functional_cell,,,40.0,E_AIME24,E_math_hard_v2,0.025,18.0,-0.0014609224431135,-0.0013310057060732,0.0001299167370402,False,,,True,True,True,,,,,
functional_cell,,,40.0,E_AIME24,E_math_hard_v2,0.05,14.0,0.026654749731827,0.0299906422985505,0.0033358925667235,False,,,True,True,True,,,,,
functional_cell,,,40.0,E_AIME24,E_math_hard_v2,0.05,18.0,-0.0031887647869997,-0.0006877168072283,0.0025010479797713,False,,,True,True,True,,,,,
functional_cell,,,40.0,E_AIME24,E_math_hard_v2,0.1,14.0,0.0353706190622727,0.039640817906694,0.0042701988444213,False,,,True,True,True,,,,,
functional_cell,,,40.0,E_AIME24,E_math_hard_v2,0.1,18.0,-0.0006319186817749,-0.0008846861544849,-0.0002527674727099,False,,,True,True,True,,,,,
functional_cell,,,40.0,E_mmluPro,E_ood,0.01,14.0,0.0069107598632534,0.0084056532854129,0.0014948934221595,False,,,True,True,True,,,,,
functional_cell,,,40.0,E_mmluPro,E_ood,0.01,18.0,0.0020970255815799,0.0015636878078878,-0.000533337773692,False,,,True,True,True,,,,,
functional_cell,,,40.0,E_mmluPro,E_ood,0.025,14.0,0.0113808208554074,0.0134206648030635,0.0020398439476561,False,,,True,True,True,,,,,
functional_cell,,,40.0,E_mmluPro,E_ood,0.025,18.0,0.0022785213707793,0.0025629706714422,0.0002844493006628,False,,,True,True,True,,,,,
functional_cell,,,40.0,E_mmluPro,E_ood,0.05,14.0,0.0173371682916144,0.0188222008901327,0.0014850325985183,False,,,True,True,True,,,,,
functional_cell,,,40.0,E_mmluPro,E_ood,0.05,18.0,0.0024996245371095,0.0034994743519534,0.0009998498148438,False,,,True,True,True,,,,,
functional_cell,,,40.0,E_mmluPro,E_ood,0.1,14.0,0.0184265439608395,0.0257971615451753,0.0073706175843358,False,,,True,True,True,,,,,
functional_cell,,,40.0,E_mmluPro,E_ood,0.1,18.0,0.0004836350869598,0.0056770891217437,0.0051934540347839,False,,,True,True,True,,,,,
functional_cell,,,40.0,legacy_S_math,S_math,0.01,14.0,0.0245016986497117,0.0371308818457,0.0126291831959882,False,,,True,True,True,,,,,
functional_cell,,,40.0,legacy_S_math,S_math,0.01,18.0,0.0099386034565299,0.0129895456095579,0.003050942153028,False,,,True,True,True,,,,,
functional_cell,,,40.0,legacy_S_math,S_math,0.025,14.0,0.0328660169977031,0.0502677429457206,0.0174017259480174,False,,,True,True,True,,,,,
functional_cell,,,40.0,legacy_S_math,S_math,0.025,18.0,0.012914572710266,0.020022149367188,0.0071075766569219,False,,,True,True,True,,,,,
functional_cell,,,40.0,legacy_S_math,S_math,0.05,14.0,0.0432201883154276,0.0645898962946599,0.0213697079792322,False,,,True,True,True,,,,,
functional_cell,,,40.0,legacy_S_math,S_math,0.05,18.0,0.0148938330644272,0.0276459647265876,0.0127521316621603,False,,,True,True,True,,,,,
functional_cell,,,40.0,legacy_S_math,S_math,0.1,14.0,0.0733224545447404,0.0844328128808552,0.0111103583361148,False,,,True,True,True,,,,,
functional_cell,,,40.0,legacy_S_math,S_math,0.1,18.0,0.0172260133874679,0.0390007214316358,0.0217747080441679,False,,,True,True,True,,,,,
functional_cell,,,80.0,E_general,E_general,0.01,14.0,0.0054115514167154,0.0053551041623338,-5.644725438163495e-05,False,,,True,True,True,,,,,
functional_cell,,,80.0,E_general,E_general,0.01,18.0,0.0056435085695245,0.0031042087006311,-0.0025392998688934,False,,,True,True,True,,,,,
functional_cell,,,80.0,E_general,E_general,0.025,14.0,0.008343548989955,0.0080847744237051,-0.0002587745662498,False,,,True,True,True,,,,,
functional_cell,,,80.0,E_general,E_general,0.025,18.0,0.0085352131541996,0.0051167613432233,-0.0034184518109763,False,,,True,True,True,,,,,
functional_cell,,,80.0,E_general,E_general,0.05,14.0,0.0113706750074293,0.0115530406444967,0.0001823656370673,False,,,True,True,True,,,,,
functional_cell,,,80.0,E_general,E_general,0.05,18.0,0.0107032733191462,0.0076591155868244,-0.0030441577323218,False,,,True,True,True,,,,,
functional_cell,,,80.0,E_general,E_general,0.1,14.0,0.0143904975082372,0.0161466965115321,0.0017561990032948,False,,,True,True,True,,,,,
functional_cell,,,80.0,E_general,E_general,0.1,18.0,0.0124954860909959,0.0114330744667883,-0.0010624116242076,False,,,True,True,True,,,,,
functional_cell,,,80.0,E_ifeval,E_if,0.01,14.0,0.0129996711113833,0.0133342756209053,0.0003346045095219,False,,,True,True,True,,,,,
functional_cell,,,80.0,E_ifeval,E_if,0.01,18.0,0.0071362836384074,0.0058882329912062,-0.0012480506472011,False,,,True,True,True,,,,,
functional_cell,,,80.0,E_ifeval,E_if,0.025,14.0,0.0188550892669206,0.0199693896572941,0.0011143003903735,False,,,True,True,True,,,,,
functional_cell,,,80.0,E_ifeval,E_if,0.025,18.0,0.0096367870624059,0.0090083427700628,-0.000628444292343,False,,,True,True,True,,,,,
functional_cell,,,80.0,E_ifeval,E_if,0.05,14.0,0.026060161913049,0.0279581495807629,0.0018979876677139,False,,,True,True,True,,,,,
functional_cell,,,80.0,E_ifeval,E_if,0.05,18.0,0.0108368239902769,0.0123144107292448,0.0014775867389679,False,,,True,True,True,,,,,
functional_cell,,,80.0,E_ifeval,E_if,0.1,14.0,0.034034533610602,0.0383409877474836,0.0043064541368815,False,,,True,True,True,,,,,
functional_cell,,,80.0,E_ifeval,E_if,0.1,18.0,0.0231423787699366,0.0198993302779113,-0.0032430484920253,False,,,True,True,True,,,,,
functional_cell,,,80.0,E_mathHeld,E_math,0.01,14.0,0.0156511524171613,0.0165611908542932,0.0009100384371318,False,,,True,True,True,,,,,
functional_cell,,,80.0,E_mathHeld,E_math,0.01,18.0,0.0035406718205882,0.0014412069701173,-0.0020994648504709,False,,,True,True,True,,,,,
functional_cell,,,80.0,E_mathHeld,E_math,0.025,14.0,0.022766849290864,0.0243992300328506,0.0016323807419866,False,,,True,True,True,,,,,
functional_cell,,,80.0,E_mathHeld,E_math,0.025,18.0,0.0051588800941668,0.0028049418652866,-0.0023539382288801,False,,,True,True,True,,,,,
functional_cell,,,80.0,E_mathHeld,E_math,0.05,14.0,0.0309783896262756,0.0327825979964345,0.0018042083701589,False,,,True,True,True,,,,,
functional_cell,,,80.0,E_mathHeld,E_math,0.05,18.0,0.0088570102857006,0.0045899672013391,-0.0042670430843615,False,,,True,True,True,,,,,
functional_cell,,,80.0,E_mathHeld,E_math,0.1,14.0,0.0402228728685714,0.0457857062265263,0.0055628333579548,False,,,True,True,True,,,,,
functional_cell,,,80.0,E_mathHeld,E_math,0.1,18.0,0.0114586650910039,0.0069512220364964,-0.0045074430545074,False,,,True,True,True,,,,,
functional_cell,,,80.0,E_AIME24,E_math_hard_v2,0.01,14.0,0.018632297222522,0.0193892191379701,0.0007569219154481,False,,,True,True,True,,,,,
functional_cell,,,80.0,E_AIME24,E_math_hard_v2,0.01,18.0,0.0015032268282985,0.0004317205022054,-0.001071506326093,False,,,True,True,True,,,,,
functional_cell,,,80.0,E_AIME24,E_math_hard_v2,0.025,14.0,0.0265494535452929,0.0275292814210175,0.0009798278757246,False,,,True,True,True,,,,,
functional_cell,,,80.0,E_AIME24,E_math_hard_v2,0.025,18.0,0.0022235456199195,0.0006205626520819,-0.0016029829678376,False,,,True,True,True,,,,,
functional_cell,,,80.0,E_AIME24,E_math_hard_v2,0.05,14.0,0.0344276428471006,0.0369654887527296,0.002537845905629,False,,,True,True,True,,,,,
functional_cell,,,80.0,E_AIME24,E_math_hard_v2,0.05,18.0,0.0021168313729179,0.0013375476619225,-0.0007792837109954,False,,,True,True,True,,,,,
functional_cell,,,80.0,E_AIME24,E_math_hard_v2,0.1,14.0,0.0444846374497045,0.0524004436490985,0.007915806199394,False,,,True,True,True,,,,,
functional_cell,,,80.0,E_AIME24,E_math_hard_v2,0.1,18.0,0.0056138912249545,0.0014078348117105,-0.0042060564132439,False,,,True,True,True,,,,,
functional_cell,,,80.0,E_mmluPro,E_ood,0.01,14.0,0.0097403671700921,0.0107660180333046,0.0010256508632125,False,,,True,True,True,,,,,
functional_cell,,,80.0,E_mmluPro,E_ood,0.01,18.0,0.004874572965569,0.002913925381131,-0.0019606475844379,False,,,True,True,True,,,,,
functional_cell,,,80.0,E_mmluPro,E_ood,0.025,14.0,0.0150948364596703,0.0168022466989691,0.0017074102392988,False,,,True,True,True,,,,,
functional_cell,,,80.0,E_mmluPro,E_ood,0.025,18.0,0.0064692940277424,0.0044256909355547,-0.0020436030921877,False,,,True,True,True,,,,,
functional_cell,,,80.0,E_mmluPro,E_ood,0.05,14.0,0.0207332450158606,0.0235767083040775,0.0028434632882168,False,,,True,True,True,,,,,
functional_cell,,,80.0,E_mmluPro,E_ood,0.05,18.0,0.0067888213700163,0.006198564794056,-0.0005902565759603,False,,,True,True,True,,,,,
functional_cell,,,80.0,E_mmluPro,E_ood,0.1,14.0,0.0276937643057844,0.0338932212476103,0.0061994569418259,False,,,True,True,True,,,,,
functional_cell,,,80.0,E_mmluPro,E_ood,0.1,18.0,0.0086051940639073,0.0093549639971626,0.0007497699332552,False,,,True,True,True,,,,,
functional_cell,,,80.0,legacy_S_math,S_math,0.01,14.0,0.0212018077774242,0.0314357658072931,0.0102339580298688,False,,,True,True,True,,,,,
functional_cell,,,80.0,legacy_S_math,S_math,0.01,18.0,0.0087836427255039,0.0103708520947663,0.0015872093692624,False,,,True,True,True,,,,,
functional_cell,,,80.0,legacy_S_math,S_math,0.025,14.0,0.0306336918891346,0.0450148282192566,0.0143811363301219,False,,,True,True,True,,,,,
functional_cell,,,80.0,legacy_S_math,S_math,0.025,18.0,0.0103191963544997,0.0154425633481747,0.0051233669936749,False,,,True,True,True,,,,,
functional_cell,,,80.0,legacy_S_math,S_math,0.05,14.0,0.0435483026804865,0.0609676237526812,0.0174193210721946,False,,,True,True,True,,,,,
functional_cell,,,80.0,legacy_S_math,S_math,0.05,18.0,0.0091657605396135,0.0204511123745065,0.011285351834893,False,,,True,True,True,,,,,
functional_cell,,,80.0,legacy_S_math,S_math,0.1,14.0,0.0725808551410863,0.0833945737157394,0.0108137185746531,False,,,True,True,True,,,,,
functional_cell,,,80.0,legacy_S_math,S_math,0.1,18.0,0.0117307635617297,0.0261791665473973,0.0144484029856675,False,,,True,True,True,,,,,
functional_cell,,,160.0,E_general,E_general,0.01,14.0,0.0068889743496544,0.0049138281587802,-0.0019751461908741,False,,,True,True,True,,,,,
functional_cell,,,160.0,E_general,E_general,0.01,18.0,0.0088018145567146,0.0046027601596203,-0.0041990543970943,False,,,True,True,True,,,,,
functional_cell,,,160.0,E_general,E_general,0.025,14.0,0.0105753563127142,0.0076131105133361,-0.0029622457993781,False,,,True,True,True,,,,,
functional_cell,,,160.0,E_general,E_general,0.025,18.0,0.0141199193188152,0.0077929537460993,-0.0063269655727158,False,,,True,True,True,,,,,
functional_cell,,,160.0,E_general,E_general,0.05,14.0,0.0139611352383239,0.0108137806018448,-0.0031473546364791,False,,,True,True,True,,,,,
functional_cell,,,160.0,E_general,E_general,0.05,18.0,0.0186135965614295,0.0114081010660406,-0.0072054954953888,False,,,True,True,True,,,,,
functional_cell,,,160.0,E_general,E_general,0.1,14.0,0.0196122401488309,0.0152904695416965,-0.0043217706071343,False,,,True,True,True,,,,,
functional_cell,,,160.0,E_general,E_general,0.1,18.0,0.029124015924784,0.0174635989846743,-0.0116604169401096,False,,,True,True,True,,,,,
functional_cell,,,160.0,E_ifeval,E_if,0.01,14.0,0.0152746973348855,0.0137692200488324,-0.0015054772860531,False,,,True,True,True,,,,,
functional_cell,,,160.0,E_ifeval,E_if,0.01,18.0,0.0137840678186899,0.0095687572172281,-0.0042153106014617,False,,,True,True,True,,,,,
functional_cell,,,160.0,E_ifeval,E_if,0.025,14.0,0.0221419897885599,0.0209182238366011,-0.0012237659519587,False,,,True,True,True,,,,,
functional_cell,,,160.0,E_ifeval,E_if,0.025,18.0,0.0193773703268019,0.0146312220579873,-0.0047461482688146,False,,,True,True,True,,,,,
functional_cell,,,160.0,E_ifeval,E_if,0.05,14.0,0.03058586533407,0.0292903550806987,-0.0012955102533712,False,,,True,True,True,,,,,
functional_cell,,,160.0,E_ifeval,E_if,0.05,18.0,0.0259150505392598,0.0208524993263923,-0.0050625512128675,False,,,True,True,True,,,,,
functional_cell,,,160.0,E_ifeval,E_if,0.1,14.0,0.0392386566061871,0.0410813053958481,0.001842648789661,False,,,True,True,True,,,,,
functional_cell,,,160.0,E_ifeval,E_if,0.1,18.0,0.0454029194164412,0.0328822690011995,-0.0125206504152416,False,,,True,True,True,,,,,
functional_cell,,,160.0,E_mathHeld,E_math,0.01,14.0,0.0204549845285518,0.0184476422319139,-0.0020073422966379,False,,,True,True,True,,,,,
functional_cell,,,160.0,E_mathHeld,E_math,0.01,18.0,0.0108206643272626,0.0062081550248602,-0.0046125093024024,False,,,True,True,True,,,,,
functional_cell,,,160.0,E_mathHeld,E_math,0.025,14.0,0.0285092434552647,0.0259257613501911,-0.0025834821050735,False,,,True,True,True,,,,,
functional_cell,,,160.0,E_mathHeld,E_math,0.025,18.0,0.0165933269979161,0.0099781869974419,-0.0066151400004741,False,,,True,True,True,,,,,
functional_cell,,,160.0,E_mathHeld,E_math,0.05,14.0,0.0376792309790955,0.0339575807909834,-0.0037216501881121,False,,,True,True,True,,,,,
functional_cell,,,160.0,E_mathHeld,E_math,0.05,18.0,0.023747883514445,0.0133262672541223,-0.0104216162603226,False,,,True,True,True,,,,,
functional_cell,,,160.0,E_mathHeld,E_math,0.1,14.0,0.0463762754724572,0.0491373119772296,0.0027610365047723,False,,,True,True,True,,,,,
functional_cell,,,160.0,E_mathHeld,E_math,0.1,18.0,0.0337937520061564,0.0200385255358916,-0.0137552264702647,False,,,True,True,True,,,,,
functional_cell,,,160.0,E_AIME24,E_math_hard_v2,0.01,14.0,0.0250414536322467,0.0223371820776214,-0.0027042715546253,False,,,True,True,True,,,,,
functional_cell,,,160.0,E_AIME24,E_math_hard_v2,0.01,18.0,0.0107192959683421,0.0060513130922854,-0.0046679828760567,False,,,True,True,True,,,,,
functional_cell,,,160.0,E_AIME24,E_math_hard_v2,0.025,14.0,0.0353675808891633,0.0322381904806009,-0.0031293904085623,False,,,True,True,True,,,,,
functional_cell,,,160.0,E_AIME24,E_math_hard_v2,0.025,18.0,0.0157200306161029,0.008831751069231,-0.0068882795468719,False,,,True,True,True,,,,,
functional_cell,,,160.0,E_AIME24,E_math_hard_v2,0.05,14.0,0.0460699956589014,0.0437409731654413,-0.0023290224934601,False,,,True,True,True,,,,,
functional_cell,,,160.0,E_AIME24,E_math_hard_v2,0.05,18.0,0.0201700828885356,0.0125549269539944,-0.0076151559345411,False,,,True,True,True,,,,,
functional_cell,,,160.0,E_AIME24,E_math_hard_v2,0.1,14.0,0.0540818925790721,0.0609585520497254,0.0068766594706532,False,,,True,True,True,,,,,
functional_cell,,,160.0,E_AIME24,E_math_hard_v2,0.1,18.0,0.0305348315496848,0.0173333193992752,-0.0132015121504095,False,,,True,True,True,,,,,
functional_cell,,,160.0,E_mmluPro,E_ood,0.01,14.0,0.0138012296147508,0.0117052583218,-0.0020959712929508,False,,,True,True,True,,,,,
functional_cell,,,160.0,E_mmluPro,E_ood,0.01,18.0,0.01412544408994,0.0084213145446214,-0.0057041295453186,False,,,True,True,True,,,,,
functional_cell,,,160.0,E_mmluPro,E_ood,0.025,14.0,0.0215406938933602,0.0182889939226144,-0.0032516999707457,False,,,True,True,True,,,,,
functional_cell,,,160.0,E_mmluPro,E_ood,0.025,18.0,0.0222557500334236,0.0134014737894671,-0.0088542762439564,False,,,True,True,True,,,,,
functional_cell,,,160.0,E_mmluPro,E_ood,0.05,14.0,0.0289735059370821,0.0258394204176954,-0.0031340855193867,False,,,True,True,True,,,,,
functional_cell,,,160.0,E_mmluPro,E_ood,0.05,18.0,0.0291529776618553,0.0191128293136593,-0.010040148348196,False,,,True,True,True,,,,,
functional_cell,,,160.0,E_mmluPro,E_ood,0.1,14.0,0.0298909579660693,0.0369692923720092,0.0070783344059399,False,,,True,True,True,,,,,
functional_cell,,,160.0,E_mmluPro,E_ood,0.1,18.0,0.0379693362552811,0.0300801476804704,-0.0078891885748106,False,,,True,True,True,,,,,
functional_cell,,,160.0,legacy_S_math,S_math,0.01,14.0,0.0276123443591831,0.0328362505737876,0.0052239062146045,False,,,True,True,True,,,,,
functional_cell,,,160.0,legacy_S_math,S_math,0.01,18.0,0.0153092582645566,0.0135751334375271,-0.0017341248270294,False,,,True,True,True,,,,,
functional_cell,,,160.0,legacy_S_math,S_math,0.025,14.0,0.0349086104267072,0.0452026127225828,0.0102940022958756,False,,,True,True,True,,,,,
functional_cell,,,160.0,legacy_S_math,S_math,0.025,18.0,0.0212789663256246,0.0208448659549159,-0.0004341003707086,False,,,True,True,True,,,,,
functional_cell,,,160.0,legacy_S_math,S_math,0.05,14.0,0.0447175563837265,0.0564507327833709,0.0117331763996444,False,,,True,True,True,,,,,
functional_cell,,,160.0,legacy_S_math,S_math,0.05,18.0,0.0235914168453969,0.0278822835124824,0.0042908666670855,False,,,True,True,True,,,,,
functional_cell,,,160.0,legacy_S_math,S_math,0.1,14.0,0.0579156410610635,0.0733895897931811,0.0154739487321176,False,,,True,True,True,,,,,
functional_cell,,,160.0,legacy_S_math,S_math,0.1,18.0,0.0271854813727311,0.0375593612263889,0.0103738798536577,False,,,True,True,True,,,,,
functional_cell,,,320.0,E_general,E_general,0.01,14.0,0.0113040850197065,0.0088739152757853,-0.0024301697439211,False,,,True,True,True,,,,,
functional_cell,,,320.0,E_general,E_general,0.01,18.0,0.0135540800658492,0.0070581296746065,-0.0064959503912427,False,,,True,True,True,,,,,
functional_cell,,,320.0,E_general,E_general,0.025,14.0,0.0168373195799057,0.0137270611515874,-0.0031102584283183,False,,,True,True,True,,,,,
functional_cell,,,320.0,E_general,E_general,0.025,18.0,0.0211147808872095,0.0115623064455431,-0.0095524744416663,False,,,True,True,True,,,,,
functional_cell,,,320.0,E_general,E_general,0.05,14.0,0.022302095021581,0.0194072712145516,-0.0028948238070293,False,,,True,True,True,,,,,
functional_cell,,,320.0,E_general,E_general,0.05,18.0,0.0303365433748878,0.0169549365360524,-0.0133816068388354,False,,,True,True,True,,,,,
functional_cell,,,320.0,E_general,E_general,0.1,14.0,0.0277110117395244,0.0266287497686674,-0.0010822619708569,False,,,True,True,True,,,,,
functional_cell,,,320.0,E_general,E_general,0.1,18.0,0.0432423838337697,0.0260405028684432,-0.0172018809653265,False,,,True,True,True,,,,,
functional_cell,,,320.0,E_ifeval,E_if,0.01,14.0,0.0252528899042685,0.0219745700446397,-0.0032783198596288,False,,,True,True,True,,,,,
functional_cell,,,320.0,E_ifeval,E_if,0.01,18.0,0.0223848748098156,0.0137564071513242,-0.0086284676584913,False,,,True,True,True,,,,,
functional_cell,,,320.0,E_ifeval,E_if,0.025,14.0,0.0373490571026501,0.0334220545908217,-0.0039270025118284,False,,,True,True,True,,,,,
functional_cell,,,320.0,E_ifeval,E_if,0.025,18.0,0.0331794323372634,0.0214570124730979,-0.0117224198641654,False,,,True,True,True,,,,,
functional_cell,,,320.0,E_ifeval,E_if,0.05,14.0,0.0483863854723318,0.0456850061767596,-0.0027013792955721,False,,,True,True,True,,,,,
functional_cell,,,320.0,E_ifeval,E_if,0.05,18.0,0.0451324076327067,0.0311853706857893,-0.0139470369469173,False,,,True,True,True,,,,,
functional_cell,,,320.0,E_ifeval,E_if,0.1,14.0,0.0612228917719684,0.0625518753205826,0.0013289835486142,False,,,True,True,True,,,,,
functional_cell,,,320.0,E_ifeval,E_if,0.1,18.0,0.0778214855672968,0.0475864434305792,-0.0302350421367176,False,,,True,True,True,,,,,
functional_cell,,,320.0,E_mathHeld,E_math,0.01,14.0,0.0298495849551013,0.0260007129769928,-0.0038488719781084,False,,,True,True,True,,,,,
functional_cell,,,320.0,E_mathHeld,E_math,0.01,18.0,0.0181649716013046,0.010413371989054,-0.0077515996122505,False,,,True,True,True,,,,,
functional_cell,,,320.0,E_mathHeld,E_math,0.025,14.0,0.0412954523328841,0.036941838394243,-0.0043536139386411,False,,,True,True,True,,,,,
functional_cell,,,320.0,E_mathHeld,E_math,0.025,18.0,0.0261482143130727,0.0154634449319825,-0.0106847693810901,False,,,True,True,True,,,,,
functional_cell,,,320.0,E_mathHeld,E_math,0.05,14.0,0.0533802091762475,0.0472935503594603,-0.0060866588167871,False,,,True,True,True,,,,,
functional_cell,,,320.0,E_mathHeld,E_math,0.05,18.0,0.0355307903415661,0.0220124896134501,-0.013518300728116,False,,,True,True,True,,,,,
functional_cell,,,320.0,E_mathHeld,E_math,0.1,14.0,0.0624079795145018,0.0663185397413552,0.0039105602268533,False,,,True,True,True,,,,,
functional_cell,,,320.0,E_mathHeld,E_math,0.1,18.0,0.0557439258138212,0.0305667486646022,-0.0251771771492189,False,,,True,True,True,,,,,
functional_cell,,,320.0,E_AIME24,E_math_hard_v2,0.01,14.0,0.036220677520171,0.0327983125556455,-0.0034223649645254,False,,,True,True,True,,,,,
functional_cell,,,320.0,E_AIME24,E_math_hard_v2,0.01,18.0,0.0187212954790305,0.0110522892823491,-0.0076690061966814,False,,,True,True,True,,,,,
functional_cell,,,320.0,E_AIME24,E_math_hard_v2,0.025,14.0,0.0501026991157973,0.0460438949061348,-0.0040588042096625,False,,,True,True,True,,,,,
functional_cell,,,320.0,E_AIME24,E_math_hard_v2,0.025,18.0,0.0271186271681554,0.0155344670931684,-0.011584160074987,False,,,True,True,True,,,,,
functional_cell,,,320.0,E_AIME24,E_math_hard_v2,0.05,14.0,0.0639061029887098,0.0613855161011656,-0.0025205868875441,False,,,True,True,True,,,,,
functional_cell,,,320.0,E_AIME24,E_math_hard_v2,0.05,18.0,0.0360604436486665,0.0218457540743015,-0.014214689574365,False,,,True,True,True,,,,,
functional_cell,,,320.0,E_AIME24,E_math_hard_v2,0.1,14.0,0.0764765248758158,0.0824329884846787,0.0059564636088629,False,,,True,True,True,,,,,
functional_cell,,,320.0,E_AIME24,E_math_hard_v2,0.1,18.0,0.0535943776712192,0.0306528521023657,-0.0229415255688534,False,,,True,True,True,,,,,
functional_cell,,,320.0,E_mmluPro,E_ood,0.01,14.0,0.0188353531645563,0.0168775601623252,-0.0019577930022311,False,,,True,True,True,,,,,
functional_cell,,,320.0,E_mmluPro,E_ood,0.01,18.0,0.0212051627649749,0.0117637258475543,-0.0094414369174206,False,,,True,True,True,,,,,
functional_cell,,,320.0,E_mmluPro,E_ood,0.025,14.0,0.0296497070565378,0.0266999768953827,-0.0029497301611551,False,,,True,True,True,,,,,
functional_cell,,,320.0,E_mmluPro,E_ood,0.025,18.0,0.033214207502142,0.0189954608996187,-0.0142187466025233,False,,,True,True,True,,,,,
functional_cell,,,320.0,E_mmluPro,E_ood,0.05,14.0,0.0394942788006751,0.0367446839687608,-0.0027495948319143,False,,,True,True,True,,,,,
functional_cell,,,320.0,E_mmluPro,E_ood,0.05,18.0,0.0458970961456562,0.0273935806569253,-0.0185035154887309,False,,,True,True,True,,,,,
functional_cell,,,320.0,E_mmluPro,E_ood,0.1,14.0,0.0478627679853703,0.0521235724903377,0.0042608045049674,False,,,True,True,True,,,,,
functional_cell,,,320.0,E_mmluPro,E_ood,0.1,18.0,0.0647530780155584,0.0421927707602433,-0.022560307255315,False,,,True,True,True,,,,,
functional_cell,,,320.0,legacy_S_math,S_math,0.01,14.0,0.0497386835992273,0.0592313868548467,0.0094927032556194,False,,,True,True,True,,,,,
functional_cell,,,320.0,legacy_S_math,S_math,0.01,18.0,0.0198376033864487,0.0163713182133825,-0.0034662851730661,False,,,True,True,True,,,,,
functional_cell,,,320.0,legacy_S_math,S_math,0.025,14.0,0.0581032005089295,0.0734197196887579,0.0153165191798283,False,,,True,True,True,,,,,
functional_cell,,,320.0,legacy_S_math,S_math,0.025,18.0,0.0269750289910703,0.0246535917212184,-0.0023214372698518,False,,,True,True,True,,,,,
functional_cell,,,320.0,legacy_S_math,S_math,0.05,14.0,0.0655001950350208,0.085546426895183,0.0200462318601622,False,,,True,True,True,,,,,
functional_cell,,,320.0,legacy_S_math,S_math,0.05,18.0,0.0324290339779086,0.0338725736529384,0.0014435396750298,False,,,True,True,True,,,,,
functional_cell,,,320.0,legacy_S_math,S_math,0.1,14.0,0.0867952985489356,0.1032947944867285,0.0164994959377929,False,,,True,True,True,,,,,
functional_cell,,,320.0,legacy_S_math,S_math,0.1,18.0,0.0397345695039808,0.0451218307014456,0.0053872611974647,False,,,True,True,True,,,,,
dominance_summary,,,,,,,,,,,,,,,,,96.0,95.0,1.0,dominance recomputed from equal5; compare to equal7 via EQUAL5_dominance_cells plus source equal7 audit if needed,
NCD_summary,,,,,,,,,,,,,,,,,32.0,,,NCD paired equal5-equal7 generated,4.831307612039744
